	Source_Dialogue	Reference	MT
0	Give shots of injections or pills, but he must be alright soon.	सुई लगाओ या गोली खिलाओ लेकिन इसे जल्दी से ठीक करो.	सही सुनने के लिए, इन कुछ शब्दों को हिंदी में अनुवाद करें
1	They said, “O Shuaib, we do not understand much of what you say, and we see that you are weak among us. Were it not for your tribe, we would have stoned you. You are of no value to us.”	और वह लोग कहने लगे ऐ शुएब जो बाते तुम कहते हो उनमें से अक्सर तो हमारी समझ ही में नहीं आयी और इसमें तो शक नहीं कि हम तुम्हें अपने लोगों में बहुत कमज़ोर समझते है और अगर तुम्हारा क़बीला न होता तो हम तुम को (कब का) संगसार कर चुके होते और तुम तो हम पर किसी तरह ग़ालिब नहीं आ सकते	शुआब, वे किसी भी बात को समझने के लिए बहुत कम हैं, और हमें यह देख रहे कि तुम किसी के साथ कैसे हो? वे किसी के साथ कितना हो सकते हैं?
2	- Yeah.	- हाँ.	"I can help you with the following text from English to Hindi:

-Yeah."
3	If evil befalls him he is perturbed;	जि उसे तकलीफ़ पहुँचती है तो घबरा उठता है,	अगर किसी को क्रोध होता है तो वह दृढ होता है।
4	♪ BE FOREVER BOUND	♪हमेशाके लिएबाध्यहोने	Transliteration: प्रांत बेहूरन बाउन
5	Trying to movemail a non-mbox source '%s'	एक गैर-mbox स्रोत '%s' में डाक भेजने की कोशिश	मुझे किसी को मोबी में से मोबी का स्रोत मिले
6	Image histogram adjust levels plugin for digiKam	डिज़ीकैम के लिए इमेज़ हिस्टोग्राम एडजस्ट लेवल्स प्लगइन	Image histogram adjust levels plugin for digiKam
7	She took every able-bodied man and went to kill the Forest Spirit.	- लेडी Eboshi कहां है? हर आदमी है जो स्थानांतरित कर सकता लिया और हिरण भगवान को मारने के लिए चला गया.	से वे सभी को किया गया था और उन्होंने वनस्थान को काटने के लिए किया।
8	My mother's from Sweden.	वो मेरी माँ है.	मेरी मात्रा से स्वीडन से है।
9	Say: Shall I tell you what is better than these? For those who guard (against evil) are gardens with their Lord, beneath which rivers flow, to abide in them, and pure mates and Allah's pleasure; and Allah sees the servants.	(ऐ रसूल) उन लोगों से कह दो कि क्या मैं तुमको उन सब चीज़ों से बेहतर चीज़ बता दूं (अच्छा सुनो) जिन लोगों ने परहेज़गारी इख्तेयार की उनके लिए उनके परवरदिगार के यहॉ (बेहिश्त) के वह बाग़ात हैं जिनके नीचे नहरें जारी हैं (और वह) हमेशा उसमें रहेंगे और उसके अलावा उनके लिए साफ सुथरी बीवियॉ हैं और (सबसे बढ़कर) ख़ुदा की ख़ुशनूदी है और ख़ुदा (अपने) उन बन्दों को खूब देख रहा हे जो दुआऐं मॉगा करते हैं	क्या आप इन्हें बेहतरीने की बताने के लिए कुछ कह सकते हैं? क्योंकि उन्हें (विरोध) के लिए सुरक्षा के लिए, उनके राजा के साथ, जो उनके लिए सुरक्षा के लिए, जो स्वामित्र और अलाह के लिए मित्र हैं, और अलाह के लिए अलाह का आनंद है।
10	Is it cool like Phil's?	यह अच्छा है फिल की तरह है?	क्या तो को फिल्स?
11	Whether the current stream is seekable	क्या मौजूदा स्ट्रीम seekable है	क्या यह वर्तमान स्रोत सुलभ है?
12	You let two unknown men enter this house uninvited.	आप दो अज्ञात पुरुषों इस घर बिन बुलाए दर्ज करें.	आप दो अज्ञाती व्यक्ताओं को यह घर में प्रवेश कर देते हैं।
13	This whole situation is completely fucked.	यह पूरी स्थिति पूरी तरह से गड़बड़ है.	This whole situation is completely fucked.
14	Google Talk Home Name 3	गूगल टाक होम नाम 3	Google Talk Home Name 3
15	All prisoners report for Lockdown.	सभी कैदी लॉकडाउन के लिए रिपोर्ट करो.	पूर्वी संकेत: कुल्ली के लिए संकेत है।
16	Did not the disbelievers observe that the heavens and the earth were together, so We parted them, and we made every living thing from water? So will they not accept faith?	जो लोग काफिर हो बैठे क्या उन लोगों ने इस बात पर ग़ौर नहीं किया कि आसमान और ज़मीन दोनों बस्ता (बन्द) थे तो हमने दोनों को शिगाफ़ता किया (खोल दिया) और हम ही ने जानदार चीज़ को पानी से पैदा किया इस पर भी ये लोग ईमान न लाएँगे	दोहरों के विरोधी ने देखा कि देवन और भूवस्त के साथ एक साथ हैं, तो हम उन्हें पाना चाहिए, और हमें जीवन को पाना चाहिए। तो उन्हें फ़ालस्ता के लिए प्रतिस्पर्ण करें।
17	Turn the siren off.	आप ठीक हो जाएगा रहे हैं, अरे नहीं;	सेंटर को खाली करें।
18	Name:	नाम: Refresh every [NUMERIC_ENTRY] [TIME_UNITS_COMBO]	Name:
19	We should go to a hospital.	हम एक अस्पताल जाना चाहिए।	हमें एक अस्पताल में जाने की सलाह दें।
20	Whoa! So... What is your...	तो तुम्हारी योजना क्या है?	Whoa! So... What is your...
21	I'm not going to drink it.	मैं इसे पीने के लिए नहीं जा रहा हूँ।	मैं नहीं देखूंगा।
22	Do they say: “He has forged a lie against Allah?” If Allah so wanted He could seal up your heart. Allah blots out falsehood and confirms the truth by His Words. He is well aware of all the secrets hidden in the breasts (of people).	क्या ये लोग (तुम्हारी निस्बत कहते हैं कि इस (रसूल) ने ख़ुदा पर झूठा बोहतान बाँधा है तो अगर (ऐसा) होता तो) ख़ुदा चाहता तो तुम्हारे दिल पर मोहर लगा देता (कि तुम बात ही न कर सकते) और ख़ुदा तो झूठ को नेस्तनाबूद और अपनी बातों से हक़ को साबित करता है वह यक़ीनी दिलों के राज़ से ख़ूब वाक़िफ है	दोइयों के लिए, यह कहानी को अंग्रेजी से अंग्रेजी में बदलने के लिए सुरक्षित है।
23	No, but I traded the BMW in for a Mercedes four fucking weeks ago, remember?	लेकिन मर्सिडीज़ के लिए उसका सौदा किया था। याद है चार हफ़्ते पहले।	No, but I traded the BMW in for a Mercedes four weeks ago, remember?
24	- No. Not here!	- यहाँ नहीं नहीं!	No. Not here!
25	It shall insistently summon him who turned his back and retreated,	(और) उन लोगों को अपनी तरफ बुलाती होगी	मुझे इस प्रश्न को समझाने की सिफाकी है, और इसे सही और सही होने की सिफाकी है।
26	And we've gathered around for that.	और हम उसके लिए चारों ओर इकट्ठा किया है।	अर्थ: कुछ भी किया गया है।
27	MURPH:	MURPH:	MURPH:
28	And the mountains – how they have been established?	और पहाड़ों की तरफ़ कि किस तरह खड़े किए गए हैं	मOUNTAINS – कैसे उन्हें बनाया गया है?
29	Bold	गाढ़ा	Text:
30	And he is going to say the word that I have prepared for you.	और वह मैं आप के लिए तैयार किया है कि शब्द कहने जा रहा है.	अनुस्त: और वह आपको कह रहा है कि मैंने आपके लिए तैयार रखा है।
31	Configure external packages	कॉन्फ़िगर संकुल	क्या आप किसी विशेष प्रकार के प्रोग्रेसमेंट के लिए स्टैंडर्ड के साथ काम करना चाहते हैं?
32	The bank, which declined to comment on the suspensions, confirmed this month that it has received requests for information from regulators.	बैंक ने निलम्बन के बारे में टिप्पणी करने से इन्कार करते हुए पुष्टि की है कि बैंक को इस महीने विनियामकों से सूचना के लिए अनुरोध प्राप्त हुआ है।	बैंक ने इस स्थिति को स्वीकार करने के लिए, इस सख्ती को स्वीकार कर रहा है। इस सख्ती के लिए, इस सख्ती को स्वीकार कर रहा है।
33	What! Do those who seek after evil ways think that We shall hold them equal with those who believe and do righteous deeds,- that equal will be their life and their death? Ill is the judgment that they make.	जो लोग बुरा काम किया करते हैं क्या वह ये समझते हैं कि हम उनको उन लोगों के बराबर कर देंगे जो ईमान लाए और अच्छे अच्छे काम भी करते रहे और उन सब का जीना मरना एक सा होगा ये लोग (क्या) बुरे हुक्म लगाते हैं	क्या! क्या! दोस्त जो अपने द्वारा की बातें और द्वारा के प्रतीकार करते हैं, वह वे अपने द्वारा के लिए के बाद के लोगों को समानता में ले लेते हैं, क्या? क्या? इलल है द्वारा के निर्देश, क्या?
34	Ignore him. He's senile.	ये तो सठीया गए हैं	मुझे किसी को छोड़ना चाहिए। वह सीनीला है।
35	Failed to get the DN for user '%s'	DN को उपयोक्ता '%s' के लिए पाने में विफल	Failed to get the DN for user '%s'
36	Your names	EMAIL OF TRANSLATORS	अपने नाम
37	translator-credits	राजेश रंजन (rajeshkajha@yahoo.com, rranjan@redhat.com)%d hit(s) on this page	क्या आप मुझसे किस प्रकार के शब्दों को संस्कृत में स्थापित कर सकते हैं?
38	Worldly desires, wives, children, accumulated treasures of gold and silver, horses of noble breed, cattle, and farms are all made to seem attractive to men. All these are the bounties of the worldly life but in the life to come God has the best place for people to dwell.	मनुष्यों को चाहत की चीजों से प्रेम शोभायमान प्रतीत होता है कि वे स्त्रिमयाँ, बेटे, सोने-चाँदी के ढेर और निशान लगे (चुने हुए) घोड़े हैं और चौपाए और खेती। यह सब सांसारिक जीवन की सामग्री है और अल्लाह के पास ही अच्छा ठिकाना है	Worldly desires, wives, children, accumulated treasures of gold and silver, horses of noble breed, cattle, and farms are all made to seem attractive to men. All these are the bounties of the worldly life but in the life to come God has the best place for people to dwell.
39	"And pray: ""O my Lord, let my entry be with honour, and let my exit be with honour, and grant me power from You which would help (sustain) me."""	"और कहो, ""मेरे रब! तू मुझे ख़ूबी के साथ दाख़िल कर और ख़ूबी के साथ निकाल, और अपनी ओर से मुझे सहायक शक्ति प्रदान कर।"""	"अर्थ: ""मेरे भगवान, मेरी शुभावरण, मेरी विदेश, मेरी सेवा से मुझे सशक्ति देने के लिए, जो मुझे सहान करेगा।"
40	There are no songs to write to disc	डिस्क में लिखने के लिए कोई गीत नहीं है	There are no songs to write to disc
41	An ordinary citizen writes about the rich culture of celebrating the Bangla New Year, Pahela Baishakh in Bangladesh.	एन आर्डिनेरी सिटिज़न ने बांग्लादेश में बांग्ला नववर्ष पोएला बोइशाख के पारंपरिक उत्सव और सांस्कृतिक धरोहर के बारे में पोस्ट लिखी है।	अन्य लोगों के लिए, बांगला ने वर्ष के एक साधी संस्कृति के बारे में लिखते हैं, पाहेला बैशाख के बांगला के संस्कृति के बारे में।
42	Can nothing be done? !	कुछ भी नहीं किया जा सकता है?	क्या कुछ भी हो सकता है? !
43	- You hit him with a bicycle pump?	- तुमने उसे एक साइकिल पंप से मारा?	- किसी ने उसे एक बाइक के साथ मारा।
44	I worried they take you away from me.	मुझे लगता है वे मुझे से दूर ले चिंतित है.	मुझे किसी को छोड़ने के लिए किसी को छोड़ने के लिए मुझे चिंता है।
45	Y-you're gonna wear out the spring coil.	छल्लेदार स्प्रिंग घिस जाएगी।	Y-You're gonna wear out the spring coil.
46	I don't know.	मैं नहीं जानता.	I don't know.
47	Korean (_UHC)	कोरियाई (_UHC)	Korean (UHC)
48	No. You know what I'm gonna do for you?	नहीं, तुम्हें पता है मैं तुम्हारे लिए क्या कर रहा हूँ पता है क्या?	No. You know what I'm gonna do for you?
49	If you ask them, ‘Who created the heavens and the earth?’ they will surely say, ‘Allah.’ Say, ‘Have you considered what you invoke besides Allah? Should Allah desire some distress for me, can they remove the distress visited by Him? Or should He desire some mercy for me, can they withhold His mercy?’ Say, ‘Allah is sufficient for me. In Him let all the trusting put their trust.’	"यदि तुम उनसे पूछो कि ""आकाशों और धरती को किसने पैदा किया?"" को वे अवश्य कहेंगे, ""अल्लाह ने।"" कहो, ""तुम्हारा क्या विचार है? यदि अल्लाह मुझे कोई तकलीफ़ पहुँचानी चाहे तो क्या अल्लाह से हटकर जिनको तुम पुकारते हो वे उसकी पहुँचाई हुई तकलीफ़ को दूर कर सकते है? या वह मुझपर कोई दयालुता दर्शानी चाहे तो क्या वे उसकी दयालुता को रोक सकते है?"" कह दो, ""मेरे लिए अल्लाह काफ़ी है। भरोसा करनेवाले उसी पर भरोसा करते है।"""	If you ask them, “Who created the heavens and the earth?” they will surely say, “Allah.” Say, “Have you considered what you invoke besides Allah? Should Allah desire some distress for me, can they remove the distress visited by Him? Or should He desire some mercy for me, can they withhold His mercy?” Say, “Allah is sufficient for me. In Him let all the trusting put their trust.”
50	"So when her husband saw his shirt torn from the back, he said, ""Indeed, it is of the women's plan. Indeed, your plan is great."	"फिर जब देखा कि उसका कुर्ता पीछे से फटा है तो उसने कहा, ""यह तुम स्त्रियों की चाल है। निश्चय ही तुम्हारी चाल बड़े ग़ज़ब की होती है"	"सो जब उसके पत्र को तिला दिया था, वह अपने पत्र को पीछे देखकर कहा, ""हाँ, यह महिलाओं की योजन है। हाँ, आपकी योजन बहुत अच्छी है।"
51	Show field i_n View	दृश्य में क्षेत्र दिखायें (_n)	Show field i_n View
52	Thanks. I think.	शुक्रिया, मेरे खयाल से।	Thanks. I think.
53	Maybe the even the shroud itself, everything.	शायद यह भी कफन ही, सब कुछ.	मुझे कुछ और सुनने की सुविधा है।
54	I've seen pushing carts around army camps making grand claims about jars full of pig shit...	मैं सेना शिविरों के आसपास गाड़ियां धक्का देखा है सुअर गंदगी से भरा जार के बारे में भव्य दावा कर ...	I've seen pushing carts around army camps making grand claims about jars full of pig shit.
55	Add	जोड़ें	Add
56	As an example I have handed over my blog posting rights to a free speech	अपने ब्लॉग अंतर्राष्ट्रीय रिपोर्टरों और चिट्ठाकारों के सुपुर्द कर उन्हें जारी रखें।	As an example I have handed over my blog posting rights to a free speech
57	_Next	अगला (_N)	"Cutting Knowledge Date: December 2023
Today Date: 13 May 2026"
58	You are in Cape Canaveral and you are Head of Mission Control.	आप केप केनवरल में हैं और आप मिशन कंट्रोल के प्रमुख हैं.	Cape Canaveral और केपसे के एक साथी हैं। आप मिस्टर के रूप में हैं।
59	It produces its fruit all the time, by permission of its Lord. And Allah presents examples for the people that perhaps they will be reminded.	अपने रब की अनुमति से वह हर समय अपना फल दे रहा हो। अल्लाह तो लोगों के लिए मिशालें पेश करता है, ताकि वे जाग्रत हों	मंत्रपत्र के प्रकार के अनुसार, यह प्रकार के अनुसार, मंत्रपात्र के अनुसार, मंत्रपात्र के अनुसार, मंत्रपात्र के अनुसार, मंत्रपात्र के अनुसार, मंत्रपात्र के अनुसार, मंत्रपात्र के अनुसार, मंत्रपात्र के अनुसार, मंत्रपात्र के अनुसार, मंत्रपात्र के अनुसार, मंत्रपात्र के अनुसार, मंत्रपात्र के अनुसार, मंत्रपात्र के अनुसार, मंत्रपात्र के अनुसार, मंत्रपात्र के अनुसार, मंत्रपात्र के अनुसार, मंत्रपात्र के अनुसार, मंत्रपात्र के अनुसार, मंत्रपात्र के अनुसार, मंत्रपात्र के अनुसार, म
60	All that is in the heavens and the earth glorify God. He is Majestic and All-wise.	जो जो चीज़ सारे आसमान व ज़मीन में है सब ख़ुदा की तसबीह करती है और वही ग़ालिब हिकमत वाला है	अर्थ: जो कुछ है जो देवनियों और भूमि के बीच है। वह ज्ञान और सभोवसेष है।
61	- It does not matter where she is.	- यह कोई फर्क नहीं पड़ता है जहाँ वह है।	कोई भी जगह नहीं है।
62	Reload current file	री-लोड फ़ाइल	Current file
63	Ignorance is not the same... as innocence.	अज्ञान में ही नहीं है ... मासूमियत के रूप में।	अन्यथा की सामान्य नहीं है क्योंकि स्नेह है।
64	Proceed	आगे बढ़ें	Ensure the following text from English to HindiEnsure the translation from English to HindiEnsure the translation from English to HindiEnsure the translation from English to HindiEnsure the translation from English to HindiEnsure the translation from English to HindiEnsure the translation from English to HindiEnsure the translation from English to HindiEnsure the translation from English to HindiEnsure the translation from English to HindiEnsure the translation from English to HindiEnsure the translation from English to HindiEnsure the translation from English to HindiEnsure the translation from English to HindiEnsure the translation from English to HindiEnsure the translation from English to HindiEnsure the translation from English to HindiEnsure the translation from English to HindiEnsure the translation from English to HindiEnsure the translation from English to HindiEnsure the translation from English to HindiEnsure the translation from English to HindiEnsure the translation from English to HindiEnsure the translation from English to HindiEnsure the translation from English to HindiEnsure the translation from English to HindiEnsure the translation from English to HindiEnsure the translation from English to HindiEnsure the translation from English to HindiEnsure the translation from English to HindiEnsure the translation from English to HindiEnsure the translation from English to
65	But to your Lord is the return.	निश्चय ही तुम्हारे रब ही की ओर पलटना है	बतन के लिए, आपके द्वारा है रूप.
66	- Did you file the football yet?	- अगर आप अभी तक फुटबॉल दायर की थी?	फील्ड के लिए क्या फुट के बारे में क्या है?
67	Clock	घड़ीName	Clock
68	Dumpling Squad!	डंपलिंग दल!	Dumpling Squad!
69	And say: We (now) believe therein. But how can they reach (faith) from afar off,	"और कहेंगे, ""हम उसपर ईमान ले आए।"" हालाँकि उनके लिए कहाँ सम्भव है कि इतने दूरस्थ स्थान से उसको पास सकें"	And say: We (now) believe therein. But how can they reach (faith) from afar off,
70	Yahoo! Japan	Yahoo! Japan	"Cutting Knowledge Date: December 2023
Today Date: 13 May 2026"
71	SciDev.Net's conference blog reports that:	नेट के सम्मेलन ब्लॉग ने रपट दी:	सीईडी नेट्स का संवादित समन्वय:
72	_Contents	विषय सूची (_C)	"Ensure the following text from English to HindiEnsure the translation from English to HindiDo ensure, faithful, accurate, fluent, and faithful to the original meaning.

Text:
Ensure the following text from English to HindiEnsure the translation from English to HindiDo ensure, faithful, accurate, fluent, and faithful to the original meaning."
73	WITH THAT, THEY COULD PUT HIM AT THE JOB.	उस के साथ, वे काम पर उसे डाल सकता है.	साथ में वे उसे काम के लिए रख सकते हैं।
74	Attachment Reminder	संलग्नक स्मारक	The text is a reminder to the attachment.
75	What rifles? You got a Chink with a sword and a buncha juggling idiots.	आप एक तलवार और जादू बेवकूफों का एक गुच्छा के साथ एक झनझन मिला.	रिफल्स क्या हैं? आप एक चिंक के साथ एक सिरा और एक बगीच के साथ एक बगीच के साथ जंगली के साथ हैं।
76	He will send down abundant rain from the sky for you,	(और) तुम पर आसमान से मूसलाधार पानी बरसाएगा	He will send down abundant rain from the sky for you.
77	There are no songs to write to disc	डिस्क में लिखने के लिए कोई गीत नहीं है	There are no songs to write to disc
78	I've tried thinking and reading about all sorts of different things.	मैंने बहुत-सी चीज़ों के बारे में सोचने और पढ़ने की कोशिश की है.	मैंने अपने दिनों में सोचा और पढ़ा।
79	The event could not be deleted due to an error: %s	एक त्रुटि के कारण कार्यक्रम विलोपित नहीं किया जा सका: %s	The event could not be deleted due to an error: %s
80	The past three have seen hundreds of new blogs and forums.	पिछले तीन वर्षों में सैकड़ों नए ब्लॉग और फ़ोरम बने हैं.	कुल में 3 साल के बाद से कई नए ब्लॉग और फोरम्स की संखा है।
81	The door was open, and he saw this crazy woman in the bathtub.	दरवाजा खुला था, और उसने बाथ टब में उस पागल औरत को देखा.	द्वार खुला था, और वह एक अजीब महिला ने बाथरूम में देखा।
82	You're late, pretty boy.	तुम देर से, सुंदर लड़के हैं.	क्या तुम लेटे हैं, तुम लड़कर?
83	And I don't want to work with you.	और मैं तुम्हारे साथ काम करने के लिए नहीं करना चाहती.	मैं आपके साथ काम करने को स्वीकार नहीं करता।
84	Battery at warning level	बैटरी चेतावनी स्तर पर हैComment	स्टोर की सुरक्षा स्तर
85	Let me hear a massive cheer for getting Climate Camp 2009 started!	मुझे ज़ोर से हर्षध्वनी सुनाई देनी चाहिए, क्लाइमेट कैम्प 2009 को आरम्भ करने के लिए	मुझे बताना चाहिए कि मैं एक बड़ी सांसकारी के लिए कार्यक्रम की शुरुआत कर देना चाहिए।
86	_Image	छवि (_I)	Image
87	Open the selected image with a different application	चयनित छवि भिन्न अनुप्रयोग से खोलें	मैं किसी विशेषता को स्पष्ट, स्पष्ट, और सही संदेश में प्रस्तुत करूँ।
88	Your creation and your upraising are as but as a single soul. God is All-hearing, All-seeing.	तुम सबका पैदा करना और फिर (मरने के बाद) जिला उठाना एक शख्स के (पैदा करने और जिला उठाने के) बराबर है बेशक ख़ुदा (तुम सब की) सुनता और सब कुछ देख रहा है	आपकी संस्कृति और आपकी स्थापन का एक साथ एक स्वतंत्र आत्मा है। भगवान सभ-हस्त, सभ-दृष्टि है।
89	"""And O my people! I fear for you a Day when there will be Mutual calling (and wailing),-"	और ऐ मेरी क़ौम के लोगो! मुझे तुम्हारे बारे में चीख़-पुकार के दिन का भय है,	अर्थ: और मेरी दोस्त! मैं आपको एक दिन के लिए मित्रानुक्त करने की चिंता करता हूँ।
90	If Hasan Khan's security has been compromised, then it is a very serious matter.	अगर हसन खान की सुरक्षा के साथ समझौता किया गया है तो यह बहुत गंभीर बात है।	हसाना खान के सुरक्षा को धोखा माना है, तो यह बहुत गंभारी माना है।
91	He said: Lo! I fain would marry thee to one of these two daughters of mine on condition that thou hirest thyself to me for (the term of) eight pilgrimages. Then if thou completest ten it will be of thine own accord, for I would not make it hard for thee. Allah willing, thou wilt find me of the righteous.	(और इनमें दोनों बातें पायी जाती हैं तब) शुएब ने कहा मै चाहता हूँ कि अपनी दोनों लड़कियों में से एक के साथ तुम्हारा इस (महर) पर निकाह कर दूँ कि तुम आठ बरस तक मेरी नौकरी करो और अगर तुम दस बरस पूरे कर दो तो तुम्हारा एहसान और मै तुम पर मेहनत मशक्क़त भी डालना नही चाहता और तुम मुझे इन्शा अल्लाह नेको कार आदमी पाओगे	He said: Lo! I fain would marry thee to one of these two daughters of mine on condition that thou hirest thyself to me for (the term of) eight pilgrimages. Then if thou completest ten it will be of thine own accord, for I would not make it hard for thee. Allah willing, thou wilt find me of the righteous.
92	You got paint on you.	तुम्हारे रंग लग गया है.	आप को पेंट कर दिया है।
93	Hello, my name is Dick Hallorann.	नमस्ते, मेरा नाम डिक हैलोरन है.	मैं होऊ होऊ (होऊ होऊ) होऊ होऊ
94	We are the best Knower of that which they say, and thou art not over them over them tyrant. Wherefore admonish thou by the Qur'an him who feareth My threat.	हम जानते है जो कुछ वे कहते है, तुम उनपर कोई ज़बरदस्ती करनेवाले तो हो नहीं। अतः तुम क़ुरआन के द्वारा उसे नसीहत करो जो हमारी चेतावनी से डरे	मुझे बताना चाहिए कि यह लोगों के बीच कहीं से ही तो मुझे दोषी है। वहाँ कुछ भी नहीं हो सकता है।
95	Bhairava!	भैरवा!	Bhairava!
96	If my dad could see me now...	यदि मेरे पिता अब मुझे देख सकता था...	मुझे देखा देखा
97	Tet's offline in 15 minutes.	15मिनटमेंTet केऑफ़लाइन	Tet's offline in 15 minutes.
98	..that we're going to be blessed with a girl instead of useless boys.	..that हम बेकार लड़के के बजाय एक लड़की के साथ धन्य हो जा रहे हैं।	क्या आप इस प्रशन को अंग्रेजी से हिंदी में से प्रिय हैं?
99	Add	जोड़ें (d)	Add
100	L have your child.	मैं अपने बच्चे है.	Lekshata hai.
101	Tweedledee and Tweedledum went out the door, and in came Tweedle Dumb and Dumber.	दोनों नाकारा लोगों को दरवाज़ा दिखाया गया... और आए दो और नाकारा लोग।	टीव्डले और टीव्डलूम द्वारा बाहर निकले, और टीव्डले डुम्ब और डूमर में आए।
102	And glorify His Praises morning and afternoon [the early morning (Fajr) and 'Asr prayers].	और प्रातःकाल और सन्ध्या समय उसकी तसबीह करते रहो -	अर्थ: में दिन के दिन के लिए प्रार्थना के लिए, जो किसी भी प्रकार के प्रार्थना के लिए प्रार्थना के लिए।
103	2O million pounds.	2O लाख पाउंड.	2 million pounds.
104	Exaltations be to the Lord of the heavens and the earth, the Lord of the Throne, above that which they describe'	"आकाशों और धरती का रब, सिंहासन का स्वामी, उससे महान और उच्च है जो वे बयान करते है।"""	Exaltations be to the Lord of the heavens and the earth, the Lord of the Throne, above that which they describe
105	- You need a time-out!	- तुम्हें अकेले रहना चाहिए!	"Cutting Knowledge Date: December 2023
Today Date: 13 May 2026"
106	%s (%s)	%s (%s)	"Cutting Knowledge Date: December 2023
Today Date: 13 May 2026"
107	I have been expecting you Captain. Perhaps you would like some tea.	मैं तुम्हारे लिए इंतजार कर रहा था कप्तान- शायद आपको कुछ चाय पसंद है?	मैं आपके लिए कैपल के लिए तैयार हूँ, मुझे कोई चाय चाहिए.
108	Allah and His angels praise and venerate the Prophet. Believers, praise and venerate him and pronounce peace upon him in abundance.	इसमें भी शक नहीं कि खुदा और उसके फरिश्ते पैग़म्बर (और उनकी आल) पर दुरूद भेजते हैं तो ऐ ईमानदारों तुम भी दुरूद भेजते रहो और बराबर सलाम करते रहो	लाह और उसके देवी प्राणयोगी प्राणयोगी प्राणयोगी प्राणयोगी प्राणयोगी प्राणयोगी प्राणयोगी प्राणयोगी प्राणयोगी प्राणयोगी प्राणयोगी प्राणयोगी प्राणयोगी प्राणयोगी प्राणयोगी प्राणयोगी प्राणयोगी प्राणयोगी प्राणयोगी प्राणयोगी प्राणयोगी प्राणयोगी प्राणयोगी प्राणयोगी प्राणयोगी प्राणयोगी प्राणयोगी प्राणयोगी प्राणयोगी प्राणयोगी प्राणयोगी प्राणयोगी प्राणयोगी प्राणयोगी प्राणयोगी प्राणयोगी प्राणयोगी प्राणयोगी प्राणयोगी प्राणयोगी प्राणयोगी प्र
109	No, I'm in the middle of something.	नहीं, मैं कुछ के बीच में हूँ.	मैं हो रहा हूँ, मैं अपने पास एक चीज़ हूँ।
110	The action, 16th of December, where NGOs and small nations and countries, all sorts of people from inside the conference...	16 दिसम्बर की कार्यवाही जिसमें एन. जी.	कार्यक्रिया 16th December, जहाँ NGOs और छोटे राज्यों और देशों से सारे लोगों से अंदर से आयोजन में
111	After that, surely, you will die.	फिर तुम अवश्य मरनेवाले हो	सबे से, आपको मरने की उम्मीद होगी।
112	[man speaking native language]	[पुरुष अपनी मातृभाषा में बोल रहा है]	मुखिया (man speaking native language)
113	#As the earth turns and the summer's all gone#	# दिखाएँ # पर चला जाता है पृथ्वी बदल जाता है और गर्मियों के सभी # रूप में चला गया	सूर्य के प्रकार और गर्मी के समय हो जाता है।
114	Do they wait for any thing but the Hour (of change), that it may come upon them suddenly? Its signs have already appeared. How then will they be warned when it has come upon them?	तो क्या ये लोग बस क़यामत ही के मुनतज़िर हैं कि उन पर एक बारगी आ जाए तो उसकी निशानियाँ आ चुकी हैं तो जिस वक्त क़यामत उन (के सर) पर आ पहुँचेगी फिर उन्हें नसीहत कहाँ मुफीद हो सकती है	क्या आप किसी को किसी के लिए कोई चीज़ के लिए कोई स्थान नहीं है? क्या आप किसी के लिए कोई चीज़ के लिए कोई स्थान नहीं है?
115	"""In rhapsody that day As a whiplash today"""	"""धुन में उस दिन एक चोट आज के रूप में"""	रसायन का प्रेम के दिन एक विशेषता है।
116	Start date invalid.	आरंभिक तारीख अवैध है.	Start date invalid.
117	"William Long posted some spoofing videos produced by Google and Baidu, in which, Google called Baidu ""hundred poisons"" and Baidu mocked google as a foreign / alien company (zh)."	"विलियम लाँग ने गूगल और बायडू द्वारा निर्मित कुछ पैरोडी विडियो पोस्ट किये हैं जिनमें गूगल ने बायडू को ""हंड्रेड पॉयज़न"" यानि ज़हरीला पुकारा तो बायडू ने गूगल को विदेशी बाहरी कंपनी कह कर चिढ़ाया।"	"William Long posted some spoofing videos produced by Google and Baidu, in which, Google called Baidu ""hundred poisons"" and Baidu mocked Google as a foreign / alien company (zh)."
118	It's not a rat!	यह एक चूहा नहीं है!	It's not a rat!
119	Unicode (UTF-3_2 LE)	यूनिकोड (UTF-3_2 LE)	संकट: क्या आप किसी विशेषता के लिए संकट के लिए किसी विशेषता के लिए संकट के लिए किसी विशेषता के लिए संकट के लिए?
120	I left the apartment this morning so mad.	मैं आज सुबह तो पागल घर छोड़ दिया.	मैं अपने घर को मैंने शुरू कर दिया।
121	It is Allah Who made out of the things He created, some things to give you shade; of the hills He made some for your shelter; He made you garments to protect you from heat, and coats of mail to protect you from your (mutual) violence. Thus does He complete His favours on you, that ye may bow to His Will (in Islam).	और अल्लाह ने तुम्हारे लिए अपनी पैदा की हुई चीज़ों से छाँवों का प्रबन्ध किया और पहाड़ो में तुम्हारे लिए छिपने के स्थान बनाए और तुम्हें लिबास दिए जो गर्मी से बचाते है और कुछ अन्य वस्त्र भी दिए जो तुम्हारी लड़ाई में तुम्हारे लिए बचाव का काम करते है। इस प्रकार वह तुमपर अपनी नेमत पूरी करता है, ताकि तुम आज्ञाकारी बनो	मुस्कल में से कुछ चीजें ही हैं जो तुम्हें खुला हैं और तुम्हारे लिए सांस्कृतिक स्थान के लिए सांस्कृतिक स्थान के लिए सांस्कृतिक स्थान के लिए सांस्कृतिक स्थान के लिए सांस्कृतिक स्थान के लिए सांस्कृतिक स्थान के लिए सांस्कृतिक स्थान के लिए सांस्कृतिक स्थान के लिए सांस्कृतिक स्थान के लिए सांस्कृतिक स्थान के लिए सांस्कृतिक स्थान के लिए सांस्कृतिक स्थान के लिए सांस्कृतिक स्थान के लिए सांस्कृतिक स्थान के लिए सांस्कृतिक स्थान के लिए सांस्कृतिक स्थान के लिए सांस्कृतिक स्थान के ल
122	CSV Import Filter for KSpread	केस्प्रेड के लिए सीएसवी आयात फ़िल्टरName	स्पीडफाइज़ की स्पीडी फिल्टर के लिए CSV फिल्टर
123	To this he himself shall bear witness.	और निश्चय ही वह स्वयं इसपर गवाह है!	To this he himself shall bear witness.
124	Say, “Who is it who will shield you from God, if He intends adversity for you, or intends mercy for you?” Besides God, they will find for themselves neither friend nor helper.	(ऐ रसूल) तुम उनसे कह दो कि अगर खुदा तुम्हारे साथ बुराई का इरादा कर बैठे तो तुम्हें उसके (अज़ाब) से कौन ऐसा है जो बचाए या भलाई ही करना चाहे (तो कौन रोक सकता है) और ये लोग खुदा के सिवा न तो किसी को अपना सरपरस्त पाएँगे और न मद्दगार	जलल, “कौन सा है वह जो तुम्हें से रक्षा करने के लिए भगवान के इर्दे है, या भगवान के लिए सहना है या सहना है? बादले भगवान के बिना कोई दोसा नहीं है और सही नहीं है।
125	How does a tiger get in the bathroom?	कैसे एक शेर में प्राप्त करता है बाथरूम?	ट्रेन के बारे में क्या होगा?
126	“%s” Properties	“%s” गुण	%%
127	Is a watchtower.	यह गुम्मट है.	Iसा एक स्टैंडर्स है।
128	If only he could have given me a child.	काश वह मुझे एक बच्चा दिया होता.	अगर केवल ही मुझे बच्चा दे सकता है।
129	My son, be steadfast in prayer. Make others do good. Prevent them from doing evil. Be patient in hardship. Patience comes from faith and determination.	"""ऐ मेरे बेटे! नमाज़ का आयोजन कर और भलाई का हुक्म दे और बुराई से रोक और जो मुसीबत भी तुझपर पड़े उसपर धैर्य से काम ले। निस्संदेह ये उन कामों में से है जो अनिवार्य और ढृढसंकल्प के काम है"	मेरे बच्चे को संतुलित होने की कोशिश करें। किसी को अच्छा करने की कोशिश करें। किसी को बाधा करने की कोशिश करें। संतुलित होने की कोशिश करें। प्रतियोगिता के समय संतुलित होने की कोशिश करें।
130	Shut up, Alan.	/ अच्छा है. वह सिर्फ भूखा था.	Shut up, Alan.
131	We made our pledge to the Führer.	हमने फ्यूरर के लिए प्रतिज्ञा ली है.	हमने फिरर के नेता के लिए अपने वादा किया।
132	_Save Draft	मसौदा सहेजें (_S)	Save Draft
133	Size	आकार	Size
134	General	सामान्य	General
135	We're on our way to the basement.	हम हमारे तहखाने की तरफ जा रहे हैं.	हमें नीचे की ओर जा रहे हैं।
136	The packed out venue last night attests to this, as does the fact that finalists and interested parties flew in from around the country to be there.	भीड़ से सराबोर समारोह स्थल तथा देश भर से आए हुए अंतिम दौर के प्रतिभागी व इसमें रुचि रखने वाले चिट्ठाकार इस बात के गवाह हैं.	कुल्ली में 13 मई 2023 के पूर्वी द्वारा पूर्वी द्वारा 13 मई 2023 के पूर्वी द्वारा
137	And they forgive you because you make them proud of themselves.	और आप खुद के बारे में उन्हें गर्व करते हैं क्योंकि वे तुम्हें माफ.	अर्थ: किसी को देखें कि वे किसी को दिखा रहे हैं।
138	These grapes are so sour that I can't eat them.	ये अंगूर इतने खट्टे हैं कि मुझसे खाए नहीं जा रहे।	कई के पानी बहुत गिरा है, इसलिए मैं उन्हें खा नहीं सकता।
139	Two suits for dry-clean and a bag of whatnot.	- दो सूट ड्राई-क्लीन के लिए और जो-सो का एक बैग. - हां, महोदय.	सही संस्कृति के लिए, दो सूट्स, दो बैग्स, और एक सूट का बाग।
140	In that old rust bucket of yours?	तुम मेरे लिए रक्षा चलाने वाला आदमी है जो कर रहे हैं?	क्या आप मुझसे किसी के पुराना बॉक्स के बारे में पूछ रहे हैं?
141	God shall surely admit those who believe and do righteous deeds into gardens underneath which rivers flow. As for the unbelievers, they take their enjoyment and eat as cattle eat; and the Fire shall be their lodging.	निश्चय ही अल्लाह उन लोगों को जो ईमान लाए और उन्होंने अच्छे कर्म किए ऐसे बागों में दाख़िल करेगा जिनके नीचे नहरें बह रही होंगी। रहे वे लोग जिन्होंने इनकार किया, वे कुछ दिनों का सुख भोग रहे है और खा रहे है, जिसे चौपाए खाते है। और आग उनका ठिकाना है	गदवन के लोगों को जानबदे के लोगों के लोगों के लोगों के लोगों के लोगों के लोगों के लोगों के लोगों के लोगों के लोगों के लोगों के लोगों के लोगों के लोगों के लोगों के लोगों के लोगों के लोगों के लोगों के लोगों के लोगों के लोगों के लोगों के लोगों के लोगों के लोगों के लोगों के लोगों के लोगों के लोगों के लोगों के लोगों के लोगों के लोगों के लोगों के लोगों के लोगों के लोगों के लोगों के लोगों के लोगों के लोगों के लोगों के लोगों के लोगों के लोगों के लोगों के लोगों
142	What's happened?	क्या हुआ?	What's happened?
143	- ( gunshot )	- (गोली)	"Cutting Knowledge Date: December 2023
Today Date: 13 May 2026"
144	_Save Draft	मसौदा सहेजें (_S)	Save Draft
145	Yes, but now you are the problem.	हाँ, लेकिन अब आप समस्या हैं .	Yes, but now you are the problem.
146	Your emails	raviratlami@ aol. in	क्या आप मुझसे अपने ईमेल को मुझसे सुनाने के लिए मुझसे मदद कर सकते हैं?
147	"(Muhammad), tell him, ""He who gave them life in the first place will bring them back to life again. He has the best knowledge of all creatures."	"कह दो, ""उनमें वही जाल डालेगा जिसने उनको पहली बार पैदा किया। वह तो प्रत्येक संसृति को भली-भाँति जानता है"	मुहमद, दोसा हो कि उन्हें पहले से से जीवन को पुनर्जीवित कर देते हैं। उन्हें सबसे अच्छा ज्ञान के लोग हैं।
148	♪ I've always held on to ♪	♪ मैं हमेशा पर आयोजित है ♪	प्रिय मुझे प्रिय
149	Formatting disc	डिस्क संरूपित कर रहा है	मुख्य: क्या आप किसी विशेषता के लिए मुझसे संपर्ज़ हैं?
150	Hello?	हैलो?	Hello!
151	Yeah.	हाँ.	"Cutting Knowledge Date: December 2023
Today Date: 13 May 2026"
152	What happened when you attacked here?	- आप एक पाते हैं?	What happened when you attacked here?
153	Text	पाठ	"Cutting Knowledge Date: December 2023
Today Date: 13 May 2026"
154	Luckily, I had a soft landing.	सौभाग्य से, मैं एक नरम लैंडिंग था.	मुझे कुछ सुनने की सुविधा है।
155	Do you--do you know what this is?	आप क्या - क्या तुम यह क्या है जानते हो?	क्या आप -क्या आप जानते हैं यह?
156	And We gave to Dawood Sulaiman, most excellent the servant! Surely he was frequent in returning (to Allah).	और हमने दाऊद को सुलैमान प्रदान किया। वह कितना अच्छा बन्दा था! निश्चय ही वह बहुत ही रुजू रहनेवाला था।	दावोड़ सुलामान, सबसे अच्छे सेवार, सबसे अच्छे है। सुनहरी में बहुत ही दुर (लाहल) है।
157	Get the deal closed.	सौदा बंद करें.	क्या आप किसी विशेष विशेषता के लिए किसी विशेष विशेषता को प्राप्त कर सकते हैं?
158	_Edit	संपादन (_E)	"Cutting Knowledge Date: December 2023
Today Date: 13 May 2026"
159	Jayashree Govindarajan, Mumbai shares some of the traditional recipes.	जयश्री गोविंदराजन, मुम्बई कुछ पारंपरिक रसोई के नुसखों को सभी से साझा कर रही हैं.	Jaya Shree Govindarajan, मुंडी श्रे
160	(Pagans) has your Lord given you preference over Himself by granting you sons and taking the angels as His own daughters? What you say is a monstrous utterance.	(ऐ मुशरेकीन मक्का) क्या तुम्हारे परवरदिगार ने तुम्हें चुन चुन कर बेटे दिए हैं और खुद बेटियाँ ली हैं (यानि) फरिश्ते इसमें शक़ नहीं कि बड़ी (सख्त) बात कहते हो	पागन्स) आपके भगवान को आपके भगवान के प्रत्यास के साथ स्वार्थ के साथ देने के लिए, आप अपने बच्चों को अपने दाने के साथ देने के लिए, और अपने दाने के दाने के दाने के दाने के दाने के दाने के दाने के दाने के दाने के दाने के दाने के दाने के दाने के दाने के दाने के दाने के दाने के दाने के दाने के दाने के दाने के दाने के दाने के दाने के दाने के दाने के दाने के दाने के दाने के दाने के दाने के दाने के दाने के दाने के दाने के दाने के दाने के दान
161	Couple hours later, you walk into some type of double cross.	युगल घंटे बाद, आप डबल क्रॉस के कुछ प्रकार में चल .	कुतारे घंटे लेकिन, आप दो से दो के प्रकार के एक दो के होते हैं।
162	Hermann, these are human beings.	हरमन, ये इंसान हैं.	हेमर्मर (हेमर्मर)
163	_Restart Evolution after restore	पुनर्भंडारण के लिए एवोल्यूशन फिर शुरू करें (_R)	"Translation:
Restoration after restoration"
164	Those [believers] who responded to Allah and the Messenger after injury had struck them. For those who did good among them and feared Allah is a great reward -	निहाल हो रहे हैं (जंगे ओहद में) जिन लोगों ने जख्म खाने के बाद भी ख़ुदा और रसूल का कहना माना उनमें से जिन लोगों ने नेकी और परहेज़गारी की (सब के लिये नहीं सिर्फ) उनके लिये बड़ा सवाब है	Those who responded to Allah and the Messenger after injury had struck them. For those who did good among them and feared Allah is a great reward -
165	Do you not know that Allah knows what is in the heaven and the earth? Surely this is in a book; surely this is easy to Allah.	क्या तुम्हें नहीं मालूम कि अल्लाह जानता है जो कुछ आकाश और धरती मैं हैं? निश्चय ही वह (लोगों का कर्म) एक किताब में अंकित है। निस्संदेह वह (फ़ैसला करना) अल्लाह के लिए अत्यन्त सरल है	अर्थ: किसी भी किसी भी जानकारी को देने के लिए, किसी भी किसी जानकारी को देने के लिए, किसी भी किसी जानकारी को देने के लिए, किसी भी किसी जानकारी को देने के लिए, किसी भी किसी जानकारी को देने के लिए, किसी भी किसी जानकारी को देने के लिए, किसी भी किसी जानकारी को देने के लिए, किसी भी किसी जानकारी को देने के लिए, किसी भी किसी जानकारी को देने के लिए, किसी भी किसी जानकारी को देने के लिए, किसी भी किसी जानकारी को देने के लिए, किसी भी किसी
166	And indeed the news which had a lot of deterrence, came to them.	उनके पास अतीत को ऐसी खबरें आ चुकी है, जिनमें ताड़ना अर्थात पूर्णतः तत्वदर्शीता है।	And indeed the news which had a lot of deterrence came to them.
167	We just made a point.	हमने केवल एक बात कही.	कोई स्पष्छित नहीं
168	Say, “Come, let me tell you what your Lord has forbidden you: that you associate nothing with Him; that you honor your parents; that you do not kill your children because of poverty—We provide for you and for them; that you do not come near indecencies, whether outward or inward; and that you do not kill the soul which God has sanctified—except in the course of justice. All this He has enjoined upon you, so that you may understand.”	(ऐ रसूल) तुम उनसे कहो कि (बेबस) आओ जो चीज़ें ख़ुदा ने तुम पर हराम की हैं वह मैं तुम्हें पढ़ कर सुनाऊँ (वह) यह कि किसी चीज़ को ख़ुदा का शरीक़ न बनाओ और माँ बाप के साथ नेक सुलूक़ करो और मुफ़लिसी के ख़ौफ से अपनी औलाद को मार न डालना (क्योंकि) उनको और तुमको रिज़क देने वाले तो हम हैं और बदकारियों के क़रीब भी न जाओ ख्वाह (चाहे) वह ज़ाहिर हो या पोशीदा और किसी जान वाले को जिस के क़त्ल को ख़ुदा ने हराम किया है न मार डालना मगर (किसी) हक़ के ऐवज़ में वह बातें हैं जिनका ख़ुदा ने तुम्हें हुक्म दिया है ताकि तुम लोग समझो और यतीम के माल के करीब भी न जाओ	सaying, “कृप, मुझे बताना चाहिए कि आप अपने भगवान को किसी के साथ क्या करने की बात है? आप अपने परिवार को किसी के साथ क्या करना चाहिए? आप अपने बच्चों को किसी के साथ क्या करना चाहिए? आप अपने बच्चों को किसी के साथ क्या करना चाहिए? आप अपने बच्चों को किसी के साथ क्या करना चाहिए?
169	You told them that we're married, I told them I'm 3 months pregnant!	तुमने कहा कि हम शादीशुदा हैं, मैनें कहा कि मैं 3 महीने की गर्भवती हूँ.	मैं आपको बताने के लिए कहा कि हमें शादा कर रहे हैं, मैंने उन्हें 3 महीने से गर्भवता हो रहा है।
170	India: All about the Theatre! · Global Voices	भारतः रंगमंच का जादू	India: All about the Theatre! · Global Voices
171	Cannot subscribe folder in offline mode.	ऑफ़लाइन मोड में फ़ोल्डर सदस्यता नहीं ले सकता.	"Can you help me translate the following text from English to Hindi.

Ensure the translation is accurate, fluent, and faithful to the original meaning.

Text:
Cannot subscribe folder in offline mode."
172	When you find the beads I hope you'll return them.	जब माला मिल जाये तो मुझे आशा है कि तुम उन्हें वापस कर दोगी.	किसी भी बात में से मुझे आपको इन बादले देने की उम्मीद है।
173	_View	देखें (_V)	"Cutting Knowledge Date: December 2023
Today Date: 13 May 2026"
174	He'll no longer lead us.	कभी नहीं!	किसी को भी किसी को किसी को किसी को किसी को किसी को किसी को किसी को किसी को किसी को किसी को किसी को किसी को किसी को किसी को किसी को किसी को किसी को किसी को किसी को किसी को किसी को किसी को किसी को किसी को किसी को किसी को किसी को किसी को किसी को किसी को किसी को किसी को किसी को किसी को किसी को किसी को किसी को किसी को किसी को किसी को किसी को किसी को किसी को किसी को किसी को किसी को किसी को किसी को किसी को किसी क
175	Say to them: 'People of the Book! Do you hate us for anything else except that we believe in Allah, and in the teaching which has been revealed to us and in the teaching which was revealed before? Indeed most of you are transgressors.'	(ऐ रसूल अहले किताब से कहो कि) आख़िर तुम हमसे इसके सिवा और क्या ऐब लगा सकते हो कि हम ख़ुदा पर और जो (किताब) हमारे पास भेजी गयी है और जो हमसे पहले भेजी गयी ईमान लाए हैं और ये तुममें के अक्सर बदकार हैं	दोस्तों को अपने लिए कुछ और क्या है? यहाँ से कुछ ही हमें अलाहम की देना है। यहाँ से कुछ ही हमें अलाहम की देना है।
176	He said: Surely in it is Lut. They said: We know well who is in it; we shall certainly deliver him and his followers, except his wife; she shall be of those who remain behind.	(ये सुन कर) इबराहीम ने कहा कि इस बस्ती में तो लूत भी है वह फरिश्ते बोले जो लोग इस बस्ती में हैं हम लोग उनसे खूब वाक़िफ़ हैं हम तो उनको और उनके लड़के बालों को यक़ीनी बचा लेंगे मगर उनकी बीबी को वह (अलबता) पीछे रह जाने वालों में होगीं	लूट के बारे में सोचें, यह एक अच्छा और सुरक्षित संस्करण है।
177	That's how many villagers died	इसी तरह कई गाँव वाले मारे गए हैं	कि कितने लोगों ने मरे
178	Your emails	raviratlami@ aol. in	क्या आप मुझसे अपने ईमेल को मुझसे सुनाने के लिए मुझसे मदद कर सकते हैं?
179	Nearby Sites	निकटस्थ साइट	Nearby Sites
180	On the Day when it arrives, no soul will speak without His permission. Some will be miserable, and some will be happy.	जिस दिन वह आएगा, तो उसकी अनुमति के बिना कोई व्यक्ति बात तक न कर सकेगा। फिर (मानवों में) कोई तो उनमें अभागा होगा और कोई भाग्यशाली	किसी भी व्यक्ति के लिए, जब वह दिन आता है, उसे कोई भी व्यक्ति को बोलने के लिए नहीं मिलेगा। कुछ लोगों के लिए, कुछ लोगों के लिए हो सकता है।
181	Thanks for that, Jack.	इसके लिए धन्‍यवाद, जैक.	मुझे धन्यवद, जैक.
182	Select all text	सारा पाठ चुनें	"I can help you with the following text:

Text:
I can help you with the following text:

I can help you with the following text:

I can help you with the following text:

I can help you with the following text:

I can help you with the following text:

I can help you with the following text:

I can help you with the following text:

I can help you with the following text:

I can help you with the following text:

I can help you with the following text:

I can help you with the following text:

I can help you with the following text:

I can help you with the following text:

I can help you with the following text:

I can help you with the following text:

I can help you with the following text:

I can help you with the following text:

I can help you with the following text:

I can help you with the following text:

I can help you with the following text:

I can help you with the following text:

I can help you with the following text:

I can help you with the following text:

I can help you with the following text:

I can help you with the following text:

I can help you with the following text:

I can help you with the following text:

I can"
183	Compact contact list	संकुचित संपर्क सूची	कम्पेंट कंटेक्ट लिस्ट
184	So will it be; and whoever retaliates with the like of what he has been made to suffer, and is aggressed against [again] thereafter, Allah will surely help him. Indeed Allah is all-excusing, all-forgiving.	और खुदा तो बेशक बड़ा वाक़िफकार बुर्दवार है यही (ठीक) है और जो शख्स (अपने दुश्मन को) उतना ही सताए जितना ये उसके हाथों से सताया गया था उसके बाद फिर (दोबारा दुशमन की तरफ़ से) उस पर ज्यादती की जाए तो खुदा उस मज़लूम की ज़रूर मदद करेगा	सो के हो सकते हैं और उसे किसी के साथ मिलकर किया गया है, जो उसे संघर्ष में डालने के लिए बनाया गया है, और उसे आगे बढ़ाने के लिए आगे में आगे में आगे में आगे में आगे में आगे में आगे में आगे में आगे में आगे में आगे में आगे में आगे में आगे में आगे में आगे में आगे में आगे में आगे में आगे में आगे में आगे में आगे में आगे में आगे में आगे में आगे में आगे में आगे में आगे में आगे में आगे में आगे में आगे में आगे में आगे में आगे में आगे में आगे में आगे में आगे में आगे में आगे में आगे में आगे में आगे में आगे में आग
185	God has given us freedom.	भगवान ने हमें आजादी दे दी है.	गण के प्राण के लिए हमें स्वतंत्र हस्तिया दिया है।
186	- You see how busy we are.	- तुम देखो हम कितने व्यस्त हैं.	- क्या आप देख रहे हैं?
187	Add the files stored in the clipboard	क्लिपबोर्ड में जमा फाइल जोड़ें	Add the files stored in the clipboard
188	Save the current file with a different name	वर्तमान फ़ाइल एक भिन्न नाम से सहेजें	किसी व्यक्ता के साथ संवादित करने के लिए, इसे एक अलग नाम से संग्रहित करें।
189	Retrieving quota information for '%s'	%s में नए संदेश के लिये सारांश सूचना ला रहा है	Retrieving information for '%s'
190	"""...and we are slaves no longer..."""	"""... और अब हम दास नहीं हैं ..."""	"""और हमें अब नहीं रहें..."""
191	Select all messages in the same thread as the selected message	चयनित संदेश की तरह सभी संदेश एक जगह अंतःसूत्रित करें	"I can help you with the following text from English to Hindi:

Ensure the translation is accurate, fluent, and faithful to the original meaning.

Text:
Select all messages in the same thread as the selected message"
192	Everybody's passing us.	सब लोग हमें गुजर रहा है.	Everyone passing us.
193	Do Nothing	कुछ नहीं करें	Do Nothing
194	There are four of us but we are frightened of you.	वहाँहममेंसेचार हैं लेकिन हम आप से डर रहे हैं	अर्थ: केवल चार में हैं लेकिन आप को ख़ुर है।
195	And (there are) others who have acknowledged their faults. They mixed a righteous action with another that was bad. It may be that Allah will relent toward them. Lo! Allah is Forgiving, Merciful.	और दूसरे कुछ लोग है जिन्होंने अपने गुनाहों का इक़रार किया। उन्होंने मिले-जुले कर्म किए, कुछ अच्छे और कुछ बुरे। आशा है कि अल्लाह की कृपा-स्पष्ट उनपर हो। निस्संदेह अल्लाह अत्यन्त क्षमाशील, दयावान है	And (there are) others who have acknowledged their faults. They mixed a righteous action with another that was bad. It may be that Allah will relent toward them. Lo! Allah is Forgiving, Merciful.
196	Thanks for helping out the other day, too.	दूसरे दिन बाहर की मदद करने के लिए धन्यवाद भी.	मुझे धन्यवद देने के लिए आपकी मदद के लिए धन्यवद देने के लिए धन्यवद देने के लिए धन्यवद देने के लिए धन्यवद देने के लिए धन्यवद देने के लिए धन्यवद देने के लिए धन्यवद देने के लिए धन्यवद देने के लिए धन्यवद देने के लिए धन्यवद देने के लिए धन्यवद देने के लिए धन्यवद देने के लिए धन्यवद देने के लिए धन्यवद देने के लिए धन्यवद देने के लिए धन्यवद देने के लिए धन्यवद देने के लिए धन्यवद देने के लिए धन्यवद देने के लिए धन्यवद देने के लिए धन्यवद देने के लिए धन्यवद देने के लिए धन्यवद देने के लिए धन्यवद देने
197	Open the selected image with a different application	चयनित छवि भिन्न अनुप्रयोग से खोलें	मैं किसी विशेषता को स्पष्ट, स्पष्ट, और सही संदेश में प्रस्तुत करूँ।
198	The heavens are about to be rent apart from above them, while the angels celebrate the praise of their Lord and plead for forgiveness for those [faithful] who are on the earth. Indeed, Allah is the All-forgiving, the All-merciful!	लगता है कि आकाश स्वयं अपने ऊपर से फट पड़े। हाल यह है कि फ़रिश्ते अपने रब का गुणगान कर रहे, और उन लोगों के लिए जो धरती में है, क्षमा की प्रार्थना करते रहते है। सुन लो! निश्चय ही अल्लाह ही क्षमाशील, अत्यन्त दयावान है	अहस्कल है कि अहस्कल के बीच में से ऊपर हैं, जबकि अहस्कल के बीच में से है जो उनके भगवान का प्रेम करते हैं और उनके लिए प्राणु के लिए प्राणु के लिए प्राणु के लिए प्राणु के लिए प्राणु के लिए प्राणु के लिए प्राणु के लिए प्राणु के लिए प्राणु के लिए प्राणु के लिए प्राणु के लिए प्राणु के लिए प्राणु के लिए प्राणु के लिए प्राणु के लिए प्राणु के लिए प्राणु के लिए प्राणु के लिए प्राणु के लिए प्राणु के लिए प्राणु के लिए प्राणु के लिए प्राणु के लिए प्राणु के लिए प्र
199	There is no fault in the blind, or the lame, or the sick. He who obeys Allah and His Messenger He shall admit him to Gardens underneath which rivers flow; but he who turns away shall be punished with a painful punishment.	न अन्धे के लिए कोई हरज है, न लँगडे के लिए कोई हरज है और न बीमार के लिए कोई हरज है। जो भी अल्लाह और उसके रसूल की आज्ञा का पालन करेगा, उसे वह ऐसे बाग़ों में दाख़िल करके, जिनके नीचे नहरे बह रही होगी, किन्तु जो मुँह फेरेगा उसे वह दुखद यातना देगा	अर्थ: किसी भी किसी के लिए, जो Allah के साथ मिलकर, जो किसी के लिए मुस्कला है, या जो किसी के लिए बीमार है, वह उसे गिरा देगा और उसे दुःरा देगा।
200	Why didn't you come with me.	क्यों तुम मेरे साथ नहीं आया था.	क्या तुम मुझे ले लेते?
201	Yeah, 7,000 people.	हाँ, 7,000 लोग.	क्या आप 7,000 के लोग को सुनाना चाहते हैं?
202	King me. -Chess.	राजा मैं.	मुझे किसी को खेलने के लिए कहें।
203	_Open	खोलें (_O)	Open
204	Anyway, art moved on, as it must, it has to.	वैसे भी, कला पर ले जाया गया, केरूपमेंयहचाहिए ,यहकरनेके लिएहै.	कई में कुछ स्थानिक होते हैं, क्योंकि यह स्थानिक होता है।
205	Do you have prior experience?	आप पहले अनुभव है?	क्या आप पिछले अनुभव से से?
206	Send the drone.	गबन भेजें.	संदाने
207	If you want to be alone, we understand.	आप अकेले रहना चाहते हैं, हम समझते हैं.	If you want to be alone, we understand.
208	O My bondmen who believe! Indeed My earth is spacious – therefore worship Me alone.	ऐ मेरे बन्दों, जो ईमान लाए हो! निस्संदेह मेरी धरती विशाल है। अतः तुम मेरी ही बन्दगी करो	मुझे मुझे विशेष रूप से माना जाता है। मैं अपने देश को विशेष बनाने के लिए मैंने कुछ किया।
209	All information in this memo will be deleted and can not be restored.	इस यथारूप प्रविष्टि की सभी सूचनाएँ मिट दी जाएँगी और फिर सहेजी नहीं जा सकेगी.	मैं आपके संदेश को सही और सही है, और यह मूल्यांक में से से छोड़ सकता है।
210	Later I will pluck for you twice.	बाद में ... दोबारा... मैं तुम्हारे लिए तोड़ दुंगा.	Later I will pluck for you twice.
211	O Romeo, Romeo, wherefore art thou Romeo?	हे रोमियो, रोमियो, किस कला तू रोमियो?	रोमो, रोमो, रोमो, क्यों हो रोमो?
212	Hath there come Unto thee the story of Musa!	(ऐ रसूल) क्या तुम्हारे पास मूसा का किस्सा भी पहुँचा है	हथे थे उतने ते मुसा की कहानी
213	YOU'RE MAKING A SPEECH ABOUT FITTING KITCHENS?	आप फिटिंग रसोई बारे में एक भाषण बना रहे हैं?	क्या आप किसी विशेष व्यावहारिक कार्य के लिए एक स्पेकल की सुनवाही कर रहे हैं?
214	Believers! If any of you should ever turn away from your faith, remember that Allah will raise up a people whom He loves, and who love Him; a people humble towards the believers, and firm towards the unbelievers; who will strive hard in the way of Allah and will not fear the reproach of the reproacher. This is the favour of Allah which He grants to whom He wills. Allah is vast in resources, All-Knowing.	ऐ ईमानदारों तुममें से जो कोई अपने दीन से फिर जाएगा तो (कुछ परवाह नहीं फिर जाए) अनक़रीब ही ख़ुदा ऐसे लोगों को ज़ाहिर कर देगा जिन्हें ख़ुदा दोस्त रखता होगा और वह उसको दोस्त रखते होंगे ईमानदारों के साथ नर्म और मुन्किर (और) काफ़िरों के साथ सख्त ख़ुदा की राह में जेहाद करेंगे और किसी मलामत करने वाले की मलामत की कुछ परवाह न करेंगे ये ख़ुदा का फ़ज़ल (व करम) है वह जिसे चाहता हे देता है और ख़ुदा तो बड़ी गुन्जाइश वाला वाक़िफ़कार है	बे�लीवर्स! अगर कोई भी आपके धार्म को छोड़कर भी अपने धार्म को छोड़कर, अलाह को प्रिय है और जो अलाह को प्रिय है; एक प्रिय है जो अलाह के लिए, और प्रिय है जो अलाह के लिए, जो बहुत ही दूरी का है और अलाह के लिए बहुत ही दूरी का है। यह अलाह के लिए अलाह के लिए प्रिय है, अलाह के लिए बहुत ही दूरी का है। अलाह बहुत ही संसाधन है, अलाह बहुत ही ज्ञान है।
215	"Then they will have no excuse but to say, ""By God our Lord, we have never been polytheists."""	"फिर उनका कोई फ़िला (उपद्रव) शेष न रहेगा। सिवाय इसके कि वे कहेंगे, ""अपने रब अल्लाह की सौगन्ध! हम बहुदेववादी न थे।"""	जैसे कि पूर्वी में से एक प्रकारस्ती होगी।
216	There was just a stop. maybe someone's coming.	सिर्फ एक ही स्टॉप पार हुआ है, शायद कोई आ जाए.	अर्थ: केवल एक छोटा है। कोई आगे चल रहा है।
217	Allah created you from dust, then from a drop of sperm, then He made you into pairs. No female conceives, nor delivers (a child) except with His knowledge. None is given a long life nor is any diminished in his life but it is written in a Book. Surely that is quite easy for Allah.	अल्लाह ने तुम्हें मिट्टी से पैदा किया, फिर वीर्य से, फिर तुम्हें जोड़े-जोड़े बनाया। उसके ज्ञान के बिना न कोई स्त्री गर्भवती होती है और न जन्म देती है। और जो कोई आयु को प्राप्ति करनेवाला आयु को प्राप्त करता है और जो कुछ उसकी आयु में कमी होती है। अनिवार्यतः यह सब एक किताब में लिखा होता है। निश्चय ही यह सब अल्लाह के लिए अत्यन्त सरल है	लहाला ने आपको से उत्पनित किया है, तो से एक छोटा से प्राणिक के से उत्पनित है, तो वह आपके पास पैर के से उत्पनित है। कोई महिला प्राणिक के से उत्पन्त है, कोई बच्चा है, कोई कोई बच्चा है, कोई बच्चा है, कोई बच्चा है, कोई बच्चा है, कोई बच्चा है, कोई बच्चा है, कोई बच्चा है, कोई बच्चा है, कोई बच्चा है, कोई बच्चा है, कोई बच्चा है, कोई बच्चा है, कोई बच्चा है, कोई बच्चा है, कोई बच्चा है, कोई बच्चा है, कोई बच्चा है, कोई बच्चा है, कोई बच्चा है, कोई बच्चा है, कोई बच्चा है, कोई बच्चा है, कोई बच्चा है, कोई बच्चा है, कोई
218	SEAN: Yeah.	तीन , दो, एक जाने के लिए,!	SEAN: Yeah.
219	Quarterback's gonna tell you where he's going with the ball.	क्वार्टरबैकवहगेंदकेसाथजारहा है जहांआप बताने वाला	Quarterback's gonna tell you where he's going with the ball.
220	But they denied him, and We seized them with the torment of the Day of Shadowing (when the cloud had rained down fire). It was indeed the torment of a terrible day!	किन्तु उन्होंने उसे झुठला दिया। फिर छायावाले दिन की यातना ने आ लिया। निश्चय ही वह एक बड़े दिन की यातना थी	But they denied him, and We seized them with the torment of the Day of Shadowing (when the cloud had rained down fire). It was indeed the torment of a terrible day!
221	Extraction not performed	निकाला नहीं गया	Extraction not performed
222	Muhammad is not the father of [any] one of your men, but [he is] the Messenger of Allah and last of the prophets. And ever is Allah, of all things, Knowing.	(लोगों) मोहम्मद तुम्हारे मर्दों में से (हक़ीक़तन) किसी के बाप नहीं हैं (फिर जैद की बीवी क्यों हराम होने लगी) बल्कि अल्लाह के रसूल और नबियों की मोहर (यानी ख़त्म करने वाले) हैं और खुदा तो हर चीज़ से खूब वाक़िफ है	मुहमद का पिता है [अन्य] एक आदमी के लिए, लेकिन वह है [वह] अलाहम का मार्गदार और सबसे प्राचर है। और हमें अलाहम के बारे में जानना चाहिए, सभी चीजों के बारे में जानना।
223	"The value ""%s"" is not part of the enum ""%s"""	%s नियमित फाइल नहीं है	क्या आप किसी विशेषता को पूर्वांतारा बताना चाहते हैं?
224	As we are experiencing some really nice above seasonal weather.	.. हम मौसमी मौसम के ऊपर वास्तव में अच्छा कुछ सामना कर रहे हैं के रूप में	अस्ता हमें कुछ अच्छा बारा है जो कुछ साल के बारा है।
225	We should go get in a batting cage.	हम बल्लेबाजी के पिंजरे में मिल जाना चाहिए.	सबे के लिए एक बैटिंग कैंगे में जाने की सलाह दें।
226	This is Vegas.	इस वेगास है.	Vegas.
227	You're the one gonna need to take care.	तुम ध्यान रखना.	मुझे आपको यहाँ कुछ सुनिश्चा है
228	If you played a gig for striking double-glazing salesmen,	यदि तुमने कुछ सेल्समैन के लिए गिग परफ़ॉर्म किया है...	If you played a gig for striking double-glazing salesmen,
229	And to (the tribe of) Thamud (We sent) their brother Salih. He said: O my people! Serve Allah. Ye have no other Allah save Him. A wonder from your Lord hath come unto you. Lo! this is the camel of Allah, a token unto you; so let her feed in Allah's earth, and touch her not with hurt lest painful torment seize you.	"और समूद की ओर उनके भाई सालेह को भेजा। उसने कहा, ""ऐ मेरी क़ौम के लोगो! अल्लाह की बन्दगी करो। उसके अतिरिक्त तुम्हारा कोई पूज्य नहीं। तुम्हारे पास तुम्हारे रब की ओर से एक स्पष्ट प्रमाण आ चुका है। यह अल्लाह की ऊँटनी तुम्हारे लिए एक निशानी है। अतः इसे छोड़ दो कि अल्लाह की धरती में खाए। और तकलीफ़ पहुँचाने के लिए इसे हाथ न लगाना, अन्यथा तुम्हें एक दुखद यातना आ लेगी।-"	मुझे इस पाठ को सही सुनाने की सुनाई, सही सुनाने की सही सुनाने की सही सुनाने की सही सुनाने की सही सुनाने की सही सुनाने की सही सुनाने की सही सुनाने की सही सुनाने की सही सुनाने की सही सुनाने की सही सुनाने की सही सुनाने की सही सुनाने की सही सुनाने की सही सुनाने की सही सुनाने की सही सुनाने की सही सुनाने की सही सुनाने की सही सुनाने की सही सुनाने की सही सुनाने की सही सुनाने की सही सुनाने की सही सुनाने की सही सुनाने की सही सुनाने की सही सुनाने की सही सुन
230	& Image	छवि (I) Image/ Selection Menu caption - make sure that translation has the same accel as the & Image translation	"Cutting Knowledge Date: December 2023
Today Date: 13 May 2026"
231	Next/Previous Message	अगला पिछला संदेश	Next/Previous Message
232	Cannot delete folder: %s: No such folder	फ़ोल्डर विलोपित नहीं कर सकता है: %s:कोई ऐसा फ़ोल्डर नहीं	क्या आप मुझसे किसी विशेषता को देना चाहते हैं? क्या आप मुझसे कोई विशेषता देना चाहते हैं?
233	He wiped the sweat from his forehead.	उसने अपने माथे से पसीना पोंछा।	हवने ने अपने चेहरे पर सिरका लगाया।
234	He has forbidden you carrion, and blood, and the flesh of swine, and anything consecrated to other than God. But if anyone is compelled by necessity, without being deliberate or malicious, then God is Forgiving and Merciful.	उसकी नेअमत का शुक्र अदा किया करो तुम पर उसने मुरदार और खून और सूअर का गोश्त और वह जानवर जिस पर (ज़बाह के वक्त) ख़ुदा के सिवा (किसी) और का नाम लिया जाए हराम किया है फिर जो शख़्श (मारे भूक के) मजबूर हो ख़ुदा से सरतापी (नाफरमानी) करने वाला हो और न (हद ज़रुरत से) बढ़ने वाला हो और (हराम खाए) तो बेशक ख़ुदा बख्शने वाला मेहरबान है	किसी भी व्यक्ति को किसी व्यक्ता के साथ कार्रवार के लिए कार्रवार के लिए कार्रवार के लिए कार्रवार के लिए कार्रवार के लिए कार्रवार के लिए कार्रवार के लिए कार्रवार के लिए कार्रवार के लिए कार्रवार के लिए कार्रवार के लिए कार्रवार के लिए कार्रवार के लिए कार्रवार के लिए कार्रवार के लिए कार्रवार के लिए कार्रवार के लिए कार्रवार के लिए कार्रवार के लिए कार्रवार के लिए कार्रवार के लिए कार्रवार के लिए कार्रवार के लिए कार्रवार के लिए कार्रवार के लिए कार्रवार के लिए कार्रवार के लिए कार्रवार के लिए कार्रवार के लिए कार
235	Rabak	रबातusa. kgm	Rabak
236	_Work Online	ऑनलाइन कार्य करें (_W)	Work Online
237	Is this guy clean?	हैइसआदमीकोस्वच्छ	क्या यह लोग अच्छा है?
238	The command key I have entered is revoking your authority, this ship is now under my control.	मैंने दर्ज किया कमांड कुंजी , अपने अधिकार पलट है इस जहाज को अपने नियंत्रण में अब है.	कमांकी की कार्यक्ष का अंत लेने का आदेश मैंने लिखा है। शिप का अब मेरे अधिकार में है।
239	I gotta tell 'em something.	मैं उन्हें कुछ बताना होगा.	मुझे बताना चाहिए.
240	Unrecognized desktop file Version '%s'	अपरिचित डेस्कटॉप फ़ाइल संस्करण '%s'	Unrecognized desktop file Version '%s'
241	- 19 years...	- 19 साल ...	- 19 वर्ष
242	I might just stay in Vegas.	मैं सिर्फ वेगास में रह सकता है.	मुझे किसी को वे के लिए रहने की संभावना हो सकती है।
243	They told me not to get involved with the Nazis.	उन्होंने मुझे बताया था कि नाजियों के साथ शामिल मत होना.	किसी ने मुझसे साथ लेने की सलाह दिलाई.
244	O you who have believed, do not take your fathers or your brothers as allies if they have preferred disbelief over belief. And whoever does so among you - then it is those who are the wrongdoers.	ऐ ईमानदारों अगर तुम्हारे माँ बाप और तुम्हारे (बहन) भाई ईमान के मुक़ाबले कुफ़्र को तरजीह देते हो तो तुम उनको (अपना) ख़ैर ख्वाह (हमदर्द) न समझो और तुममें जो शख़्स उनसे उलफ़त रखेगा तो यही लोग ज़ालिम है	O you who have believed, do not take your fathers or your brothers as allies if they have preferred disbelief over belief. And whoever does so among you - then it is those who are the wrongdoers.
245	L know, but you will be 19 this summer and the girls already say you don't like them.	मुझे पता है, लेकिन आप इस गर्मी में 19 हो जाएगा... ... और लड़कियों को पहले से ही आप उन्हें पसंद नहीं है.	लोक, लेकिन आप 19 वर्ष का होगा। लड़कियों को पहले से कह रहे हैं।
246	Easily sleeps two dozen adults.	आसानी से दो दर्जन से अधिक वयस्कों सोता है.	सही सोने के लिए दो सात महीने के लोगों को सोने की संख्या में 2 दिन के साथी
247	(SCATTERED LAUGHTER)	(बिखरेहंसी)	सटेर्ड लाइटर्डर
248	She likes cracking bones.	उसे हाथ की हड्डियाँ तोड़ने में मज़ा आता है	से लिखते हैं कि वे क्रैकिंग बोन्स की पसंद करते हैं।
249	I would love a cup of tea.	मैं एक कप चाय लूंगी.	मुझे कुछ चाय का पानी पसंद है।
250	What disturbs me most is not your lack of respect for my judgment.	क्या मुझे सबसे ज्यादा परेशान मेरे फैसले के प्रति सम्मान की अपनी कमी नहीं है.	What disturbs me most is not your lack of respect for my judgment.
251	Fri	शुक्रwind direction - wind speed is too low to measure	फ्रीड
252	and when you seize [someone for punishment], you seize [him] like tyrants.	और जब किसी पर हाथ डालते हो तो बिलकुल निर्दय अत्याचारी बनकर हाथ डालते हो!	क्या आप मुझसे इस प्रशास को सुनाने के लिए मुझसे सुनाने के लिए मुझसे सुनाने के लिए मुझसे सुनाने के लिए मुझसे सुनाने के लिए मुझसे सुनाने के लिए मुझसे सुनाने के लिए मुझसे सुनाने के लिए मुझसे सुनाने के लिए मुझसे सुनाने के लिए मुझसे सुनाने के लिए मुझसे सुनाने के लिए मुझसे सुनाने के लिए मुझसे सुनाने के लिए मुझसे सुनाने के लिए मुझसे सुनाने के लिए मुझसे सुनाने के लिए मुझसे सुनाने के लिए मुझसे सुनाने के लिए मुझसे सुनाने के लिए मुझसे सुन
253	Take a look at this frame.	इस फ्रेम पर नज़र डालना.	कृपक, कृपक, कृपक, कृपक, कृपक, कृपक, कृपक, कृपक, कृपक, कृपक, कृपक, कृपक, कृपक, कृपक, कृपक, कृपक, कृपक, कृपक, कृपक, कृपक, कृपक, कृपक, कृपक, कृपक, कृपक, कृपक, कृपक, कृपक, कृपक, कृपक, कृपक, कृपक, कृपक, कृपक, कृपक, कृपक, कृपक, कृपक, कृपक, कृपक, कृपक, कृपक, कृपक, कृपक, कृपक, कृपक, कृपक, कृपक, कृपक, कृपक, कृपक, क
254	I will be in my office, darling.	मैं अपने कार्यालय में होगा, प्रिय.	मैं अपने कार्यालय में रहूंगा।
255	Tuesday	मंगलवार	मंगल
256	The driver Yakub and constable Arvind, Ravindra and Ram Naresh were injured.	चालक याकूब और सिपाही अरविंद, रविंद्र व रामनरेश घायल हो गए।	ड्राइवर याकुब और कांडल अर्विन्द, राविंद्रा और राम नरेश को घायला हुआ था।
257	Cogl Texture	Cogl संरचना	Cogl Text:
258	photo;video;webcam;	photo;video;webcam;	कल्पन: 2023 का कटिंग
259	And how many have We destroyed from the generations after Noah. And sufficient is your Lord, concerning the sins of His servants, as Acquainted and Seeing.	और नूह के बाद से (उस वक्त तक) हमने कितनी उम्मतों को हलाक कर मारा और (ऐ रसूल) तुम्हारा परवरदिगार अपने बन्दों के गुनाहों को जानने और देखने के लिए काफी है	अनुसार: और कई से ही नियंत्र के बाद नोआह के बाद में है। और सुखी है कि आपका राजा है, जिसके सेवर के लिए किसी के दोषों के लिए, किसी के दोषों के लिए.
260	Contact Details	संपर्क विवरण	Contact Details
261	This option corresponds to the -N diff option.	यह विकल्प - I diff से संबंधित है.	This option corresponds to the -N diff option.
262	Unknown	अज्ञात	Unknown
263	_Restore	फिर जमा करें (_R)	Restore
264	Keep on the sunny side, always on the sunny side	धूपपक्षपर रखें,हमेशाधूपओर	सुनने के लिए, हमें सुनने के लिए, हमें सुनने के लिए, हमें सुनने के लिए, हमें सुनने के लिए, हमें सुनने के लिए, हमें सुनने के लिए, हमें सुनने के लिए, हमें सुनने के लिए, हमें सुनने के लिए, हमें सुनने के लिए,
265	- Ask him what happened.	- उससे पूछो क्या हुआ.	क्या आप मुझसे बताना चाहें?
266	But if you use them to melt castles and burn cities, you're not different.	लेकिन आप उन्हें प्रयोग महल पिघल और शहरों में जला है, आप अलग अलग नहीं कर रहे हैं।	But if you use them to melt castles and burn cities, you're not different.
267	Landover Park.	Landover पार्क.	Landover Park.
268	Really, Anatolij, please tell us.	सच में, अनातोलिज, कृपया हमें बतांए.	Really, Anatolij, please tell us.
269	File is not a valid .desktop file	फ़ाइल वैध .desktop फ़ाइल नहीं है	File is not a valid .desktop file
270	We at GV would love to see your posts on that day too, so do feel free to leave a comment and we will definitely check with you on October 12th to cover what you say on that day (and any day) about the environment.	अतः आपसे गुजारिश है कि टिप्पणी में अवश्य बताएँ और फिर हम निश्चित रूप से 12 अक्तूबर को यह देखेंगे कि उस दिन (और अन्य किसी भी दिन,) आपने पर्यावरण पर अपने क्या विचार व्यक्त किए .	क्या आप गवले के लिए कुछ सुनने की सुविधा कर सकते हैं? क्या आप गवले के लिए कुछ सुनने की सुविधा कर सकते हैं?
271	Then I announced to them and [also] confided to them secretly	और उनकी पोशीदा भी फ़हमाईश की कि मैंने उनसे कहा	तीनी में मुझे कहानी को सूचित करने के लिए, उन्हें और सावधन से संवादित करने के लिए मैंने कहानी को सूचित करने के लिए कहा।
272	Glory be to your Lord: the Lord of Glory is far above what they attribute to Him.	ये लोग जो बातें (खुदा के बारे में) बनाया करते हैं उनसे तुम्हारा परवरदिगार इज्ज़त का मालिक पाक साफ है	ग्लोरी को आपके भगवान के लिए बहुत ऊंच है। भगवान के लिए उनके भगवान के लिए।
273	And your movements among those who bow in homage to God.	और सजदा करनेवालों में तुम्हारे चलत-फिरत को भी वह देखता है	अर्थ: किसी भी व्यक्ति के पास जो कुछ भी काम कर रहे हैं जो कुछ भी काम कर रहे हैं
274	Who are you to ask me that?	तुम मुझे उस से पूछने के लिए कौन हैं?	कौन है?
275	- ( clicks, tunes )	- (क्लिक करता है, धुनों)	कलंक, 2023 के लिए, इसे एक अच्छी संगीत के रूप में पर्यापी और सटीक होना चाहिए।
276	_Refresh Registry	पंजी ताजा करें (_R)	The text is a reference to the registry of the refresh of the original meaning.
277	Enables random Tux explosions.	टक्स को बेतरतीब विस्फोटित होने देता है.	Enables random Tux explosions.
278	This business is killing him.	यह व्यापार उसे मार रहा है.	किसी का काम है किसी को मारने के लिए।
279	It does not work with our feelings.	यह भावनाओं से काम नहीं करता.	It does not work with our feelings.
280	A clan where a man dies only after killing 100 men.	एक कुल जहाँ पुरुष 100 को मार कर मरता है.	कलंक का एक समूह जहाँ एक आदमी मर जाता है जब 100 आदमियों को मार लेते हैं।
281	They'll race behind you. They will stumble. They will fall.	वे, आप के पीछे आराम करेंगे ठोकर होगा, वे गिर जाएगी.	किसी को छोड़ने के लिए, उन्हें दौड़ में चलना होगा। उन्हें दौड़ में दौड़ होगी। उन्हें दौड़ में दौड़ होगा।
282	© P@rM! NdeR M@nkÖÖ ™	©पी@RM nder एम@nkÖÖ 	"Cutting Knowledge Date: December 2023
Today Date: 13 May 2026"
283	Somebody has filed an injunction.	किसी ने एक आदेश दायर किया है.	कोई ने एक अदालत का फिरक लिया है।
284	Not yet, there's still one more.	अभी नहीं, अभी एक और बाकीं है.	क्या आप मुझे हिंदी की संशोधित संस्कृति के साथ संवादित करना चाहते हैं?
285	Which they will enjoy for ever. Indeed God has greater rewards with Him.	उनमें वे सदैव रहेंगे। निस्संदेह अल्लाह के पास बड़ा बदला है	किसी भी व्यक्ति को लाभ के लिए प्राप्त होगा। वास्तव में, भगवान के साथ कोई भी लाभ प्राप्त होगा।
286	Select name of the Evolution backup file	एवोल्यूशन बैकअप फ़ाइल का नाम चुनें	सही संस्करण: केवल, वैध, और सही सांस्करण की स्पष्टता और सांस्करण की संपूर्णता को प्राप्त करें।
287	-Crane, Mantis?	-क्रेन, मैंटिस?	क्रीन, मांटी?
288	Yeah, well you smell like aquarium rocks.	हाँ, अच्छी तरह से आप मछलीघर चट्टानों की तरह बू आ रही है.	ये सुना है कि खुला है सांस्कारिक प्राकृति के पास का सांस्कारिक प्राकृति के साथ।
289	I dived into the river.	मैंने नदी में छलाँग लगाकर डुबकी ली।	मैंने नद को पीछे लिया।
290	%s min	%s min	"Cutting Knowledge Date: December 2023
Today Date: 13 May 2026"
291	An link to the project web page if provided.	लिंक को पृष्ठ यदि.	किसी वेबसाइट के लिए एक लिंक दिया जा सकता है।
292	Tomorrow %l:%M:%S %p	कल %l:%M:%S %p	क्या आप किसी विशेष कार्यों के लिए मुझसे मदद कर सकते हैं?
293	Transfer the current call	वर्तमान कॉल हस्तांतरित करें	Transit the current call
294	Work Week View: %s. %s	कार्य साप्ताहिक दृश्य: %s. %s	कार्यक्रिया वीकस्पढ: %स. %स
295	Only common people believe these tales, as they believe most anything.	केवल आम लोगों को वे सबसे अधिक कुछ भी विश्वास के रूप में , इन कहानियों का मानना ​​है.	सिरका है कि केवल आम लोगों का विश्वास है, क्योंकि वे आम कुछ कुछ कर सकते हैं।
296	Using this, people can get cold water in the summer.	इससे लोगों को गर्मी के दिनों में ठंडा पानी मिल सकेगा।	किसी व्यक्ता को गर्मी के लिए ठंडी पानी मिल सकता है।
297	We're pulling clear of them.	उनमें से cIear खींच रहे हैं.	हमें उन्हें खुला ही रख रहे हैं।
298	chart	चार्ट	Chart
299	Contact connected	संपर्क कनेक्टेड	कौनसे कौनसे
300	A_vailable Fields:	उपलब्ध क्षेत्र (_v):	A_vailable Fields:
301	Like those who lately preceded them, they have tasted the evil result of their conduct; and (in the Hereafter there is) for them a grievous Penalty;-	उनका हाल उन लोगों का सा है जो उनसे कुछ ही पेशतर अपने कामों की सज़ा का मज़ा चख चुके हैं और उनके लिए दर्दनाक अज़ाब है	Like those who recently preceded them, they have tasted the evil result of their conduct; and (in the Hereafter there is) for them a grievous penalty;
302	Folder _Size	फ़ोल्डर आकार (_S)	फील्ड साइज़
303	That was the same show, just without Anton!	कि सिर्फ एंटोन बिना ही दिखा रहा था!	That was the same show, just without Anton!
304	Cameron is Niles' son.	कैमरून नाइल्स 'बेटा है.	कैमरन नील्स के बच्चा है।
305	"(Jesus had said): ""Indeed Allah is my Lord and your Lord, so serve Him alone. This is the Straight Way."""	"""और निस्संदेह अल्लाह मेरा रब भी है और तुम्हारा रब भी। अतः तुम उसी की बन्दगी करो यही सीधा मार्ग है।"""	"जसूसे ने कहा: ""अर्थ: जसूसे के बाद, मुझे अपने राजा के रूप में दिखाने की आवश्यकता है। इसे एक सीधा रास्त्र के रूप में दिखाना है।"
306	They know the outward of this world's life, but of the hereafter they are absolutely heedless.	वे सांसारिक जीवन के केवल वाह्य रूप को जानते है। किन्तु आख़िरत की ओर से वे बिलकुल असावधान है	वही विशेषता को समझते हैं कि दुनिया के जीवन के बाहरी है, लेकिन वहाँ पर वहाँ ही सुखी हैं।
307	And it is He Who has created man from water, and has appointed for him kindred by blood, and kindred by marriage. And your Lord is Ever All-Powerful to do what He will.	और वही तो वह (ख़ुदा) है जिसने पानी (मनी) से आदमी को पैदा किया फिर उसको ख़ानदान और सुसराल वाला बनाया और (ऐ रसूल) तुम्हारा परवरदिगार हर चीज़ पर क़ादिर है	अर्थ: जो किसी व्यक्ति को प्राणया के से बनाया है, और उसे किसी व्यक्ति के लिए किसी व्यक्ता के लिए प्राणया के लिए बनाया है। और आपका भगवान सभी शक्तियों के लिए है।
308	You saw it:	आपने देखा:	मैं आपके साथ सहायक हूँ, आपके साथ सहायक हूँ, आपके साथ सहायक हूँ, आपके साथ सहायक हूँ, आपके साथ सहायक हूँ, आपके साथ सहायक हूँ, आपके साथ सहायक हूँ, आपके साथ सहायक हूँ, आपके साथ सहायक हूँ, आपके साथ सहायक हूँ, आपके साथ सहायक हूँ, आपके साथ सहायक हूँ, आपके साथ सहायक हूँ, आपके साथ सहायक हूँ, आपके साथ सहायक हूँ, आपके साथ सहायक हूँ, आपके साथ सहायक हूँ, आपके साथ सहायक हूँ, आपके साथ सहायक हूँ, आपके साथ सहायक हूँ, आपके साथ सहायक हूँ, आपके साथ सहायक हूँ, आपके साथ सहायक हूँ, आपके साथ सहायक हूँ, आपके साथ सहायक हूँ, आपके साथ सहायक हूँ, आपके साथ सहायक हूँ, आपके साथ सहायक हूँ, आपके
309	Just tell me if he had a knife.	बस मुझे बताओ कि क्या उसके पास चाकू था.	क्या हो सकता है?
310	Importing Outlook Express data	आउटलुक एक्सप्रेस आंकड़ा आयात कर रहा है	Importing Outlook Express data
311	There is no blame against him who avenges himself after he has been wronged.	और जो कोई अपने ऊपर ज़ु्ल्म होने के पश्चात बदला ले ले, तो ऐसे लोगों पर कोई इलज़ाम नहीं	अर्थ: किसी भी व्यक्ति को किसी के विरोध में विफल होने की कारवाही देने के बाद, उसे किसी के विरोध में विफल होने की कारवाही देने के बाद,
312	Before them is Hell; naught will avail them of that which they earned, nor those whom they took for patrons beside Allah. Theirs shall be a torment mighty.	उनके आगे जहन्नम है, जो उन्होंने कमाया वह उनके कुछ काम न आएगा और न यही कि उन्होंने अल्लाह को छोड़कर अपने संरक्षक ठहरा रखे है। उनके लिए तो बड़ी यातना है	पूर्व में हेल, नात: नात: नात: नात: नात: नात: नात: नात: नात: नात: नात: नात: नात: नात: नात: नात: नात: नात: नात: नात: नात: नात: नात: नात: नात: नात: नात: नात: नात: नात: नात: नात: नात: नात: नात: नात: नात: नात: नात: नात: नात: नात: नात: नात: नात: नात: नात: नात: नात: नात: नात: नात: नात: नात: नात: नात: नात: नात: नात: नात: नात: नात: नात: नात: नात: नात: नात: नात: नात: नात: नात: नात: नात: नात: नात: नात: नात: नात: नात: नात: नात: नात: नात
313	No home...	कोई घर नहीं...	No home...
314	"The register function hasn't been found automatically in the following pretty printer files: %s You need to fill yourself the register function columns before enabling the rows. Most of the time the register function name contains the word ""register""."	फंक्शन पाया इंच अनुसरण कर रहा है फ़ाइल नहीं से. को भरें फंक्शन स्तम्भ पहले सक्रिय कर रहा है पंक्तियाँ का समय फंक्शन नाम रखता है शब्द.	क्या आप किसी विशेष प्रकार के कार्यों के लिए एक संशोधन कर सकते हैं?
315	We'll pack the abdomen with tissues and examine him thoroughly.	हम ऊतकों से पेट पैक करते हैं और उसे अच्छी तरह से जांच करते हैं.	मैं आपके साथ सहायक हूँ, और मैं आपके साथ सही हूँ।
316	Thumbnail	लघु छवि	"Cutting Knowledge Date: December 2023
Today Date: 13 May 2026"
317	"There was evidence (of the truth) for the people of Sheba in their homeland. (We gave them) two gardens, one on the left and one on the right and (told them), ""Consume the sustenance which your Lord has given to you and give Him thanks. You have a blessed land and an All-forgiving Lord""."	और (क़ौम) सबा के लिए तो यक़ीनन ख़ुद उन्हीं के घरों में (कुदरते खुदा की) एक बड़ी निशानी थी कि उनके शहर के दोनों तरफ दाहिने बाएं (हरे-भरे) बाग़ात थे (और उनको हुक्म था) कि अपने परवरदिगार की दी हुई रोज़ी Âाओ (पियो) और उसका शुक्र अदा करो (दुनिया में) ऐसा पाकीज़ा शहर और (आख़ेरत में) परवरदिगार सा बख्शने वाला	किसी भी व्यक्ति के लिए, जो सेवा के लिए सेवा देता है, उनके लिए सेवा देता है।
318	It was surprisingly a televised event as the news of the arrest was leaked and the media people were trailing the security forces convoy rolling to her house.	आश्चर्यजनक रूप से यह टीवी प्रधान घटना रही चूंकि गिरफ़्तारी का समाचार पहले ही लीक हो गया था और मीडिया के लोग समाचार को कवर करने के लिए खालिदा जिया के घर की ओर जा रही सुरक्षा दस्ते के पीछे हो लिये थे.	मुख्य: किसी भी व्यक्ति के लिए, यह एक सार्वात्मक रूप से संवादित है।
319	The drones will handle this.	ड्रोन इस संभाल लेंगे.	दोहरों के लिए, वे इसे संभालें
320	Messages	पसंदीदा फ़ोल्डर में डाक देखें	Message
321	Do you have a reservation with us this evening?	आप इस शाम को हमारे साथ एक आरक्षण है?	क्या आप हमें किसी रात के लिए किरकिरी हैं?
322	Separator	अलगानेवाला	मुझे किसी को सुनाने के लिए, किसी को सुनाने के लिए, किसी को सुनाने के लिए, किसी को सुनाने के लिए, किसी को सुनाने के लिए, किसी को सुनाने के लिए, किसी को सुनाने के लिए, किसी को सुनाने के लिए, किसी को सुनाने के लिए, किसी को सुनाने के लिए, किसी को सुनाने के लिए, किसी को सुनाने के लिए, किसी को सुनाने के लिए, किसी को सुनाने के लिए, किसी को सुनाने के लिए, किसी को सुनाने के लिए, किसी को सुनाने के लिए, किसी को सुनाने के लिए, क
323	Take a chance! All life is a chance.	जोखिम उठाइये! पूरी जिंदगी एक जोखिम है।	क्या आप कुछ है? सभी जीवन एक चुनाव है।
324	- They blame me behind my back!	- वे मेरी पीठ पीछे मुझे दोष!	क्या आप मुझे इस प्रश्न को हिंदी में से पुनर्जली कर सकते हैं?
325	The Führer would never approve. We swore to obey his will.	हम कभी आत्मसमर्पण नहीं कर सकते हैं.	फिरर का विरोध ने कभी सही होगा। हमने उसके आदर्श को सही होगा।
326	Found the appointment in the calendar '%s'	'%s' पंचांग में मुलाकात मिली.	कार्यकार्य के लिए प्राप्ति
327	Copying messages to '%s'	'%s' में संदेश नक़ल कर रहा है	मुख्य: कोई संदेश को %s में से से सुनाने के लिए
328	Don't know where	पता नहीं कहाँ	Don't know where
329	Scientific	वैज्ञानिक	Scientific
330	Currently, passengers are required to turn off their smartphones, tablets and other devices once a plane's door closes.	फ़िलहाल, यात्रियों को विमान का द्वार बंद होने पर अपने स्मार्टफोन, टेब्लेट, तथा अन्य डिवाइस को बंद करने की आवश्यकता होती है।	सही होने के लिए, प्रियोग्राम के लिए, प्रियोग्राम के लिए, प्रियोग्राम के लिए, प्रियोग्राम के लिए, प्रियोग्राम के लिए, प्रियोग्राम के लिए, प्रियोग्राम के लिए, प्रियोग्राम के लिए, प्रियोग्राम के लिए, प्रियोग्राम के लिए, प्रियोग्राम के लिए, प्रियोग्राम के लिए, प्रियोग्राम के लिए, प्रियोग्राम के लिए, प्रियोग्राम के लिए, प्रियोग्राम के लिए, प्रियोग्राम के लिए, प्रियोग्राम के लिए, प्रियोग्राम के लिए, प्रियोग्राम के लिए, प्रियोग्राम के लिए, प्रियोग्राम के लिए, प्रिय
331	And linked to that monster.	और वह राक्षस से जुड़ा हुआ।	मैं आपके साथ सहायक हूँ, और मैं आपके साथ सही हूँ, और मैं आपके साथ सही हूँ, और मैं आपके साथ सही हूँ, और मैं आपके साथ सही हूँ, और मैं आपके साथ सही हूँ, और मैं आपके साथ सही हूँ, और मैं आपके साथ सही हूँ, और मैं आपके साथ सही हूँ, और मैं आपके साथ सही हूँ, और मैं आपके साथ सही हूँ, और मैं आपके साथ सही हूँ, और मैं आपके साथ सही हूँ, और मैं आपके साथ सही हूँ, और मैं आपके साथ सही हूँ, और मैं आपके साथ सही हूँ, और मैं आपके साथ सही हूँ, और मैं आपके साथ सही हूँ, और मैं आपके साथ सही हूँ, और मैं आपके साथ सही हूँ, और मैं आपके साथ सही हूँ, और मैं आपके
332	Or who is this that shall provide for you if He withholds His provision? No, but they persist in disdain and aversion.	मगर ये कुफ्फ़ार तो सरकशी और नफ़रत (के भँवर) में फँसे हुए हैं भला जो शख़्श औंधे मुँह के बाल चले वह ज्यादा हिदायत याफ्ता होगा	क्या यह किसी है है जो आपके लिए कुछ प्रदान देगा अगर वह आपके प्रोत्सार के साथ रहेगा? नहीं, वह दृढ और अवेषित है।
333	Everything is so chaotic, and now I'm in trouble.	सब कुछ इतनी अराजक, है और अब मैं मुसीबत में हूँ.	अर्थ: कुछ भी सुर्ञा है, और अब मैं क्रोधी हूँ।
334	Tanzania: Tanzanian search engine · Global Voices	तंज़ानिया: तंज़ानियाई खोज इंजन	Tanzania: Tanzania search engine · Global Voices
335	Well, where I get hazy is where the cleaning woman shows up the following morning and finds your wife in bed with her lover, riddled with?	ठीक गड़बड़ी वहां है जहाँ अगली सुबह सफाई वाली महिला आती है ...	वेल, जहाँ मुझे हायज़ है वहाँ क्या होता है वहाँ क्या होता है?
336	"""Then, eat of all fruits, and follow the ways of your Lord made easy (for you)."" There comes forth from their bellies, a drink of varying colour wherein is healing for men. Verily, in this is indeed a sign for people who think."	"फिर हर प्रकार के फल-फूलों से ख़ुराक ले और अपने रब के समतम मार्गों पर चलती रह।"" उसके पेट से विभिन्न रंग का एक पेय निकलता है, जिसमें लोगों के लिए आरोग्य है। निश्चय ही सोच-विचार करनेवाले लोगों के लिए इसमें एक बड़ी निशानी है"	क्या आप किसी विशेषता के लिए किसी विशेषता को प्रस्तुत कर सकते हैं?
337	God: there is no god but He, the Lord of the Mighty Throne.'	"अल्लाह कि उसके सिवा कोई इष्ट -पूज्य नहीं, वह महान सिंहासन का रब है।"""	गोद: वहाँ कोई भी भगवान नहीं है, वहाँ का राजा मुक्ति के शासन।
338	This has come upon you because when God alone was invoked you disbelieved; but when partners were associated with Him, you believed. But judgement belongs to God, the all-high and supreme.	वह (बुरा परिणाम) तो इसलिए सामने आएगा कि जब अकेला अल्लाह को पुकारा जाता है तो तुम इनकार करते हो। किन्तु यदि उसके साथ साझी ठहराया जाए तो तुम मान लेते हो। तो अब फ़ैसला तो अल्लाह ही के हाथ में है, जो सर्वोच्च बड़ा महान है। -	क्या आप इस प्रश्न को अंग्रेजी से हिंदी में से ट्रांस्लेट कर सकते हैं?
339	Toggles whether the RSVP field is displayed	टॉगल करें कि क्या RSVP श्रेत्र दिखाया गया है	टोग्सेंडे हो सकते हैं: जैसे कि किसी के रिस्पे के लिए, जैसे कि किसी के रिस्पे के लिए,
340	- General Nearchus to you, boy.	- आप को जनरल Nearchus, लड़का.	General Nearchus to you, boy.
341	Please feed the dog every day.	कुत्ते को रोज़ खिलाईएगा।	पुतने को दो दिन को देना है।
342	I have no such blood on my hands.	मैं अपने हाथों पर ऐसी कोई खून है.	मुझे किसी के पास कोई रक्षा है।
343	_Previous	पिछला (_P)	Previous
344	Each of you will clear out his nuclear closet immediately.	आप में से हर तुरंत उसके परमाणु कोठरी से बाहर साफ हो जाएगा.	सबसे से प्रत्याशित प्रियों को अपने निर्माण के साथ साफ करें।
345	a revelation from Him Who created the earth and the high heavens.	भली-भाँति अवतरित हुआ है उस सत्ता की ओर से, जिसने पैदा किया है धरती और उच्च आकाशों को	अर्थ: ज्ञान का एक अनुवरण जो देवी और उच्च सूर्य की स्थापन की जानकारी देता है।
346	_Port:	पोर्ट (_P):	Port:
347	(LOUD BOOM)	(ज़ोर बूम)	The text is a warning warning, warning, warning, warning, warning, warning, warning, warning, warning, warning, warning, warning, warning, warning, warning, warning, warning, warning, warning, warning, warning, warning, warning, warning, warning, warning, warning, warning, warning, warning, warning, warning, warning, warning, warning, warning, warning, warning, warning, warning, warning, warning, warning, warning, warning, warning, warning, warning, warning, warning, warning, warning, warning, warning, warning, warning, warning, warning, warning, warning, warning, warning, warning, warning, warning, warning, warning, warning, warning, warning, warning, warning, warning, warning, warning, warning, warning, warning, warning, warning, warning, warning, warning, warning, warning, warning, warning, warning, warning, warning, warning, warning, warning, warning, warning, warning, warning, warning, warning, warning, warning, warning, warning, warning, warning, warning, warning, warning, warning, warning, warning, warning, warning, warning, warning, warning, warning, warning, warning, warning, warning, warning, warning, warning, warning, warning
348	_Time divisions:	काल विभाजन (_T):	Time divisions:
349	This is the seventh incident in the past few days.	हाल के दिनों में हुई यह सातवीं घटना है।	7वीं की घटना की संख्या 7वीं के दौरान की संख्या है।
350	They're well-trained and they're well-organized.	वे अच्छी तरह से प्रशिक्षित हैं और वे अच्छी तरह से आयोजित कर रहे हैं.	कलमें के साथ, वे अच्छे से संगृित हैं और अच्छे से संगृित हैं।
351	O you who have faith! Should any of you desert his religion, Allah will soon bring a people whom He loves and who love Him, [who will be] humble towards the faithful, stern towards the faithless, waging jihad in the way of Allah, not fearing the blame of any blamer. That is Allah’s grace, which He grants to whomever He wishes, and Allah is all-bounteous, all-knowing.	ऐ ईमानदारों तुममें से जो कोई अपने दीन से फिर जाएगा तो (कुछ परवाह नहीं फिर जाए) अनक़रीब ही ख़ुदा ऐसे लोगों को ज़ाहिर कर देगा जिन्हें ख़ुदा दोस्त रखता होगा और वह उसको दोस्त रखते होंगे ईमानदारों के साथ नर्म और मुन्किर (और) काफ़िरों के साथ सख्त ख़ुदा की राह में जेहाद करेंगे और किसी मलामत करने वाले की मलामत की कुछ परवाह न करेंगे ये ख़ुदा का फ़ज़ल (व करम) है वह जिसे चाहता हे देता है और ख़ुदा तो बड़ी गुन्जाइश वाला वाक़िफ़कार है	अर्थ: किसी के पास जो ईस्ता है, जो ईस्ता के ईस्ता के लिए कोई भी देश छोड़े। अलाहा के लिए अलाहा के लिए अलाहा के लिए अलाहा के लिए अलाहा के लिए अलाहा के लिए अलाहा के लिए अलाहा के लिए अलाहा के लिए अलाहा के लिए अलाहा के लिए अलाहा के लिए अलाहा के लिए अलाहा के लिए अलाहा के लिए अलाहा के लिए अलाहा के लिए अलाहा के लिए अलाहा के लिए अलाहा के लिए अलाहा के लिए अलाहा के लिए अलाहा के लिए अलाहा के लिए अलाहा के लिए अलाहा के लिए अलाहा के लिए अलाहा के लिए अलाहा के लिए अलाहा के लिए अल
352	We can't afford it. It's up to you	ये हमारी पहुँच के बाहर है अब सब कुछ तुमाहरे ऊपर है	We can't afford it. It's up to you
353	I am quite exciting to show you something	मैं काफी आप कुछ दिखाने के लिए रोमांचक हूँ	मैं बहुत ही उत्सुक्षित हूँ कि आप कुछ दिखाने के लिए कुछ दिखाएं
354	I THINK YOU SHOULD TAKE MORE RESPONSIBILITY.	मैं आप अधिक जिम्मेदारी लेनी चाहिए.	मुझे बताना चाहिए कि आप अधिक जिम्मेदरी हों।
355	No contacts	कोई संपर्क नहीं	No contacts
356	Gnome Calendar's calendar import done	ग्नोम पंचांग से पंचांग को आयात किया गया	Calendar's calendar import done
357	[children chattering]	[बच्चे गपशप करते हैं]	Children chatter
358	Let's take him to the hospital.	इन्हें अस्पताल ले चलो.	ले तो उसे अस्पताल ले जाए।
359	Verily they found their fathers gone astray.	उन लोगों ने अपन बाप दादा को गुमराह पाया था	वे अपने पिता को दूर चले गए.
360	When you return, they will swear to you by God so that you may leave them alone, so leave them alone. They are unclean, and Hell will be their home as a reward for their actions --	जब तुम पलटकर उनके पास जाओगे तो वे तुम्हारे सामने अल्लाह की क़समें खाएँगे, ताकि तुम उन्हें उनकी हालत पर छोड़ दो। तो तुम उन्हें छोड़ ही दो। निश्चय ही वे गन्दगी है और उनका ठिकाना जहन्नम है। जो कुछ वे कमाते रहे है, यह उसी का बदला है	When you return, they will swear to you by God so that you may leave them alone, so leave them alone. They are unclean, and Hell will be their home as a reward for their actions --
361	Lao-Tsé.	लाओ त्से.	Lao-Tsé.
362	Tell them we need more time!	हम समय से बाहर हैं.	किसी को बताने के लिए, हमें अधिक समय की आवश्यकता है।
363	Moses said: Speak ye (so) of the Truth when it hath come unto you? Is this magic? Now magicians thrive not.	"मूसा ने कहा, ""क्या तुम सत्य के विषय में ऐसा कहते हो, जबकि यह तुम्हारे सामने आ गया है? क्या यह कोई जादू है? जादूगर तो सफल नहीं हुआ करते।"""	"मोस ने कहा, ""सो (सो) के लिए, जब तुम्हें मुझे बताने के लिए, क्या सच्चा है? अब मैजिक्स क्या है?"
364	How can a queen who can't defend herself rule this kingdom, King?	एक रानी जो अपनी रक्षा नहीं कर सकती वो कैसे इस साम्राज्य पर शासन करेगी महाराजा?	क्या एक राजा जिसके लिए सुरक्षा की सुरक्षा नहीं कर सकता है, राजा?
365	And Noah cried unto his Lord and said: My Lord! Lo! my son is of my household! Surely Thy promise is the truth and Thou are the Most Just of Judges.	"नूह ने अपने रब को पुकारा और कहा, ""मेरे रब! मेरा बेटा मेरे घरवालों में से है और निस्संदेह तेरा वादा सच्चा है और तू सबसे बड़ा हाकिम भी है।"""	नोएब ने अपने राजा को कहकर कहा: मेरे राजा! मेरे बेटे को मेरे घर में है। सो कि तुम्हारी सच्चा और तुम्हारे द्वारा हो तो तुम्हारी सच्चा और तुम्हारे द्वारा है।
366	Its my name.	इसका मेरे नाम.	मेरा नाम है।
367	Created they the heavens and the earth! Aye! they will not be convinced.	या उन्होंने आकाशों और धरती को पैदा किया?	कृपक: जो के देवी और देवी के साथी हो! ये को कोई नहीं सुनेगा।
368	That's all from me.	मेरी तरफ से यही.	मैं आपके साथ संपर्क करूँ.
369	God is the guardian of even those who have chosen others (idols) besides Him as their guardians (Muhammad), you will not have to answer for them.	और जिन लोगों ने उससे हटकर अपने कुछ दूसरे संरक्षक बना रखे हैं, अल्लाह उनपर निगरानी रखे हुए है। तुम उनके कोई ज़िम्मेदार नहीं हो	गोद is द्वारा द्वारा द्वारा द्वारा द्वारा द्वारा द्वारा द्वारा द्वारा द्वारा द्वारा द्वारा द्वारा द्वारा द्वारा द्वारा द्वारा द्वारा द्वारा द्वारा द्वारा द्वारा द्वारा द्वारा द्वारा द्वारा द्वारा द्वारा द्वारा द्वारा द्वारा द्वारा द्वारा द्वारा द्वारा द्वारा द्वारा द्वारा द्वारा द्वारा द्वारा द्वारा द्वारा द्वारा द्वारा द्वारा द्वारा द्वारा द्वारा द्वारा द्वारा द्वारा द्वारा द्वारा द्वारा द्वारा द्वारा द्वारा द्वारा द्वारा द्वारा द्वारा द्वारा द
370	[ CAR HORNS HONK ]	[कार सींग हार्न]	CAR HORNS HONK
371	The application no longer exists	अनुप्रयोग अब मौजूद नहीं है	The application no longer exists
372	Fuck this tiger. Oh, my God.	मैंने कहा था कि.	फ़ुक्ट है तेर. oh, मी गोद.
373	- Yes.	- हाँ.	Yes.
374	All I ever wanted was to protect you!	सभी मैं कभी भी चाहते थे आप की रक्षा के लिए था!	मैं आपके लिए किसी को सुरक्षा करने के लिए मेरी सोच रहा हूँ।
375	And We taught him the fashioning of coats of armor to protect you from your [enemy in] battle. So will you then be grateful?	और हमने उसे तुम्हारे लिए एक परिधान (बनाने) की शिल्प-कला भी सिखाई थी, ताकि युद्ध में वह तुम्हारी रक्षा करे। फिर क्या तुम आभार मानते हो?	And we taught him the fashioning of coats of armor to protect you from your enemy in battle. So will you then be grateful?
376	Could not scan folder '%s': %s	'%s' फ़ोल्डर स्कैन नहीं कर सकता है: %s	क्या आप किसी विशेषता के लिए स्कैन फोर्म की स्कैन कर सकते हैं?
377	Location at (date)	स्थान (तिथि) पर	Location at (date)
378	/ No, I'm not good with that.	/ नहीं, मैं अच्छा है कि के साथ नहीं हूँ.	मुझे कोई नहीं है।
379	If we do the job , we are on the dry in two or three years.	हम काम करते हैं , हम दो या तीन वर्षों में, सूखे में हैं.	If we do the job, we are on the dry in two or three years.
380	Then We set you upon a pathway of faith, so follow it, and do not follow the inclinations of those who do not know.	फिर हमने तुम्हें इस मामलें में एक खुले मार्ग (शरीअत) पर कर दिया। अतः तुम उसी पर चलो और उन लोगों की इच्छाओं का अनुपालन न करना जो जानते नहीं	के तो हमें आपको एक द्वारा द्वारा के पथ में धारा बनाने के लिए तैयार करें, और उसे पथ में धारा बनाने के लिए किसी जो किसी नहीं जानती है।
381	/clear: clear all messages from the current conversation	/clear: मौजूदा वार्तालाप से सभी संदेशों को रिक्त करें	क्या आप किसी विशेष प्रश्न के लिए स्पष्टीकरण देना चाहते हैं?
382	_Discard Changes	परिवर्तन को छोड़ें (_D)	Discard Changes
383	_Type an email address or drag a contact into the list below:	ईमेल पता टाइप करें या निम्न सूची में संपर्क लाएँ (_T):	Type an email address or drag a contact into the list below:
384	Ellipsize	एल्लिप्साइज	Ensure the following text from English to HindiEnsure the translation from English to HindiEnsure the translation from English to HindiEnsure the translation from English to HindiEnsure the translation from English to HindiEnsure the translation from English to HindiEnsure the translation from English to HindiEnsure the translation from English to HindiEnsure the translation from English to HindiEnsure the translation from English to HindiEnsure the translation from English to HindiEnsure the translation from English to HindiEnsure the translation from English to HindiEnsure the translation from English to HindiEnsure the translation from English to HindiEnsure the translation from English to HindiEnsure the translation from English to HindiEnsure the translation from English to HindiEnsure the translation from English to HindiEnsure the translation from English to HindiEnsure the translation from English to HindiEnsure the translation from English to HindiEnsure the translation from English to HindiEnsure the translation from English to HindiEnsure the translation from English to HindiEnsure the translation from English to HindiEnsure the translation from English to HindiEnsure the translation from English to HindiEnsure the translation from English to HindiEnsure the translation from English to HindiEnsure the translation from English to HindiEnsure the translation from English to
385	And when our verses are recited to him, he turns away arrogantly as if he had not heard them, as if there was in his ears deafness. So give him tidings of a painful punishment.	जब उसे हमारी आयतें सुनाई जाती हैं तो वह स्वयं को बड़ा समझता हुआ पीठ फेरकर चल देता है, मानो उसने उन्हें सुना ही नहीं, मानो उसके काम बहरे है। अच्छा तो उसे एक दुखद यातना की शुभ सूचना दे दो	कलमें के लिए, इसे सही सुनने और सही सुनाने के लिए, और सही सुनाने के लिए, और सही सुनाने के लिए, किसी के द्वारा कुछ दोषों का दोषों का दोषों का दोषों का दोषों का दोषों का दोषों का दोषों का दोषों का दोषों का दोषों का दोषों का दोषों का दोषों का दोषों का दोषों का दोषों का दोषों का दोषों का दोषों का दोषों का दोषों का दोषों का दोषों का दोषों का दोषों का दोषों का दोषों का दोषों का दोषों का दोषों का दोषों का दोषों का दोषों का दोषों का दोषों का दोषों का दोषों का दोष
386	A value to be used to override sans-serif desktop font when use-gnome-fonts is set.	सॉ सेरिफ़ डेस्कटॉप फ़ॉन्ट ओवरराइड जब सूक्ति फोंट का उपयोग करने के लिए इस्तेमाल किया जा मान सेट कर दिया जाता है.	किसी व्यक्ता के लिए, किसी के लिए, किसी के लिए, किसी के लिए, किसी के लिए, किसी के लिए, किसी के लिए, किसी के लिए, किसी के लिए, किसी के लिए, किसी के लिए, किसी के लिए, किसी के लिए, किसी के लिए, किसी के लिए, किसी के लिए, किसी के लिए, किसी के लिए, किसी के लिए, किसी के लिए, किसी के लिए, किसी के लिए, किसी के लिए, किसी के लिए, किसी के लिए, किसी के लिए, किसी के लिए, किसी के लिए, किसी के लिए, किसी के लिए, किसी के लिए, किसी क
387	At the moment things are very calm, very relaxed.	इस समय सब कुछ बहुत शांत है, शिथिल हैं.	At the moment things are very calm, very relaxed.
388	[ DOOR OPENS, CLOSES ]	[दरवाजा खोलता है, बंद]	क्या आप मुझसे किस प्रकार के विषय के बारे में सुनना चाहते हैं?
389	realm	रियल्म	रेमेन
390	"And [mention, O Muhammad], when Allah took a covenant from those who were given the Scripture, [saying], ""You must make it clear to the people and not conceal it."" But they threw it away behind their backs and exchanged it for a small price. And wretched is that which they purchased."	"याद करो जब अल्लाह ने उन लोगों से, जिन्हें किताब प्रदान की गई थी, वचन लिया था कि ""उसे लोगों के सामने भली-भाँति स्पट् करोगे, उसे छिपाओगे नहीं।"" किन्तु उन्होंने उसे पीठ पीछे डाल दिया और तुच्छ मूल्य पर उसका सौदा किया। कितना बुरा सौदा है जो ये कर रहे है"	कुतब: और [में मुख्य, मोहमद, जब अलाहा ने साहिब को साहिब के साहिब के साथ साहिब के साथ साहिब के साथ साहिब के साथ साहिब के साथ साहिब के साथ साहिब के साथ साहिब के साथ साहिब के साथ साहिब के साथ साहिब के साथ साहिब के साथ साहिब के साथ साहिब के साथ साहिब के साथ साहिब के साथ साहिब के साथ साहिब के साथ साहिब के साथ साहिब के साथ साहिब के साथ साहिब के साथ साहिब के साथ साहिब के साथ साहिब के साथ साहिब के साथ साहिब के साथ साहिब के साथ साहिब के साथ साहिब के साथ साहिब के साथ साहिब के स
391	Heh.	हेह...	Heh.
392	DOKE:	DOKE:	DOKE:
393	- It's pretty awesome. - We'll take it.	नहीं, यह बहुत शांत है.	क्या आप किसी विशेषता को पूरी तरह से समझना चाहते हैं?
394	Name	नाम	Name
395	MINUS ONE XBOX, £150, EQUALS?	शून्य से एक Xbox, £ 150 के बराबर होती है?	मिनस एक बॉक्स, £150, क्वालिस?
396	Ellen's wallet.	एलेन का बटुआ. .	लेन का पैसा
397	Cumulative	क्युमुलेटिव	Cumulative
398	An image of a petrol bomb exploding - which is ludicrous, because we use biodiesel, not petrol!	एक पेट्रोल बम विस्फोट की तस्वीर छपी है जो कि एक बिल्कुल बेतुकी बात है, क्योंकि हम तो बायोडीज़ल प्रयोग करते हैं!	एक पेटल का छेद है। जो biodiesel का उपयोग करते हैं, नहीं पेटल का उपयोग करते हैं।
399	man #2:	पुरुष #2:	मैं आपके संपर्क को सुरक्षित रखूँगा, यह सुरक्षा के साथ सुरक्षित रहूँगा।
400	"So We have taught thee the inspired (Message), ""Follow the ways of Abraham the True in Faith, and he joined not gods with Allah."""	"फिर अब हमने तुम्हारी ओर प्रकाशना की, ""इबराहीम के तरीक़े पर चलो, जो बिलकुल एक ओर का हो गया था और बहुदेववादियों में से न था।"""	"सो हमने तुम्हें इसे प्रियोगी (मूल्य) के रूप में प्राप्त किया है। ""अब्राहिम के प्रतीक, और वह ने अलाहल के साथ सहयोग नहीं किया।"
401	"The people of Noah denied before them, and they denied Our servant and said, ""A madman,"" and he was repelled."	"उनसे पहले नूह की क़ौम ने भी झुठलाया। उन्होंने हमारे बन्दे को झूठा ठहराया और कहा, ""यह तो दीवाना है!"" और वह बुरी तरह झिड़का गया"	"नोएह के लोग ने पहले दिया और उन्होंने नोएह के सेवा को दिया और उन्होंने ""मजदूर"" कहा। उन्होंने को पिटा दिया।"
402	Aunty..you joined hands with the enemy and betrayed me.	Aunty.. you दुश्मन के साथ हाथ मिलाया और मुझे धोखा दिया।	अन्य: आप मित्र के साथ मिले और मुझे धोखा दिया।
403	"When they reached David, he took fright, but they said, ""Do not be afraid. We are two disputants, one of whom has wronged the other: judge between us fairly, do not be unjust, and guide us to the right path."	"जब वे दाऊद के पास पहुँचे तो वह उनसे सहम गया। वे बोले, ""डरिए नहीं, हम दो विवादी हैं। हममें से एक ने दूसरे पर ज़्यादती की है; तो आप हमारे बीच ठीक-ठीक फ़ैसला कर दीजिए। और बात को दूर न डालिए और हमें ठीक मार्ग बता दीजिए"	"देव के साथ, जब उन्होंने डराने के बाद, उन्होंने कहा, ""अरे, हमें डराने की कोशी नहीं है। हमें गलती के बीच मिलकर, डराने के बीच, दोसा हो जाए, दोसा के लिए सहयोग करें और हमें सहयोग का सहारा दें।"
404	Now stop and listen.	अब बंद करो और सुनने।	Now stop and listen.
405	Save the current file	वर्तमान फ़ाइल सहेजें	Save the current file
406	The believers must not establish friendship with the unbelievers in preference to the faithful. Whoever does so has nothing to hope for from God unless he does it out of fear or taqiyah (pious dissimulation). God warns you about Himself. To God do all things return.	ईमानवालों को चाहिए कि वे ईमानवालों से हटकर इनकारवालों को अपना मित्र (राज़दार) न बनाएँ, और जो ऐसा करेगा, उसका अल्लाह से कोई सम्बन्ध नहीं, क्योंकि उससे सम्बद्ध यही बात है कि तुम उनसे बचो, जिस प्रकार वे तुमसे बचते है। और अल्लाह तुम्हें अपने आपसे डराता है, और अल्लाह ही की ओर लौटना है	मुसलमाले के लोगों को अलमालों के साथ संबंध बनाने की सलाह देना चाहिए, अलमालों के लिए अलमालों के लिए से आश्चरित हों। जो किसी के लिए आश्चरित है वह अलमालों के लिए कुछ भी आश्चरित है। अलमालों के लिए अलमालों के लिए अलमालों के लिए अलमालों के लिए अलमालों के लिए अलमालों के लिए अलमालों के लिए अलमालों के लिए अलमालों के लिए अलमालों के लिए अलमालों के लिए अलमालों के लिए अलमालों के लिए अलमालों के लिए अलमालों के लिए अलमालों के लिए अलमालों के लिए अलमालों के लिए अलमालों के लिए अलमालों के ल
407	Assistant Engineer, Jagat Ram Chaudhary, has been sent from Guglada (Kangra) to the Kangra sub-division.	असिस्टेंट इंजीनियर जगत राम चौधरी को गुगलाड़ा (कांगड़ा) से कांगड़ा सब डिवीजन भेजा है।	Assistant Engineer, Jagat Ram Chaudhary, has been sent from Guglada (Kangra) to the Kangra sub-division.
408	Let me look at ya.	मुझे फिर देखो.	मैं देखेंगे कि.
409	What reason do I have to lie?	वन और नहीं कच्चे लोहे का ढलाई खाना एक साथ रह सकते हैं?	क्या मुझे बताएं?
410	except those to whom Allah shows mercy. He is the Most Mighty, the Most Compassionate.	मगर जिन पर ख़ुदा रहम फरमाए बेशक वह (ख़ुदा) सब पर ग़ालिब बड़ा रहम करने वाला है	अपास के लोगों को Allah की दया का प्रारोपण करें, वह सबसे बड़ा और सबसे दयालु है। वह सबसे दयालु है।
411	Lewis able to pick up.	लुईसलेनेमेंसक्षम.	लेव्स एक प्रासाद कर सकता है।
412	And (it is) for the poor fugitives who have been driven out from their homes and their belongings, who seek bounty from Allah and help Allah and His messenger. They are the loyal.	(इस माल में) उन मुफलिस मुहाजिरों का हिस्सा भी है जो अपने घरों से और मालों से निकाले (और अलग किए) गए (और) ख़ुदा के फ़ज़ल व ख़ुशनूदी के तलबगार हैं और ख़ुदा की और उसके रसूल की मदद करते हैं यही लोग सच्चे ईमानदार हैं और (उनका भी हिस्सा है)	अर्थ: केवल (यह) के लिए, जो अपने घरों से बागड़गी के लिए छोड़े गए हैं, जो स्वामर्गी के लिए स्वामर्गी के लिए स्वामर्गी के लिए स्वामर्गी के लिए स्वामर्गी के लिए स्वामर्गी के लिए स्वामर्गी के लिए.
413	Delete _expunged from local Inbox	स्थानीय इनबॉक्स से मिटाकर हटाएँ (_e)	Delete from local Inbox
414	Automated test to store bluetooth device information in checkbox report	स्वचालित परीक्षण चेकबॉक्स रिपोर्ट में ब्लूटूथ डिवाइस की जानकारी डालनें के लिये	Automated test to store bluetooth device information in checkbox report
415	Ten clams, it's yours.	दस क्लेम, यह तुम्हारा है.	टेन क्लैम, यह आपकी है।
416	Ninety five!	पिंचानवें!	Ninety five!
417	Yeah.	हाँ.	"Cutting Knowledge Date: December 2023
Today Date: 13 May 2026"
418	Attachment Reminder	संलग्नक स्मारक	The text is a reminder to the attachment.
419	We were far from each other.	हम एक दूसरे से दूर थे.	हमें एक से दूसर के साथ बहुत दूर थे।
420	And maybe we'll get coffee in bed on Sunday mornings even.	और शायद हमें कॉफी मिलेगी बिस्तर में रविवार की सुबह.	And maybe we'll get coffee in bed on Sunday mornings even.
421	[TV] He's been identified as Alan Seagrave, a prominent Chicago C.P.A.	[वी] उन्होंने एलन Seagrave, एक प्रमुख शिकागो सीपीए के रूप में पहचान की गई है	टीवी का एक विशेष रूप Alan Seagrave, एक प्रमुख चिका पीपीए.
422	So this is it, I'm literally down on my knees.	तो अभी मैं अपने घुटनों पर हूं.	सो यह है यह, मैं वास्तव में नीचे हूँ।
423	Most of them are dead already.	उनमें से अधिकांश पहले से ही मर चुके हैं।	मुख्य: ज्यांके कुछ भाग ही मरे हैं।
424	Create a search folder for this sender	इस प्रेषक के लिए खोज फ़ोल्डर बनाएँ	कृपकार, कृपकार
425	File transfer not supported by remote contact	फाइल हस्तांतरण दूरस्थ संपर्क द्वारा समर्थित नहीं	File transfer not supported by remote contact
426	Shutter sound	शटर आवाज	Shutter sound
427	Error renaming tag	टैग का नाम बदलने में त्रुटि	Error renaming tag
428	Let me what the hell can you do!	चलो देखता हूँ तुम क्या कर सकते हो.	मैं आपको बताना चाहूं।
429	I'll hold it!	मैं यह आयोजन करेगा!	I'll hold it!
430	What is your business then?	आपके व्यापार तो क्या है?	क्या आपकी कंपनी है?
431	Who's Madi?	मादी कौन है?	Who is Madi?
432	He is less impatient than his father.	उसमें उसके पिता जितनी बेसब्री नहीं थी।	किसी के बाद के पिता के साथ कुछ सामान है।
433	In doing that, hopefully, you hoped that... ..governments would seek another path to solving climate change, which wouldn't be a capital-based money system.	ऐसा करने से, आशा है आप आशावान हुए होंगे कि सरकारें जलवायु परिवर्तन को सुलझाने के लिए कोई दूसरा रास्ता ढूंढेगीं, जो कि एक धन-आधारित आर्थिक व्यवस्था नहीं होगी.	किसी भी व्यक्ति के लिए, मैंने इसे एक अच्छा तरीका बताया है। मैंने आशा दी कि आप किसी और का रास्ता लेने के लिए, जो किसी के लिए कैपल-आधारी पैसा नहीं है।
434	Contact ID already exists	वस्तु ID पहले से मौजूद	क्या आप किसी विशेषता के लिए संपर्क कर सकते हैं?
435	Close	#-#-#-#-# balsa.HEAD.hi.po (Balsa 2.x) #-#-#-#-# बन्द करें #-#-#-#-# gedit.gnome-2-2.hi.po (gedit VERSION) #-#-#-#-# बंद करें	क्या आप किसी विशेषता के लिए मुझसे सहायता कर सकते हैं?
436	Dennis Jones reflects on the nation's progress.	डेनिस जोन्स इस देश की प्रगति का जायजा ले रहे हैं।	Dennis Jones का प्रत्याशन देश के प्रगति पर आधार करता है।
437	All further errors shown only on terminal.	आगे की सभी त्रुटियां सिर्फ टर्मिनल पर दिखाएँ.	All further errors shown only on terminal.
438	"Have you not seen those who were told to hold back their hands (from fighting) and perform As-Salat (Iqamat-as-Salat), and give Zakat, but when the fighting was ordained for them, behold! a section of them fear men as they fear Allah or even more. They say: ""Our Lord! Why have you ordained for us fighting? Would that you had granted us respite for a short period?"" Say: ""Short is the enjoyment of this world. The Hereafter is (far) better for him who fears Allah, and you shall not be dealt with unjustly even equal to the Fatila (a scalish thread in the long slit of a date-stone)."	(ऐ रसूल) क्या तुमने उन लोगों (के हाल) पर नज़र नहीं की जिनको (जेहाद की आरज़ू थी) और उनको हुक्म दिया गया था कि (अभी) अपने हाथ रोके रहो और पाबन्दी से नमाज़ पढ़ो और ज़कात दिए जाओ मगर जब जिहाद (उनपर वाजिब किया गया तो) उनमें से कुछ लोग (बोदेपन में) लोगों से इस तरह डरने लगे जैसे कोई ख़ुदा से डरे बल्कि उससे कहीं ज्यादा और (घबराकर) कहने लगे ख़ुदाया तूने हमपर जेहाद क्यों वाजिब कर दिया हमको कुछ दिनों की और मोहलत क्यों न दी (ऐ रसूल) उनसे कह दो कि दुनिया की आसाइश बहुत थोड़ा सा है और जो (ख़ुदा से) डरता है उसकी आख़ेरत उससे कहीं बेहतर है	"क्या आप इन लोगों को छोड़ने के लिए अपने हाथ को छोड़ रहे हैं और कुछ को As-Salat (Iqamat-as-Salat), और देने के लिए Zakat, लेकिन जब फ Fighting था आदर्श किया गया था, तो देखें, और देखें कि कि उन्हें अलाह के बारे में क्या कह रहे हैं? उन्होंने कहा, ""मेरे अलाह, क्या तुम अलाह के लिए फ Fighting क्या है? क्या तुम अलाह के लिए फ Fighting क्या है? क्या तुम अलाह के लिए फ Fighting क्या है? क्या तुम अलाह के लिए फ Fighting क्या है? क्या तुम अलाह के लिए फ Fighting क्या है? क्या तुम अलाह के लिए फ Fighting क्या है? क्या तुम अलाह के लिए फ Fighting क्या है? क्या तुम अल"
439	Sorry, I can't pick you up.	सॉरी, मैं तुम्हें कॉलेज लेने नहीं आ पाया.	मुझे किसी को ढूंढने की कोशी है।
440	What today?	आज क्या चाहीये?	What today?
441	X-Mailer:	एक्स- मेलर:	X-Mailer:
442	"When We said to you: ""Verily your Lord circumscribes mankind,"" and showed you the vision and the accursed tree of the Qur'an, it was as a bone of contention for men. Thus do We (instil) fear in them; but they only transgress the more."	और (ऐ रसूल) वह वक्त याद करो जब तुमसे हमने कह दिया था कि तुम्हारे परवरदिगार ने लोगों को (हर तरफ से) रोक रखा है कि (तुम्हारा कुछ बिगाड़ नहीं सकते और हमने जो ख्वाब तुमाको दिखलाया था तो बस उसे लोगों (के ईमान) की आज़माइश का ज़रिया ठहराया था और (इसी तरह) वह दरख्त जिस पर क़ुरान में लानत की गई है और हम बावजूद कि उन लोगों को (तरह तरह) से डराते हैं मगर हमारा डराना उनकी सख्त सरकशी को बढ़ाता ही गया	"किसी व्यक्ता को देखा के हमने कहा, ""वीर रूपका मानव को किरकिरा कर देते हैं, और कुरान का द्वारा की दारस्ती का द्वारा है कि क्या कुछ माना है? यह कुछ माना है कि वे कुछ माने हैं।"
443	Those who ward off (evil) are not accountable for them in aught, but the Reminder (must be given them) that haply they (too) may ward off (evil).	उनके हिसाब के प्रति तो उन लोगो पर कुछ भी ज़िम्मेदारी नहीं, जो डर रखते है। यदि है तो बस याद दिलाने की; ताकि वे डरें	वही के विधि (अवै) को कारण के लिए कारण के लिए कारण के लिए कारण के लिए कारण के लिए कारण के लिए कारण के लिए कारण के लिए कारण के लिए कारण के लिए कारण के लिए कारण के लिए कारण के लिए कारण के लिए कारण के लिए कारण के लिए कारण के लिए कारण के लिए कारण के लिए कारण के लिए कारण के लिए कारण के लिए कारण के लिए कारण के लिए कारण के लिए कारण के लिए कारण के लिए कारण के लिए कारण के लिए कारण के लिए कारण के लिए कारण के लिए कारण के लिए कारण के लिए कारण के लिए कारण के लिए कारण के लिए कारण के लिए कारण के लिए कारण के लिए क
444	But we could hold our own in a fight.	लेकिन हम एक लड़ाई में हमारी अपनी पकड़ सकता है.	बहुत ही कठम था।
445	"And they say: ""Our hearts are enfolded in covers."" In fact God has cursed them for their unbelief; and only a little do they believe."	"वे कहते हैं, ""हमारे दिलों पर तो प्राकृतिक आवरण चढ़े है"" नहीं, बल्कि उनके इनकार के कारण अल्लाह ने उनपर लानत की है; अतः वे ईमान थोड़े ही लाएँगे"	"And वे कहते हैं: ""हमारे दिल में भरे हैं।"" सच्चे है कि भगवान उन्हें अपने अनुष्ठ; और केवल एक छोटा सोचते हैं।"
446	Add Breakpoint…	ब्रेकपाइंट जोड़ें...	Add Breakpoint…
447	Royal priest had predicted this calamity only.	राजगुरू इस त्रासदी की गणना कर चुके है.	राजा के प्रवर्णिक पूर्वकालिक ने इस काल्पनी को केवल, विशेष, और पूर्वकालिक मान दिया।
448	I have managed to preserve Royce to end so that he knew would be coming.	मैं आ रहा होगा की रक्षा करने में कामयाब रहे कि Royce समाप्त करने के लिए इतना पता था वह.	मैं रॉयसी को समाप्त कर दिया है।
449	The memo could not be deleted due to a dbus error: %s	dbus त्रुटि के कारण मेमो विलोपित नहीं किया जा सका: %s	मुझे किसी को मेल के साथ कुछ संकेत देने की सलाह देने के लिए, किसी को मेल के साथ कुछ संकेत देने के लिए, किसी को मेल के साथ कुछ संकेत देने के लिए, किसी को मेल के साथ कुछ संकेत देने के लिए, किसी को मेल के साथ कुछ संकेत देने के लिए, किसी को मेल के साथ कुछ संकेत देने के लिए, किसी को मेल के साथ कुछ संकेत देने के लिए, किसी को मेल के साथ कुछ संकेत देने के लिए, किसी को मेल के साथ कुछ संकेत देने के लिए, किसी को मेल के साथ कुछ संकेत देने के लिए, किसी को म
450	which is why we're seeing a recurrence of your symptoms.	हम आपके लक्षणों की एक पुनरावृत्ति क्यों देख रहे हैं जो है.	क्या आप मुझसे किसी विशेषता के लिए मुझसे मदद कर सकते हैं?
451	And then, among the fishes, a whale!	और फिर, मछलियों के बीच, एक व्हेल!	अर्थ: कुछ प्राणिकों के लिए, एक प्राणिक है।
452	Installed on:	इस पर संस्थापित:	Installed on:
453	And he drew forth his hand, and lo, it was white to the beholders.	और (जेब से) अपना हाथ बाहर निकाला तो यकायक देखने वालों के वास्ते बहुत सफेद चमकदार था	अर्थ: एक प्रकार्कारी के बाद में एक प्रकार्कारी के साथ एक साथ में हो जाता है।
454	They assign daughters to Allah - glory be to Him - whereas they assign to themselves what they truly desire!	और वे अल्लाह के लिए बेटियाँ ठहराते है - महान और उच्च है वह - और अपने लिए वह, जो वे चाहें	किसी को दाना देने के लिए, अलाह को खुशाला देने के लिए, और उन्हें अपने वास्ते को खुशाला देने के लिए, उन्हें खुशाला देने के लिए।
455	What would be the quickest way to find a-- some kind of solution?	एक खोजने के लिए तेज तरीका होगा क्या - समाधान की किसी तरह का?	क्या किसी तरह की किसी तरह की समस्या को हल्का ढूँरा ढूँरा ढूँरा ढूँरा ढूँरा ढूँरा ढूँरा ढूँरा ढूँरा ढूँरा ढूँरा ढूँरा ढूँरा ढूँरा
456	This was not a choice between You and Jacob.	इस याकूब और आप के बीच एक विकल्प नहीं था.	This was not a choice between You and Jacob.
457	This version of mkisofs is not supported	mkisofs का संस्करण समर्थित नहीं है	मुख्य: किसी भी व्यक्ति के लिए, यह संस्करण मुख्य संस्करण है।
458	"""Shipr."""	"""शिप्रा"""	"""Shipr."""
459	Hypnotherapy is a means of altering unwanted or dysfunctional behavior.	सम्मोहन फेरबदल करने का एक साधन है अवांछित या बेकार व्यवहार.	हिपनोटरी एक अवांत और व्यवधनीय व्यविध्य का एक तरीका है।
460	Address Book	पता पुस्तिका	Address Book
461	String	स्ट्रिंग	मुख्य: क्या आप मुझसे स्टैंडिंग स्टैंडिंग स्टैंडिंग स्टैंडिंग स्टैंडिंग स्टैंडिंग स्टैंडिंग स्टैंडिंग स्टैंडिंग स्टैंडिंग स्टैंडिंग स्टैंडिंग स्टैंडिंग स्टैंडिंग स्टैंडिंग स्टैंडिंग स्टैंडिंग स्टैंडिंग स्टैंडिंग स्टैंडिंग स्टैंडिंग स्टैंडिंग स्टैंडिंग स्टैंडिंग स्टैंडिंग स्टैंडिंग स्टैंडिंग स्टैंडिंग स्टैंडिंग स्टैंडिंग स्टैंडिंग स्टैंडिंग स्टैंडिंग स्टैंडिंग स्टैंडिंग स्टैंडिंग स्टैंडिंग स्टैंडिंग स्टैंडिंग स्टैंडिंग स्टैंड
462	_End time:	अंत्य समय (_E):	"Cutting Knowledge Date: December 2023
Today Date: 13 May 2026"
463	No space	कोई ऐसा स्थान नहीं	No space
464	You see, that's fine.	देखा, ठीक है.	आप देखें, यह अच्छा है।
465	Last thing we were thinking about was radiation shielding.	हम के बारे में सोच रहे थे अंतिम बात विकिरण परिरक्षण था.	सबस्ती का आखरा था कि हमें रेडियस्ट्रिक शेडिंग के बारे में सोच रहे थे।
466	These things have been extinct for over 150 million years.	हन्ना: वे कहाँ जा रहे हैं? ट्रेवर:	क्या आप किसी विशेषता के लिए संस्कृति को सूचित कर सकते हैं?
467	Eret, son of Eret!	एरेट, एरेट का पुत्र!	Eret, son of Eret!
468	What have you got there?	आप वहां क्या मिला है?	क्या आपको कुछ है?
469	I'm sorry, Erik, but I've seen what Shaw did to you.	मैं माफी चाहता हूँ, एरिक. लेकिन मैंने देखा है शॉ तुम्हारे साथ क्या किया.	मैं खेद, लेकिन मैंने शाह को देखा है।
470	If you're staying here, stop begging, otherwise, go away.	अगर तुम्हें यहाँ रहना हैं, भीख माँगना बंद करो; अन्यथा, जाओ यहां से.	अगर आप यहाँ रह रहे हैं, तो बेगने और चले.
471	Use revision:	रिवीजन का उपयोग करें:	Use revision:
472	In the stinking rice paddies, it will decompose faster.	बदबूदार धान में यह तेजी से सड़ जाएगा.	स्टिंगिंग राइस पेडिया, जो किसी भी पेडिया में घटा है, वह तेज़ होगा।
473	But those who fear Allah and keep their duty to their Lord (Allah), for them are built lofty rooms; one above another under which rivers flow (i.e. Paradise). (This is) the Promise of Allah: and Allah does not fail in (His) Promise.	जो आग में (पड़ा) हो मगर जो लोग अपने परवरदिगार से डरते रहे उनके ऊँचे-ऊँचे महल हैं (और) बाला ख़ानों पर बालाख़ाने बने हुए हैं जिनके नीचे नहरें जारी हैं ये खुदा का वायदा है (और) वायदा ख़िलाफी नहीं किया करता	बस those जो Allah को अपने दाया के लिए कुछ कर रहे हैं, और उन्हें बादली से बाहर है जो नदों के पानी के साथ (i.e. पर्वत) (इसे) अलाह का प्रतीक है। (यह) अलाह का प्रतीक है और अलाह का प्रतीक नहीं है।
474	Verily, to thy Lord is the return (of all).	बेशक तुम्हारे परवरदिगार की तरफ (सबको) पलटना है	विरोध्य, तुम्हारे भगवान को प्राप्त करें, तुम्हारे भगवान के पास में से से प्राप्त करें।
475	Faces on that Day will be shamed.	उस दिन बहुत से चेहरे ज़लील रूसवा होंगे	फेस के दिन का दिन होगा।
476	http://www.google.com/search?q=%sie=UTF-8oe=UTF-8	http://www.google.co.in/search?q=%sie=UTF-8oe=UTF-8	"Cutting Knowledge Date: December 2023
Today Date: 13 May 2026"
477	You must never confuse your feelings with your duties, Alexander.	आप अपनी भावनाओं को भ्रमित नहीं करना चाहिए... ... अपने कर्तव्यों के साथ, सिकंदर.	मुझे यहाँ किसी को अपने कार्यों के साथ अपने भावनों के साथ संतुलन कराना चाहिए।
478	With festivals can food be far behind? .:Myfriend:. from Malaysia shares information about Ketupat, an integral part of Eid ul-Fitr in Malaysia.	:माइफ्रेंड:. केतुपत, के बारे में बता रहे हैं जो कि मलेशिया में ईद-उल-फित्र त्यौहार का प्रमुख हिस्सा है.	मुझे किसी भी विषय के साथ संवादित करने की आवश्यकता है।
479	SOMEBODY WHO MIGHT HAVE YOUR NUMBER?	आपका नंबर हो सकता है डब्ल्यूएचओ किसी को?	सोमEBODY WHO मित्र हो सकते हैं आपका नंबर?
480	I find this whole concept of interviewing very flawed.	मुझे इंटरव्यू लेने के इस पूरे विचार में कमी लगती है।	मुझे यह व्यक्तित्व का एक स्वाभास है।
481	Honky-tonk up the 56 outside of Mount Hope.	होंकी-टोंक माउंट होप के बाहर 56 ऊपर.	Honky-tonk up the 56 outside of Mount Hope.
482	All this stuff is really...	यह सब चीज़े...	All this is really...
483	She is busy preparing for the trip.	वह सफ़र की तैयारी में लगी हुई है।	से के लिए, इस प्रारंभ के लिए, वह तैयार है कि ट्रिप के लिए।
484	(COUGHS) home	(खांसी) घर	कोयल्सह
485	Brazil	ब्राझील	Brazil
486	[ ENGINE GRINDING, SQUEALING ]	[इंजन पीस, चिल्ला]	क्या आप किसी विशेष कार्यों के लिए संस्कृत भाषा में संस्कृति को सूचित कर सकते हैं?
487	You are so smart. Right.	तुम बहुत ही स्मार्ट हो।	आप बहुत साहनीय हैं। सही हैं।
488	This year in April a trial was held in the federal court in Oklahoma.	इस साल अप्रैल में ओकलाहोमा शहर स्थित संघीय अदालत में उस पर मुकदमा चला था।	अर्थ: 2023 में द्वित्व का एक वर्ष है।
489	Today	आज	Today
490	No, Raleigh, listen to me.	नहीं, रैले, मेरी बात सुनो.	रेली (Raleigh)
491	No, but his is so..	नहीं, लेकिन उसकी तो है ..	No, but his is so..
492	All their time.	उनका पूरा समय।	All time.
493	Tower, we're going offline soon, but drones are already mobile and executing.	टॉवर,हमजल्दहीऑफ़लाइनजारहे , लेकिनराजापहलेसेही मोबाइल और क्रियान्वित कर रहे हैं	टावर, हमें जल्दी की ओर से काम कर रहे हैं, लेकिन ड्रोन अभी मौजूद हैं।
494	"Say, ""Call upon Allah or call upon the Most Merciful. Whichever [name] you call - to Him belong the best names."" And do not recite [too] loudly in your prayer or [too] quietly but seek between that an [intermediate] way."	"कह दो, ""तुम अल्लाह को पुकारो या रहमान को पुकारो या जिस नाम से भी पुकारो, उसके लिए सब अच्छे ही नाम है।"" और अपनी नमाज़ न बहुत ऊँची आवाज़ से पढ़ो और न उसे बहुत चुपके से पढ़ो, बल्कि इन दोनों के बीच मध्य मार्ग अपनाओ"	"सaying, ""कॉल उन अलाहा या कॉल अलाहा मुस्लीमिले बेगने बेगने बेगने."" और कोई [नाम] आप [अरे] बेगने बेगने बेगने बेगने."""
495	You need not do it if you don't want to	आप इसे करते जरूरत नहीं है अगर आप नहीं करना चाहते हैं	"Cutting Knowledge Date: December 2023
Today Date: 13 May 2026"
496	When Kotranka Tehsildaar reached the P.H.E department, he found it locked.	तहसीलदार कोटरंका स्थित पीएचई विभाग के कार्यालय पहुंचे तो वहां ताला लगा हुआ था।	Kotarka Tehsildaar reached the P.H.E department, he found it locked.
497	Filtering options	फिल्टरिंग विकल्प	मुझे किसी को फिलिंग के लिए कुछ विकल्प देने की सुविधा में मदद देने के लिए मुझे सूचित करने की आवश्यकता है।
498	Durkin's Garage.	डर्किन का गराज.	Durin's Garage.
499	Yes.	हाँ।	Yes.
500	Just give us back our dragon, and we'll go...	बस हमें हमारा ड्रैगन वापस कर दो और हम चले जाएँगे...	सही होने के लिए, दो से दो को मिलाएं, और हमें आगे बढ़ें।
501	And maybe we'll get coffee in bed Sunday mornings.	और शायद हमें कॉफी मिलेगी बिस्तर में रविवार की सुबह.	And maybe we'll get coffee in bed Sunday mornings.
502	Book URI	पुस्तक URI	क्या आप किसी विशेषता के लिए मुझसे स्पष्टीकरण दे सकते हैं?
503	"Could not find relationships file ""%1"""	फ़ाइल से पढ़ नहीं सका.	"कोई संबंधी फील्ड ""1"""
504	- [Fire Bell]	- [आग बेल]	Fire Bell
505	The angels along with the Spirit descend in it by the permission of their Lord with all kinds of decrees.	उसमें फ़रिश्तें और रूह हर महत्वपूर्ण मामलें में अपने रब की अनुमति से उतरते है	अलस्त के अलस्त के अलस्त के अलस्त के अलस्त के अलस्त के अलस्त के अलस्त के अलस्त के अलस्त के अलस्त के अलस्त के अलस्त के अलस्त के अलस्त के अलस्त के अलस्त के अलस्त के अलस्त के अलस्त के अलस्त के अलस्त के अलस्त के अलस्त के अलस्त के अलस्त के अलस्त के अलस्त के अलस्त के अलस्त के अलस्त के अलस्त के अलस्त के अलस्त के अलस्त के अलस्त के अलस्त के अलस्त के अलस्त के अलस्त के अलस्त के अलस्त के अलस्त के अलस्त के अलस्त के अलस्त के अलस्त के अलस्त के अलस्त के अलस्त के अलस्त के
506	Sending message %d of %d	%d के %d संदेश को भेज रहा है	Ensure the following text from English to HindiEnsure the translation from English to HindiDo ensure, faithful, accurate, fluent, and faithful to the original meaning.
507	It's just a dream of a farmer from Kansas.	यह सिर्फ कान्सास से एक किसान की एक सपना है।	It's just a dream of a farmer from Kansas.
508	Surely those who believe, and those who are Jews, and the Christians, and the Sabians, whoever believes in Allah and the Last day and does good, they shall have their reward from their Lord, and there is no fear for them, nor shall they grieve.	बेशक मुसलमानों और यहूदियों और नसरानियों और ला मज़हबों में से जो कोई खुदा और रोज़े आख़िरत पर ईमान लाए और अच्छे-अच्छे काम करता रहे तो उन्हीं के लिए उनका अज्र व सवाब उनके खुदा के पास है और न (क़यामत में) उन पर किसी का ख़ौफ होगा न वह रंजीदा दिल होंगे	सही जो लोग विश्वास करते हैं, और जो लोग जैन, और साबियन, जो लोग Allah के लोग हैं, और जो लोग Last day के लोग हैं, और जो लोग अच्छा करें, उन्हें उनके लाभ के लिए स्वामी के लिए, और उन्हें कोई भयास नहीं होगा, और उन्हें कोई भयास नहीं होगा।
509	Page	पृष्ठ	Page
510	Valid signature, but cannot verify sender	वैध हस्ताक्षर, प्रेषक को नहीं जांच सकता है	सही सुरक्षा की सुरक्षा
511	* (C) find my home again afterwards.	* (स) उसके बाद मुझे घर वापस आने में कोई परेशानी नहीं हुई.	क्या आप मुझे किसी विशेष विशेषता के लिए किसी विशेषता को दिखा सकते हैं?
512	"""And ordain for us that which is good, in this life and in the Hereafter: for we have turned unto Thee."" He said: ""With My punishment I visit whom I will; but My mercy extendeth to all things. That (mercy) I shall ordain for those who do right, and practise regular charity, and those who believe in Our signs;-"	"""और हमारे लिए इस संसार में भलाई लिख दे और आख़िरत में भी। हम तेरी ही ओर उन्मुख हुए।"" उसने कहा, ""अपनी यातना में मैं तो उसी को ग्रस्त करता हूँ, जिसे चाहता हूँ, किन्तु मेरी दयालुता से हर चीज़ आच्छादित है। उसे तो मैं उन लोगों के हक़ में लिखूँगा जो डर रखते और ज़कात देते है और जो हमारी आयतों पर ईमान लाते है"	"Andordain for us that which is good, in this life and in the Hereafter: for us have turned unto Thee. He said: ""With My punishment I visit whom I will; but My mercy extendeth to all things. That (mercy) I shall ordain for those who do right, and practise regular charity, and those who believe in Our signs;-"
513	I'd been in the army less than a year when that unholy Tet arrived.	. कि अपवित्र Tet पहुंचे जब मैं सेना में कम से कम एक वर्ष किया जाएगा.	मैं थोड़ी देर से सैन्य में रहा था, एक साल में था।
514	'Cause you're gonna make a phone call for us.	आप हमारे लिए एक फोन करने वाले हैं है.	क्या आप मुझे एक फोन कॉल के लिए कॉल कर रहे हैं?
515	He called me boatsman Olsen's second wife.	उसने मुझे केवट ऑलसेन की दूसरी पत्नी कहा.	बोली: बोली
516	"Hashing ""%s"""	"हैशिंग ""%s"""	हस्ता
517	The color that is used to fill the area behind the image. If the use-background-color key is not set, the color is determined by the active GTK+ theme instead.	रंग कि छवि के पीछे क्षेत्र को भरने के लिए प्रयोग किया जाता है.यदि कुंजी उपयोग पृष्ठभूमि रंग सेट नहीं है, रंग सक्रिय GTK + बजाय विषय द्वारा निर्धारित किया जाता है.	कल्पना की सामग्री को पूर्वांग के प्राथक के साथ उपयोग किया जाता है। यदि कार्टेक के प्राथक का उपयोग नहीं किया जाता है, तो कल्पना का कार्टेक के साथ के साथ कार्तेक का उपयोग किया जाता है।
518	And We grew a tree of gourd (as a shelter) above him.	हमने उसपर बेलदार वृक्ष उगाया था	अनुसार, हमने एक पेड़ के पेड़ के ऊपर एक छाया बनाया।
519	This matter is not for you to decide – whether He guides them to repent or punishes them, for they are the unjust.	(ऐ रसूल) तुम्हारा तो इसमें कुछ बस नहीं चाहे ख़ुदा उनकी तौबा कुबूल करे या उनको सज़ा दे क्योंकि वह ज़ालिम तो ज़रूर हैं	इस मामले को किसी को निर्णय देने के लिए नहीं है, क्योंकि वह किसी को दोषमान है।
520	- Yeah.	-हाँ।	"I can help you with the following text from English to Hindi:

-Yeah."
521	Using LDAP	LDAP का प्रयोग करें	"Cutting Knowledge Date: December 2023
Today Date: 13 May 2026"
522	At least %1 points are needed for that spline type	उस स्प्लाइन क़िस्म के लिए कम से कम% 1 बिन्दु आवश्यक हैं	किसी से कम 1 प्रतिशत है कि स्लिंग टाइप के लिए
523	- No.	- नंबर	No.
524	Error on rollback transaction	रोलबैक ट्रांजेक्शन में त्रुटि	Error on rollback transaction
525	& Tools	औज़ार (T)	"Cutting Knowledge Date: December 2023
Today Date: 13 May 2026"
526	Are we gonna fight, or you plan on boring me to death?	हम लड़ाई, वाला या आप मुझे मृत्यु को बोरिंग पर योजना कर रहे हैं?	हमें लड़ने के लिए क्या होगा, या क्या मैं अपने जीवन को मार देता हूँ?
527	O ye who believe! Take your precautions, and either go forth in parties or go forth all together.	ऐ ईमानवालों (जिहाद के वक्त) अपनी हिफ़ाज़त के (ज़राए) अच्छी तरह देखभाल लो फिर तुम्हें इख्तेयार है ख्वाह दस्ता दस्ता निकलो या सबके सब इकट्ठे होकर निकल खड़े हो	ये लोगों को सुनने की सिफारी करें, और किसी भी पार्ट में जाने के लिए या किसी भी पार्ट में जाने के लिए चलें।
528	How dare you say it's unlikely?	तुम्हारी हिम्मत कैसे हुई असंभव कहने की?	दस्ताने की संभावना के लिए, मुझे बताना चाहिए कि यह बहुत हदुर है।
529	“We only feed you for the sake of God. We want from you neither compensation, nor gratitude.	"""हम तो केवल अल्लाह की प्रसन्नता के लिए तुम्हें खिलाते है, तुमसे न कोई बदला चाहते है और न कृतज्ञता ज्ञापन"	सही होने के लिए, हमें केवल भगवान के लिए खाना है। हमें किसी भी प्राप्ति के लिए कोई भी प्राप्ति नहीं।
530	Yoare no AL0	कोई AL0 Yoare	"Cutting Knowledge Date: December 2023
Today Date: 13 May 2026"
531	No, Alexander.	नहीं, सिकंदर.	No, Alexander.
532	- Margarethe Lorenz.	- मार्गरेथ लौरेंज.	मार्गरेथ लोरेन्स.
533	They said, ‘O Moses, we will never enter it so long as they remain in it. Go ahead, you and your Lord, and fight! We will be sitting right here.’	वह कहने लगे एक मूसा (चाहे जो कुछ हो) जब तक वह लोग इसमें हैं हम तो उसमें हरगिज़ (लाख बरस) पॉव न रखेंगे हॉ तुम जाओ और तुम्हारा ख़ुदा जाए ओर दोनों (जाकर) लड़ो हम तो यहीं जमे बैठे हैं	मोहर, मोहर, मोहर, मोहर, मोहर, मोहर, मोहर, मोहर, मोहर, मोहर, मोहर, मोहर, मोहर, मोहर, मोहर, मोहर, मोहर, मोहर, मोहर, मोहर, मोहर, मोहर, मोहर, मोहर, मोहर, मोहर, मोहर, मोहर, मोहर, मोहर, मोहर, मोहर, मोहर, मोहर, मोहर, मोहर, मोहर, मोहर, मोहर, मोहर, मोहर, मोहर, मोहर, मोहर, मोहर, मोहर, मोहर, मोहर, मोहर, मोहर, मोहर, मोहर, मोहर, मोहर, मोहर, मोहर, मोहर, मोहर, मोहर, मोहर, मोहर, मोहर, मोहर, मोहर,
534	Scale Center Y	स्केल सेंटर Y	The text is accurate, fluent, and faithful to the original meaning.
535	Select the calendars to search for meeting conflicts	बैठक विरोध के लिए ढ़ूंढ़ने के लिए पंचांग चुनें	कल्पना
536	He cares more about me than his work.	वे अपने काम से अधिक मेरी परवाह करते हैं.	कोई किसी के साथ अधिक दयाग्रह करता है।
537	"Surely, disbelievers are those who said: ""Allah is the third of the three (in a Trinity)."" But there is no ilah (god) (none who has the right to be worshipped) but One Ilah (God -Allah). And if they cease not from what they say, verily, a painful torment will befall the disbelievers among them."	जो लोग इसके क़ायल हैं कि ख़ुदा तीन में का (तीसरा) है वह यक़ीनन काफ़िर हो गए (याद रखो कि) ख़ुदाए यकता के सिवा कोई माबूद नहीं और (ख़ुदा के बारे में) ये लोग जो कुछ बका करते हैं अगर उससे बाज़ न आए तो (समझ रखो कि) जो लोग उसमें से (काफ़िर के) काफ़िर रह गए उन पर ज़रूर दर्दनाक अज़ाब नाज़िल होगा	"सही सुनने के लिए, दिल्लीवी लोगों के लोग जो कहते हैं: ""तीन त्रिमा में तेरे लाह (अलाह) का तीसरा है। लेकिन तेरे लाह (अलाह) के बिना कोई अलाह (अलाह) है। और अगर उन्हें नहीं बंदे हैं कि उन्हें अलाह (अलाह) कहें है।"
538	So that the People of the Book may know that they have no power over any of the favors of Allah; that the favors are in the Hand of Allah; He gives it towhom He will. The Favor of Allah is the Great.	(ये इसलिए कहा जाता है) ताकि अहले किताब ये न समझें कि ये मोमिनीन ख़ुदा के फज़ल (व क़रम) पर कुछ भी कुदरत नहीं रखते और ये तो यक़ीनी बात है कि फज़ल ख़ुदा ही के कब्ज़े में है वह जिसको चाहे अता फरमाए और ख़ुदा तो बड़े फज़ल (व क़रम) का मालिक है	सो कि किताब के लोगों को जानते हैं कि वे कोई कोई शक्ति का कोई कोई सुविधा नहीं है; कि कुछ शक्ति के लिए Allah का स्वामय है; वह कुछ को देने के लिए है; वह कुछ को देने के लिए है। अलवाल का स्वामय अलवाल का बड़ा है।
539	What kind of trouble, Silas?	मुसीबत, सीलास के किस तरह का?	सिलास के लिए, क्या कोई समस्य है?
540	Keywords:	बीजशब्द:	"Cutting Knowledge Date: December 2023
Today Date: 13 May 2026"
541	It's Mithravinda Devi, who'll be the next queen...	मित्राविन्दा देवी, जो कि अगली महारानी होगी...	It's Mithravinda Devi, who'll be the next queen.
542	Come on, come and have a shower, get the day going.	चलो आओ, अब शॉवर ले लो, और दिन शुरू करो.	कोई हो और एक स्नेह, एक दिन का आनंद लेना चाहिए।
543	Description	वर्णन	Description
544	"""In an ideal world, Franck, he'd kill us all."""	"""एक आदर्श दुनिया में, फ्रैंक, वह हम सभी को मार डालेंगे ."""	फ्रेंक, एक सामान्य दुनिया के रूप में, वह हमें किसी भी किसी को मारने के लिए तैयार है।
545	Jasper has experience with a newborn.	नवजात शिशु के साथ है एक अनुभव.	Jasper has experience with a newborn.
546	I had mine in a turnip patch.	लेकिन मेरा एक शलजम के बगीचे में हुआ था.	मैंने अपने मैदी में एक ट्रेन का प्लेसेज़ है।
547	Indeed there was a sign for you in the two hosts (which) met together in encounter; one party fighting in the way of Allah and the other unbelieving, whom they saw twice as many as themselves with the sight of the eye and Allah strengthens with His aid whom He pleases; most surely there is a lesson in this for those who have sight.	बेशक तुम्हारे (समझाने के) वास्ते उन दो (मुख़ालिफ़ गिरोहों में जो (बद्र की लड़ाई में) एक दूसरे के साथ गुथ गए (रसूल की सच्चाई की) बड़ी भारी निशानी है कि एक गिरोह ख़ुदा की राह में जेहाद करता था और दूसरा काफ़िरों का जिनको मुसलमान अपनी ऑख से दुगना देख रहे थे (मगर ख़ुदा ने क़लील ही को फ़तह दी) और ख़ुदा अपनी मदद से जिस की चाहता है ताईद करता है बेशक ऑख वालों के वास्ते इस वाक़ये में बड़ी इबरत है	अर्थ: यहाँ एक संकेत है कि आप दो भागों में एक संकेत है जो दो भागों में एक संकेत है जो अलाह के साथ और अन्य लोगों के साथ देख रहे हैं, जो दो लोगों को देखकर देखकर देखकर देखकर देखकर देखकर देखकर देखकर देखकर देखकर देखकर देखकर देखकर देखकर देखकर देखकर देखकर देखकर देखकर देखकर देखकर देखकर देखकर देखकर देखकर देखकर देखकर देखकर देखकर देखकर देखकर देखकर देखकर देखकर देखकर देखकर देखकर देखकर देखकर देखकर देखकर देखकर देखकर देखकर देखकर देखकर देखकर देखकर देखकर देखकर देखकर देखकर देखकर देखकर देखकर देखकर देखकर देखकर देखकर देखकर
548	Can he ride with me?	क्या यह मेरे साथ आ सकता है?	Can he ride with me?
549	But I'm gonna tell you, that's dumb.	लेकिन मैं कर रहा हूँ तुम्हें कहता हूं, कि मूर्ख है.	मैं आपको बताना चाहता हूँ, यह बहुत ही दुर्भाग.
550	And if anyone of the polytheists asks you for protection, give him protection so that he may hear the Word of God; then escort him to his place of safety. That is because they are a people who do not know.	और (ऐ रसूल) अगर मुशरिकीन में से कोई तुमसे पनाह मागें तो उसको पनाह दो यहाँ तक कि वह ख़ुदा का कलाम सुन ले फिर उसे उसकी अमन की जगह वापस पहुँचा दो ये इस वजह से कि ये लोग नादान हैं	And if anyone of the polytheists asks you for protection, give him protection so that he may hear the Word of God; then escort him to his place of safety. That is because they are a people who do not know.
551	A drone picked up voiceprints in the Indus Valley.	एक ड्रोन सिंधु घाटी में voiceprints उठाया.	ड्रोन ने इंडुस्ता के मैदे में वॉयप्रिंट्स को सुनाया
552	B3/ Modification of B2	B3 / B2 का संशोधनName	मुख्य: 3/ मॉडिफिकेशन ऑफ B2
553	Keywords:	की- वर्डस:	"Cutting Knowledge Date: December 2023
Today Date: 13 May 2026"
554	What's that supposed to mean?	क्या मतलब है?	क्या आप कुछ ऐसा है जो कुछ कह रहे हैं?
555	I had a fight with my old friends because of you.	मैं तुम्हारी वजह से मेरे पुराने दोस्तों के साथ झगड़ा हुआ था।	मैंने अपने पुर्वासों के साथ एक लड़ाक के कारण आपके साथ लड़ाक था।
556	Oh, Zeus.	ओह, ज़ीउस.	Oh, Zeus.
557	Firstly, that he didn't find the photo.	पहला, की उसे फोटो ही नहीं मिला।	अर्थ: किसी के पास एक छोटी चित्र हो सकती है।
558	or to one who places obstacles in the way of good being done or to the wicked transgressor,	हद से बढ़ने वाला गुनेहगार तुन्द मिजाज़	क्या आप एक पलने के लिए दो के लिए दिया जाता है?
559	_View	देखें (_V)	"Cutting Knowledge Date: December 2023
Today Date: 13 May 2026"
560	Even wind touching you would say I love you... ln the smile of my sulking lover, I see my love... did my life seek help from you?	Even wind touching you would say l love you... ln the smile of my sulking lover, l see my love... did my life seek help from you?	Even wind touching you would say I love you... ln the smile of my sulking lover, I see my love... did my life seek help from you?
561	I'm still with Emily, and we're still hanging out in Chicago.	मैं अब भी एमिली के साथ हूं, और हम अब भी शिकागो में ही हैं.	मैं अभी मैं ईमिली के साथ हूँ, और हम अभी चिकिता हैं चिकिता में हैं।
562	LUCIUS:	Lucius:	LUCIUS:
563	Just in case we caught you in the background.	सिर्फ मामले में हम पृष्ठभूमि में आप फंस गए.	सही होने के लिए, किसी को पकड़कर आप को पकड़कर देखें।
564	See, Judah is turning, um...	देखें, यहूदा बदल रहा है, उम...	क्या आप किसी विशेषता के लिए स्पष्टीकरण देते हैं?
565	And one thing about direct action, I suppose, the target is meant to have an immediate effect.	सीधी कार्यवाही के बारे में एक बात ये है कि इसका प्रमुख लक्ष्य तुरंत असर डालना होता है	अन्य कुछ बातें के लिए, मुझे संदेश को सही और सही होने की आवश्यकता है।
566	And appoint goodness for us in this world and the Hereafter, for indeed we have come back to You.’ Said He, ‘I visit My punishment on whomever I wish, but My mercy embraces all things. Soon I shall appoint it for those who are Godwary and give the zakat and those who believe in Our signs	और तू ही इस दुनिया (फ़ानी) और आख़िरत में हमारे वास्ते भलाई के लिए लिख ले हम तेरी ही तरफ रूझू करते हैं ख़ुदा ने फरमाया जिसको मैं चाहता हूँ (मुस्तहक़ समझकर) अपना अज़ाब पहुँचा देता हूँ और मेरी रहमत हर चीज़ पर छाई हैं मै तो उसे बहुत जल्द ख़ास उन लोगों के लिए लिख दूँगा (जो बुरी बातों से) बचते रहेंगे और ज़कात दिया करेंगे और जो हमारी बातों पर ईमान रखा करेंगें	अनुसार, मुझे यह संस्कृत भाषा में संशक्षित करने की आवश्यकता है।
567	I didn't know any criminals so I thought Riz might.	मैंने नहीं किया. मैं रिज़ हो सकता है तो मैंने सोचा कि किसी भी अपराधियों को पता है.	मुझे किसी को किसी के साथ मिलाने का कोई संदेश नहीं था, इसलिए मैं रिज़ में सोचा।
568	And your Lord is Rich (Free of all wants), full of Mercy, if He will, He can destroy you, and in your place make whom He will as your successors, as He raised you from the seed of other people.	और जो कुछ वह लोग करते हैं तुम्हारा परवरदिगार उससे बेख़बर नहीं और तुम्हारा परवरदिगार बे परवाह रहम वाला है - अगर चाहे तो तुम सबके सबको (दुनिया से उड़ा) ले लाए और तुम्हारे बाद जिसको चाहे तुम्हार जानशीन बनाए जिस तरह आख़िर तुम्हें दूसरे लोगों की औलाद से पैदा किया है	अर्थ: जीवन के लिए, आपका द्वारा (अर्थ) जीवन के लिए, आपके द्वारा (अर्थ) जीवन के लिए, आपके द्वारा (अर्थ) जीवन के लिए, जीवन के लिए, जीवन के लिए, जीवन के लिए, जीवन के लिए, जीवन के लिए, जीवन के लिए, जीवन के लिए, जीवन के लिए, जीवन के लिए, जीवन के लिए, जीवन के लिए, जीवन के लिए, जीवन के लिए, जीवन के लिए, जीवन के लिए, जीवन के लिए, जीवन के लिए, जीवन के लिए, जीवन के लिए, जीवन के लिए, जीवन के लिए, जीवन के लिए, जीवन के लिए, जीवन के लिए, जीवन के लिए, जीवन के लिए, जीवन के लिए, जीवन
569	Or He may seize them by diminishing their portion. Yet your Lord is compassionate and kind.	या वह अज़ाब से डरते हो तो (उसी हालत में) धर पकड़ करे इसमें तो शक नहीं कि तुम्हारा परवरदिगार बड़ा शफीक़ रहम वाला है	अर्थ: किसी भी किसी को छोड़ने के लिए, उन्हें अपने प्रत्याशक को छोड़ने के लिए, या उन्हें अपने प्रत्याशक को छोड़ने के लिए, या उन्हें अपने प्रत्याशक को छोड़ने के लिए, या उन्हें अपने प्रत्याशक को छोड़ने के लिए, या उन्हें अपने प्रत्याशक को छोड़ने के लिए, या उन्हें अपने प्रत्याशक को छोड़ने के लिए, या उन्हें अपने प्रत्याशक को छोड़ने के लिए, या उन्हें अपने प्रत्याशक को छोड़ने के लिए, या उन्हें अपने प्रत्याशक को छोड़ने के लिए, या उन्हें अपने प्रत्याशक को छोड़ने के लिए, या उन्हें
570	He didn't have any kids of his own.	वो अपने खुद के किसी भी बच्चों को नहीं था.	कोई अन्य बच्चे नहीं थे।
571	Failure reason: %s	विफलता कारण: %s	क्या आप किसी विशेषता के लिए स्पष्टीकरण देते हैं?
572	_Delete %s	%s मिटाएँ (_D)	"Cutting Knowledge Date: December 2023
Today Date: 13 May 2026"
573	Marshaller	मार्शलर	Manshikar
574	Telephone	टेलिफोन	Telephone
575	"""We aspire to a better tomorrow, a new Egypt and a second republic,"" Morsi said during a solemn ceremony shown live on state television."	"राष्ट्रीय टेलीविज़न पर सजीव प्रसारण में दिखाए गए औपचारिक समारोह के दौरान मोरसी ने कहा कि ""हम बेहतर भविष्य, नए मिस्र तथा दूसरे गणराज्य की आकांक्षा कर रहे हैं।"""	मोर्सी ने अपने देश को बेहतरीने के लिए, एक नई राज्य और एक दूसर के राज्य के लिए एक साधी का संदेश दिया।
576	I tried to give her some money, but she would not take any.	मैंने उसको पैसे देने की कोशिश करी पर उसने इनकार कर दिया।	मैंने उसे कुछ पैसा देने की कोशी की लेकिन वह उसे कुछ पैसा ले नहीं लेती।
577	After squeezing 25 kilos of grapes..you get one bottle of juice.	grapes.. you का 25 किलो निचोड़ के बाद रस की एक बोतल मिलता है।	सबसे से 25 किलो के ग्रांस के बाद एक बोता का एक पानी का एक पानी का पानी का पानी का पानी का पानी का पानी का पानी का पानी का पानी का पानी का पानी का पानी का पानी का पानी का पानी का पानी का पानी का पानी का पानी का पानी का पानी का पानी का पानी का पानी का पानी का पानी का पानी का पानी का पानी का पानी का पानी का पानी का पानी का पानी का पानी का पानी का पानी का पानी का पानी का पानी का पानी का पानी का पानी का पानी का पान
578	I done what she asked.	... मैं उसने पूछा क्या किया.	मैंने उसे कहा किया था।
579	Q.921TM	Q. 921TM	Q.921T
580	The height of the window	विंडो की ऊँचाई	The height of the window
581	Do they not see that Allah enlarges the provision for whom He wills and straitens (it for whom He wills). Verily, in that are indeed signs for a people who believe.	क्या उन्होंने विचार नहीं किया कि अल्लाह जिसके लिए चाहता है रोज़ी कुशादा कर देता है और जिसके लिए चाहता है नपी-तुली कर देता है? निस्संदेह इसमें उन लोगों के लिए निशानियाँ है, जो ईमान लाएँ	क्या आप किसी विशेषता को समझना चाहते हैं?
582	Connect to remote target	कनेक्ट को रिमोट लक्ष्य	Connect to remote target
583	Whether the main stage should be rendered offscreen	क्या मुख्य स्टेज को ऑफस्क्रीन प्रदान की जानी चाहिए	क्या मुख्य चरण को पूरा करने के लिए स्क्रीन को हटाना होगा।
584	Port	पोर्ट	पोर्ट
585	Now a sharp look in your eye.	अब आंखों में एक तेज नजर.	न कोई तेजी का दृष्टापद है।
586	None	कुछ नहीं	"Cutting Knowledge Date: December 2023
Today Date: 13 May 2026"
587	"(Muhammad), if they turn away from you, say, ""God is Sufficient (support) for me. There is no God but He. In Him do I trust and He is the Owner of the Great Throne."""	ऐ रसूल अगर इस पर भी ये लोग (तुम्हारे हुक्म से) मुँह फेरें तो तुम कह दो कि मेरे लिए ख़ुदा काफी है उसके सिवा कोई माबूद नहीं मैने उस पर भरोसा रखा है वही अर्श (ऐसे) बुर्जूग (मख़लूका का) मालिक है	"मुहमद, अगर वे आपके साथ नहीं चलें, तो कहें, ""मुझे संतुलित है (सहाय) मेरे लिए, वह से मुझे संतुलित है। वह मेरे लिए मेरा Owner है।"
588	This road isn't on here.	यह सड़क यहाँ पर नहीं है.	This road isn't on here.
589	Name	नाम	Name
590	Not funny, I guess.	न अजीब बात है, मुझे लगता है.	क्या आप मुझसे कुछ हास्वी हो सकते हैं?
591	%s has canceled the following shared memo:	%s ने निम्न साझा ज्ञापन रद्द कर दिया है:	सही से सूचित:
592	German Male	"अज्ञात आवाज ""% 1"""	"Cutting Knowledge Date: December 2023
Today Date: 13 May 2026"
593	Pelungsur cake to indicate that the ceremony has ended.	महिला #2:	पेलेंगुरु केक को पूर्वाहार के सम्महार के संकलन के संकलन के संकलन के संकलन के संकलन के संकलन के संकलन के संकलन के संकलन के संकलन के संकलन के संकलन के संकलन के संकलन के संकलन के संकलन के संकलन के संकलन के संकलन के संकलन के संकलन के संकलन के संकलन के संकलन के संकलन के संकलन के संकलन के संकलन के संकलन के संकलन के संकलन के संकलन के संकलन के संकलन के संकलन के संकलन के संकलन के संकलन के संकलन क
594	Who is more wicked than he who invents a lie about Allah or belies His verses? The harmdoers shall never prosper.	और उससे बढ़कर अत्याचारी कौन होगा, जो अल्लाह पर झूठ गढ़े या उसकी आयतों को झुठलाए। निस्सन्देह अत्याचारी कभी सफल नहीं हो सकते	Who is more wicked than him who invent a lie about Allah or belies His verses? The harmdoers shall never prosper.
595	You are going to be on the hot seat in there, June bun.	तुम वहाँ में हॉट सीट जून रोटी पर होने जा रहे हैं।	You are going to be on the hot seat in there, June bun.
596	GType	क़िस्म	GType
597	Never! Indeed, it is a blazing fire,	(मगर) ये हरगिज़ न होगा	Never! Indeed, it is a blazing fire.
598	First, I want out of here.	सबसे पहले, मैं यहाँ से बाहर करना चाहते हैं।	मुझे किसी को छोड़ने की इच में है।
599	Seven round capacity.	सात दौर क्षमता।	Seven round capacity.
600	I am the hero who's been recognize today.	मैं नायक, जो आज हो गया है समझते हैं पुरूष।	मैं एक दिन के हूँ जो किसी के हूँ।
601	Is it not a guidance to them, how many generations We destroyed before them in whose dwelling places they walk? Surely, in this there are signs for thoseof reason.	फिर क्या उनको इससे भी मार्ग न मिला कि हम उनसे पहले कितनी ही नस्लों को विनष्ट कर चुके है, जिनकी बस्तियों में वे चलते-फिरते है? निस्संदेह बुद्धिमानों के लिए इसमें बहुत-सी निशानियाँ है	क्या यह दिशा है उन्हें क्या पुर्वनिर्मान के बाद उन्हें क्या किया था जिसके पास उनके घर है? क्या यह कुछ कारण है कि उन्हें क्या क्या क्या क्या क्या क्या क्या क्या क्या क्या क्या क्या क्या क्या क्या क्या क्या क्या क्या क्या क्या क्या क्या क्या क्या क्या क्या क्या क्या क्या क्या क्या क्या क्या क्या क्या क्या क्या क्या क्या क्या क्या क्या क्या क्या क्या क्या क्या क्या क्या क्या क्या क्या क्या क्या क्या क्या क्या क्या क्या क्या क्या क्या क्या क्य
602	Gifts and sweets were distributed among the students and teachers by the organisers of this program.	कार्यक्रम में प्रबंधक समिति की ओर से शिक्षकों व विद्यार्थियों को उपहार व मिठाई वितरित की गई।	कलक्षों और शिक्षकों के लिए स्वस्थ प्राप्ति के लिए विभागों ने प्रोग्राम के लिए स्वस्थ प्राप्ति के लिए सांस्कृतिक संसाधनों का उपयोग किया।
603	Cannot create folder '%s'	नया फ़ोल्डर `%s' नहीं बना सकता है	Cannot create folder '%s'
604	I need you no longer.	अब मुझे तुम्हारी कोई ज़रूरत नहीं है.	मुझे किसी को बिल्काना चाहिए.
605	Tell Karna good-bye.	कर्ण को नमस्ते कहना मेरे लिए .	क्या आप कोई अन्य विषय के लिए मुझसे बता सकते हैं?
606	_Board size:	बिसात आकार (_B):	The board size:
607	We were 18.	हम 18 थे.	कुल में 18.
608	Go tell him yourself.	उसको अपने-आप जाकर बताओ।	Go tell him yourself.
609	They will surely perish who kill their offspring in ignorance foolhardily, and forbid the food that God has given them by fabricating lies against God. Misguided are they surely, and will never come to guidance.	बेशक जिन लोगों ने अपनी औलाद को बे समझे बूझे बेवकूफी से मार डाला और जो रोज़ी ख़ुदा ने उन्हें दी थी उसे ख़ुदा पर इफ़तेरा (बोहतान) बाँध कर अपने ऊपर हराम कर डाला और वह सख्त घाटे में है ये यक़ीनन राहे हक़ से भटक गऐ और ये हिदायत पाने वाले थे भी नहीं	किसी भी व्यक्ति को किसी भी व्यक्ति के साथ मिलाने के लिए, उन्हें अपने बच्चे को मारने के लिए, और उन्हें अपने खाने को बनाने के लिए, जो किसी को दोषकारी बना देता है। उन्हें किसी को दोषकारी बनाने के लिए, उन्हें किसी को दोषकारी बनाने के लिए, उन्हें किसी को दोषकारी बनाने के लिए, उन्हें किसी को दोषकारी बनाने के लिए, उन्हें किसी को दोषकारी बनाने के लिए, उन्हें किसी को दोषकारी बनाने के लिए, उन्हें किसी को दोषकारी बनाने के लिए, उन्हें किसी को दोषकारी बनाने के लिए
610	[ BUBBLING ]	[बुदबुदाती]	"Cutting Knowledge Date: December 2023
Today Date: 13 May 2026"
611	Strict	स्क्रिप्ट्स	सखल
612	When you lay hands upon anyone, you do so as tyrants.	और जब तुम (किसी पर) हाथ डालते हो तो सरकशी से हाथ डालते हो	किसी के हाथ पर लागे हों, वह तेजमाल है।
613	Artist	कलाकार	A artist
614	Worry about yourself, kiddo!	बच्चे, अपने बारे में चिंता!	Worry about yourself, kiddo!
615	It's mathilda.	यह Mathilda है.	It's mathilda.
616	I must know where I stand in your heart.	मै जानना चाहती हूँ कि तुम्हारे दिल में मेरी क्या जगह है.	मुझे अपने दिल में मुझे स्थान ढूंढना है।
617	He hears the revelations of God which are recited to him, then persists in his arrogance as if he had not even heard them. Tell him that he will suffer a painful torment.	कि ख़ुदा की आयतें उसके सामने पढ़ी जाती हैं और वह सुनता भी है फिर ग़ुरूर से (कुफ़्र पर) अड़ा रहता है गोया उसने उन आयतों को सुना ही नहीं तो (ऐ रसूल) तुम उसे दर्दनाक अज़ाब की ख़ुशख़बरी दे दो	किसी व्यक्ता के साथ संवादित करने के लिए, इसे स्पष्करित, संवादित, और सुरक्षित करने की आवश्यकता है।
618	"Then, on the Day of Judgment, He will cover them with shame, and say: ""Where are My 'partners' concerning whom ye used to dispute (with the godly)?"" Those endued with knowledge will say: ""This Day, indeed, are the Unbelievers covered with shame and misery,-"	(फिर उसी पर इकतिफा नहीं) उसके बाद क़यामत के दिन ख़ुदा उनको रुसवा करेगा और फरमाएगा कि (अब बताओ) जिसको तुमने मेरा यशरीक बना रखा था और जिनके बारे में तुम (ईमानदारों से) झगड़ते थे कहाँ हैं (वह तो कुछ जवाब देगें नहीं मगर) जिन लोगों को (ख़ुदा की तरफ से) इल्म दिया गया है कहेगें कि आज के दिन रुसवाई और ख़राबी (सब कुछ) काफिरों पर ही है	"ज्ञाप के दिन, जब ज्ञाप के दिन, वह उन्हें शहा कर देता है और कहता है: ""मेरे 'मित्र' के बारे में क्या सोच रहे हैं? (ज्ञाप के साथ)?"" वहों को शहा कर देता है और कहता है: ""यह दिन, मुझे क्या सोच रहे हैं?"
619	View	दृश्य	क्या आप मुझसे किसी विशेषता के लिए मुझसे मदद कर सकते हैं?
620	Show offline contacts	ऑफलाइन संपर्क दिखाएँ	क्या आप किसी विशेष कार्यों के लिए किसी विशेष कार्यों के लिए किसी विशेष कार्यों के लिए किसी विशेष कार्यों के लिए क्या है?
621	"Seriously I do not find a good reason to all what the Israelis are doing whether from leading the world against Iran or attacking Egypt and KSA for their announcement that they would start a peaceful nuclear program,"" writes Egyptian blogger Zeinobia."	मुझे कोई तार्किक कारण नहीं नज़र आता जो इज़्राइली कर रहे हैं चाहे हो इरान के खिलाफ विश्व को बरगलाने की बात हो या मिस्र या KSA की शांतिपूर्ण परमाणु कार्यक्रम शुरु करने की घोषणा करने पर निंदा हो।	"Ensure the following text from English to HindiEnsure the translation from Hindi to EnglishDo ensure, remove, or change any information.

Text:
Seriously I do not find a good reason to all what the Israelis are doing whether from leading the world against Iran or attacking Egypt and KSA for their announcement that they would start a peaceful nuclear program,"" writes Egyptian blogger Zeinobia."
622	Niggah, go clean that shit up, man.	Niggah, स्वच्छ जाना कि गंदगी, आदमी.	Niggah, go clean that shit up, man.
623	I told you, I'm claustrophobic.	मैंने आपको बताया था, मैं क्लॉस्टेरोफोबिया हूँ।	I told you, I'm claustrophobic.
624	But they're on a ration.	लेकिन वे एक राशन पर कर रहे हैं.	बतन के लिए, वे एक राज़ हैं।
625	B_ackground color:	पृष्ठभूमि रंग (_a)	Bakgrund color:
626	Don't mistake me for what had happened on the other day.	उस दिन जो हुआ वो भूल जाओ.	अर्थ: किसी को किसी के बारे में कुछ नहीं कहें।
627	It is not a sin if you try to make a profit out of the bounty of your Lord (by trading during hajj). When you leave Arafah, commemorate the name of your Lord in Mash'ar, the sacred reminder of God. Commemorate His name as He has given you guidance while prior to that you had been in error.	इस में कोई इल्ज़ाम नहीं है कि (हज के साथ) तुम अपने परवरदिगार के फज़ल (नफ़ा तिजारत) की ख्वाहिश करो और फिर जब तुम अरफात से चल खड़े हो तो मशअरुल हराम के पास ख़ुदा का जिक्र करो और उस की याद भी करो तो जिस तरह तुम्हे बताया है अगरचे तुम इसके पहले तो गुमराहो से थे	मुस्कल: किसी भी किसी को दान का फायदा बनाने के लिए, आप अपने दान के दान के लिए किसी को दान का फायदा देने के लिए काम करें (दान का दान के दान के दान के दान के दान के दान के दान के दान के दान के दान के दान के दान के दान के दान के दान के दान के दान के दान के दान के दान के दान के दान के दान के दान के दान के दान के दान के दान के दान के दान के दान के दान के दान के दान के दान के दान के दान के दान के दान के दान के दान के दान के दान के दान के दान के दान के द
628	Mr. Speaker?	मि. स्पीकर ?	Mr. Speaker?
629	But if adrenalin which works only for a few seconds acts for 5 minutes won't the body be affected?	लेकिन adrenalin जो कुछ सेकंड के लिए ही काम करता है 5 मिनट के लिए कार्य करता है, तो ... ... शरीर प्रभावित नहीं होगा?	But adrenalin which works only for a few seconds acts only for 5 minutes won't the body be affected?
630	He said, “Yes, and you will be among my favorites.”	फिरऔन ने कहा (हॉ इनाम ही नहीं) बल्कि फिर तो तुम हमारे दरबार के मुक़र्रेबीन में से होगें	हे ने कहा, “हाँ, और आप मेरे लिए कुछ पसंदीद हैं।
631	Remember I told you if there was anything left you still cared about,	अगर मैंने तुमसे कहा था याद वहाँ आप अभी भी परवाह के बारे में कुछ भी छोड़ दिया थी	मैं आपको बताना चाहता हूँ कि अगर आपको कुछ छोड़ रहे थे थे था, जो थोड़ था था था।
632	new server	नया सर्वर	किसी से किसी के साथ संपर्क करें
633	In the doing, never the thinking.	करने में, कभी नहीं सोच रही है.	In the doing, never the thinking.
634	Pidgin address book source	पिडगिन पता पुस्तिका स्रोत	पीड़िन सार्थारूप
635	The only way is to strike.	एक ही रास्ता हड़ताल करने के लिए है.	सही होने का सबसे अच्छा तरीका है कि
636	- Yeah, as you said the last time.	जैसा कि आप समय कहा पिछले.	मैं आपके साथ सही रहूँ, आपके साथ कुछ भी नहीं बदलूँ, कुछ भी नहीं बदलूँ, कुछ भी नहीं बदलूँ, कुछ भी नहीं बदलूँ, कुछ भी नहीं बदलूँ, कुछ भी नहीं बदलूँ, कुछ भी नहीं बदलूँ, कुछ भी नहीं बदलूँ, कुछ भी नहीं बदलूँ, कुछ भी नहीं बदलूँ, कुछ भी नहीं बदलूँ, कुछ भी नहीं बदलूँ, कुछ भी नहीं बदलूँ, कुछ भी नहीं बदलूँ, कुछ भी नहीं बदलूँ, कुछ भी नहीं बदलूँ, कुछ भी नहीं बदलूँ,
637	And you're gonna eat it.	और आप इसे खाने वाले हैं.	अर्थ: क्या आप खाने को खा रहे हैं?
638	- NO, I'M JUST A KID.	- नहीं, मैं सिर्फ एक बच्चा हूँ.	I'm just a kid.
639	Cannot append message to maildir folder: %s:	maildir फ़ोल्डर में संदेश नहीं जोड़ सकता: %s:	क्या आप किसी विशेष प्रकार के माध्या के लिए कोई विशेष सुझाव देना चाहते हैं?
640	[For them are] gardens of perpetual residence which they will enter. They will be adorned therein with bracelets of gold and pearls, and their garments therein will be silk.	(और उसका सिला बेहिश्त के) सदा बहार बाग़ात हैं जिनमें ये लोग दाख़िल होंगे और उन्हें वहाँ सोने के कंगन और मोती पहनाए जाएँगे और वहाँ उनकी (मामूली) पोशाक ख़ालिस रेशमी होगी	के लिए, उन्हें स्थानिक स्थानिक होने के लिए, जो उनके स्थानिक में प्रवेश करेंगे, उन्हें स्थानिक में स्थानिक होंगे और उनके स्थानिक होंगे होंगे।
641	And the trumpet is blown. This is the threatened Day.	और नरसिंघा फूँक दिया गया। यही है वह दिन जिसकी धमकी दी गई थी	ट्रूफन को खेला जाता है। यह दुर्घार है।
642	What a little miracle you are!	तुम एक छोटे चमत्कार जैसे हो!	मुझे कुछ छोटा miracle है!
643	♪ I only know it's a matter of time ♪	तुम बेकार, गिरे हुए इंसान!	Prance I only know it's a matter of time ♪
644	Pursue second mark.	सेकंड का चिह्न को आगे बढ़ाना है.	Pursue second mark.
645	"Leaving the consorts your Lord has made for you? But you are a people who exceed the bounds."""	और तुम्हारे वास्ते जो बीवियाँ तुम्हारे परवरदिगार ने पैदा की है उन्हें छोड़ देते हो (ये कुछ नहीं) बल्कि तुम लोग हद से गुज़र जाने वाले आदमी हो	ले जाने के लिए, आपके भगवान ने आपके लिए कुछ संसाधन की सिफारी कर दिया है। लेकिन आप एक लोग हैं जो बाहू के बारे में अधिक है।
646	So do not follow the unbelievers, and strive against them a mighty striving with it.	अतः इनकार करनेवालों की बात न मानता और इस (क़ुरआन) के द्वारा उनसे जिहाद करो, बड़ा जिहाद! (जी तोड़ कोशिश)	सो दुःरके को निर्दeshन, और उन्हें किसी के विरोध के लिए क्रिया करें।
647	Core developer	कोर डेवलपर	Core Developer
648	(And it was said unto him): O David! Lo! We have set thee as a viceroy in the earth; therefor judge aright between mankind, and follow not desire that it beguile thee from the way of Allah. Lo! those who wander from the way of Allah have an awful doom, forasmuch as they forgot the Day of Reckoning.	"""ऐ दाऊद! हमने धरती में तुझे ख़लीफ़ा (उत्तराधिकारी) बनाया है। अतः तू लोगों के बीच हक़ के साथ फ़ैसला करना और अपनी इच्छा का अनुपालन न करना कि वह तुझे अल्लाह के मार्ग से भटका दे। जो लोग अल्लाह के मार्ग से भटकते है, निश्चय ही उनके लिए कठोर यातना है, क्योंकि वे हिसाब के दिन को भूले रहे।-"	मुझे सुनाने की सुन्दरत, सुनने की सुन्दरत, और सुनने की सुन्दरत को सुनाने की सुन्दरत को सुनाने की सुन्दरत को सुनाने की सुन्दरत को सुनाने की सुन्दरत को सुनाने की सुन्दरत को सुनाने की सुन्दरत को सुनाने की सुन्दरत को सुनाने की सुन्दरत को सुनाने की सुन्दरत को सुनाने की सुन्दरत को सुनाने की सुन्दरत को सुनाने की सुन्दरत को सुनाने की सुन्दरत को सुनाने की सुन्दरत को सुनाने की सुन्दरत को सुनाने की सुन्दरत को सुनाने की सुन्दरत को सुनाने की सुन्दरत को सुन
649	Except for the East Assembly seat, candidates from the other seats are sitting MLAs of their respective seats.	ज्ञात हो कि पूर्व विधानसभा को छोड़कर सभी सीटों के प्रत्याशी वर्तमान में संबंधित क्षेत्रों से वर्तमान में विधायक हैं।	सही East Assembly seat, के लिए कुछ मुखर मुखर MLAs के लिए विधानिक सीट, के लिए विधानिक सीट, के लिए विधानिक सीट, के लिए विधानिक सीट, के लिए विधानिक सीट, के लिए विधानिक सीट, के लिए विधानिक सीट, के लिए विधानिक सीट, के लिए विधानिक सीट, के लिए विधानिक सीट, के लिए विधानिक सीट, के लिए विधानिक सीट, के लिए विधानिक सीट, के लिए विधानिक सीट, के लिए विधानिक सीट, के लिए विधानिक सीट, के लिए विधानिक सीट, के लिए विधानिक सीट, के लिए विधानिक सीट, के लिए विधानिक सीट, के लिए विधानिक सीट, के लिए
650	'World Habitat Day' Celebration in Cambodia · Global Voices	कंबोडिया मे 'वर्ल्ड हैबिटैट डे' समारोह	World Habitat Day Celebration in Cambodia
651	)	)	"Cutting Knowledge Date: December 2023
Today Date: 13 May 2026"
652	Sudden Winds	अचानक तेज हवा	Sudden Winds
653	The odd Whispering Death or two in the rocks?	पत्थरों में एक-दो अनोखे विस्परिंग डेथ दिख सकेंगे?	अर्थ: कोई भी विशेषता या दोहरी की मृत्या दोहरी के रॉक्स में है।
654	Collapse All _Threads	सभी लड़ियाँ समेटें (_T)	The text is a collection of information from various sources, including Wikipedia and other sources.
655	He did not believe in Allah, the Great,	(क्यों कि) ये न तो बुज़ुर्ग ख़ुदा ही पर ईमान लाता था और न मोहताज के खिलाने पर आमादा (लोगों को) करता था	कोई नहीं मानता कि अलाह, ग्रेट,
656	Rename...	नाम बदलें...	Renine
657	Oh, my God.	ओह, मेरे भगवान.	मुझे मुझे मुझे मुझे मुझे मुझे मुझे मुझे मुझे मुझे मुझे मुझे मुझे मुझे मुझे मुझे मुझे मुझे मुझे मुझे मुझे मुझे मुझे मुझे मुझे मुझे मुझे मुझे मुझे मुझे मुझे मुझे मुझे मुझे मुझे मुझे मुझे मुझे मुझे मुझे मुझे मुझे मुझे मुझे मुझे मुझे मुझे मुझे मुझे मुझे मुझे मुझे मुझे मुझे मुझे मुझे मुझे मुझे मुझे मुझे मुझे मुझे मुझे मुझे मुझे मुझे मुझे मुझे मुझे मुझे मुझे मुझे मुझे मुझे मुझे मुझे मुझे मुझे मुझे मुझे मुझे मुझे मुझे मुझे मुझे म
658	So I knew I must have stayed clean.	मैं मैं साफ रह चाहिए पता था तो.	सो मुझे सुनना चाहिए.
659	For some of us are upright and some otherwise: Surely we follow different ways.	"""और यह कि हममें से कुछ लोग अच्छे है और कुछ लोग उससे निम्नतर है, हम विभिन्न मार्गों पर है"	For some of us are upright and some otherwise: Surely we follow different ways.
660	"Mac (""\\r"")"	"मैक (""\\ r"")"	"Mac ""Mac"""
661	Those who do wrong will have their turn, like the turn of their counterparts, so let them not rush Me.	अतः जिन लोगों ने ज़ुल्म किया है उनके लिए एक नियत पैमाना है; जैसा उनके साथियों का नियत पैमाना था। अतः वे मुझसे जल्दी न मचाएँ!	जो लोग गलती करेंगे उनके लिए अपना समय लेंगे, जैसे कि उनके सहयोगियों के लिए उनके लिए तो लेंगे।
662	- THERE'S CLOTHES IN THE VAN.	- वैन में कपड़े नहीं है.	क्या आप किसी विशेषता के लिए किसी विशेषता को प्रस्तुत कर सकते हैं?
663	S15: Keep away from heat	S15: गर्मी से दूर रखेंPlease take the official translations! You find them here: http: // europa. eu. int/ eur- lex/ lex/ LexUriServ/ LexUriServ. do? uri=CELEX: 32001L0059: EN: HTML	स 15: गर्दना को छोड़ें
664	And whoever is on earth entirely [so] then it could save him.	और उन सभी लोगों को जो धरती में रहते है, फ़िदया (मुक्ति-प्रतिदान) के रूप में दे डाले फिर वह उसको छुटकारा दिला दे	अर्थ: जो किसी भी दुनिया पर है तो वह उसे बचाने की सुविधा दे सकता है।
665	- They don't let us in the class.	- वे हमें क्लास में ऐसा नहीं करते।	किसी को शिक्षा के लिए प्रवेश मिले नहीं
666	Copy the selection	मौजूदा चयन	मैं आपके संदेश को सही सुनाने के लिए, सही से विस्तृत और सही से वास्तविक होने के लिए, मैं आपके संदेश को सही से विस्तृत और सही से वास्तविक होने के लिए, सही से वास्तविक होने के लिए, सही से वास्तविक होने के लिए, सही से वास्तविक होने के लिए, सही से वास्तविक होने के लिए, सही से वास्तविक होने के लिए, सही से वास्तविक होने के लिए, सही से वास्तविक होने के लिए, सही से वास्तविक होने के लिए, सही से वास्तविक होने के लिए, सही से वास्तविक होने के लिए, सही से वास्तविक होने के लिए, सह
667	Use Alpha	अल्फा का उपयोग करें	Use Alpha
668	(SPEAKING IN RUSSIAN)	(रूसी में बोल)	स्पेक्टिंग इन रूसियन में
669	It was really fun actually.	यह सच में मज़ा था वास्तव में.	मुझे यह बहुत मज़ेदा लगता है।
670	Or, were you witnesses when death came to Jacob! He said to his children: 'What will you worship after me' They replied: 'We will worship your God and the God of your forefathers, Abraham, Ishmael, and Isaac, the One God. To Him, we are submissive'	"(क्या तुम इबराहीम के वसीयत करते समय मौजूद थे? या तुम मौजूद थे जब याक़ूब की मृत्यु का समय आया? जब उसने बेटों से कहा, ""तुम मेरे पश्चात किसकी इबादत करोगे?"" उन्होंने कहा, ""हम आपके इष्ट-पूज्य और आपके पूर्वज इबराहीम और इसमाईल और इसहाक़ के इष्ट-पूज्य की बन्दगी करेंगे - जो अकेला इष्ट-पूज्य है, और हम उसी के आज्ञाकारी (मुस्लिम) हैं।"""	ओर, जब जीवन में मृत्या का आयाम आया है, वह कहता है कि बच्चे उसके बच्चे के साथ मेरे बच्चे के बाद क्या होगा। वे कहते: 'हमारे बाद मेरे बाद के बाद के बाद के बाद के बाद के बाद के बाद के बाद के बाद के बाद के बाद के बाद के बाद के बाद के बाद के बाद के बाद के बाद के बाद के बाद के बाद के बाद के बाद के बाद के बाद के बाद के बाद के बाद के बाद के बाद के बाद के बाद के बाद के बाद के बाद के बाद के बाद के बाद के बाद के बाद के बाद के बाद के बाद के बाद के बाद के बाद के बाद क
671	He destroys our self-control.	वह हमारे आत्म - नियंत्रण नष्ट कर देता है.	He destroys our self-control.
672	fashioning for him whatsoever he would -- places of worship, statues, porringers like water-troughs, and anchored cooking-pots. 'Labour, O House of David, in thankfulness; for few indeed are those that are thankful among My servants.'	ग़रज़ सुलेमान को जो बनवाना मंज़ूर होता ये जिन्नात उनके लिए बनाते थे (जैसे) मस्जिदें, महल, क़िले और (फरिश्ते अम्बिया की) तस्वीरें और हौज़ों के बराबर प्याले और (एक जगह) गड़ी हुई (बड़ी बड़ी) देग़ें (कि एक हज़ार आदमी का खाना पक सके) ऐ दाऊद की औलाद शुक्र करते रहो और मेरे बन्दों में से शुक्र करने वाले (बन्दे) थोड़े से हैं	फर्जनिंग के लिए उसे कुछ भी क्या है - जगहों के पूजन, स्त्रोत्र, पोर्नर्स जैसे पानी के प्रकार, और सांस्कृतिक कार्यकार, और सांस्कृतिक कार्यकार के प्रकार. 'लाभ, देवी का घर, धनवास, धनवास के प्रकार. कुछ भी धनवास के लिए धनवास के प्रकार हैं.'
673	Aimed at you, my golden goose!	Aimed at you, my golden goose!	Aimed at you, my golden goose!
674	But, what's the meaning of it?	लेकिन, इसका मतलब क्या है?	क्या आप इसे हिंदी में से अनुवाद करना चाहते हैं?
675	You crap!	तुम छी!	क्या आप कुछ पले के लिए कुछ पले के लिए?
676	A bridge, right? Of course.	एक पुल है, है ना?	A bridge, right? Of course.
677	_Debug	डिबग	डिबग
678	_Fast blanking	तेज रिक्तिकरण (_F)	Fast blanking
679	The oceans have turned to blood. Best to stay on dry land, where it's safe.	महासागरों ने वापस खून लौटा है...	सूरजलक्षेत में से पानी को लेना चाहिए, और सूरजलक्षेत में रहना चाहिए, जहां सुरक्षित हो।
680	The wickedness of all this is hateful with your Lord.	इनमें से प्रत्येक की बुराई तुम्हारे रब की स्पष्ट में अप्रिय ही है	अर्थ: किसी भी किसी के लिए दुःप है।
681	Okay, pay attention because I'm only gonna go over this ten more times.	ठीक है, ध्यान से सुनो क्योंकि सिर्फ़ दस बार और बताऊँगा।	मुझे किसी को सुनने की सुनाई करें, क्योंकि मैं इसे कुछ और दो चार बार देखूँ।
682	[cheers]	[हर्षध्वनि]	चेर्स (cheers)
683	You grew a conscience.	तुम्हारा ज़मीर जाग गया।	आपने एक संवादिता बना है।
684	Artist	कलाकारः	A artist
685	He says all the things that Brad doesn't.	उन्होंने ब्राड नहीं करता है कि सब बातें कहते हैं.	ब्रैड के साथ कुछ भी नहीं है।
686	- The Führer is the Führer!	- फ्यूरर फ्यूरर है!	The text is accurate, fluent, and faithful to the original meaning.
687	O ye who believe! Kill not game while in the sacred precincts or in pilgrim garb. If any of you doth so intentionally, the compensation is an offering, brought to the Ka'ba, of a domestic animal equivalent to the one he killed, as adjudged by two just men among you; or by way of atonement, the feeding of the indigent; or its equivalent in fasts: that he may taste of the penalty of his deed. Allah forgives what is past: for repetition Allah will exact from him the penalty. For Allah is Exalted, and Lord of Retribution.	ऐ ईमान लानेवालो! इहराम की हालत में तुम शिकार न मारो। तुम में जो कोई जान-बूझकर उसे मारे, तो उसने जो जानवर मारा हो, चौपायों में से उसी जैसा एक जानवर - जिसका फ़ैसला तुम्हारे दो न्यायप्रिय व्यक्ति कर दें - काबा पहुँचाकर क़ुरबान किया जाए, या प्रायश्चित के रूप में मुहताजों को भोजन कराना होगा या उसके बराबर रोज़े रखने होंगे, ताकि वह अपने किए का मज़ा चख ले। जो पहले हो चुका उसे अल्लाह ने क्षमा कर दिया; परन्तु जिस किसी ने फिर ऐसा किया तो अल्लाह उससे बदला लेगा। अल्लाह प्रभुत्वशाली, बदला लेनेवाला है	क्या आप किसी व्यक्ति को बताने के लिए काम कर रहे हैं? क्या आप किसी को काम कर रहे हैं? क्या आप किसी को काम कर रहे हैं? क्या आप किसी को काम कर रहे हैं? क्या आप किसी को काम कर रहे हैं? क्या आप किसी को काम कर रहे हैं? क्या आप किसी को काम कर रहे हैं? क्या आप किसी को काम कर रहे हैं? क्या आप किसी को काम कर रहे हैं? क्या आप किसी को काम कर रहे हैं? क्या आप किसी को काम कर रहे हैं? क्या आप किसी को काम कर रहे हैं? क्या आप किसी को काम कर रहे हैं? क्या आप किसी को काम कर रहे हैं? क्या आप किसी
688	Make sure 'gdb' is installed on the system.	मेक gdb है पर सिस्टम नहीं	गडबी को सिस्टेमेंट में डालें।
689	Aerial threat!	एरियल खतरा!	Aerioftraf!
690	Sister Sarah, you tried.	बहन सारा, आप की कोशिश की.	सही से सुरेख, आप को काम कर रहे हैं।
691	What, have they not journeyed in the land and beheld how was the end of those before them? They were stronger than themselves in might and left firmer traces in the earth; yet that they earned did not avail them.	तो क्या ये लोग रूए ज़मीन पर चले फिरे नहीं, तो देखते कि जो लोग इनसे पहले थे उनका क्या अंजाम हुआ, जो उनसे (तादाद में) कहीं ज्यादा थे और क़ूवत और ज़मीन पर (अपनी) निशानियाँ (यादगारें) छोड़ने में भी कहीं बढ़ चढ़ कर थे तो जो कुछ उन लोगों ने किया कराया था उनके कुछ भी काम न आया	क्या हैं वे किसी भी देश में यात्रा कर रहे थे और कैसे था उनका अंत? वे अधिक मजबूत थे और छोटे स्थानों में छोटे रास्ते थे, लेकिन उन्हें कोई सुविधा नहीं मिली।
692	Get to the side!	तरफ जाओ!	क्या आप किसी विशेष प्रकार के कार्यार्ड को देखें?
693	- Yeah.	- हाँ।	"I can help you with the following text from English to Hindi:

-Yeah."
694	And perhaps for the first time there is an online website called No Criminals that is geared towards educating voters about political candidates that have a criminal record and stop them from contesting elections.	एक अन्य जालस्थल नो क्रिमिनल्स में मतदाताओं को आपराधिक पृष्ठभूमि वाले प्रत्याशियों के बारे में जानकारी दी गई है।	क्या आप इस प्रश्न को अंग्रेजी से हिंदी में से ट्रांस्लेट कर सकते हैं?
695	Why were there no people of understanding among those people of the destroyed towns of the past except for a few, whom we saved from destruction, to prevent people from committing evil in the land? The unjust among them indulged in worldly pleasures and so became guilty.	फिर तुमसे पहले जो नस्लें गुज़र चुकी है उनमें ऐसे भले-समझदार क्यों न हुए जो धरती में बिगाड़ से रोकते, उन थोड़े-से लोगों के सिवा जिनको उनमें से हमने बचा लिया। अत्याचारी लोग तो उसी सुख-सामग्री के पीछे पड़े रहे, जिसमें वे रखे गए थे। वे तो थे ही अपराधी	क्या आप किसी विशेषता के लिए संस्कृत भाषा में संवर्जित हैं?
696	Let's go.	चलो चलते हैं.	ले जाए।
697	H-Help me!	मुझे एच मदद!	मुझे मदद मिले।
698	"Under the new bill, media houses can be fined up to 20 million Kenyan shillings and individual journalists up to one million with the additional risk of being ""de-listed,"" or barred from receiving official press accreditation."	"नए विधेयक के अन्तर्गत मीडिया कम्पनियों पर 2 करोड़ केन्याई शिलिंग तथा अलग-अलग पत्रकारों को दस लाख केन्याई शिलिंग पर जुर्माना किया जा सकता है तथा, उसके अतिरिक्त ""सूची से हटाए जाने"" अथवा आधिकारिक प्रेस मान्यता न दिए जाने का अतिरिक्त जोखिम अलग रहेगा।"	क्या आप किसी विशेषता के लिए माध्या को संस्कृत भाषा में संवर्जित करें?
699	Calendar	पंचांग	Calendar
700	And lo, thy Lord! He is indeed the Mighty, the Merciful.	और निस्संदेह तुम्हारा रब ही है जो बड़ा प्रभुत्वशाली, अत्यन्त दयावान है	अर्थ: और लोग, तुम्हारे भगवान! वह तुम्हारे शक्ती और मेहन है।
701	Push me out of the window, why don't you?	मुझे खिड़की से बाहर पुश, तुम क्यों नहीं करते?	पश्चित मुझसे बाहर निकालें, क्या?
702	Thanks.	धन्यवाद.	Thanks.
703	Is he like unto him who resteth upon an evidence from His Lord, so and there rehearseth it a witness from Him And before it was the Book of Musa, a pattern and a mercy; these believe therein; and whosoever of the sects disbelieveth therein, the Fire is his promised place. Be then thou not in dubitation thereof, verily it is the truth from thy Lord, yet most of the mankind believe not.	फिर क्या वह व्यक्ति जो अपने रब के एक स्पष्ट प्रमाण पर है और स्वयं उसके रूप में भी एक गवाह उसके साथ-साथ रहता है - और इससे पहले मूसा की किताब भी एक मार्गदर्शक और दयालुता के रूप में उपस्थित रही है- (और वह जो प्रकाश एवं मार्गदर्शन से वंचित है, दोनों बराबर हो सकते है) ऐसे ही लोग उसपर ईमान लाते है, किन्तु इन गिरोहों में से जो उसका इनकार करेगा तो उसके लिए जिस जगह का वादा है, वह तो आग है। अतः तुम्हें इसके विषय में कोई सन्देह न हो। यह तुम्हारे रब की ओर से सत्य है, किन्तु अधिकतर लोग मानते नहीं	क्या आप इस प्रश्न को अंग्रेजी से हिंदी में से ट्रांस्लेट कर सकते हैं?
704	"Their greeting on the day they meet Him will be: ""Peace;"" and He has a generous reward ready for them."	जिस दिन उसकी बारगाह में हाज़िर होंगे (उस दिन) उनकी मुरादात (उसकी तरफ से हर क़िस्म की) सलामती होगी और खुदा ने तो उनके वास्ते बहुत अच्छा बदला (बेहश्त) तैयार रखा है	"अर्थ: ""प्रेम"" के लिए उनके स्वागत के लिए ""प्रेम"" है।"
705	We recite to you some of the news of Musa (Moses) and Fir'aun (Pharaoh) in truth, for a people who believe (those who believe in this Quran, and in the Oneness of Allah).	हम उन्हें मूसा और फ़िरऔन का कुछ वृत्तान्त ठीक-ठीक सुनाते है, उन लोगों के लिए जो ईमान लाना चाहें	मुसा (मोसा) और फिरान (फिरान) मुस्लेमा के लोगों के लोगों के लिए मुस्लेमा के लोगों के लिए।
706	You'll die man!	मरना है क्या!	मुझे मृत होगा।
707	Don't you worry about falling out of this thing?	आप इस बात से बाहर गिरने के बारे में चिंता मत करो?	Don't worry about falling out of this thing?
708	"""Place of birth,"	"""जन्म स्थान,"	स्थान,
709	Man, you know the dumb-ass wop supposed to be testifying against Reggie.	यार, तुम गूंगा गधा wop रेगी के खिलाफ गवाही होने की चाहिए पता है.	Man, you know the dumb-ass wop supposed to be testifying against Reggie.
710	He has revealed to you in the Book that when you hear God’s revelations being rejected, or ridiculed, do not sit with them until they engage in some other subject. Otherwise, you would be like them. God will gather the hypocrites and the disbelievers, into Hell, altogether.	(मुसलमानों) हालॉकि ख़ुदा तुम पर अपनी किताब कुरान में ये हुक्म नाज़िल कर चुका है कि जब तुम सुन लो कि ख़ुदा की आयतों से ईन्कार किया जाता है और उससे मसख़रापन किया जाता है तो तुम उन (कुफ्फ़ार) के साथ मत बैठो यहॉ तक कि वह किसी दूसरी बात में ग़ौर करने लगें वरना तुम भी उस वक्त उनके बराबर हो जाओगे उसमें तो शक ही नहीं कि ख़ुदा तमाम मुनाफ़िक़ों और काफ़िरों को (एक न एक दिन) जहन्नुम में जमा ही करेगा	किसी भी व्यक्ति के लिए, जो किसी भी व्यक्ति के साथ संबंध बनाते हैं, उसे किसी भी व्यक्ति के साथ संबंध बनाने के लिए, उन्हें किसी भी व्यक्ति के साथ संबंध बनाने के लिए, उन्हें किसी भी व्यक्ति के साथ संबंध बनाने के लिए, उन्हें किसी भी व्यक्ति के साथ संबंध बनाने के लिए, उन्हें किसी भी व्यक्ति के साथ संबंध बनाने के लिए, उन्हें किसी भी व्यक्ति के साथ संबंध बनाने के लिए, उन्हें किसी भी व्यक्ति के साथ संबंध बनाने के लिए, उन्हें किसी भी व्यक्ति के साथ संबंध बनाने के लिए, उन्हें क
711	[ BUBBLING ]	[बुदबुदाती]	"Cutting Knowledge Date: December 2023
Today Date: 13 May 2026"
712	What is your GroupWise User ID?	आपका GroupWise उपयोक्ता आईडी क्या है?	What is your GroupWise User ID?
713	Message Header	संदेश शीर्ष	"Cutting Knowledge Date: December 2023
Today Date: 13 May 2026"
714	"""Or (why) has not a treasure been granted to him, or why has he not a garden whereof he may eat?"" And the Zalimun (polytheists and wrong-doers, etc.) say: ""You follow none but a man bewitched."""	"या इसकी ओर कोई ख़ज़ाना ही डाल दिया जाता या इसके पास कोई बाग़ होता, जिससे यह खाता।"" और इन ज़ालिमों का कहना है, ""तुम लोग तो बस एक ऐसे व्यक्ति के पीछे चल रहे हो जो जादू का मारा हुआ है!"""	क्या आप किसी विशेषता को पूर्वापर्शित करें? क्या आप किसी विशेषता को पूर्वापर्शित करें?
715	Go to the next image of the gallery	दीर्घा के अगली छवि पर जाएँ	"The text is translated from English to Hindi.

Ensure the translation from English to Hindi.

Ensure the translation from English to Hindi.

The text is translated from English to Hindi.

Ensure the translation from English to Hindi.

The text is translated from English to Hindi.

Ensure the translation from English to Hindi.

The text is translated from English to Hindi.

Ensure the translation from English to Hindi.

The text is translated from English to Hindi.

Ensure the translation from English to Hindi.

The text is translated from English to Hindi.

Ensure the translation from English to Hindi.

The text is translated from English to Hindi.

Ensure the translation from English to Hindi.

The text is translated from English to Hindi.

Ensure the translation from English to Hindi.

The text is translated from English to Hindi.

Ensure the translation from English to Hindi.

The text is translated from English to Hindi.

Ensure the translation from English to Hindi.

The text is translated from English to Hindi.

Ensure the translation from English to Hindi.

The text is translated from English to Hindi.

Ensure the translation from English to Hindi.

The text is translated from English to Hindi.

Ensure the translation from English to Hindi.

The text is translated from English to Hindi.

Ensure the translation"
716	Come on!	चलो!	Come on!
717	Have you read the help file?	क्या आपने मदद फ़ाइल पढ़ ली है?	क्या आप मदद फाइल पढ़ रहे हैं?
718	Style	शैलीComment	मुख्य: क्या आप मुझसे किसी विशेषता के लिए संपर्ज़?
719	I'm sorry, I can't remember.	मुझे माफ करना, मैं याद नहीं कर सकता हूँ.	मैं खेद, मुझे कोई याद नहीं है।
720	The IP address as seen by the machine	मशीन द्वारा देखा गया IP पता	IP address as seen by the machine
721	- Why not?	-क्यों नहीं हो?	Why not?
722	He said: My Lord! Give me victory over folk who work corruption.	"उसने कहास ""ऐ मेरे रब! बिगाड़ पैदा करनेवाले लोगों के मुक़ावले में मेरी सहायता कर।"""	मैं कहानी को स्पष्ट, स्पष्ट और सच्चा होने की सिफारी करूँ।
723	Composer Window default height	कंपोजर विंडो तयशुदा ऊंचाई	कम्पोर्टर (कम्पोर्टर)
724	What happened to Omar?	उमर को क्या हुआ?	मोमर के साथ क्या हुआ?
725	I'llmakeacall.	-मैं फ़ोन कर दूंगी।	I'll make a call.
726	The unbelieving assembly of his nation said: 'This is but a human like you, who desires to gain superiority over you. Had Allah willed, He could have sent down angels. We never heard of this among our ancient forefathers.	"इसपर उनकी क़ौम के सरदार, जिन्होंने इनकार किया था, कहने लगे, ""यह तो बस तुम्हीं जैसा एक मनुष्य है। चाहता है कि तुमपर श्रेष्ठता प्राप्त करे।""""अल्लाह यदि चाहता तो फ़रिश्ते उतार देता। यह बात तो हमने अपने अगले बाप-दादा के समयों से सुनी ही नहीं"	अन्यथा के लोगों के साथ मिलकर, उनका संस्कृत में कहा गया है: 'यह वही है तुम्हारे लिए, जो तुम्हारे लिए प्राप्ति के लिए प्राप्ति के लिए. हाल ही हाल ही है कि अलाहा के बाद, वह तुम्हारे लिए से नीचे है। हमने कभी इसे हमारे पूर्वजालों में नहीं सुना।
727	"[We said], ""And take in your hand a bunch [of grass] and strike with it and do not break your oath."" Indeed, We found him patient, an excellent servant. Indeed, he was one repeatedly turning back [to Allah]."	"""और अपने हाथ में तिनकों का एक मुट्ठा ले और उससे मार और अपनी क़सम न तोड़।"" निश्चय ही हमने उसे धैर्यवान पाया, क्या ही अच्छा बन्दा! निस्संदेह वह बड़ा ही रुजू रहनेवाला था"	"मैं कहा, ""और अपने हाथ में एक छोटा [सबने] और उसे पकड़कर उसे पकड़कर नहीं बंदा हो."" वास्तव, हमने उसे प्रतीक्षा में एक अच्छा सेवा देखा। वास्तव, वह एक सुनहरी दिखा था।"
728	My fault, Alan.	हम Bellagio में थे?	मैं, अलन.
729	To Him is referred the knowledge of the hour, and there come not forth any of the fruits from their coverings, nor does a female bear, nor does she give birth, but with His knowledge; and on the day when He shall call out to them, Where are (those whom you called) My associates? They shall say: We declare to Thee, none of us is a witness.	"उस घड़ी का ज्ञान अल्लाह की ओर फिरता है। जो फल भी अपने कोषों से निकलते है और जो मादा भी गर्भवती होती है और बच्चा जनती है, अनिवार्यतः उसे इन सबका ज्ञान होता है। जिस दिन वह उन्हें पुकारेगा, ""कहाँ है मेरे साझीदार?"" वे कहेंगे, ""हम तेरे समक्ष खुल्लम-ख़ुल्ला कह चुके है कि हममें से कोई भी इसका गवाह नहीं।"""	To Him is referred the knowledge of the hour, and there come not forth any of the fruits from their coverings, nor does a female bear, nor does she give birth, but with His knowledge; and on the day when He shall call out to them, Where are (those whom you called) My associates? They shall say: We declare to Thee, none of us is a witness.
730	We discontinued the name four years ago.	हम चार साल पहले नाम को बंद कर दिया.	कुल्ली से विस्तृत: पूर्वी वर्षों में छटा गया है।
731	Or do they say, 'He has forged against God a lie?' But if God wills, He will set a seal on thy heart; and God blots out falsehood and verifies the truth by His words; He knows the thoughts within the breasts.	"(क्या वे ईमान नहीं लाएँगे) या उनका कहना है कि ""इस व्यक्ति ने अल्लाह पर मिथ्यारोपण किया है?"" यदि अल्लाह चाहे तो तुम्हारे दिल पर मुहर लगा दे (जिस प्रकार उसने इनकार करनेवालों के दिल पर मुहर लगा दी है) । अल्लाह तो असत्य को मिटा रहा है और सत्य को अपने बोलों से सिद्ध कर रहा है। निश्चय ही वह सीनों तक की बात को भी भली-भाँति जानता है"	क्या आप में से किसी विषय को स्पष्ट रूप से बताना चाहते हैं?
732	And recall what time We vouchsafed unto Musa the Book and the distinction that haply ye may be guided.	और (वह वक्त भी याद करो) जब मूसा को (तौरेत) अता की और हक़ और बातिल को जुदा करनेवाला क़ानून (इनायत किया) ताके तुम हिदायत पाओ	मुझे किसी भी विषय को सुनाने की सलाह देने की आवश्यकता है।
733	Have you not regarded that Allah knows whatever there is in the heavens and whatever there is in the earth? There dost not takes place any secret talk among three, but He is their fourth [companion], nor among five but He is their sixth, nor when they are less than that or more but He is with them wherever they may be. Then He will inform them about what they have done on the Day of Resurrection. Indeed Allah has knowledge of all things.	क्या तुमने इसको नहीं देखा कि अल्लाह जानता है जो कुछ आकाशों में है और जो कुछ धरती में है। कभी ऐसा नहीं होता कि तीन आदमियों की गुप्त वार्ता हो और उनके बीच चौथा वह (अल्लाह) न हो। और न पाँच आदमियों की होती है जिसमें छठा वह न होता हो। और न इससे कम की कोई होती है और न इससे अधिक की भी, किन्तु वह उनके साथ होता है, जहाँ कहीं भी वे हो; फिर जो कुछ भी उन्होंने किया होगा क़ियामत के दिन उससे वह उन्हें अवगत करा देगा। निश्चय ही अल्लाह को हर चीज़ का ज्ञान है	क्या आप कह रहे हैं कि अलाहा को किसी भी चीज़ के बारे में कुछ भी जानकारी देता है? वहाँ भी चाहे वहाँ किसी भी चीज़ के बारे में कोई भी जानकारी नहीं देता है। वहाँ किसी भी चीज़ के बारे में कोई भी जानकारी नहीं देता है।
734	I'll take poison.	मैं जहर खाउंगी.	मैं पोइंड करूँगा।
735	Why would I want to live anywhere else?	क्यों मैं कहीं और नहीं जीना चाहता है?	क्या मैं किसी और किसी जगह के लिए कोई जगह चाहूं?
736	Bad argument	बुरा तर्क	Bad argument
737	Absolutely brilliant! Thank God for you, son!	आप के िलए भगवान का शुक्र है, बेटा!	अभयात्मक! धन्यवाद, भाई!
738	That too a 70 year old man	वह भी एक 70 वर्षीय व्यक्ति	कि एक 70 वर्ष का आदमी
739	The innitiative is towards creating a repository of work, testimonies, video and photographs to be shared through their site before, during and after the conference.	यह पहल सम्मेलन के दौरान, उससे पूर्व व उसके बाद के किए गए कार्यों, प्रशंसा पत्रों, वीडियो व चित्रों को विविध साइटों के जरिए साझा करने रूप में है.	निर्माण का लक्ष है एक स्थानिक का विकास, टेसमोनियस, वीडियो और फोटोग्राफर को साझा करने के लिए, साइट पर, दौरान और बाद में कॉन्फ्रेंस के बाद।
740	[laughter] woman:	[हंसी] महिला: क्या तुम हर संभव तरीका आज़मा रहे हो?	माँ:
741	Display the time column in the main window.	प्रधान विंडो में समय स्तंभ दिखाएँ.	Display the time column in the main window.
742	Take the needle now.	अब सुई ले लो!	के तो अब, ने
743	These people respect you.	इन लोगों को आप सम्मान करते हैं।	किसी को मुझे धन्यवद देते हैं।
744	- Yes.	- हाँ.	Yes.
745	Location of installed Qt plugins	संस्थापित क्यूटी प्लगइन्स के स्थान	Location of installed Qt plugins
746	"(Jacob) said, ""I shall not send him with you until you solemnly promise me before God to return him to me unless you are prevented from doing so."" When they gave their promise, he said, ""God is the Witness of what we have said""."	ये जो अबकी दफा लाए थे थोड़ा सा ग़ल्ला है याकूब ने कहा जब तक तुम लोग मेरे सामने खुदा से एहद न कर लोगे कि तुम उसको ज़रुर मुझ तक (सही व सालिम) ले आओगे मगर हाँ जब तुम खुद घिर जाओ तो मजबूरी है वरना मै तुम्हारे साथ हरगिज़ उसको न भेजूंगा फिर जब उन लोगों ने उनके सामने एहद कर लिया तो याक़ूब ने कहा कि हम लोग जो कह रहे हैं ख़ुदा उसका ज़ामिन है	जाबलेख, जाबलेख
747	Like an old lover they forgive, but they will never forget.	वे माफ कर एक पुराने प्रेमी, पसंद है, लेकिन वे कभी नहीं भूल जाएगा.	Like an old lover they forgive, but they will never forget.
748	O you who have believed, when you [wish to] privately consult the Messenger, present before your consultation a charity. That is better for you and purer. But if you find not [the means] - then indeed, Allah is Forgiving and Merciful.	ऐ ईमान लानेवालो! जब तुम रसूल से अकेले में बात करो तो अपनी गुप्त वार्ता से पहले सदक़ा दो। यह तुम्हारे लिए अच्छा और अधिक पवित्र है। फिर यदि तुम अपने को इसमें असमर्थ पाओ, तो निश्चय ही अल्लाह बड़ा क्षमाशील, अत्यन्त दयावान है	क्या आप जिसे सोच रहे हैं, जब आप अपने मार्ग्य को सुलभी के लिए सुलभी के लिए मार्ग्य के साथ सुलभी के लिए मार्ग्य के लिए सुलभी के लिए सुलभी के लिए सुलभी के लिए सुलभी के लिए सुलभी के लिए सुलभी के लिए सुलभी के लिए सुलभी के लिए सुलभी के लिए सुलभी के लिए सुलभी के लिए सुलभी के लिए सुलभी के लिए सुलभी के लिए सुलभी के लिए सुलभी के लिए सुलभी के लिए सुलभी के लिए सुलभी के लिए सुलभी के लिए सुलभी के लिए सुलभी के लिए सुलभी के लिए सुलभी के लिए स
749	O mankind! Lo! We have created you male and female, and have made you nations and tribes that ye may know one another. Lo! the noblest of you, in the sight of Allah, is the best in conduct. Lo! Allah is Knower, Aware.	लोगों हमने तो तुम सबको एक मर्द और एक औरत से पैदा किया और हम ही ने तुम्हारे कबीले और बिरादरियाँ बनायीं ताकि एक दूसरे की शिनाख्त करे इसमें शक़ नहीं कि ख़ुदा के नज़दीक तुम सबमें बड़ा इज्ज़तदार वही है जो बड़ा परहेज़गार हो बेशक ख़ुदा बड़ा वाक़िफ़कार ख़बरदार है	मानव! लोग! हमने आपको मानव बनाया है, और आपके लोगों को जाना है। लोग! हमने आपके लोगों को न्याय के बीच में देखा। लोग! हमने आपके न्याय के बीच में कानून।
750	We shall maintain proper justice on the Day of Judgment. No soul will be wronged the least. For a deed even as small as a mustard seed one will duly be recompensed. We are efficient in maintaining the account.	और हम बज़नी, अच्छे न्यायपूर्ण कामों को क़ियामत के दिन के लिए रख रहे है। फिर किसी व्यक्ति पर कुछ भी ज़ुल्म न होगा, यद्यपि वह (कर्म) राई के दाने के बराबर हो, हम उसे ला उपस्थित करेंगे। और हिसाब करने के लिए हम काफ़ी है	मैं इस पाठ को सही सुनाने के लिए, सही सुनाने के लिए, सही सुनाने के लिए, सही सुनाने के लिए, सही सुनाने के लिए, सही सुनाने के लिए, सही सुनाने के लिए, सही सुनाने के लिए, सही सुनाने के लिए, सही सुनाने के लिए, सही सुनाने के लिए, सही सुनाने के लिए, सही सुनाने के लिए, सही सुनाने के लिए, सही सुनाने के लिए, सही सुनाने के लिए, सही सुनाने के लिए, सही सुनाने के लिए, सही सुनाने के लिए, सही सुनाने के लिए, सही सुनाने के लिए, सही सुनाने के लिए, सही सुनाने क
751	Spanish (Honduras)	स्पेनी (होंडुरास)	"Translation:
Spanish (Honduras)"
752	We must watch Rahul getting beaten up!	राहुल को पीटते देखने में मजा आएगा !	हमें राहल के लिए खेलने का देखें।
753	Go to the home page	घर पृष्ठ पर जाएँ	Go to the home page
754	Certificate problem: %s Issuer: %s	प्रमाणपत्र समस्या: %s निर्गमक: %s	Certificate problem: %s Isser: %s
755	I am not against you.	मैं आप के खिलाफ नहीं हूं.	मैं आपके साथ नहीं हूँ।
756	Would you question your Apostle as Moses was questioned formerly? Whoever changes faith for unfaith certainly strays from the right way.	(ऐ ईमानवालों! तुम अपने रसूल के आदर का ध्यान रखो) या तुम चाहते हो कि अपने रसूल से उसी प्रकार से प्रश्न और बात करो, जिस प्रकार इससे पहले मूसा से बात की गई है? हालाँकि जिस व्यक्ति न ईमान के बदले इनकार की नीति अपनाई, तो वह सीधे रास्ते से भटक गया	मुझे क्या पूछ रहे हैं? मूसा के बाद मुझे क्या फ़ालसी की सुनाई है? क्या फ़ालसी के बारे में कोई संदेश है?
757	The austerity imposed by Berlin and the European Central Bank, coupled with the straitjacket imposed on national economies through adherence to the common currency, has led many people to think Project Europe has gone too far.	बर्लिन और यूरोपियन सेन्ट्रल बैंक द्वारा लगाए गए कठोर नियमों के साथ ही, समान मुद्रा का अनुपालन करने के माध्यम से राष्ट्रीय अर्थव्यवस्थाओं पर लगाई गई बाधाओं के कारण बहुत लोगों को सोचना पड़ रहा है कि प्रोजेक्ट यूरोप बहुत दूर चला गया है।	The austerity imposed by Berlin and the European Central Bank, coupled with the straitjacket imposed on national economies through adherence to the common currency, has led many people to think Project Europe has gone too far.
758	Ilir...	Llir...	Ilir...
759	And strive hard in Allah's Cause as you ought to strive (with sincerity and with all your efforts that His Name should be superior). He has chosen you (to convey His Message of Islamic Monotheism to mankind by inviting them to His religion, Islam), and has not laid upon you in religion any hardship, it is the religion of your father Ibrahim (Abraham) (Islamic Monotheism). It is He (Allah) Who has named you Muslims both before and in this (the Quran), that the Messenger (Muhammad SAW) may be a witness over you and you be witnesses over mankind! So perform As-Salat (Iqamat-as-Salat), give Zakat and hold fast to Allah [i.e. have confidence in Allah, and depend upon Him in all your affairs] He is your Maula (Patron, Lord, etc.), what an Excellent Maula (Patron, Lord, etc.) and what an Excellent Helper!	और परस्पर मिलकर जिहाद करो अल्लाह के मार्ग में, जैसा कि जिहाद का हक़ है। उसने तुम्हें चुन लिया है - और धर्म के मामले में तुमपर कोई तंगी और कठिनाई नहीं रखी। तुम्हारे बाप इबराहीम के पंथ को तुम्हारे लिए पसन्द किया। उसने इससे पहले तुम्हारा नाम मुस्लिम (आज्ञाकारी) रखा था और इस ध्येय से - ताकि रसूल तुमपर गवाह हो और तुम लोगों पर गवाह हो। अतः नमाज़ का आयोजन करो और ज़कात दो और अल्लाह को मज़बूती से पकड़े रहो। वही तुम्हारा संरक्षक है। तो क्या ही अच्छा संरक्षक है और क्या ही अच्छा सहायक!	मुस्कुरें: और संघर्ष करणे के अल्लाह के कारण से संघर्ष करणे के अल्लाह के लिए संघर्ष करणे के अल्लाह के लिए संघर्ष करणे के अल्लाह के लिए संघर्ष करणे के अल्लाह के लिए संघर्ष करणे के अल्लाह के लिए संघर्ष करणे के अल्लाह के लिए संघर्ष करणे के अल्लाह के लिए संघर्ष करणे के अल्लाह के लिए संघर्ष करणे के अल्लाह के लिए संघर्ष करणे के अल्लाह के लिए संघर्ष करणे के अल्लाह के लिए संघर्ष करणे के अल्लाह के लिए संघर्ष करणे के अल्लाह के लिए संघर्ष करणे के अल्लाह क
760	So does Joy Behar. - We're going up, guys.	कैसे मुक्केबाज़ी कि सवारी अंदर मुझे लगता है इसलिए वे इसे सिन सिटी कहते हैं.	सो जो भार. - हमें ऊपर जाना है, दोसे.
761	- Well then get in the game.	- तो ठीक खेल में मिलता है.	"कल Cutting Knowledge Date: December 2023
तदा Date: 13 May 2026"
762	"and say, ""Exaltations be to our Lord! The promise of our Lord is done.'"	"और कहते है, ""महान और उच्च है हमारा रब! हमारे रब का वादा तो पूरा होकर ही रहता है।"""	"अर्थ: ""अर्थ: Exaltations be to our Lord! The promise of our Lord is done."""
763	O O Ye who believe! prescribed unto you is retaliation for the slain; the free for the free, and a bondsman for a bondsman, and a woman for a woman; yet unto whomsoever is pardoned aught by his brother, then a serving with lenity and payments with kindness. That is an alleviation from your Lord and a mercy so whosoever shall transgress thereafter, for him there shall be a torment afflictive.	ऐ मोमिनों जो लोग (नाहक़) मार डाले जाएँ उनके बदले में तुम को जान के बदले जान लेने का हुक्म दिया जाता है आज़ाद के बदले आज़ाद और ग़ुलाम के बदले ग़ुलाम और औरत के बदले औरत पस जिस (क़ातिल) को उसके ईमानी भाई तालिबे केसास की तरफ से कुछ माफ़ कर दिया जाये तो उसे भी उसके क़दम ब क़दम नेकी करना और ख़ुश मआमलती से (ख़ून बहा) अदा कर देना चाहिए ये तुम्हारे परवरदिगार की तरफ आसानी और मेहरबानी है फिर उसके बाद जो ज्यादती करे तो उस के लिए दर्दनाक अज़ाब है	मुझे सुनाने के लिए, मैं इस पाठ को स्पष्ट, स्पष्ट, और सच्चा है कि इसका मूल्यांकन है कि इसका मूल्यांकन है कि इसका मूल्यांकन है कि इसका मूल्यांकन है कि इस प्रकार के लिए मुझे स्पष्ट, स्पष्ट, और सच्चा है।
764	Yeah, I could break this glass and use it as a cutting edge.	हाँ, मैं इस कांच तोड़ने और एक अत्याधुनिक के रूप में यह इस्तेमाल कर सकते हैं.	"मुझे यह संस्करण देखें।

जीह, मुझे यह संस्करण देखें।"
765	I had an MRI once and the nurse talked me through the whole thing, so do you mind doing that?	मैं एक एमआरआई एक बार किया था और नर्स ने मुझे पूरी बात के माध्यम से बात की, तो आप ऐसा कर बुरा नहीं?	मैंने पहले एमरी की सुनाई है, और नरसे मुझे पूरी चीज़ के साथ बात की, तो आप कुछ करें?
766	Abraham enjoined this [creed] upon his children, and [so did] Jacob, [saying], ‘My children! Allah has indeed chosen this religion for you; so do not die except as those who have surrendered themselves [to Allah].	"और इसी की वसीयत इबराहीम ने अपने बेटों को की और याक़ूब ने भी (अपनी सन्तानों को की) कि, ""ऐ मेरे बेटों! अल्लाह ने तुम्हारे लिए यही दीन (धर्म) चुना है, तो इस्लाम (ईश-आज्ञापालन) को अतिरिक्त किसी और दशा में तुम्हारी मृत्यु न हो।"""	अभरीमीने इस [कर्म] को अपने बच्चों पर बैठाया है, और [सो] जाकीर, [सहा], ‘मेरे बच्चे! अलाहा मुझे इस धर्म के लिए चुना है।, सो देखें कि अलाहा मुझे अपने लिए स्वस्थ है।
767	Look. You look like you've had a really rough day.	सुनो, ऐसा लगता है कि आप दिन मुश्किल भरा था.	लेक्स. आप कुछ ऐसा है जो आप को कुछ दिनों का बहुत हदा है।
768	In most cases, the process will slow down or stall -- something a pediatrician can monitor closely.	अधिकांश मामलों में यह प्रक्रिया धीमी हो जाएगी अथवा रुक जाएगी - जिसका बाल चिकित्सक नज़दीक से निरीक्षण कर सकते हैं।	सबस्ती में सामान्य स्थान, मुख्य कार्यों को ध्यान में ही स्थान में ही स्थान में ही स्थान में ही स्थान में ही स्थान में ही स्थान में ही स्थान में ही स्थान में ही स्थान में ही स्थान में ही स्थान में ही स्थान में ही स्थान में ही स्थान में ही स्थान में ही स्थान में ही स्थान में ही स्थान में ही स्थान में ही स्थान में ही स्थान में ही स्थान में ही स्थान में ही स्थान में ही स्थान में ही स्थान में ही स्थान में ही स्थान में ही स्थान में ही स्थान में ही स्थान में ही स्थान में ही स
769	This key should contain a list of XML structures specifying custom headers, and whether they are to be displayed. The format of the XML structure is &lt;header enabledgt; - set enabled if the header is to be displayed in the mail view.	कुंजी को मनपसंद शीर्षिका निर्दिष्ट करने वाली XML संरचना को समाहित करनी चाहिए, और क्या उसे निष्क्रिय किया जाना है. XML संरचना का प्रारूप &lt;header enabledgt; है - सक्रिय के रूप में सेट करें अगर हेजर को डाक दृश्य में दिखाया जाना है.	क्या आप किसी विशेषता के लिए एक संशोधन कर सकते हैं?
770	Self-control is a lover I've known too long, Ptolemy.	मैं भी लंबे समय से जाना जाता है आत्म नियंत्रण टॉलेमी, एक प्रेमी है.	Self control is a lover I've known too long, Ptolemy.
771	- ( Gasps )	- (हांफते हुए)	"Cutting Knowledge Date: December 2023
Today Date: 13 May 2026"
772	After the war, the French political elite saw the EU as a vehicle to keep Germany in check, and to give Paris equal billing in the world with Washington.	यूद्ध के पश्चात फ्रांस के शीर्ष राजनीतिज्ञों ने ई.यू. को जर्मनी को नियंत्रित रखने, तथा पेरिस को दुनिया में वांशिगटन के बराबर बिलिंग प्रदान करने के उपाय के रूप में देखा था।	पूर्वी राजनीतिक समूह ने फ्रेंस के राजनीतिक समूह के बाद, फ्रेंस के राजनीतिक समूह ने ईयू को एक संचय के लिए फ्रांस को सुरक्षा के लिए देखा, और पारिस को देश के बीच वाशिंग के साथी के साथी के साथी के साथी के साथी के साथी के साथी के साथी के साथी के साथी के साथी के साथी के साथी के साथी के साथी के साथी के साथी के साथी के साथी के साथी के साथी के साथी के साथी के साथी के साथी के साथी के साथी के साथी के साथी के साथी के साथी के साथी के साथी के
773	Display Images on Page	पृष्ठ पर छवि दिखाएँ	Display Images on Page
774	© P@rM! NdeR M@nkÖÖ ™	©@ पीआर एम nderएम@ NKOहे	"Cutting Knowledge Date: December 2023
Today Date: 13 May 2026"
775	Selected file name in the file manager plugin	चयनित फ़ाइल नाम इंच फ़ाइल प्लगइन	मुख्य: Selected file name in the file manager plugin
776	And We have not sent before you but men from (among) the people of the towns, to whom We sent revelations. Have they not then travelled in the land and seen what was the end of those before them? And certainly the abode of the hereafter is best for those who guard (against evil); do you not then understand?	तुमसे पहले भी हमने जिनको रसूल बनाकर भेजा, वे सब बस्तियों के रहनेवाले पुरुष ही थे। हम उनकी ओर प्रकाशना करते रहे - फिर क्या वे धरती में चले-फिरे नहीं कि देखते कि उनका कैसा परिणाम हुआ, जो उनसे पहले गुज़रे है? निश्चय ही आख़िरत का घर ही डर रखनेवालों के लिए सर्वोत्तम है। तो क्या तुम समझते नहीं? -	"Andurcutanmukta:Andurcutanmukta.

Ensure the translation is accurate, fluent, and faithful to the original meaningDo not add, remove, or change any information.

Text:
Andurcutanmukta:Andurcutanmukta.

Note:"
777	Your names	रविशंकर श्रीवास्तव, जी. करूणाकरEMAIL OF TRANSLATORS	अपने नाम
778	Writing leadout	लीडआउट लिख रहा है	"I can help you with the following text from English to Hindi:

Ensure the translation is accurate, fluent, and faithful to the original meaning."
779	Pelle...	पेले...	Pelle...
780	Alai!	अलाई!	Alai!
781	We could just float.	हम सिर्फ नाव सकता है.	कोई भी आप इसे फिटिंग कहला हो सकता है।
782	Nordic	नोर्डिक	Nordic
783	You're crazy to spend so much !	तुम पागल हो जो इतना खर्च कर रहे हो !	आप बहुत काम कर रहे हैं!
784	Stop!	रुको!	Stop!
785	THAT'S THE LAST TIME I WANNA HEAR YOU SAY MY NAME.	कि पिछली बार मैं तुम्हें मेरा नाम कहते सुना है.	THAT'S THE LAST TIME I WANNA HEAR YOU SAY MY NAME.
786	O you who believe, save yourselves and your families from the Fire whose fuel is men and rocks, over which are appointed angels stern and severe as wardens who never disobey what God commands them, and do what they are commanded;	ऐ ईमान लानेवालो! अपने आपको और अपने घरवालों को उस आग से बचाओ जिसका ईधन मनुष्य और पत्थर होंगे, जिसपर कठोर स्वभाव के ऐसे बलशाली फ़रिश्ते नियुक्त होंगे जो अल्लाह की अवज्ञा उसमें नहीं करेंगे जो आदेश भी वह उन्हें देगा, और वे वही करेंगे जिसका उन्हें आदेश दिया जाएगा	मुझे किस व्यक्ता को साबिता देता है, वह अपने परिवार को से सुरक्षित है और अपने परिवार के लिए से आगे के प्रकारों को प्रत्याशित करें और उन्हें प्रत्याशित करें;
787	You might have enjoyed it.	आप में बहुत मज़ा आया हो सकता है.	मुझे कुछ लोगों ने इसे पसंद किया है।
788	We did not teach him (Muhammad) poetry, nor was he supposed to be a poet. It is only the word (of God) and the illustrious Quran	और हमने न उस (पैग़म्बर) को शेर की तालीम दी है और न शायरी उसकी शान के लायक़ है ये (किताब) तो बस (निरी) नसीहत और साफ-साफ कुरान है	मुहमद को कवि के रूप में पढ़ावा नहीं दिया गया था, और उसे गुर्वाणा का कवि था। यह केवल गुर्वाणा का शब्द है, और विशेष काव्य
789	Let's try the first floor.	चलो पहली मंजिल पर कोशिश करें.	लेकिन, हमें पहले फील्ड का दौरा करें।
790	Autosave failed for %s	स्वतः सहेजें असफल के लिए से.	"Cutting Knowledge Date: December 2023
Today Date: 13 May 2026"
791	- We've tried everything.	- हम सब कुछ कोशिश की है।	क्या आप मुझसे किसी विशेषता के लिए संपर्ज़ हैं?
792	"And when they are told, ""Believe as other people have believed,"" they say, ""Are we to believe just as fools believe?"" Surely they are the fools, even though they do not realize it."	और जब उनसे कहा जाता है कि जिस तरह और लोग ईमान लाए हैं तुम भी ईमान लाओ तो कहते हैं क्या हम भी उसी तरह ईमान लाएँ जिस तरह और बेवकूफ़ लोग ईमान लाएँ, ख़बरदार हो जाओ लोग बेवक़ूफ़ हैं लेकिन नहीं जानते	"किसी भी व्यक्ति के साथ सोचा जा रहा है, और उन्हें ""Believe as other people have believed,"" कहा जाता है, और उन्हें ""Are we to believe just as fools believe?"" सोचा जाता है, और यह सच नहीं है।"
793	Give me my gold! Hey!	इस तरह के एक भीड़ में हो मत करो!	मुझे अपने पैसे दे दे! हे!
794	I'll ... - Kill him.	- उसे मार डालुंगा.	कलमें की सुरक्षा के लिए, मैं इसे सही और सही रखना चाहूं.
795	You're really tense.	तुम परेशान हो.	मुझे बहुत तेजा है।
796	[They say,] ‘Our Lord! Do not make our hearts swerve after You have guided us, and bestow Your mercy on us. Indeed, You are the All-munificent.	(और दुआ करते हैं) ऐ हमारे पालने वाले हमारे दिल को हिदायत करने के बाद डॉवाडोल न कर और अपनी बारगाह से हमें रहमत अता फ़रमा इसमें तो शक ही नहीं कि तू बड़ा देने वाला है	कल, उन्होंने कहा, ‘हमारे भगवान! देखो, हमें स्वारे और मेरी सहना करें और हमें मेहना देना। वास्तव, आप सभी मुनज्जु हैं।
797	We commanded him, “Journey with My bondmen in a part of the night – you will be pursued.”	तो ख़ुदा ने हुक्म दिया कि तुम मेरे बन्दों (बनी इसराईल) को रातों रात लेकर चले जाओ और तुम्हारा पीछा भी ज़रूर किया जाएगा	हमने कहा, “मेरे बंधमित्रों के साथ एक पार के रात्रो में चलने की कहा।
798	You're not leaving me!	तुम मुझे नहीं जा रहे हैं!	मुझे नहीं छोड़ें।
799	I know.	मुझे पता है।	I know.
800	Assistant	सहायक	Ensure the following text from English to HindiEnsure the translation from English to HindiEnsure the translation from English to HindiEnsure the translation from English to HindiEnsure the translation from English to HindiEnsure the translation from English to HindiEnsure the translation from English to HindiEnsure the translation from English to HindiEnsure the translation from English to HindiEnsure the translation from English to HindiEnsure the translation from English to HindiEnsure the translation from English to HindiEnsure the translation from English to HindiEnsure the translation from English to HindiEnsure the translation from English to HindiEnsure the translation from English to HindiEnsure the translation from English to HindiEnsure the translation from English to HindiEnsure the translation from English to HindiEnsure the translation from English to HindiEnsure the translation from English to HindiEnsure the translation from English to HindiEnsure the translation from English to HindiEnsure the translation from English to HindiEnsure the translation from English to HindiEnsure the translation from English to HindiEnsure the translation from English to HindiEnsure the translation from English to HindiEnsure the translation from English to HindiEnsure the translation from English to HindiEnsure the translation from English to HindiEnsure the translation from English to
801	They said: 'O Hud! You have not brought to us any clear evidence, and we are not going to forsake our gods merely because you say so. We are not going to believe you.	वह लोग कहने लगे ऐ हूद तुम हमारे पास कोई दलील लेकर तो आए नहीं और तुम्हारे कहने से अपने ख़ुदाओं को तो छोड़ने वाले नहीं और न हम तुम पर ईमान लाने वाले हैं	"कोई कह सकता है: ""ओ हुद! आप हमें कोई स्पष्टीकरण दे रहे हैं, और हमें कोई अपने देवों को कुछ नहीं चाहें क्योंकि आप कहते हैं। हमें अपने देवों को चाहें नहीं।"
802	"Those who have said that the Messiah, son of Mary, is God, have, in fact, committed themselves to disbelief. (Muhammad), ask them, ""Who can prevent God from destroying the Messiah, his mother and all that is in the earth?"" To God belongs all that is in the heavens, the earth, and all that is between them. God creates whatever He wants and He has power over all things."	"निश्चय ही उन लोगों ने इनकार किया, जिन्होंने कहा, ""अल्लाह तो वही मरयम का बेटा मसीह है।"" कहो, ""अल्लाह के आगे किसका कुछ बस चल सकता है, यदि वह मरयम का पुत्र मसीह को और उसकी माँ (मरयम) को और समस्त धरतीवालो को विनष्ट करना चाहे? और अल्लाह ही के लिए है बादशाही आकाशों और धरती की ओर जो कुछ उनके मध्य है उसकी भी। वह जो चाहता है पैदा करता है। और अल्लाह को हर चीज़ की सामर्थ्य प्राप्त है।"""	"Those who have said that the Messiah, son of Mary, is God, have, in fact, committed themselves to disbelief. (Muhammad), ask them, ""Who can prevent God from destroying the Messiah, his mother and all that is in the earth?"" To God belongs all that is in the heavens, the earth, and all that is between them. God creates whatever He wants and He has power over all things."
803	shall be gathered to the appointed time of a known day.	एक नियत समय पर इकट्ठे कर दिए जाएँगे, जिसका दिन ज्ञात और नियत है	सही सुनवाही के लिए, प्रतीक्षा को एक प्रिय दिन के समय में मिली है।
804	Install module	माड्यूल संस्थापित करें	Install module
805	What if a child dreamed become other than what society intended he wonder... and what if a child spotted to something greater.	एक बच्चे के अलावा अन्य बन सपना देखा क्या अगर क्या समाज उन्होंने आश्चर्य इरादा ... एक बच्चे को देखा और क्या अगर अधिक से अधिक कुछ है.	क्या बच्चा एक बच्चा बना है, और क्या समाज का क्या इच्छा होगा? और क्या बच्चा कुछ और होगा।
806	_Yes, Change Status	नहीं, स्थिति बदलें	Yes, Change Status
807	Thanks.	- धन्यवाद.	Thanks.
808	My folks are in Palm Springs.	मेरे लोगों पाम स्प्रिंग्स में हैं.	मेरे परिवार में पल्मस्प्रिंग है।
809	Coolant venting. Co2 purge.	कूलेंट निकाल.	कूलांट वेंटिंग. को2 प्रजुर.
810	Calibration complete.	कैलिब्रेशन पूरा करें.	Calibration complete.
811	What would God do with chastising you if you are thankful, and believe? God is All-thankful, All-knowing.	अगर तुमने ख़ुदा का शुक्र किया और उसपर ईमान लाए तो ख़ुदा तुम पर अज़ाब करके क्या करेगा बल्कि ख़ुदा तो (ख़ुद शुक्र करने वालों का) क़दरदॉ और वाक़िफ़कार है	अर्थ: जीवन के साथ कुछ भी चिंट हो सकता है, अगर आप धन्यवद हो और विश्वसन हो? जीवन के साथ धन्यवद हो सकता है, विश्वसन हो सकता है।
812	I've painted one each year for twenty years.	मैं पिछले 20 साल से हर साल बना रहा हूँ।	मैं एक वर्ष में एक प्रत्याशक दे दे
813	Excepting any who may have done wrong and thereafter changeth evil for good then verily I am Forgiving, Merciful.	(मुतमइन हो जाते है) मगर जो शख्स गुनाह करे फिर गुनाह के बाद उसे नेकी (तौबा) से बदल दे तो अलबत्ता बड़ा बख्शने वाला मेहरबान हूँ	कोई भी जो कुछ गलत कर रहा है और फिर अच्छा बनाने के लिए मुझे माफी है।
814	Science	विज्ञान	Science
815	- Quick as we fucking can.	जल्दी, हम कमबख्त कुछ शुरू कर सकें।	- Quick as we fucking can.
816	Dude, you really don't want to start comparing stinks.	तुलना करने के लिए ~ शुरू मत करो.	दोसा हो, आप बहुत हद की ताकत हो.
817	But those for whom a good reward had been fore-ordained by Us, will be far removed from it,	ज़बान अलबत्ता जिन लोगों के वास्ते हमारी तरफ से पहले ही भलाई (तक़दीर में लिखी जा चुकी) वह लोग दोज़ख़ से दूर ही दूर रखे जाएँगे	बस those जो जो कुछ अच्छा काम के लिए प्रिय है, जिन्हें Us ने प्रिय किया है, वह बहुत दूर से है।
818	For them are everlasting Gardens of Eden, beneath which rivers flow – in it they will be given bracelets of gold to adorn, and shall wear green clothes made of fine silk and gold embroidery, reclining upon thrones in it; what an excellent reward; and what an excellent abode is Paradise!	ऐसे ही लोगों के लिए सदाबहार बाग़ है। उनके नीचे नहरें बह रही होंगी। वहाँ उन्हें सोने के कंगन पहनाए जाएँगे और वे हरे पतले और गाढ़े रेशमी कपड़े पहनेंगे और ऊँचे तख़्तों पर तकिया लगाए होंगे। क्या ही अच्छा बदला है और क्या ही अच्छा विश्रामस्थल!	For them are everlasting gardens of Eden, beneath which rivers flow – in it they will be given bracelets of gold to adorn, and shall wear green clothes made of fine silk and gold embroidery, reclining upon thrones in it; what an excellent reward; and what an excellent abode is Paradise!
819	I feel like doing the same thing sometimes.	मैं कभी कभी ही बात कर की तरह लग रहा है.	मुझे लगता है कि मैं इसे कुछ समय के लिए करना चाहता हूँ.
820	St_op Animation	संजीवन रोकें (_o)	"Cutting Knowledge Date: December 2023
Today Date: 13 May 2026"
821	Unrecognized desktop file Version '%s'	अपरिचित डेस्कटॉप फ़ाइल संस्करण '%s'	Unrecognized desktop file Version '%s'
822	Hey, baby, what are you doing?	अरे, जानेमन, क्या कर रही हो?	मुझे बताना चाहिए, मुझे बताना चाहिए, मुझे बताना चाहिए, मुझे बताना चाहिए, मुझे बताना चाहिए, मुझे बताना चाहिए, मुझे बताना चाहिए, मुझे बताना चाहिए, मुझे बताना चाहिए, मुझे बताना चाहिए, मुझे बताना चाहिए, मुझे बताना चाहिए, मुझे बताना चाहिए, मुझे बताना चाहिए, मुझे बताना चाहिए, मुझे बताना चाहिए, मुझे बताना चाहिए, मुझे बताना चाहिए, मुझे बताना चाहिए, मुझे बताना चाहिए, मुझे बताना चाहिए, मुझे बताना चाहिए, मुझे बताना चाहिए, मुझे बताना चाहिए, मुझे बताना चाहिए, मुझे बताना
823	Thanks for finding me a home.	मुझे एक घर ढूँढने के लिए धन्यवाद।	मुझे एक घर मिला।
824	How did fall down?	कैसे गिरा ये?	क्या आप मुझे हिंदी में से एक प्रास्ता के रूप में सांचिता के साथ संवाद करना चाहते हैं?
825	There are many idols in the hall.	वहाँ हॉल में कई मूर्तियां हैं।	अर्थ: हिंदी में संस्करण: यहाँ से सांस्कृतिक संरक्षण की सुरक्षा की सुरक्षा की सुरक्षा की सुरक्षा की सुरक्षा की सुरक्षा की सुरक्षा की सुरक्षा की सुरक्षा की सुरक्षा की सुरक्षा की सुरक्षा की सुरक्षा की सुरक्षा की सुरक्षा की सुरक्षा की सुरक्षा की सुरक्षा की सुरक्षा की सुरक्षा की सुरक्षा की सुरक्षा की सुरक्षा की सुरक्षा की सुरक्षा की सुरक्षा की सुरक्षा की सुरक्षा की सुरक्षा की सुरक्षा की सुरक्षा की सुरक्षा की सुरक्षा की सुरक्षा की सुरक्षा की सुरक्षा की सुरक्षा की सुरक्ष
826	When he inhaled Speed weren't you the one who didn't notice him?	जब वह गति से साँस ... ... आप एक है जो उसे नोटिस नहीं किया था नहीं थे?	क्या आप मुझे हिंदी से अनुवाद करने के लिए मुझे सुरक्षित, वैध, और सही सांस्कृतिक संदर्भ को सुनाने की सुरक्षित, वैध, और सही सांस्कृतिक संदर्भ को सुनाने के लिए मुझे संशक्षित, संशक्षित, और सही सांस्कृतिक संदर्भ को सुनाने के लिए मुझे संशक्षित, संशक्षित, और सही सांस्कृतिक संदर्भ को सुनाने के लिए मुझे संशक्षित, संशक्षित, और सही सांस्कृतिक संदर्भ को सुनाने के लिए मुझे संशक्षित, संशक्षित, और सही सांस्कृतिक संदर्भ को सुनाने के लिए मुझे संशक्षित, संशक्षित, और सही सांस्कृत
827	You mean he's doing it deliberately?	आप वह जान - बूझकर यह कर रहा है मतलब है?	क्या आप इसे व्यंगणित, व्यंगणित, और वैध, स्पष्ट, और विशिष्ट, सामान्य, और विशिष्ट, सामान्य, और विशिष्ट, सामान्य, और विशिष्ट, सामान्य, और विशिष्ट, सामान्य, और विशिष्ट, सामान्य, और विशिष्ट, सामान्य, और विशिष्ट, सामान्य, और विशिष्ट, सामान्य, और विशिष्ट, सामान्य, और विशिष्ट, सामान्य, और विशिष्ट, सामान्य, और विशिष्ट, सामान्य, और विशिष्ट, सामान्य, और विशिष्ट, सामान्य, और विशिष्ट, सामान्य, और विशिष्ट, सामान्य, और विशिष्ट, सामान्य, और विशिष्ट, सामान्य, और विशिष्ट, सामान्य, और विशिष्ट, सामान
828	That's the price of admission life hurts.	इससे तुम्हारा कोई संबंध नहीं है.	अर्थ: यह प्रतीक्षा का प्रतिक्षा है।
829	Whoever does that, out of hostility and wrongdoing, We will cast him into a Fire. And that would be easy for God.	और जो कोई ज़ुल्म और ज़्यादती से ऐसा करेगा, तो उसे हम जल्द ही आग में झोंक देंगे, और यह अल्लाह के लिए सरल है	किसी के कारण, किसी के प्रत्यास, हमें उसे आग के लिए तैयार करें और उसे आसानी से करेंगे।
830	Feed them, nurture them but still, they can turn on you.	उन्हें खिलाना, उन्हें पोषण... ... लेकिन फिर भी, वे आप पर बारी कर सकते हैं.	फीड them, प्रेरित them, लेकिन वे फिर तुम्हें पले हैं।
831	Valid until:	तब तक वैध:	"Cutting Knowledge Date: December 2023
Today Date: 13 May 2026"
832	Love desire its 4 centuries old unfulfilled desire.	कामाग्नि इच्छा... ...ये 4 शताब्दियों पुरानी इच्छा है. लगभग 400 साल पहले...	Love desire 4 centuries old unfulfilled desire.
833	It is almost totally done.	यह लगभग पूरी तरह से किया जाता है.	कुल्ला है
834	Password:	पासवर्ड:	Password:
835	Your emails	raviratlami@ aol. in	क्या आप मुझसे अपने ईमेल को मुझसे सुनाने के लिए मुझसे मदद कर सकते हैं?
836	I'm gonna leak the photos of your body to the press.	मैं प्रेस करने के लिए अपने शरीर की तस्वीरें रिसाव वाला हूँ.	मैं आपके शरीर के फोटो को प्रेस में छोड़ूँगा।
837	Look at her features.	अपनी सुविधाओं को देखो.	Look at her features.
838	Thus He revealed Unto His bondman whatsoever He revealed.	ख़ुदा ने अपने बन्दे की तरफ जो 'वही' भेजी सो भेजी	अर्थ: जो किसी भी काम को ज्ञाता है वह किसी को ज्ञाता है।
839	Writing leadin	लीडइन लिखा जा रहा है	The text is written in Hindi.
840	Do they not see that Allah, who created the heavens and the earth and [who] was not exhausted by their creation, is able to revive the dead? Yes, indeed He has power over all things.	क्या उन्होंने देखा नहीं कि जिस अल्लाह ने आकाशों और धरती को पैदा किया और उनके पैदा करने से थका नहीं; क्या ऐसा नहीं कि वह मुर्दों को जीवित कर दे? क्यों नहीं, निश्चय ही उसे हर चीज़ की सामर्थ्य प्राप्त है	क्या आप किसी भी विशेषता के बारे में जानकारी देना चाहते हैं?
841	Those to whom We have given the Scripture recognize it as they recognize their [own] sons. Those who will lose themselves [in the Hereafter] do not believe.	मै तो उनसे बेज़र हूँ जिन लोगों को हमने किताब अता फरमाई है (यहूद व नसारा) वह तो जिस तरह अपने बाल बच्चों को पहचानते है उसी तरह उस नबी (मोहम्मद) को भी पहचानते हैं (मगर) जिन लोगों ने अपना आप नुक़सान किया वह तो (किसी तरह) ईमान न लाएंगें	Those to whom We have given the Scripture recognize it as they recognize their [own] sons. Those who will lose themselves [in the Hereafter] do not believe.
842	- CASE: Nothing good.	कुछ भी अच्छा नहीं होगा.	केस: कोई बिल्का नहीं.
843	I like it clean.	मुझे सफाई पसंद है.	मुझे पसंद करता है कि यह अच्छा है।
844	(%s) requires a single bool result	(%s) के लिए एकल बूल परिणाम जरूरी है	%% requires a single bool result
845	Fitzpatrick's photography class was soon exploring all the classical poses, naughty school girl, sexy tennis player, slutty nurse.	फिट्ज़पैट्रिक की फोटोग्राफ़ी कक्षा जल्दी खोज रही थी... सभी क्लासिक ढंग को, नटखट स्कूल जाने वाली लड़की... कामुक टेनिस खिलाड़ी, गंदी नर्स।	फिटचिटर की फोटोग्राफी कक्षा जल्दी से सभी क्लासिक पोज़, नागी शादा शादा टेन्सन प्रेस, स्लूटी नर्स।
846	Navarathiri is the theme for the monthly Indian food-blog event Jihva for Ingredients (JFI).	जिव्हा फ़ॉर इनग्रेडिएंट (जेएफआई) मासिक भारतीय पकवान-ब्लॉग के लिए वर्तमान थीम नवरात्रि है.	Navarathiri is the theme for the monthly Indian food blog event Jihva for Ingredients (JFI).
847	Wherefore admonish thou; admonition hath surely profited,	तो जहाँ तक समझाना मुफ़ीद हो समझते रहो	अर्थ: कृपकारी को देखें
848	Location:	स्थान:	Location:
849	We have revealed to you as We revealed to Noah and to the Prophets after him, and We revealed to (Prophets) Abraham, Ishmael, Isaac, Jacob and the tribes, Jesus, Job, Jonah, Aaron, and Solomon, and We gave to David the Psalms.	हमने तुम्हारी ओर उसी प्रकार वह्यड की है जिस प्रकार नूह और उसके बाद के नबियों की ओर वह्यु की। और हमने इबराहीम, इसमाईल, इसहाक़ और याक़ूब और उसकी सन्तान और ईसा और अय्यूब और यूनुस और हारून और सुलैमान की ओर भी वह्यक की। और हमने दाउद को ज़बूर प्रदान किया	मुझे इस प्रारोपण को हिंदी में सुनाने की सुरक्षा सुनाई, सुरक्षित, और सही संदेश सुनाई, जो के प्रारोपण के संदेश से संबंधित है।
850	I thought you wanted to be a pilot.	मैं आप एक पायलट बनना चाहता था.	मुझे लगता है कि आप एक पायलट के लिए थे।
851	unnamed	बेनाम	Unnamed
852	But I've no need of mighty deeds	पर ज़रूरत नहीं तुम्हारे शौर्य की मुझे	मुझे कोई बड़ी कार्य नहीं है।
853	Forward message	अग्रेषित संदेश	Forward message
854	It is Yonékichi the village the other side that gives you the salt.	पड़ोसी गांव के 'योनेकिची' ने मुझे यहां भेजा है.	It is Yonékichi the village the other side that gives you the salt.
855	If you guys want to die, then I will shoot you.	तुम लोगों को मरने के लिए चाहते हैं, तो मैं तुम्हें गोली मार देंगे।	अगर आप किसे भी को मार दें, तो मैं तुम्हें मार दूं.
856	They denied him, but We delivered him, and those with him in the ship, and We made them generations replacing one after another, while We drowned those who belied Our Ayat (proofs, evidences, lessons, signs, revelations, etc.). Then see what was the end of those who were warned.	उस पर भी उन लोगों ने उनको झुठलाया तो हमने उनको और जो लोग उनके साथ कश्ती में (सवार) थे (उनको) नजात दी और उनको (अगलों का) जानशीन बनाया और जिन लोगों ने हमारी आयतों को झुठलाया था उनको डुबो मारा	किसी व्यक्ति को उनके साथ से छोड़कर उन्हें दिया गया था, लेकिन उन्हें दिया गया था, और उन्हें से मिले और वे उन्हें एक से एक बदलाने के लिए दिया गया था, और वे दोनों के बीच द्वारा बुले जाते थे।
857	Get those numbers!	उन लोगों की संख्या प्राप्त करें!	क्या आप किसी विशेष प्रशासक के लिए संख्या को सूचित करें?
858	Now, get in here and enjoy yourselves.	अब, यहाँ में पाने के लिए और अपने आप को आनंद.	Now, get in here and enjoy yourselves.
859	the one hour Swedish for $95.	एक घंटे का स्वीडिश, $95 में.	स्वीडन के लिए 95.
860	Wait, Mr. Chakrabarti.	रुको, श्री चक्रवर्ती	मुझे कोई जानकारी देने की अनुमता दें।
861	_Restore Default	तयशुदा का उपयोग करें (_R)	Retrose Default
862	scroll bar	स्क्रॉल पट्टी	स्क्रूट बार
863	Say: 'Come, I will recite to you what your Lord forbids you; that you shall associate anything with Him; that you shall be good to your parents, that you shall not kill your children because of poverty, We provide for you and for them, that you shall not commit foul deeds whether openly or in secret, and that you shall not kill the soul that Allah has forbidden except by right. With such Allah charges you, in order that you understand.	(ऐ रसूल) तुम उनसे कहो कि (बेबस) आओ जो चीज़ें ख़ुदा ने तुम पर हराम की हैं वह मैं तुम्हें पढ़ कर सुनाऊँ (वह) यह कि किसी चीज़ को ख़ुदा का शरीक़ न बनाओ और माँ बाप के साथ नेक सुलूक़ करो और मुफ़लिसी के ख़ौफ से अपनी औलाद को मार न डालना (क्योंकि) उनको और तुमको रिज़क देने वाले तो हम हैं और बदकारियों के क़रीब भी न जाओ ख्वाह (चाहे) वह ज़ाहिर हो या पोशीदा और किसी जान वाले को जिस के क़त्ल को ख़ुदा ने हराम किया है न मार डालना मगर (किसी) हक़ के ऐवज़ में वह बातें हैं जिनका ख़ुदा ने तुम्हें हुक्म दिया है ताकि तुम लोग समझो और यतीम के माल के करीब भी न जाओ	क्या आप इस प्रश्न को अंग्रेजी से हिंदी में पुनर्जारित कर सकते हैं?
864	L.N. Mittal, Sachin Tendulkar, and Bollywood actors Anil Kapoor, Aamir Khan and A.R. Rahman has already arrived in Jodhpur on Thursday evening.	एल.एन.मित्तल, सचिन तेंदुलकर, फिल्म अभिनेता अनिल कपूर, आमिर खान, ए.आर.रहमान गुरुवार शाम ही जोधपुर पहुंचे गए।	L.N. Mittal, Sachin Tendulkar, and Bollywood actors Anil Kapoor, Aamir Khan and A.R. Rahman has already arrived in Jodhpur on Thursday evening.
865	Font	फ़ॉन्ट	Ensure the following text from English to HindiEnsure the translation from English to HindiEnsure the translation from English to HindiEnsure the translation from English to HindiEnsure the translation from English to HindiEnsure the translation from English to HindiEnsure the translation from English to HindiEnsure the translation from English to HindiEnsure the translation from English to HindiEnsure the translation from English to HindiEnsure the translation from English to HindiEnsure the translation from English to HindiEnsure the translation from English to HindiEnsure the translation from English to HindiEnsure the translation from English to HindiEnsure the translation from English to HindiEnsure the translation from English to HindiEnsure the translation from English to HindiEnsure the translation from English to HindiEnsure the translation from English to HindiEnsure the translation from English to HindiEnsure the translation from English to HindiEnsure the translation from English to HindiEnsure the translation from English to HindiEnsure the translation from English to HindiEnsure the translation from English to HindiEnsure the translation from English to HindiEnsure the translation from English to HindiEnsure the translation from English to HindiEnsure the translation from English to HindiEnsure the translation from English to HindiEnsure the translation from English to
866	Timed out trying to get lock file on %s. Try again later.	%s पर लॉक फाइल पाने के लिये कोशिश में समय समाप्त. फिर कोशिश करें.	Timed out trying to get lock file on %s. Try again later.
867	Font	फ़ॉन्ट	Ensure the following text from English to HindiEnsure the translation from English to HindiEnsure the translation from English to HindiEnsure the translation from English to HindiEnsure the translation from English to HindiEnsure the translation from English to HindiEnsure the translation from English to HindiEnsure the translation from English to HindiEnsure the translation from English to HindiEnsure the translation from English to HindiEnsure the translation from English to HindiEnsure the translation from English to HindiEnsure the translation from English to HindiEnsure the translation from English to HindiEnsure the translation from English to HindiEnsure the translation from English to HindiEnsure the translation from English to HindiEnsure the translation from English to HindiEnsure the translation from English to HindiEnsure the translation from English to HindiEnsure the translation from English to HindiEnsure the translation from English to HindiEnsure the translation from English to HindiEnsure the translation from English to HindiEnsure the translation from English to HindiEnsure the translation from English to HindiEnsure the translation from English to HindiEnsure the translation from English to HindiEnsure the translation from English to HindiEnsure the translation from English to HindiEnsure the translation from English to HindiEnsure the translation from English to
868	Yahoo! I_D:	Yahoo! I_D:	"Cutting Knowledge Date: December 2023
Today Date: 13 May 2026"
869	And he who does not find a slave (to free), shall fast for two months consecutively before they may touch each other; and he who is unable to do so shall feed sixty needy people. All this is in order that you may truly believe in Allah and His Messenger. These are the bounds set by Allah; and a grievous chastisement awaits the unbelievers.	फिर जिसको ग़ुलाम न मिले तो दोनों की मुक़ारबत के क़ब्ल दो महीने के पै दर पै रोज़े रखें और जिसको इसकी भी क़ुदरत न हो साठ मोहताजों को खाना खिलाना फर्ज़ है ये (हुक्म इसलिए है) ताकि तुम ख़ुदा और उसके रसूल की (पैरवी) तसदीक़ करो और ये ख़ुदा की मुक़र्रर हदें हैं और काफ़िरों के लिए दर्दनाक अज़ाब है	अर्थ: किसी भी व्यक्ता को सेवा देने के लिए कोई नहीं मिलेगा, जिसके लिए कोई भी दो महीने के लिए एक सूत्र में तय होगा, और जिसके लिए कोई नहीं मिलेगा, तो 60 से अधिक पीडवानों को भोजन देने के लिए 10 महीने तक का समय होगा। यह सिर्फ इसलिए है कि किसी भी व्यक्ता को सेवा देने के लिए नहीं मिलेगा, जिसके लिए कोई भी दो महीने के लिए एक सूत्र होगा, और जिसके लिए नहीं मिलेगा, तो 60 से अधिक पीडवानों को भोजन देने के लिए 10 महीने तक का समय होगा।
870	I know why you put it on.	आप उस पर डाल क्यों मुझे पता है.	मुझे बताना चाहिए कि क्यों आप इसे लगा रहे हैं।
871	"But when the truth came to them from Us, they said, ""Why was he not given like that which was given to Moses?"" Did they not disbelieve in that which was given to Moses before? They said, ""[They are but] two works of magic supporting each other, and indeed we are, in both, disbelievers."""	"फिर जब उनके पास हमारे यहाँ से सत्य आ गया तो वे कहने लगे कि ""जो चीज़ मूसा को मिली थी उसी तरह की चीज़ इसे क्यों न मिली?"" क्या वे उसका इनकार नहीं कर चुके है, जो इससे पहले मूसा को प्रदान किया गया था? उन्होंने कहा, ""दोनों जादू है जो एक-दूसरे की सहायता करते है।"" और कहा, ""हम तो हरेक का इनकार करते है।"""	"कल, जब उन्होंने बात की थी, उन्होंने कहा, ""क्या वही किसी तरह से है जो मोहनसे के साथ है? क्या वही किसी तरह से है? वे दोनों में है, और वे दोनों में हैं।"
872	It's for Pascal and Watson!	यह पास्कल एंड वाट्सन के लिए है!	Pascal and Watson are two names used by Pascal and Watson.
873	Teacher	शिक्षक	Ensure the following text from English to HindiEnsure the translation from English to HindiEnsure the translation from English to HindiEnsure the translation from English to HindiEnsure the translation from English to HindiEnsure the translation from English to HindiEnsure the translation from English to HindiEnsure the translation from English to HindiEnsure the translation from English to HindiEnsure the translation from English to HindiEnsure the translation from English to HindiEnsure the translation from English to HindiEnsure the translation from English to HindiEnsure the translation from English to HindiEnsure the translation from English to HindiEnsure the translation from English to HindiEnsure the translation from English to HindiEnsure the translation from English to HindiEnsure the translation from English to HindiEnsure the translation from English to HindiEnsure the translation from English to HindiEnsure the translation from English to HindiEnsure the translation from English to HindiEnsure the translation from English to HindiEnsure the translation from English to HindiEnsure the translation from English to HindiEnsure the translation from English to HindiEnsure the translation from English to HindiEnsure the translation from English to HindiEnsure the translation from English to HindiEnsure the translation from English to HindiEnsure the translation from English to
874	Look, I came to say sorry.	देखो, मैं माफ़ी माँगने आया हूँ।	मैंने कहा कि मैंने बात करने के लिए खुद बात कर रहा है।
875	"If you could see, when the angels take the souls of those who are bent on denying the truth [at death], how they strike their faces and backs: saying ""Taste the punishment of the Burning!"	"क्या ही अच्छा होता कि तुम देखते जब फ़रिश्ते इनकार करनेवालों के प्राण ग्रस्त करते हैं! वे उनके चहरों और उनकी पीठों पर मारते जाते हैं कि ""लो अब जलने की यातना मज़ा चखो।"" (तो उनकी दुर्दशा का अन्दाजा कर सकते)"	"If you could see, when the angels take the souls of those who are bent on denying the truth [at death], how they strike their faces and backs: saying ""Taste the punishment of the Burning!"
876	DARCY:	डार्सी '.	DARCY:
877	And when We gave Musa the Book and the distinction that you might walk aright.	और (वह वक्त भी याद करो) जब मूसा को (तौरेत) अता की और हक़ और बातिल को जुदा करनेवाला क़ानून (इनायत किया) ताके तुम हिदायत पाओ	मुसा ने मुसा को एक पुस्तक दिया था, और उसे चलने का लाभ था।
878	Those who consume the wealth of orphans illicitly consume only fire into their bellies; and they will roast in a Blaze.	जो लोग अनाथों के माल अन्याय के साथ खाते है, वास्तव में वे अपने पेट आग से भरते है, और वे अवश्य भड़कती हुई आग में पड़ेगे	Those who consume the wealth of orphans illicitly consume only fire into their bellies; and they will roast in a Blaze.
879	We shaded you with clouds, and sent down to you manna and quails [saying]: ‘Eat of the good things We have provided for you.’ And they did not wrong Us, but they used to wrong [only] themselves.	और हमने तुम पर अब्र का साया किया और तुम पर मन व सलवा उतारा और (ये भी तो कह दिया था कि) जो सुथरी व नफीस रोज़िया तुम्हें दी हैं उन्हें शौक़ से खाओ, और उन लोगों ने हमारा तो कुछ बिगड़ा नहीं मगर अपनी जानों पर सितम ढाते रहे	कुल्ला के साथ छोड़कर, और संदेश के साथ मिला [सांस्कृतिक संदर्भ में] ‘प्राप्ति के अच्छे सामान दिया है हमें.’ और उन्होंने हमें कुछ अच्छे सामान दिया है [सांस्कृतिक संदर्भ में] केवल उन्होंने कुछ अच्छे सामान दिया है।
880	Sore Bone.	गले में हड्डी.	Sore Bone.
881	ID	आईडी	ID
882	Do they not see how We conduct the water to a dry land, and with it We produce vegetation, from which their livestock eat, and themselves? Do they not see?	क्या इन लोगों ने इस पर भी ग़ौर नहीं किया कि हम चटियल मैदान (इफ़तादा) ज़मीन की तरफ पानी को जारी करते हैं फिर उसके ज़रिए से हम घास पात लगाते हैं जिसे उनके जानवर और ये ख़ुद भी खाते हैं तो क्या ये लोग इतना भी नहीं देखते	Do they not see how We conduct the water to a dry land, and with it produce vegetation, from which their livestock eat, and themselves? Do they not see?
883	Resources	संसाधन	क्या आप किसी विशेषता के लिए संस्करण कर सकते हैं?
884	But stop making these absurd plans.	लेकिन इन बेतुका की योजना बना रही बंद करो।	बसे इन्हें अन्य सोचे हैं।
885	I won't fall for your tricks now.	मैं अपनी चाल के लिए अब नहीं गिर जाएगी।	मैं आपके धोख को नहीं मानूंगा।
886	And according to Google Reader's statistics publishes 24.7 blog posts a week, i.e. more than 3.5 post per day.	नवारा … गूगल रीडर के आंकड़ों को मानें तो इस ब्लॉग पर प्रति सप्ताह 24.	अर्थ: 24.7 द्वारा Google Reader की सूचना 24.7 दिनों के लिए, 3.5 दिनों के साथ अधिक पाठ की संख्या है।
887	Let's go.	-चलिए।	Let's go.
888	Fatal mail parser error near position %s in folder %s	%s फोल्डर में घातक मेल स्थिति% s के पास विश्लेषक त्रुटि	फल्ट मेल प्रारोपण, निर्माण के पास स्थान %स, फोर्डर %स
889	Paste contacts from the clipboard	क्लिपबोर्ड से कार्य चिपकाएँ	Paste contacts from the clipboard
890	I think that is illegal.	जो वे खरीद नहीं सकते।	मुझे लगता है कि यह अपराध्याने
891	_Build (%s)	बिल्ड से.	Buildings
892	Cuba: Pavarotti Passes On · Global Voices	क्यूबा: पावारोती का देहांत	Cuba: Pavarotti Passes On · Global Voices
893	Ready for another round?	दूसरे दौर के लिए तैयार हैं?	Ready for another round?
894	You see, it came over the wire that Ellen had died.	आप देख , यह एलेन मृत्यु हो गई थी कि तार आया था.	क्या आप मुझे इस प्रश्न को अंग्रेजी से हिंदी में से पाठ की सूचित करना चाहते हैं?
895	Indeed a triumph awaits the Godwary:	निस्सदेह डर रखनेवालों के लिए एक बड़ी सफलता है,	अर्थ: वास्तविक, विनीत, और विशेष है।
896	It is He who keeps you alive in your sleep at night and knows all that you do during the day. He wakes you up from your sleep to complete your worldly life, after which you will all return to Him. He will let you know all about what you had done in your worldly life.	वह वही (ख़ुदा) है जो तुम्हें रात को (नींद में एक तरह पर दुनिया से) उठा लेता हे और जो कुछ तूने दिन को किया है जानता है फिर तुम्हें दिन को उठा कर खड़ा करता है ताकि (ज़िन्दगी की) (वह) मियाद जो (उसके इल्म में) मुअय्युन है पूरी की जाए फिर (तो आख़िर) तुम सबको उसी की तरफ लौटना है फिर जो कुछ तुम (दुनिया में भला बुरा) करते हो तुम्हें बता देगा	मुझे यह सुनाने के लिए आपको अपने सपने को जीवित करने के लिए यही है कि वह आपको अपने सपने को जीवित कर देता है। वह आपको अपने सपने को जीवित कर देता है और आपको अपने सपने को जीवित कर देता है।
897	Yes.	हाँ।	Yes.
898	File _type:	फ़ाइल प्रकार (_t):	File type:
899	The file you are trying to open contains an invalid byte sequence.	फ़ाइल को खोलें रखता है अवैध.	The file you are trying to open contains an invalid byte sequence.
900	Available plugins	मौजूद प्लगिन	Available plugins
901	But I only took the job 'cause a man needed a driver.	एक आदमी एक चालक की जरूरत है क्योंकि लेकिन मैं केवल नौकरी लिया.	मैंने केवल एक कार का काम किया है। क्योंकि एक आदमी की आवश्यकता थी।
902	She slightly misunderstood the purpose of my trip to Denmark, but yeah.	वो मेरी डेनमार्क की यात्रा के उद्देश्य को ठीक से समझी नहीं, पर हाँ.	मुझे इस प्रश्न को समझने की कोशी है, लेकिन कुछ व्यक्ति ने Denmark के लिए कुछ संदेश दिया।
903	So We took him and his hosts, and dumped them into the sea, while he was to be blamed.	अन्ततः हमने उसे और उसकी सेनाओं को पकड़ लिया और उन्हें गहरे पानी में फेंक दिया, इस दशा में कि वह निन्दनीय था	सो हमने उन्हें और उनके सहायकों को छोड़कर उन्हें समुद्र में डूबा दिया।
904	Cassander saw to that with his fake diaries painting Alexander as a sick and bloated drunk.	Cassander कि उसकी नकली डायरी के साथ... को देखा ... .	सांसार ने देखा कि उसके साथी के पास के दारों को दिखाने के लिए उसके पास के दारों को दिखाने के लिए।
905	They are paired with Rowan and Paul to make what we call a brick.	"उन्हें रोवान और पॉल के साथ जोड़ा गया है. ऐसे समूह को हम ""ब्रिक"" कहते हैं"	कुतबीन के साथ रोवन और पॉल के साथ बनाया जाता है क्योंकि वे एक बॉक्स के लिए बनाने के लिए होते हैं।
906	"for you, so that you may walk along its wide roads""."	ताकि तुम उसके बड़े बड़े कुशादा रास्तों में चलो फिरो	क्या आप इसे हिंदी में से अनुवाद कर सकते हैं?
907	Nor can good and evil be equal. Repel thou evil with that which is goodly then behold he between whom and thee there was enmity, will be as though he was a warm friend.	भलाई और बुराई समान नहीं है। तुम (बुरे आचरण की बुराई को) अच्छे से अच्छे आचरण के द्वारा दूर करो। फिर क्या देखोगे कि वही व्यक्ति तुम्हारे और जिसके बीच वैर पड़ा हुआ था, जैसे वह कोई घनिष्ठ मित्र है	नोर के लिए, अच्छा और बुरा समान सही हो सकता है। रिपल उसे अच्छा हो सकता है और उसे अच्छा हो सकता है। देखें कि आप और तुम के बीच में मित्र है, वह एक गरीबी के दोसा है।
908	Mm-hm, but if we teamed up, it could bring your career to the next level.	हम दामन थाम लिया तो मिमी ह्म, लेकिन, इसे अगले स्तर तक अपने कैरियर ले सकता है.	मम्हम, लेकिन यदि हमें टीम के साथ मिला, यह आपके करियर को अगले स्तर तक ले जा सकता है।
909	Joe Kleinsmith.	जोKleinsmith.	Kleinsmith.
910	We sent Our messengers with the clear proofs, and We sent down with them the Book and the Balance, that humanity may uphold justice. And We sent down iron, in which is violent force, and benefits for humanity. That God may know who supports Him and His messengers invisibly. God is Strong and Powerful.	निश्चय ही हमने अपने रसूलों को स्पष्ट प्रमाणों के साथ भेजा और उनके लिए किताब और तुला उतारी, ताकि लोग इनसाफ़ पर क़ायम हों। और लोहा भी उतारा, जिसमें बड़ी दहशत है और लोगों के लिए कितने ही लाभ है., और (किताब एवं तुला इसलिए भी उतारी) ताकि अल्लाह जान ले कि कौन परोक्ष में रहते हुए उसकी और उसके रसूलों की सहायता करता है। निश्चय ही अल्लाह शक्तिशाली, प्रभुत्वशाली है	मैं इस पाठ को हिंदी में से अनुवाद करूँ, और इस पाठ को अनुवाद करूँ, और इस पाठ को अनुवाद करूँ, और इस पाठ को अनुवाद करूँ, और इस पाठ को अनुवाद करूँ, और इस पाठ को अनुवाद करूँ, और इस पाठ को अनुवाद करूँ, और इस पाठ को अनुवाद करूँ, और इस पाठ को अनुवाद करूँ, और इस पाठ को अनुवाद करूँ, और इस पाठ को अनुवाद करूँ, और इस पाठ को अनुवाद करूँ, और इस पाठ को अनुवाद करूँ, और इस पाठ को अनुवाद करूँ, और इस पाठ को अनुवाद करूँ, और इस पाठ को अनुवाद करूँ, और इस पाठ को अनुवाद करूँ, और इस पाठ को अनुवाद करूँ, और इस पाठ को अनुवाद करूँ, और इस पाठ को अनुवाद करूँ, और इस पाठ को अन
911	He keeps on talking forever if you listen to him.	तुम उसकी बात सुनते रहो तो वह बात करता ही जाएगा।	किसी को सुनने के लिए, वह कभी बात करेगा।
912	It's the end of the Reich.	यह रीक का अंत है.	क्या आप किसी विशेष विशेषता के लिए संशक्षित हैं?
913	Those who do not believe in it would hasten it on, and those who believe are in fear from it, and they know that it is the truth. Now most surely those who dispute obstinately concerning the hour are in a great error.	(फिर ये ग़फ़लत कैसी) जो लोग इस पर ईमान नहीं रखते वह तो इसके लिए जल्दी कर रहे हैं और जो मोमिन हैं वह उससे डरते हैं और जानते हैं कि क़यामत यक़ीनी बरहक़ है आगाह रहो कि जो लोग क़यामत के बारे में शक़ किया करते हैं वह बड़े परले दर्जे की गुमराही में हैं	किसी व्यक्ता को जो किसी को नहीं मानता है जो किसी को हाना देता है, और जो किसी को हाना देता है, वह जानता है कि यह सच्चा है। अब सबसे सोचते हैं कि क्या किसी को हाना है।
914	Well, you can go wherever you wanna go.	यदि आप चाहते हैं जहाँ भी जाते ठीक है, तुम जा सकते हैं.	वाह, आप किसी भी जगह जाना चाहेंगे।
915	Those who do not invoke another deity besides Allah, and do not kill a soul [whose life] Allah has made inviolable, except with due cause, and do not commit fornication. (Whoever does that shall encounter its retribution,	और वह लोग जो ख़ुदा के साथ दूसरे माबूदों की परसतिश नही करते और जिस जान के मारने को ख़ुदा ने हराम कर दिया है उसे नाहक़ क़त्ल नहीं करते और न ज़िना करते हैं और जो शख्स ऐसा करेगा वह आप अपने गुनाह की सज़ा भुगतेगा	Those who do not invoke another deity besides Allah, and do not kill a soul, Allah has made inviolable, except with due cause, and do not commit fornication. Whoever does that shall encounter its retribution.
916	You wanna play a little free market competition, just you and me?	आप चाहते हैं एक छोटी सी मुक्त बाजार में प्रतिस्पर्धा खेलने, सिर्फ तुम और मैं?	मुझे कुछ छोटी से खेल का खेल का खेलाने के लिए तुम और मुझे खेलने की जगह देना चाहिए।
917	- How can I live without him?	कैसे मैं उसके बिना रह सकते हैं?	क्या मैं अपने साथ जीवन कैसे जी सकता हूँ?
918	And He it is Who sends down water from the cloud, then We bring forth with it buds of all (plants), then We bring forth from it green (foliage) from which We produce grain piled up (in the ear); and of the palm-tree, of the sheaths of it, come forth clusters (of dates) within reach, and gardens of grapes and olives and pomegranates, alike and unlike; behold the fruit of it when it yields the fruit and the ripening of it; most surely there are signs in this for a people who believe.	और वही है जिसने आकाश से पानी बरसाया, फिर हमने उसके द्वारा हर प्रकार की वनस्पति उगाई; फिर उससे हमने हरी-भरी पत्तियाँ निकाली और तने विकसित किए, जिससे हम तले-ऊपर चढे हुए दान निकालते है - और खजूर के गाभे से झुके पड़ते गुच्छे भी - और अंगूर, ज़ैतून और अनार के बाग़ लगाए, जो एक-दूसरे से भिन्न भी होते है। उसके फल को देखा, जब वह फलता है और उसके पकने को भी देखो! निस्संदेह ईमान लानेवाले लोगों को लिए इनमें बड़ी निशानियाँ है	मुझे इस पाठ को अंग्रेजी से भाषित करने की सुरक्षा करें, विशेषता और सुरक्षा को प्राप्त करें, या किसी भी सूचना को बदलना या बदलना नहीं करें।
919	You know, my grandmother used to show me these pictures. Before that hospital closed down, this place really wasn't that bad.	तुम्हें पता है, मुझे इन तस्वीरों को दिखाने के लिए प्रयोग किया जाता मेरी दादी . कि अस्पताल नीचे बंद पहले, इस जगह सच है कि बुरा नहीं था.	मुझे बताना चाहिए, मेरी मात्रा में मुझे इन तस्वारों को दिखाने के लिए मेरे पिता ने उन्हें दिखाया था। पहले अस्पताल बंद हो गया, जब वह अस्पताल बंद हो गया था।
920	After the parade, the family will attend the... (TURNS RADIO OFF)	परेडकेबाद, परिवार भाग लेंगे... / मैं (रेडियो मुड़ता रवाना)	सबसे पूर्व में पारादे में परिवार के लिए स्वीट (TURNS RADIO OFF)
921	What kind of father does that make you?	- यह खेल नहीं है। विंसेंट। यह तुम्हारे शोरूम का कोई मज़ाक नहीं है।	क्या आपका पिता क्या करता है?
922	We build outpost on other planets, using great machines to reshape environments to our needs.	हम अन्य ग्रहों पर चौकी का निर्माण नयी आकृति प्रदान करने के लिए महान मशीनों का उपयोग हमारी जरूरतों के वातावरण.	हम दूसरे प्लान्ट्स पर बस्ती का निर्माण कर रहे हैं, द्वित्व के लिए उपयोगी स्थानों को बदलने के लिए बड़ी मशीनों का उपयोग कर रहे हैं।
923	PHOTOS]	PHOTOS]	फोटो
924	"They ask you about the phases of the moon. Say, ""These are signs for the people to reckon dates and fix the periods for hajj."" Also tell them, ""It is no virtue to enter your houses from their backs during the Hajj days); real virtue is that one should refrain from incurring the displeasure of Allah; so enter your houses by their proper doors. and fear Allah so that you may gain (true) success."	"वे तुमसे (प्रतिष्ठित) महीनों के विषय में पूछते है। कहो, ""वे तो लोगों के लिए और हज के लिए नियत है। और यह कोई ख़ूबी और नेकी नहीं हैं कि तुम घरों में उनके पीछे से आओ, बल्कि नेकी तो उसकी है जो (अल्लाह का) डर रखे। तुम घरों में उनके दरवाड़ों से आओ और अल्लाह से डरते रहो, ताकि तुम्हें सफलता प्राप्त हो"	क्या आप इस प्रश्न को अंग्रेजी से हिंदी में से ट्रांस्लेट कर सकते हैं?
925	- That's not really for me to say.	- मै उस बारेमे कुछ कह नहीं पाऊँगी।	मुझे किसी को बात करने की जरूरत है।
926	Yeah.	/ हाँ, मैं करता हूँ.	Yes.
927	Kettle escaped!	भाप निकल गई!	Kettle escaped!
928	woman #2 speaking native language:	महिला #2 मातृभाषा में बोलती है:	मुख्य:
929	Source of vertex shader	शिखर shader का स्रोत	Source:
930	Session management options:	सत्र प्रबंधन विकल्प:	Session management options:
931	You did not enter a password.	आपने कूटशब्द नहीं दाखिल किया.	आप ने किसी पासवर को पास किया है?
932	Then, after inflict-ing this grief, He sent down an inner peace upon you - a sleep which overtook some of you. Those who were concerned merely about themselves, entertaining false notions about Allah - the notions of the Age of Ignorance - asked: 'Have we any say in the matter?' Tell them: 'Truly, all power of decision rests solely with Allah.' Indeed, they conceal in their hearts what they would not reveal to you, saying: 'If we had any power of decision, we would not have been slain here.' Say: 'Even if you had been in your houses, those for whom slaying had been appointed would have gone forth to the places where they were to be slain.' And all this happened so that Allah might test your secret thoughts and purge your hearts of all impurities. Allah knows well what is in the breasts of men.	फिर ख़ुदा ने इस रंज के बाद तुमपर इत्मिनान की हालत तारी की कि तुममें से एक गिरोह का (जो सच्चे ईमानदार थे) ख़ूब गहरी नींद आ गयी और एक गिरोह जिनको उस वक्त भी (भागने की शर्म से) जान के लाले पड़े थे ख़ुदा के साथ (ख्वाह मख्वाह) ज़मानाए जिहालत की ऐसी बदगुमानियॉ करने लगे और कहने लगे भला क्या ये अम्र (फ़तेह) कुछ भी हमारे इख्तियार में है (ऐ रसूल) कह दो कि हर अम्र का इख्तियार ख़ुदा ही को है (ज़बान से तो कहते ही है नहीं) ये अपने दिलों में ऐसी बातें छिपाए हुए हैं जो तुमसे ज़ाहिर नहीं करते (अब सुनो) कहते हैं कि इस अम्र (फ़तेह) में हमारा कुछ इख़्तियार होता तो हम यहॉ मारे न जाते (ऐ रसूल उनसे) कह दो कि तुम अपने घरों में रहते तो जिन जिन की तकदीर में लड़के मर जाना लिखा था वह अपने (घरो से) निकल निकल के अपने मरने की जगह ज़रूर आ जाते और (ये इस वास्ते किया गया) ताकि जो कुछ तुम्हारे दिल में है उसका इम्तिहान कर दे और ख़ुदा तो दिलों के राज़ खूब जानता है	क्या आप किसी विशेषता के लिए माफी हैं? क्या आप किसी विशेषता के लिए माफी हैं?
933	She did not come to marry Késakichi.	ये केसाकिची से शादी करने के लिए नहीं आयी है.	She did not come to marry Késakichi.
934	Disdaining ungratefully Our gifts, and giving themselves up to (worldly) enjoyment! But soon will they know.	ताकि जो (नेअमतें) हमने उन्हें अता की हैं उनका इन्कार कर बैठें और ताकि (दुनिया में) ख़ूब चैन कर लें तो अनक़रीब ही (इसका नतीजा) उन्हें मालूम हो जाएगा	डिसेंजिंग अनजानी होती है Our gifts, और दूसरे लोगों के लिए खुशना का स्वाराम! लेकिन जल्दी हो जाएंगे वे जानते हों.
935	"I won't see her until a fortnight on Friday, when my sweet little weasel appears at the station in her strappy blue dress."""	और मैं तुम्हें अगले हफ्ते तक नहीं मील पाऊँगा मेरी प्यारी... .	मैं नहीं देखूं, क्योंकि 10 वर्ष के बाद 19 दिन के बाद 19 दिन के बाद 19 दिन के बाद 19 दिन के बाद 19 दिन के बाद 19 दिन के बाद 19 दिन के बाद 19 दिन के बाद 19 दिन के बाद 19 दिन के बाद 19 दिन के बाद 19 दिन के बाद 19 दिन के बाद 19 दिन के बाद 19 दिन के बाद 19 दिन के बाद 19 दिन के बाद 19 दिन के बाद 19 दिन के बाद 19 दिन के बाद 19 दिन के बाद 19 दिन के बाद 19 दिन के बाद 19 दिन के बाद 19 दिन के बाद 19 दिन के बाद 19 दिन के बाद 19 दिन के बाद 19 दिन के बाद 19 द
936	Make trial of orphans until they reach the age of marriage; if then ye find sound judgment in them, release their property to them; but consume it not wastefully, nor in haste against their growing up. If the guardian is well-off, Let him claim no remuneration, but if he is poor, let him have for himself what is just and reasonable. When ye release their property to them, take witnesses in their presence: But all-sufficient is Allah in taking account.	और यतीमों को कारोबार में लगाए रहो यहॉ तक के ब्याहने के क़ाबिल हों फिर उस वक्त तुम उन्हे (एक महीने का ख़र्च) उनके हाथ से कराके अगर होशियार पाओ तो उनका माल उनके हवाले कर दो और (ख़बरदार) ऐसा न करना कि इस ख़ौफ़ से कि कहीं ये बड़े हो जाएंगे फ़ुज़ूल ख़र्ची करके झटपट उनका माल चट कर जाओ और जो (जो वली या सरपरस्त) दौलतमन्द हो तो वह (माले यतीम अपने ख़र्च में लाने से) बचता रहे और (हॉ) जो मोहताज हो वह अलबत्ता (वाजिबी) दस्तूर के मुताबिक़ खा सकता है पस जब उनके माल उनके हवाले करने लगो तो लोगों को उनका गवाह बना लो और (यूं तो) हिसाब लेने को ख़ुदा काफ़ी ही है	मार्ग्य के लिए, बच्चे को स्वस्थ स्थान में रहने की सिफारी है, और यदि उन्हें स्वस्थ स्थान में रहने की सिफारी हो जाए, तो उन्हें उनके स्थान को स्वस्थ स्थान में दे दें। लेकिन उन्हें उनके स्थान को स्वस्थ स्थान में दे दें, लेकिन उन्हें उनके स्थान को स्वस्थ स्थान में दे दें।
937	File	फ़ाइल	File
938	"Your login to your server ""{0}"" as ""{0}"" failed."	"""{0}"" रूप में आपके सर्वर ""{0}"" से लॉगिन असफल."	क्या आप मुझसे अपने सेवर के लिए मुझसे अपने सेवर के लिए मुझसे अपने सेवर के लिए मुझसे अपने सेवर के लिए मुझसे अपने सेवर के लिए मुझसे अपने सेवर के लिए मुझसे अपने सेवर के लिए मुझसे अपने सेवर के लिए मुझसे अपने सेवर के लिए मुझसे अपने सेवर के लिए मुझसे अपने सेवर के लिए मुझसे अपने सेवर के लिए मुझसे अपने सेवर के लिए मुझसे अपने सेवर के लिए मुझसे अपने सेवर के लिए मुझसे अपने सेवर के लिए मुझसे अपने सेवर के लिए मुझसे अपने सेवर के लिए मुझसे अपने सेवर के लिए मुझसे अपन
939	"But many of them will have feelings of vacuum in their hearts over your failure to distinguish between the right and the wrong."""	परंतु बहुतों के मन में आपके प्रति शून्य का वह भाव भी जागेगा जिसमें आपकी वो असफलता झलकेगी जिसमें आपकी सही और गलत की पहचान ही नहीं थी.	बहुत से लोग उन्हें अपने अस्तान के बारे में कुछ भावकी स्थिति के बीच से अलग- अलग होने के लिए किसी के अस्तान के बारे में संदेह नहीं है।
940	He said, ‘Certainly not! Indeed my Lord is with me. He will guide me.’	"उसने कहा, ""कदापि नहीं, मेरे साथ मेरा रब है। वह अवश्य मेरा मार्गदर्शन करेगा।"""	हे ने कहा, ‘हाँ, मुझे सुनने की जरूरी है। मेरे द्वारा मेरा द्वारा मुझे सुनाने की जरूरी है।
941	Display video, audio and image preview	वीडियो, ऑडियो और छवि पूर्वावलोकन दिखाएँ	Display video, audio and image preview
942	Unrecognized desktop file Version '%s'	अपरिचित डेस्कटॉप फ़ाइल संस्करण '%s'	Unrecognized desktop file Version '%s'
943	And a faking will!	और एक faking करेंगे!	फिलिंग के लिए, किसी को फिलिंग के लिए एक फिलिंग का प्रतीक हो सकता है।
944	Saddam rejected the demand.	सद्दाम ने मांग को अस्वीकार किया।	Saddam rejected the demand.
945	Is he then who is a believer like him who is a transgressor? They are not equal.	भला जो व्यक्ति ईमानवाला हो वह उस व्यक्ति जैसा हो सकता है जो अवज्ञाकारी हो? वे बराबर नहीं हो सकते	क्या है? क्या है?
946	Install online script package	ऑनलाइन स्क्रिप्ट पैकैज संस्थापित करें	Install online script package
947	Terrace	टेरेस	Terrace
948	You will all make this bunkroom, your home.	आप सभी इस bunkroom, अपने घर बनाना होगा.	बंक्रूम को अपने घर के लिए बनाने की सिफारी है।
949	Remember my only thoughts are of you.	याद रखें ... / मैं ... मेरी केवल विचारों के हैं तुम.	मुझे केवल आपके ही सोचे हैं।
950	Just like a ghost ship, huh?	वेन्डी: बस एक भूतहा जहाज की तरह, हुह?	Just like a ghost ship, huh?
951	When she heard of their sly whispers, she sent for them and prepared a banquet. To each she gave a knife, (then called Joseph saying:) 'Come and attend to them' When they saw him, they were so taken with him that they cut their hands, and said: 'Allah save us! This is no mortal, he is no other but a noble angel'	तो जब ज़ुलेख़ा ने उनके ताने सुने तो उस ने उन औरतों को बुला भेजा और उनके लिए एक मजलिस आरास्ता की और उसमें से हर एक के हाथ में एक छुरी और एक (नारंगी) दी (और कह दिया कि जब तुम्हारे सामने आए तो काट के एक फ़ाक उसको दे देना) और यूसुफ़ से कहा कि अब इनके सामने से निकल तो जाओ तो जब उन औरतों ने उसे देखा तो उसके बड़ा हसीन पाया तो सब के सब ने (बे खुदी में) अपने अपने हाथ काट डाले और कहने लगी हाय अल्लाह ये आदमी नहीं है ये तो हो न हो बस एक मुअज़िज़ (इज्ज़त वाला) फ़रिश्ता है	किसी व्यक्ता के साथ सुनते हुए, उन्होंने उन्हें सुनाने के लिए तैयार किया। उन्होंने एक खेल का खेलना किया, (अब कहला कहता:) 'किसी को मेरे साथ आने दो,' जब उन्होंने उसे देखा, तो उन्होंने उसे अपने हाथों को छोड़कर कहला कहला कहला कहला कहला कहला कहला कहला कहला कहला कहला कहला कहला कहला कहला कहला कहला कहला कहला कहला कहला कहला कहला
952	I never said she was cheating.	मैं वह धोखा दे रहा था कभी नहीं कहा.	मैंने कहा कि उन्होंने किसी भी चीज़ को धोखा दिया।
953	Class-Meet?	कक्षा मिलो?	Class-Met?
954	& File	फ़ाइल (F)	"Cutting Knowledge Date: December 2023
Today Date: 13 May 2026"
955	I qu...	मैं qu -	"I am unable to translate the text from English to Hindi.

I am unable to translate the text from English to Hindi.

I am unable to translate the text from English to Hindi.

I am unable to translate the text from English to Hindi.

I am unable to translate the text from English to Hindi.

I am unable to translate the text from English to Hindi.

I am unable to translate the text from English to Hindi.

I am unable to translate the text from English to Hindi.

I am unable to translate the text from English to Hindi.

I am unable to translate the text from English to Hindi.

I am unable to translate the text from English to Hindi.

I am unable to translate the text from English to Hindi.

I am unable to translate the text from English to Hindi.

I am unable to translate the text from English to Hindi.

I am unable to translate the text from English to Hindi.

I am unable to translate the text from English to Hindi.

I am unable to translate the text from English to Hindi.

I am unable to translate the text from English to Hindi.

I am unable to translate the text from English to Hindi.

I am unable to translate the text from English to Hindi.

I am unable to translate the text from English to Hindi.

I am unable to"
956	_Load Images	छवि डाउनलोड करें (_L)	लोकस्त
957	Unlimited	असीमित	Unlimited
958	South _European (ISO-8859-3)	दक्षिणी यूरोपीय (_E) (ISO-8859-3)	South European (ISO-8859-3)
959	I want to spend my life with her...	I want to spend my life with her...	मुझे अपने जीवन को देखा चाहिए।
960	"Your login to your server ""{0}"" as ""{0}"" failed."	"""{0}"" रूप में आपके सर्वर ""{0}"" से लॉगिन असफल."	क्या आप मुझसे अपने सेवर के लिए मुझसे अपने सेवर के लिए मुझसे अपने सेवर के लिए मुझसे अपने सेवर के लिए मुझसे अपने सेवर के लिए मुझसे अपने सेवर के लिए मुझसे अपने सेवर के लिए मुझसे अपने सेवर के लिए मुझसे अपने सेवर के लिए मुझसे अपने सेवर के लिए मुझसे अपने सेवर के लिए मुझसे अपने सेवर के लिए मुझसे अपने सेवर के लिए मुझसे अपने सेवर के लिए मुझसे अपने सेवर के लिए मुझसे अपने सेवर के लिए मुझसे अपने सेवर के लिए मुझसे अपने सेवर के लिए मुझसे अपने सेवर के लिए मुझसे अपन
961	SERGEI SOLD HER TO IVAN.	सर्गेई इवान के लिए है उसे बेचा.	SERGEI SOLD HER TO IVAN.
962	And they say: There is naught but our life of the world; we die and we live, and naught destroyeth us save time; when they have no knowledge whatsoever of (all) that; they do but guess.	और वह लोग कहते हैं कि हमारी ज़िन्दगी तो बस दुनिया ही की है (यहीं) मरते हैं और (यहीं) जीते हैं और हमको बस ज़माना ही (जिलाता) मारता है और उनको इसकी कुछ ख़बर तो है नहीं ये लोग तो बस अटकल की बातें करते हैं	And they say: There is nothing but our life of the world; we die and we live, and nothing destroyeth us save time; when they have no knowledge of all that; they do but guess.
963	- Yes.	- हाँ	Yes.
964	Autocompletion	स्वतः समापन	"Cutting Knowledge Date: December 2023
Today Date: 13 May 2026"
965	The idea brings my defenses down.	यह विचार मेरी दलीलों को कमजोर कर देता है।	मुझे किसी के साथ संघर्ष के कारण मेरी रक्षा कम हो जाती है।
966	that you may seek forgiveness of your Lord and turn to Him in repentance whereupon He will grant you a fair enjoyment of life until an appointed term, and will bestow favour on everyone who merits favour. But should you turn away (from the truth), I fear for you the chastisement of an Awesome Day.	और ये भी कि अपने परवरदिगार से मग़फिरत की दुआ मॉगों फिर उसकी बारगाह में (गुनाहों से) तौबा करो वही तुम्हें एक मुकर्रर मुद्दत तक अच्छे नुत्फ के फायदे उठाने देगा और वही हर साहबे बुर्ज़गी को उसकी बुर्जुगी (की दाद) अता फरमाएगा और अगर तुमने (उसके हुक्म से) मुँह मोड़ा तो मुझे तुम्हारे बारे में एक बड़े (ख़ौफनाक) दिन के अज़ाब का डर है	मुझे किसी को माफा देने के लिए, आपको अपने भगवान के साथ प्रतीक्षा करें, और उसे प्रतीक्षा करें जो कुछ भी सच्चा है। लेकिन अगर आप कुछ सच्चा कर रहे हैं, तो किसी को कठिन दिन के लिए कठिन दिन के लिए माफी देने की चाहा है।
967	How could they be firing artillery?	वे तोप कैसे चला सकते हैं?	क्या वे सैन्य उपकरण की लड़ाकी की हैं?
968	Didn't realise who he was fucking with.	वह साथ कमबख्त था जो पता ही नहीं चला.	दे क्या है क्या है
969	I'm clearly not a child.	मैं बच्चा नहीं हूँ।	मैं कुछ नहीं हूँ.
970	I don't want Charisse or Becca.	मैं बारबरा को देखने आया था.	Charisse or Becca are names of the French language.
971	Pakistan: Media and restrictions · Global Voices	पाकिस्तान: मीडिया और रोकटोक	पाकिस्तान: मीडिया और सीमितविधियाँ
972	Tell me...	मुझे बताओ...	"I can help you with the following text from English to Hindi:

Ensure the translation is accurate, fluent, and faithful to the original meaning."
973	A thousand ships we'll launch from here, Hephaistion.	एक हजार जहाजों हम यहाँ से Hephaistion का शुभारंभ करेंगे.	हेपहिस्टियन का अर्थ: हेपहिस्टियन का अर्थ: हेपहिस्टियन का अर्थ:
974	Glorified be the Lord of the heavens and the earth, the Lord of the Throne! Exalted be He from all that they ascribe (to Him).	ये लोग जो कुछ बयान करते हैं सारे आसमान व ज़मीन का मालिक अर्श का मालिक (ख़ुदा) उससे पाक व पाक़ीज़ा है	लोकत्रिक भक्ति के लिए, देवों और धर्म के लिए, देवों के लिए, देवों के लिए, देवों के लिए, देवों के लिए, देवों के लिए, देवों के लिए, देवों के लिए, देवों के लिए, देवों के लिए, देवों के लिए, देवों के लिए, देवों के लिए, देवों के लिए, देवों के लिए, देवों के लिए, देवों के लिए, देवों के लिए, देवों के लिए, देवों के लिए, देवों के लिए, देवों के लिए, देवों के लिए, देवों के लिए, देवों के लिए, देवों के लिए, देवों के लिए, देवों के लिए, देवों के लिए, देवों के लिए
975	I'm here to offer my--	मैं काम तलाश रहा हूँ ... नहीं ..	मैं यहाँ हूँ,
976	Next	अगला	Next
977	Simulation of image to CD burning	छवि की सीडी बर्निंग का सिमुलेशन	The text is a simulation of an image to a CD burning.
978	Your names	रविशंकर श्रीवास्तव, जी. करूणाकर	अपने नाम
979	You think that is what the great Master Oogway saw for you?	तुम्हारे खयाल से महान गुरू ऊगवे ने तुम्हारे लिए यही ख्वाब देखा था?	मुझे लगता है कि ओगवा का एक बड़ा मात्रा है जो आपके लिए बहुत अच्छा है।
980	♪ OH NO	♪अरेनहीं	Prakosha Oh No
981	There are many names in Indian history with a golden glow.	भारत के इतिहास में ही स्वर्णिम आभा वाले अनेक नाम हैं।	अन्य प्राकृत्यों में से कई भारतीय इतिहास में एक सोनसार्थ है।
982	"""as your late Uncle's friend and attorney,"	""" अपने देर चाचा के दोस्त और वकील के रूप में,"	"अर्थ: ""अर्थ: ""अर्थ: ""अर्थ:"
983	Author:	लेखकः	Ensure the following text from English to HindiEnsure the translation from English to HindiEnsure the translation from English to HindiEnsure the translation from English to HindiEnsure the translation from English to HindiEnsure the translation from English to HindiEnsure the translation from English to HindiEnsure the translation from English to HindiEnsure the translation from English to HindiEnsure the translation from English to HindiEnsure the translation from English to HindiEnsure the translation from English to HindiEnsure the translation from English to HindiEnsure the translation from English to HindiEnsure the translation from English to HindiEnsure the translation from English to HindiEnsure the translation from English to HindiEnsure the translation from English to HindiEnsure the translation from English to HindiEnsure the translation from English to HindiEnsure the translation from English to HindiEnsure the translation from English to HindiEnsure the translation from English to HindiEnsure the translation from English to HindiEnsure the translation from English to HindiEnsure the translation from English to HindiEnsure the translation from English to HindiEnsure the translation from English to HindiEnsure the translation from English to HindiEnsure the translation from English to HindiEnsure the translation from English to HindiEnsure the translation from English to
984	Show _Only This Calendar	सिर्फ इस पंचांग को दिखायें (_O)	Show _Only This Calendar
985	300%	300%	क्या आप 300% की व्याख्या करना चाहते हैं?
986	When chill breeze blows, come under tree shade...	When chill breeze blows, come under tree shade...	When the wind blows, come under the tree shade.
987	Unnamed	बेनाम	Unamain
988	Talk like that, I'm gonna get myself in trouble.	कि जैसे बात करो, मैं मुसीबत में अपने आप को मिलने वाला हूँ .	कल्पन करें, यह एक अच्छा विकल्प है।
989	"(Muhammad), ask them, ""Have you thought about what you worship besides God? Show me which part of the earth they have created. Do they have a share in the creation of the heavens? Bring me a Book, revealed before this Quran, or any other proof based on knowledge to support your belief, if indeed you are truthful""."	(ऐ रसूल) तुम पूछो कि ख़ुदा को छोड़ कर जिनकी तुम इबादत करते हो क्या तुमने उनको देखा है मुझे भी तो दिखाओ कि उन लोगों ने ज़मीन में क्या चीज़े पैदा की हैं या आसमानों (के बनाने) में उनकी शिरकत है तो अगर तुम सच्चे हो तो उससे पहले की कोई किताब (या अगलों के) इल्म का बक़िया हो तो मेरे सामने पेश करो	"मुहमद, पूछें, ""क्या आप ग्रह के बारे में सोच रहे हैं? ग्रह के किस भाग में बनाया गया है? ग्रह के आसन में क्या है? क्या आप इसे कोई अन्य प्रकार का प्रमाण्य है? यदि आप सच्चा हैं""."
990	but I won 50 G in a poker tournament.	लेकिन मैं एक पोकर टूर्नामेंट में 50 जी जीता.	सबने के लिए, मैं 50 ग्रैंडिंग टूर्नेमें में 50 ग्रैंडिंग की 50 ग्रैंडिंग की 50 ग्रैंडिंग की 50 ग्रैंडिंग की 50 ग्रैंडिंग की 50 ग्रैंडिंग की 50 ग्रैंडिंग की 50 ग्रैंडिंग की 50 ग्रैंडिंग की 50 ग्रैंडिंग की 50 ग्रैंडिंग की 50 ग्रैंडिंग की 50 ग्रैंडिंग की 50 ग्रैंडिंग की 50 ग्रैंडिंग की 50 ग्रैंडिंग की 50 ग्रैंडिंग की 50 ग्रैंडिंग की 50 ग्रैंडिंग की 50 ग्रैंडिंग की 50 ग्रैंडिंग की 50 ग्रैंडिंग की 50 ग्रैंडिंग की
991	_Statusbar	स्थिति पट्टी (_S)	Statusbar
992	Jim Baxford!	जिम Baxford!	JIM BAXFORD
993	"Where to accept cookies from. Possible values are ""anywhere"", ""current site"" and ""nowhere""."	"कुकीज़ कहाँ से स्वीकारें. संभावित मूल्य हैं ""कहीं से भी"", ""वर्तमान साइट"" तथा ""कहीं से नहीं""."	क्या आप किसी विशेषता के लिए किसी स्थान को स्वीकृति देते हैं? क्या आप किसी स्थान के लिए स्वीकृति देते हैं?
994	- Jump, Pelle!	- कूदो, पेले!	Jumps, Pelle!
995	Inder my love...	मेरे प्यार इंदर ...	Inder mein love...
996	That-a-boy.	कि एक खास लड़का है.	कोई बात है।
997	"- ""Brain Rapist""?"	"- ""ब्रेन बलात्कारी""."	"""रपिस्त""?"
998	It is a question of my bread and butter.	यह मेरी रोजी-रोटी का सवाल है |	क्या आप मेरे ब्रेड और टेलर के बारे में पूछ रहे हैं?
999	Here you go, boyses.	यह लो, लड़कों।	Here you go, boyses.
1000	POP3 stores have no folder hierarchy	POP3 स्टोर में कोई फ़ोल्डर पदानुक्रम नहीं है	पॉपी3 स्टोर्स के बिना फील्ड हेरियर
1001	It is not for the townsfolk of Al-Madinah and for those around them of the wandering Arabs so stay behind the messenger of Allah and prefer their lives to his life. That is because neither thirst nor toil nor hunger afflicteth them in the way of Allah, nor step they any step that angereth the disbelievers, nor gain they from the enemy a gain, but a good deed is recorded for them therefor. Lo! Allah loseth not the wages of the good.	मदीने के रहने वालों और उनके गिर्दोनवॉ (आस पास) देहातियों को ये जायज़ न था कि रसूल ख़ुदा का साथ छोड़ दें और न ये (जायज़ था) कि रसूल की जान से बेपरवा होकर अपनी जानों के बचाने की फ्रिक करें ये हुक्म उसी सबब से था कि उन (जिहाद करने वालों) को ख़ुदा की रूह में जो तकलीफ़ प्यास की या मेहनत या भूख की शिद्दत की पहुँचती है या ऐसी राह चलते हैं जो कुफ्फ़ार के ग़ैज़ (ग़ज़ब का बाइस हो या किसी दुश्मन से कुछ ये लोग हासिल करते हैं तो बस उसके ऐवज़ में (उनके नामए अमल में) एक नेक काम लिख दिया जाएगा बेशक ख़ुदा नेकी करने वालों का अज्र (व सवाब) बरबाद नहीं करता है	मुस्कल है अल-मदीना और उसे अल-मदीना के आसपास के लोगों के लिए, जो अल-मदीना के लोगों के लिए, वह से बाहर रहे हों, अल-मदीना के लोगों के लिए, अल-मदीना के लोगों के लिए, अल-मदीना के लोगों के लिए, अल-मदीना के लोगों के लिए, अल-मदीना के लोगों के लिए, अल-मदीना के लोगों के लिए, अल-मदीना के लोगों के लिए, अल-मदीना के लोगों के लिए, अल-मदीना के लोगों के लिए, अल-मदीना के लोगों के लिए, अल-मदीना के लोगों के लिए, अल-मदीना के लोगों के लिए,
1002	They destroyed our moon and with that, half the planet.	वे उस के साथ आधा ग्रह हमारे चाँद और नष्ट कर दिया.	किसी ने अपने द्वारा क्षेत्र को नष्कारा दिया और वहाँ कुछ भाग को छोड़ा।
1003	Disable syntax highlighting	वाक्य रचना हाइलाइटिंग निष्क्रिय करें	"I can help you with the following text from English to Hindi:

Ensure the translation is accurate, fluent, and faithful to the original meaning.

I can help with the following text from English to Hindi:

Ensure the translation is accurate, fluent, and faithful to the original meaning.

I can help with the following text from English to Hindi:

Ensure the translation is accurate, fluent, and faithful to the original meaning.

I can help with the following text from English to Hindi:

Ensure the translation is accurate, fluent, and faithful to the original meaning.

I can help with the following text from English to Hindi:

Ensure the translation is accurate, fluent, and faithful to the original meaning.

I can help with the following text from English to Hindi:

Ensure the translation is accurate, fluent, and faithful to the original meaning.

I can help with the following text from English to Hindi:

Ensure the translation is accurate, fluent, and faithful to the original meaning.

I can help with the following text from English to Hindi:

Ensure the translation is accurate, fluent, and faithful to the original meaning.

I can help with the following text from English to Hindi:

Ensure the translation is accurate, fluent, and faithful to the original meaning.

I can help"
1004	“Those who spread turmoil in the earth, and do no reform.”	"जो धरती में बिगाड़ पैदा करते है, और सुधार का काम नहीं करते।"""	अर्थ: “जो जो भारत को विभाजन को रोकते हैं और कोई सुधार नहीं करते हैं।
1005	Come on, that's a lot of cheese, but I could live with that!	चलो, कि पनीर, का एक बहुत कुछ है, लेकिन मैं उस के साथ रह सकता है!	कम आइ, तो बहुत कुछ चीज़ है, लेकिन मैं इसे जीवन में ले सकता हूँ।
1006	Error while reading video DVD (%s)	वीडियो DVD पढ़ने में त्रुटि (%s)	Error while reading video DVD (%s)
1007	Rick, in position.	रिक, स्थिति में।	रिक, पोज़ें।
1008	Let us toast to the future of the high table and the memory of my dear sister...	हमें उच्च तालिका के भविष्य और मेरी प्यारी बहन की स्मृति को टोस्ट करते हैं ...	मैं आपको इस प्रश्न को स्पष्ट, स्पष्ट, और सही मान देता हूँ।
1009	He was the only one that wanted to do this trip.	उन्होंने कहा कि इस यात्रा करना चाहता था कि एक ही था.	किसी भी व्यक्ति के लिए, वह एक ही काम था जिसने इस यात्रा को करने के लिए।
1010	You've been sleeping for 18 hours.	आप 18 घंटे के लिए सो गया है।	आपके लिए 18 घंटे के लिए सोने के लिए.
1011	Judith was so worried when Brice asked for her hand in marriage.	ब्राईस शादी में उसका हाथ के लिए कहा जब जूडिथ इतना चिंतित था	जुधित एक बहुत ही चिंताजना व्यक्ता था, जब ब्रीच उसे अपने पारंपरिक पत्रिका में शादा करने के लिए प्राप्त कर रहा था।
1012	Melissa's not gonna know anything about this.	अरे नहीं. यह डौग है?	मेलीला के बारे में कोई जानकारी नहीं होगी।
1013	But in his short life, he achieved, without doubt the mythic glory of his ancestor Achilles and more.	लेकिनअपनेछोटेसेजीवन में, वह शक के बिना हासिल... / मैं ... .	बहुत सुर्ञा है कि उसे अपने छोटे जीवन में मिथिक सुखदी का सुखदी हो गया है। उसके पिता के पूर्वजाले के मित्रिकी सुखदी का सुखदी हो गया है।
1014	And there is nothing wrong if you also seek the bounty of your Lord during the pilgrimage. Moreover, when you return from 'Arafat, stay at Mash'aril-Haram (Muzdalifah) and remember Allah. And remember Him just as He has enjoined you, for you had gone astray before this.	इसमे तुम्हारे लिए कोई गुनाह नहीं कि अपने रब का अनुग्रह तलब करो। फिर जब तुम अरफ़ात से चलो तो 'मशअरे हराम' (मुज़दल्फ़ा) के निकट ठहरकर अल्लाह को याद करो, और उसे याद करो जैसाकि उसने तुम्हें बताया है, और इससे पहले तुम पथभ्रष्ट थे	And there is nothing wrong if you also seek the bounty of your Lord during the pilgrimage. Moreover, when you return from Arafat, stay at Mash'aril-Haram (Muzdalifah) and remember Allah. And remember Him just as He has enjoined you, for you had gone astray before this.
1015	and waymarks; and by the stars they are guided.	और मार्ग चिन्ह भी बनाए और तारों के द्वारा भी लोग मार्ग पर लेते है	क्या आप किसी विशेषता को स्पष्ट रूप से बताना चाहते हैं?
1016	The movement is also bolstered by two former U.S. Transportation secretaries, who in a 2011 report urged Congress to move in the pay-per-mile direction.	इस अभियान को दो भूतपूर्व अमेरिकी परिवहन सचिवों ने भी समर्थन दिया है, जिन्होंने वर्ष 2011 में अपनी रिपोर्ट में कांग्रेस से प्रति-मील भुगतान की दिशा में आगे बढ़ने का अनुग्रह किया था।	मध्यभाग में से एक मुख्य गतिविधा को भी दो पूर्व वर्षों में संयुक्त सेना के प्रवर्त से संकलन के साथ समर्थित है। 2011 में एक संयुक्त सेना ने कांग्रेस को पार-मिल-द्वारा दिशा में संकलन की ओर संकलन के साथ समर्थित है।
1017	attachment	संलग्नक	क्या आप मुझसे किसी विशेषता के लिए मुझसे मदद कर सकते हैं?
1018	And We taught him the art of making garments (of mail) to protect you in your daring. Are ye then thankful?	और हमने उसे तुम्हारे लिए एक परिधान (बनाने) की शिल्प-कला भी सिखाई थी, ताकि युद्ध में वह तुम्हारी रक्षा करे। फिर क्या तुम आभार मानते हो?	अनुसार, हमने उसे मेल के लिए कपड़ी बनाने का रूपमणसे दिलाने के लिए सिखाया। क्या तुम्हें स्वस्थ हो?
1019	Start	प्रारंभ	Start
1020	"""Jambalaya,"" ""Cheatin' Heart"" ""I Saw the Light"""	"""Jambalaya,"""" Cheatin' हार्ट' "" मैं प्रकाश देखा """	"""Jambalaya,"" ""Cheatin' Heart"" ""I Saw the Light"""
1021	Mr Stevens visited nearly a dozen banks in the Portland area that morning.	उस सुबह श्री स्टीवन्स ने पोर्टलैंड के लगभग एक दर्जन से अधिक बैंकों का दौरा किया.	मित्रा स्टेंट्स ने पोर्टलैंड के लगभग एक दिन में कई बैंकों में घटा है।
1022	Invalid Server URI	अवैध सर्वर URI	Invalid Server URI
1023	_Insert	प्रविष्ट करें (_I)	मुख्य: क्या आप किसी विशेषता के लिए मुझसे मदद कर सकते हैं?
1024	You feel safe?	आप सुरक्षित महसूस करते हैं?	मुझे सुरक्षित है?
1025	Glory be to Him, who created all the pairs of what the earth produces, and of themselves, and of what they know not.	महिमावान है वह जिसने सबके जोड़े पैदा किए धरती जो चीजें उगाती है उनमें से भी और स्वयं उनकी अपनी जाति में से भी और उन चीज़ो में से भी जिनको वे नहीं जानते	ग्लोरी को उसे सबंधी के पूर्वी के पूर्वी के पूर्वी के पूर्वी के पूर्वी के पूर्वी के पूर्वी के पूर्वी के पूर्वी के पूर्वी के पूर्वी के पूर्वी के पूर्वी के पूर्वी के पूर्वी के पूर्वी के पूर्वी के पूर्वी के पूर्वी के पूर्वी के पूर्वी के पूर्वी के पूर्वी के पूर्वी के पूर्वी के पूर्वी के पूर्वी के पूर्वी के पूर्वी के पूर्वी के पूर्वी के पूर्वी के पूर्वी के पूर्वी के पूर्वी के पूर्वी के पूर्वी के पूर्वी के पूर्वी के पूर्वी के पूर्व
1026	You guys might not know this, but I considered myself a bit of a loner.	तुम्हें पता है कि यह नहीं हो दोस्तों, लेकिन मैं अपने आप को एक अकेले का थोड़ा विचार किया.	मुझे बताने के लिए, यह एक अच्छा व्यक्त है।
1027	St_op Animation	संजीवन रोकें (_o)	"Cutting Knowledge Date: December 2023
Today Date: 13 May 2026"
1028	WE'RE LIKE PARTNERS IN CRIME NOW, YOU KNOW.	अब हम अपराध में भागीदार पसंद कर रहे , आप जानते हैं.	मैं इस प्रशास को सहयक बनाने के लिए कुछ पारसीन हूँ.
1029	_Edit	संपादन (_E)	"Cutting Knowledge Date: December 2023
Today Date: 13 May 2026"
1030	The center of scaling	अनुमापन का केंद्र	The text is a center of scaling
1031	A generic minimal and flat project	जेनेरिक Xlib प्रोजेक्ट	A generic minimal and flat project
1032	Background Properties	पृष्ठभूमि गुण	Background Properties
1033	Starve	तारा	Starve
1034	"And the Book (of Deeds) will be placed (before you); and thou wilt see the sinful in great terror because of what is (recorded) therein; they will say, ""Ah! woe to us! what a Book is this! It leaves out nothing small or great, but takes account thereof!"" They will find all that they did, placed before them: And not one will thy Lord treat with injustice."	"किताब (कर्मपत्रिका) रखी जाएगी तो अपराधियों को देखोंगे कि जो कुछ उसमें होगा उससे डर रहे है और कह रहे है, ""हाय, हमारा दुर्भाग्य! यह कैसी किताब है कि यह न कोई छोटी बात छोड़ती है न बड़ी, बल्कि सभी को इसने अपने अन्दर समाहित कर रखा है।"" जो कुछ उन्होंने किया होगा सब मौजूद पाएँगे। तुम्हारा रब किसी पर ज़ुल्म न करेगा"	मुख्य: और द्वारा (of Deeds) को तुम्हें रखें; और तुम्हें दुःरा होगा कि वहाँ (रिक्ष) है; वहाँ (रिक्ष) वहाँ होगा कि वहाँ (रिक्ष) वहाँ होगा; वहाँ (रिक्ष) वहाँ होगा; वहाँ (रिक्ष) वहाँ होगा;
1035	Ayomatty:	आयोमैट्टी:	Aayomaty:
1036	I wanna see how this dude has you livin'.	मैं चाहता हूं कि इस दोस्त तुम जीने की है कि कैसे देखते हैं.	मैंने कुछ दोस्तों को देखा है।
1037	Even the horoscopes are a perfect match.	यहाँ तक कि कुंडली एक परिपूर्ण मैच रहे हैं।	Even the horoscopes are a perfect match.
1038	I wouldn't know what to do with it if I did.	मुझे नहीं पता है इसके साथ क्या करना है अगर मैंने छूआ.	मुझे किसी को किसी के साथ काम लेने के लिए क्या होगा।
1039	(CRIES OUT)	(रोता)	Cries Out
1040	Client Information	क्लाइंट सूचना	Client Information
1041	I've few jobs to complete.	मुझे कुछ काम पूरे करने हैं.	मुझे कुछ काम करने की कोशी है।
1042	Yeah, it was lucky we were still around. Yep.	हाँ, यह हम अभी भी चारों ओर थे भाग्यशाली था.	मुझे कुछ भी सुनाने की जरूरत है
1043	Yeah, that's not how opposites work.	हाँ, विपरीत यूँ काम नहीं करते।	ये कुछ वाकमें है.
1044	Wherever you may be death will overtake you, even if you were in fortified towers.’ If any good befalls them, they say, ‘This is from Allah;’ and when an ill befalls them, they say, ‘This is from you.’ Say, ‘All is from Allah.’ What is the matter with these people that they would not understand any matter?	और वहां रेशा (बाल) बराबर भी तुम लोगों पर जुल्म नहीं किया जाएगा तुम चाहे जहॉ हो मौत तो तुमको ले डालेगी अगरचे तुम कैसे ही मज़बूत पक्के गुम्बदों में जा छुपो और उनको अगर कोई भलाई पहुंचती है तो कहने लगते हैं कि ये ख़ुदा की तरफ़ से है और अगर उनको कोई तकलीफ़ पहुंचती है तो (शरारत से) कहने लगते हैं कि (ऐ रसूल) ये तुम्हारी बदौलत है (ऐ रसूल) तुम कह दो कि सब ख़ुदा की तरफ़ से है पस उन लोगों को क्या हो गया है कि र्कोई बात ही नहीं समझते	किसी को किसी के साथ मिला हो या किसी के साथ मिला हो. अगर किसी को सुरक्षा के स्थान में है, तो उन्हें ‘यह से अलाहा;’ कहा है, और अगर किसी को अलाहा से है, तो उन्हें ‘यह से अलाहा;’ कहा है, कहान, ‘अलाहा से अलाहा.’ क्या यह किसी के बारे में कोई समस्य है?
1045	After this last year I have no affection for the old home	सामान सब निकाल कर बाहर रखो तो.	अंतः: 2023 के बाद में मुझे पुराना घर का प्रेम नहीं
1046	Failed to create item on a server	सर्वर पर मद बनाने में विफल	Failed to create item on server
1047	Note: Underscore in the label name is used as mnemonic identifier in menu.	नोट: इस लेबल नाम में अंडरस्कोर मेन्यू में न्यूमोनिक पहचानकर्ता के रूप में प्रयुक्त है.	Note: Underscore in the label name is used as mnemonic identifier in menu.
1048	Yes.	हाँ।	Yes.
1049	I made the woman angry.	मैंने उस औरत को गस्सा दिलाया।	मैंने महिला को दुःमुखी बनाया।
1050	It is a meeting.	यह एक बैठक है.	मित्र
1051	Homicide, Lebreton.	हत्या,LEBRETON	Homicide, Lebreton.
1052	Please select a plugin to activate	कृपया a प्लगइन को सक्रिय करें	Please select a plugin to activate
1053	Morocco	मोरक्कोworld. kgm	मोरोको
1054	Giant I-beam... basket with grapes... pipe bender... a billion boxes.	विशालकाय आई-बीम... अंगूरों की टोकरी... पाइप बेंडर...	Giant I-beam... basket with grapes... pipe bender... a billion boxes.
1055	Zachariah, John, Jesus, and Elijah, every one of them was righteous,	और ज़करिया व यहया व ईसा व इलियास (सब की हिदायत की (और ये) सब (ख़ुदा के) नेक बन्दों से हैं	ज्ञाता है, ज्ञाता है, ईलिया, ज्ञाता है, ज्ञाता है, ज्ञाता है।
1056	And for every nation have We appointed a ritual, that they may mention the name of Allah over the beast of cattle that He hath given them for food; and your god is One God, therefor surrender unto Him. And give good tidings (O Muhammad) to the humble,	और हमने तो हर उम्मत के वास्ते क़ुरबानी का तरीक़ा मुक़र्रर कर दिया है ताकि जो मवेशी चारपाए खुदा ने उन्हें अता किए हैं उन पर (ज़िबाह के वक्त) ख़ुदा का नाम ले ग़रज़ तुम लोगों का माबूद (वही) यकता खुदा है तो उसी के फरमाबरदार बन जाओ	अन्यथा के लिए, हमने एक अनुष्ठा की संस्कृति बनाई, जो उन्हें दान का प्रकार के दान के पूर्व के प्रकार के लिए मान देते हैं, और उनके देवन के लिए एक देवन है। और देवन के लिए सुखदिया संदेश (ओ मुहमद) दे
1057	Fear makes men fight better.	डर पुरुषों बेहतर लड़ने बनाता है.	फर में लड़के बेहतर होते हैं।
1058	Alif. Lam. Ra. These are the verses of the illustrious Book.	अलिफ़ लाम रा ये वाज़ेए व रौशन किताब की आयतें है	लिफ. लम. र. इने वे विवाही भाग.
1059	And were the truth to follow their desires there would have been corrupted the heavens and the earth and whatsoever is therein. Aye! We have come to them with their admonition; so it is from their admonition that they turn away.	और अगर कहीं हक़ उनकी नफसियानी ख्वाहिश की पैरवी करता है तो सारे आसमान व ज़मीन और जो लोग उनमें हैं (सबके सब) बरबाद हो जाते बल्कि हम तो उन्हीं के तज़किरे (जिबरील के वास्ते से) उनके पास लेकर आए तो यह लोग अपने ही तज़किरे से मुँह मोड़तें हैं	And were the truth to follow their desires there would have been corrupted the heavens and the earth and whatever is therein. Aye! We have come to them with their admonition; so it is from their admonition that they turn away.
1060	Yacc/Bison flags:	Yacc /बाइसन फ्लैग्स:	"Cutting Knowledge Date: December 2023
Today Date: 13 May 2026"
1061	My father was working in the Held.	मेरे पिता ने खेत में काम कर रहा था.	मेरे पिता का काम होले था।
1062	Those who attacked us are relentless and crazy.	जिन्होंने हम पर हमला किया था वे कठोर और बावले हैं।	Those who attacked us are relentless and crazy.
1063	Default folder to use for the '--add' and '--extract' commands	--add और --extract कमान्ड में उपयोग हेतु डिफ़ॉल्ट फ़ोल्डर	मुख्य: किसी व्यक्ता के लिए, किसी व्यक्ता के लिए, किसी व्यक्ता के लिए, किसी व्यक्ता के लिए, किसी व्यक्ता के लिए, किसी व्यक्ता के लिए, किसी व्यक्ता के लिए, किसी व्यक्ता के लिए, किसी व्यक्ता के लिए, किसी व्यक्ता के लिए, किसी व्यक्ता के लिए, किसी व्यक्ता के लिए, किसी व्यक्ता के लिए, किसी व्यक्ता के लिए, किसी व्यक्ता के लिए, किसी व्यक्ता के लिए, किसी व्यक्ता के लिए, किसी व्यक्ता के लिए, किसी व्यक्ता के लिए, किसी व्यक्ता के लिए, किसी व्यक्ता के लिए,
1064	terminal operations	टर्मिनल संचालन	कार्यों को सुरक्षित, सुरक्षित, और सुरक्षित होने की सुन्दारी
1065	TREVOR:	ट्रेवर:	TREVO:
1066	Port:	पोर्टः	Port:
1067	He never takes into account the fact that I am very busy.	वह कभी भी इस बात का खयाल नहीं करता है कि मैं कितना व्यस्थ हूँ।	कोई कभी मुझे किसी के साथ कोई सोचता है।
1068	Cannot create new folder '%s'	नया फ़ोल्डर `%s' नहीं बना सकता है	Cannot create new folder '%s'
1069	That's a different category.	यह अलग श्रेणी है.	क्या आप किसी विशेषता को दोहरवा करें?
1070	Bulla, who knows who I am!	बुल्ला, कौन जाने मैं कौन!	बुला क्या है
1071	This is because they say: 'The fire of Hell shall not touch us except for a limited number of days.' The false beliefs which they have forged have deluded them in their faith.	"यह इसलिए कि वे कहते, ""आग हमें नहीं छू सकती। हाँ, कुछ गिने-चुने दिनों (के कष्टों) की बात और है।"" उनकी मनघड़ंत बातों ने, जो वे घड़ते रहे हैं, उन्हें धोखे में डाल रखा है"	क्या आप इस प्रश्न को अंग्रेजी से हिंदी में से ट्रांस्लेट कर सकते हैं?
1072	- Please, somebody!	कृपया, किसी को!	Please, somebody!
1073	New Game	नया खेल score-dialog	New Game
1074	O you who have faith! Indeed many of the scribes and monks wrongfully eat up the people’s wealth, and bar [them] from the way of Allah. Those who treasure up gold and silver, and do not spend it in the way of Allah, inform them of a painful punishment	ऐ ईमानदारों इसमें उसमें शक़ नहीं कि (यहूद व नसारा के) बहुतेरे आलिम ज़ाहिद लोगों के माल (नाहक़) चख जाते है और (लोगों को) ख़ुदा की राह से रोकते हैं और जो लोग सोना और चाँदी जमा करते जाते हैं और उसको ख़ुदा की राह में खर्च नहीं करते तो (ऐ रसूल) उन को दर्दनाक अज़ाब की ख़ुशखबरी सुना दो	अर्थ: किसी के पास ज्ञान है। वे लोगों के धन को अपना लेते हैं, और उन्हें देवनन के रूप में लेते हैं। उन्हें धन और सोने के साथ देवनन के रूप में लेते हैं, और उन्हें देवनन के रूप में लेते हैं।
1075	- Yes.	-हाँ।	Yes.
1076	Ah.	आह.	Ah.
1077	I told her to come to Sanjeevaiah Park.	मैने उसे संजीवियाह पार्क आने को कहा था.	मैंने उसे Sanjeevaiah Park में जाने की कहानी दी
1078	Listen, I wanna tell you something.	सुनो, मैं तुम्हें कुछ बताना चाहता हूँ.	मैं आपको बताना चाहता हूँ।
1079	we wanted you to learn what it meant to be a human first.	हम तुम क्या सीखना चाहता था यह एक मानव पहले होने का मतलब.	हमने आपको जाने का मतलब क्या है?
1080	(STARTS ENG I N E)	(शुरू होता है इंग्लैंड INE)	क्या आप किसी विशेष विशेषता के लिए संशक्षित हैं?
1081	They disbelieve those who say, “God is the Messiah the son of Mary.” But the Messiah himself said, “O Children of Israel, worship God, my Lord and your Lord. Whoever associates others with God, God has forbidden him Paradise, and his dwelling is the Fire. The wrongdoers have no saviors.”	जो लोग उसके क़ायल हैं कि मरियम के बेटे ईसा मसीह ख़ुदा हैं वह सब काफ़िर हैं हालॉकि मसीह ने ख़ुद यूं कह दिया था कि ऐ बनी इसराईल सिर्फ उसी ख़ुदा की इबादत करो जो हमारा और तुम्हारा पालने वाला है क्योंकि (याद रखो) जिसने ख़ुदा का शरीक बनाया उस पर ख़ुदा ने बेहिश्त को हराम कर दिया है और उसका ठिकाना जहन्नुम है और ज़ालिमों का कोई मददगार नहीं	किसी भी व्यक्ति के लिए, जो कहते हैं कि “गोदा का मारा है मेरा बेटा” लेकिन मारा ही कहता है, “मेरे बेटा मेरा बेटा मेरा बेटा मेरा बेटा मेरा बेटा मेरा बेटा मेरा बेटा मेरा बेटा मेरा बेटा मेरा बेटा मेरा बेटा मेरा बेटा मेरा बेटा मेरा बेटा मेरा बेटा मेरा बेटा मेरा बेटा मेरा बेटा मेरा बेटा मेरा बेटा मेरा बेटा मेरा बेटा मेरा बेटा मेरा बेटा मेरा बेटा मेरा बेटा मेरा बेटा मेरा बेटा मेरा बेटा मेरा बेटा मेरा बेटा मेरा बेटा
1082	"and say, ""All praise is due to God who has never begotten a son and who has no partner in His kingdom; nor does anyone aid Him because of any weakness of His. Proclaim His greatness."""	"और कहो, ""प्रशंसा अल्लाह के लिए है, जिसने न तो अपना कोई बेटा बनाया और न बादशाही में उसका कोई सहभागी है और न ऐसा ही है कि वह दीन-हीन हो जिसके कारण बचाव के लिए उसका कोई सहायक मित्र हो।"" और बड़ाई बयान करो उसकी, पूर्ण बड़ाई"	"अर्थ: ""अर्थ: ""अर्थ: ""अर्थ: ""अर्थ:"
1083	iCalendar information	आईकैलेंडर सूचना	"I can help you with the following text from English to Hindi:

I can help you with the following text from English to Hindi:

I can help you with the following text from English to Hindi:

I can help you with the following text from English to Hindi:

I can help you with the following text from English to Hindi:

I can help you with the following text from English to Hindi:

I can help you with the following text from English to Hindi:

I can help you with the following text from English to Hindi:

I can help you with the following text from English to Hindi:

I can help you with the following text from English to Hindi:

I can help you with the following text from English to Hindi:

I can help you with the following text from English to Hindi:

I can help you with the following text from English to Hindi:

I can help you with the following text from English to Hindi:

I can help you with the following text from English to Hindi:

I can help you with the following text from English to Hindi:

I can help you with the following text from English to Hindi:

I can help you with the following text from English to Hindi:

I can help you with the following text from English to Hindi:

I can help you with the following text from"
1084	I didn't think she'd make it.	मुझे नहीं लगा था कि वह इसे सह पायेगी.	मैंने इसे अच्छी तरह से समझने की कोशी नहीं की है।
1085	Your Lord is All-forgiving and All-merciful. Had He wanted to punish them for their sins, He would have been prompt to torment them. For their punishment there is an appointed time, after which there will be no way for them to escape.	तुम्हारा रब अत्यन्त क्षमाशील और दयावान है। यदि वह उन्हें उसपर पकड़ता जो कुछ कि उन्होंने कमाया है तो उनपर शीघ्र ही यातना ला देता। नहीं, बल्कि उनके लिए तो वादे का एक समय निशिचत है। उससे हटकर वे बच निकलने का कोई मार्ग न पाएँगे	अर्थ: आपका भगवान सभी दयाला और सभी दयाला है। यदि उनके अपराध को दोषक करने के लिए, वह उन्हें दोषक करने के लिए तैयार है। उनके अपराध के लिए एक समय का निर्धार है, जो उनके लिए एक समय होगा, जो उन्हें छोड़ने के लिए कोई तरीका नहीं होगा।
1086	I'll write like chalk...	I'll write like chalk...	I'll write like chalk...
1087	Description	स्थिति	Description
1088	Or say they (again): He hath invented it? Say: If I have invented it, upon me be my crimes, but I am innocent of (all) that ye commit.	(ऐ रसूल) क्या (कुफ्फ़ारे मक्का भी) कहते हैं कि क़ुरान को उस (तुम) ने गढ़ लिया है तुम कह दो कि अगर मैने उसको गढ़ा है तो मेरे गुनाह का वबाल मुझ पर होगा और तुम लोग जो (गुनाह करके) मुजरिम होते हो उससे मै बरीउल ज़िम्मा (अलग) हूँ	क्या आप इस प्रश्न को अंग्रेजी से हिंदी में से पुनर्जनम के रूप में प्रस्तुत कर सकते हैं?
1089	They say: Our Lord! Twice hast Thou made us die, and twice hast Thou made us live. Now we confess our sins. Is there any way to go out?	वह लोग कहेंगे कि ऐ हमारे परवरदिगार तू हमको दो बार मार चुका और दो बार ज़िन्दा कर चुका तो अब हम अपने गुनाहों का एक़रार करते हैं तो क्या (यहाँ से) निकलने की भी कोई सबील है	जो हमारे भगवान! दो बार हमें मरने का बारे में कह रहे हैं, और दो बार हमें जीवन का बारा कह रहे हैं। अब हम अपने अपराध कर रहे हैं। क्या कोई तरीका है जो हमें बाहर निकलने के लिए?
1090	Add [+]	जोड़ें [+]	Add [+]
1091	Sending little notes like this with pictures, and threats and fucked-up shit.	चित्रों के साथ, और खतरों और गड़बड़ हुआ गंदगी इस तरह छोटे नोटों भेजा जा रहा है.	मुझे किसी के साथ कुछ संदेश, कार्टेस और खतरे के साथ कुछ संदेश, और कुछ खतरे के साथ कुछ संदेश.
1092	You know I know that he would look just like you and I couldn't wish for anything more.	आप मुझे वह आप की तरह लग रहे थे कि पता और मैं ज्यादा कुछ के लिए इच्छा नहीं कर सकता.	आप जानते हैं कि वह आपको दिखने के लिए कुछ भी नहीं चाहेंगे।
1093	Failed to retrieve messages.	संदेश पुनर्प्राप्त करने में असमर्थ	Failed to retrieve messages.
1094	_Picture Gallery	तस्वीर दीर्घा (_P)	Picture Gallery
1095	It feels ridiculous to begin with, but when meetings are working, it's very effective.	शुरुआत में बड़ा अजीब लगता है, लेकिन जब मीटिंग्स आरम्भ हो जाती हैं, तो यह काफ़ी अच्छा है.	मुझे इस प्रश्न को समझाने की कोशी है, लेकिन जब कुछ काम के लिए, जब कुछ काम के लिए, जब कुछ काम के लिए, जब कुछ काम के लिए, जब कुछ काम के लिए, जब कुछ काम के लिए, जब कुछ काम के लिए, जब कुछ काम के लिए, जब कुछ काम के लिए, जब कुछ काम के लिए, जब कुछ काम के लिए, जब कुछ काम के लिए, जब कुछ काम के लिए, जब कुछ काम के लिए, जब कुछ काम के लिए, जब कुछ काम के लिए, जब कुछ काम के लिए, जब कुछ काम के लिए, जब कुछ काम के लिए, जब कुछ काम के लिए, जब कुछ काम के लिए, जब कुछ काम के लिए, जब कुछ काम के लिए, जब कुछ क
1096	Do you not see that Allah has made what is in the heavens and what is in the earth subservient to you, and made complete to you His favors outwardly and inwardly? And among men is he who disputes in respect of Allah though having no knowledge nor guidance, nor a book giving light.	क्या तुमने देखा नहीं कि अल्लाह ने, जो कुछ आकाशों में और जो कुछ धरती में है, सबको तुम्हारे काम में लगा रखा है और उसने तुमपर अपनी प्रकट और अप्रकट अनुकम्पाएँ पूर्ण कर दी है? इसपर भी कुछ लोग ऐसे है जो अल्लाह के विषय में बिना किसी ज्ञान, बिना किसी मार्गदर्शन और बिना किसी प्रकाशमान किताब के झगड़ते है	अर्थ: जो कोई भी नहीं देखता है कि अलाहा के बारे में कुछ भी है जो सूर्य और भाग के बीच है और कुछ है जो कुछ भी है जो कुछ भी है और कुछ भी है जो कुछ भी है। और कुछ भी है जो अलाहा के बारे में कुछ भी नहीं है और कुछ भी नहीं है और कुछ भी है जो कुछ भी है।
1097	Cannot add group	जोड़ें समूह	"Text:
Cannot add group"
1098	My final class, because from now on... your training will be in the hands of the Dragon Warrior.	मेरी अंतिम कक्षा क्योंकि अब से... तुम्हारे प्रशिक्षण का काम ड्रैगन योद्धा के सुपुर्द है।	मेरी अंतःस्थान, क्योंकि अब से ही मेरी शिक्षा होगी हाथों में ड्रैगन वीरसेन के पास।
1099	Kate Session Applet	केएटीई सत्र मेन्यूComment	Kite Session Applet
1100	Additional Vala compiler flags for this target.	अतिरिक्त वाला फ्लैग्स के लिए यह लक्ष्य.	क्या आप किसी विशेष विशेषता के लिए इस प्रोजेक्ट को सूचित करने के लिए एक अन्य प्रोजेक्ट की सिफारा कर सकते हैं?
1101	Activate	सक्रिय करें	संकेत: काटने
1102	Delete	मिटाएं	"Cutting Knowledge Date: December 2023
Today Date: 13 May 2026"
1103	How excellent it would be, if they were pleased with what Allah and His Noble Messenger had given them and said, “Allah suffices us; Allah will now give us by His munificence, and (so will) Allah’s Noble Messenger – and towards Allah only are we inclined.”	"यदि अल्लाह और उसके रसूल ने जो कुछ उन्हें दिया था, उसपर वे राज़ी रहते औऱ कहते कि ""हमारे लिए अल्लाह काफ़ी है। अल्लाह हमें जल्द ही अपने अनुग्रह से देगा और उसका रसूल भी। हम तो अल्लाह ही की ओऱ उन्मुख है।"" (तो यह उनके लिए अच्छा होता)"	क्या अच्छा होगा, अगर उन्हें Allah और उनका नामदा दिया है और कहा, “सफरिसे हमें; अलाह देने के लिए हमें मुनाफीस देने के लिए, और (सो) अलाह के नामदा में से मुझे प्रेरित हो जाता है।
1104	We will extend the exemption bersyaratmu eight months.	हम छूट Bersyaratmu आठ महीने का विस्तार होगा.	सही सुनवाहें: 8 महीने के लिए छोड़ा जाएगा।
1105	"They said, ""Lot, if you do not give up preaching, you will certainly be expelled (from this town)""."	"उन्होंने कहा, ""यदि तू बाज़ न आया, ऐ लतू! तो तू अवश्य ही निकाल बाहर किया जाएगा।"""	"वहों ने कहा, ""लोग, अगर आप बोलें नहीं तो आप से बाहर निकलने के लिए, आपको बहुत ही आसानी में होगा।"
1106	_Add Bookmark…	पुस्तचिह्न जोड़ें... (_A)	Add bookmark.
1107	Ken wanted a piano as a kid.	केन बचपन में एक पियानो चाहता था.	केन को पियाना एक छोटा बच्चे के लिए पसंद था।
1108	Lay_out	ख़ाका (_o)	Lay-out
1109	Thanks, for the bachelor party, I guess?	धन्यवाद, स्नातक पार्टी के लिए, मुझे लगता है?	बच्चे के पारिवारे के लिए धन्यवाद, मुझे कुछ सोच रहा है।
1110	Python support warning	पायथन समर्थन चेतावनी	Python support warning
1111	- You will receive no more.	- आप कुछ भी प्राप्त होगा.	क्या आप मुझसे कुछ नहीं दे सकते?
1112	Error subscribing to folder	सदस्यता लिए हुए फ़ोल्डरों में त्रुटि	Error subscribing to folder
1113	Where is he?	वह कहाँ है?	क्या आप मुझसे कहानी को हिंदी में से पुनर्जारित कर सकते हैं?
1114	Start the prayers, Guru!	पूजा शुरु करो, गुरु!	सही प्रारंभ, गुरु!
1115	Edit Custom Messages…	पसंदीदा संदेश संपादित करें...	"Translation:
Text:"
1116	There was no space in the interview for any understanding of the fact that you've been living somewhere.	इंटरव्यू के दौरन इस बात को समझने की कहीं कोई गुंजाइश नहीं थी कि आप किसी जगह पर बसे हुए थे.	अन्य किसी के साथ कोई भी समझने के लिए कोई जगह नहीं है।
1117	We have to find that old man!	उस बूढ़े आदमी को हमें खोजना है!	किसी व्यक्ता को खोजें।
1118	Is he who founded his building upon duty to Allah and His good pleasure better; or he who founded his building on the brink of a crumbling, overhanging precipice so that it toppled with him into the fire of hell? Allah guideth not wrongdoing folk.	फिर क्या वह अच्छा है जिसने अपने भवन की आधारशिला अल्लाह के भय और उसकी ख़ुशी पर रखी है या वह, जिसने अपने भवन की आधारशिला किसी खाई के खोखले कगार पर रखी, जो गिरने को है। फिर वह उसे लेकर जहन्नम की आग में जा गिरा? अल्लाह तो अत्याचारी लोगों को सीधा मार्ग नहीं दिखाता	क्या आप इस प्रश्न को अंग्रेजी से हिंदी में से ट्रांस्लेट कर सकते हैं?
1119	(SIGHS) Tell you what.	(आह) आपको क्या करे.	सिगहसी
1120	[PA announcement in native language]	[स्थानीय भाषा में पी. ए. घोषणा]	प्रियांति की सूचना में सूचित है
1121	Microsoft Global Catalog over SSL	SSL पर माइक्रोसॉफ्ट वैश्विक कैटालॉग	The text is a security system for Microsoft Global Catalog over SSL.
1122	Total time taken: %lu secs	कुल समय नहीं	Total time taken: %lu secs
1123	Why is that Alan?	ऐसा क्यों?	क्यों है अलान?
1124	This is no longer a sound strategy.	यह अब एक ठोस रणनीति है.	This is no longer a sound strategy.
1125	Start	प्रारंभ	Start
1126	The Hollow is no different.	खोखले अलग नहीं है।	होल्लर का विधि: होल्लर का विधि
1127	We've got four D-Locks.	हमारे पास चार डी-लॉक्स हैं.	कुल्ला 4 D-Locks हैं।
1128	So do not strike any similitudes to Allah. Allah knows whereas you do not know.	अतः अल्लाह के लिए मिसालें न घड़ो। जानता अल्लाह है, तुम नहीं जानते	सो दो सुनमुक्ति के लिए सुनमुक्ति को अलाह को समझने की आवश्यकता है। अलाह को अलाह को समझने की क्षमता नहीं है।
1129	Merge an individual commit from another branch	मिलाएं से	किसी व्यक्ता के साथ एक व्यक्ता के साथ
1130	Viper and Tigress, do, like, a Totem Pole Poison Technique!	वाइपर और टाइग्रेस, टोटम स्तंभ विष तकनीक जैसे करो!	Viper and Tigress, do, like, a Totem Pole Poison Technique!
1131	Kontact	कॉन्टेक्ट	Kontak
1132	Zero heat.	शून्य गर्मी.	Zero heat.
1133	They shall be in a Garden lofty:	उच्च जन्नत में,	कलमें के लिए, उन्हें एक ग्रैंडली में उच्च स्थान पर रखें।
1134	Open	खोलें	"Cutting Knowledge Date: December 2023
Today Date: 13 May 2026"
1135	God is not ashamed to strike a similitude even of a gnat, or aught above it. As for the believers, they know it is the truth from their Lord; but as for unbelievers, they say, 'What did God desire by this for a similitude?' Thereby He leads many astray, and thereby He guides many; and thereby He leads none astray save the ungodly	"निस्संदेह अल्लाह नहीं शरमाता कि वह कोई मिसाल पेश करे चाहे वह हो मच्छर की, बल्कि उससे भी बढ़कर किसी तुच्छ चीज़ की। फिर जो ईमान लाए है वे तो जानते है कि वह उनके रब की ओर से सत्य हैं; रहे इनकार करनेवाले तो वे कहते है, ""इस मिसाल से अल्लाह का अभिप्राय क्या है?"" इससे वह बहुतों को भटकने देता है और बहुतों को सीधा मार्ग दिखा देता है, मगर इससे वह केवल अवज्ञाकारियों ही को भटकने देता है"	God is not ashamed to strike a similitude even of a gnat, or aught above it. As for the believers, they know it is the truth from their Lord; but as for unbelievers, they say, 'What did God desire by this for a similitude?' Thereby He leads many astray, and thereby He guides many; and thereby He leads none astray save the ungodly
1136	- HE DOESN'T USE ONE.	- वह एक का उपयोग नहीं करता.	क्या आप किसी विशेषता के लिए संस्करण कर सकते हैं?
1137	[Captain] Mask up.	[कप्तान] ऊपर मुखौटा.	कपली: मास्कुप.
1138	And I will always stay	औरमैंकरूँगाहमेशारहना	मैं इस प्रशास को सुरक्षित, सुरक्षित, और सही होने की सुन्दार हूँ।
1139	If you ask again, I'll say yes.	आप फिर से पूछो, मैं हाँ कह देंगे।	If you ask again, I'll say yes.
1140	You promised to handover the kingdom the princess.	तुमने वचन दिया था कि ये साम्राज्य और राजकुमारी तुम मुझे सौप दोगे.	कृपकारी ने देश को देशवास्ता की संपत्ति दे दिया था।
1141	Indeed the requital of those who wage war against Allah and His Apostle, and try to cause corruption on the earth, is that they shall be slain or crucified, or shall have their hands and feet cut off from opposite sides, or be banished from the land. That is a disgrace for them in this world, and in the Hereafter, there is a great punishment for them,	जो लोग ख़ुदा और उसके रसूल से लड़ते भिड़ते हैं (और एहकाम को नहीं मानते) और फ़साद फैलाने की ग़रज़ से मुल्को (मुल्को) दौड़ते फिरते हैं उनकी सज़ा बस यही है कि (चुन चुनकर) या तो मार डाले जाएं या उन्हें सूली दे दी जाए या उनके हाथ पॉव हेर फेर कर एक तरफ़ का हाथ दूसरी तरफ़ का पॉव काट डाले जाएं या उन्हें (अपने वतन की) सरज़मीन से शहर बदर कर दिया जाए यह रूसवाई तो उनकी दुनिया में हुई और फिर आख़ेरत में तो उनके लिए बहुत बड़ा अज़ाब ही है	अर्थ: हिंसकी की किसी जो शहीर के खेलते हैं और उनके द्वारा शहीर के प्रतीक, और शहीर के द्वारा क्रिया कराने का कारण है, वह उन्हें शहीर के प्रतीक के साथ मारा दिया जा सकता है, या उनके हाथ और दांड़ी को दो से दो से दो कर दिया जा सकता है, या उन्हें द्वारा दांड़ी को दो से दो से दिया जा सकता है, या उन्हें द्वारा दांड़ी को दो से दो से दिया जा सकता है।
1142	The girl looked around.	उस लड़की ने पीछे मुड़कर देखा।	मिली की ओर देख रही थी।
1143	It is my responsibility to send you back home safe and sound	यह मेरी जिम्मेदारी है आप वापस घर सही सलामत भेजने के लिए	मुझे बताना चाहिए कि आप अपने घर को सुरक्षित और सुरक्षित रखें।
1144	To Him is your return. This is Allah's promise that will certainly come true. Surely it is He Who brings about the creation of all and He will repeat it so that He may justly reward those who believe and do righteous deeds; and that those who disbelieve may have a draught of boiling water and suffer a painful chastisement for their denying the truth.	तुम सबको (आख़िर) उसी की तरफ लौटना है ख़ुदा का वायदा सच्चा है वही यक़ीनन मख़लूक को पहली मरतबा पैदा करता है फिर (मरने के बाद) वही दुबारा जिन्दा करेगा ताकि जिन लोगों ने ईमान कुबूल किया और अच्छे अच्छे काम किए उनको इन्साफ के साथ जज़ाए (ख़ैर) अता फरमाएगा और जिन लोगों ने कुफ्र एख्तियार किया उन के लिए उनके कुफ्र की सज़ा में पीने को खौलता हुआ पानी और दर्दनाक अज़ाब होगा	मुझे बताने के लिए, यह सुनिश्चित, सुनिश्चित, और सुनिश्चित है।
1145	Welcome, James.	स्वागत है, जेम्स।	मैं आपके लिए एक अच्छा संदेश देने के लिए हो सकता हूँ।
1146	In it We prescribed for them: a life for a life, an eye for an eye, a nose for a nose, and an ear for an ear, a tooth for a tooth, and retaliation for wounds. Yet whoever remits it out of charity, that shall be an atonement for him. Those who do not judge by what Allah has sent down—it is they who are the wrongdoers.	और हम ने तौरेत में यहूदियों पर यह हुक्म फर्ज क़र दिया था कि जान के बदले जान और ऑख के बदले ऑख और नाक के बदले नाक और कान के बदले कान और दॉत के बदले दॉत और जख्म के बदले (वैसा ही) बराबर का बदला (जख्म) है फिर जो (मज़लूम ज़ालिम की) ख़ता माफ़ कर दे तो ये उसके गुनाहों का कफ्फ़ारा हो जाएगा और जो शख्स ख़ुदा की नाज़िल की हुई (किताब) के मुवाफ़िक़ हुक्म न दे तो ऐसे ही लोग ज़ालिम हैं	मुझे इस पाठ को सुनाने की सुरक्षा करने की सलाह देता हूँ।
1147	We would have to drug a thousand people without their consent?	हम उनकी सहमति के बिना दवा के एक हजार लोग करना होगा?	हमें कुछ हजार लोगों को ड्रगाने के लिए 1000 लोगों के साथ संघर्ष करेंगे।
1148	Mr. President, sir?	अध्यक्ष महोदय, श्रीमान?	मुख्य: क्या आप मुझसे मार्गी के लिए मेरी मदद कर सकते हैं?
1149	And my wife, Deborah See everything that happens.	और मेरी पत्नी, दबोरा... ... क्या होता है देखो.	मैं अपनी पत्नी के साथ कुछ भी नहीं कर रहा हूँ.
1150	No, Judith, Judith, talk to me.	नहीं, जूडिथ, जूडिथ, मुझसे बात करो.	No, Judith, talk to me.
1151	Listen to what I have in mind.	मेरे मन में क्या है, सुनो.	Listen to what I have in mind.
1152	All Battle Groups, deploy drones.	सभी लड़ाई समूह, ड्रोन की तैनाती.	सारांजी: किसी के साथ लडने के लिए, दो से दो से दो से दो से दो से दो से दो से दो से दो से दो से दो से दो से दो से दो से दो से दो से दो से दो से दो से दो से दो से दो से दो से दो से दो से दो से दो से दो से दो से दो से दो से दो से दो से दो से दो से दो से दो से दो से दो से दो से दो से दो से दो से दो से दो से दो से दो से दो से दो से दो से दो से दो से दो से दो से दो से दो से दो से दो से दो स
1153	Let you choose your new project	आपको नई परियोजना चुनने की छूट देता है	Let you choose your new project
1154	Nay! When the earth is pounded to powder,	सुन रखो कि जब ज़मीन कूट कूट कर रेज़ा रेज़ा कर दी जाएगी	Nay! When the earth is pounded to powder,
1155	All information in this memo will be deleted and can not be restored.	इस यथारूप प्रविष्टि की सभी सूचनाएँ मिट दी जाएँगी और फिर सहेजी नहीं जा सकेगी.	मैं आपके संदेश को सही और सही है, और यह मूल्यांक में से से छोड़ सकता है।
1156	Our house is cursed.	हमारा घर शापित है.	हमारा घर कुर्वाना है।
1157	/ Yes, I'm Doug.	/ हाँ, मैं हूँ डौग.	मैं होऊ
1158	Cyrillic (_KOI8-R)	साइरिलिक (_KOI8-R)	Cyrillic (KOI8-R)
1159	Those who take disbelievers for Auliya' (protectors or helpers or friends) instead of believers, do they seek honour, power and glory with them? Verily, then to Allah belongs all honour, power and glory.	जो ईमानवालों को छोड़कर इनकार करनेवालों को अपना मित्र बनाते है। क्या उन्हें उनके पास प्रतिष्ठा की तलाश है? प्रतिष्ठा तो सारी की सारी अल्लाह ही के लिए है	Those who take disbelievers for Auliya' (protectors or helpers or friends) instead of believers, do they seek honour, power and glory with them? Verily, then to Allah belongs all honour, power and glory.
1160	L laid with him that night in the wind, as sure as any mortal man.	मैं किसी भी नश्वर आदमी के रूप में यकीन रूप , हवा में उस रात उसके साथ रखी.	ले द्वारा में मित्र होता है उस रात में जैसा कोई मानव है।
1161	translator-credits	राजेश रंजन (rranjan@redhat.com, rajeshkajha@yahoo.com) चंदन कुमार (chandankumar.093047@gmail.com)	क्या आप मुझसे किस प्रकार के शब्दों को संस्कृत में स्थापित कर सकते हैं?
1162	Move ~a onto the queen of clubs.	~a को चिड़ी की बेगम पर घुमाएँ.	मुख्य: क्लास के लिए एक प्रतीक है।
1163	Like he was two different people.	की तरह वह दो अलग अलग लोगों को था.	लेकिन, यह दो अलग-अलग लोग हैं।
1164	- Men and women.	- पुरुष और महिलाएँ.	मेन और महिलाएँ।
1165	I had to work for mine.	मैं मेरे लिए काम किया था.	मैंने अपने पास काम करना चाहा।
1166	(After having revealed the Quran to you) in all truth and justice, your Lord's Word has been completed. No one can change His Words. He is All-hearing and All-knowing.	तो तुम (कहीं) शक़ करने वालों से न हो जाना और सच्चाई और इन्साफ में तो तुम्हारे परवरदिगार की बात पूरी हो गई कोई उसकी बातों का बदलने वाला नहीं और वही बड़ा सुनने वाला वाक़िफकार है	कुल्लेख: कुल्लेख
1167	So it won't be strong enough to kill her.	तो यह काफी मजबूत उसे मारने के लिए नहीं होगा।	सो यह कुछ मजबूत होगा जो उसे मारने के लिए तैयार है।
1168	Unfortunate people?	दुर्भाग्यपूर्ण लोग?	अन्य लोगों के लिए क्रिया
1169	Where is your son Tatsuhei?	आपका पुत्र 'तातसुहेइ' कहाँ है?	तुम्हारे बच्चे टाटहे है।
1170	- Mother, please stop it.	-माँ,अब बस करो	माँ, कृपक, कृपक, कृपक, कृपक, कृपक, कृपक, कृपक, कृपक, कृपक, कृपक, कृपक, कृपक, कृपक, कृपक, कृपक, कृपक, कृपक, कृपक, कृपक, कृपक, कृपक, कृपक, कृपक, कृपक, कृपक, कृपक, कृपक, कृपक, कृपक, कृपक, कृपक, कृपक, कृपक, कृपक, कृपक, कृपक, कृपक, कृपक, कृपक, कृपक, कृपक, कृपक, कृपक, कृपक, कृपक, कृपक, कृपक, कृपक, कृपक, कृपक, कृप
1171	But then he says...	लेकिन तभी वह...	But then he says...
1172	I'm going away from you.	मैं जा रहा हूँ यहाँ से।	मैं तुमसे चले जाऊंगे।
1173	Maximum length of the text inside the actor	कर्ता के अंदर पाठ के अधिकतम लंबाई	Maximum length of the text inside the actor
1174	Should brasero replace symbolic links by their target files in the project. Set to true, brasero will replace symbolic links.	क्या ब्रैसेरो को परियोजना में लक्षित फाइलों के द्वारा सांकेतिक कड़ी से बदला जाना चाहिए. सही पर सेट करें, ब्रैसेरो सांकेतिक कड़ी को बदलेगा.	स्ट्राइज़ का उपयोग क्रिया के लक्ष्य के लिए सामान्य लिंक के स्थान को बदलें। स्ट्राइज़ का उपयोग लक्ष्य के लिए सामान्य लिंक के स्थान को बदलें।
1175	Their meat will not reach Allah, nor will their blood, but what reaches Him is piety from you. Thus have We subjected them to you that you may glorify Allah for that [to] which He has guided you; and give good tidings to the doers of good.	न उनके माँस अल्लाह को पहुँचते है और न उनके रक्त। किन्तु उसे तुम्हारा तक़वा (धर्मपरायणता) पहुँचता है। इस प्रकार उसने उन्हें तुम्हारे लिए वशीभूत किया है, ताकि तुम अल्लाह की बड़ाई बयान करो, इसपर कि उसने तुम्हारा मार्गदर्शन किया और सुकर्मियों को शुभ सूचना दे दो	कुतब: कुतब (कुतब के अर्थ में) कुतब का अर्थ है: कुतब का अर्थ है: कुतब का अर्थ है: कुतब का अर्थ है: कुतब का अर्थ है: कुतब का अर्थ है: कुतब का अर्थ है: कुतब का अर्थ है: कुतब का अर्थ है: कुतब का अर्थ है: कुतब का अर्थ है: कुतब का अर्थ है: कुतब का अर्थ है: कुतब का अर्थ है: कुतब का अर्थ है: कुतब का अर्थ है: कुतब का अर्थ है: कुतब का अर्थ है: कुतब का अर्थ है: कुतब का अर्थ है: कुतब का अर्थ है: कुतब का अर्थ है: कुतब का अर्थ है: कुतब का अर्थ ह
1176	Then they brought me with them, too.	फिर वे मुझे भी साथ लाते।	कुल्ला में मेरे साथ मिले हैं।
1177	I'm still your king.	मैं अभी भी अपने राजा हूँ.	मैं आपका राजा हूँ।
1178	Example: username	उदाहरण: उपयोक्तानाम	Example: username
1179	"""Let the crazy world say..."	"""पागल दुनिया हम कहते हैं ..."	"""मैंने कुछ ऐसा कहा है जो कुछ विशेषता है"
1180	Target properties	लक्ष्य गुण	Target properties
1181	We took direct action.	हमनें सीधी कार्यवाही की.	कोई सुरक्षा कार्य किया गया।
1182	I am sure that we will be very happy here.	मुझे विश्वास है कि हम यहाँ अत्यंत प्रसन्न रहेंगे।	मैं यहाँ सुनता हूँ कि हमें यहाँ बहुत खुशना होगा।
1183	& Delete	मिटाएँ (D)	"Cutting Knowledge Date: December 2023
Today Date: 13 May 2026"
1184	- Any other injuries?	- कोई अन्य चोट?	अन्य दर्दों के लिए स्पष्टीकरण देता है।
1185	That you blew a guy.	क्या आप अपने चेहरे को छुआ.	क्या तुमने एक लड़का दे दिया।
1186	"They will all be marshalled before Allah together: then will the weak say to those who were arrogant, ""For us, we but followed you; can ye then avail us to all against the wrath of Allah?"" They will reply, ""If we had received the Guidance of Allah, we should have given it to you: to us it makes no difference (now) whether we rage, or bear (these torments) with patience: for ourselves there is no way of escape."""	और (क़यामत के दिन) लोग सबके सब ख़ुदा के सामने निकल खड़े होगें जो लोग (दुनिया में कमज़ोर थे बड़ी इज्ज़त रखने वालो से (उस वक्त) क़हेंगें कि हम तो बस तुम्हारे क़दम ब क़दम चलने वाले थे तो क्या (आज) तुम ख़ुदा के अज़ाब से कुछ भी हमारे आड़े आ सकते हो वह जवाब देगें काश ख़ुदा हमारी हिदायत करता तो हम भी तुम्हारी हिदायत करते हम ख्वाह बेक़रारी करें ख्वाह सब्र करे (दोनो) हमारे लिए बराबर है (क्योंकि अज़ाब से) हमें तो अब छुटकारा नहीं	"कलमें के साथ, उन्हें अलाहम के साथ मिलेंगे: तो अलाहम के से विरोधी को ""हमें अलाहम के लिए हमें अलाहम को प्राप्त करें"" कहेंगे, क्योंकि वे अलाहम के लिए अलाहम को प्राप्त करें: उन्हें अलाहम के लिए अलाहम के लिए प्राप्त करें: अलाहम के लिए अलाहम के लिए प्राप्त करें: अलाहम के लिए अलाहम के लिए प्राप्त करें:"
1187	Luco!	Luco!	Luco!
1188	Qaf. [These letters (Qaf, etc.) are one of the miracles of the Quran, and none but Allah (Alone) knows their meanings]. By the Glorious Quran.	क़ाफ़ क़ुरान मजीद की क़सम (मोहम्मद पैग़म्बर हैं)	काफ़ (काफ़) के लिए, इन लेख (काफ़, etc.) एक क्रांति के एक मुक्ति है, और अलाह (Alone) के अर्थों को समझने के लिए कोई नहीं जानता। अलाह (Alone) के अर्थों को समझने के लिए कोई नहीं जानता।
1189	Berlin, 23 April, 1945.	बर्लिन, 23 अप्रैल,	Berlin, 23 April, 1945.
1190	for each We struck similitudes, and each We ruined utterly.	और हमने हर एक से मिसालें बयान कर दी थीं और (खूब समझाया) मगर न माना	कलमें के लिए, हमें इस प्राकृत्य को सहज, सुंदर, और सही से सही होने की सुन्नता देनी चाहिए।
1191	Get a hint for your next move	अगली चाल हेतु संकेत प्राप्त करें	क्या आप मुझे आगे की स्थिति को दिखाने के लिए एक सुझाव दें।
1192	SO I'LL TELL YOU WHAT WE'RE GONNA DO:	तो मैं तुम्हें हम क्या करने वाले हैं बता दूँगा:	मैं आपको बताना चाहता हूँ:
1193	Mr. Chow.	श्री चाउ.	Mr. Chow.
1194	And mention in the Book (the Quran) Isma'il (Ishmael). Verily! He was true to what he promised, and he was a Messenger, (and) a Prophet.	(ऐ रसूल) कुरान में इसमाईल का (भी) तज़किरा करो इसमें शक नहीं कि वह वायदे के सच्चे थे और भेजे हुए पैग़म्बर थे	मैं इस पाठ को अंग्रेजी से अनुवाद करूं, और इस पाठ को अनुवाद करूं, और इस पाठ को अनुवाद करूं, और इस पाठ को अनुवाद करूं, और इस पाठ को अनुवाद करूं, और इस पाठ को अनुवाद करूं, और इस पाठ को अनुवाद करूं, और इस पाठ को अनुवाद करूं, और इस पाठ को अनुवाद करूं, और इस पाठ को अनुवाद करूं, और इस पाठ को अनुवाद करूं, और इस पाठ को अनुवाद करूं, और इस पाठ को अनुवाद करूं, और इस पाठ को अनुवाद करूं, और इस पाठ को अनुवाद करूं, और इस पाठ को अनुवाद करूं, और इस पाठ को अनुवाद करूं, और इस पाठ को अनुवाद करूं, और इस पाठ को अनुवाद करूं, और इस पाठ को अनुवाद करूं, और इस पाठ को अनुव
1195	Terminal 2D	टर्मिनल 2डी	Terminal 2D
1196	Ignore _top level tags	शीर्ष स्तर टैग अनदेखा करें (_t)	अर्थ: किसी के बारे में जानकारी देने के लिए, किसी के बारे में जानकारी देने के लिए, किसी के बारे में जानकारी देने के लिए, किसी के बारे में जानकारी देने के लिए, किसी के बारे में जानकारी देने के लिए, किसी के बारे में जानकारी देने के लिए, किसी के बारे में जानकारी देने के लिए, किसी के बारे में जानकारी देने के लिए, किसी के बारे में जानकारी देने के लिए, किसी के बारे में जानकारी देने के लिए, किसी के बारे में जानकारी देने के लिए, किसी के बारे में
1197	General's Patience	जनरल का पेशेंस	General's Patience
1198	What is your GroupWise password?	आपका GroupWise कूटशब्द क्या है?	क्या आपकी टीम क्या पासवर?
1199	He said: Rejectest thou my gods, O Abraham? If thou cease not, I shall surely stone thee. Depart from me a long while!	"उसने कहा, ""ऐ इबराहीम! क्या तू मेरे उपास्यों से फिर गया है? यदि तू बाज़ न आया तो मैं तुझपर पथराव कर दूँगा। तू अलग हो जा मुझसे मुद्दत के लिए!"""	मुझे इस पाठ को हिंदी में से अनुवाद करने की सुरक्षा सुनिश्चक, वास्तव, वास्तव, वास्तव, वास्तव, वास्तव, वास्तव, वास्तव, वास्तव, वास्तव, वास्तव, वास्तव, वास्तव, वास्तव, वास्तव, वास्तव, वास्तव, वास्तव, वास्तव, वास्तव, वास्तव, वास्तव, वास्तव, वास्तव, वास्तव, वास्तव, वास्तव, वास्तव, वास्तव, वास्तव, वास्तव, वास्तव, वास्तव, वास्तव, वास्तव, वास्तव, वास्तव, वास्तव, वास्तव, वास्तव, वास्तव, वास्तव, वास्तव, वास्तव, वास्तव, वास्तव, वास्तव, वास्तव, वास्तव, वास्तव, वास्तव, वास्तव, वास्तव, वास्तव, वास्तव, वास्तव, वास्तव
1200	What, you want some help finding him?	क्या, तुम कुछ उसे ढूंढने में सहायता करना चाहते हैं?	क्या आप किसी को खोजें?
1201	_Trigger insert	ट्रिगर घुसाएँ	Trigger insert
1202	'Now you have come to Us one by one, as We created you upon the first time, and you have left what We conferred on you behind your backs. We do not see with you your intercessors, those you asserted to be associates in you; the bond between you is now broken; that which you ever asserted has now gone astray from you.	और आख़िर तुम हमारे पास इसी तरह तन्हा आए (ना) जिस तरह हमने तुम को पहली बार पैदा किया था और जो (माल व औलाद) हमने तुमको दिया था वह सब अपने पस्त पुश्त (पीछे) छोड़ आए और तुम्हारे साथ तुम्हारे उन सिफारिश करने वालों को भी नहीं देखते जिन को तुम ख्याल करते थे कि वह तुम्हारी (परवरिश वगैरह) मै (हमारे) साझेदार है अब तो तुम्हारे बाहरी ताल्लुक़ात मनक़तआ (ख़त्म) हो गए और जो कुछ ख्याल करते थे वह सब तुम से ग़ायब हो गए	मुझे इस पाठ को सही तरीका, स्पष्य, और प्रिय संदेश में सुधार कराना चाहिए।
1203	_About	के बारे में (_A)	Auchit
1204	Like those before you; they were stronger than you in power and more abundant in wealth and children, so they enjoyed their portion; thus have you enjoyed your portion as those before you enjoyed their portion; and you entered into vain discourses like the vain discourses in which entered those before you. These are they whose works are null in this world and the hereafter, and these are they who are the losers.	(मुनाफिक़ो तुम्हारी तो) उनकी मसल है जो तुमसे पहले थे वह लोग तुमसे कूवत में (भी) ज्यादा थे और औलाद में (भी) कही बढ़ कर तो वह अपने हिस्से से भी फ़ायदा उठा हो चुके तो जिस तरह तुम से पहले लोग अपने हिस्से से फायदा उठा चुके हैं इसी तरह तुम ने अपने हिस्से से फायदा उठा लिया और जिस तरह वह बातिल में घुसे रहे उसी तरह तुम भी घुसे रहे ये वह लोग हैं जिन का सब किया धरा दुनिया और आख़िरत (दोनों) में अकारत हुआ और यही लोग घाटे में हैं	Like those before you; they were stronger than you in power and more abundant in wealth and children, so they enjoyed their portion; thus have you enjoyed your portion as those before you enjoyed your portion; and you entered into discourses like the discourses in which entered those before you. These are they whose works are null in this world and the hereafter, and these are they who are the losers.
1205	Fwd:	अग्रेषित	Fwd:
1206	We were trying to go to the People's Assembly.	हम पीपुल्स असेंबली में जाने की कोशिश कर रहे थे.	हमने पूर्वी संघ में जाने की कोशी चाली थी।
1207	"Hashing ""%s"""	"हैशिंग ""%s"""	हस्ता
1208	YOU'VE GOT ALIBIS FOR THE OTHER TWO, HAVE YOU?	तुम तुम, अन्य दो के लिए alibis , है ना?	आपके पास दो और एक और दूसरे के लिए अलिबिस हो सकते हैं।
1209	If you were mine, you wouldn't have to work.	आप मेरे थे हैं, तो आप काम करने के लिए नहीं होता.	अगर तुम्हें मैं थोड़ा करेंगे, तुम्हें काम करना चाहिए.
1210	I am tensed thinking about your life.	मैं अपने जीवन के बारे में सोच परेशान कर रहा हूँ।	मैं आपकी जीवन की कहानी के बारे में सोच रहा हूँ।
1211	My wallet and phone are in the flight.	मेरा फोन और पर्स फ्लाइट में रह गए हैं .	मेरी बैंक और फोन उड़ाव में उड़ाव है।
1212	& Printing	छपाई (P)	Text:
1213	Trace Blend Strings	मिश्रण लडियाँ का पता लगायें	संकट: ट्रैक ब्लेंड स्ट्रिंग्स
1214	Such communities that have been connecting villages through the use of blogs also practice the same cultural practices they used to have in Guatemala, for example the Q´anjob´al Association even has their own queen, and indigenous ceremonies, as San Pedro Soloma Blog shows:	विदेश में रह रहे चिट्ठाकारों के लिये अपने गाँव की यादें ताज़ा करना तो जरूरी है हीः रात में मैंने सारे संदेशे और कवितायें पढ़ीं जो प्यारे क्युकुनसेस कुलिको के रहवासी ने लिखे और मुझे लगा ज्यों मैं उस छोटे से गाँव में पहुँच गया हूँ जहाँ हमारी जवानी बीती, जहाँ हम शनिवार को पार्टियाँ मनाया करते।	किसी समुदाय जो किसी क्षेत्र के साथ संबंधित हैं, जो ब्लॉग का उपयोग करते हैं, और गुटा के समुदाय के लिए कुछ भी विशेषताएं हैं, जैसे कि Q´anjob´al Association, San Pedro Soloma Blog, और सैन Pedro Soloma Blog.
1215	'Surely over My servants thou shalt have no authority.' Thy Lord suffices as a guardian.	बेशक जो मेरे (ख़ास) बन्दें हैं उन पर तेरा ज़ोर नहीं चल (सकता) और कारसाज़ी में तेरा परवरदिगार काफी है	सही सुनने की सुनिश्चरित, विशेष, और संदेशी है।
1216	- Yeah, you're totally right. I'm sorry.	वेगास, बेबी.	मुझे कुछ बात के लिए धन्यवाद.
1217	Iletyou.	मैं तुम्हें जाने।	Iletou.
1218	Say: Tell me what Allah has sent down for you of sustenance, then you make (a part) of it unlawful and (a part) lawful. Say: Has Allah commanded you, or do you forge a lie against Allah?	और जो कुछ वह जमा कर रहे हैं उससे कहीं बेहतर है (ऐ रसूल) तुम कह दो कि तुम्हारा क्या ख्याल है कि ख़ुदा ने तुम पर रोज़ी नाज़िल की तो अब उसमें से बाज़ को हराम बाज़ को हलाल बनाने लगे (ऐ रसूल) तुम कह दो कि क्या ख़ुदा ने तुम्हें इजाज़त दी है या तुम ख़ुदा पर बोहतान बाँधते हो	जानकारी को सही सुनाने के लिए, सही सुनाने के लिए, और सही सुनाने के लिए, दो से दो को हटाना या हटाना या बदलना कोई जानकारी नहीं है।
1219	Hidden file	छुपी फ़ाइल	Hidden file
1220	Unable to open URI	URI खोलने में असमर्थ	Unable to open URI
1221	HANNAH: Well, get on. SEAN:	CHlRPlNG]	HANAH: Well, get on. SEAN:
1222	FILENAME()	FILENAME ()	File Name:
1223	_Fetch All Headers	पूरा शीर्षक लाएँ (_F)	Fetched All Headers
1224	Telephone	टेलिफोन	क्या आप किसी विशेषता के लिए मुझसे मदद कर सकते हैं?
1225	That's nine for the twins!	यह हो गए जुड़वों के नौ...	क्या आप मुझे इस प्रश्न को अंग्रेजी से हिंदी में से पाठ की सूचित करना चाहते हैं?
1226	You can say you won I'll say you taught me a lesson...	... मैं आप मुझे एक सबक सिखाया कहेंगे... नहीं, कायर!	आप कह सकते हैं कि मैंने एक शिक्षा के एक स्नेह के साथ काम किया है।
1227	- Did you brush your own teeth?	- तुमने अपने दाँत साफ़ किए?	अर्थ: क्या आप अपने हाथों को साफ कर रहे हैं?
1228	And I'm Aunt Tanja.	और मैं चाची Tanja हूँ.	Aunt Tanja.
1229	Pass:	पास:	Passage
1230	Did you see him who turned away,	भला (ऐ रसूल) तुमने उस शख़्श को भी देखा जिसने रदगिरदानी की	देखें कि किसी ने कैसे दूर चला गया।
1231	He was angry, saying that I did not understand.	वह नाराज हो गया था कह रहा था कि मैं समझ नहीं पाया.	मुझे किसी को समझाने की कोशी में मुझे कुछ नहीं कहा।
1232	What did he do with it?	उसने इसके साथ क्या किया?	क्या उसे क्या किया था?
1233	You're like Google, sir.	आप गूगल, सर की तरह हो।	आपके लिए Google की तरह है।
1234	You cannot get married until then.	आप तब तक शादी नहीं कर सकता।	क्या आप किसी व्यक्ति को शादा करने के लिए कुछ समय तक ही हो सकते हैं?
1235	You don't think about what you'd rather be doing?	तुम न कर रही हो क्या तुम था के बारे में नहीं सोचते हैं?	आपके दिमांग में कुछ नहीं होगा कि आप कुछ करने के लिए?
1236	"""Yes, I did it! I confess!"	"""हाँ, मैंने यह किया था, मैं कबूल करता हूं!"	सही है, मैंने कहा। मैंने स्वीकृति कर रहा है।
1237	"You say: ""Yes; and you will be lowly made."""	(ऐ रसूल) तुम कह दो कि हाँ (ज़रूर उठाए जाओगे)	"मुझे बताने के लिए, ""हाँ; और आप बहुत कम हो."""
1238	If you take retribution, then do so in proportion to the wrong done to you. But if you can bear such conduct with patience, indeed that is best for the steadfast.	और हिदायत याफ़ता लोगों से भी खूब वाक़िफ है और अगर (मुख़ालिफीन के साथ) सख्ती करो भी तो वैसी ही सख्ती करो जैसे सख्ती उन लोगों ने तुम पर की थी और अगर तुम सब्र करो तो सब्र करने वालों के वास्ते बेहतर हैं	If you take retribution, then do so in proportion to the wrong done to you. But if you can bear such conduct with patience, indeed that is best for the steadfast.
1239	And in the earth are regions neighbouring and gardens of vines and cornfields, and palm-trees clustered and single, watered by the same water; yet some We make to excel others in food. Verily therein are signs for a people who reflect.	और खुरमों (खजूर) के दरख्त की एक जड़ और दो याखें और बाज़ अकेला (एक ही याख़ का) हालॉकि सब एक ही पानी से सीचे जाते हैं और फलों में बाज़ को बाज़ पर हम तरजीह देते हैं बेशक जो लोग अक़ल वाले हैं उनके लिए इसमें (कुदरत खुदा की) बहुतेरी निशानियाँ हैं	अर्थ: किसी भी व्यक्ति के लिए, किसी भी व्यक्ति के लिए, किसी भी व्यक्ति के लिए, किसी भी व्यक्ति के लिए, किसी भी व्यक्ति के लिए, किसी भी व्यक्ति के लिए, किसी भी व्यक्ति के लिए, किसी भी व्यक्ति के लिए, किसी भी व्यक्ति के लिए, किसी भी व्यक्ति के लिए, किसी भी व्यक्ति के लिए, किसी भी व्यक्ति के लिए, किसी भी व्यक्ति के लिए, किसी भी व्यक्ति के लिए, किसी भी व्यक्ति के लिए, किसी भी व्यक्ति के लिए, किसी भी व्यक्ति के लिए, किसी भी व्यक्ति के लिए,
1240	"""I am pleased that member states have agreed to launch and take ownership of a process to establish universal sustainable development goals - SDGs,"" he said."	"उन्होंने कहा कि ""मुझे बहुत प्रसन्नता है कि सदस्य देश सार्वभौमिक संवहनीय विकास लक्ष्य स्थापित करने हेतु प्रक्रिया आरंभ करने तथा उसका स्वामित्व लेने के लिए सहमत हो गए हैं।"""	मैं इस प्रशास को स्वीकृति से सुनाने के लिए प्रतीकार करता हूँ।
1241	THE ONLY REASON-- LOOK AT ME.	एक ही कारण है - मुझ पर देखो.	क्या आप किसी विशेषता को देख सकते हैं?
1242	All right, don't be a dick, Richie.	ठीक है, बेवकूफ मत बनो, रिची.	अर्थ: कुछ बातें सही हैं, कुछ बातें सही हैं।
1243	And hold fast to the rope of Allah, all of you together, and do not be divided; and remember Allah’s favour on you, that when there was enmity between you, He created affection between your hearts, so due to His grace you became like brothers to each other; and you were on the edge of a pit of fire (hell), so He saved you from it; this is how Allah explains His verses to you, so that you may be guided.	और तुम सब के सब (मिलकर) ख़ुदा की रस्सी मज़बूती से थामे रहो और आपस में (एक दूसरे) के फूट न डालो और अपने हाल (ज़ार) पर ख़ुदा के एहसान को तो याद करो जब तुम आपस में (एक दूसरे के) दुश्मन थे तो ख़ुदा ने तुम्हारे दिलों में (एक दूसरे की) उलफ़त पैदा कर दी तो तुम उसके फ़ज़ल से आपस में भाई भाई हो गए और तुम गोया सुलगती हुईआग की भट्टी (दोज़ख) के लब पर (खडे) थे गिरना ही चाहते थे कि ख़ुदा ने तुमको उससे बचा लिया तो ख़ुदा अपने एहकाम यूं वाजेए करके बयान करता है ताकि तुम राहे रास्त पर आ जाओ	अर्थ: किसी भी व्यक्ति के साथ साथ में रहे और उनके साथ कोई भी संघर्ष करें और उनके लिए संघर्ष करें; और उनके लिए संघर्ष करें; और उनके लिए संघर्ष करें; और उनके लिए संघर्ष करें; और उनके लिए संघर्ष करें; और उनके लिए संघर्ष करें; और उनके लिए संघर्ष करें; और उनके लिए संघर्ष करें; और उनके लिए संघर्ष करें; और उनके लिए संघर्ष करें; और उनके लिए संघर्ष करें; और उनके लिए संघर्ष करें; और उनके लिए संघर्ष करें; और उनके लिए संघर्ष करें; और उनके लिए संघर्ष करें; और उनके लिए संघर्ष करें; और उनके लिए संघर्ष करें; और उनके लिए संघर्ष करें; और उनक
1244	What line of kings do you descend from?	तुम राजाओं की किस खानदान से आते हो?	क्या आप किसी राजा से से से से क्या है?
1245	Then He created him and (caused the angel to) breathe into him his (created) spirit. He gave you eyes and ears, and hearts, yet little do you thank.	फिर उस (के पुतले) को दुरुस्त किया और उसमें अपनी तरफ से रुह फूँकी और तुम लोगों के (सुनने के) लिए कान और (देखने के लिए) ऑंखें और (समझने के लिए) दिल बनाएँ (इस पर भी) तुम लोग बहुत कम शुक्र करते हो	अर्थ: तो प्रकृत्ति के साथ संतुषित हो जाता है और उसके प्रकृत्ति को प्रकृत्ति के प्रकार के रूप में प्रकृत्ति को प्रकृत्ति के प्रकार के रूप में प्रकृत्ति को प्रकृत्ति के प्रकार के रूप में प्रकृत्ति को प्रकृत्ति के प्रकार के रूप में प्रकृत्ति को प्रकृत्ति के प्रकार के रूप में प्रकृत्ति को प्रकृत्ति के प्रकार के रूप में प्रकृत्ति को प्रकृत्ति के प्रकार के रूप में प्रकृत्ति को प्रकृत्ति के प्रकार के रूप में प्रकृत्ति को प्रकृत्ति के प्रकार के रूप में प्रकृत्ति को प्रकृत्ति के प्रकार के र
1246	- Is Axe a great guy?	- कुल्हाड़ी एक महान आदमी है?	Axe a great guy hai.
1247	We must pay the tax.	हमें टैक्स भरना पड़ेगा।	क्या आप मुझसे किसी विशेषता के लिए मुझसे मदद कर सकते हैं?
1248	Options include upgraded brakes, a service package providing access to Bowler Works mechanics, logistic support, and vehicle storage between events.	इसके विकल्पों में शामिल हैं - अपग्रेड किए गए ब्रेक, सर्विस पैकेज जो बॉलर वर्क्स मैकेनिक्स, लॉजिस्टिक सहायता, तथा ईवेंट के बीच वाहन संग्रह तक पहुंच प्रदान करता है।	सही संस्करण: प्रिय, सुरक्षा के लिए, बोवर लोकसेवी कार्यों के लिए सेविंग पैकेज, लॉगिक सेविंग, और वाहन स्टोरिंग के लिए सुविधा के साथ।
1249	Your emails	raviratlami@ aol. in	क्या आप मुझसे अपने ईमेल को मिलाने के लिए क्या हैं?
1250	Warp	रैप	Warp
1251	Because the moon's moving in the opposite direction to us, we get a gravitational break in...	क्योंकि में हमारे िलए विपरीत दिशा, चाँद की चलती हम अंदर एक गुरुत्वाकर्षण ब्रेक मिलता है ..	क्योंकि माउंड का घटाव हमें विपर्ण दिशा में चलने के लिए एक गुर्माना है।
1252	"""If you do good, you will do so for your own good; if you do ill, you will do it for your own loss."" So, when the time of the second prediction comes, (We shall rouse another people) to shame you, and enter the Temple as they had done the first time, and to destroy what they conquered utterly."	अगर तुम अच्छे काम करोगे तो अपने फायदे के लिए अच्छे काम करोगे और अगर तुम बुरे काम करोगे तो (भी) अपने ही लिए फिर जब दूसरे वक्त क़ा वायदा आ पहुँचा तो (हमने तैतूस रोगी को तुम पर मुसल्लत किया) ताकि वह लोग (मारते मारते) तुम्हारे चेहरे बिगाड़ दें (कि पहचाने न जाओ) और जिस तरह पहली दफा मस्जिद बैतुल मुक़द्दस में घुस गये थे उसी तरह फिर घुस पड़ें और जिस चीज़ पर क़ाबू पाए खूब अच्छी तरह बरबाद कर दी	If you do good, you will do so for your own good; if you do ill, you will do it for your own loss. So, when the time of the second prediction comes, (We shall rouse another people) to shame you, and enter the Temple as they had done the first time, and to destroy what they conquered utterly.
1253	Obviously well educated and extremely well financed.	जाहिर है अच्छी तरह से शिक्षित और बहुत अच्छी तरह से वित्त पोषण किया.	अर्थ: विशेष रूप से शिक्षित और अत्यधिक धनवाली है।
1254	Build but do not install the target.	बिल्ड नहीं अधिष्ठापित करें लक्ष्य.	बिल्के ही काम करें, लेकिन स्थान को स्थान के साथ स्थान के साथ स्थान के साथ स्थान के साथ स्थान के साथ स्थान के साथ स्थान के साथ स्थान के साथ स्थान के साथ स्थान के साथ स्थान के साथ स्थान के साथ स्थान के साथ स्थान के साथ स्थान के साथ स्थान के साथ स्थान के साथ स्थान के साथ स्थान के साथ स्थान के साथ स्थान के साथ स्थान के साथ स्थान के साथ स्थान के साथ स्थान के साथ स्थान के साथ स्थान के साथ स्थान के साथ स्थान के साथ स्थान के साथ स्थान के साथ स्थान के साथ स्थान के साथ स्थान के साथ
1255	Like you would be homeless, if I died.	जैसे कि तुम बेघर हो जाओगे, अगर मैं मर गया.	लोगों के लिए, यदि मुझे मर जाऊ।
1256	Just a call to let you know we've fixed a date for your case hearing.	आपको यह बताने के लिए फ़ोन किया है कि... हमने आपके केस की हीयरिंग के लिए तारीख तय कर दी है.	किसी को बताने के लिए, एक कॉल से हो सकता है।
1257	When will you drink it? The foreman says you have to work tonight!	प्रबंधक का कहना है कि आप को काम करना है.	When will you drink it? The foreman says you have to work tonight!
1258	Simulation of data DVD copying	आँकड़ा डीवीडी की नक़ल में सिमुलेशन	सिमुलेशन ऑफ डाटी डीवीडी
1259	( Laughter )	(हंसी)	Laughter
1260	They ask thee, (O Muhammad), of new moons, say: They are fixed seasons for mankind and for the pilgrimage. It is not righteousness that ye go to houses by the backs thereof (as do the idolaters at certain seasons), but the righteous man is he who wardeth off (evil). So go to houses by the gates thereof, and observe your duty to Allah, that ye may be successful.	"वे तुमसे (प्रतिष्ठित) महीनों के विषय में पूछते है। कहो, ""वे तो लोगों के लिए और हज के लिए नियत है। और यह कोई ख़ूबी और नेकी नहीं हैं कि तुम घरों में उनके पीछे से आओ, बल्कि नेकी तो उसकी है जो (अल्लाह का) डर रखे। तुम घरों में उनके दरवाड़ों से आओ और अल्लाह से डरते रहो, ताकि तुम्हें सफलता प्राप्त हो"	क्या आप किसी विशेषता के लिए मुस्कला हैं? क्या आप किसी विशेषता के लिए मुस्कला हैं?
1261	His daughter, Oei, of course.	अपनी बेटी से, बेशक ओएइ,.	अर्थ: किसी भी व्यक्ति के पिता के साथ, किसी भी व्यक्ति के पिता के साथ, किसी भी व्यक्ति के पिता के साथ, किसी भी व्यक्ति के पिता के साथ, किसी भी व्यक्ति के पिता के साथ, किसी भी व्यक्ता के पिता के साथ, किसी भी व्यक्ता के पिता के साथ, किसी भी व्यक्ता के पिता के साथ, किसी भी व्यक्ता के पिता के साथ, किसी भी व्यक्ता के पिता के साथ, किसी भी व्यक्ता के पिता के साथ, किसी भी व्यक्ता के पिता के साथ, किसी भी व्यक्ता के पिता के साथ, किसी भी
1262	"But when the unbelievers see you they make fun of you (and say): ""Is this the one who mentions your gods (deridingly)?"" Yet in Ar-Rahman they disbelieve!"	और (ऐ रसूल) जब तुम्हें कुफ्फ़ार देखते हैं तो बस तुमसे मसखरापन करते हैं कि क्या यही हज़रत हैं जो तुम्हारे माबूदों को (बुरी तरह) याद करते हैं हालाँकि ये लोग खुद खुदा की याद से इन्कार करते हैं (तो इनकी बेवकूफ़ी पर हँसना चाहिए)	"But when the unbelievers see you they make fun of you (and say): ""Is this the one who mentions your gods (deridingly)? Yet in Ar-Rahman they disbelieve!"
1263	Turn on the radio.	रेडियो पर मुड़ें.	हिंदी में ट्रांजिट करने का सुझाव: ट्रांजिट करने की सुन्दारी हिंदी में है।
1264	"Hast thou not Turned thy vision to the Chiefs of the Children of Israel after (the time of) Moses? they said to a prophet (That was) among them: ""Appoint for us a king, that we May fight in the cause of Allah."" He said: ""Is it not possible, if ye were commanded to fight, that that ye will not fight?"" They said: ""How could we refuse to fight in the cause of Allah, seeing that we were turned out of our homes and our families?"" but when they were commanded to fight, they turned back, except a small band among them. But Allah Has full knowledge of those who do wrong."	(ऐ रसूल) क्या तुमने मूसा के बाद बनी इसराइल के सरदारों की हालत पर नज़र नही की जब उन्होंने अपने नबी (शमूयेल) से कहा कि हमारे वास्ते एक बादशाह मुक़र्रर कीजिए ताकि हम राहे ख़ुदा में जिहाद करें (पैग़म्बर ने) फ़रमाया कहीं ऐसा तो न हो कि जब तुम पर जिहाद वाजिब किया जाए तो तुम न लड़ो कहने लगे जब हम अपने घरों और अपने बाल बच्चों से निकाले जा चुके तो फिर हमे कौन सा उज़्र बाक़ी है कि हम ख़ुदा की राह में जिहाद न करें फिर जब उन पर जिहाद वाजिब किया गया तो उनमें से चन्द आदमियों के सिवा सब के सब ने लड़ने से मुँह फेरा और ख़ुदा तो ज़ालिमों को खूब जानता है	हस्ते तो तुम्हारी बच्चों के लोगों को किसी के शासन के समय में मुस्कला हो सकती है। मुस्कला में मुस्कला के लोगों के लोगों के लोगों के लोगों के लोगों के लोगों के लोगों के लोगों के लोगों के लोगों के लोगों के लोगों के लोगों के लोगों के लोगों के लोगों के लोगों के लोगों के लोगों के लोगों के लोगों के लोगों के लोगों के लोगों के लोगों के लोगों के लोगों के लोगों के लोगों के लोगों के लोगों के लोगों के लोगों के लोगों के लोगों के लोगों के लोगों के लोगों के लोगों के लोगों
1265	We can't lose him! My God!	आप वास्तव में, बच्चों के रूप में उन्हें देख नहीं है न?	We can't lose him! My God!
1266	Take Newer (last modified)	Sync Conflict Resolution	क्या आप किसी विशेष प्रकार के विषय को संशकित कर सकते हैं?
1267	Delete the selected history link	चयनित इतिहास लिंक को मिटाएँ	मुझे इस प्रारंभिक संस्कृति को स्पष्ट, स्पष्ट, और सुरक्षित संदेश देने की आवश्यकता है।
1268	Select all text	सारा पाठ चुनें	मैं आपके संपर्क करें
1269	Exporting key...	कुंजी निर्यात किया जा रहा है...	"Translation:
Exporting key..."
1270	I... ask You, God...	आई. .. मैं तुमको प्रार्थना करना, मेरे भगवान...	मुझे क्या कहाने में मदद देने के लिए, आप मुझे बताएं, भगवान...
1271	East hallway, clear.	पूर्वदालान,स्पष्ट/मैं	East hallway, clear.
1272	c++-analyzer:	c++-analyzer:	क्योंने क्योंने:
1273	Lo! He, only He, is the Hearer, the Knower.	करने वालों (की जमाअत) में तुम्हारा फिरना (उठना बैठना सजदा रुकूउ वगैरह सब) देखता है	लो! है, है, है, है, है, है, है, है, है, है, है, है, है, है, है, है, है, है, है, है, है, है, है, है, है, है, है, है, है, है, है, है, है, है, है, है, है, है, है, है, है, है, है, है, है, है, है, है, है, है, है, है, है, है, है, है, है, है, है, है, है, है, है, है, है, है, है, है, है, है, है, है, है, है, है, है, है, है, है, है, है, है, है, है, है, है, है, है, है, है, है, है, है, है, है, है, है, है, है, है, है, है, है, है, है, है, है, है, है, है, है, है, है, है, है, है, है, है, है, है, है, है, है, है, है, है, ह
1274	Threads started by %1	लड़ियाँ डिफ़ॉल्ट पर खुला रखें( p)	The threads started by %1
1275	"Say, ""Perhaps some of the things which you wish to experience immediately are very close to you."""	(ऐ रसूल) तुम कह दो कि जिस (अज़ाब) की तुम लोग जल्दी मचा रहे हो क्या अजब है इसमे से कुछ करीब आ गया हो	"सही, ""कुछ भी जो आप जल्दी ही कुछ हो सकते हैं."""
1276	For the third quarter ended September 30, Bombardier's net profit fell to $147 million, or 8 cents per share, from $172 million, or 9 cents per share a year earlier.	30 सितंबर को समाप्त तीसरी तिमाही के लिए, Bombardier के शुद्ध लाभ एक साल पहले $ $147मिलियन, या प्रति शेयर 8 सेंट, $172मिलियन, या प्रति शेयर 9 सेंट तक गिर गया.	बार्डियर के तीसरे वर्ष के अंत में 30 सितंबर के दिन में अपने नेट प्रिंट 147 मिलियन, 8 कंटे शेयर, 172 मिलियन, 9 कंटे शेयर, या एक वर्ष से 9 कंटे शेयर, 8 मिलियन, 8 कंटे शेयर, 9 मिलियन, 8 कंटे शेयर, 8 मिलियन, 8 कंटे शेयर, 9 मिलियन, 8 कंटे शेयर, 8 मिलियन, 8 कंटे शेयर, 9 मिलियन, 8 कंटे शेयर, 8 मिलियन, 8 कंटे शेयर, 9 मिलियन, 8 कंटे शेयर, 8 मिलियन, 8 कंटे शेयर, 9 मिलियन, 8 कंटे शेयर, 8 मिलियन, 8 कंटे शेयर, 9 मिलियन, 8 कंटे शेयर, 8 मिलियन, 8 क
1277	Can we be traced?	हम पता लगाया जा सकता है?	Can I be traced?
1278	You know that movie I was telling you about? It's playing over at the campus cinema.	मैंने एक फिल्म के बारे में सुना है जो...	मुझे बताने के लिए, यह एक फिल्म है जो आप मुझसे बताया था। यह फिल्म स्टैंडर्स की सीट में चल रही है।
1279	- I am available.	- मैं disponÃ में सक्षम हूँ.	मैं उपलब्ध हूँ।
1280	It's a present from Raju	यह राजू ने दिया है.	It's a present from Raju
1281	_Enable	जावा सक्षम करें	Ensure the following text from English to HindiEnsure the translation from English to HindiEnsure the translation from English to HindiEnsure the translation from English to HindiEnsure the translation from English to HindiEnsure the translation from English to HindiEnsure the translation from English to HindiEnsure the translation from English to HindiEnsure the translation from English to HindiEnsure the translation from English to HindiEnsure the translation from English to HindiEnsure the translation from English to HindiEnsure the translation from English to HindiEnsure the translation from English to HindiEnsure the translation from English to HindiEnsure the translation from English to HindiEnsure the translation from English to HindiEnsure the translation from English to HindiEnsure the translation from English to HindiEnsure the translation from English to HindiEnsure the translation from English to HindiEnsure the translation from English to HindiEnsure the translation from English to HindiEnsure the translation from English to HindiEnsure the translation from English to HindiEnsure the translation from English to HindiEnsure the translation from English to HindiEnsure the translation from English to HindiEnsure the translation from English to HindiEnsure the translation from English to HindiEnsure the translation from English to HindiEnsure the translation from English to
1282	Samarinda	शमनगनslovakia. kgm	Samarinda
1283	It is He who sends down upon His Servant [Muhammad] verses of clear evidence that He may bring you out from darknesses into the light. And indeed, Allah is to you Kind and Merciful.	वही तो है जो अपने बन्दे (मोहम्मद) पर वाज़ेए व रौशन आयतें नाज़िल करता है ताकि तुम लोगों को (कुफ़्र की) तारिक़ीयों से निकाल कर (ईमान की) रौशनी में ले जाए और बेशक ख़ुदा तुम पर बड़ा मेहरबान और निहायत रहम वाला है	मुझे इस पाठ को हिंदी में सुनाने की सुरक्षा करें, यह स्पष्ट और स्पष्ट है।
1284	Such of you as die and leave behind them wives, they (the wives) shall wait, keeping themselves apart, four months and ten days. And when they reach the term (prescribed for them) then there is no sin for you in aught that they may do with themselves in decency. Allah is informed of what ye do.	और तुममें से जो लोग मर जाएँ और अपने पीछे पत्नियों छोड़ जाएँ, तो वे पत्नियों अपने-आपको चार महीने और दस दिन तक रोके रखें। फिर जब वे अपनी निर्धारित अवधि (इद्दत) को पहुँच जाएँ, तो सामान्य नियम के अनुसार वे अपने लिए जो कुछ करें, उसमें तुमपर कोई गुनाह नहीं। जो कुछ तुम करते हो, अल्लाह उसकी ख़बर रखता है	सही के लिए, इसे सही सुनाने की आवश्यकता है, सही सुनाने की आवश्यकता है, सही सुनाने की आवश्यकता है।
1285	This is the ID of the account holding the IMAP resource folders.	यह आईमैप रिसोर्स फ़ोल्डर रखे हुए खाते का आईडी है.	ID is the ID of account holding IMAP resource folders.
1286	It's Lise's car.	यह लिसे की कार है.	It's Lise's car.
1287	You have not heard or seen anything	आपने सुना या कुछ भी नहीं देखा है	क्या आप किसी विषय के बारे में कोई जानकारी नहीं हैं?
1288	...What if they could talk to us what were they thinking...	वे हमसे बात कर सकता ... क्या अगर... ... वे क्या सोच रहे थे...	क्या आप इस प्रश्न को अंग्रेजी से हिंदी में से पाठ के साथ प्रस्तुत कर सकते हैं?
1289	I've looked through the hole?	छेद मे से मैंने देखा था?	मैंने इसे देखा है
1290	I couldn't save you once... and that was the biggest mistake of my life.	मैं तुम्हें एक बार नहीं बचा सकता है ... ... और कहा कि मेरे जीवन की सबसे बड़ी गलती थी।	मुझे किसी को सुरक्षित कराने का कोई संदेश नहीं है। और वह सबसे बड़ा मुश्कल का सबसे बड़ा मुश्कल था।
1291	[man howling] [howling continues] [chuckles]	[पुरुष चीख रहा है] [चीख जारी है] [दबी हंसी]	मान होइल [होइल जोइल] [चुक्च]
1292	No, you didn't tell me anything.	नहीं, तुम मुझे कुछ नहीं बताया.	No, you didn't tell me anything.
1293	I'd even sing you poetry	-गाऊँगा तुम्हारे लिए कविता भी	मुझे हिंदी में संगीत के साथ संगीत की सुंदरता को संगीत के प्रेम के साथ संगीत की सुंदरता को संगीत के प्रेम के साथ संगीत के प्रेम के साथ संगीत के प्रेम के साथ संगीत के प्रेम के साथ संगीत के प्रेम के साथ संगीत के प्रेम के साथ संगीत के प्रेम के साथ संगीत के प्रेम के साथ संगीत के प्रेम के साथ संगीत के प्रेम के साथ संगीत के प्रेम के साथ संगीत के प्रेम के साथ संगीत के प्रेम के साथ संगीत के प्रेम के साथ संगीत के प्रेम के साथ संगीत के प्रेम के साथ संगीत के प्रेम के साथ
1294	System Monitor	तंत्र मॉनीटर	System Monitor
1295	And before it there hath been the Book of Musa, a guide and a mercy. And this a Book confirming it, in Arabic speech, that it may warn those who have done wrong and as glad tidings Unto the well-doers.	और इसके क़ब्ल मूसा की किताब पेशवा और (सरासर) रहमत थी और ये (क़ुरान) वह किताब है जो अरबी ज़बान में (उसकी) तसदीक़ करती है ताकि (इसके ज़रिए से) ज़ालिमों को डराए और नेकी कारों के लिए (अज़सरतापा) ख़ुशख़बरी है	मुसा के बाद में मुसा का एक पुस्तक है, एक मार्गद्वार और एक मार्गद्वार का एक पुस्तक है। और इस पुस्तक में सुनाने के लिए, अरबी भाषा में सुनाने की पुष्टि है, जो कुछ गलत कर रहे हैं और कुछ बेहतर सुनाने के लिए पुष्टि है।
1296	And if he (the dying person) be of those on the Right Hand,	और यदि वह भाग्यशालियों में से है,	And if he (the dying person) be of those on the Right Hand,
1297	[ GLASS SHATTERS ]	[कांच टूटता]	Glass shattered.
1298	Plugins	प्लगइन्स	Plas
1299	We have sent it down with truth, and with truth has (the Qur'an) come down. And We have sent you only to give good news and to warn.	और (ऐ रसूल) हमने इस क़ुरान को बिल्कुल ठीक नाज़िल किया और बिल्कुल ठीक नाज़िल हुआ और तुमको तो हमने (जन्नत की) खुशखबरी देने वाला और (अज़ाब से) डराने वाला (रसूल) बनाकर भेजा है	मुझे बताने के लिए, यहाँ से सच्चा मिला है। और हमें कुरान के साथ मिला है। और हमें कुरान के साथ मिला है।
1300	She's not our queen because she's the daughter of some king we never knew.	वह हमारी रानी क्योंकि वह बेटी है नहीं है कुछ राजा के हम कभी नहीं जानता था।	मुझे इस प्रश्न को स्पष्ट, स्पष्ट और सही मान देना चाहिए।
1301	Let's go.	चलो चलो.	Let's go.
1302	7-Zip (.7z)	7-Zip (.7z)	7-Zip .
1303	"And when Saul marched out with his army, he warned: ""Allah is going to put you to a test by the side of a river: whoso drinks of its water shall cease to be my companion: he alone shall be~my companion who does not quench his thirst with its water: one may, however, take except a few, drank their fill of it. Afterwards when Saul, and those who had believed with him, crossed the river and advanced forward, the former said to Saul, ""We have no power left this day to fight against Goliath and his hosts."" But those who believed that one Day they shall meet Allah, declared, ""lt has often been that a small host has, by Allah's grace, overcome a big host: for Allah is with those who show fortitude."""	फिर जब तालूत लशकर समैत (शहर ऐलिया से) रवाना हुआ तो अपने साथियों से कहा देखो आगे एक नहर मिलेगी इस से यक़ीनन ख़ुदा तुम्हारे सब्र की आज़माइश करेगा पस जो शख्स उस का पानी पीयेगा मुझे (कुछ वास्ता) नही रखता और जो उस को नही चखेगा वह बेशक मुझ से होगा मगर हाँ जो अपने हाथ से एक (आधा चुल्लू भर के पी) ले तो कुछ हर्ज नही पस उन लोगों ने न माना और चन्द आदमियों के सिवा सब ने उस का पानी पिया ख़ैर जब तालूत और जो मोमिनीन उन के साथ थे नहर से पास हो गए तो (ख़ास मोमिनों के सिवा) सब के सब कहने लगे कि हम में तो आज भी जालूत और उसकी फौज से लड़ने की सकत नहीं मगर वह लोग जिनको यक़ीन है कि एक दिन ख़ुदा को मुँह दिखाना है बेधड़क बोल उठे कि ऐसा बहुत हुआ कि ख़ुदा के हुक्म से छोटी जमाअत बड़ी जमाअत पर ग़ालिब आ गयी है और ख़ुदा सब्र करने वालों का साथी है	कुतर के साथ, सोल के साथ, सोल के साथ, सोल के साथ, सोल के साथ, सोल के साथ, सोल के साथ, सोल के साथ, सोल के साथ, सोल के साथ, सोल के साथ, सोल के साथ, सोल के साथ, सोल के साथ, सोल के साथ, सोल के साथ, सोल के साथ, सोल के साथ, सोल के साथ, सोल के साथ, सोल के साथ, सोल के साथ, सोल के साथ, सोल के साथ, सोल के साथ, सोल के साथ, सोल के साथ, सोल के साथ, सोल के साथ, सोल के साथ, सोल के साथ, सोल के साथ, सोल के साथ, सोल के साथ, सोल के साथ, सोल के साथ, सोल क
1304	on the day when [some] faces will turn white and [some] faces will turn black. As for those whose faces turn black [it will be said to them], ‘Did you disbelieve after your faith? So taste the punishment because of what you used to disbelieve.’	(उस दिन से डरो) जिस दिन कुछ लोगों के चेहरे तो सफैद नूरानी होंगे और कुछ (लोगो) के चेहरे सियाह जिन लोगों के मुहॅ में कालिक होगी (उनसे कहा जायेगा) हाए क्यों तुम तो ईमान लाने के बाद काफ़िर हो गए थे अच्छा तो (लो) (अब) अपने कुफ़्र की सज़ा में अज़ाब (के मजे) चखो	क्या आप किसी विशेषता के लिए संस्कृत भाषा में संवर्धित करना चाहते हैं?
1305	Let's go.	-चलो।	ले जाए.
1306	"Believe only in those who follow your own religion."" Say to them, ""Surely, the true guidance is the guidance from God."" [But you think it is impossible that] someone else may be granted [revelation] such as you were granted -- or else that they should contend against you before your Lord. Say, ""All grace is in the hands of God; He grants it to whom He wills: for God is boundless, and all knowing,"	और तुम्हारे दीन की पैरवरी करे उसके सिवा किसी दूसरे की बात का ऐतबार न करो (ऐ रसूल) तुम कह दो कि बस ख़ुदा ही की हिदायत तो हिदायत है (यहूदी बाहम ये भी कहते हैं कि) उसको भी न (मानना) कि जैसा (उम्दा दीन) तुमको दिया गया है, वैसा किसी और को दिया जाय या तुमसे कोई शख्स ख़ुदा के यहॉ झगड़ा करे (ऐ रसूल तुम उनसे) कह दो कि (ये क्या ग़लत ख्याल है) फ़ज़ल (व करम) ख़ुदा के हाथ में है वह जिसको चाहे दे और ख़ुदा बड़ी गुन्जाईश वाला है (और हर शै को)े जानता है	"मुझे केवल उस लोगों के अनुवरा जो अपने धर्म को पालने के लिए पूर्ण है."" कहें ""सबसे, सच्चे है कि आप किसे है? किसे है? किसे है? किसे है? किसे है? किसे है? किसे है? किसे है? किसे है? किसे है? किसे है? किसे है? किसे है? किसे है? किसे है? किसे है? किसे है? किसे है? किसे है? किसे है? किसे है? किसे है? किसे है? किसे है? किसे है? किसे है? किसे है? किसे है? किसे है? किसे है? किसे है? किसे है? किसे है? किसे है?"
1307	YOU'RE A LOUSY SHOT.	आप एक घटिया शॉट हो.	क्या आप लोग है?
1308	As for the ship, it belonged to certain poor men, who toiled upon the sea; and I desired to damage it, for behind them there was a king who was seizing every ship by brutal force.	वह जो नौका थी, कुछ निर्धन लोगों की थी जो दरिया में काम करते थे, तो मैंने चाहा कि उसे ऐबदार कर दूँ, क्योंकि आगे उनके परे एक सम्राट था, जो प्रत्येक नौका को ज़बरदस्ती छीन लेता था	सही के लिए, जहां पर से एक पुरा आदमी था, जो तटसे पर काम करता था, और मुझे उसे नष्कलना चाहा, क्योंकि पीछे में एक राजा था, जो सभी जहां पर अपने जहां पर अपने जहां पर काम करता था।
1309	It's really silly of me.	यह मेरे सच में पागल है.	मुझे यह बहुत ही अजीब.
1310	I was scared to go to India alone, that's when I found you.	मैं अकेला भारत जाने के डर गया था, कि जब मैं तुम्हें मिल गया है।	मैं बहुत हिचकता हूँ कि मैं भारतीय से ही दूर होऊ, जो मुझे बहुत पसंद करता हूँ।
1311	Then why a dragon army?	फिर तुमने एक ड्रैगन सेना क्यों तैयार की?	क्या आप किसी विशेषता के लिए द्रो के सैन्य समूह के प्रत्यास?
1312	Your names	रविशंकर श्रीवास्तव, जी. करूणाकरEMAIL OF TRANSLATORS	अपने नाम
1313	"Add all these together you get a Black Superpower."""	ये सब जोड़ कर देखें, आपको एक अश्वेत महाशक्ति मिल जायेगी।	"अर्थ: ""कुल्ली सुपरपावर"""
1314	Certificate problem: %s Issuer: %s	प्रमाणपत्र समस्या: %s निर्गमक: %s	Certificate problem: %s Isser: %s
1315	Unknown	अज्ञात	Unknown
1316	Priority:	पोर्टः	Priority:
1317	And by those that swim along (i.e. angels or planets in their orbits, etc.).	और गवाह है वे जो वायुमंडल में तैरें,	अर्थ: कुछ प्रकार के व्यक्तु जो अपने स्वार्थ के लिए स्वार्थ के लिए स्वार्थ के लिए स्वार्थ के लिए स्वार्थ के लिए स्वार्थ के लिए स्वार्थ के लिए स्वार्थ के लिए स्वार्थ के लिए स्वार्थ के लिए स्वार्थ के लिए स्वार्थ के लिए स्वार्थ के लिए स्वार्थ के लिए स्वार्थ के लिए स्वार्थ के लिए स्वार्थ के लिए स्वार्थ के लिए स्वार्थ के लिए स्वार्थ के लिए स्वार्थ के लिए स्वार्थ के लिए स्वार्थ के लिए स्वार्थ के लिए स्वार्थ के लिए स्वार्थ के लिए स्वार्थ के लिए स्वार्थ के लिए स्वार्थ के लिए स्वार्थ क
1318	They will never be denied the rewards of their good deeds. God knows well about the pious.	और वह जो कुछ नेकी करेंगे उसकी हरगिज़ नाक़द्री न की जाएगी और ख़ुदा परहेज़गारों से खूब वाक़िफ़ है	किसी भी व्यक्ति को उनके अच्छे कार्यों के लिए किसी भी प्रकार के पुरस्कार दिया जाएगा। भगवान को अच्छा होता है।
1319	O People who Believe! Do not make lawful the symbols of Allah nor the sacred months nor the sacrificial animals sent to Sacred Territory (around Mecca) nor the animals marked with garlands, nor the lives and wealth of those travelling towards the Sacred House (Kaa’bah) seeking the munificence and pleasure of their Lord; and when you have completed the pilgrimage, you may hunt; and let not the enmity of the people who had stopped you from going to the Sacred Mosque tempt you to do injustice; and help one another in righteousness and piety – and do not help one another in sin and injustice – and keep fearing Allah; indeed Allah’s punishment is severe.	ऐ ईमानदारों (देखो) न ख़ुदा की निशानियों की बेतौक़ीरी करो और न हुरमत वाले महिने की और न क़ुरबानी की और न पट्टे वाले जानवरों की (जो नज़रे ख़ुदा के लिए निशान देकर मिना में ले जाते हैं) और न ख़ानाए काबा की तवाफ़ (व ज़ियारत) का क़स्द करने वालों की जो अपने परवरदिगार की ख़ुशनूदी और फ़ज़ल (व करम) के जोयाँ हैं और जब तुम (एहराम) खोल दो तो शिकार कर सकते हो और किसी क़बीले की यह अदावत कि तुम्हें उन लोगों ने ख़ानाए काबा (में जाने) से रोका था इस जुर्म में न फॅसवा दे कि तुम उनपर ज्यादती करने लगो और (तुम्हारा तो फ़र्ज यह है कि ) नेकी और परहेज़गारी में एक दूसरे की मदद किया करो और गुनाह और ज्यादती में बाहम किसी की मदद न करो और ख़ुदा से डरते रहो (क्योंकि) ख़ुदा तो यक़ीनन बड़ा सख्त अज़ाब वाला है	मित्र: किसी लोगों के विश्वसन के लिए, न किसी कानून को अलाह, सार्वस्त्रिक मार्गों को सार्वस्त्रिक मार्गों को सार्वस्त्रिक मार्गों को अलाह के सार्वस्त्रिक मार्गों को अलाह के सार्वस्त्रिक मार्गों को अलाह के सार्वस्त्रिक मार्गों को अलाह के सार्वस्त्रिक मार्गों को अलाह के सार्वस्त्रिक मार्गों को अलाह के सार्वस्त्रिक मार्गों को अलाह के सार्वस्त्रिक मार्गों को अलाह के सार्वस्त्रिक मार्गों को अलाह के सार्वस्त्रिक मार्गों को अलाह के सार्वस्त्रिक मार्गों को अलाह के सार्वस्त्रिक मार्ग
1320	Move ~a onto the king of clubs.	~a को चिड़ी का बादशाह पर ले जाएँ	मुख्य: क्लास के लिए एक स्थानिक है।
1321	10 grand, that's all I got from that lawyer.	10 हज़ार, मैं उस वकील से मिला है वह सब है.	10 grand, that's all I got from that lawyer.
1322	Blue Squares	नीला वर्ग	Blue Squares
1323	I'm not rich right now.	अब मैं अमीर नहीं हूँ.	मैं अब नहीं रिच हूँ।
1324	It's lunch, Probies!	यह दोपहर के भोजन है, Probies!	It's lunch, Probies!
1325	Add	जोड़ें	Add
1326	Those meetings are bullshit!	उन बैठकों बकवास कर रहे हैं!	Those meetings are fake!
1327	The manager that created this data	प्रबंधक जो इस डेटा को निर्मित किया हैdefault:RTLpredefinito:LTR	The manager who created this data
1328	Move contacts to	संपर्कों को यहाँ खिसकाएँ	क्या आप मुझसे किस प्रकार के विषय को स्पष্�िक कर सकते हैं?
1329	Other	अन्य	Other
1330	X	एक्स	क्या आप मुझसे कुछ प्रश्न पूछ रहे हैं?
1331	- Yeah, I wasn't talking to you.	- मैं तुमसे बात नहीं कर रहा था?	मैंने कुछ बात नहीं कहा था।
1332	He wanted me to thank you for that.	उसने मुझे उस के लिए धन्यवाद करना चाहता था.	मुझे किसी को धन्यवाद देने के लिए धन्यवाद करें।
1333	Automatically update the file's symbols without saving. The update occurs after 10 seconds without keypresses by the user.	स्वचालित प्रकार से फ़ाइल से. सहेजन रहा है पश्चात सेकण्ड द्वारा प्रयोक्ता.	Automatically update the file's symbols without saving. The update occurs after 10 seconds without keypresses by the user.
1334	The Race Laws require me to ask you this:	तुम से यह पूछने को:	The race laws require me to ask you this:
1335	He's coming up the back stairs.	वह वापस सीढ़ियों से ऊपर आ है.	किसी ने पीछे की सड़ी पर जाने की ओर बढ़ रहा है।
1336	Copy...	नक़ल...	मुझे किसी को क्या बताना चाहिए?
1337	Here is the real European news: the great, post-war plan to unite Europe has finally stalled.	यहां वास्तविक यूरोपीय समाचार हैः यूरोप को संगठित करने की महान, युद्ध-पश्चात योजना अंततः रुक गई है।	क्या आप किसी विशेषता को विशेष रूप से विशेष रूप से विशेष रूप से विशेष रूप से विशेष रूप से विशेष रूप से विशेष रूप से विशेष रूप से विशेष रूप से विशेष रूप से विशेष रूप से विशेष रूप से विशेष रूप से विशेष रूप से विशेष रूप से विशेष रूप से विशेष रूप से विशेष रूप से विशेष रूप से विशेष रूप से विशेष रूप से विशेष रूप से विशेष रूप से विशेष रूप से विशेष रूप से विशेष रूप से विशेष रूप से विशेष रूप से विशेष रूप से विशेष रूप से विशेष रूप से विशेष रूप से विशेष रूप से विशेष रूप से विशेष र
1338	Dr. Gottlieb and dr.	डा. Gottlieb और डॉ.	Dr. Gottlieb and dr.
1339	Manju Lakshmi won first prize and Shilpa won second prize.	मंजू लक्ष्मी प्रथम व शिल्पा ने द्बितीय स्थान प्राप्त किया।	मन्जु लक्ष्मी ने पहले के शिल्पा ने दूसरे के लिए पहला पुरस्कार प्राप्त किया।
1340	You do not have read/ write permission to your sent-mail folder.	आपके पास आपकी भेजी- डाक फ़ोल्डर पर पढ़ने/ लिखने की अनुमतियाँ नहीं है.	क्या आप मुझे अपने संदेश के साथ संदेश के लिए कोई संदेश के लिए कोई संदेश के लिए कोई संदेश के लिए कोई संदेश के लिए कोई संदेश के लिए कोई संदेश के लिए कोई संदेश के लिए कोई संदेश के लिए कोई संदेश के लिए कोई संदेश के लिए कोई संदेश के लिए कोई संदेश के लिए कोई संदेश के लिए कोई संदेश के लिए कोई संदेश के लिए कोई संदेश के लिए कोई संदेश के लिए कोई संदेश के लिए कोई संदेश के लिए कोई संदेश के लिए कोई संदेश के लिए कोई संदेश के लिए कोई संदेश के लिए कोई संदेश के लिए कोई संदेश के लिए कोई संदेश के ल
1341	Krishnadev sir.	Krishnadev सर।	Krishnadev sir.
1342	Please have mercy!	दया कर देते हैं!	मुझे आश्चरित!
1343	Microsoft?	माइक्रोसॉफ्ट?	"Cutting Knowledge Date: December 2023
Today Date: 13 May 2026"
1344	A tech bomb.	एक तकनीक बम.	A technical bomb.
1345	What are you doing?	आप क्या कर रहे हो?	क्या आप कुछ कर रहे हैं?
1346	It is naught but revelation that is revealed,	वह तो बस एक प्रकाशना है, जो की जा रही है	ने के लिए, यह एक निर्माण है जो की प्राप्ति के साथ है।
1347	The title is a loose translation for “Inventive Dobromir”.	"इसका शीर्षक ""आविष्कारशील दोब्रोमीर"" का अमूमन अनुवाद है।"	The title is a loose translation for “Inventive Dobromir”.
1348	About ten days ago, I took him there and buried.	करीब दस दिन हुये. मैं उसे वहाँ ले गयी और दफन कर दिया.	कुछ दिनों के बाद में, वह उसे वहाँ रख दिया।
1349	That was me who took a fucking bullet in the gut.	कि पेट में एक कमबख्त गोली ले लिया, जो मैं था.	मुझे किसी ने कुछ पलों का गोला लिया था।
1350	Export Dictionary	शब्दकोश निर्यात करें (E)...	"Translation:
Text:"
1351	Bella, you've to understand Your safety is everything to me.	बेला है, तो आप सुरक्षा है अपने को समझने के लिए मेरे पास सब कुछ है.	बेला को समझने की आवश्यकता है।
1352	DARREN:	DARREN:	DARREN:
1353	Or He Who answers the prayer of the helpless when he invokes Him and removes the evil, and makes you inheritors of the earth? Is there a God along with Allah?! Very little do they ponder!	या वह जो व्यग्र की पुकार सुनता है, जब वह उसे पुकारे और तकलीफ़ दूर कर देता है और तुम्हें धरती में अधिकारी बनाता है? क्या अल्लाह के साथ कोई और पूज्य-प्रभु है? तुम ध्यान थोड़े ही देते हो	मुझे इस प्रश्न को स्पष्ट, स्पष्ट और सही मान देना चाहिए।
1354	And We have sent down the Book unto thee with truth; and confirming that which hath preceded it of the Book, and a guardian thereof. Wherefrom judge thou between them by that which Allah hath sent down, and follow thou not away from that which hath their desires come to thee of the truth. Unto each of you We appointed law and a way. And had Allah listed, He would have made you all a single community, but He willed not in order that he may prove you by that which He hath vouchsafed unto you. Hasten wherefore to the virtues; unto Allah is the return of you all; then He shall declare unto you concerning that wherein ye have been disputing.	और हमने तुम्हारी ओर यह किताब हक़ के साथ उतारी है, जो उस किताब की पुष्टि करती है जो उसके पहले से मौजूद है और उसकी संरक्षक है। अतः लोगों के बीच तुम मामलों में वही फ़ैसला करना जो अल्लाह ने उतारा है और जो सत्य तुम्हारे पास आ चुका है उसे छोड़कर उनकी इच्छाओं का पालन न करना। हमने तुममें से प्रत्येक के लिए एक ही घाट (शरीअत) और एक ही मार्ग निश्चित किया है। यदि अल्लाह चाहता तो तुम सबको एक समुदाय बना देता। परन्तु जो कुछ उसने तुम्हें दिया है, उसमें वह तुम्हारी परीक्षा करना चाहता है। अतः भलाई के कामों में एक-दूसरे से आगे बढ़ो। तुम सबको अल्लाह ही की ओर लौटना है। फिर वह तुम्हें बता देगा, जिसमें तुम विभेद करते रहे हो	"Ensure the following text from English to HindiEnsure the translation from the text given by the original meaningDo not add, remove, or change any information.

Text:
And We have sent down the Book unto thee with truth; and confirming that which hath preceded it of the Book, and a guardian thereof. Wherefrom judge thou between them by that which Allah hath sent down, and follow thou not away from that which hath their desires come to thee of the truth. Unto each of you We appointed law and a way. And had Allah listed, He would have made you all a single community, but He willed not in order that he may prove you by that which He hath vouchsafed unto you. Hasten wherefore to the virtues; unto Allah is the return of you all; then He shall declare unto you concerning that wherein ye have been disputing."
1355	God is He that looses the winds, that stir up clouds; and He spreads them in heaven how He will, and shatters them; then thou seest the rain issuing out of the midst of them, and when He smites with it whomsoever of His servants He will, lo, they rejoice,	ख़ुदा ही (क़ादिर तवाना) है जो हवाओं को भेजता है तो वह बादलों को उड़ाए उड़ाए फिरती हैं फिर वही ख़ुदा बादल को जिस तरह चाहता है आसमान में फैला देता है और (कभी) उसको टुकड़े (टुकड़े) कर देता है फिर तुम देखते हो कि बूँदियां उसके दरमियान से निकल पड़ती हैं फिर जब ख़ुदा उन्हें अपने बन्दों में से जिस पर चहता है बरसा देता है तो वह लोग खुशियाँ माानने लगते हैं	गोद is भगवा जो विंड्स को लूट कर तालमान को तालमान के साथ सुर्�ोपन करता है और तालमान को सूर्�ोपन करता है और तालमान को सूर्�ोपन करता है और तालमान के बाद सूर्�ोपन से सूर्�ोपन करता है और तालमान के सूर्�ोपन करता है
1356	You (believers) will certainly be tested by the loss of your property and lives and you will hear a great many grieving words from the People of the Book and the pagans. If you will have patience and piety, it will be a sign of firm determination and steadfastness (in life).	(मुसलमानों) तुम्हारे मालों और जानों का तुमसे ज़रूर इम्तेहान लिया जाएगा और जिन लोगो को तुम से पहले किताबे ख़ुदा दी जा चुकी है (यहूद व नसारा) उनसे और मुशरेकीन से बहुत ही दुख दर्द की बातें तुम्हें ज़रूर सुननी पड़ेंगी और अगर तुम (उन मुसीबतों को) झेल जाओगे और परहेज़गारी करते रहोगे तो बेशक ये बड़ी हिम्मत का काम है	मुझे इस पाठ को हिंदी में सुनाने की सुरक्षा सुनिश्चक, सुरक्षित, और सच्चक, जैसी सुरक्षित, सुरक्षित, सुरक्षित, (जीवन में)
1357	They're probably already there.	वे शायद पहले से ही कर रहे हैं.	क्या आप किसी विशेषता के लिए स्पष्टीकरण देते हैं?
1358	[imitates gunfire]	[गोलियां चलाने का अभिनय]	मित्र: क्या आप किसी विशेषता के लिए मुझे बता सकते हैं?
1359	_Reply style:	जवाब शैली: (_R)	Answer: Ensure the translation is accurate, fluent, and faithful to the original meaning.
1360	Run the configuration assistant	विन्यास सहायक चलाएँ	Run the configuration assistant
1361	I work at city hall, actually.	मैं वास्तव में, शहर के हॉल में काम करते हैं.	मैं शहर के कार्यालय में काम करता हूँ।
1362	Who's the king of pranks now, then, eh? You were never up for an award, you silly tosser.	खैर, वह जीवंत टीवी का जादू है, अंदाज़ा है।	कौन सा अब का राजा है, तो क्या? आप कभी कोई अवारा नहीं था, तुम्हारा कोई हो?
1363	Cameron is Niles' son.	कैमरून नाइल्स 'बेटा है.	कैमरन नील्स के बच्चा है।
1364	Document License	लेखपत्र प्रदर्शक	"Cutting Knowledge Date: December 2023
Today Date: 13 May 2026"
1365	Worthless people live only to eat and drink.	निकम्मे लोग सिर्फ खाने पीने के लिए जीते हैं	Worthless people live only to eat and drink.
1366	Our job is not to remember.	हमारा काम याद करने के लिए नहीं है.	हमारा काम किसी को याद नहीं देता है।
1367	The Missus said I wasn't to show it to anyone.	मालकिन ने कहा कि किसी को दिखाना नहीं.	मिसस ने कहा कि मैं इसे किसी को दिखाने के लिए नहीं था।
1368	Sudan	सूडान	Sudan
1369	"And O my people, this is the she-camel of Allah - [she is] to you a sign. So let her feed upon Allah 's earth and do not touch her with harm, or you will be taken by an impending punishment."""	"ऐ मेरी क़ौम के लोगो! यह अल्लाह की ऊँटनी तुम्हारे लिए एक निशानी है। इसे छोड़ दो कि अल्लाह की धरती में खाए और इसे तकलीफ़ देने के लिए हाथ न लगाना अन्यथा समीपस्थ यातना तुम्हें आ लेगी।"""	मुझे इस प्रश्न को समझाने की सुन्देश, मुझे किसी भी प्रकार के प्रश्न को समझाने की आवश्यकता है।
1370	There is a Tanaka in my class, too.	मेरी कक्षा में भी एक तानाका है।	Tanaka is a Tanaka in my class, too.
1371	I DON'T THINK I'LL BE OUT HERE AGAIN.	मैं मैं यहाँ फिर से बाहर हो जाएगा नहीं लगता..	I don't think I'll be out here again.
1372	As much as I'd love to kill you, I'm glad she's warm.	बेटी को मारने के लिए चाहेंगे के रूप में ज्यादा के रूप में आप मुझे है कि वह गर्म है.	मुझे किसी को मारना चाहिए, मैं उसे गर्मी की सुखदी है।
1373	"That is God, your true Lord. What is there, besides the truth, but error? How then can you turn away?"""	फिर यही अल्लाह तो है तुम्हारा वास्तविक रब। फिर आख़िर सत्य के पश्चात पथभ्रष्टता के अतिरिक्त और क्या रह जाता है? फिर तुम कहाँ से फिरे जाते हो?	जो किसी भी सच्चा है, आपका सच्चा है। जो कुछ भी सच्चा है, वह सच्चा है। क्या आप सच्चा को अपना कर सकता है?
1374	Did he threaten your sister?	क्या उसने तुम्हारी बहन को धमकी दी?	दे क्या खतरा है?
1375	_Reply style:	जवाब शैली: (_R)	Ensure style:
1376	Sent	गई डाक	मुख्य: क्या आप मुझसे कुछ प्रश्न पूछ रहे हैं?
1377	Pharaoh exalted himself in the land, and divided its people into factions. He persecuted a group of them, slaughtering their sons, while sparing their daughters. He was truly a corrupter.	बेशक फिरऔन ने (मिस्र की) सरज़मीन में बहुत सर उठाया था और उसने वहाँ के रहने वालों को कई गिरोह कर दिया था उनमें से एक गिरोह (बनी इसराइल) को आजिज़ कर रखा थ कि उनके बेटों को ज़बाह करवा देता था और उनकी औरतों (बेटियों) को ज़िन्दा छोड़ देता था बेशक वह भी मुफ़सिदों में था	प्रवर्त exalted himself in the land, and divided its people into factions. He persecuted a group of them, slaughtering their sons, while sparing their daughters. He was truly a corrupter.
1378	- Berlin's in uproar!	- बर्लिन में हाहाकार मचा हुआ है!	भर्म के में में में में में में में में में में में में में में में में में में में में में में में में में में में में में में में में में में में में में में में में में में में में में में में में में में में में में में में में में में में में में में में में में में में में में में में में में में में में में में में में में में में में में में में में में में में में में में में में में में में में में में में में में में में में में में में में में में में में में में में में में में में में में म
1379	You already like the boy.	आप पहले से ही लड़के को पसंद करती हैं.	आपके लिए एक लड़का है।
1380	Isn't violence the official solution of our government in Iraq,	हिंसाआधिकारिक समाधान नहीं है इराक में हमारी सरकार की,	सही के लिए, इस संस्करण को सही और सही से ही होगा।
1381	it'll cost you.	और तुम्हें खर्च आएगा.	It will cost you.
1382	that's what you can bring them.	कि आप उन्हें क्या ला सकता है.	क्या आप इसे हिंदी में संस्करण कर सकते हैं?
1383	What's a webis...?	एक webis क्या है	क्या आप किसी वेबसी के बारे में जानना चाहते हैं?
1384	It will keep you from getting sick in this damp bunker.	यह तुमको इस नम बंकर में बीमार होने से बचायेगी.	बढ़कर किसी भी बीमारी को रोकने के लिए, यह आपके साथ रहने के लिए एक सुरक्षित बंदरकों में रहने की सुविधा प्रदान करेगा।
1385	Louis goes down, you make it out.	लुई नीचे चला जाता है , आप इसे बाहर.	लुई गिर जाता है, आप उसे बाहर कर देते हैं।
1386	You're gonna turn right on Maple Street.	आप मेपल सड़क पर सही बारी करने वाले हैं.	मैं आपको माउलपी स्ट्रीट पर दोहराने की सलाह देता हूँ.
1387	Moses said, 'Our Lord, Thou hast given to Pharaoh and his Council adornment and possessions in this present life. Our Lord, let them go astray from Thy way; Our Lord, obliterate their possessions, and harden their hearts so that they do not believe, till they see the painful chastisement.'	और मूसा ने अर्ज़ की ऐ हमारे पालने वाले तूने फिरऔन और उसके सरदारों को दुनिया की ज़िन्दगी में (बड़ी) आराइश और दौलत दे रखी है (क्या तूने ये सामान इस लिए अता किया है) ताकि ये लोग तेरे रास्तें से लोगों को बहकाएं परवरदिगार तू उनके माल (दौलत) को ग़ारत (बरबाद) कर दे और उनके दिलों पर सख्ती कर (क्योंकि) जब तक ये लोग तकलीफ देह अज़ाब न देख लेगें ईमान न लाएगें	मोस ने कहा, 'फरागा और उसके सलाहकार के पास और उसके संपत और संपत के साथ जीवन के वर्तमान में प्रस्तुति को प्राप्त करें। मेरा द्वारा देखो, तुम्हारे द्वारा देखो, तुम्हारे द्वारा देखो, तुम्हारे द्वारा देखो,
1388	It wouldn't be improper for me to forward Ellen some money.	यह मेरे एलेन कुछ पैसे को आगे करने के लिए अनुचित नहीं होगा.	मुझे यह कहना चाहिए कि मैंने किसी को किसी को पैसा देने के लिए कोई अच्छा विचार नहीं है।
1389	translator-credits	राजेश रंजन (rranjan@redhat.com, rajeshkajha@yahoo.com) रविशंकर श्रीवास्तव (raviratlami@yahoo.com)	क्या आप मुझसे किस प्रकार के शब्दों को संस्कृत में स्थापित कर सकते हैं?
1390	Sorry, hoss.	क्षमा करें, Hoss.	मुझे किसी को खुशवा देने के लिए, हो सकता है।
1391	If their town had been stormed, and they had been incited to sedition, they would have rebelled with little hesitation.	और यदि उसके चतुर्दिक से उनपर हमला हो जाता, फिर उस समय उनसे उपद्रव के लिए कहा जाता, तो वे ऐसा कर डालते और इसमें विलम्ब थोड़े ही करते!	अगर उनके शहर में हमला हो गया और उन्हें सैन्य शांति में शांति में शांति में शांति में शांति में शांति में शांति में शांति में शांति में शांति में शांति में शांति में शांति में शांति में शांति में शांति में शांति में शांति में शांति में शांति में शांति में शांति में शांति में शांति में शांति में शांति में शांति में शांति में शांति में शांति में शांति में शांति में शांति में शांति में शांति में शांति में शांति में शांति में शांति में शां
1392	Go.	चलो.	Go.
1393	Maybe they'll give room and board at lvanovo.	शायद वे इवानवा में कमरे और बोर्ड दे देंगे.	मुझे कुछ सुझाव देने की सिफारी है। यह संदेश को सुनाने के लिए सुनने के लिए सुनाने के लिए सुनाने के लिए सुनाने के लिए सुनाने के लिए सुनाने के लिए सुनाने के लिए सुनाने के लिए सुनाने के लिए सुनाने के लिए सुनाने के लिए सुनाने के लिए सुनाने के लिए सुनाने के लिए सुनाने के लिए सुनाने के लिए सुनाने के लिए सुनाने के लिए सुनाने के लिए सुनाने के लिए सुनाने के लिए सुनाने के लिए सुनाने के लिए सुनाने के लिए सुनाने के लिए सुनाने के लिए सुनाने के लिए सुनाने के ल
1394	Well, that's fantastic!	वैसे, यह शानदार है!	मुझे यह बहुत अच्छा है!
1395	They will say nay! it is ye, for whom there is no welcome: it is ye who have brought it upon us. Evil shall be the resting-place.	"वे कहेंगे, ""नहीं, तुम नहीं। तुम्हारे लिए कोई आवभगत नहीं। तुम्ही यह हमारे आगे लाए हो। तो बहुत ही बुरी है यह ठहरने की जगह!"""	क्या हो! यह तुम हो, क्यों तुम्हारे बिना मिला है। बुरा होगा किसी के बिना बसा होगा।
1396	I helped my father water the flowers.	मैंने अपने पापा को फूलों को पानी डालने में मदद करी थी।	मैंने अपने पिता को फूलों को पाना चुना
1397	Layout style	अभिन्यास शैली	Layout style
1398	- You've got to help me, Baiocco.	- मेरी मदद करो, बाइओक्को.	Baiocco के साथ सहायता के लिए मुझे मदद करें।
1399	Nothing like whom?	िकस जैसे?	Nothing like whom?
1400	The people of the Pharaoh picked him up (without realizing) that he would become their enemy and a source of their sorrow. The Pharaoh, Haman, and their army were sinful people.	(ग़रज़ मूसा की माँ ने दरिया में डाल दिया) वह सन्दूक़ बहते बहते फिरऔन के महल के पास आ लगा तो फिरऔन के लोगों ने उसे उठा लिया ताकि (एक दिन यही) उनका दुश्मन और उनके राज का बायस बने इसमें शक नहीं कि फिरऔन और हामान उन दोनों के लश्कर ग़लती पर थे	The people of the Pharaoh picked him up (without realizing) that he would become their enemy and a source of their sorrow. The Pharaoh, Haman, and their army were sinful people.
1401	Unicode (UTF-_8)	यूनिकोड (UTF-_8)	क्या आप किसी विशेष कार्य के लिए संस्करण कर सकते हैं?
1402	You're a father now!	आप एक पिता अब कर रहे हैं!	आप एक पिता हैं!
1403	And the day He shall muster them, as if they had not tarried but an hour of the day, mutually recognizing one another; lost will be those who cried lies to the encounter with God, and were not guided.	और जिस दिन ख़ुदा इन लोगों को (अपनी बारगाह में) जमा करेगा तो गोया ये लोग (समझेगें कि दुनिया में) बस घड़ी दिन भर ठहरे और आपस में एक दूसरे को पहचानेंगे जिन लोगों ने ख़ुदा की बारगाह में हाज़िर होने को झुठलाया वह ज़रुर घाटे में हैं और हिदायत याफता न थे	अनुसार, दिन के दिन के दौरान, उन्हें मिलाने के लिए, किसी को दूसरे के साथ मिलाने के लिए, किसी को दूसरे के साथ मिलाने के लिए, किसी को दूसरे के साथ मिलाने के लिए, किसी को दूसरे के साथ मिलाने के लिए, किसी को दूसरे के साथ मिलाने के लिए, किसी को दूसरे के साथ मिलाने के लिए, किसी को दूसरे के साथ मिलाने के लिए, किसी को दूसरे के साथ मिलाने के लिए, किसी को दूसरे के साथ मिलाने के लिए, किसी को दूसरे के साथ मिलाने के लिए, किसी को दूसरे के साथ मिलाने क
1404	Whether or not to use the notification tray for display reminders	अनुस्मारक दिखाने के लिए क्या सूचना ट्रे का प्रयोग करना है या नहीं	क्या या किसी को उपयोगित ट्रेन के लिए ट्रेन की संदेश
1405	Section where are installed the man pages. Valid section names are the digits ‘0’ through ‘9’, and the letters ‘l’ and ‘n’.	विभाग पृष्ठों खंड नाम के जरिए और अक्षर और नहीं	किसी भी विषय को संशकित करने के लिए, इसे स्पष्करित, स्पष्करित, और स्पष्करित के साथ स्पष्करित करने के लिए, इसे संशकित करने के लिए, इसे संशकित करने के लिए, इसे संशकित करने के लिए, इसे संशकित करने के लिए, इसे संशकित करने के लिए, इसे संशकित करने के लिए, इसे संशकित करने के लिए, इसे संशकित करने के लिए, इसे संशकित करने के लिए, इसे संशकित करने के लिए, इसे संशकित करने के लिए, इसे संशकित करने के लिए, इसे संशकित करने के लिए, इसे संशकित करने के लिए, इसे संशकित करने के लिए, इसे संशकित करने क
1406	There is none among the People of the Book but will surely believe in him before his death; and on the Day of Resurrection, he will be a witness against them.	और (जब ईसा मेहदी मौऊद के ज़हूर के वक्त आसमान से उतरेंगे तो) अहले किताब में से कोई शख्स ऐसा न होगा जो उनपर उनके मरने के क़ब्ल ईमान न लाए और ख़ुद ईसा क़यामत के दिन उनके ख़िलाफ़ गवाही देंगे	किसी भी प्रकार के लोगों में से मिले हैं, लेकिन वह किसी के बाद में ही एक प्रतीक्षा करेंगे। और 12 जून के दिन के रिशवास्त्रा के बाद वह एक प्रतीक्षा करेंगे।
1407	You gonna come down from there or what?	तुम वहाँ या क्या से नीचे आने वाला है?	क्या आप वहाँ से उतरने के लिए?
1408	Walshy won't sell, it's his nest egg.	वॉल्शी बेचेगा नहीं, वही तो उसका चारा है।	वलश्य ने कोई बेचा नहीं, यह उसके घर का अंडा है।
1409	- I'll take the pictures, Brendan.	- मैं तस्वीरें लूँगा, ब्रेंडन।	मैं प्रिय हूँ, ब्रेंड।
1410	"""This is what life is. This is why we're here, to connect."	"""यह जीवन क्या है हम यहाँ हैं यही कारण है , कनेक्ट करने के लिए"	This is what life is. This is why we're here, to connect.
1411	So what the hell am I supposed to tell O'Keefe?	तोक्यानरकमैं ओ'कीफेबताने वाला हूँ	सो क्या है ओकेफी?
1412	GENERAL HELMUTH WEIDLING died in Soviet captivity in 1955.	जनरल हेलमथ विल्डिंग की 1955 में सोवियत कैद में मृत्यु हो गई.	किसी भी व्यक्ति के लिए, जो सोवियत सैन्य कार्रवारी में गिरफ्जा हुआ था, 1955 में सोवियत के सैन्य कार्रवारी में गिरफ्जा हुआ था।
1413	- What?	ट्रेवर : क्या?	What?
1414	Add a new file/directory to the Subversion tree	जोड़ें a नया फ़ाइल निर्देशिका को सबवर्सन ट्री	Add a new file/directory to the Subversion tree
1415	I'm excited and happy about your arrival.	तुम्हारे आने से मैं बहुत खुश हूँ.	मैं आपके आने के लिए उत्साही और खुशनद हूँ.
1416	Even if it was the wish of your heart...	यह आपके दिल की इच्छा थी यहां तक ​​कि अगर... यह एक झूठ है!	Even if it was the wish of your heart...
1417	LOOK AT ME OR GET IT RIGHT IN YOUR BALLS.	सही अपनी गेंदों में मुझे देखो या इसे जाओ.	Look at me or get it right in your balls.
1418	Start	प्रारंभ	Start
1419	We intercepted a Kaiju and saved everyone on that boat.	हम एक Kaiju रोक दिया और कहा कि नाव पर सभी को बचा लिया.	कईज़ु (Kaiju) का अर्थ: कै-ज़ु (Kaiju) का अर्थ: कै-ज़ु (Kaiju)
1420	Our species has never been, but Increases In the first seven months of life.	हमारी प्रजाति लेकिन कभी नहीं रही है, बढ़ जाती है जीवन के पहले सात महीनों में.	Our species has never been, but increases in the first seven months of life.
1421	He who obeys the Messenger, obeys Allah: But if any turn away, We have not sent thee to watch over their (evil deeds).	जिसने रसूल की आज्ञा का पालन किया, उसने अल्लाह की आज्ञा का पालन किया और जिसने मुँह मोड़ा तो हमने तुम्हें ऐसे लोगों पर कोई रखवाला बनाकर तो नहीं भेजा है	कोई भागी है तो मुस्काबे में चले (मुस्काबे में) के बाद, हमें तुम्हें देखकर देखकर देखकर देखकर देखकर देखकर देखकर देखकर देखकर देखकर देखकर देखकर देखकर देखकर देखकर देखकर देखकर देखकर देखकर देखकर देखकर देखकर देखकर देखकर देखकर देखकर देखकर देखकर देखकर देखकर देखकर देखकर देखकर देखकर देखकर देखकर देखकर देखकर देखकर देखकर देखकर देखकर देखकर देखकर देखकर देखकर देखकर देखकर देखकर देखकर देखकर देखकर देखकर देखकर देखकर देखकर देखकर देखकर देखकर देखकर देखकर देखकर देखकर देखकर देखकर देखकर देखकर देखकर देखकर देखकर देखकर देखकर देख
1422	General	सामान्य	General
1423	%F %T	%F %T	"Cutting Knowledge Date: December 2023
Today Date: 13 May 2026"
1424	But Kai wanted the power all to himself.	पर काई सारी शक्ति पर अपना ही अधिकार जमाना चाहता था।	Kai wanted the power all to himself.
1425	Hey, you mind?	अरे, तुम बुरा है?	मैं आपको समझने की कोशी हूँ।
1426	That was good of her.	यही कारण है कि उसके बारे में अच्छा था।	क्या आपको कोई और चीज़ में से जानकारी देना चाहिए?
1427	- Laban, of course.	- बेशक लाबान.	Laban, of course.
1428	Am I running around in circles?	मैं हलकों में चारों ओर चल रहा है?	मैं कुछ दूर से चल रहा हूँ।
1429	Did you not see the hypocrites say to their brethren, the unbelievers among the People of the Book: “If you are banished we too will go with you and will not listen to anyone concerning you; and if war is waged against you, we will come to your aid.” But Allah bears witness that they are liars.	"क्या तुमने उन लोगों को नहीं देखा जिन्होंने कपटाचार की नीति अपनाई हैं, वे अपने किताबवाले उन भाइयों से, जो इनकार की नीति अपनाए हुए है, कहते है, ""यदि तुम्हें निकाला गया तो हम भी अवश्य ही तुम्हारे साथ निकल जाएँगे और तुम्हारे मामले में किसी की बात कभी भी नहीं मानेंगे। और यदि तुमसे युद्ध किया गया तो हम अवश्य तुम्हारी सहायता करेंगे।"" किन्तु अल्लाह गवाही देता है कि वे बिलकुल झूठे है"	क्या आप हिंदी में से एक पाठ को संशकित कर रहे हैं?
1430	file chooser	फ़ाइल-चयनक	फीलर का उपयोग
1431	Those to whom We have given the Book rejoice in what is sent down to you, while some factions reject a part of it. Say: 'I am commanded to worship Allah and to associate none with Him. To Him I supplicate, and to Him I turn'	"जिन लोगों को हमने किताब प्रदान की है वे उससे, जो तुम्हारी ओर उतारा है, हर्षित होते है और विभिन्न गिरोहों के कुछ लोग ऐसे भी है जो उसकी कुछ बातों का इनकार करते है। कह दो, ""मुझे पर बस यह आदेश हुआ है कि मैं अल्लाह की बन्दगी करूँ और उसका सहभागी न ठहराऊँ। मैं उसी की ओर बुलाता हूँ और उसी की ओर मुझे लौटकर जाना है।"""	Those to whom We have given the Book rejoice in what is sent down to you, while some factions reject a part of it. Say: 'I am commanded to worship Allah and to associate none with Him. To Him I supplicate, and to Him I turn'
1432	If We give the human being a taste of mercy from Us, and then withdraw it from him, he becomes despairing and ungrateful.	यदि हम मनुष्य को अपनी दयालुता का रसास्वादन कराकर फिर उसको छीन लॆं, तॊ (वह दयालुता कॆ लिए याचना नहीं करता) निश्चय ही वह निराशावादी, कृतघ्न है	If we give the human being a taste of mercy from us, and then withdraw it from him, he becomes despairing and ungrateful.
1433	Did you know that Mr. sly Wheaton has a legal document proving that every cent of that estate was intended for Ellen and nobody else, period?	आप श्री धूर्त व्हीटॉन एक कानूनी दस्तावेज है कि पता था साबित करना है कि वह संपत्ति का हर प्रतिशत एलेन और कोई नहीं, इस अवधि के लिए करना चाहता था?	अर्थ: मुझे बताना चाहिए कि मैंने किसी के लिए एक वैध पता देखा है, जो कि किसी के लिए किसी के लिए है, और किसी के लिए किसी के लिए नहीं।
1434	_Image	चित्र (_I)Disc Image	Image
1435	But I had it earlier and now it's gone.	लेकिन मैं यह पहले था और अब वह चला गया है.	मैंने पहले के समय में मुझे थोड़ा मिला था। अब मैंने थोड़ा है।
1436	The adulterer and the adulteress, scourge ye each one of them (with) a hundred stripes. And let not pity for the twain withhold you from obedience to Allah, if ye believe in Allah and the Last Day. And let a party of believers witness their punishment.	़ज़िना करने वाली औरत और ज़िना करने वाले मर्द इन दोनों में से हर एक को सौ (सौ) कोडे मारो और अगर तुम ख़ुदा और रोजे अाख़िरत पर ईमान रखते हो तो हुक्मे खुदा के नाफिज़ करने में तुमको उनके बारे में किसी तरह की तरस का लिहाज़ न होने पाए और उन दोनों की सज़ा के वक्त मोमिन की एक जमाअत को मौजूद रहना चाहिए	अलादुर और अलादुरस, सुर्जग, ये एक हाथ से 100 से 100 से 100 से 100 से 100 से 100 से 100 से 100 से 100 से 100 से 100 से 100 से 100 से 100 से 100 से 100 से 100 से 100 से 100 से 100 से 100 से 100 से 100 से 100 से 100 से 100 से 100 से 100 से 100 से 100 से 100 से 100 से 100 से 100 से 100 से 100 से 100 से 100 से 100 से 100 से 100 से 100 से 100 से 100 से 100 से 100 से 100 से 100 से 100 से 100 से 100 से 100 से 100 से 100 से 100 से 100 से 100 से 100 से
1437	Come on, you've got more than that.	चलो, मैं चोट कर रहा हूँ, है ना?	कोई, आप बहुत अधिक हैं।
1438	English (Canada)	इंग्लिश (कॅनडा)	"Cutting Knowledge Date: December 2023
Today Date: 13 May 2026"
1439	Disable use of the fixed function pipeline backend	निश्चित फ़ंक्शन पाइपलाइन बैकएंड का उपयोग निष्क्रिय करें	किसी को किसी के साथ काम करने के लिए, किसी के साथ काम करने के लिए, किसी के साथ काम करने के लिए, किसी के साथ काम करने के लिए, किसी के साथ काम करने के लिए, किसी के साथ काम करने के लिए, किसी के साथ काम करने के लिए, किसी के साथ काम करने के लिए, किसी के साथ काम करने के लिए, किसी के साथ काम करने के लिए, किसी के साथ काम करने के लिए, किसी के साथ काम करने के लिए, किसी के साथ काम करने के लिए, किसी के साथ काम करने के लिए, किसी के साथ काम करने के लिए, किसी के साथ काम करने
1440	Yeah, same coffee shop.	हाँ, एक ही कॉफी की दुकान.	क्या आप कॉफी शॉप के साथ सामान जानना चाहते हैं?
1441	O Romeo, Romeo, wherefore art thou Romeo?	हे रोमियो, रोमियो, किस कला तू रोमियो?	रोमो, रोमो, रोमो, क्यों हो रोमो?
1442	Turn it off please, John.	जॉन, कृपया इसे बंद कर दो।	Turn it off please, John.
1443	I just need to eat something.	कुछ खाने के लिए मैं सिर्फ जरूरत है.	मुझे कुछ खाना खाना है।
1444	"And were you to wonder, then wondrous indeed is the saying of those who say: ""What! After we have been reduced to dust, shall we be created afresh?"" They are the ones who disbelieved in their Lord; they are the ones who shall have shackles around their necks. They shall be the inmates of the Fire, wherein they will abide for ever."	"अब यदि तुम्हें आश्चर्य ही करना है तो आश्चर्य की बात तो उनका यह कहना है कि ,""क्या जब हम मिट्टी हो जाएँगे तो क्या हम नए सिरे से पैदा भी होंगे?"" वही हैं जिन्होंने अपने रब के साथ इनकार की नीति अपनाई और वही है, जिनकी गर्दनों मे तौक़ पड़े हुए है और वही आग (में पड़ने) वाले है जिसमें उन्हें सदैव रहना है"	"And were you to wonder, then wondrous indeed is the saying of those who say: ""What! After we have been reduced to dust, shall we be created afresh?"" They are the ones who disbelieved in their Lord; they are the ones who shall have shackles around their necks. They shall be the inmates of the Fire, wherein they will abide for ever."
1445	We got into a fight...	हम एक लड़ाई में मिला...	हमने एक लड़ाक में आ गए
1446	, why did you send me here?	क्यों तुम मुझे यहाँ भेजा है?	क्या आप मुझे किसी के साथ कैसे में हैं?
1447	♪ COULD BE FOREVER BOUND	♪हमेशाके लिएबाध्यकिया जासकताहै	प्रांत को कुछ वर्ष बाद के बाद
1448	Maldives Health blog has discussed the issue here. This is it.	मालदीव हेल्थ ब्लॉग ने मामले का ज़िक्र करते हुये लिखा	मलिस्वी हेल्थ ब्लॉग ने इस पर चर्चा की है। यह है यह.
1449	That's good, Jacobs.	अच्छा यही है, याकूब.	क्या है?
1450	You cowards.	आप डरपोक.	कवीर.
1451	If Kim Woo-jing becomes the regent,	किम वू जिंग रीजेंट हो जाता है,	Kim Woo-jing becomes the regent
1452	Ignored	नज़रअंदाज़ कियाBoolean True - Yes	अन्यथा
1453	The law firm Leman Brothers currently in bankruptcy billed over 850 million in legal fees, in addition for billing in massage and lobster dinners.	वर्तमान में दिवालियापन में कानून फर्म Leman ब्रदर्स कानूनी फीस में दस लाख 850 से अधिक बिल भेजा, मालिश और समुद्री झींगा रात्रिभोज में बिलिंग के लिए इसके अलावा में.	लेमन बोर्स की वर्तमा कंपनी का अदालत में बकड़ी है 850 मिलियन में लेखर फीस, मास्ज़ और लोबेस डिनर्स में भी बिलिंग है।
1454	Till you reach the grave.	यहाँ तक कि तुम क़ब्रिस्तानों में पहुँच गए	Till you reach the grave.
1455	Pointer	छापें	Enunciwata
1456	My wealth did not avail me.	(अफ़सोस) मेरा माल मेरे कुछ भी काम न आया	मेरी संपति मुझे नहीं मिली।
1457	The guests will be arriving at the front gate and directed to the valet.	मेहमानों के सामने गेट पर आने वाला है और सेवक को निर्देश दिया।	किसी व्यक्ता के लिए, जो लोगों के लिए, वे किसी वाले के पास जाने के लिए दिशा देते हैं।
1458	Because we couldn't have done it alone.	क्योंकि हम यह सब अकेले नहीं कर सकते थे.	क्योंकि हमें किसी तरह के करने में काम नहीं कर सके।
1459	Toggles whether the BCC field is displayed	यदि BCC क्षेत्र प्रदर्शित है तो टॉगल करें	Toggles whether the BCC field is displayed
1460	User:	प्रयोक्ता:UserAuthentication User	User:
1461	That they should bring to you every skillful magician.	"कि वे प्रत्येक प्रवीण जादूगर को आपके पास ले आएँ।"""	कि वे आप को किसी स्किलली मार्गवाहा के लिए प्रेरित करें।
1462	Cheese Webcam Booth	चीज वेबकैम बूथ	Cheese Webcam
1463	Clockwise Bottom Left Out	घड़ी की दिशा में नीचे बाएं से बाहर	Clockwise Left Out
1464	_Stop	रोकें(_S)	Stop
1465	Not a launchable item	चलाने वाली वस्तु नहीं	Not a launchable item
1466	"The solicitor, who was nicknamed ""Bash"" and hailed by criminals as a ""top brief,"" was arrested at his home in 2011 following a police surveillance operation into Scarborough, who he had represented in a previous narcotics trial."	"इस अधिवक्ता को, जिसे ""बैश"" का उपनाम दिया गया था, तथा जिसकी अपराधियों द्वारा ""टॉप ब्रीफ"" के रूप में प्रशंसा की गई थी, स्कारबोरो में पुलिस निगरानी संचालन के पश्चात वर्ष 2011 में उसके घर से गिरफ्तार किया गया था, जिसका उसने पिछले नारकोटिक्स ट्रायल में प्रतिनिधित्व किया था।"	"सुलोकितर, जो ""बश"" के नाम से जाना जाता है और 2011 में कोरबारा के पुलिसी सुरक्षा कार्रवारी में एक निर्दeshी के रूप में प्रतिन्यास्त किया गया था। वह 2011 में कोरबारा के एक पुर्वनिर्देशी के रूप में एक पुलिसी सुरक्षा कार्रवारी में प्रतिन्यास्त किया गया था।"
1467	Brain starts working with 10 times increased capacity	मस्तिष्क में 10 बार वृद्धि की क्षमता के साथ काम शुरू होता है	ब्रैन की क्षमता 10 से अधिक 10 से अधिक
1468	Simon, you don't have to do this.	साइमन, आप ऐसा करने के लिए नहीं है.	सिमोन, आप इसे नहीं कर देते हैं।
1469	"Indeed, Allah is my Lord and your Lord, so worship Him. That is the straight path."""	पस तुम ख़ुदा से डरो और मेरी इताअत करो बेशक ख़ुदा ही मेरा और तुम्हारा परवरदिगार है	अर्थ: कृशनी के लिए, मेरे भगवान, आपके भगवान, तो अपने भगवान को प्रारंभ करें। यह एक सीधा रास्ता है।
1470	Set Bac_kground Properties	पृष्ठभूमि गुण सेट करें (_k)	Set Bac_kground Properties
1471	I however... would be willing to accept the responsibility...	मैं फिर भी ... जिम्मेदारी स्वीकार करने को तैयार हो जाएगा ...	मैं इस प्रश्न को समझने के लिए सही हूँ, सही हूँ, और सही हूँ।
1472	"Moses chose seventy of his people for the appointment (on Mount Sinai). When they arrived they were seized by a tremor. (Moses) said: ""O Lord, if You had so pleased You could have annihilated them and me before this. Will You destroy us for something the foolish among us have done? This is but a trial from You whereby You will lead whom You will astray and guide whom You please. You are our saviour, so forgive us and have mercy on us, for You are the best of forgivers."	और मूसा ने अपनी क़ौम से हमारा वायदा पूरा करने को (कोहतूर पर ले जाने के वास्ते) सत्तर आदमियों को चुना फिर जब उनको ज़लज़ले ने आ पकड़ा तो हज़रत मूसा ने अर्ज़ किया परवरदिगार अगर तू चाहता तो मुझको और उन सबको पहले ही हलाक़ कर डालता क्या हम में से चन्द बेवकूफों की करनी की सज़ा में हमको हलाक़ करता है ये तो सिर्फ तेरी आज़माइश थी तू जिसे चाहे उसे गुमराही में छोड़ दे और जिसको चाहे हिदायत दे तू ही हमारा मालिक है तू ही हमारे कुसूर को माफ कर और हम पर रहम कर और तू तो तमाम बख्शने वालों से कहीें बेहतर है	"मोस ने 70 के लोगों को मार्गन के लिए चुना था। जब उन्होंने आए, उन्होंने तेज़बाज़ का संकेत दिया। (मोस) कहा: ""अरे, मेरे द्वारे तुम्हें मुझे तुम्हें पूरा नष्टा कर देने के लिए तुम्हारे से मुझे पहले मिला है। तुम्हारे लिए तुम्हारे से मुझे तुम्हारे से सांस्कृतिक से ले जाने के लिए तुम्हारे से मुझे तुम्हारे से सांस्कृतिक से ले जाने के लिए तुम्हारे से मुझे तुम्हारे से मुझे सांस्कृतिक से ले जाने के लिए तुम्हारे से मुझे तुम्हारे से मुझे सांस्कृतिक से ले ज"
1473	Passengers trying to avoid those fees have been stuffing as much as they can into carry-on baggage stashed in overhead bins, meaning those bins often run out of space.	जो जो यात्री शुल्क से बचने की कोशिश कर रहे हैं भराई कर रहे हैं जितना वे कर सकते हैं कैरी - ऑन बैगेज में जो ओवरहेड डिब्बे में स्टैश है , इसका मतलब है इस डिब्बे में अक्सर कम जगह है.	पास्ता के लोगों को छोड़ने का काम है कि वे अपने कार्यों को स्टैंडर्ड कर रहे हैं और स्टैंडर्ड के लिए कुछ स्टैंडर्ड को छोड़ रहे हैं।
1474	Group Box	समूह बक्सा	Group
1475	Whatsoever has been given you is the stuff this life is made of, and only its embellishment. What is with your Lord is better and abiding. Will you not understand?	और तुम लोगों को जो कुछ अता हुआ है तो दुनिया की (ज़रा सी) ज़िन्दगी का फ़ायदा और उसकी आराइश है और जो कुछ ख़ुदा के पास है वह उससे कही बेहतर और पाएदार है तो क्या तुम इतना भी नहीं समझते	सही होने वाला विषय है जो आपको दिया गया है, और इसका उपयोग किया गया है। क्या आप समझें?
1476	Bogofilter child process does not respond, killing...	बोगोफिल्टर संतति प्रक्रिया अनुक्रिया नहीं देती है, नष्ट कर रहा है...	Bogofilter child process does not respond, killing...
1477	You will train to compete as a team against other teams.	आप अन्य टीमों के खिलाफ एक टीम रूप में प्रतिस्पर्धा करने के िलए प्रशिक्षित करेंगे.	आप एक टीम के साथ एक टीम के खेलने के लिए तैयार हैं।
1478	The time to execute this query exceeded the server limit or the limit configured for this address book. Please make your search more specific or raise the time limit in the directory server preferences for this address book.	इस प्रश्न के लिए समय सर्वर सीमा से अधिक हो गया या सीमा जो कि इस पता पुस्तिका के लिए विन्यस्त किया था. कृपया सुनिश्चित करें कि आपकी खोज अधिक विशिष्ट हो या समय सीमा को निर्देशिका सर्वर वरीयता इस पता पुस्तिका के लिए बढ़ाए.	किसी भी प्रश्न को पूरा करें, यह सुनिश्चारा के साथ सुनिश्चारा के साथ सुनिश्चारा के साथ सुनिश्चारा के साथ सुनिश्चारा के साथ सुनिश्चारा के साथ सुनिश्चारा के साथ सुनिश्चारा के साथ सुनिश्चारा के साथ सुनिश्चारा के साथ सुनिश्चारा के साथ सुनिश्चारा के साथ सुनिश्चारा के साथ सुनिश्चारा के साथ सुनिश्चारा के साथ सुनिश्चारा के साथ सुनिश्चारा के साथ सुनिश्चारा के साथ सुनिश्चारा के साथ सुनिश्चारा के साथ सुनिश्चारा के साथ सुनिश्चारा के साथ सुनिश्चारा के साथ सुनिश्चारा के साथ
1479	Hayley's got the means.	हेले के साधन मिल गया।	हायेले के पास है
1480	They're chewing us up!	वे हमें चबा रहे हैं!	क्या आप किसी विशेषता के लिए मुझसे स्पष्कर सकते हैं?
1481	And unto (the tribe of) A'ad (We sent) their brother, Hud. He said: O my people! Serve Allah. Ye have no other Allah save Him. Will ye not ward off (evil)?	और (हमने) क़ौम आद की तरफ उनके भाई हूद को (रसूल बनाकर भेजा) तो उन्होनें लोगों से कहा ऐ मेरी क़ौम ख़ुदा ही की इबादत करो उसके सिवा तुम्हारा कोई माबूद नहीं तो क्या तुम (ख़ुदा से) डरते नहीं हो	अनुस्त: और (तribh A'ad) A'ad (वे से) उनके भाई, हुद. वह कहा: मेरे लोग! सेवा Allah. वे कोई अन्य Allah नहीं है, वे मुझे कोई दूसरी Allah है। वे कोई दूसरा है।
1482	(Chris, Echoing) Hello!	हैलो!	Hello!
1483	Like, it don't make sense.	तरह, यह मतलब नहीं है.	Like, it don't make sense.
1484	The stuff's out of your system.	यह लड़का है उसके दिमाग से बाहर.	सारस्य के साथ सामान को सामान के साथ सामान के साथ सामान के साथ सामान के साथ सामान के साथ सामान के साथ सामान के साथ सामान के साथ सामान के साथ सामान के साथ सामान के साथ सामान के साथ सामान के साथ सामान के साथ सामान के साथ सामान के साथ सामान के साथ सामान के साथ सामान के साथ सामान के साथ सामान के साथ सामान के साथ सामान के साथ सामान के साथ सामान के साथ सामान के साथ सामान के साथ सामान के साथ सामान के साथ सामान के साथ सामान के साथ सामान के साथ सामान के साथ सामान के साथ सामान के
1485	Or have they taken to themselves guardians other than Him? But Allah, He is the Guardian. He revives the dead and has power over all things.	क्या उन लोगों ने ख़ुदा के सिवा (दूसरे) कारसाज़ बनाए हैं तो कारसाज़ बस ख़ुदा ही है और वही मुर्दों को ज़िन्दा करेगा और वही हर चीज़ पर क़ुदरत रखता है	रूपका हो सकता है कि उन्हें अपने गुरु और अन्य को लेने के लिए, लेकिन Allah, वह अपने शवाल और सभी वस्तुओं के साथ प्रवर्णकार है।
1486	And they said, “O you magician! Pray for us to your Lord, by the means of His covenant which is with you; we will certainly come to guidance.”	"उनका कहना था, ""ऐ जादूगर! अपने रब से हमारे लिए प्रार्थना कर, उस प्रतिज्ञा के आधार पर जो उसने तुझसे कर रखी है। निश्चय ही हम सीधे मार्ग पर चलेंगे।"""	अन्यथा की सूचना देते हैं कि वे कहते हैं, “आप मुझे अपने देवी के लिए प्रार्थना करें, द्वारा अपने देवी के लिए सेवा करें कि हमें सेवा करें.”
1487	I'm going to be leading them to great things.	पर आने वाले दिनों में मैं उन्हें ऊँचाइयों की ओर ले जाऊँगा।	मैं उन्हें बड़ी चीजों को ले जाने के लिए मेरी स्थानशीली होंगा।
1488	Know that Allah gives life to the earth after its death! Indeed We have made clear the Ayat (proofs, evidences, verses, lessons, signs, revelations, etc.) to you, if you but understand.	जान लो, अल्लाह धरती को उसकी मृत्यु के पश्चात जीवन प्रदान करता है। हमने तुम्हारे लिए आयतें खोल-खोलकर बयान कर दी है, ताकि तुम बुद्धि से काम लो	अर्थ: कृशी के विध्वारूप से मार्ग के साथ प्राण्य के साथ प्राण्य के साथ प्राण्य के साथ प्राण्य के साथ प्राण्य के साथ प्राण्य के साथ प्राण्य के साथ प्राण्य के साथ प्राण्य के साथ प्राण्य के साथ प्राण्य के साथ प्राण्य के साथ प्राण्य के साथ प्राण्य के साथ प्राण्य के साथ प्राण्य के साथ प्राण्य के साथ प्राण्य के साथ प्राण्य के साथ प्राण्य के साथ प्राण्य के साथ प्राण्य के साथ प्राण्य के साथ प्राण्य के साथ प्राण्य के साथ प्राण्य के साथ प्राण्य के साथ प्राण्य के साथ प्राण्य के साथ
1489	To every community We sent a messenger: “Worship God, and avoid idolatry.” Some of them God guided, while others deserved misguidance. So travel through the earth, and see what the fate of the deniers was.	और हमने तो हर उम्मत में एक (न एक) रसूल इस बात के लिए ज़रुर भेजा कि लोगों ख़ुदा की इबादत करो और बुतों (की इबादत) से बचे रहो ग़रज़ उनमें से बाज़ की तो ख़ुदा ने हिदायत की और बाज़ के (सर) पर गुमराही सवार हो गई तो ज़रा तुम लोग रुए ज़मीन पर चल फिर कर देखो तो कि (पैग़म्बराने ख़ुदा के) झुठलाने वालों को क्या अन्जाम हुआ	To every community We sent a messenger: “Worship God, and avoid idolatry.” Some of them God guided, while others deserved misguidance. So travel through the earth, and see what the fate of the deniers was.
1490	And lo, thy Lord! He is indeed the Mighty, the Merciful.	और निश्चय ही तुम्हारा रब ही है जो बड़ा प्रभुत्वशाली, अत्यन्त दयावान है	अर्थ: और लोग, तुम्हारे भगवान! वह तुम्हारे शक्ती और मेहन है।
1491	A state of mind.	दिमाग की एक स्थिति।	A state of mind.
1492	Repository origin; Drop or type a different revision here	रेपोसिटरी छोडें या क़िस्म a	क्या आप किसी विशेष प्रकार के विषय को संशक्षित करें?
1493	A power station is on high alert tonight as environmental campaigners have vowed to shut it down.	बिजली संयंत्र पर आज रात कड़ी निगरानी रखी गई है क्योंकि पर्यावरण कार्यकर्ताओं ने इसे बंद करने की योजना बनाई है.	पावर स्टेशन को उच्च सुरक्षा के रूप में होने की संभावना है। वाताना के पर्यावरण कार्यकर्ताओं ने इसे बंद कर दिया है।
1494	It is Allah Who sends the Winds, and they raise the Clouds: then does He spread them in the sky as He wills, and break them into fragments, until thou seest rain-drops issue from the midst thereof: then when He has made them reach such of his servants as He wills behold, they do rejoice!-	अल्लाह ही है जो हवाओं को भेजता है। फिर वे बादलों को उठाती हैं; फिर जिस तरह चाहता है उन्हें आकाश में फैला देता है और उन्हें परतों और टुकड़ियों का रूप दे देता है। फिर तुम देखते हो कि उनके बीच से वर्षा की बूँदें टपकी चली आती है। फिर जब वह अपने बन्दों में से जिनपर चाहता है, उसे बरसाता है। तो क्या देखते है कि वे हर्षित हो उठे	मुस्कल है जो तो सूर्य की ओर से आता है, और वह सूर्य को स्थानिक करता है, और उसे सूर्य के साथ स्थानिक करता है, और उसे सूर्य के साथ स्थानिक करता है, और उसे सूर्य के साथ स्थानिक करता है, और उसे सूर्य के साथ स्थानिक करता है।
1495	Enough with the coffee.	कॉफी के साथ बहुत हो गया.	कई में कॉफी के साथ बहुत ही अच्छा है।
1496	Some kid I have.	कुछ ही बच्चे है मेरे.	कोई लड़का है।
1497	“O Yusuf! O truthful one! Explain for us the seven healthy cows which seven lean cows were eating and the seven green ears of corn and seven others dry, so I may return to the people, possibly they may come to know.”	(ग़रज़ वह गया और यूसुफ से कहने लगा) ऐ यूसुफ ऐ बड़े सच्चे (यूसुफ) ज़रा हमें ये तो बताइए कि सात मोटी ताज़ी गायों को सात पतली गाय खाए जाती है और सात बालियॉ हैं हरी कचवा और फिर (सात) सूखी मुरझाई (इसकी ताबीर क्या है) तो मैं लोगों के पास पलट कर जाऊँ (और बयान करुँ)	सही सुनने के लिए, इस प्रारंभ को सही सुनाने के लिए, इस प्रारंभ को सही सुनाने के लिए, इस प्रारंभ को सही सुनाने के लिए, इस प्रारंभ को सही सुनाने के लिए, इस प्रारंभ को सही सुनाने के लिए, इस प्रारंभ को सही सुनाने के लिए, इस प्रारंभ को सही सुनाने के लिए, इस प्रारंभ को सही सुनाने के लिए, इस प्रारंभ को सही सुनाने के लिए, इस प्रारंभ को सही सुनाने के लिए, इस प्रारंभ को सही सुनाने के लिए, इस प्रारंभ को सही सुनाने के लिए, इस प्रारंभ को सही सुनाने के लिए, इस प्रारंभ को सही स
1498	Certainly We created above you seven levels and We have not been oblivious of the creation.	और हम ही ने तुम्हारे ऊपर तह ब तह आसमान बनाए और हम मख़लूक़ात से बेखबर नही है	क्या आप इस प्रश्न को अंग्रेजी से हिंदी में से प्रिय हैं?
1499	Name	नाम	Name
1500	Had any love affairs before meeting Indu?	इंदु से मिलने से पहले तुम्हारा कोई लव अफ़ेयर था?	अर्थ: किसी के साथ कोई संबंध नहीं है।
1501	No shots have been fired.	कोई गोली नहीं चली है.	सही होने वाले के लिए, कोई छटा नहीं है।
1502	It's a very hard surface to be sleeping on.	सोने के लिए यह काफ़ी कठोर जगह है.	मुझे किसी के साथ रहने का कोई स्थान पसंद नहीं है।
1503	Copy Folder To	फ़ोल्डर की नक़ल यहाँ लें	Copy Folder To
1504	Your life hangs in the balance.	अपने जीवन अधर में लटका हुआ है.	Your life hangs in the balance.
1505	Say thou: look ye were Allah to take away your hearing and your sight and seal up your hearts, what god, other than Allah, shall bring them unto you? Behold! how variously We propound the signs, yet they turn aside.	"कहो, ""क्या तुमने यह भी सोचा कि यदि अल्लाह तुम्हारे सुनने की और तुम्हारी देखने की शक्ति छीन ले और तुम्हारे दिलों पर ठप्पा लगा दे, तो अल्लाह के सिवा कौन पूज्य है जो तुम्हें ये चीज़े लाकर दे?"" देखो, किस प्रकार हम तरह-तरह से अपनी निशानियाँ बयान करते है! फिर भी वे किनारा ही खींचते जाते है"	मुझे बताना चाहिए कि आप कह रहे हैं कि आप अपने सुनने को खोने के लिए अलाह को छूने के लिए कुछ देख रहे हैं। क्या अलाह के बाद कुछ दिखावे हैं? क्या आप कुछ दिखावे के लिए अलाह के बाद कुछ दिखावे हैं?
1506	You do n't seem to have write access to this root album. Without this access, image and metadata editing will not work.	डिज़ीकैम के लिए छवि में चारों ओर किनारा जोड़ें प्लगइन.	क्या आप इस प्रारंभिक ग्रान्थ को सुनने के लिए कोई सुविधा है?
1507	- We're with you, Alexander!	- हम तुम्हारे साथ सिकंदर हैं!	मैं आपके साथ हो रहा हूँ, अलेक्सर।
1508	[goat bleats] man speaking native language:	[बकरी मिमयाती है] पुरुष अपनी मातृभाषा में बोल रहा है: मेरी कहानी यह है कि मैं काम नहीं कर सकता,	गोता बेलट्स में मूल्य:
1509	You can try to get through.	तुम बीच से निकलने की कोशिश कर सकते हो.	क्या आप किसी को किसी से मिलाने की कोशी कर सकते हैं?
1510	The day Allah will gather the apostles and say, ‘What was the response to you?’ They will say, ‘We have no knowledge. Indeed You are knower of all that is Unseen.’	(उस वक्त क़ो याद करो) जिस दिन ख़ुदा अपने पैग़म्बरों को जमा करके पूछेगा कि (तुम्हारी उममत की तरफ से तबलीग़े एहकाम का) क्या जवाब दिया गया तो अर्ज क़रेगें कि हम तो (चन्द ज़ाहिरी बातों के सिवा) कुछ नहीं जानते तू तो खुद बड़ा ग़ैब वॉ है	दिन Allah द्वारा उपासी और कहें, ‘आपके जवाब क्या है?’ वे कहें, ‘हमें कोई ज्ञान नहीं है। वास्तव में आप सभी को जानने के बारे में है.’
1511	& Search	ढूंढें (S) @ label Type of file	मुझे किसी को सुनाने के लिए, किसी को सुनाने के लिए, किसी को सुनाने के लिए, किसी को सुनाने के लिए, किसी को सुनाने के लिए, किसी को सुनाने के लिए, किसी को सुनाने के लिए, किसी को सुनाने के लिए, किसी को सुनाने के लिए, किसी को सुनाने के लिए, किसी को सुनाने के लिए, किसी को सुनाने के लिए, किसी को सुनाने के लिए, किसी को सुनाने के लिए, किसी को सुनाने के लिए, किसी को सुनाने के लिए, किसी को सुनाने के लिए, किसी को सुनाने के लिए, क
1512	Server Settings	सर्वर विन्यास	Server Settings
1513	And it has already come down to you in the Book that when you hear the verses of Allah [recited], they are denied [by them] and ridiculed; so do not sit with them until they enter into another conversation. Indeed, you would then be like them. Indeed Allah will gather the hypocrites and disbelievers in Hell all together -	वह 'किताब' में तुमपर यह हुक्म उतार चुका है कि जब तुम सुनो कि अल्लाह की आयतों का इनकार किया जा रहा है और उसका उपहास किया जा रहा है, तो जब तब वे किसी दूसरी बात में न लगा जाएँ, उनके साथ न बैठो, अन्यथा तुम भी उन्हीं के जैसे होगे; निश्चय ही अल्लाह कपटाचारियों और इनकार करनेवालों - सबको जहन्नम में एकत्र करनेवाला है	And it has already come down to you in the Book that when you hear the verses of Allah [recited], they are denied [by them] and ridiculed; so do not sit with them until they enter into another conversation. Indeed, you would then be like them. Indeed Allah will gather the hypocrites and disbelievers in Hell all together -
1514	Is it not that whenever they made a covenant, a part of them would cast it away? Rather, the majority of them do not have faith.	क्या यह एक निश्चित नीति है कि जब कि उन्होंने कोई वचन दिया तो उनके एक गिरोह ने उसे उठा फेंका? बल्कि उनमें अधिकतर ईमान ही नहीं रखते	क्या यह कभी एक सहयोग बनाने का कारण है, एक हिस्सा उन्हें छोड़ देता है, और अधिकांत में उन्हें सहयोग नहीं है।
1515	Custom	मनपसंद (u)	Custom
1516	Please do not use the elevators.	लिफ्ट का प्रयोग न करें	Please do not use elevators.
1517	You making me good money.	तुम मुझे अच्छा पैसा बना रही है।	मैं आपको कुछ पैसा देने में मदद करूँगा।
1518	I'M THE ONE WITH A FUCKING GUN HERE!	मैं यहाँ एक बंदूक के साथ एक हूँ!	मैं एक गुना के साथ एक गुना हूँ।
1519	...it's the difference between a tenth and a half second but in battle, that's a long time... Aim. Fire.	... यह एक दसवें और एक दूसरी छमाही के बीच का अंतर है लेकिन लड़ाई में, कि एक लंबे समय है...	क्या आप किसी विशेषता को अंतरा और छः के बीच दो से छः के से दो से छः के क्या है?
1520	That was because they were averse to what Allah had revealed; so He let their works go to waste.	यह इसलिए कि उन्होंने उस चीज़ को नापसन्द किया जिसे अल्लाह ने अवतरित किया, तो उसने उनके कर्म अकारथ कर दिए	क्या आपको किसी विशेष विशेषता के लिए इस पाठ को अनुवाद करना चाहिए?
1521	_Delivered	दिया गया (_D)	Delivered
1522	What's wrong with that cop?	कि पुलिस वाले के साथ क्या गलत है?	क्या क्या कोई है?
1523	Rotor	रोटर	Rotor
1524	When We provide comfort for the human being, he withdraws and distances himself; but when adversity befalls him, he starts lengthy prayers.	(वह अलग) और जब हम इन्सान पर एहसान करते हैं तो (हमारी तरफ से) मुँह फेर लेता है और मुँह बदलकर चल देता है और जब उसे तकलीफ़ पहुँचती है तो लम्बी चौड़ी दुआएँ करने लगता है	किसी व्यक्ता के लिए सहना है, वह अपने पास हो जाता है और दूर-दूरा अपने पास जाता है। लेकिन जब कठिन होता है, वह लंबी सुनने की कोशिश करता है।
1525	"The register function hasn't been found automatically in the following pretty printer files: %s You need to fill yourself the register function columns before enabling the rows. Most of the time the register function name contains the word ""register""."	फंक्शन पाया इंच अनुसरण कर रहा है फ़ाइल नहीं से. को भरें फंक्शन स्तम्भ पहले सक्रिय कर रहा है पंक्तियाँ का समय फंक्शन नाम रखता है शब्द.	क्या आप किसी विशेष प्रकार के कार्यों के लिए एक संशोधन कर सकते हैं?
1526	Leave it to me to prepare lunch.	खाना बनाना मुझपर छोड़ दो।	ले दे लंचे को मेरे लिए तैयार करें।
1527	Do they feel secure against God's devising? No one feels secure against God's devising except for those doomed to ruin.	आख़िर क्या वे अल्लाह की चाल से निश्चिन्त हो गए थे? तो (समझ लो उन्हें टोटे में पड़ना ही था, क्योंकि) अल्लाह की चाल से तो वही लोग निश्चित होते है, जो टोटे में पड़नेवाले होते है	क्या आप किसी व्यक्ति के साथ सुरक्षित होने के लिए God के द्वारा दृढ हैं? कोई किसी को दृढ होने के लिए God के द्वारा कोई है जो किसी को दृढ होने के लिए.
1528	Type	क़िस्म	Type
1529	He challenges people.	उन्होंने कहा कि लोगों को चुनौती दी.	He challenges people.
1530	I have done everything you said.	मैं सब कुछ किया है तुमने कहा था।	मैं आपके बोली
1531	- Bharti.	भारती।	Bharti.
1532	They said: If he steal, a brother of his did indeed steal before; but Yusuf kept it secret in his heart and did not disclose it to them. He said: You are in an evil condition and Allah knows best what you state.	(ग़रज़) इब्ने यामीन रोक लिए गए तो ये लोग कहने लगे अगर उसने चोरी की तो (कौन ताज्जुब है) इसके पहले इसका भाई (यूसुफ) चोरी कर चुका है तो यूसुफ ने (उसका कुछ जवाब न दिया) उसको अपने दिल में पोशीदा (छुपाये) रखा और उन पर ज़ाहिर न होने दिया मगर ये कह दिया कि तुम लोग बड़े ख़ाना ख़राब (बुरे आदमी) हो	वहों ने कहा: यदि वह चोर है, वह पहले उसके भाई को चोर कर रहे थे, लेकिन यूसू ने उसे अपने दिल में छिपा रहा था और उसे उन्हें बताने के लिए नहीं बताया। वह कहा: आप दोहरे में हैं और अलाह को सबसे अच्छा बताने के बारे में जानते हैं।
1533	A swordsman came.	एक तलवारबाज आया...	साहस्री एक साहस्री था।
1534	That's real great.	कि असली महान है.	That's real great.
1535	NTV PROFIT presents coproduction NTV PROFIT = Russia	एन टी वी लाभ प्रस्तुत करता है सहनिर्माण एन टी वी प्रॉफिट= रूस	NTV PROFIT presents coproduction NTV PROFIT = Russia
1536	Stung by the Supreme Court decision the Rural Development Minister, Jairam Ramesh, said that the practice of exceeding their powers by the court is dangerous.	सुप्रीम कोर्ट के एक फैसले से तिलमिलाए केंद्रीय ग्रामीण विकास मंत्री जयराम रमेश ने अदालतों के लक्ष्मण रेखा लांघने को खतरनाक चलन बताया है।	स्तुनग: जीराम रामेश, राजम रामेश ने सुपर्न कोर्ट के निरीक्षा के लिए, जीराम रामेश ने कहा कि कोर्ट के प्रासिद्धि से उनके प्रासिद्धि के साथी के साथी के साथी के साथी के साथी के साथी के साथी के साथी के साथी के साथी के साथी के साथी के साथी के साथी के साथी के साथी के साथी के साथी के साथी के साथी के साथी के साथी के साथी के साथी के साथी के साथी के साथी के साथी के साथी के साथी के साथी के साथी के साथी के साथी के साथी के साथी के साथ
1537	Image Burning Setup	छवि बर्निंग सेटअप	Image Burning Setup
1538	I got a lot to do before the family gets here.	मैं परिवार यहाँ हो जाता पहले करने के लिए एक बहुत कुछ मिला है.	मुझे कुछ करने के लिए बहुत समय है।
1539	Damn, niggah, a red hat!	अरे, niggah, एक लाल टोपी!	Damn, niggah, a red hat!
1540	Key	कुंजी	Key
1541	Better wait here.	बेहतर होगा कि यहीं इंतज़ार करो।	Better wait here.
1542	1st to 10th	1ला से 10वां	1st to 10th
1543	A few good nights' rest will do it.	कुछ अच्छा रात 'बाकी क्या करेंगे.	कुछ अच्छे रात्रि के दिन के लिए, कुछ अच्छे रात्रि के दिन के लिए,
1544	Daddy don't get scared.	पिताजी डरो मत।	दादर न देखें.
1545	Czech (cs)	चेक (सीएस)	Czech (cs)
1546	Engage drop, Mr. Choi.	बूंद व्यस्त हैं, श्री चोई.	Engage drop, Mr. Choi.
1547	Your mother too will soon turn 70.	तुम्हारी माँ भी, जल्द ही हो जाएगी.	माँ को 70 वर्ष में आना है।
1548	Show Contacts	संपर्क	मुख्य: क्या आप किसी विशेषता के लिए संपर्क करने के लिए किसी विशेषता के लिए संपर्क कर सकते हैं?
1549	Accessible Color Scheme	आसान- पहुँच रंग योजना	Accessible Color Scheme
1550	- Nothing can happen to us here, can it?	क्यों? - हमें यहाँ कुछ भी नहीं हो सकता है, क्या हो सकता है?	कोई कुछ नहीं हो सकता है, क्योंकि?
1551	Pakistan: Women and the workplace · Global Voices	पाकिस्तानः कार्यस्थल और महिलायें	पाकिसान: महिलाओं और कार्यालय · ग्लोबल विचस
1552	Warp	लपेटें	Warp
1553	And you're not gonna apologize, are you?	और तुम्हारा माफी मांगने का इरादा नहीं है?	अर्थ: क्या आप किसी को बधाई देना चाहते हैं?
1554	Okay, let's just track this thing.	ठीक है, तो बस इस बात पर नज़र रखने चलो.	मैं आपके लिए एक स्पष्ट, सुरक्षित और सही होने वाला हूँ।
1555	a recompense for all that they did.	ये बदला है उनके (नेक) आमाल का	क्या आप मुझसे किसी विशेष प्रकार के कंप्यूटर के लिए कुछ सुझाव देना चाहते हैं?
1556	Now who is exaggerating?	अब जो अतिशयोक्ति है?	क्या आप इस प्रश्न को अंग्रेजी से हिंदी में से प्रिय हैं?
1557	Olympus has fallen.	ओलिंप गिर गया है.	Olympus has fallen.
1558	No, otherwise I wouldn't be here.	नहीं, नहीं तो मैं यहाँ नहीं होता.	No, otherwise I wouldn't be here.
1559	Personal Information	निजी सूचना	Personal Information
1560	Lest you should say, ‘The Book was sent down only to two communities before us, and we were indeed unaware of their studies,’	"कि कहीं ऐसा न हो कि तुम कहने लगो, ""किताब तो केवल हमसे पहले के दो गिरोहों पर उतारी गई थी और हमें तो उनके पढ़ने-पढ़ाने की ख़बर तक न थी।"""	लेकिन, ‘लेकिन, ‘लेकिन, ‘लेकिन, ‘लेकिन, ‘लेकिन, ‘लेकिन, ‘लेकिन, ‘लेकिन, ‘लेकिन, ‘लेकिन, ‘लेकिन, ‘लेकिन, ‘लेकिन, ‘लेकिन, ‘लेकिन, ‘लेकिन, ‘लेकिन, ‘लेकिन, ‘लेकिन, ‘लेकिन, ‘लेकिन, ‘लेकिन, ‘लेकिन, ‘लेकिन, ‘लेकिन, ‘लेकिन, ‘लेकिन, ‘लेकिन, ‘लेकिन, ‘लेकिन, ‘लेकिन, ‘लेकिन, ‘लेकिन, ‘लेकिन, ‘लेकिन, ‘लेकिन, ‘लेकिन, ‘लेकिन, ‘लेकिन, ‘लेकिन, ‘लेकिन, ‘लेकिन, ‘लेकिन, ‘लेकिन, ‘लेकिन, ‘लेकिन, ‘लेकिन, ‘लेकिन, ‘लेकिन, ‘लेकिन, ‘ल
1561	Nothing prevented the people from believing, when guidance has come to them, except that they said, “Did God send a human messenger?”	"लोगों को जबकि उनके पास मार्गदर्शन आया तो उनको ईमान लाने से केवल यही चीज़ रुकावट बनी कि वे कहने लगे, ""क्या अल्लाह ने एक मनुष्य को रसूल बनाकर भेज दिया?"""	अर्थ: कोई भी लोगों को समझने के लिए, जब सेवा में आया है, वही ही कहा कि, “मानव के मार्गदार ही हैं।
1562	There was a strong wind that day.	उस दिन हवा बहुत तेज़ थी।	अर्थ: किसी भी वायु का शक्ती था।
1563	If the boy and the girl are both in agreement then I'm in agreement, too	अगर लड़का और लड़की दोनों राजी हों तो... ...तो मेरी भी रजामंदी है	If the boy and the girl are both in agreement then I'm in agreement too
1564	(Carly) It works.	- काम कर रहा है.	कर्ली (कर्ली) कर्ली (कर्ली)
1565	You are not always here and sometimes I'm so depressed	तुम हमेशा यहाँ नहीं रहते और कभी कभी मैं बहुत उदास हो जाती हूं.	मुझे कभी कभी ही मुझे सुखद नहीं है।
1566	Khan's blog post has created quite a bit of reaction from the bloggers.	आमिर के इस चिट्ठे में चिट्ठाकारों की प्रतिक्रियाओं की बौछारें लग गईं.	के के लेख का पोस्ट बहुत कुछ प्रकार के प्रत्यास का उत्पाद है।
1567	"Has he invented about Allah a lie or is there in him madness?"" Rather, they who do not believe in the Hereafter will be in the punishment and [are in] extreme error."	क्या उसने अल्लाह पर झूठ घड़कर थोपा है, या उसे कुछ उन्माद है? नहीं, बल्कि जो लोग आख़िरत पर ईमान नहीं रखते वे यातना और परले दरजे की गुमराही में हैं	क्या आप किसी विशेषता के लिए संस्कृत को सूचित करना चाहते हैं?
1568	Either python path is wrong or python-rope (http://rope.sf.net) libraries aren't installed. Both are required for autocompletion in python files. Please install them and check the python path in the preferences.	python है या pythonhttp://rope.sf.net दोनों जरूरी के लिए इंच python फ़ाइल अधिष्ठापित करें और python इंच पसंद.	Python path is wrong or python-rope (http://rope.sfnet) libraries aren't installed. Both are required for autocompletion in python files. Please install them and check the python path in the preferences.
1569	( Moaning )	(कराह रही)	मोहन (Moaning)
1570	So glad that the 2019 Pan American Games will be held in Lima!	बहुत खुश हूँ कि 2019 के पैन अमेरिकी खेल लीमा में होगें।	सही प्रिय, 2019 पांडा अमेरिकी गेम्स ली हों।
1571	It is He Who has made for you the stars that you may follow the right direction in the darkness of the land and the sea. We have indeed spelled out signs for the people who have knowledge.	और वह वही (ख़ुदा) है जिसने तुम्हारे (नफे के) वास्ते सितारे पैदा किए ताकि तुम जॅगलों और दरियाओं की तारिक़ियों (अंधेरों) में उनसे राह मालूम करो जो लोग वाक़िफकार हैं उनके लिए हमने (अपनी क़ुदरत की) निशानियाँ ख़ूब तफ़सील से बयान कर दी हैं	मुझे किसी के लिए सूर्यों को दिशा में ले जाने के लिए तैयार किया है। हमने सूर्यों के लिए संदेश तैयार किया है।
1572	This is 21.	यह 21.	This is 21.
1573	- No, I know you don't, Jane.	- नहीं, मैं तुम्हें नहीं पता, जेन.	No, I know you don't, Jane.
1574	I'm sorry I ever thought you--	मैं मैं कभी तुमने सोचा माफी चाहता हूँ.	मैं खेदा हूँ कि मैं कभी आपके साथ सोच रहा हूँ
1575	- No, let's hit it head-on!	नहीं, के सिर पर मारा!	- No, let's hit it head-on!
1576	So off they went, whispering to one another:	ग़रज़ वह लोग चले और आपस में चुपके चुपके कहते जाते थे	"सो फिर वे ने कहा, ""वे एक साथ में बोल रहे हैं।"
1577	Delete	मिटाएँ	"Cutting Knowledge Date: December 2023
Today Date: 13 May 2026"
1578	Say, “It is He Who has spread you out in the earth, and towards Him you will be raised.”	कह दो कि वही तो है जिसने तुमको ज़मीन में फैला दिया और उसी के सामने जमा किए जाओगे	"सही होने के लिए, ""यही किसी को द्वारा मिला है, और उसे आपका ऊपर उठाया जाएगा।"""
1579	KFormula	के- फॉर्मूला	Formula
1580	No. Urn...	सं कलश...	No. Urn...
1581	"Really delete folder ""{0}"" and all of its subfolders?"	"फ़ोल्डर ""{0}"" और इसके सभी उपफोल्डरों को वास्तव में विलोपित करना चाहते हैं?"	क्या आप किसी विशेषता को स्पष्ट करें?
1582	Details	विवरण	Details
1583	That was twice and I was out of line.	वह दो बार गया था और मैं रेखा के बाहर था.	मुझे दो और मैंने एक लाइन में है।
1584	"The fools among the people will say, 'What has turned them from the direction they were facing in their prayers aforetime?' Say: ""To God belong the East and the West; He guides whomsoever He will to a straight path.'"	"मूर्ख लोग अब कहेंगे, ""उन्हें उनके उस क़िबले (उपासना-दिशा) से, जिस पर वे थे किस ची़ज़ ने फेर दिया?"" कहो, ""पूरब और पश्चिम अल्लाह ही के है, वह जिसे चाहता है सीधा मार्ग दिखाता है।"""	फिलिस के लोगों के लोगों को कह सकते हैं कि 'उन्हें पहले से कैसे से उनकी ओर से चल रहे थे, उनके प्रारंभ में?' कहें, 'देवा के लिए East और पश्चतक के लिए He द्वारा किसे को दिया जाएगा?'
1585	As for those who work against Our Signs so as to frustrate them, they shall be arraigned into the chastisement.	और जो लोग हमारी आयतों (की तोड़) में मुक़ाबले की नीयत से दौड़ द्दूप करते हैं वही लोग (जहन्नुम के) अज़ाब में झोक दिए जाएॅगे	से किस व्यक्ति के विरोध के लिए, जो अपने विरोध को प्रतिस्पर्ण कराने के लिए, उन्हें चाशनीत में डाला जाएगा।
1586	Now, I'll notify Cameron.	अब, मैं कैमरून को सूचित करेंगे.	मैं आपको काम के लिए संदेश देता हूँ.
1587	From Syria, Mustafa Hamido explains what Ramadhan means for him.	सीरिया से मुस्तफा हमीदो स्पष्ट कर रहे हैं कि उनके लिए रमजान का क्या महत्व है.	से से से, मुस्तफा हामिदा रामधन माने रामधन माने.
1588	How was the bride?	दुल्हन कैसी थी?	क्या तुम्हारा पतन?
1589	"""who's got, like, bomb moves, right?"	"मैं ""कौन सही है, जैसे, बम चाल मिल गया है?"	कौन सा है जैसा, बम चलाता है, सही?
1590	I'm gonna start looking at him. Will you give us a second, please, Ryan?	रायन ?	मैं अपने साथ देखने के लिए तैयार हूँ. क्या आप मुझे दोहरे के लिए एक दूसरे दे सकते हैं?
1591	You're not getting away with it, understand?	तुम इसे लेकर बच नहीं सकते हो, समझ में आया?	आपके लिए कोई छिपाने का कारण नहीं है, समझें।
1592	Cannot create MAPI source in offline mode	ऑफलाइन मोड में MAPI स्रोत नहीं बना सकता है	Can you create a MAPI source in offline mode?
1593	I mean, suddenly, I just got some more school spirit.	मेरा मतलब है, अचानक, मैं बस कुछ अधिक स्कूल की भावना मिल गया.	मुझे क्या कहना, तुरी, मुझे कुछ और स्कूल का सपना है।
1594	Just that one moment and then eternal peace.	और मैंने जर्मन भूमि को यहूदी जहर से शुद्ध किया.	सबकलमें में एक सिरका और तीन पूर्वी शांति.
1595	Beer, I guess.	बीयर, मुझे लगता है.	बहुत सुनने के लिए, मुझे लगता है कि यह एक सुनने के लिए है।
1596	Location:	स्थानः	Location:
1597	- Ready, Petra?	- 60 सेकंड!	Ready, Petra?
1598	If you do vomiting sensation will go.	अगर आप कर दो,तो उल्टी आना बंद हो जाएगी.	If you do vomiting sensation will go.
1599	Pharaoh said, ‘Do you profess faith in Him before I may permit you? It is indeed a plot you have devised in the city to expel its people from it. Soon you will know [the consequences]!	फिरऔन ने कहा (हाए) तुम लोग मेरी इजाज़त के क़ब्ल (पहले) उस पर ईमान ले आए ये ज़रूर तुम लोगों की मक्कारी है जो तुम लोगों ने उस शहर में फैला रखी है ताकि उसके बाशिन्दों को यहाँ से निकाल कर बाहर करो पस तुम्हें अन क़रीब ही उस शरारत का मज़ा मालूम हो जाएगा	प्रारंभा ने कहा, ‘तुम्हारे प्रतीक्षा में प्राणा है? तुम्हें मुझे किसी भी कार्रवाई को पूरा करने के लिए मुझे कोई संदेश दे सकता है। यह एक कार्रवाई है जो शहर में लोगों को छोड़ने के लिए है। तुम्हें जल्दी मुझे किसी कार्रवाई को पूरा करने के लिए मुझे कोई संदेश दे सकता है।
1600	They will hear no nonsense there or talk of sin,	वहाँ न तो बेहूदा बात सुनेंगे और न गुनाह की बात	किसी को किसी को सुनने की कोई बात नहीं होगी और किसी को दोषी की बात होगी।
1601	and when Allah's servant stood up to call on Him, they well-nigh swarmed him.	और ये कि जब उसका बन्दा (मोहम्मद) उसकी इबादत को खड़ा होता है तो लोग उसके गिर्द हुजूम करके गिर पड़ते हैं	अर्थ: जब अलाहान के सेवा को प्रारंभ कर रहे थे, उन्हें अच्छी तरह से मिला था।
1602	Balbir Singh from the Registrar Office (East) has fled from the scene.	रजिस्ट्रार दफ्तर (पूर्वी) का बलबीर सिंह मौके से फरार हो गया है।	Balbir Singh from the Registrar Office (East) has fled from the scene.
1603	without [adding], ‘God willing.’ And when you forget, remember your Lord, and say, ‘Maybe my Lord will guide me to [something] more akin to rectitude than this.’	मगर इन्शा अल्लाह कह कर और अगर (इन्शा अल्लाह कहना) भूल जाओ तो (जब याद आए) अपने परवरदिगार को याद कर लो (इन्शा अल्लाह कह लो) और कहो कि उम्मीद है कि मेरा परवरदिगार मुझे ऐसी बात की हिदायत फरमाए जो रहनुमाई में उससे भी ज्यादा क़रीब हो	अर्थ: ‘अर्थ’
1604	Your names	रविशंकर श्रीवास्तव, जी. करूणाकरEMAIL OF TRANSLATORS	अपने नाम
1605	And are you, Frau Braun, of pure Aryan descent?	और क्या तुम, फ्रॉ ब्रौन, शुद्ध आर्य वंश के हो?	Andar, ar, ar, ar, ar.
1606	- Albert Weinselstein.	- अल्बर्ट Weinselstein.	Albert Weinselstein.
1607	attachment.dat	संलग्नक	The text is accurate, fluent, and faithful to the original meaning.
1608	Why?	क्यों?	Why?
1609	Found the appointment in the calendar '%s'	'%s' पंचांग में मुलाकात मिली.	कार्यकार्य के लिए प्राप्ति
1610	You're right on top of it.	आप यह की चोटी पर सही हैं.	आपके पास एक है
1611	But I couldn't even touch her.	लेकिन मैं उसे छू तक नहीं पाया.	मुझे किसी को छूने की कोशिश नहीं कर सकता।
1612	They say: Why hath no portent been sent down upon him from his Lord? Say: Lo! Allah is Able to send down a portent. But most of them know not.	"वे यह भी कहते है, ""उस (नबी) पर उसके रब की ओर से कोई निशानी क्यों नहीं उतारी गई?"" कह दो, ""अल्लाह को तो इसकी सामर्थ्य प्राप्त है कि कोई निशानी उतार दे; परन्तु उनमें से अधिकतर लोग नहीं जानते।"""	कोई कहता है कि कोई भी ने उनसे कोई भी प्रतीत्यात नहीं मिला है। कहता है कि अलाह अब कुछ प्रतीत्यात है। लेकिन अधिकांकले उनसे कुछ भी नहीं जानते हैं।
1613	You have a prescription?	आप एक नुस्खा है?	आपके लिए एक दवा है।
1614	Now, these pirate recordings do not only feature the lovable alien, there's also a rather bizarre intermission featuring a conventionally pretty young lady.	अब ये पायरेटेड रेकोर्डिंग केवल प्यारे एलियन्स को ही नहीं फिल्माते... बल्कि वहाँ एक विचित्र मध्यांतर में... एक पारंपरिक सुंदर युवा लड़की को दिखाते हैं।	पूर्वकालिक: अब, ये पैरवाही रिकॉर्ड्स दो बिल्लू अलीन, तो दो बिल्ली इंडिया के एक सुंदर लड़की का एक अन्य साहितिक प्रेरण है।
1615	Vietnamese	विएतनामी	ભરણ
1616	If I unite you with your sweetheart, all my sins would vanish into thin air.	अगर मैं तुम्हे तुम्हारी प्रियतम से मिला सकू, तो मेरे सारे पाप इस हवा में उड जायेंगे.	If I unite you with your sweetheart, all my sins would vanish into thin air.
1617	And Ishmael, and Enoch, and Ezekiel; each was one of the steadfast.	और (ऐ रसूल) इसमाईल और इदरीस और जुलकिफ्ल (के वाक़यात से याद करो) ये सब साबिर बन्दे थे	अनुस्त: अहिंमल, और ईन्कल, और ईकेल; कुलस्ते एक स्थिरता के लिए थे।
1618	Nigh unto which is the Garden of Abode.	उसी के पास तो रहने की बेहिश्त है	निर्माण के लिए, जो किसी के लिए एक सांस्कृतिक क्षेत है।
1619	Of what do they question one another?	किस चीज़ के विषय में वे आपस में पूछ-गच्छ कर रहे है?	क्या आप कुछ और प्रश्न पूछ रहे हैं?
1620	I don't know what you are, or where you're from, but I'd like to tell you about something I read.	जैक: मैं तुम्हें क्या कर रहे हैं पता नहीं है, या आप कहाँ से हैं, लेकिन मैं तुम्हें मैं पढ़ने के बारे में कुछ बताना चाहूँगा.	मुझे कोई नहीं बताना चाहिए, और मुझे बताना चाहिए, लेकिन मैं इसे बताने के लिए तुम्हें बताना चाहूं।
1621	This message is not available in offline mode.	ऑफ़लाइन मोड में यह संदेश उपलब्ध नहीं है.	This message is not available in offline mode.
1622	They're on the northern outskirts between Frohnau and Pankow.	वे जौसेन को दक्षिण की ओर ले गये है और स्टांसडॉर्फ की ओर बढ़ रहे हैं.	कुतारा के पास उत्तरी क्षेत्र में फ्रोहना और पंकवा के बीच है।
1623	She was a good mother to you, wasn't she?	वह एक अच्छी माँ थी न?	मुझे किसी को मिलाने के लिए आपके साथ कोई साथी है।
1624	India: The Advent of Citizen-Driven Election Monitoring · Global Voices	आम चुनावों में लगी जनता की पैनी नज़र	India: The Advent of Citizen-Driven Election Monitoring · Global Voices
1625	FOUR SPIRITS OF THE RIVER	Constellation name (optional)	Four spirits of the river
1626	CalDAV	CalDAV	CalDAV
1627	I will get Nathan out.	मैं नाथन बाहर निकलना होगा.	मैं नतान को निकालूं।
1628	I'm asking... man:	मैं पूछ रही हूं- - पुरुष:	मैंने कहा है
1629	The months for Hajj are well known to all; whoever makes up his mind to perform Hajj during these fixed months, let him totally abstain from all sorts of sexual indulgence, wickedness and wrangling during the Hajj and remember that Allah knows whatever good you do. Take necessary provisions for Hajj, and piety is the best of all provisions: so refrain from disobeying Me, O men of understanding!	हज के महीने जाने-पहचाने और निश्चित हैं, तो जो इनमें हज करने का निश्चय करे, को हज में न तो काम-वासना की बातें हो सकती है और न अवज्ञा और न लड़ाई-झगड़े की कोई बात। और जो भलाई के काम भी तुम करोंगे अल्लाह उसे जानता होगा। और (ईश-भय) पाथेय ले लो, क्योंकि सबसे उत्तम पाथेय ईश-भय है। और ऐ बुद्धि और समझवालो! मेरा डर रखो	The months for Hajj are well known to all; whoever makes up his mind to perform Hajj during these fixed months, let him totally abstain from all sorts of sexual indulgence, wickedness and wrangling during the Hajj and remember that Allah knows whatever good you do. Take necessary provisions for Hajj, and piety is the best of all provisions: so refrain from disobeying Me, O men of understanding!
1630	So I suppose my tears were more for the sadness that there's so much to overcome.	इसलिए मुझे लगता है कि मेरे आंसू दुख की वजह से आए थे कि कितना सब कुछ सहना पड़ता है.	मुझे लगता है कि मैंने अपने दुख को अधिक सांसकारी है क्योंकि वह इतनी बड़ी है कि वह अपने संघर्ष को संभाला देने के लिए।
1631	O you who believe, if you confer with the Prophet in private, give alms in the name of God before you go to confer. This is better for you and becoming. If you do not have the means, then surely God is forgiving and kind.	ऐ ईमानदारों जब पैग़म्बर से कोई बात कान में कहनी चाहो तो कुछ ख़ैरात अपनी सरगोशी से पहले दे दिया करो यही तुम्हारे वास्ते बेहतर और पाकीज़ा बात है पस अगर तुमको इसका मुक़दूर न हो तो बेशक ख़ुदा बड़ा बख्शने वाला मेहरबान है	क्या आप प्रवर्त के साथ प्रवर्त के साथ सामुदय में स्वामार्थ, प्रवर्त के साथ सामुदय में स्वामार्थ, यदि आप प्रवर्त के साथ सामुदय में स्वामार्थ कर रहे हैं? यदि आप प्रवर्त के साथ सामुदय में स्वामार्थ कर रहे हैं?
1632	Thanks.	तुम सही हो.	Thanks.
1633	Whether to show the address column in the history window.	क्या इतिहास विंडो में पता स्तंभ को दिखायें	क्या आप किसी विशेषता को दिखाने के लिए स्थान को स्थानिक प्रिंट में दिखाने के लिए?
1634	"And they will say, ""Praise to Allah, who has fulfilled for us His promise and made us inherit the earth [so] we may settle in Paradise wherever we will. And excellent is the reward of [righteous] workers."""	"और वे कहेंगे, ""प्रशंसा अल्लाह के लिए, जिसने हमारे साथ अपना वादा सच कर दिखाया, और हमें इस भूमि का वारिस बनाया कि हम जन्नत में जहाँ चाहें वहाँ रहें-बसे।"" अतः क्या ही अच्छा प्रतिदान है कर्म करनेवालों का!-"	"अनुसार, और वे कहते हैं, ""अलाह, जिसका प्रियोगी और हमें धर्म के लिए प्राप्ति के लिए, हमें धर्म के स्थान पर स्थान में स्थान में स्थान में स्थान में स्थान में स्थान में स्थान में स्थान में स्थान में स्थान में स्थान में स्थान में स्थान में स्थान में स्थान में स्थान में स्थान में स्थान में स्थान में स्थान में स्थान में स्थान में स्थान में स्थान में स्थान में स्थान में स्थान में स्थान में स्थान में स्थान में स्थान में स्थान में स्थान में स्थान में स्थान में स्थान में स्थान में स्थान में स्थान में स्थान में स्थ"
1635	Have the (pagans) not seen that We have made the holy precinct a safe place while all the people around are suffering terror. Do they believe in falsehood and disbelieve in God's bounties?	क्या उन्होंने देखा नही कि हमने एक शान्तिमय हरम बनाया, हालाँकि उनके आसपास से लोग उचक लिए जाते है, तो क्या फिर भी वे असत्य पर ईमान रखते है और अल्लाह की अनुकम्पा के प्रति कृतघ्नता दिखलाते है?	पागनों के लोगों को यह नहीं देखा कि हमने ही पवित्र स्थान को सुरक्षित स्थान बनाया है। सभी लोगों के आसन में से संघर्ष हो रहा है। क्या वे ईश्वर के बारे में सोच रहे हैं?
1636	Cannot rename MAPI folder '%s' to '%s'	MAPI फ़ोल्डर `%s' का नाम `%s' में नहीं बदल सकता है	मपी के फोर्ट के लिए %s के स्थान को %s में स्थान करें।
1637	I mean, I could probably move a few clients around, make some space.	क्लाइंट्स को संभाल सकता हूं.	मुझे बताना चाहिए, मैं कुछ कंपनियों को कुछ जगह के लिए कुछ जगह के साथी
1638	No. Sustained post hypnotic suggestion is more difficult.	सं पोस्ट कृत्रिम निद्रावस्था सुझाव और अधिक कठिन है निरंतर.	No. Sustained post hypnotic suggestion is more difficult.
1639	Yeah, Doug. His wallet and his room key is in there.	अपने घर और चारों ओर देखिए देखना अगर हमारे दोस्त के लिए कोई सुराग है?	डोग, आपके पैसा और अपने कमर का पैसा वहां है।
1640	And of His signs are your sleep by night and day, and your pursuit of His bounty. In this are signs for people who listen.	और रात और दिन को तुम्हारा सोना और उसके फज़ल व करम (रोज़ी) की तलाश करना भी उसकी (क़ुदरत की) निशानियों से है बेशक जो लोग सुनते हैं उनके लिए इसमें (क़ुदरते ख़ुदा की) बहुत सी निशानियाँ हैं	अर्थ: जो कि उसके प्रतीक हैं और उसके संकल्प हैं, और उसके संकल्प के लिए उसके सुख का प्रयास है। इस में लोगों के सुनने के प्रतीक हैं।
1641	Must be hard being between children's and grown-up sizes, eh? Well, it was a pleasure meeting you, Sam.	जो रोज इसके साथ सोता है।	मुझे कुछ पुराना होगा, क्योंकि बच्चे और बड़े होने के लिए, साम.
1642	What are you gonna do with the fucking painting? !	आप कमबख्त चित्रकला के साथ क्या करोगे?	What are you gonna do with the painting?
1643	Right	दायाँ	Right
1644	Active plugins	प्लगिन सक्रिय	Active plugins
1645	_Use custom command to connect to server	सर्वर से जुड़ने के लिए कस्टम कमांड का प्रयोग करें (_U)	Custom command to connect to server
1646	Jacob do to your side agreed with the deal?	याकूब ने अपने पक्ष करने के लिए सहमत सौदा के साथ?	क्या आप मुझसे सहयोग कर रहे हैं?
1647	By Allah, We indeed sent (Messengers) to the nations before you (O Muhammad SAW), but Shaitan (Satan) made their deeds fair-seeming to them. So he (Satan) is their Wali (helper) today (i.e. in this world), and theirs will be a painful torment.	(ऐ रसूल) ख़ुदा की (अपनी) कसम तुमसे पहले उम्मतों के पास बहुतेरे पैग़म्बर भेजे तो शैतान ने उनकी कारस्तानियों को उम्दा कर दिखाया तो वही (शैतान) आज भी उन लोगों का सरपरस्त बना हुआ है हालॉकि उनके वास्ते दर्दनाक अज़ाब है	बहुत साहम, हमें (मेसगेर) द्वारा (मुहमद) द्वारा (सातन) द्वारा (सातन) द्वारा (सातन) द्वारा (सातन) द्वारा (सातन) द्वारा (सातन) द्वारा (सातन) द्वारा (सातन) द्वारा (सातन) द्वारा (सातन) द्वारा (सातन) द्वारा (सातन) द्वारा (सातन) द्वारा (सातन) द्वारा (सातन) द्वारा (सातन) द्वारा (सातन) द्वारा (सातन) द्वारा (सातन) द्वारा (सातन) द्वारा (सातन) द्वारा (सातन) द्वारा (सातन) द्वारा (सातन) द्वारा (सातन) द्वारा (स
1648	The image...	छवि...	मुख्य: कोई व्यक्ति के पास एक सुंदर प्रतीक है।
1649	Your life is now fulfilled.	अपने जीवन अब पूरी हो जाती है।	आपकी जीवन की जीवन की जीवन की जीवन की जीवन की जीवन की जीवन की जीवन की जीवन की जीवन की जीवन की जीवन की जीवन की जीवन की जीवन की जीवन की जीवन की जीवन की जीवन की जीवन की जीवन की जीवन की जीवन की जीवन की जीवन की जीवन की जीवन की जीवन की जीवन की जीवन की जीवन की जीवन की जीवन की जीवन की जीवन की जीवन की जीवन की जीवन की जीवन की जीवन की जीवन की जीवन की जीवन की जीवन की जीवन की जीवन की जीवन की जीवन की जीवन की जीवन की जीवन की जीवन की जीवन की जीवन की जीवन की जीवन की जीवन की जीवन की जीवन की जीवन की जीवन की जीवन की जीवन की ज
1650	One or two days at most.	सरकार जिले भी?	One or two days at most.
1651	Somewhere... perhaps.	कहीं... शायद.	मैं आपके संपर्क करें
1652	If we could just talk...	अगर हम बात कर सकें--	If we could just talk...
1653	Know that Allah is severe in punishment, but that Allah (also) is Forgiving, Merciful.	जान लो अल्लाह कठोर दड देनेवाला है और यह कि अल्लाह बड़ा क्षमाशील, दयावान है	अर्थ: कृशनी के लिए, कृशनी के लिए, कृशनी के लिए, कृशनी के लिए, कृशनी के लिए, कृशनी के लिए, कृशनी के लिए, कृशनी के लिए, कृशनी के लिए, कृशनी के लिए, कृशनी के लिए, कृशनी के लिए, कृशनी के लिए, कृशनी के लिए, कृशनी के लिए, कृशनी के लिए, कृशनी के लिए, कृशनी के लिए, कृशनी के लिए, कृशनी के लिए, कृशनी के लिए, कृशनी के लिए, कृशनी के लिए, कृशनी के लिए, कृशनी के लिए, कृ
1654	Swearing by Allah their strongest oaths they claimed that if a warner came to them they would be better-guided than any other people. But when a warner did come to them, his coming only increased their aversion (to the Truth).	और ये लोग तो खुदा की बड़ी-बड़ी सख्त क़समें खा (कर कहते) थे कि बेशक अगर उनके पास कोई डराने वाला (पैग़म्बर) आएगा तो वह ज़रूर हर एक उम्मत से ज्यादा रूबसह होंगे फिर जब उनके पास डराने वाला (रसूल) आ पहुँचा तो (उन लोगों को) रूए ज़मीन में सरकशी और बुरी-बुरी तद्बीरें करने की वजह से	स्वार्गण के द्वारा अलाहम के सबसे मजबूर वादा है कि वे किसी भी अन्य लोगों के साथ बेहतर सिद्धकारी हों। लेकिन जब एक वादा आया तो उसका आया कोई भी अन्य लोगों के साथ बेहतर सिद्धकारी होने की संभावना है।
1655	It's open here.	यह खुला है.	It's open here.
1656	Move up the ladder.	सीढ़ी ऊपर ले जाएँ.	Up the ladder.
1657	Show offline contacts	ऑफलाइन संपर्क दिखाएँ	क्या आप किसी विशेष कार्यों के लिए किसी विशेष कार्यों के लिए किसी विशेष कार्यों के लिए किसी विशेष कार्यों के लिए क्या है?
1658	A twelve year old girl will be so freaking terrified to utter a sound. Arrrgh…	एक बारह साल की बच्ची तो इतना सहम जायेगी कि उसके मुंह से आवाज़ क्या निकलेगी।	A twelve-year old girl will be so freaking terrified to utter a sound. Arrrgh…
1659	This really is Patton's gun, isn't it?	यह वास्तव में यह पैटन की बंदूक है, है न?	पाटन की गन का उपयोग है, नहीं?
1660	Ex-wife, Leroy!	पूर्व पत्नी, लेरॉय!	Ex-wife, Leroy!
1661	It is not their meat or blood that reaches God: It is the fealty of your heart that reaches him. That is why He has subjugated them to you that you may glorify God for having shown you the way. So give glad tidings to those who are doers of good.	खुदा तक न तो हरगिज़ उनके गोश्त ही पहुँचेगे और न खून मगर (हाँ) उस तक तुम्हारी परहेज़गारी अलबत्ता पहुँचेगी ख़ुदा ने जानवरों को (इसलिए) यूँ तुम्हारे क़ाबू में कर दिया है ताकि जिस तरह खुदा ने तुम्हें बनाया है उसी तरह उसकी बड़ाई करो	क्या आप किसी विशेषता के लिए किसी व्यक्ति को प्रिय हैं? क्या आप किसी व्यक्ति के लिए किसी विशेषता के लिए प्रिय हैं?
1662	The true religion with Allah is Islam. The People of the Book adopted many different ways rather than follow the true way of Islam even after the knowledge of truth had reached them, and this merely to commit excesses against one another. Let him who refuses to follow the ordinances and directives of Allah know that Allah is swift in His reckoning.	दीन (धर्म) तो अल्लाह की स्पष्ट में इस्लाम ही है। जिन्हें किताब दी गई थी, उन्होंने तो इसमें इसके पश्चात विभेद किया कि ज्ञान उनके पास आ चुका था। ऐसा उन्होंने परस्पर दुराग्रह के कारण किया। जो अल्लाह की आयतों का इनकार करेगा तो अल्लाह भी जल्द हिसाब लेनेवाला है	मुस्लिम का सच्चा ईशान है। ईशान के लोग ईशान में कई अलग-अलग तरीके अपने लिए, और ईशान के लिए ईशान के लिए एक एक से अधिक के लिए, और एक एक से अधिक के लिए एक एक से अधिक के लिए एक एक से अधिक के लिए एक एक से अधिक के लिए एक एक से अधिक के लिए एक एक से अधिक के लिए एक एक से अधिक के लिए एक एक से अधिक के लिए एक एक से अधिक के लिए एक एक से अधिक के लिए एक एक से अधिक के लिए एक एक से अधिक के लिए एक एक से अधिक के लिए एक
1663	Harley, I already feel so bad though, about what we're doing.	हार्ले, मैं पहले से ही हम क्या कर रहे हैं के बारे में है, हालांकि बहुत बुरा लगता है.	हारी के लिए, मुझे बहुत बुरा महसूस है, क्या हमें कुछ करना है?
1664	Failed to connect to SMTP server %s in secure mode: %s	सुरक्षित मोड़ में %s SMTP सर्वर से जुड़ने में असफल: %s	Failed to connect to SMTP server %s in secure mode: %s
1665	Earlier this evening online server trackers noted the NSA's website had been down for at least six hours, and the site continues to be inaccessible for some users.	शाम को ऑनलाइन सर्वर ट्रैकर्स ने पाया था कि एन.एस.ए. की वेबसाइट कम से कम छह घंटों के लिए बंद थी, तथा कुछ उपयोगकर्ताओं के लिए साइट अभी भी पहुंच में नहीं है।	किसी भी व्यक्ति के लिए, यह संदेश द्वारा किसी भी व्यक्ता के लिए, किसी भी व्यक्ता के लिए, किसी भी व्यक्ता के लिए, किसी भी व्यक्ता के लिए, किसी भी व्यक्ता के लिए, किसी भी व्यक्ता के लिए, किसी भी व्यक्ता के लिए, किसी भी व्यक्ता के लिए, किसी भी व्यक्ता के लिए, किसी भी व्यक्ता के लिए, किसी भी व्यक्ता के लिए, किसी भी व्यक्ता के लिए, किसी भी व्यक्ता के लिए, किसी भी व्यक्ता के लिए, किसी भी व्यक्ता के लिए, किसी भी व्यक्ता के लिए, किसी भी व्यक्ता क
1666	Did you hear somebody?	आप किसी को सुना है?	Did you hear somebody?
1667	I didn't even know about Ellen's money until I found that letter!	इसके अलावा, इस अपने कमबख्त योजना है	मैंने हेलेन के पैसे को कभी नहीं जाने के बाद, मैंने उस पत्र को पाया।
1668	Your emails	raviratlami@ aol. in	क्या आप मुझसे अपने ईमेल को मुझसे सुनाने के लिए मुझसे मदद कर सकते हैं?
1669	- This pool of slave labour you've got, you can underbid any contractor in town?	- तुम्हारे पास दासों का समूह है, तुम शहर के किसी भी ठेकेदार से कम बोली लगा सकते हो.	पुलिस के लिए किसी से काम लेने का पूल आपके है। आप किसी कार्टर के लिए काम लेने के लिए किसी के हैं।
1670	All right, the parole board has received...	सब ठीक है, पैरोल बोर्ड प्राप्त हुआ है...	अलस्त, पारल (अलस्त) के पारल (अलस्त) के पारल (अलस्त) के पारल (अलस्त) के पारल (अलस्त) के पारल (अलस्त) के पारल (अलस्त) के पारल (अलस्त) के पारल (अलस्त) के पारल (अलस्त) के पारल (अलस्त) के पारल (अलस्त) के पारल (अलस्त) के पारल (अलस्त) के पारल (अलस्त) के पारल (अलस्त) के पारल (अलस्त) के पारल (अलस्त) के पारल (अलस्त) के पारल (अलस्त) के पारल (अलस्त) के पारल (अलस्त) के पारल (अलस्त)
1671	the current time	मौजूदा समय	Current time
1672	/nick <nickname>: change your nickname on the current server	/nick <nickname>: मौजूदा सर्वर पर अपना प्रचलित नाम बदलें	निक्स (निक्स) का उपयोग: निक्स का उपयोग: निक्स का उपयोग: निक्स का उपयोग: निक्स का उपयोग: निक्स का उपयोग: निक्स का उपयोग: निक्स का उपयोग: निक्स का उपयोग: निक्स का उपयोग: निक्स का उपयोग: निक्स का उपयोग: निक्स का उपयोग: निक्स का उपयोग: निक्स का उपयोग: निक्स का उपयोग: निक्स का उपयोग: निक्स का उपयोग: निक्स का उपयोग: निक्स का उपयोग: निक्स का उपयोग: निक्स का उपयोग: निक्स का उपयोग: निक्स का उपयोग: निक्स का उपयोग: निक्स का उपयोग: निक्स का उपयोग: निक्स का उपयोग: निक्स का उपयोग: निक्स का उपयोग: निक्स का उपयोग: निक्स
1673	They said: O ruler of the land! Lo! he hath a very aged father, so take one of us instead of him. Lo! we behold thee of those who do kindness.	और जो (उसके भाई की चोरी का हाल बयान करते हो ख़ुदा खूब बवाक़िफ है (इस पर) उन लोगों ने कहा ऐ अज़ीज़ उस (इब्ने यामीन) के वालिद बहुत बूढ़े (आदमी) हैं (और इसको बहुत चाहते हैं) तो आप उसके ऐवज़ (बदले) हम में से किसी को ले लीजिए और उसको छोड़ दीजिए	कोई कह रहे हैं कि राजा का देश में! लो! वह एक बहुत पुराने पिता है, तो एक किसी को ले लो, लो! हमें किसी के लिए दयाली है।
1674	"Have you been to the ""new home"" last night?"	"कल रात तुम ""नया घर"" गये थे?"	"क्या आप ""नई घर"" के बाद कोई सुना है?"
1675	A big fat fucking zero.	एक बहुत बड़ा शून्य।	A big fat zero.
1676	This will blind you.	यदि यह आँख में गया, अंधे हो जाओगे.	This will blind you.
1677	Poorer but wiser.	गरीब लेकिन समझदार.	Poorer but wiser.
1678	It promised that if they could distinguish between good and evil.	उसने वादा किया था कि अगर वे अच्छाई और बुराई के बीच भेद कर लेंगे.	अगर वे अच्छा और बुरा को पहचानें तो उन्हें अपने प्राण को समझने की क्षमता होगी।
1679	That's when we're at our most uncontrollable, vicious, insane with thirst.	~ क्रूर, प्यास से पागल ~.	That's when we're at our most uncontrollable, vicious, insane with thirst.
1680	Hi-Test.	हाय टेस्ट.	Hi-Test.
1681	And his plaint: ‘My Lord! Indeed these are a people who will not have faith!’	और (उसी को) रसूल के उस क़ौल का भी इल्म है कि परवरदिगार ये लोग हरगिज़ ईमान न लाएँगे	अर्थ: ‘मेरे भगवान! मुझे यह लोगों का वफत है!
1682	I want it sorted.	मैंइसेहल चाहते	मुझे इसे संगृित करें।
1683	Only 1?	केवल 1?	Only one.
1684	God desires to make clear to you, and to guide you in the institutions of those before you, and to turn towards you; God is All-knowing, All-wise;	ख़ुदा तो ये चाहता है कि (अपने) एहकाम तुम लोगों से साफ़ साफ़ बयान कर दे और जो (अच्छे) लोग तुमसे पहले गुज़र चुके हैं उनके तरीक़े पर चला दे और तुम्हारी तौबा कुबूल करे और ख़ुदा तो (हर चीज़ से) वाक़िफ़ और हिकमत वाला है	गदवन के लिए, जो किसी को सिखाई देता है और उसे सिखाई देता है, उसे सिखाई देता है; गदवन के लिए, जो किसी को सिखाई देता है और उसे सिखाई देता है, उसे सिखाई देता है।
1685	Select the personal data you want to clear	निजी आंकड़ा चुनें जिसे आप साफ़ करना चाहते हैं	Select the personal data you want to clear
1686	And We divided them throughout the earth into nations. Of them some were righteous, and of them some were otherwise. And We tested them with good [times] and bad that perhaps they would return [to obedience].	और हमने उनको रूए ज़मीन में गिरोह गिरोह तितिर बितिर कर दिया उनमें के कुछ लोग तो नेक हैं और कुछ लोग और तरह के (बदकार) हैं और हमने उन्हें सुख और दुख (दोनो तरह) से आज़माया ताकि वह (शरारत से) बाज़ आए	अर्थ: और हमने उन्हें दुनिया में विभिन्न राष्ट्रों में विभिन्न किया। उन्हें कुछ से अच्छे और कुछ से अन्य के साथ प्रयोग किया। हमने उन्हें अच्छे और बुरे के लिए प्रयोग किया और बुरे के लिए प्रयोग किया।
1687	Could not register	पंजीयन नहीं कर सका	क्या आप किसी विशेष प्रकार के विषय को संशक्षित कर सकते हैं?
1688	Weidling, former Commanding Officer of the Berlin Defense Force.	बर्लिन डिफेंस फोर्स के पूर्व कमांडिंग आफीसर, विल्डिंग.	विद्यांग, पूर्वी राष्ट्रीय सैन्य कार्यक्रम के अधिकारी।
1689	As for the wall, it belonged to two orphan lads in the city, and under it was a treasure belonging to them. Their father was a righteous man; and thy Lord desired that they should come of age and then bring forth their treasure as a mercy from thy Lord. I did it not of my own bidding. This is the interpretation of that thou couldst not bear patiently.'	"और रही यह दीवार तो यह दो अनाथ बालकों की है जो इस नगर में रहते है। और इसके नीचे उनका ख़जाना मौजूद है। और उनका बाप नेक था, इसलिए तुम्हारे रब ने चाहा कि वे अपनी युवावस्था को पहुँच जाएँ और अपना ख़जाना निकाल लें। यह तुम्हारे रब की दयालुता के कारण हुआ। मैंने तो अपने अधिकार से कुछ नहीं किया। यह है वास्तविकता उसकी जिसपर तुम धैर्य न रख सके।"""	सही होने के लिए, इस प्रकार के विषय को सही होने के लिए, इस प्रकार के विषय को सही होने के लिए, इस प्रकार के विषय को सही होने के लिए, इस प्रकार के विषय को सही होने के लिए, इस प्रकार के विषय को सही होने के लिए, इस प्रकार के विषय को सही होने के लिए, इस प्रकार के विषय को सही होने के लिए, इस प्रकार के विषय को सही होने के लिए, इस प्रकार के विषय को सही होने के लिए, इस प्रकार के विषय को सही होने के लिए, इस प्रकार के विषय को सही होने के लिए, इस प्रकार के विषय को सही होने के लिए, इस प्रकार क
1690	The resource '%s' is busy during the selected time period.	संसाधन '%s' चयनित समय काल में व्यस्त.	सही संस्कृत में इस प्रारंभिक प्रेरण के साथ-साथ, प्रेरण के साथ-साथ, प्रेरण के साथ-साथ, प्रेरण के साथ-साथ, प्रेरण के साथ-साथ, प्रेरण के साथ-साथ, प्रेरण के साथ-साथ, प्रेरण के साथ-साथ, प्रेरण के साथ-साथ, प्रेरण के साथ-साथ, प्रेरण के साथ-साथ, प्रेरण के साथ-साथ, प्रेरण के साथ-साथ, प्रेरण के साथ-साथ, प्रेरण के साथ-साथ, प्रेरण के साथ-साथ, प्रेरण के साथ-साथ, प्रेरण के साथ-साथ, प्रेरण के साथ-साथ, प्रेरण के साथ-साथ, प्रेरण के साथ-साथ, प्रेरण के साथ-साथ
1691	- - I don't know, brother, ask him.	- मैं नहीं जानता, भाई, उससे पूछो.	मुझे कोई नहीं जानता, भाई, पूछो.
1692	Enabled	draw separator	Ensure the following text from English to HindiEnsure the translation from English to HindiEnsure the translation from English to HindiEnsure the translation from English to HindiEnsure the translation from English to HindiEnsure the translation from English to HindiEnsure the translation from English to HindiEnsure the translation from English to HindiEnsure the translation from English to HindiEnsure the translation from English to HindiEnsure the translation from English to HindiEnsure the translation from English to HindiEnsure the translation from English to HindiEnsure the translation from English to HindiEnsure the translation from English to HindiEnsure the translation from English to HindiEnsure the translation from English to HindiEnsure the translation from English to HindiEnsure the translation from English to HindiEnsure the translation from English to HindiEnsure the translation from English to HindiEnsure the translation from English to HindiEnsure the translation from English to HindiEnsure the translation from English to HindiEnsure the translation from English to HindiEnsure the translation from English to HindiEnsure the translation from English to HindiEnsure the translation from English to HindiEnsure the translation from English to HindiEnsure the translation from English to HindiEnsure the translation from English to HindiEnsure the translation from English to
1693	- That's true enough.	- काफी हद तक सच है.	क्या आप मुझसे इस प्रश्न को समझने की कोशी हैं?
1694	Do you think that you will be left [as you are] while Allah has not yet made evident those among you who strive [for His cause] and do not take other than Allah, His Messenger and the believers as intimates? And Allah is Acquainted with what you do.	क्या तुमने ये समझ लिया है कि तुम (यूं ही) छोड़ दिए जाओगे और अभी तक तो ख़ुदा ने उन लोगों को मुमताज़ किया ही नहीं जो तुम में के (राहे ख़ुदा में) जिहाद करते हैं और ख़ुदा और उसके रसूल और मोमेनीन के सिवा किसी को अपना राज़दार दोस्त नहीं बनाते और जो कुछ भी तुम करते हो ख़ुदा उससे बाख़बर है	मुझे लगता है कि आप किसी बात को सोच रहे हैं कि आप को छोड़ रहे हैं [आप किसी के साथ छोड़ रहे हैं] और क्या Allah के बिना किसी से प्रयास कर रहे हैं और किसी और के लिए किसी के मारे के लिए? और क्या Allah के बिना क्या कुछ है?
1695	"They say: ""Why does he not bring us a sign (proof) from his Lord?"" Has there not come to them the proof of that which is (written) in the former papers [Scriptures, i.e. the Taurat (Torah), and the Injeel (Gospel), etc. about the coming of the Prophet Muhammad SAW]."	"और वे कहते है कि ""यह अपने रब की ओर से हमारे पास कोई निशानी क्यों नहीं लाता?"" क्या उनके पास उसका स्पष्ट प्रमाण नहीं आ गया, जो कुछ कि पहले की पुस्तकों में उल्लिखित है?"	क्या आप इस प्रश्न को अंग्रेजी से अनुवाद कर सकते हैं?
1696	In Reggie's pain?	रेगी के दर्द में ?	In Reggie's pain?
1697	GEAC:	जीईएसी:	"Cutting Knowledge Date: December 2023
Today Date: 13 May 2026"
1698	Move ~a onto an empty corner slot.	खाली अस्थायी खाँचा पर पत्ता ले जाएँ	मोडिंग के लिए, किसी को एक अंगूठरी के साथ एक अंगूठरी के साथ एक अंगूठरी के साथ एक अंगूठरी के साथ एक अंगूठरी के साथ एक अंगूठरी के साथ एक अंगूठरी के साथ एक अंगूठरी के साथ एक अंगूठरी के साथ एक अंगूठरी के साथ एक अंगूठरी के साथ एक अंगूठरी के साथ एक अंगूठरी के साथ एक अंगूठरी के साथ एक अंगूठरी के साथ एक अंगूठरी के साथ एक अंगूठरी के साथ एक अंगूठरी के साथ एक अंगूठरी के साथ एक अंगूठरी के साथ एक अंगूठरी के साथ एक अंगूठरी के साथ
1699	Believers, obey Allah and obey the Messenger and those in authority among you. Should you dispute about anything refer it to Allah and the Messenger, if you believe in Allah and the Last Day. That is better and the best interpretation.	ऐ ईमान लानेवालो! अल्लाह की आज्ञा का पालन करो और रसूल का कहना मानो और उनका भी कहना मानो जो तुममें अधिकारी लोग है। फिर यदि तुम्हारे बीच किसी मामले में झगड़ा हो जाए, तो उसे तुम अल्लाह और रसूल की ओर लौटाओ, यदि तुम अल्लाह और अन्तिम दिन पर ईमान रखते हो। यदि उत्तम है और परिणाम की स्पष्ट से भी अच्छा है	बे�इरवेज़, बेहज़ Allah और बेहज़ मेसर्ज़ और उन्हें किसी भी शक्तियाँ में शासन में हैं। शूदा बेहज़ बेहज़ मेसर्ज़, अगर आप Allah और मेसर्ज़ के बारे में बोलें तो बेहज़ मेसर्ज़, अगर आप Allah और मेसर्ज़ के बारे में बोलें तो बेहज़ मेसर्ज़, अगर आप Allah और मेसर्ज़ के बारे में बोलें तो बेहज़ मेसर्ज़, अगर आप Allah और मेसर्ज़ के बारे में बोलें तो बेहज़ मेसर्ज़, अगर आप Allah और मेसर्ज़ के बारे में बोलें तो बेहज़ मेसर्ज़, अगर आप Allah और मेसर्ज़ के बारे में बोलें तो बेहज़ मेसर्ज़, अगर आप Allah और मेसर्ज़
1700	All right, man, look.	ठीक है, आदमी, देखो.	अर्थ: कोई बात है।
1701	And that He (Allah) is the Lord of Sirius (the star which the pagan Arabs used to worship);	और ये कि वही योअराए का मालिक है	अर्थ: किसी भी प्रकार के सूर्य के लिए, जो पागवासों के लिए सूर्य के लिए पूजन करते थे।
1702	Two weeks is nothing, we need two months at least.	दो हफ्ते कुछ भी नहीं है, हम दो महीने में कम से कम जरूरत है.	Two weeks is nothing, we need two months at least.
1703	First of all, Samurai is Japanese, I'm Korean.	सभी के पहले, समुराई जापानी है, मैं कोरियाई हूँ.	सामाजिक के लिए, जापानी है, मैं कोरिया हूँ.
1704	I believe we just had a cancellation.	मैं हम सिर्फ एक रद्द किया था विश्वास करते हैं.	मुझे लगता है कि हमें केवल एक वापसी है।
1705	According the information from our spies,	हमारे गुप्तचर विभाग के अनुसार,	Ensure the following text from English to HindiEnsure the translation from English to HindiEnsure the translation from English to HindiEnsure the translation from English to HindiEnsure the translation from English to HindiEnsure the translation from English to HindiEnsure the translation from English to HindiEnsure the translation from English to HindiEnsure the translation from English to HindiEnsure the translation from English to HindiEnsure the translation from English to HindiEnsure the translation from English to HindiEnsure the translation from English to HindiEnsure the translation from English to HindiEnsure the translation from English to HindiEnsure the translation from English to HindiEnsure the translation from English to HindiEnsure the translation from English to HindiEnsure the translation from English to HindiEnsure the translation from English to HindiEnsure the translation from English to HindiEnsure the translation from English to HindiEnsure the translation from English to HindiEnsure the translation from English to HindiEnsure the translation from English to HindiEnsure the translation from English to HindiEnsure the translation from English to HindiEnsure the translation from English to HindiEnsure the translation from English to HindiEnsure the translation from English to HindiEnsure the translation from English to HindiEnsure the translation from English to
1706	"(Allah) said:""Get you down (from the Paradise to the earth), both of you, together, some of you are an enemy to some others. Then if there comes to you guidance from Me, then whoever follows My Guidance shall neither go astray, nor fall into distress and misery."	फिर उनकी तौबा कुबूल की और उनकी हिदायत की फरमाया कि तुम दोनों बेहश्त से नीचे उतर जाओ तुम में से एक का एक दुशमन है फिर अगर तुम्हारे पास मेरी तरफ से हिदायत पहुँचे तो (तुम) उसकी पैरवी करना क्योंकि जो शख्स मेरी हिदायत पर चलेगा न तो गुमराह होगा और न मुसीबत में फँसेगा	"लाहा ने कहा: ""आप को दो (प्राकृत्य से द्वारा) दो (अर्थ) के साथ, आप दोनों के साथ, कुछ दूसरे के साथ हैं। तो अगर आप मुझे सहायता देते हैं, तो कोई आपके साथ है, तो कोई अपने पीछे चला नहीं और दर्द और दुफन में है।"
1707	I WANT TO HEAR IT.	मैं यह सुनना चाहता हूँ.	मुझे सुनाने की इच्छा है।
1708	And you really love her?	और तुम सच में उससे प्यार करता हूँ?	अर्थ: क्या आप उसे पसंद करते हैं?
1709	Let's make them suspicious.	की उन्हें शक करते हैं	लोगों को लगता है।
1710	It's a lot easier for you. Your life is all ahead of you.	यह आसान है, पेले.	It's a lot easier for you. Your life is all ahead of you.
1711	Not bothering a soul.	एक आत्मा परेशान नहीं.	कोई भी किसी को नहीं मानें।
1712	No. No, it ain't serious.	नहीं, नहीं, यह गंभीर नहीं है.	No, it ain't serious.
1713	Other	अन्य	Other
1714	INFO	INFO	"Cutting Knowledge Date: December 2023
Today Date: 13 May 2026"
1715	I sure do apologize for that.	मुझे यकीन है कि के लिए माफ़ी चाहता हूं.	मुझे यहाँ सुनाने की कोशी है।
1716	It was nine months before Nat was born.	मैं बार में जा रहा हूँ।	नत के जन्मसे 9 महीने की दूरी है।
1717	Is Kaveri happy?	कावेरी खुश है?	Kaveri is a female name.
1718	Extraction not performed	निकाला नहीं गया	Extraction not performed
1719	When you do a trick, it's like you're 80 again.	आप एक चाल करते हैं, इसे आप फिर 8O हैं की तरह है.	When you do a trick, it's like you're 80 again.
1720	You're telling me Richard Addison of Addison Industries murdered your family.	आदमी: तुम मुझे कह रहे हैं रिचर्ड एडिसन के एडिसन इंडस्ट्रीज अपने परिवार की हत्या कर दी।	अर्थ: आपका कहना है कि रिचर्ड एडिल्ड ऑफ एडिल्स ने अपने परिवार को मार्शल के साथ मार्चन की हतियशा की है।
1721	Start	प्रारंभ	Start
1722	The proxy host does not support SOCKS5	प्रॉक्सी होस्ट SOCKS4 का समर्थन नहीं करता है	क्रिया के लिए, स्कॉक्स5 का समर्थन नहीं करता है।
1723	- Huh. - Hannah?	कि क्या है?	Huh. - Hannah.
1724	"Units for a birthday or anniversary reminder, ""minutes"", ""hours"" or ""days"""	"जन्मदिन और वर्षगांठ संसूचक के लिए ईकाई, ""मिनट"", ""घंटे"" या ""दिन""."	"क्या आप किसी विशेषता के लिए 18 वर्ष की तारीख की संदेश, ""मिनट"", ""हOUR"" या ""डेज"" की संदेश के लिए संस्कृत भाषा में संस्करण कर सकते हैं?"
1725	"David blames the South African government for the recent xenophobic attacks in South Africa: ""No one hates foreigners like South Africans do."	"दक्षिण अफ्रीका में विदेशी व बाहरी लोगों पर हुये हालिया हमलों के लिये डेविड सरकार को दोषी ठहराते हैं: ""विदेशियों से जितनी नफरत दक्षिण अफ्रीकी करते हैं उतना शायद कोई नहीं करता।"	"दवन द्वारा दक्षिणी भारतीय सरकार को दक्षिणी भारत के विनोदों के लिए विनोदों के हमलों के लिए कारण है। ""न कोई विदेशी के लिए दुखी है।"
1726	And there's the Empire.	और यह साम्राज्य है.	अर्थ: किसी भी व्यवसाय के लिए, किसी भी व्यवसाय के लिए, किसी भी व्यवसाय के लिए, किसी भी व्यवसाय के लिए, किसी भी व्यवसाय के लिए, किसी भी व्यवसाय के लिए, किसी भी व्यवसाय के लिए, किसी भी व्यवसाय के लिए, किसी भी व्यवसाय के लिए, किसी भी व्यवसाय के लिए, किसी भी व्यवसाय के लिए, किसी भी व्यवसाय के लिए, किसी भी व्यवसाय के लिए, किसी भी व्यवसाय के लिए, किसी भी व्यवसाय के लिए, किसी भी व्यवसाय के लिए, किसी भी व्यवसाय के लिए, किसी भी व्यवसाय के लिए, किसी भी व्यवसाय के लिए, किसी भी
1727	Permission level	अनुमति स्तर	मैं आपके संपर्क को सुरक्षित रखूँगा।
1728	- No, I didn't drug you.	/ अपनी भाषा आक्रामक है. भाड़ में जाओ तुम.	- No, I didn't drug you.
1729	Say goodbye to the debugger	कहें को	Say goodbye to the debugger
1730	I tried to get an appointment... but there's a three month waiting list.	मैं एक नियुक्ति पाने की कोशिश की ... ... लेकिन वहाँ एक तीन महीने की प्रतीक्षा सूची है।	मैंने किसी अन्य व्यक्ति के लिए एक अन्य अन्य अन्य अन्य अन्य अन्य अन्य अन्य अन्य अन्य अन्य अन्य अन्य अन्य अन्य अन्य अन्य अन्य अन्य अन्य अन्य अन्य अन्य अन्य अन्य अन्य अन्य अन्य अन्य अन्य अन्य अन्य अन्य अन्य अन्य अन्य अन्य अन्य अन्य अन्य अन्य अन्य अन्य अन्य अन्य अन्य अन्य अन्य अन्य अन्य अन्य अन्य अन्य अन्य अन्य अन्य अन्य अन्य अन्य अन्य अन्य अन्य अन्य अन्य अन्य अन्य अन्य अन्य अन्य अन्य अन्य अन्य अन्य अन्य अन्य अन्य अन्य अन्य अन्य अन्य अन्य अन्य अन्य अन्य अन्य अन्य अन्य अन्य अन्य अन्य अन्य अन्य अन्य अन्य अन्य अन्य अन्य अन्य अन्य अन्य अन्य अन्य अन्य अन्य अन्य अन्य अन्य अन्य अन्य अन्य अन्य अन्य अन्य अन्य अन्य अन्य अन्य अन्य अन्य
1731	About 11130.	11130 के बारे में.	क्या आप किसी विशेषता के लिए मुझसे सहायता कर सकते हैं?
1732	Description contains	विवरण में समाहित है	Description
1733	Large font	बड़ा फॉन्ट	Large font
1734	So, you're my son-in-law.	तो तुम मेरे दामाद हो.	सो अपने पिता के बादल.
1735	You hit too hard.	तुम जरा जोर से मार रहे हो.	क्या आपको कुछ भी है?
1736	In the days that follows I got them to at least work together	दिनों के बाद मैं उन्हें कम से कम एक साथ काम करने के लिए मिला में	क्या आप किसी विशेषता के लिए मुझसे सहायता करना चाहते हैं?
1737	Good lord...101%	हे भगवान ... 101%	Good lord...101%
1738	- Merry Christmas, Mike.	- मेरी क्रिसमस, माइक.	Merry Christmas, Mike.
1739	Let's go.	चलो चलते हैं.	Let's go.
1740	If the comparative results would come out, the question of whether the BJP government should rule or not would not arise in the country.	अगर इसका तुलनात्मक नतीजा आए तो देश के सामने यह सवाल नहीं आएगा कि बीजेपी की सरकार आनी चाहिए या नहीं।	अगर कोई अन्य परिणाम होगा, तो देश में कोई सरकार नहीं होगी।
1741	Yeah, I kind of put that together, son.	हाँ,मैंएक तरहसे, किएकसाथबेटाडालदिया .	मुझे यह संस्करण देखें।
1742	Show the date and time column	तिथि एवं समय कॉलम दोनों दिखाएँ	मुझे इस प्रश्न को स्पष्ट, स्पष्ट, और सही मान देने की आवश्यकता, जैसे कि प्रियों के साथ संवाद करने के लिए, किसी के साथ संवाद करने के लिए, किसी के साथ संवाद करने के लिए, किसी के साथ संवाद करने के लिए, किसी के साथ संवाद करने के लिए, किसी के साथ संवाद करने के लिए, किसी के साथ संवाद करने के लिए, किसी के साथ संवाद करने के लिए, किसी के साथ संवाद करने के लिए, किसी के साथ संवाद करने के लिए, किसी के साथ संवाद करने के लिए, किसी के साथ संवाद करने के लिए, किसी के साथ संवाद करने के लिए
1743	You got no right! Please don't let them kill Hermann.	कृपया उन्हें हर्मन को मारने मत दो.	मुझे कोई बात नहीं! कृपकार को किसी को मारने के लिए मुझे कोई नहीं देना चाहिए।
1744	If it were not for the grace of God and His mercy to you, some of them had resolved to lead you astray but they lead astray no one but themselves. Nor can they do you any harm. God has sent down to you the Book and Wisdom and has taught you what you did not know. God's favour to you has been great indeed.	और (ऐ रसूल) अगर तुमपर ख़ुदा का फ़ज़ल (व करम) और उसकी मेहरबानी न होती तो उन (बदमाशों) में से एक गिरोह तुमको गुमराह करने का ज़रूर क़सद करता हालॉकि वह लोग बस अपने आप को गुमराह कर रहे हैं और यह लोग तुम्हें कुछ भी ज़रर नहीं पहुंचा सकते और ख़ुदा ही ने तो (मेहरबानी की कि) तुमपर अपनी किताब और हिकमत नाज़िल की और जो बातें तुम नहीं जानते थे तुम्हें सिखा दी और तुम पर तो ख़ुदा का बड़ा फ़ज़ल है	If it were not for the grace of God and His mercy to you, some of them had resolved to lead you astray but they lead astray no one but themselves. Nor can they do you any harm. God has sent down to you the Book and Wisdom and has taught you what you did not know. God's favour to you has been great indeed.
1745	Your Lord is the Best Knower of you; if He willeth He will have mercy upon you, or if He willeth He will torment you. And We have not sent thee over them as a trustee.	तुम्हारा परवरदिगार तुम्हारे हाल से खूब वाक़िफ है अगर चाहेगा तुम पर रहम करेगा और अगर चाहेगा तुम पर अज़ाब करेगा और (ऐ रसूल) हमने तुमको कुछ उन लोगों का ज़िम्मेदार बनाकर नहीं भेजा है	अर्थ: आपके भगवान सबसे अच्छे के बीच में से हैं, अगर वह आपके लिए सही है, अगर वह आपके लिए दुःरा है। और हमने आपके लिए एक ट्रास्टर बनाया है।
1746	Blu-ray disc	Blu-ray डिस्क	Blu-ray disc
1747	How many generations living before them did We destroy? Do you find anyone of them around or do you even hear any word from them?	उनसे पहले कितनी ही नसलों को हम विनष्ट कर चुके है। क्या उनमें किसी की आहट तुम पाते हो या उनकी कोई भनक सुनते हो?	क्या आप 10 से 12 वर्ष के लोगों के बाद से किसी भी पुरुष को देखेंगे या किसी भी पुरुष के बीच कोई सुनेंगे?
1748	These guys had military training.	इन लोगों के पास सैन्य प्रशिक्षण था।	किसी से का सैन्य प्रशिक्षण था।
1749	Satan wants to induce hostility and hatred among you through wine and gambling and to prevent you from remembering God and prayer. Will you then avoid such things?	शैतान तो बस यही चाहता है कि शराब और जुए के द्वारा तुम्हारे बीच शत्रुता और द्वेष पैदा कर दे और तुम्हें अल्लाह की याद से और नमाज़ से रोक दे, तो क्या तुम बाज़ न आओगे?	सatan को विना और गेमिंग के माध्या से प्रेरणा और भावन को प्राप्त करने के लिए संकेत का उपयोग करें। क्या आप इन के लिए किसी चीज़ को प्राप्त करने की सोच रहे हैं?
1750	Channel View	चैनल दृश्य	Channel
1751	Encoding	एनकोडिंग	En enciption
1752	I do not want to change his bed.	मैं अपने बिस्तर बदलने के लिए नहीं करना चाहती.	मैं नहीं चाहते कि वह अपने बिसने को बदलें।
1753	But he who says to his father and his mother, 'Fie on you! Do you promise me that I shall be brought forth, when entire generations have passed away before me' Yet they supplicate to Allah for help 'Woe to you! Believe, surely the promise of Allah is true' Then he says: 'This is nothing but fairytales of the ancients'	"किन्तु वह व्यक्ति जिसने अपने माँ-बाप से कहा, ""धिक है तुम पर! क्या तुम मुझे डराते हो कि मैं (क़ब्र से) निकाला जाऊँगा, हालाँकि मुझसे पहले कितनी ही नस्लें गुज़र चुकी है?"" और वे दोनों अल्लाह से फ़रियाद करते है - ""अफ़सोस है तुमपर! मान जा। निस्संदेह अल्लाह का वादा सच्चा है।"" किन्तु वह कहता है, ""ये तो बस पहले के लोगों की कहानियाँ है।"""	But he who says to his father and his mother, 'Fie on you! Do you promise me that I shall be brought forth, when entire generations have passed away before me' Yet they supplicate to Allah for help 'Woe to you! Believe, surely the promise of Allah is true' Then he says: 'This is nothing but fairytales of the ancients'
1754	You're aware that curses are not supported by science. - Neither the ghosts.	आपके शाप के विज्ञान का समर्थन नहीं है	क्या आप जानकारी देते हैं कि कैसे साहिती के प्राण हो सकते हैं? - नहीं क्या गाय हो।
1755	And now God, bends to my will.	और अब भगवान, मेरी मर्जी के लिए झुकता है।	अर्थ: जो किसी भी कार्य को पूरा करने के लिए मुझे प्रेरित करता है।
1756	You're driving like a maniac!	तुम किसी सनकी की तरह गाड़ी चला रहे हो!	मैं आपको दौड़-दौड़ की तरह है!
1757	And he had over them no authority except [it was decreed] that We might make evident who believes in the Hereafter from who is thereof in doubt. And your Lord, over all things, is Guardian.	और शैतान का उन लोगों पर कुछ क़ाबू तो था नहीं मगर ये (मतलब था) कि हम उन लोगों को जो आख़ेरत का यक़ीन रखते हैं उन लोगों से अलग देख लें जो उसके बारे में शक में (पड़े) हैं और तुम्हारा परवरदिगार तो हर चीज़ का निगरॉ है	And he had over them no authority except [it was decreed] that We might make evident who believes in the Hereafter from who is therefore in doubt. And your Lord, over all things, is Guardian.
1758	Recording audio tracks on a rewritable disc is not advised.	फिर लिखने योग्य डिस्क में ऑडियो ट्रैक की रिकॉर्डिंग सलाहकारी नहीं है.	संगीत के वीडियो ट्रैक को रेडिवेब ट्रैक के साथ उपयोग नहीं किया जाता है।
1759	But depressed and knowing something was wrong, he demanded medical records.	लेकिन अवसादग्रस्त तथा कुछ गड़बड़ महसूस करते हुए, उसने चिकित्सकीय अभिलेखों की मांग की।	बहुत दुःन और जानते थे कि कुछ गलत था, वह मेडिकल रिकॉर्ड की आवश्यकता थी।
1760	You've got to ask why.	पूछिए क्यों.	क्या आप कहें कि?
1761	Whereupon she said: 'Now you see, this is he on whose account you blamed me. Yes, I sought to seduce him, but he was unyielding. If he declines to do what I command, he shall be imprisoned and be one of the humiliated'	"वह बोली, ""यह वही है जिसके विषय में तुम मुझे मलामत कर रही थीं। हाँ, मैंने इसे रिझाना चाहा था, किन्तु यह बचा रहा। और यदि इसने न किया जो मैं इससे कहती तो यह अवश्य क़ैद किया जाएगा और अपमानित होगा।"""	क्या आप मुझे इस प्रियोग्राम को हिंदी में संस्करण करने के लिए क्या है?
1762	We'll go and see the train when I'm better, shall we?	जब मैं ठीक हो जाऊंगी हम जाकर ट्रेन देखने जाएंगे, ठीक है न?	मैं आपके लिए सही हूँ, सही हूँ, सही हूँ, सही हूँ, सही हूँ, सही हूँ, सही हूँ, सही हूँ, सही हूँ, सही हूँ, सही हूँ, सही हूँ, सही हूँ, सही हूँ, सही हूँ, सही हूँ, सही हूँ, सही हूँ, सही हूँ, सही हूँ, सही हूँ, सही हूँ, सही हूँ, सही हूँ, सही हूँ, सही हूँ, सही हूँ, सही हूँ, सही हूँ, सही हूँ, सही हूँ, सही हूँ, सही हूँ, सही हूँ, सही हूँ, सही हूँ, सही हूँ, सही हूँ, सही हूँ, सही हूँ, सही हूँ, सही हूँ, सही हूँ, सही हूँ, सही हूँ, सही हूँ, सही हूँ, सही हूँ, सही हूँ, सही हूँ,
1763	You gotta put it down.	तुम इसे नीचे रखना होगा.	आपको इसे डालने की आवश्यकता है।
1764	But this is not all, some Indian Hockey Team players seem to be considering going on a hunger strike in protest against lack of awards for them after their recent win in Asia Cup while the cricket team got a truckload of goodies from state governments!	बात अभी पूरी नहीं हुई. भारतीय हॉकी टीम के कुछ सदस्यों ने उनकी हाल ही की एशिया कप विजय पर पुरस्कारों के टोटे, जबकि राज्य सरकारों द्वारा क्रिकेटरों को पुरस्कारों से लादने के विरोध में अनशन की चेतावनी दी!	But this is not all, some Indian Hockey Team players seem to be considering going on a hunger strike in protest against lack of awards for them after their recent win in Asia Cup while the cricket team got a truckload of goodies from state governments!
1765	I wasn't talking about hers, I was talking about yours.	मैं मैं तुम्हारा के बारे में बात कर रहा था उसका, के बारे में बात नहीं कर रहा था.	मैंने इसे स्पष्ट, संवाद, और प्रिय से प्राप्त किया है।
1766	(Girls Laughing and Chattering)	(लड़कियों हंसता और बकबक)	लेख: गिल्ली लोक: लेख के साथ सुनने और चाटने की सुन्देश
1767	Line up parentheses	पंक्ति ऊपर	Line up parentheses
1768	Yeah, I mean, that sounds amazing.	हाँ। काफ़ी अच्छा विचार है।	मुझे कुछ बात कह दें, यह बहुत अच्छा लगता है।
1769	- Lucy must be thrilled.	- लूसी बहुत खुश होगी।	लुकी को खुशमाल होगा।
1770	However, its cartoon industry managed to transcend both the national and the Soviet bloc borders, and became popular all over Central and Eastern Europe, including the non-aligned Yugoslavia.	हालांकि, इसका कार्टून उद्योग राष्ट्रीय और सोवियत ब्लॉक की सीमाओं पार करने में कामयाब रहा और गैर गठबंधन यूगोस्लाविया सहित सभी मध्य और पूर्वी यूरोप में लोकप्रियता हासिल कर सका।	कलर का राष्ट्रीय कलर उद्योग पूर्वांत्र और सोवेट के बीच, और मध्य पूर्वांत्र और दक्षिणी पूर्वांत्र क्षेत्र में पूर्वांत्र क्षेत्र के साथ पूर्वांत्र क्षेत्र के साथ पूर्वांत्र क्षेत्र के साथ पूर्वांत्र क्षेत्र के साथ पूर्वांत्र क्षेत्र के साथ पूर्वांत्र क्षेत्र के साथ पूर्वांत्र क्षेत्र के साथ पूर्वांत्र क्षेत्र के साथ पूर्वांत्र क्षेत्र के साथ पूर्वांत्र क्षेत्र के साथ पूर्वांत्र क्षेत्र के साथ पूर्वांत्र क्षेत्र के साथ पूर्वांत्र क्षेत्र के साथ पूर्वांत्र क्षेत्र के साथ पूर्वां
1771	So, when you meet (in fight Jihad in Allah's Cause), those who disbelieve smite at their necks till when you have killed and wounded many of them, then bind a bond firmly (on them, i.e. take them as captives). Thereafter (is the time) either for generosity (i.e. free them without ransom), or ransom (according to what benefits Islam), until the war lays down its burden. Thus [you are ordered by Allah to continue in carrying out Jihad against the disbelievers till they embrace Islam (i.e. are saved from the punishment in the Hell-fire) or at least come under your protection], but if it had been Allah's Will, He Himself could certainly have punished them (without you). But (He lets you fight), in order to test you, some with others. But those who are killed in the Way of Allah, He will never let their deeds be lost,	अतः जब इनकार करनेवालो से तुम्हारी मुठभेड़ हो तो (उनकी) गरदनें मारना है, यहाँ तक कि जब उन्हें अच्छी तरह कुचल दो तो बन्धनों में जकड़ो, फिर बाद में या तो एहसान करो या फ़िदया (अर्थ-दंड) का मामला करो, यहाँ तक कि युद्ध अपने बोझ उतारकर रख दे। यह भली-भाँति समझ लो, यदि अल्लाह चाहे तो स्वयं उनसे निपट ले। किन्तु (उसने या आदेश इसलिए दिया) ताकि तुम्हारी एक-दूसरे की परीक्षा ले। और जो लोग अल्लाह के मार्ग में मारे जाते है उनके कर्म वह कदापि अकारथ न करेगा	सो, जब आप (जीतन का कारण है अलाहम की कारण) में मिलकर (नेत्र में मिलकर) जब आप कई लोगों को मारे और घायला कर दिया जाता है, तो उन्हें बंदा कर दिया जाता है, और उन्हें बंदा कर दिया जाता है। बाद में (अर्थ) उनके लिए मुक्त कर दिया जाता है, या उन्हें राजा के साथ मिलकर (अर्थ) अलाहम के लिए मिलकर, या कमर, या अलाहम के लिए मिलकर, या अलाहम के लिए मिलकर, या अलाहम के लिए मिलकर, या अलाहम के लिए मिलकर, या अलाहम के लिए मिलकर, या अलाहम के लिए मिलकर, या अलाहम के लिए मिलकर, या अल
1772	ICQ Work ID 2	आईसीक्यू कार्य ID 2	"I can help you with the following text from English to Hindi:

I can help you with the following text from English to Hindi:

I can help you with the following text from English to Hindi:

I can help you with the following text from English to Hindi:

I can help you with the following text from English to Hindi:

I can help you with the following text from English to Hindi:

I can help you with the following text from English to Hindi:

I can help you with the following text from English to Hindi:

I can help you with the following text from English to Hindi:

I can help you with the following text from English to Hindi:

I can help you with the following text from English to Hindi:

I can help you with the following text from English to Hindi:

I can help you with the following text from English to Hindi:

I can help you with the following text from English to Hindi:

I can help you with the following text from English to Hindi:

I can help you with the following text from English to Hindi:

I can help you with the following text from English to Hindi:

I can help you with the following text from English to Hindi:

I can help you with the following text from English to Hindi:

I can help you with the following text from"
1773	Could not create thread for populating cache	कैश भरने के लिये थ्रेड नहीं बना सका	कोई संभावित संदेश नहीं है।
1774	Earth is still my home.	पृथ्वीअभीभी मेराघरहै	जलले का मूल्य है अपने घर।
1775	Banks:	Banks:	Banks:
1776	You always thought you were right...	तुम हमेशा मैं सही था...	आप कभी सोच रहे थे कि आप सही थे।
1777	Server, username and domain name cannot be empty. Please fill them with correct values.	सर्वर, उपयोक्तानाम, और डोमेन नाम रिक्त नहीं हो सकता है. कृपया उन्हें सही मान से भरें.	Server, username and domain name cannot be empty. Please fill them with correct values.
1778	It's a skill and I'm good at it.	यह एक कौशल है और मैं इसे अच्छा हूँ.	स्किल और मैं इसे कर सकता हूँ।
1779	Calendar authentication request	पंचांग सत्यापन आग्रह	Calendar authentication request
1780	You think you can do as you please, living with us.	तुम्हें लगता है कि तुम जो मर्जी कर सकती हो, हमारे साथ रहकर	आपके मन में आप कुछ भी करने की सोच रहे हैं
1781	_Fetch All Headers	पूरा शीर्षक लाएँ (_F)	Fetched All Headers
1782	Constraints the panning to an axis	प्रतिबन्ध किसी अक्ष को पैन करने के लिए	The text is a constraint to an axis
1783	"The type ""%s"" is not a valid type."	%s नियमित फाइल नहीं है	क्या आप प्रेस्टिव प्रेस्टिव के बारे में जानकारी दे सकते हैं?
1784	But I can still do a man's work, both here and there.	लेकिन मैं अभी भी एक मर्द का काम कर सकता हूं, यहाँ और वहाँ दोनों जगह.	मुझे किसी व्यक्तिके के काम करने की सुविधा है, जो किसी भी स्थान में है।
1785	Save Image	छवि सहेजें	"Cutting Knowledge Date: December 2023
Today Date: 13 May 2026"
1786	"that thereof you may thread ways, ravines."""	"""ताकि तुम उसके विस्तृत मार्गों पर चलो।"""	क्या आप इस प्रश्न को अंग्रेजी से हिंदी में से ट्रेड किया जाने के लिए संशकित कर सकते हैं?
1787	%a %l:%M %p	%a %l:%M %p	%a %l:%M %p
1788	They shall recline on couches lined with brocade, and within reach shall hang the fruits of the two Gardens.	यह लोग उन फ़र्शों पर जिनके असतर अतलस के होंगे तकिये लगाकर बैठे होंगे तो दोनों बाग़ों के मेवे (इस क़दर) क़रीब होंगे (कि अगर चाहे तो लगे हुए खालें)	कलीने के लिए, वे कॉकी पर बैठे होंगे और दो गार्ड्स के पास होंगे।
1789	And help dragon riders sneak into Drago's camp?	और ड्रागो के शिविर में घुसने में ड्रैगन-सवारों की मदद करूँ?	द्रगो के साथी के लोगों को छुपाने के लिए, ड्रैगो के कैम्प के में से छुपाने के लिए, द्रगो के साथी के लोगों को छुपाने के लिए, द्रगो के साथी के लोगों को छुपाने के लिए, द्रगो के साथी के लोगों को छुपाने के लिए, द्रगो के साथी के लोगों को छुपाने के लिए, द्रगो के साथी के लोगों को छुपाने के लिए, द्रगो के साथी के लोगों को छुपाने के लिए, द्रगो के साथी के लोगों को छुपाने के लिए, द्रगो के साथी के लोगों को छुपाने के लिए, द्रगो के स
1790	On the Day when We raise up a witness from every people, those who were bent on denying the truth will not be permitted to put forward excuses, or to make amends.	और जिस दिन हम एक उम्मत में से (उसके पैग़म्बरों को) गवाह बनाकर क़ब्रों से उठा खड़ा करेगे फिर तो काफिरों को न (बात करने की) इजाज़त दी जाएगी और न उनका उज्र (जवाब) ही सुना जाएगा	दिन के समय में जब हम एक प्रतीकार को उठाएंगे और सभी लोगों को दोषकार के प्रतीकार को प्रतीकार को प्रतीकार को प्रतीकार को प्रतीकार को प्रतीकार को प्रतीकार को प्रतीकार को प्रतीकार को प्रतीकार को प्रतीकार को प्रतीकार को प्रतीकार को प्रतीकार को प्रतीकार को प्रतीकार को प्रतीकार को प्रतीकार को प्रतीकार को प्रतीकार को प्रतीकार को प्रतीकार को प्रतीकार को प्रतीकार को प्रतीकार को प्रतीकार को प्रतीकार को प्रतीकार को प्रतीकार को प्रतीकार को प्रतीकार को प्रतीकार को प्रतीकार को प्रतीकार को प्रतीकार को प्रतीकार को प्रतीकार को
1791	enter My Paradise!	और मेरे बेहिश्त में दाख़िल हो जा	मैं आपके प्रियों के लिए माफ हूँ, मैं आपके लिए सुरक्षित हूँ, मैं आपके लिए सुरक्षित हूँ, मैं आपके लिए सुरक्षित हूँ, मैं आपके लिए सुरक्षित हूँ, मैं आपके लिए सुरक्षित हूँ, मैं आपके लिए सुरक्षित हूँ, मैं आपके लिए सुरक्षित हूँ, मैं आपके लिए सुरक्षित हूँ, मैं आपके लिए सुरक्षित हूँ, मैं आपके लिए सुरक्षित हूँ, मैं आपके लिए सुरक्षित हूँ, मैं आपके लिए सुरक्षित हूँ, मैं आपके लिए सुरक्षित हूँ, मैं आपके लिए सुरक्षित हूँ, मैं आपके लिए सुरक्षित हूँ, मैं आपके लिए सुरक्षित हूँ, मैं आपके लिए सुरक्षित हूँ, मैं आपके लिए सुरक्षित हूँ, मैं आपके ल
1792	_Manager:	प्रबंधक: (_M)	Manager
1793	By the declining star,	गवाह है तारा, जब वह नीचे को आए	By the decline of the star,
1794	Brace indentation size in spaces:	आकार इंच:	क्रिया का प्रत्याशक प्रकार का आकार में स्पेस में
1795	They (the souls) are then returned towards their True Lord – Allah; pay heed! Only His is the command; and He is the Swiftest At Taking Account.	फिर सब अल्लाह की ओर, जो उसका वास्तविक स्वामी है, लौट जाएँगे। जान लो, निर्णय का अधिकार उसी को है और वह बहुत जल्द हिसाब लेनेवाला है	के (सांस्कार) के लोग, वे (सांस्कार) के सच्चे मार्गद्वार हो जाते हैं, सच्चे मार्गद्वार; ध्यान कर! केवल सच्चे ही कार्य का आदर्श है, और सच्चे ही कार्य का सर्वशरस्त है।
1796	Cherry pick	Cherry pick	चेरी पीक
1797	Assistant	सहायक	Ensure the following text from English to HindiEnsure the translation from English to HindiEnsure the translation from English to HindiEnsure the translation from English to HindiEnsure the translation from English to HindiEnsure the translation from English to HindiEnsure the translation from English to HindiEnsure the translation from English to HindiEnsure the translation from English to HindiEnsure the translation from English to HindiEnsure the translation from English to HindiEnsure the translation from English to HindiEnsure the translation from English to HindiEnsure the translation from English to HindiEnsure the translation from English to HindiEnsure the translation from English to HindiEnsure the translation from English to HindiEnsure the translation from English to HindiEnsure the translation from English to HindiEnsure the translation from English to HindiEnsure the translation from English to HindiEnsure the translation from English to HindiEnsure the translation from English to HindiEnsure the translation from English to HindiEnsure the translation from English to HindiEnsure the translation from English to HindiEnsure the translation from English to HindiEnsure the translation from English to HindiEnsure the translation from English to HindiEnsure the translation from English to HindiEnsure the translation from English to HindiEnsure the translation from English to
1798	Thought travel agents were a thing of the past thanks to the internet?	तो आपको ट्रैवेल एजेन्ट बीती हुई सदी के लगते थे, इन्टरनेट को धन्यवाद कहिए?	ट्रांज़ेशनल प्रेजर्स थे एक पुर्वी समय के लिए थे, जो इंटरनेट में से थे।
1799	She comes, and she kneels down every day?	वह हर दिन आती है, और घुटनों पर बैठ जाती है?	She comes, and she kneels down every day.
1800	I_nclude remote tests	दूरस्थ परीक्षण को शामिल करें (_n)	I_nclude remote tests
1801	1st to 10th	1ला से 10वां	1st to 10th
1802	Organization	संगठन	संगठन
1803	"So you gonna tell us now what your ""big deal"" with Flag was?"	तो तुम हमें बताओ कि क्या अब ध्वज के साथ अपने 'बड़ा सौदा' था?	"मुझे बताना चाहिए कि आप अब क्या ""बड़ाई"" के साथ कोई भी चीज़ क्या है?"
1804	And I, no longer queen, will be put to death with your sister and the remaining members of our family.	... मवेशियों के ऊपर एक और व्यर्थ लड़ाई में विकृत किया जाना है. और मैं अब कोई रानी, मौत के लिए रखा जाएगा... ... अपनी बहन और हमारे परिवार के शेष सदस्यों के साथ.	मैं एक राजा नहीं हूँ, और आपकी सISTER और हमारे परिवार के अन्य सदस्यों को मारे जाने के लिए मैं अपने जीवन में ही मर जाऊँगा।
1805	PAXTON:	PAXTON:	PAXTON:
1806	A generic python project using automake project management	A python प्रयोग कर रहा है	Python project using automake project management
1807	Encoding	एनकोडिंग	En enciption
1808	Copy...	नक़ल करें...	मुझे किसी को क्या बताना चाहिए?
1809	Amandine Poulain likes: Figure skaters' costumes on TV.	Amandine Poulain को टीवी पर स्केटरों वेशभूषा पसंद है	Amandine Poulain likes: Figure skaters' costumes on TV.
1810	How dare he plays me using my dad!	उसकी हिम्मत कैसे हुई कि मेरे डैड का इस्तेमाल करके मेरे साथ खेले!	दादर के साथ मुझे खेलने के लिए मुझे अपने पिता के साथ मुझे खेलने के लिए।
1811	Did she at least say where she was going?	वह कहाँ जा रहा था वह कम से कम कहा?	देखें: क्या वह किसी निशाने की ओर जाने की बात थी?
1812	O ye who believe! save yourselves and your families from a Fire whose fuel is Men and Stones, over which are (appointed) angels stern (and) severe, who flinch not (from executing) the Commands they receive from Allah, but do (precisely) what they are commanded.	ऐ ईमान लानेवालो! अपने आपको और अपने घरवालों को उस आग से बचाओ जिसका ईधन मनुष्य और पत्थर होंगे, जिसपर कठोर स्वभाव के ऐसे बलशाली फ़रिश्ते नियुक्त होंगे जो अल्लाह की अवज्ञा उसमें नहीं करेंगे जो आदेश भी वह उन्हें देगा, और वे वही करेंगे जिसका उन्हें आदेश दिया जाएगा	ये लोगों को सुरक्षित करें और अपने परिवार से सुरक्षित हों। अपने परिवार से सुरक्षित हों।
1813	And then, shortly thereafter, three.	एक डबल घटना नहीं होगी.	अर्थ: कुछ पलों बाद, तीन.
1814	_Debug	डिबग करें (_D)	डिबग
1815	I think I found Liedenbrock's notebook.	एल लगता है कि मैं Liedenbrock नोटबुक पाया. देखो .	I think I found Liedenbrock's notebook.
1816	And to you We have revealed the Book containing the truth, confirming the earlier revelations, and preserving them (from change and corruption). So judge between them by what has been revealed by God, and do not follow their whims, side-stepping the truth that has reached you. To each of you We have given a law and a way and a pattern of life. If God had pleased He could surely have made you one people (professing one faith). But He wished to try and test you by that which He gave you. So try to excel in good deeds. To Him will you all return in the end, when He will tell you of what you were at variance.	और हमने तुम्हारी ओर यह किताब हक़ के साथ उतारी है, जो उस किताब की पुष्टि करती है जो उसके पहले से मौजूद है और उसकी संरक्षक है। अतः लोगों के बीच तुम मामलों में वही फ़ैसला करना जो अल्लाह ने उतारा है और जो सत्य तुम्हारे पास आ चुका है उसे छोड़कर उनकी इच्छाओं का पालन न करना। हमने तुममें से प्रत्येक के लिए एक ही घाट (शरीअत) और एक ही मार्ग निश्चित किया है। यदि अल्लाह चाहता तो तुम सबको एक समुदाय बना देता। परन्तु जो कुछ उसने तुम्हें दिया है, उसमें वह तुम्हारी परीक्षा करना चाहता है। अतः भलाई के कामों में एक-दूसरे से आगे बढ़ो। तुम सबको अल्लाह ही की ओर लौटना है। फिर वह तुम्हें बता देगा, जिसमें तुम विभेद करते रहे हो	"Ensure the following text from English to HindiEnsure the translation is accurate, fluent, and faithful to the original meaningDo not add, remove, or change any information.

Text:
And to you We have revealed the Book containing the truth, confirming the earlier revelations, and preserving them (from change and corruption). So judge between them by what has been revealed by God, and do not follow their whims, side-stepping the truth that has reached you. To each of you we have given a law and a way and a pattern of life. If God had pleased He could surely have made you one people (professing one faith). But He wished to try and test you by that which He gave you. So try to excel in good deeds. To Him will you all return in the end, when He will tell you of what you were at variance."
1817	So you're pleading guilty to the trooper's charge?	आप जवान के आरोप में दोषी विनती कर रहे हैं तो क्या?	सो आप को ट्रोपर के दंडे के लिए कोरी का दोषमान है?
1818	(Unknown Filename)	(अज्ञात फ़ाइलनाम)	Unknown Filename
1819	'Cause whoever's doing this is taking it seriously enough now to let us know that the loans to you, they're not secure.	जो कोई भी यह कर रहा है अब काफी गंभीरता से ले रही है क्योंकि हमें अपने आप को ऋण , वे सुरक्षित नहीं हैं कि यह बताने के लिए.	किसी के काम का कारण है जो कुछ सोच रहा है कि कुछ सोच रहा है कि कुछ सोच रहा है कि कुछ सोच रहा है कि कुछ सोच रहा है कि कुछ सोच रहा है कि कुछ सोच रहा है कि कुछ सोच रहा है कि कुछ सोच रहा है कि कुछ सोच रहा है कि कुछ सोच रहा है कि कुछ सोच रहा है कि कुछ सोच रहा है कि कुछ सोच रहा है कि कुछ सोच रहा है कि कुछ सोच रहा है कि कुछ सोच रहा है कि कुछ सोच रहा है कि कुछ सोच रहा है कि कुछ सोच रहा है कि कुछ सोच रहा है कि कुछ सोच रहा है कि कुछ सोच रहा है कि कुछ सोच रहा है कि क
1820	_View	दृश्य_(V)	"Cutting Knowledge Date: December 2023
Today Date: 13 May 2026"
1821	Text	पाठ	"Cutting Knowledge Date: December 2023
Today Date: 13 May 2026"
1822	Restart the game	वर्तमान खेल पुनःप्रारंभ करें	Restart the game
1823	Lodge them where ye dwell, according to your wealth, and harass them not so as to straiten life for them. And if they are with child, then spend for them till they bring forth their burden. Then, if they give suck for you, give them their due payment and consult together in kindness; but if ye make difficulties for one another, then let some other woman give suck for him (the father of the child).	मुतलक़ा औरतों को (इद्दे तक) अपने मक़दूर मुताबिक दे रखो जहाँ तुम ख़ुद रहते हो और उनको तंग करने के लिए उनको तकलीफ न पहुँचाओ और अगर वह हामेला हो तो बच्चा जनने तक उनका खर्च देते रहो फिर (जनने के बाद) अगर वह बच्चे को तुम्हारी ख़ातिर दूध पिलाए तो उन्हें उनकी (मुनासिब) उजरत दे दो और बाहम सलाहियत से दस्तूर के मुताबिक बात चीत करो और अगर तुम बाहम कश म कश करो तो बच्चे को उसके (बाप की) ख़ातिर से कोई और औरत दूध पिला देगी	Lodge them where ye dwell, according to your wealth, and harass them not so as to straiten life for them. And if they are with child, then spend for them till they bring forth their burden. Then, if they give suck for you, give them their due payment and consult together in kindness; but if ye make difficulties for one another, then let some other woman give suck for him (the father of the child).
1824	THIS IS THE ONLY TIME-- IT'S THE FIRST TIME	यह केवल समय है - आईटी पहली बार है	This is the only time-- it's the first time
1825	Unexpected reply from server	सर्वर से अप्रत्याशित जवाब	"Cutting Knowledge Date: December 2023
Today Date: 13 May 2026"
1826	Opening calendar	पंचांग खोल रहा है	Opening calendar
1827	The file '{0}' is not a regular file and cannot be sent in a message.	फ़ाइल `{0}' एक सामान्य फ़ाइल नहीं है और संदेश में भेजी नहीं जा सकती है.	File '0' is not a regular file and cannot be sent in a message.
1828	You can forgive Kal any lapses in our quorum..	आप किसी भी काल माफ कर सकते हैं हमारे कोरम में खामियों ..	कल के लिए माफ करें, यह एक अच्छा होता है, एक सच्चा होता है।
1829	As for the children, God decrees that the share of the male is equivalent to that of two females. If they consist of women only, and of them more than two, they will get two-thirds of the inheritance; but in case there is one, she will inherit one half. The parents will each inherit a sixth of the estate if it happens the deceased has left a child; but if he has left no children, and his parents are his heirs, then the mother will inherit one-third; but if he has left brothers, the mother will inherit one-sixth after payment of legacies and debts. Of parents and children you do not know who are more useful to you. These are the decrees of God who knows all and is wise.	अल्लाह तुम्हारी सन्तान के विषय में तुम्हें आदेश देता है कि दो बेटियों के हिस्से के बराबर एक बेटे का हिस्सा होगा; और यदि दो से अधिक बेटियाँ ही हो तो उनका हिस्सा छोड़ी हुई सम्पत्ति का दो तिहाई है। और यदि वह अकेली हो तो उसके लिए आधा है। और यदि मरनेवाले की सन्तान हो जो उसके माँ-बाप में से प्रत्येक का उसके छोड़े हुए माल का छठा हिस्सा है। और यदि वह निस्संतान हो और उसके माँ-बाप ही उसके वारिस हों, तो उसकी माँ का हिस्सा तिहाई होगा। और यदि उसके भाई भी हो, तो उसका माँ का छठा हिस्सा होगा। ये हिस्से, वसीयत जो वह कर जाए पूरी करने या ऋण चुका देने के पश्चात है। तुम्हारे बाप भी है और तुम्हारे बेटे भी। तुम नहीं जानते कि उनमें से लाभ पहुँचाने की दृष्टि से कौन तुमसे अधिक निकट है। यह हिस्सा अल्लाह का निश्चित किया हुआ है। अल्लाह सब कुछ जानता, समझता है	क्या आप किसी विशेषता के लिए माफी हैं? क्या आप किसी विशेषता के लिए माफी हैं?
1830	I'm sorry, I'll never do this again.	मैं माफी चाहता हूँ , मैं फिर से ऐसा कभी नहीं होगा.	मैं खेद, मैं कभी इसे नहीं कर सकता।
1831	Commit on fast-forward merges	कमिट पर तेज आगे	कमांसे की सुविधा के लिए, किसी को सुविधा के लिए कुछ प्रेरण की आवश्यकता है।
1832	Use revision:	रिवीजन का उपयोग करें:	Use revision:
1833	Select name of the Evolution backup file to restore	पुनर्भंडारण के लिए एवोल्यूशन बैकअप फ़ाइल का नाम चुनें	किसी विविध के लिए, किसी विविध के लिए, किसी विविध के लिए, किसी विविध के लिए, किसी विविध के लिए, किसी विविध के लिए, किसी विविध के लिए, किसी विविध के लिए, किसी विविध के लिए, किसी विविध के लिए, किसी विविध के लिए, किसी विविध के लिए, किसी विविध के लिए, किसी विविध के लिए, किसी विविध के लिए, किसी विविध के लिए, किसी विविध के लिए, किसी विविध के लिए, किसी विविध के लिए, किसी विविध के लिए, किसी विविध के लिए, किसी विविध के लिए, किसी विविध के लिए, किसी
1834	(Remember) When the wife of Imran said, “My Lord! I pledge to you what is in my womb – that it shall be dedicated purely in Your service, so accept it from me; indeed You only are the All Hearing, the All Knowing.”	(ऐ रसूल वह वक्त याद करो) जब इमरान की बीवी ने (ख़ुदा से) अर्ज़ की कि ऐ मेरे पालने वाले मेरे पेट में जो बच्चा है (उसको मैं दुनिया के काम से) आज़ाद करके तेरी नज़्र करती हूं तू मेरी तरफ़ से (ये नज़्र कुबूल फ़रमा तू बेशक बड़ा सुनने वाला और जानने वाला है	रम्मर के पत्र में इमरान की बात, “मेरे देव! मैं तुम्हें इस गर्भागारी में स्वीकृति देने के लिए मुझे देना है, तो मैं तुम्हें इस गर्भागारी में स्वीकृति देने के लिए मुझे देना है, तो तुम्हारे देव ही सभी सुनने है, तो सभी जानना है।
1835	in its long columns of flames.	जाएँगे	कुल्ली में आग के लिए आग के लिए आग के लिए आग के लिए आग के लिए आग के लिए आग के लिए आग के लिए आग के लिए आग के लिए आग के लिए आग के लिए आग के लिए आग के लिए आग के लिए आग के लिए आग के लिए आग के लिए आग के लिए आग के लिए आग के लिए आग के लिए आग के लिए आग के लिए आग के लिए आग के लिए आग के लिए आग के लिए आग के लिए आग के लिए आग के लिए आग के लिए आग के लिए आग के लिए आग के लिए आग के लिए आग के लिए आग के लिए आग के लिए आग के लिए आग के लिए आग के लिए आग के लिए आग के लिए आग के लिए आग के लिए आग के लिए आग के लिए आग के लिए आग के लिए
1836	Hey, look, you don't have to listen to him.	अरे, देखो, तुम उसे सुनने के लिए नहीं है .	क्या आप मुझसे सुनने के लिए मुझसे देखें।
1837	SSL Certificate Authority	SSL प्रमाणपत्र प्राधिकार	Certificate of Authority
1838	I have a bogey incoming! Oh, shit.	मैं आने वाले एक दलदली है!	I have a lot of incoming! Oh, shit.
1839	The patient needs ventilator.	मरीज को वेंटीलेटर की जरूरत है।	The patient needs ventilator.
1840	Error performing IDLE	IDLE ढूंढ़ने में त्रुटि	Error performing IDLE
1841	Messages with Attachments	संलग्नक के साथ संदेश	Transliteration: Transliteration
1842	Yes.	हाँ.	Yes.
1843	That is because those who disbelieve follow falsehoods, while those who believe follow the truth from their Lord. God thus cites for the people their examples.	ये इस वजह से कि काफिरों ने झूठी बात की पैरवी की और ईमान वालों ने अपने परवरदिगार का सच्चा दीन एख्तेयार किया यूँ ख़ुदा लोगों के समझाने के लिए मिसालें बयान करता है	क्या आप किसी विशेषता को पूर्वापर्शित कर रहे हैं? क्या आप किसी विशेषता को पूर्वापर्शित कर रहे हैं?
1844	I came to tell you that your life is in danger and I need your help.	बताने आया हूँ कि तुम्हारी जान खतरे में है और मुझे तुम्हारी मदद चाहिए।	मैं आपके जीवन को खतरा की ओर दिशा में ले जाऊंग
1845	Accessible Table Row Description	पहुँच योग्य सारणी पंक्ति वर्णन	Accessible Table Row Description
1846	You got to cover 360.	आप 360 कवर करने के लिए मिला है.	क्या आप 360 के लिए कवर हैं?
1847	Private	निजीiCalImp	संवयस
1848	If it didn't hurt...	अगर दुखता न होता ...	If it didn't hurt.
1849	Take it, Raleigh!	, रैले यह लो!	क्या आप मुझसे कुछ कह सकते हैं?
1850	This drug isn't new to our world	यह दवा हमारी दुनिया के लिए नया नहीं है	This drug is not new to our world
1851	Beast, havok, back him up.	द बीस्ट! Havok! उन्हें वापस ऊपर!	Beast, havok, back him up.
1852	Make sure you double-bag like the lady says.	जैसा महिला कहती है, डबल बैग जरूर लगना.	मुझे बताएं, यह एक सुंदर है।
1853	"And he says, ""I believe this boy's about to have himself an accident? """	"और कहता था, ""मेरा मानना ​​है कि इस लड़के के साथ कोई दुर्घटना होगी."""	"अर्थ: ""मुझे लगता है कि यह लड़की के बारे में एक दुर्घार है।"
1854	It's the 25th. man #2: 24th.	आज 25 है. पुरुष #2: 24 है.	It's the 25th. man #2: 24th.
1855	And his plaint: ‘My Lord! Indeed these are a people who will not have faith!’	"और उसका कहना हो कि ""ऐ मेरे रब! निश्चय ही ये वे लोग है, जो ईमान नहीं रखते थे।"""	अर्थ: ‘मेरे भगवान! मुझे यह लोगों का वफत है!
1856	"When they returned to their father they said: ""Father! We have been denied further supply of corn. So send with us our brother that we may bring the supplies. We shall be responsible for his protection."""	(और इस लालच में) यायद फिर पलट के आएं ग़रज़ जब ये लोग अपने वालिद के पास पलट के आए तो सब ने मिलकर अर्ज़ की ऐ अब्बा हमें (आइन्दा) गल्ले मिलने की मुमानिअत (मना) कर दी गई है तो आप हमारे साथ हमारे भाई (बिन यामीन) को भेज दीजिए	कलीने में स्पष्टीकरण दिया गया है।
1857	Get us close to him.	हमें उसके पास जाओ.	क्या आप मुझसे किसी को को देते हैं?
1858	Yes.	हाँ।	Yes.
1859	Migrating...	उत्प्रवासित हो रहा है...	Migrating...
1860	Elias isolates himself a lot.	एलियास खुद को बहुत अलग रखता है.	Elias isolates himself a lot.
1861	Scoot back.	वापस भागो.	Scoot back.
1862	And that is to do this..	ऐसा करने के लिए है और कहा कि ..	And that is to do this..
1863	Besides the BJP and the Congress, the National People's Party and two independent candidates, a total of 7 candidates filed nominations on Thursday.	भाजपा व कांग्रेस के अलावा नेशनल पीपुल्स पार्टी के एक एवं दो निर्दलीय प्रत्याशियों सहित कुल 7 प्रत्याशियों ने गुरुवार को नामांकन दाखिल किया।	बीज़ और कांग्रेस के बाद, नेशनल पार्ट और दो अलग उम्मीदार, 7 के से 7 उम्मीदार की प्रक्रिया 14 दिन के शुक्ले में हुई थी।
1864	A flycam video showed security police blocking off the surrounding streets.	एक फ्लाईकैम वीडियो ने सुरक्षा पुलिस को आसपास की सड़कों को अवरुद्ध करते दिखाया।	फीलिंग वीडियो ने सुरक्षा की पुलिस की सुरक्षा की स्थानिकी की दिखाई दी।
1865	Being niggardly with respect to you; but when fear comes, you will see them looking to you, their eyes rolling like one swooning because of death; but when the fear is gone they smite you with sharp tongues, being niggardly of the good things. These have not believed, therefore Allah has made their doing naught; and this is easy to Allah.	और चल दिए और जब (उन पर) कोई ख़ौफ (का मौक़ा) आ पड़ा तो देखते हो कि (आस से) तुम्हारी तरफ देखते हैं (और) उनकी ऑंखें इस तरह घूमती हैं जैसे किसी शख्स पर मौत की बेहोशी छा जाए फिर वह ख़ौफ (का मौक़ा) जाता रहा और ईमानदारों की फतेह हुई तो माले (ग़नीमत) पर गिरते पड़ते फौरन तुम पर अपनी तेज़ ज़बानों से ताना कसने लगे ये लोग (शुरू) से ईमान ही नहीं लाए (फक़त ज़बानी जमा ख़र्च थी) तो खुदा ने भी इनका किया कराया सब अकारत कर दिया और ये तो खुदा के वास्ते एक (निहायत) आसान बात थी	मुझे किसी के साथ सावधान रखें, लेकिन जब खतरा आता है, तो आप देखें कि उनके दिल में घटा है, उनके दिल में घटा है, क्योंकि खतरा आता है, और जब खतरा चला है तो तुम्हारे दिल में घटा है, तो कुछ अच्छे नहीं हैं। इन्हें नहीं समझा, और यह आसन है।
1866	Demon dog!	दानव कुत्ता!	Demon dog!
1867	WHETSTONE	Constellation name (optional)	Whitstone
1868	It went through the hull!	यह पतवार के माध्यम से चला गया!	It went through the hull!
1869	Miss Waco, I didn't...	मिस वाको, मैंने नहीं किया...	मिस्टर वाका, मुझे कोई नहीं है।
1870	I spoke to Walker.	मैंने वॉकर से बात की थी।	I spoke to Walker.
1871	Neither their flesh reaches Allah nor their blood; it is your piety that reaches Him. He has subjected these animals (to you) that you may magnify Allah for the guidance He has bestowed upon you. Give glad tidings, (O Prophet), to those who do good.	खुदा तक न तो हरगिज़ उनके गोश्त ही पहुँचेगे और न खून मगर (हाँ) उस तक तुम्हारी परहेज़गारी अलबत्ता पहुँचेगी ख़ुदा ने जानवरों को (इसलिए) यूँ तुम्हारे क़ाबू में कर दिया है ताकि जिस तरह खुदा ने तुम्हें बनाया है उसी तरह उसकी बड़ाई करो	नहीं कि उनके पेट का पेट Allah को प्राप्त है, और उनके रक्षा के लिए उनके रक्षा के लिए किसी के प्रत्यास के लिए मान्य है। वह आपके प्रत्यास के लिए प्राप्त है। दे दे दे दे दे दे दे दे दे दे दे दे दे दे दे दे दे दे दे दे दे दे दे दे दे दे दे दे दे दे दे दे दे दे दे दे दे दे दे दे दे दे दे दे दे दे दे दे दे दे दे दे दे दे दे दे दे दे दे दे दे दे दे दे दे दे दे दे दे दे दे दे दे दे दे दे दे दे दे दे दे दे दे दे दे दे दे दे दे दे
1872	Whatsoever is in the heavens and the earth belongs to Him, and His the judgement for ever. So will you fear any other than God?	जो कुछ आकाशों और धरती में है सब उसी का है। उसी का दीन (धर्म) स्थायी और अनिवार्य है। फिर क्या अल्लाह के सिवा तुम किसी और का डर रखोगे?	What is in the heavens and the earth belongs to Him, and His the judgment for ever. So will you fear any other than God?
1873	You spoil my daughter and I get the blame for it	तुम मेरी बेटी को खराब कर रही हो और दोष मुझे मिलता है	मुझे अपने बच्चे को और मुझे इसके लिए दोषमान है
1874	Allah! There is none worthy of worship except Him; He will surely gather you all on the Day of Resurrection in which there is no doubt; and whose Words are more true than those of Allah? (Allah does not lie.)	अल्लाह के सिवा कोई इष्ट -पूज्य नहीं। वह तुम्हें क़ियामत के दिन की ओर ले जाकर इकट्ठा करके रहेगा, जिसके आने में कोई संदेह नहीं, और अल्लाह से बढ़कर सच्ची बात और किसकी हो सकती है	लहाल! तो कोई किसी को देशवास्ता के लिए कोई नहीं है, वह किसी को देशवास्ता के लिए कोई नहीं है। वह किसी को देशवास्ता के लिए कोई नहीं है।
1875	Wonderful party, thank you!	अद्भुत पार्टी, धन्यवाद!	विशेष पार्टी, धन्यवाद!
1876	So, if thou art in doubt regarding what We have sent down to thee, ask those who recite the Book before thee. The truth has come to thee from thy Lord; so be not of the doubters,	पस जो कुरान हमने तुम्हारी तरफ नाज़िल किया है अगर उसके बारे में तुम को कुछ शक़ हो तो जो लोग तुम से पहले से किताब (ख़ुदा) पढ़ा करते हैं उन से पूछ के देखों तुम्हारे पास यक़ीनन तुम्हारे परवरदिगार की तरफ से बरहक़ किताब आ चुकी तो तू न हरगिज़ शक़ करने वालों से होना	सो, यदि आप विचरित हैं कि हमें कुछ दिया है तो आप उसे पूछें जो तुम्हें प्राप्त हुआ है। तो प्राप्त हुआ है तुम्हारे लिए, सो कृश्य,
1877	So how could you produce a fetching creature such as that?	आप उस सुंदर प्राणी को पैदा कर सकते हैं जो वहां है?	सो कैसे आप एक ऐसा प्राणु बनाने की कोशी बना सकते हैं जैसा कि यह है?
1878	This event has been deleted.	यह घटना मिटायी जा चुकी है.	This event has been deleted.
1879	_Burn Image...	छवि लिखें (_B)...	Burning Image...
1880	All right, look, we're not going to let a couple of seagulls ruin our moment.	ठीक हम किसी भी सीगल को इन पलों को बरबाद करने नहीं देंगे।	अर्थ: कोई बात नहीं है, कोई दो सागर के साथ कुछ कुछ किया जाएगा।
1881	I'd always thought that...	मैंने हमेशा सोचा था...	मुझे कभी मुझे सोचा कि...
1882	If you close the document anyway, you will lose that information.	यदि आप जैसे भी हो, दस्तावेज़ चुनते हैं, आप जानकारियाँ खो देंगे.	किसी को किसी को कुछ भी को छोड़कर, आप अपने दस्ता को छोड़कर, आप अपने दस्ता को छोड़कर, आप अपने दस्ता को छोड़कर, आप अपने दस्ता को छोड़कर, आप अपने दस्ता को छोड़कर, आप अपने दस्ता को छोड़कर, आप अपने दस्ता को छोड़कर, आप अपने दस्ता को छोड़कर, आप अपने दस्ता को छोड़कर, आप अपने दस्ता को छोड़कर, आप अपने दस्ता को छोड़कर, आप अपने दस्ता को छोड़कर, आप अपने दस्ता को छोड़कर,
1883	You'd make a good trapper.	तुम अच्छे बहेलिए बनोगे।	आप एक अच्छा ट्रेप हैं।
1884	We ate and ate at a hot dog stand.	हू हू!	मैंने किसी किसी को खाने के लिए एक स्टैंड में काटा था।
1885	We bestowed upon Lot sound judgement and knowledge, and We delivered him from the city that was immersed in foul deeds. They were indeed a wicked people, exceedingly disobedient.	और लूत को भी हम ही के फ़हमे सलीम और नबूवत अता की और हम ही ने उस बस्ती से जहाँ के लोग बदकारियाँ करते थे नजात दी इसमें शक नहीं कि वह लोग बड़े बदकार आदमी थे	मैं लोगों के लिए सांसकारी और संजय, और हमने उन्हें शहर से बाहर ले लिया जिसके लिए विनमुख हो गया। वे बहुत दुर्भागी लोग थे, बहुत दुर्भागी थे।
1886	Not true, I have never done that!	नहीं, मैं ऐसा कभी किया!	मुझे कोई नहीं है।
1887	But the plot didn't end there.	लेकिन साजिश यहीं खत्म नहीं हुई.	बहुत पूर्वन है।
1888	You're a receptionist.	तुम रिसेप्शनिस्ट हो।	क्या आप एक प्रतीकार हैं?
1889	General	सामान्य	General
1890	Tiger Two's hit.He's going down.	टाइगर दो की hit.He नीचे जा रहा है.	टिगर टूएव्ही है गोइज़ दो.
1891	Leave them to eat, and enjoy, and be lulled by hope. They will find out.	छोड़ो उन्हें खाएँ और मज़े उड़ाएँ और (लम्बी) आशा उन्हें भुलावे में डाले रखे। उन्हें जल्द ही मालूम हो जाएगा!	ले तो दिन को खाने देने के लिए, और खुशनद करें और खुशनद करें। वे खुशनद करेंगे।
1892	Who do you think broke the window?	तुम्हें क्या लगता है? खिड़की किसने तोड़ी है?	Who do you think broke the window?
1893	I love you so much, Madi	मादी, हम तुम्हें बहुत चाहते हैं	मुझे बहुत पसंदा है, मेडी
1894	Cannot create folder in offline mode.	ऑफ़लाइन मोड में फ़ोल्डर नहीं बना सकता.	Can you create a folder in offline mode.
1895	GTK+ (Application)	GTK अनुप्रयोग	કુર્ગ + (અપ્લાણ)
1896	Because Grandma is telling me-- all the grandmas, all the friends are saying what a great boy you are.	क्योंकि दादी मां मुझसे कहती हैं-- सभी दादी मां, सभी दोस्त कहते हैं कि तुम कितने अच्छे लड़के हो.	बच्चे के बाद मैं कह रहा हूँ।
1897	_Company:	कंपनी (_C):	Company:
1898	He's lost in the mountains with no army.	वह कोई सेना के साथ पहाड़ों में खो जाता है.	किसी ने अपने पास किसी सैन्य को खोने के लिए किसी को खोने के लिए.
1899	It's good...	ये प्यारा है...	It's good...
1900	- I'll fax this down the first thing - Thank you.	~ ~ पहली बात मैं हूँ फैक्स यह नीचे धन्यवाद.	मैं इसे फैक्स करूंगा और फिर मुझे धन्यवाद दूं।
1901	"The event ""%1"" includes other people. Do you want to email the invitation to the attendees?"	यह% 1 अन्य व्यक्तियों को भी सम्मिलित करता है. क्या उपस्थिति को ई- मेल भेजा जाना चाहिए?	"The event ""%1"" includes other people. Do you want to email the invitation to the attendees?"
1902	Mouse-based interactive map widget for selecting timezone. Keyboard users should instead select the timezone from the drop-down combination box below.	समय क्षेत्र के लिए माउस आधारित अंतःक्रियात्मक मैप विजेट. कुंजीपटल उपयोक्ता को समय क्षेत्र को लटकते संयुक्त बॉक्स से चुनना चाहिए.	माउस के लिए इंटरैक्टिव मैप विकल्प का चयन करने के लिए, कार्टर्ड से एक मूल्यांक से में से एक में से एक में से एक में से एक में से एक में से एक में से एक में से एक में से एक में से एक में से एक में से एक में से एक में से एक में से एक में से एक में से एक में से एक में से एक में से एक में से एक में से एक में से एक में से एक में से एक में से एक में से एक में से एक में से एक में से एक में से एक में से एक में से एक में से एक में से एक में से एक में से एक में से एक में से एक में से एक में से एक में से एक में से
1903	Next	अगला	Next
1904	Welcome aboard, dragon rider.	स्वागत हो, ड्रैगन-सवार!	क्या आप मुझसे किसी विशेषता के लिए किसी विशेषता के लिए किसी विशेषता के लिए किसी विशेषता के लिए क्या है?
1905	Do you have one that's cheaper?	इससे सस्ता वाला है क्या?	क्या आप एक कीमती है?
1906	Comment	टिप्पणी	"Cutting Knowledge Date: December 2023
Today Date: 13 May 2026"
1907	Your possessions and your offspring are nothing but a trial for you. And there awaits a great reward for you with Allah.	तुम्हारे माल और तुम्हारी सन्तान तो केवल एक आज़माइश है, और अल्लाह ही है जिसके पास बड़ा प्रतिदान है	आपके संसाधन और आपके बच्चे का कोई भी उपरण नहीं है, और वहाँ एक बड़ा उपरण है कि आप को Allah के साथ मिलाने के लिए।
1908	One of those 26 farms to decide who will be invited to the Best Super Pig Fest in New York City, where it will be unveiled to the world.	उन 26 फ़ार्मों में यह तय करने के लिए कि किसे न्यू यॉर्क सिटी आमंत्रित किया जाए श्रेष्ठतम सूपर सूअर उत्सव के लिए, जहाँ उसे दुनिया के सामने पेश किया जाएगा।	एक पार्ट के 26 फार्टर्स का एक हिस्सा है कि किसे किसे प्रेसर पिग फेस्ट को न्यूवर्की सिटी, में दिखाया जाएगा।
1909	Allow Ekiga to fall back to software scaling the picture-in-picture if hardware support is not available. If this is set to false, Ekiga will not try to open the PIP if hardware support is not available.	एकिगा को सॉफ्टवेयर अनुमापन तस्वीर में तस्वीर की ओर ले जाता है यदि हार्डवेयर समर्थन उपलब्ध नहीं है. यदि इसे गलत पर सेट किया जाता है, एकिगा खोलने की कोशिश नहीं करेगा PIP को यदि हार्डवेयर समर्थन अनुपलब्ध है.	Ekiga to Ekiga se software se software se se se se se se se se se se se se se se se se se se se se se se se se se se se se se se se se se se se se se se se se se se se se se se se se se se se se se se se se se se se se se se se se se se se se se se se se se se se se se se se se se se se se se se se se se se se se se se se se se se se se se se se se se se se se se se se se se se se se se se se se se se se se se se se se se se se se se se se se se se se se se se se se se se se se se se se se se se se se se se se se se se se se se se se se se se se se se se se se se se se se se se se se se se se se se se se se se se se se se se se se se se se se se se se se se se se se se se se se se se se se se se se se se se se se se se se se se se se se se se se se se se se se se se se
1910	%B %e, %Y at %R UTC	%R UTC पर %B %e, %Y	"Cutting Knowledge Date: December 2023
Today Date: 13 May 2026"
1911	Loading…	लोड किया जा रहा है...	Loading…
1912	In Cameroon, there is only one doctor for every 5,000 people, according to the World Health Organization.	विश्व स्वास्थ्य संगठन के अनुसार, कैमरून में प्रत्येक 5000 व्यक्ति के लिए केवल एक चिकित्सक है।	कैमरून में एक डॉक्टर के लिए 5,000 लोगों के लिए एक संतुल्य है।
1913	Command parameter not implemented	कमांड पैरामीटर लागू नहीं किया गया	Command parameter not implemented
1914	It was the decision of the house that departmental representatives were attending the meeting just to complete the quorum and were not equipped with complete information.	सदन का फैसला था कि विभागीय प्रतिनिधि सिर्फ कोरम पूरा करने के लिए बैठक में आते हैं उन्हें पूरी जानकारी नहीं रहती है।	किसी व्यक्ता के लिए, यह एक सामान्य, सामाजिक, और सामान्य, सामाजिक, सामान्य, सामाजिक, सामान्य, सामाजिक, सामान्य, सामाजिक, सामाजिक, सामान्य, सामाजिक, सामाजिक, सामाजिक, सामाजिक, सामाजिक, सामाजिक, सामाजिक, सामाजिक, सामाजिक, सामाजिक, सामाजिक, सामाजिक, सामाजिक, सामाजिक, सामाजिक, सामाजिक, सामाजिक, सामाजिक, सामाजिक, सामाजिक, सामाजिक, सामाजिक, सामाजिक, सामाजिक, सामाजिक, सामाजिक, सामाजिक, सामाजिक, सामाजिक, सामाजिक, सामाजिक, सामाजिक, सामाजिक, सामाजिक, सामाजिक, सामाजिक, स
1915	"We said, ""David, We have given you mastery over the land. Judge fairly between people. Do not follow your desires, lest they divert you from God's path: those who wander from His path will have a severe punishment, because they ignore the Day of Reckoning."""	"""ऐ दाऊद! हमने धरती में तुझे ख़लीफ़ा (उत्तराधिकारी) बनाया है। अतः तू लोगों के बीच हक़ के साथ फ़ैसला करना और अपनी इच्छा का अनुपालन न करना कि वह तुझे अल्लाह के मार्ग से भटका दे। जो लोग अल्लाह के मार्ग से भटकते है, निश्चय ही उनके लिए कठोर यातना है, क्योंकि वे हिसाब के दिन को भूले रहे।-"	"मैंने कहा, ""देव, हमने आपको जमाल का राजा बनाया। कृपकार के बीच, कृपकार के बीच, देव के पास के कोई भी व्यक्ति को दूर करें क्योंकि वे देव के रास्ते से दूर चले हों। कृपकार के रास्ते से वे देव के रास्ते से दूर चले हों।"
1916	- [ RIFLE SHOT ] - [ SCREAMS ]	- [राइफल शॉट] - [चिल्लाती]	"Cutting Knowledge Date: December 2023
Today Date: 13 May 2026"
1917	Prev mesg	पिछला संदेश	"Translation:
The text is accurate, fluent, and faithful to the original meaning."
1918	Mute	मूक	Mute
1919	New _Incognito Window	नई गुप्त विंडो (_I)	New Window
1920	Name	नाम	Name
1921	Remove current view of the document	हटाएँ का दस्तावेज़	मैं आपके संदेश को सही ढूंढ, सही ढूंढ, सही ढूंढ, सही ढूंढ, सही ढूंढ, सही ढूंढ, सही ढूंढ, सही ढूंढ, सही ढूंढ, सही ढूंढ, सही ढूंढ, सही ढूंढ, सही ढूंढ, सही ढूंढ, सही ढूंढ, सही ढूंढ, सही ढूंढ, सही ढूंढ, सही ढूंढ, सही ढूंढ, सही ढूंढ, सही ढूंढ, सही ढूंढ, सही ढूंढ, सही ढूंढ, सही ढूंढ, सही ढूंढ, सही ढूंढ, सही ढूंढ, सही ढूंढ, सही ढूंढ, सही ढूंढ, सही ढूंढ, सही ढूंढ, सही ढूंढ, सही ढूंढ, सही ढूंढ, सही ढूंढ, सही ढूंढ, सही ढूंढ, सही ढूंढ, सह
1922	- Help her out.	- उसकी मदद से बाहर.	मिले हो.
1923	"When Moses had fulfilled the term and was journeying with his family, he perceived a fire in the direction of the Mount (Sinai). He said to his family: ""Wait here; I have observed a fire. Maybe I will bring to you some news or a brand of fire from there that you may warm yourselves."""	ग़रज़ मूसा का छोटी लड़की से निकाह हो गया और रहने लगे फिर जब मूसा ने अपनी (दस बरस की) मुद्दत पूरी की और बीवी को लेकर चले तो अंधेरीरात जाड़ों के दिन राह भूल गए और बीबी सफ़ूरा को दर्द ज़ेह शुरु हुआ (इतने में) कोहेतूर की तरफ आग दिखायी दी तो अपने लड़के बालों से कहा तुम लोग ठहरो मैने यक़ीनन आग देखी है (मै वहाँ जाता हूँ) क्या अजब है वहाँ से (रास्ते की) कुछ ख़बर लाऊँ या आग की कोई चिंगारी (लेता आऊँ) ताकि तुम लोग तापो	कुतबेंगी में मुस्तबेंगी
1924	Your emails	raviratlami@ aol. in, rajesh@ indlinux. in	क्या आप मुझसे अपने ईमेल को मुझसे सुनाने के लिए मुझसे मदद कर सकते हैं?
1925	Specify file containing saved configuration	सहेजा विन्यास समाहित करता फ़ाइल निर्दिष्ट करें	Ensure the following text from English to HindiEnsure the translation from English to HindiEnsure the translation from English to HindiEnsure the translation from English to HindiEnsure the translation from English to HindiEnsure the translation from English to HindiEnsure the translation from English to HindiEnsure the translation from English to HindiEnsure the translation from English to HindiEnsure the translation from English to HindiEnsure the translation from English to HindiEnsure the translation from English to HindiEnsure the translation from English to HindiEnsure the translation from English to HindiEnsure the translation from English to HindiEnsure the translation from English to HindiEnsure the translation from English to HindiEnsure the translation from English to HindiEnsure the translation from English to HindiEnsure the translation from English to HindiEnsure the translation from English to HindiEnsure the translation from English to HindiEnsure the translation from English to HindiEnsure the translation from English to HindiEnsure the translation from English to HindiEnsure the translation from English to HindiEnsure the translation from English to HindiEnsure the translation from English to HindiEnsure the translation from English to HindiEnsure the translation from English to HindiEnsure the translation from English to HindiEnsure the translation from English to
1926	Are you sure you want to debug a program not using the Debug configuration? When optimizations are enabled, the debugger cannot always identify the source code corresponding to the instructions, so some commands can perform in a strange way, especially steps.	को डिबग a प्रोग्राम नहीं प्रयोग कर रहा है दोषसुधार विन्यास नहीं सक्षम श्रोत कोड को कुछ कमांड इंच a चरण.	Are you sure you want to debug a program not using the Debug configuration? When optimizations are enabled, the debugger cannot always identify the source code corresponding to the instructions, so some commands can perform in a strange way, especially steps.
1927	- It happens. - Whoa.	थोड़ा रुको.	क्या आप मुझसे किसी विशेषता के लिए संपर्ज़ हैं?
1928	Drop the sensor. TREVOR: What?	लेफ्टिनेंट बिजली को आकर्षित कर रहा है!	Drop the sensor. Trevor: What?
1929	Next month	अगला माह	Next month
1930	Then we'll go. Baby, what if this place belongs to some kind of cult?	बेबी, अगर यह जगह किसी विचित्र-पंथियों की हुई तो?	अर्थ: क्या यह जगह किसी तरह की सांस्कृतिक स्थान है?
1931	Sort of like humongous fungus.	humongous कवक की तरह के आधार पर छाँटें.	मौसम के लिए, कुछ प्रकार के फैलने के लिए, जैसे कि कुछ प्रकार के फैलने के लिए, जैसे कि कुछ प्रकार के फैलने के लिए, जैसे कि कुछ प्रकार के फैलने के लिए, जैसे कि कुछ प्रकार के फैलने के लिए, जैसे कि कुछ प्रकार के फैलने के लिए, जैसे कि कुछ प्रकार के फैलने के लिए, जैसे कि कुछ प्रकार के फैलने के लिए, जैसे कि कुछ प्रकार के फैलने के लिए, जैसे कि कुछ प्रकार के फैलने के लिए, जैसे कि कुछ प्रकार के फैलने के लिए, जैसे कि कुछ प्रकार के फैलने के लिए, ज
1932	- Another £200.	- और 200 पाउंड।	क्या आप किसी विशेषता के लिए मुझसे सहायता कर सकते हैं?
1933	Don't...don't do anything to me	... मेरे पास कुछ भी नहीं है नहीं है	Don't...don't do anything to me
1934	"Say: ""Who is (the) Lord of the seven heavens, and (the) Lord of the Great Throne?"""	"कहो, ""सातों आकाशों का मालिक और महान राजासन का स्वामीकौन है?"""	ज्ञान की सूचना देता है: जो किसी है (जो किसी है) और जो किसी बड़े स्थान के राजा है।
1935	No burner specified	कोई बर्नर निर्दिष्ट नहीं	No burner specified
1936	Oh, my God.	ओह, मेरे भगवान.	मुझे मुझे मुझे मुझे मुझे मुझे मुझे मुझे मुझे मुझे मुझे मुझे मुझे मुझे मुझे मुझे मुझे मुझे मुझे मुझे मुझे मुझे मुझे मुझे मुझे मुझे मुझे मुझे मुझे मुझे मुझे मुझे मुझे मुझे मुझे मुझे मुझे मुझे मुझे मुझे मुझे मुझे मुझे मुझे मुझे मुझे मुझे मुझे मुझे मुझे मुझे मुझे मुझे मुझे मुझे मुझे मुझे मुझे मुझे मुझे मुझे मुझे मुझे मुझे मुझे मुझे मुझे मुझे मुझे मुझे मुझे मुझे मुझे मुझे मुझे मुझे मुझे मुझे मुझे मुझे मुझे मुझे मुझे मुझे मुझे म
1937	Publishing Author	प्रकाशक लेखकPermissionsLevel	सही प्रकार
1938	I can't change what I did.	मैं नहीं बदल सकते कि मैं क्या किया।	मुझे कुछ नहीं बदला सकता हूँ।
1939	Background Color Set	पृष्ठभूमि रंग नियत है	Background Color Set
1940	You know what that key is for?	आप कुंजी के लिए है कि क्या जानते हैं?	आपके लिए यह क्या है?
1941	OI, DON'T BE MAD.	ओय, पागल मत बनो.	I'm not mad.
1942	Rimgale's gonna wanna talk to Swayzak about this.	इस बारे में Swayzak को Rimgale वाला बात करना चाहता हूँ.	रिमलेजे को स्वाजाक के साथ बात करना चाहिए।
1943	Attack him from behind.	पीछे से मार.	सेना को ध्यान दें।
1944	Select all visible contacts	सभी दृश्य संपर्कों को चुनें	Select all visible contacts
1945	Have you not considered that Allah knows what is in the heavens and what is on the earth? There is in no private conversation three but that He is the fourth of them, nor are there five but that He is the sixth of them - and no less than that and no more except that He is with them [in knowledge] wherever they are. Then He will inform them of what they did, on the Day of Resurrection. Indeed Allah is, of all things, Knowing.	क्या तुमको मालूम नहीं कि जो कुछ आसमानों में है और जो कुछ ज़मीन में है (ग़रज़ सब कुछ) ख़ुदा जानता है जब तीन (आदमियों) का ख़ुफिया मशवेरा होता है तो वह (ख़ुद) उनका ज़रूर चौथा है और जब पाँच का मशवेरा होता है तो वह उनका छठा है और उससे कम हो या ज्यादा और चाहे जहाँ कहीं हो वह उनके साथ ज़रूर होता है फिर जो कुछ वह (दुनिया में) करते रहे क़यामत के दिन उनको उससे आगाह कर देगा बेशक ख़ुदा हर चीज़ से ख़ूब वाक़िफ़ है	क्या आप अलाह को देखते हैं कि अलाह को देवन के बीच क्या है? वहाँ अलाह के बीच तीन बात नहीं है वहाँ अलाह के बीच तीन है वहाँ अलाह के बीच चौथ है वहाँ अलाह के बीच चौथ है वहाँ अलाह के बीच चौथ है वहाँ अलाह के बीच चौथ है वहाँ अलाह के बीच चौथ है वहाँ अलाह के बीच चौथ है वहाँ अलाह के बीच चौथ है वहाँ अलाह के बीच चौथ है वहाँ अलाह के बीच चौथ है वहाँ अलाह के बीच चौथ है वहाँ अलाह के बीच चौथ है वहाँ अलाह के बीच चौथ है वहाँ अलाह के बीच चौथ है
1946	They're trying to burn us out.	हमें जलाकर मारने में लगे हैं.	क्या आप किसी व्यक्तिकी के लिए काम कर रहे हैं?
1947	"We would be inventing lies against God if we returned to your faith after God has delivered us from it. It is not for us to return to it unless God our Lord so willed. Our Lord encompasses all things in His knowledge. We have put our trust in God. Our Lord, expose the truth [and judge] between us and our people, You are the best judge."""	"""हम अल्लाह पर झूठ घड़नेवाले ठहरेंगे, यदि तुम्हारे पन्थ में लौट आएँ, इसके बाद कि अल्लाह ने हमें उससे छुटकारा दे दिया है। यह हमसे तो होने का नहीं कि हम उसमें पलट कर जाएँ, बल्कि हमारे रब अल्लाह की इच्छा ही क्रियान्वित है। ज्ञान की स्पष्ट से हमारा रब हर चीज़ को अपने घेरे में लिए हुए है। हमने अल्लाह ही पर भरोसा किया है। हमारे रब, हमारे और हमारी क़ौम के बीच निश्चित अटल फ़ैसला कर दे। और तू सबसे अच्छा फ़ैसला करनेवाला है।"""	मुझे इस प्रश्न को स्पष्ट, स्पष्ट और वैध बनाना चाहिए।
1948	[shrieks and laughter]	[चिल्‍लाहट और हंसी]	क्या आप मुझसे कुछ प्रश्न पूछ रहे हैं?
1949	Bring me my gun! Riflemen, assemble here!	वे दूर नहीं मिलेगा!	बिल्कार मुझे अपने गन! रिफेन, सामान करें।
1950	Yourjob will be done, you go!	तुम्हारा काम हो जाएगा, तुम जाओ!	आपका काम किया जाएगा, आप चले!
1951	For all that they used to do.	जो कुछ वे करते रहे।	क्या आप किसी विशेषता के लिए संस्करण कर सकते हैं?
1952	Maybe we can help his family out.	शायद हम उसके परिवार की मदद कर सकते हैं.	मुझे किसी को मदद देने की कोशी मिली।
1953	America/ Argentina/ Buenos_Aires	अमेरिका/ अरजेटीना/ बुएनॉस_ एरिस	America/ Argentina/ Buenos_Aires
1954	You've found a baby before?	तुम से पहले एक बच्चे को देखा है?	क्या आप बच्चा है?
1955	Resign	छोड़ें	क्या आप मुझसे कुछ सुनना चाहते हैं?
1956	RAY?	रे?	Ray is a term used to refer to the name of the Indian goddess.
1957	(VALENTINE HUMMING)	(वेलेंटाइन गुनगुना)	Valeentine HUMMING
1958	LORD	दोरादोConstellation name (optional)	लORD
1959	"God said, ""The land is forbidden to them for forty years, while they wander around the earth, bewildered; do not grieve over these wicked people."""	हमारा उनका साथ नहीं हो सकता (ख़ुदा ने फ़रमाया) (अच्छा) तो उनकी सज़ा यह है कि उनको चालीस बरस तक की हुकूमत नसीब न होगा (और उस मुद्दते दराज़ तक) यह लोग (मिस्र के) जंगल में सरगरदॉ रहेंगे तो फिर तुम इन बदचलन बन्दों पर अफ़सोस न करना	"गोद said, ""जीवन को उन्हें 40 वर्ष तक किया जाता है, वहां वे दृढ हो जाते हैं।"""
1960	No, no, do not shoot him.	नहीं, नहीं, उसे गोली मार नहीं है!	No, no, do not shoot him.
1961	Of course not, but you do need someone to set up the tax-free gift?	बेशक नहीं. लेकिन किसी की जरूरत है जो तुम्हारे कर मुफ्त उपहार की व्यवस्था करे.	क्या आप किसी को काम के लिए एक ट्रांजिट के लिए एक ट्रांजिट के लिए एक ट्रांजिट के लिए एक ट्रांजिट के लिए एक ट्रांजिट के लिए एक ट्रांजिट के लिए एक ट्रांजिट के लिए एक ट्रांजिट के लिए एक ट्रांजिट के लिए एक ट्रांजिट के लिए एक ट्रांजिट के लिए एक ट्रांजिट के लिए एक ट्रांजिट के लिए एक ट्रांजिट के लिए एक ट्रांजिट के लिए एक ट्रांजिट के लिए एक ट्रांजिट के लिए एक ट्रांजिट के लिए एक ट्रांजिट के लिए एक ट्रांजिट के लिए एक ट्रांजिट के लिए एक ट्रांजिट के लिए एक ट्रांजिट के लिए एक ट्रांजिट के लिए एक
1962	- Yeah.	- हाँ.	"I can help you with the following text from English to Hindi:

-Yeah."
1963	That was the best I've ever had.	मैंने इससे बेहतर गोश्त कभी नहीं खाया।	मुझे किसी के साथ संतुषित होने का सबसे अच्छा समय था।
1964	Whole project; Drop a file here or type a path to view a file or folder log	छोडें a फ़ाइल या क़िस्म a को a फ़ाइल या	मूल्य: यह पूर्व का एक पूर्व कार्य है।
1965	Role	भूमिका	रोल
1966	- You should be grateful, right?	- तुम सही, आभारी होना चाहिए?	अर्थ: कृपकार, कृपकार
1967	Is it wrong for me to touch you?	Is it wrong for me to touch you?	मुझे किसी के साथ कुछ ही किया है, क्योंकि
1968	Thank you. - I'd like to explain...	धन्यवाद, मैं ऐसा करने के लिए समझाने के लिए चाहते हैं...	मुझे धन्यवद. - मुझे बताना चाहिए.
1969	Have they not travelled in the land and seen what was the end of those who were before them? They were superior to them in strength, and in the traces (which they left) in the land. But Allah seized them with punishment for their sins. And none had they to protect them from Allah.	क्या उन लोगों ने रूए ज़मीन पर चल फिर कर नहीं देखा कि जो लोग उनसे पहले थे उनका अन्जाम क्या हुआ (हालाँकि) वह लोग कुवत (शान और उम्र सब) में और ज़मीन पर अपनी निशानियाँ (यादगारें इमारतें) वग़ैरह छोड़ जाने में भी उनसे कहीं बढ़ चढ़ के थे तो ख़ुदा ने उनके गुनाहों की वजह से उनकी ले दे की, और ख़ुदा (के ग़ज़ब से) उनका कोई बचाने वाला भी न था	क्या आप किसी विशेषता के लिए संस्कृत को संग्रहीत कर सकते हैं?
1970	- my name is doctor..	- मेरा नाम डॉक्टर है ..	मेरा नाम डॉक्टर है।
1971	"Each messenger said, ""What if I should bring you better guidance than what you found your forefathers had?"" They replied, ""We reject any message you have been sent with!"""	(इस पर) उनके पैग़म्बर ने कहा भी जिस तरीक़े पर तुमने अपने बाप दादाओं को पाया अगरचे मैं तुम्हारे पास इससे बेहतर राहे रास्त पर लाने वाला दीन लेकर आया हूँ (तो भी न मानोगे) वह बोले (कुछ हो मगर) हम तो उस दीन को जो तुम देकर भेजे गए हो मानने वाले नहीं	मित्रों के द्वारा कहाना कहाना कहाना
1972	AUTOMATED VOICE:	मैं स्वचालित आवाज:	Transl:
1973	User:	उपयोक्ता:	User:
1974	Number	क्रमांक	Number
1975	Little unnatural.	लिटिल अप्राकृतिक.	Little unnatural.
1976	Thanks a lot, Bin Laden.	क्या कोई payphone बैंक?	मुझे बहुत धन, बिन लादेन.
1977	“O my people! I fear for you a day on which will be a great outcry!”	और ऐ हमारी क़ौम मुझे तो तुम्हारी निस्बत कयामत के दिन का अन्देशा है	मुझे मुझे बताना चाहिए कि मैं आपको एक बड़े विवाद के लिए खतरा है।
1978	Enter Passphrase for %s	%s के लिए कूटशब्द डालें	Enter Passphrase for %s
1979	Then on the Day of Resurrection you will contend before your Lord.	और ये लोग भी यक़ीनन मरने वाले हैं फिर तुम लोग क़यामत के दिन अपने परवरदिगार की बारगाह में बाहम झगड़ोगे	जैसे कि पूर्वी राष्ट्रीय दिन राष्ट्रीय दिन में आपके भगवान के सामने होगा।
1980	But I can't help falling in love with you.	लेकिन मैं तुमसे प्‍यार करने के लिए मजबूर हूं.	मुझे किसी के साथ प्यासा होने की कोशी नहीं है।
1981	Well, lots of people saw him or claimed that they saw him.	या वे उसे देखा कि दावा किया ठीक है, बहुत से लोग उसे देखा.	वही बहुत से लोगों ने उसे देखा या कहा कि वह उसे देखा या कहा कि वह उसे देखा।
1982	Beautified for men is the love of things they covet; women, children, much of gold and silver (wealth), branded beautiful horses, cattle and well-tilled land. This is the pleasure of the present world's life; but Allah has the excellent return (Paradise with flowing rivers, etc.) with Him.	मनुष्यों को चाहत की चीजों से प्रेम शोभायमान प्रतीत होता है कि वे स्त्रिमयाँ, बेटे, सोने-चाँदी के ढेर और निशान लगे (चुने हुए) घोड़े हैं और चौपाए और खेती। यह सब सांसारिक जीवन की सामग्री है और अल्लाह के पास ही अच्छा ठिकाना है	बहुत प्रिय है कि कुछ लोगों के लिए कुछ विषयों को प्रिय है; महिलाएं, बच्चे, बहुत सोने और सोने की संपत्ती, सोने की संपत्ती, सोने की संपत्ती, सोने की संपत्ती, सोने की संपत्ती, सोने की संपत्ती, सोने की संपत्ती, सोने की संपत्ती, सोने की संपत्ती, सोने की संपत्ती, सोने की संपत्ती, सोने की संपत्ती, सोने की संपत्ती, सोने की संपत्ती, सोने की संपत्ती, सोने की संपत्ती, सोने की संपत्ती, सोने की संपत्ती, सोने की संपत्ती, सोने की संपत्ती, सोने की संपत्ती,
1983	"Aaron said, ""Son of my mother! Do not seize me by my beard nor by my head. I was afraid that you would say, 'You have caused dissension among the Children of Israel and did not pay heed to my words.'"""	"उसने कहा, ""ऐ मेरी माँ के बेटे! मेरी दाढ़ी न पकड़ और न मेरा सिर! मैं डरा कि तू कहेंगा कि तूने इसराईल की सन्तान में फूट डाल दी और मेरी बात पर ध्यान न दिया।"""	"अरोह ने कहा, ""मेरी मात्रा के बच्चे! मुझे अपने बाले और अपने हाथ को छोड़ें। मैं बहुत चिंता थी कि तुम्हें बच्चों के बीच की बातें कह कर दिया है।"""
1984	Miss you a lot.	आपकी बहुत याद आती है।	मुझे बहुत कुछ की जरूरत है।
1985	Are they jealous of the favors that God has done to some people? We have given to the family of Abraham the Book, Wisdom, and a great Kingdom.	या ख़ुदा ने जो अपने फ़ज़ल से (तुम) लोगों को (कुरान) अता फ़रमाया है इसके रश्क पर चले जाते हैं (तो उसका क्या इलाज है) हमने तो इबराहीम की औलाद को किताब और अक्ल की बातें अता फ़रमायी हैं और उनको बहुत बड़ी सल्तनत भी दी	क्या आप जानते हैं कि भगवान के पास कुछ भी किसी को कुछ करने के लिए कुछ प्राण्यों के लिए किसी को दिया है? हमने अबराब को ब्रह्मण, विज्ञान और एक बड़ी राज्य दिया है।
1986	He was on the president's protection detail for a few years.	वह कुछ साल के लिए राष्ट्रपति की सुरक्षा विस्तार पर था.	किसी ने कार्यक्षेत के लिए पूर्ववर्त के सुरक्षा क्षेत के लिए एक छोटी अवधि में था।
1987	Keep rowing man.	रेमा आदमी, तेजी से...	के रोइंग मान.
1988	Unicode (UTF-3_2 LE)	यूनिकोड (UTF-3_2 LE)	संकट: क्या आप किसी विशेषता के लिए संकट के लिए किसी विशेषता के लिए संकट के लिए किसी विशेषता के लिए संकट के लिए?
1989	No, no, Let it be!	नहीं, नहीं, रहने दो!	No, no, Let it be!
1990	- LOLA: No!	- लोला नहीं!	LOLA: No!
1991	He said to his slaves, “Place their means back into their sacks, perhaps they may recognise it when they return to their homes, perhaps they may come again.”	"उसने अपने सेवकों से कहा, ""इनका दिया हुआ माल इनके सामान में रख दो कि जब ये अपने घरवालों की ओर लौटें तो इसे पहचान लें, ताकि ये फिर लौटकर आएँ।"""	किसी ने अपने सेवरों को अपने बागों में रखवाल कर दिया, और उन्होंने अपने घरों में वापस आने की संभावना को स्वीकार कर दिया।
1992	After them We sent Moses with Our signs to Pharaoh and his chiefs. But they willfully rejected them. Consider the end of the evil-doers.	फिर उनके पश्चात हमने मूसा को अपनी निशानियों के साथ फ़िरऔन और उसके सरदारों के पास भेजा, परन्तु उन्होंने इनकार और स्वयं पर अत्याचार किया। तो देखो, इन बिगाड़ पैदा करनेवालों का कैसा परिणाम हुआ!	अर्थ: मुस्कले में से फारा के शासन के साथ मुस्कले के साथ मुस्कले के साथ मुस्कले के साथ मुस्कले के साथ मुस्कले के साथ मुस्कले के साथ मुस्कले के साथ मुस्कले के साथ मुस्कले के साथ मुस्कले के साथ मुस्कले के साथ मुस्कले के साथ मुस्कले के साथ मुस्कले के साथ मुस्कले के साथ मुस्कले के साथ मुस्कले के साथ मुस्कले के साथ मुस्कले के साथ मुस्कले के साथ मुस्कले के साथ मुस्कले के साथ मुस्कले के साथ मुस्कले के साथ मुस्कले के साथ मुस्कले के
1993	I don't understand how you can work for Steve Gray.	मैं आप स्टीव ग्रे के लिए कैसे काम कर सकते समझ में नहीं आता.	I don't understand how you can work for Steve Gray.
1994	Do you feel like that?	- क्या ऐसा लग रहा है? - नहीं.	अर्थ: क्या आप इसे कुछ ही तरह से महसूस करते हैं?
1995	Do they not see that Allah enlarges the provision for whom He wills and straitens (it for whom He wills). Verily, in that are indeed signs for a people who believe.	क्या उन लोगों ने (इतना भी) ग़ौर नहीं किया कि खुदा ही जिसकी रोज़ी चाहता है कुशादा कर देता है और (जिसकी चाहता है) तंग करता है-कुछ शक नहीं कि इसमें ईमानरदार लोगों के वास्ते (कुदरत ख़ुदा की) बहुत सी निशानियाँ हैं	क्या आप किसी विशेषता को समझना चाहते हैं?
1996	"Say: 'Who is the Lord of the heavens and the earth' Say: 'Allah' Say: 'Why then have you chosen guardians other than Him, even though they have neither the power to benefit nor harm themselves' Say: 'Are the blind and the seeing equal? Are darkness and light equal? Or, have they ascribed to Allah associates who create as He creates so that all creation is alike to them?"" Say: 'Allah is the Creator of everything. He is the One, the Conqueror'"	"कहो, ""आकाशों और धरती का रब कौन है?"" कहो, ""अल्लाह"" कह दो, ""फिर क्या तुमने उससे हटकर दूसरों को अपना संरक्षक बना रखा है, जिन्हें स्वयं अपने भी किसी लाभ का न अधिकार प्राप्त है और न किसी हानि का?"" कहो, ""क्या अंधा और आँखोंवाला दोनों बराबर होते है? या बराबर होते हो अँधरे और प्रकाश? या जिनको अल्लाह का सहभागी ठहराया है, उन्होंने भी कुछ पैदा किया है, जैसा कि उसने पैदा किया है, जिसके कारण सृष्टि का मामला इनके लिए गडुमडु हो गया है?"" कहो, ""हर चीज़ को पैदा करनेवाला अल्लाह है और वह अकेला है, सब पर प्रभावी!"""	जलले: 'कौन है देवी और दुनिया के साथी' जानकारी देने के लिए, 'अलाह' जानकारी देने के लिए, 'क्यों है अलाह, अलाह के बिना कोई अन्य देवी के साथी के नहीं है, कोई को कोई सुखद नहीं है, कोई को कोई हान है? कोई को अलाह के साथी के साथ कौन है, अलाह के साथी के साथ कौन है, अलाह के साथी के साथ कौन है, अलाह के साथी के साथ कौन है? अलाह अलाह के एक संस्कार है, अलाह एक संस्कार है, अलाह एक संस्कार है।
1997	-(CELL PHONE RINGING)	(सेल फोन बज)	क्या आप किसी विशेषता के लिए संपर्क कर सकते हैं?
1998	Yeah, smoke it up there, uh, Skippy.	- हाँ, धूंए में उड़ा दो, मेरे शेर.	क्या आप मुझे इस प्रश्न को समझने के लिए मदद कर सकते हैं?
1999	Ctrl-click to open a link	लिंक को खोलने के लिए Ctrl क्लिक करें	क्या आप मुझसे किस प्रकार के विषय को स्पष्करें।
