	Unnamed: 0.1	Unnamed: 0	Source_Dialogue	Reference	MT
0	0	0	Give shots of injections or pills, but he must be alright soon.	सुई लगाओ या गोली खिलाओ लेकिन इसे जल्दी से ठीक करो.	अरे फिर उन्हें इंजेक्शन शॉट्स डालने या चौबीज़ के दानी करने के तो पूरे हैं!
1	1	1	They said, “O Shuaib, we do not understand much of what you say, and we see that you are weak among us. Were it not for your tribe, we would have stoned you. You are of no value to us.”	और वह लोग कहने लगे ऐ शुएब जो बाते तुम कहते हो उनमें से अक्सर तो हमारी समझ ही में नहीं आयी और इसमें तो शक नहीं कि हम तुम्हें अपने लोगों में बहुत कमज़ोर समझते है और अगर तुम्हारा क़बीला न होता तो हम तुम को (कब का) संगसार कर चुके होते और तुम तो हम पर किसी तरह ग़ालिब नहीं आ सकते	जिस्म, वे कहते, “शुआिब, हम जो कुछ नहीं समझते हैं और जो कमजोर होते हैं, हमें तो संकलित किया जे नहीं तो स्थायी किया ज सके, हमें यह नहीं दिलाई कि हम जो कुछ नहीं समझते हैं और जो कमजोर होते हैं, वे भी हमें यह नहीं दिलाई कि हम जो कुछ नहीं समझते हैं और जो कमजोर होते हैं, वे भी हमें यह नहीं दिलाई कि हम जो कुछ नहीं समझते हैं और जो कमजोर होते हैं, वे भी हमें यह नहीं दिलाई कि हम जो कुछ नहीं समझते हैं और जो कमजोर होते हैं, वे भी हमें यह नहीं दिलाई कि हम जो कुछ नहीं समझते हैं और जो कमजोर होते हैं, वे भी हमें यह नहीं दिलाई
2	2	2	- Yeah.	- हाँ.	जी हुआ।
3	3	3	If evil befalls him he is perturbed;	जि उसे तकलीफ़ पहुँचती है तो घबरा उठता है,	अर्थात् किसी हिंसक हानिकारक का संघर्ष में संघर्त्तिकरण के लाभ होते हैं।
4	4	4	♪ BE FOREVER BOUND	♪हमेशाके लिएबाध्यहोने	बिलकुल सहा, बिलकुल नहीं लग सकती हाँ भी
5	5	5	Trying to movemail a non-mbox source '%s'	एक गैर-mbox स्रोत '%s' में डाक भेजने की कोशिश	मैं %s से मेल कैसे बदल सकता हूँ?
6	6	6	Image histogram adjust levels plugin for digiKam	डिज़ीकैम के लिए इमेज़ हिस्टोग्राम एडजस्ट लेवल्स प्लगइन	मूल्यों के लिए चिहने के स्ट्रेंड़ वाले प्लग्स डिज़िककम के लिए ह
7	7	7	She took every able-bodied man and went to kill the Forest Spirit.	- लेडी Eboshi कहां है? हर आदमी है जो स्थानांतरित कर सकता लिया और हिरण भगवान को मारने के लिए चला गया.	वह हर सक्षित व्यक्ति को जंगल का सैनिक तैयार कर लाया |
8	8	8	My mother's from Sweden.	वो मेरी माँ है.	मेरी मातृविद् from स्वीडनर्स।
9	9	9	Say: Shall I tell you what is better than these? For those who guard (against evil) are gardens with their Lord, beneath which rivers flow, to abide in them, and pure mates and Allah's pleasure; and Allah sees the servants.	(ऐ रसूल) उन लोगों से कह दो कि क्या मैं तुमको उन सब चीज़ों से बेहतर चीज़ बता दूं (अच्छा सुनो) जिन लोगों ने परहेज़गारी इख्तेयार की उनके लिए उनके परवरदिगार के यहॉ (बेहिश्त) के वह बाग़ात हैं जिनके नीचे नहरें जारी हैं (और वह) हमेशा उसमें रहेंगे और उसके अलावा उनके लिए साफ सुथरी बीवियॉ हैं और (सबसे बढ़कर) ख़ुदा की ख़ुशनूदी है और ख़ुदा (अपने) उन बन्दों को खूब देख रहा हे जो दुआऐं मॉगा करते हैं	जिस व्यक्ति के पास है वो, हो सकता है, चाहे वो.
10	10	10	Is it cool like Phil's?	यह अच्छा है फिल की तरह है?	जी हाँ, फ़िल की तापमान इसी जैसा होता है।
11	11	11	Whether the current stream is seekable	क्या मौजूदा स्ट्रीम seekable है	जी हाँ, वर्तमान प्रवाह में खोज्य होता है
12	12	12	You let two unknown men enter this house uninvited.	आप दो अज्ञात पुरुषों इस घर बिन बुलाए दर्ज करें.	जिस्म में जो ऐसी है, उसे भी इस प्रकार में हो जाना चाहे |
13	13	13	This whole situation is completely fucked.	यह पूरी स्थिति पूरी तरह से गड़बड़ है.	अरे भाई, इस पूरी स्थिति पूरी जैसी बुर्र हो गई है।
14	14	14	Google Talk Home Name 3	गूगल टाक होम नाम 3	यह सामग्री का कॉपीराइट है
15	15	15	All prisoners report for Lockdown.	सभी कैदी लॉकडाउन के लिए रिपोर्ट करो.	लॉकडाउन की लिमिटेड संस्कृति को सुनी दी गईी है।
16	16	16	Did not the disbelievers observe that the heavens and the earth were together, so We parted them, and we made every living thing from water? So will they not accept faith?	जो लोग काफिर हो बैठे क्या उन लोगों ने इस बात पर ग़ौर नहीं किया कि आसमान और ज़मीन दोनों बस्ता (बन्द) थे तो हमने दोनों को शिगाफ़ता किया (खोल दिया) और हम ही ने जानदार चीज़ को पानी से पैदा किया इस पर भी ये लोग ईमान न लाएँगे	"नहीं दिए शिक्षित देखें कि heaven और earth एक साथ थीं, और वे अलग-अलग होते थीं।

सवारे:
Did not the disbelievers observe that the earth and the sky were different, and that was because of the presence of different elements?"
17	17	17	Turn the siren off.	आप ठीक हो जाएगा रहे हैं, अरे नहीं;	साइनर को अंदर से बंद कर दें.
18	18	18	Name:	नाम: Refresh every [NUMERIC_ENTRY] [TIME_UNITS_COMBO]	ID:
19	19	19	We should go to a hospital.	हम एक अस्पताल जाना चाहिए।	हमें हालात्म के पास ले जाना चाहे |
20	20	20	Whoa! So... What is your...	तो तुम्हारी योजना क्या है?	जी! जी हो! कैसे हो? कैसे कर सकते हैं?
21	21	21	I'm not going to drink it.	मैं इसे पीने के लिए नहीं जा रहा हूँ।	मैं नहीं पीता।
22	22	22	Do they say: “He has forged a lie against Allah?” If Allah so wanted He could seal up your heart. Allah blots out falsehood and confirms the truth by His Words. He is well aware of all the secrets hidden in the breasts (of people).	क्या ये लोग (तुम्हारी निस्बत कहते हैं कि इस (रसूल) ने ख़ुदा पर झूठा बोहतान बाँधा है तो अगर (ऐसा) होता तो) ख़ुदा चाहता तो तुम्हारे दिल पर मोहर लगा देता (कि तुम बात ही न कर सकते) और ख़ुदा तो झूठ को नेस्तनाबूद और अपनी बातों से हक़ को साबित करता है वह यक़ीनी दिलों के राज़ से ख़ूब वाक़िफ है	बिल्कुल, ऐसी सूचना नहीं हो सकती कि: “है वे लोग अपनी बुद्धि को भले रखते ही अपने ज्ञन को भले रखते हूँ”.
23	23	23	No, but I traded the BMW in for a Mercedes four fucking weeks ago, remember?	लेकिन मर्सिडीज़ के लिए उसका सौदा किया था। याद है चार हफ़्ते पहले।	आप नहीं कैंडाई, निर्माण के बारे में बोले तो?
24	24	24	- No. Not here!	- यहाँ नहीं नहीं!	"सहिनाम त्यारा संग्राम:
-1. निम्न स्तर पर हो सकते हैं।"
25	25	25	It shall insistently summon him who turned his back and retreated,	(और) उन लोगों को अपनी तरफ बुलाती होगी	"यह सुनने वाले को प्रलोभित करेगा, जो ताज़ार के दावे और अन्य जानकारी के खिलाफ जोर देगा, जो ताज़ार के दावे के लिए प्रलोभित होगे, लेकिन यह जोर देगा:

यह सुनने वाले को प्रलोभित करेगा, जो ताज़ार के दावे के लिए प्रलोभित होगे, लेकिन यह जोर देगा:

यह सुनने वाले को प्रलोभित करेगा, जो ताज़ार के दावे के लिए प्रलोभित होगे, लेकिन यह जोर देगा:

यह सुनने वाले को प्रलोभित करेगा, जो ताज़ार के दावे के लिए प्रलोभित होगे, लेकिन यह जोर देगा:

यह सुनने वाले को प्रलोभित"
26	26	26	And we've gathered around for that.	और हम उसके लिए चारों ओर इकट्ठा किया है।	और हम सभी इका लेकर खड़े हुए हैं|
27	27	27	MURPH:	MURPH:	"याद रखें:
कार:"
28	28	28	And the mountains – how they have been established?	और पहाड़ों की तरफ़ कि किस तरह खड़े किए गए हैं	और पर्वतों के निर्माण के क्या तरीकों हैं?
29	29	29	Bold	गाढ़ा	कब
30	30	30	And he is going to say the word that I have prepared for you.	और वह मैं आप के लिए तैयार किया है कि शब्द कहने जा रहा है.	और वे क्या वाक्यों का वाक्य होगा जिस जिसने मेरे लिखा हुआ था.
31	31	31	Configure external packages	कॉन्फ़िगर संकुल	किसी भी जानकारी जोड़ने या जोड़ने के लिए प्राप्त करने वाले विद्युत प्रदाता वाहनों के प्रदात्र के लिए प्राप्त किया गया
32	32	32	The bank, which declined to comment on the suspensions, confirmed this month that it has received requests for information from regulators.	बैंक ने निलम्बन के बारे में टिप्पणी करने से इन्कार करते हुए पुष्टि की है कि बैंक को इस महीने विनियामकों से सूचना के लिए अनुरोध प्राप्त हुआ है।	अन्य निविदमी के पात्र वाली बैंक ने स्थिति स्थापित की स्थिति स्थापित की स्थिति स्थापित की स्थिति स्थापित की स्थिति स्थापित की स्थिति स्थापित की स्थिति स्थापित की स्थिति स्थापित की स्थिति स्थापित की स्थिति स्थापित की स्थिति स्थापित की स्थिति स्थापित की स्थिति स्थापित की स्थिति स्थापित की स्थिति स्थापित की स्थिति स्थापित की स्थिति स्थापित की स्थिति स्थापित की स्थिति स्थापित की स्थिति स्थापित की स्थिति स्थापित की स्थिति स्थापित की स्थिति स्थापित की स्थिति स
33	33	33	What! Do those who seek after evil ways think that We shall hold them equal with those who believe and do righteous deeds,- that equal will be their life and their death? Ill is the judgment that they make.	जो लोग बुरा काम किया करते हैं क्या वह ये समझते हैं कि हम उनको उन लोगों के बराबर कर देंगे जो ईमान लाए और अच्छे अच्छे काम भी करते रहे और उन सब का जीना मरना एक सा होगा ये लोग (क्या) बुरे हुक्म लगाते हैं	जो लोग दुश्मनों के तरीकों से आगे हैं वे लोगों के प्रति हैं कि उनके कार्यों से या कार्यों से नहीं लिखित होगा?
34	34	34	Ignore him. He's senile.	ये तो सठीया गए हैं	जिस व्यक्ति का मूल्यlessness है उसे निपर्क्षित करें.
35	35	35	Failed to get the DN for user '%s'	DN को उपयोक्ता '%s' के लिए पाने में विफल	योग्यता के लिए डी.एन. के लिए अन्य जानकारी प्राप्त करने वाले संक्षेत्र के लिए अन्य जानकारी प्राप्त करने वाले संक्षेत्र के लिए अन्य जानकारी प्राप्त करने वाले संक्षेत्र के लिए अन्य जानकारी प्राप्त करने वाले संक्षेत्र के लिए अन्य जानकारी प्राप्त करने वाले संक्षेत्र के लिए अन्य जानकारी प्राप्त करने वाले संक्षेत्र के लिए अन्य जानकारी प्राप्त करने वाले संक्षेत्र के लिए अन्य जानकारी प्राप्त करने वाले संक्षेत्र के लिए अन्य जानकारी प्राप्त करने वाले संक्षेत्र के लिए अन्य जानकारी प्राप्त करने वाले संक्षेत्र के लिए
36	36	36	Your names	EMAIL OF TRANSLATORS	यरसी
37	37	37	translator-credits	राजेश रंजन (rajeshkajha@yahoo.com, rranjan@redhat.com)%d hit(s) on this page	इस टिप्पटियों के साथ कुछ नहीं हो सकते
38	38	38	Worldly desires, wives, children, accumulated treasures of gold and silver, horses of noble breed, cattle, and farms are all made to seem attractive to men. All these are the bounties of the worldly life but in the life to come God has the best place for people to dwell.	मनुष्यों को चाहत की चीजों से प्रेम शोभायमान प्रतीत होता है कि वे स्त्रिमयाँ, बेटे, सोने-चाँदी के ढेर और निशान लगे (चुने हुए) घोड़े हैं और चौपाए और खेती। यह सब सांसारिक जीवन की सामग्री है और अल्लाह के पास ही अच्छा ठिकाना है	जैसा कि दुनिया में जीवित जीवन रहता है लेकिन भविष्य में उनके पालन-शिकार देखे जाता है।
39	39	39	"And pray: ""O my Lord, let my entry be with honour, and let my exit be with honour, and grant me power from You which would help (sustain) me."""	"और कहो, ""मेरे रब! तू मुझे ख़ूबी के साथ दाख़िल कर और ख़ूबी के साथ निकाल, और अपनी ओर से मुझे सहायक शक्ति प्रदान कर।"""	जो मेरे पास होता तो मेरे पास होता तो मेरे लिए honour के साथ मेरी प्रवेश मेरे साथ मेरी Exit मेरे साथ मेरी स्थापना के साथ ही ये बातें मेरी लोकतम
40	40	40	There are no songs to write to disc	डिस्क में लिखने के लिए कोई गीत नहीं है	No songs to write to disk
41	41	41	An ordinary citizen writes about the rich culture of celebrating the Bangla New Year, Pahela Baishakh in Bangladesh.	एन आर्डिनेरी सिटिज़न ने बांग्लादेश में बांग्ला नववर्ष पोएला बोइशाख के पारंपरिक उत्सव और सांस्कृतिक धरोहर के बारे में पोस्ट लिखी है।	बड़ेज़ न्यू यर, पहेले बाइशाख in बांग्ला देश में सांस्कृतिक कैलेंडा देश में पूरी तरह से व्यापक है।
42	42	42	Can nothing be done? !	कुछ भी नहीं किया जा सकता है?	कोई नहीं भी किया नहीं कर सकता ?
43	43	43	- You hit him with a bicycle pump?	- तुमने उसे एक साइकिल पंप से मारा?	नहीं।
44	44	44	I worried they take you away from me.	मुझे लगता है वे मुझे से दूर ले चिंतित है.	मैं चिंतिता से उनके साथ साथ ही उनसे अपने होने के लिए निर्देशित हूँ।
45	45	45	Y-you're gonna wear out the spring coil.	छल्लेदार स्प्रिंग घिस जाएगी।	ज़रूर यारा स्प्रिंग कोइल को ला सुन सकता है।
46	46	46	I don't know.	मैं नहीं जानता.	मैं जानत नहीं।
47	47	47	Korean (_UHC)	कोरियाई (_UHC)	I cannot add, remove, or change any information.
48	48	48	No. You know what I'm gonna do for you?	नहीं, तुम्हें पता है मैं तुम्हारे लिए क्या कर रहा हूँ पता है क्या?	No. आप जानते हैं कि मैं क्या कर रहा हूँ?
49	49	49	If you ask them, ‘Who created the heavens and the earth?’ they will surely say, ‘Allah.’ Say, ‘Have you considered what you invoke besides Allah? Should Allah desire some distress for me, can they remove the distress visited by Him? Or should He desire some mercy for me, can they withhold His mercy?’ Say, ‘Allah is sufficient for me. In Him let all the trusting put their trust.’	"यदि तुम उनसे पूछो कि ""आकाशों और धरती को किसने पैदा किया?"" को वे अवश्य कहेंगे, ""अल्लाह ने।"" कहो, ""तुम्हारा क्या विचार है? यदि अल्लाह मुझे कोई तकलीफ़ पहुँचानी चाहे तो क्या अल्लाह से हटकर जिनको तुम पुकारते हो वे उसकी पहुँचाई हुई तकलीफ़ को दूर कर सकते है? या वह मुझपर कोई दयालुता दर्शानी चाहे तो क्या वे उसकी दयालुता को रोक सकते है?"" कह दो, ""मेरे लिए अल्लाह काफ़ी है। भरोसा करनेवाले उसी पर भरोसा करते है।"""	अरे, यहाँ सुनना भी ठीक है।
50	50	50	"So when her husband saw his shirt torn from the back, he said, ""Indeed, it is of the women's plan. Indeed, your plan is great."	"फिर जब देखा कि उसका कुर्ता पीछे से फटा है तो उसने कहा, ""यह तुम स्त्रियों की चाल है। निश्चय ही तुम्हारी चाल बड़े ग़ज़ब की होती है"	तबीज़ के वीर्य से किये गए संकट को रोकने और स्थायी करणारे की बात होती कि वीर्य के संकट को रोकने और स्थायी करणारे की बात होती तबीज़ के वीर्य से किये गए संकट को रोकने और स्थायी करणारे की बात होती तबीज़ के वीर्य से किये गए संकट को रोकने और स्थायी करणारे की बात होती
51	51	51	Show field i_n View	दृश्य में क्षेत्र दिखायें (_n)	अरे के क्या जानकारी देनी चाहे
52	52	52	Thanks. I think.	शुक्रिया, मेरे खयाल से।	Thanks.
53	53	53	Maybe the even the shroud itself, everything.	शायद यह भी कफन ही, सब कुछ.	जिस कुछ भी है, everything।
54	54	54	I've seen pushing carts around army camps making grand claims about jars full of pig shit...	मैं सेना शिविरों के आसपास गाड़ियां धक्का देखा है सुअर गंदगी से भरा जार के बारे में भव्य दावा कर ...	जी हूँ, मैंने कार्टी कारी की थी Army की कैंपस से लोगों के जितने पूर्ण होते तो वे भी कार्टून कार्टून की थी...
55	55	55	Add	जोड़ें	I don't
56	56	56	As an example I have handed over my blog posting rights to a free speech	अपने ब्लॉग अंतर्राष्ट्रीय रिपोर्टरों और चिट्ठाकारों के सुपुर्द कर उन्हें जारी रखें।	अध्यक्षता के लिए मैं अपने लेखन स्वातंत्र्य के लिए भी हो सकती हूँ।
57	57	57	_Next	अगला (_N)	I'd be happy to help you with the English text.
58	58	58	You are in Cape Canaveral and you are Head of Mission Control.	आप केप केनवरल में हैं और आप मिशन कंट्रोल के प्रमुख हैं.	आप केप सिनावेल और मिशन कंट्रोल के हेड होते हैं।
59	59	59	It produces its fruit all the time, by permission of its Lord. And Allah presents examples for the people that perhaps they will be reminded.	अपने रब की अनुमति से वह हर समय अपना फल दे रहा हो। अल्लाह तो लोगों के लिए मिशालें पेश करता है, ताकि वे जाग्रत हों	मूल से हटे नहीं, छूटे नहीं, और बदल नहीं हो सकते कि जानकारी का संकेत होता और जिस व्यक्ति के लिए जानकारी होती तो उसे छुट्टे नहीं दिया गयु।
60	60	60	All that is in the heavens and the earth glorify God. He is Majestic and All-wise.	जो जो चीज़ सारे आसमान व ज़मीन में है सब ख़ुदा की तसबीह करती है और वही ग़ालिब हिकमत वाला है	जिस चीज़ भी है आकाश और पृथ्वी ने पूजा करी ग्रह। वह पवित्र और सभ्य है।
61	61	61	- It does not matter where she is.	- यह कोई फर्क नहीं पड़ता है जहाँ वह है।	सब कुछ जो सही है, वह सहमति के रूप में होता है।
62	62	62	Reload current file	री-लोड फ़ाइल	रिम्पल current file
63	63	63	Ignorance is not the same... as innocence.	अज्ञान में ही नहीं है ... मासूमियत के रूप में।	अनजारे से नहीं बल्कि सुदृढ़ से नहीं होता कि हो सकता कि गलत हो सकता कि यह सब स्पष्ट रूप से नहीं कहा जा सकता कि जो भी हो सकता कि वह सब सट्टी रूप से नहीं कहा जा सकता कि जो भी हो सकता कि वह सब स्पष्ट रूप से नहीं कहा जा सकता कि जो भी हो सकता कि वह सब सट्टी रूप से कहा जा सकता कि जो भी हो सकता कि वह सब स्पष्ट रूप से कहा जा सकता कि जो भी हो सकता कि वह सब सट्टी रूप से कहा जा सकता कि जो भी हो सकता कि वह सब स्पष्ट रूप से कहा जा सकता कि जो भी हो सकता कि वह सब सट्टी रूप से कहा जा सकता कि ज
64	64	64	Proceed	आगे बढ़ें	प्रक्रिया
65	65	65	But to your Lord is the return.	निश्चय ही तुम्हारे रब ही की ओर पलटना है	लेकिन तुम्हारे पास में है
66	66	66	- Did you file the football yet?	- अगर आप अभी तक फुटबॉल दायर की थी?	- क्या तू फ़िटबुल्ट इंटरीमिनेट बॉल League के बारे में ख्याली है?
67	67	67	Clock	घड़ीName	स्टेशन
68	68	68	Dumpling Squad!	डंपलिंग दल!	कुछ खाने से खिलौना!
69	69	69	And say: We (now) believe therein. But how can they reach (faith) from afar off,	"और कहेंगे, ""हम उसपर ईमान ले आए।"" हालाँकि उनके लिए कहाँ सम्भव है कि इतने दूरस्थ स्थान से उसको पास सकें"	जो भी कहे वह सही है और यह ज्ञान के प्रतिष्ठान है।
70	70	70	Yahoo! Japan	Yahoo! Japan	यू. जापान
71	71	71	SciDev.Net's conference blog reports that:	नेट के सम्मेलन ब्लॉग ने रपट दी:	"विषय:
Science-Dev.Net का समाचार-निर्देशन तार्किक-विष्णित और ईथरिक विष्णित के रूप में होते हैं।"
72	72	72	_Contents	विषय सूची (_C)	Contents
73	73	73	WITH THAT, THEY COULD PUT HIM AT THE JOB.	उस के साथ, वे काम पर उसे डाल सकता है.	यह सुनना भी ठीक नहीं होगी कि वे उन्हें काम पर रखेंगे इसका कोई अंतर नहीं होगा कि वे कुछ भी नहीं करेंगे।
74	74	74	Attachment Reminder	संलग्नक स्मारक	अतिरिक्त की प्रतीक्षा करें
75	75	75	What rifles? You got a Chink with a sword and a buncha juggling idiots.	आप एक तलवार और जादू बेवकूफों का एक गुच्छा के साथ एक झनझन मिला.	जो राइफल है वो चिंग के सिर पर है।
76	76	76	He will send down abundant rain from the sky for you,	(और) तुम पर आसमान से मूसलाधार पानी बरसाएगा	जिसे जा रहे हैं, ने आपको विस्तार और प्रासन से सारा पानी आपसे प्राप्त किया जाएगा।
77	77	77	There are no songs to write to disc	डिस्क में लिखने के लिए कोई गीत नहीं है	No songs to write to disk
78	78	78	I've tried thinking and reading about all sorts of different things.	मैंने बहुत-सी चीज़ों के बारे में सोचने और पढ़ने की कोशिश की है.	मैंने सोचा और की बात की कुछ सारी की हो पाई हैं।
79	79	79	The event could not be deleted due to an error: %s	एक त्रुटि के कारण कार्यक्रम विलोपित नहीं किया जा सका: %s	अर्जित नहीं किया जा सकता क्यों?
80	80	80	The past three have seen hundreds of new blogs and forums.	पिछले तीन वर्षों में सैकड़ों नए ब्लॉग और फ़ोरम बने हैं.	बहुत सारे हालियाँ ब्लॉग और फ़ोर्म के स्थापना और संचालन में हैं।
81	81	81	The door was open, and he saw this crazy woman in the bathtub.	दरवाजा खुला था, और उसने बाथ टब में उस पागल औरत को देखा.	दीवार खुली थी और वह ने से इस व्यक्ति से जो देखा थी वह देखी थी किसी की bathtub में एक crazy woman थी।
82	82	82	You're late, pretty boy.	तुम देर से, सुंदर लड़के हैं.	अरे लेट, प्रोडस्टर।
83	83	83	And I don't want to work with you.	और मैं तुम्हारे साथ काम करने के लिए नहीं करना चाहती.	मैं आपके काम से दूर हूँ।
84	84	84	Battery at warning level	बैटरी चेतावनी स्तर पर हैComment	सावधान स्तर पर अलार्म का संकेत
85	85	85	Let me hear a massive cheer for getting Climate Camp 2009 started!	मुझे ज़ोर से हर्षध्वनी सुनाई देनी चाहिए, क्लाइमेट कैम्प 2009 को आरम्भ करने के लिए	मुझे क्लाइम्स कैंप 2009 के लिए massive cheer!
86	86	86	_Image	छवि (_I)	
87	87	87	Open the selected image with a different application	चयनित छवि भिन्न अनुप्रयोग से खोलें	प selected image के लिए एक अलग एप्लिकेशन के साथ क्या हो सकता है
88	88	88	Your creation and your upraising are as but as a single soul. God is All-hearing, All-seeing.	तुम सबका पैदा करना और फिर (मरने के बाद) जिला उठाना एक शख्स के (पैदा करने और जिला उठाने के) बराबर है बेशक ख़ुदा (तुम सब की) सुनता और सब कुछ देख रहा है	अरे, यरना का राजा एक एकल सेल सी होता है. और स्वर्ग के स्वर्ग के स्वर्ग का स्वर्ग का स्वर्ग का स्वर्ग का स्वर्ग का स्वर्ग का स्वर्ग का स्वर्ग का स्वर्ग का स्वर्ग का स्वर्ग का स्वर्ग का स्वर्ग का स्वर्ग का स्वर्ग का स्वर्ग का स्वर्ग का स्वर्ग का स्वर्ग का स्वर्ग का स्वर्ग का स्वर्ग का स्वर्ग का स्वर्ग का स्वर्ग का स्वर्ग का स्वर्ग का स्वर्ग का स्वर्ग का स्वर्ग का स्वर्ग का स्वर्ग का स्वर्ग का स्वर्ग का स्वर्ग का स्वर्ग का स्वर्ग का स्वर्ग का स्वर्ग का स्वर्ग का स्वर्ग का स्वर्ग का स्वर्ग का स्वर्ग का स
89	89	89	"""And O my people! I fear for you a Day when there will be Mutual calling (and wailing),-"	और ऐ मेरी क़ौम के लोगो! मुझे तुम्हारे बारे में चीख़-पुकार के दिन का भय है,	जी! और ओ मेरी लोग! मुझे चिंता है कि एक दिन में साथ ही शांति, साहित्य, और जीवंतता के प्रतिविध के लिए डरंट हो सकते हैं।
90	90	90	If Hasan Khan's security has been compromised, then it is a very serious matter.	अगर हसन खान की सुरक्षा के साथ समझौता किया गया है तो यह बहुत गंभीर बात है।	यदि हासन की सुरक्षा कम कर दी है, तो यह बहुत गंभीर होगी।
91	91	91	He said: Lo! I fain would marry thee to one of these two daughters of mine on condition that thou hirest thyself to me for (the term of) eight pilgrimages. Then if thou completest ten it will be of thine own accord, for I would not make it hard for thee. Allah willing, thou wilt find me of the righteous.	(और इनमें दोनों बातें पायी जाती हैं तब) शुएब ने कहा मै चाहता हूँ कि अपनी दोनों लड़कियों में से एक के साथ तुम्हारा इस (महर) पर निकाह कर दूँ कि तुम आठ बरस तक मेरी नौकरी करो और अगर तुम दस बरस पूरे कर दो तो तुम्हारा एहसान और मै तुम पर मेहनत मशक्क़त भी डालना नही चाहता और तुम मुझे इन्शा अल्लाह नेको कार आदमी पाओगे	यह कहें: वे कहें: लो! मैं फैन थीं कि मैं थीं कि मैं उस दूसरे के पुत्र को पाँच पिल्ले के लिए (शहरत के प्रतिमान के लिए) मैं थीं (शहरत के प्रतिमान के लिए)
92	92	92	You got paint on you.	तुम्हारे रंग लग गया है.	आपे पेंट आ पान टू है.
93	93	93	Hello, my name is Dick Hallorann.	नमस्ते, मेरा नाम डिक हैलोरन है.	डिक हॉलर्न.
94	94	94	We are the best Knower of that which they say, and thou art not over them over them tyrant. Wherefore admonish thou by the Qur'an him who feareth My threat.	हम जानते है जो कुछ वे कहते है, तुम उनपर कोई ज़बरदस्ती करनेवाले तो हो नहीं। अतः तुम क़ुरआन के द्वारा उसे नसीहत करो जो हमारी चेतावनी से डरे	अरे, यह कहा कि तुम्हारा प्रति तुम्हारा तो राजा है। जहां राजा अपनी राजा के प्रति के प्रति के राजकारी हैं।
95	95	95	Bhairava!	भैरवा!	यह!
96	96	96	If my dad could see me now...	यदि मेरे पिता अब मुझे देख सकता था...	अगरा के पापा के पास मैं अब हूँ...
97	97	97	Tet's offline in 15 minutes.	15मिनटमेंTet केऑफ़लाइन	15 मिनट में टेट्स ऑनलाइन हों।
98	98	98	..that we're going to be blessed with a girl instead of useless boys.	..that हम बेकार लड़के के बजाय एक लड़की के साथ धन्य हो जा रहे हैं।	अरे |
99	99	99	Add	जोड़ें (d)	I don't
100	100	100	L have your child.	मैं अपने बच्चे है.	आपके बच्चे को ले लिया है।
101	101	101	Tweedledee and Tweedledum went out the door, and in came Tweedle Dumb and Dumber.	दोनों नाकारा लोगों को दरवाज़ा दिखाया गया... और आए दो और नाकारा लोग।	"विषय:
ट्वीड्डलूम के हाथ से ट्वीड्डलूम का हो सकता है."
102	102	102	And glorify His Praises morning and afternoon [the early morning (Fajr) and 'Asr prayers].	और प्रातःकाल और सन्ध्या समय उसकी तसबीह करते रहो -	और शिव की प्रayers रोजें और रातें हैं [जो फजर और 'Asr रातें हैं जो प्रहर के दौरान होते हैं।]
103	103	103	2O million pounds.	2O लाख पाउंड.	2ओ.एम.
104	104	104	Exaltations be to the Lord of the heavens and the earth, the Lord of the Throne, above that which they describe'	"आकाशों और धरती का रब, सिंहासन का स्वामी, उससे महान और उच्च है जो वे बयान करते है।"""	जीवांजिति के प्रति भगवान्, भगवान्, पूर्व के भगवान्, सुपराविद्'
105	105	105	- You need a time-out!	- तुम्हें अकेले रहना चाहिए!	यह स्पष्ट है कि जड़ाई सही मूल्य देती है कि व्यक्ति को समय की पेशकश करने के लिए प्रोत्साहन देती है कि व्यक्ति को आराम और शांति देने के लिए प्रोत्साहन देती है
106	106	106	%s (%s)	%s (%s)	यह सट्टी सीटी डेमेजर सीटी होगा।
107	107	107	I have been expecting you Captain. Perhaps you would like some tea.	मैं तुम्हारे लिए इंतजार कर रहा था कप्तान- शायद आपको कुछ चाय पसंद है?	कोई भी जानकारी जोड़ या छोड़ कर सकते हैं।
108	108	108	Allah and His angels praise and venerate the Prophet. Believers, praise and venerate him and pronounce peace upon him in abundance.	इसमें भी शक नहीं कि खुदा और उसके फरिश्ते पैग़म्बर (और उनकी आल) पर दुरूद भेजते हैं तो ऐ ईमानदारों तुम भी दुरूद भेजते रहो और बराबर सलाम करते रहो	जिस्म में मिले पाएंगे वे पूरी होंगी; जिस्म में मिले पाएंगे वे पूरी होंगी; जिस्म में मिले पाएंगे वे पूरी होंगी; जिस्म में मिले पाएंगे वे पूरी होंगी;
109	109	109	No, I'm in the middle of something.	नहीं, मैं कुछ के बीच में हूँ.	अरे, मैं मध्य स्थान में हूँ।
110	110	110	The action, 16th of December, where NGOs and small nations and countries, all sorts of people from inside the conference...	16 दिसम्बर की कार्यवाही जिसमें एन. जी.	जिस कार्य, 16th दिसंबर के उस समय, वाक्य, वाक्य, वाक्य, वाक्य, वाक्य, वाक्य, वाक्य, वाक्य, वाक्य, वाक्य, वाक्य, वाक्य, वाक्य, वाक्य, वाक्य, वाक्य, वाक्य, वाक्य, वाक्य, वाक्य, वाक्य, वाक्य, वाक्य, वाक्य, वाक्य, वाक्य, वाक्य, वाक्य, वाक्य, वाक्य, वाक्य, वाक्य, वाक्य, वाक्य, वाक्य, वाक्य, वाक्य, वाक्य, वाक्य, वाक्य, वाक्य, वाक्य, वाक्य, वाक्य, वाक्य, वाक्य, वाक्य, वाक्य, वाक्य, वाक्य, वाक्य, वाक्य, वाक्य, वाक्य, वाक्य, वाक्य, वाक्य, वाक्य, वाक्य, वाक्य
111	111	111	After that, surely, you will die.	फिर तुम अवश्य मरनेवाले हो	अन्य किस्मी होगा।
112	112	112	[man speaking native language]	[पुरुष अपनी मातृभाषा में बोल रहा है]	जिस व्यक्ति के पास मौजूद है, वह मूल संस्कृत के प्रतिबिंबित है।
113	113	113	#As the earth turns and the summer's all gone#	# दिखाएँ # पर चला जाता है पृथ्वी बदल जाता है और गर्मियों के सभी # रूप में चला गया	जैसे पृथ्वी भूमि पर भूमिका कर रही है और अब सबका सुनन-सुनना प्राप्त कर सकता है#As the earth turns and the summer's all gone#
114	114	114	Do they wait for any thing but the Hour (of change), that it may come upon them suddenly? Its signs have already appeared. How then will they be warned when it has come upon them?	तो क्या ये लोग बस क़यामत ही के मुनतज़िर हैं कि उन पर एक बारगी आ जाए तो उसकी निशानियाँ आ चुकी हैं तो जिस वक्त क़यामत उन (के सर) पर आ पहुँचेगी फिर उन्हें नसीहत कहाँ मुफीद हो सकती है	"नहीं के के के के के के के के के के के के के के के के के के के के के के के के के के के के के के के के के के के के के के के के के के के के के के के के के के के के के के के के के के के के के के के के के के के के के के के के के के के के के के के के के के के के के के के के के के के के के के के के के के के के के के के के के के के के के के कैवारियाई

*   रूस
*   चीन
*   कैवारियाई"
115	115	115	"""In rhapsody that day As a whiplash today"""	"""धुन में उस दिन एक चोट आज के रूप में"""	"जिस दिन उस समय रिहाड़ी की सुन रिहाड़ी की सिनेमात्री आज की है"""
116	116	116	Start date invalid.	आरंभिक तारीख अवैध है.	स्टार्ट डेट विलिबल.
117	117	117	"William Long posted some spoofing videos produced by Google and Baidu, in which, Google called Baidu ""hundred poisons"" and Baidu mocked google as a foreign / alien company (zh)."	"विलियम लाँग ने गूगल और बायडू द्वारा निर्मित कुछ पैरोडी विडियो पोस्ट किये हैं जिनमें गूगल ने बायडू को ""हंड्रेड पॉयज़न"" यानि ज़हरीला पुकारा तो बायडू ने गूगल को विदेशी बाहरी कंपनी कह कर चिढ़ाया।"	"मूल्य:
विलियम लॉन्ग ने कुछ स्पोइंग वीडियो जो गूगल और बaidu दे चुके"
118	118	118	It's not a rat!	यह एक चूहा नहीं है!	अरे!
119	119	119	Unicode (UTF-3_2 LE)	यूनिकोड (UTF-3_2 LE)	अन्य (यू.टी.फ.3.2. L.))
120	120	120	I left the apartment this morning so mad.	मैं आज सुबह तो पागल घर छोड़ दिया.	मैं कुछ समय के लिए कक्ष की स्थापना की थी।
121	121	121	It is Allah Who made out of the things He created, some things to give you shade; of the hills He made some for your shelter; He made you garments to protect you from heat, and coats of mail to protect you from your (mutual) violence. Thus does He complete His favours on you, that ye may bow to His Will (in Islam).	और अल्लाह ने तुम्हारे लिए अपनी पैदा की हुई चीज़ों से छाँवों का प्रबन्ध किया और पहाड़ो में तुम्हारे लिए छिपने के स्थान बनाए और तुम्हें लिबास दिए जो गर्मी से बचाते है और कुछ अन्य वस्त्र भी दिए जो तुम्हारी लड़ाई में तुम्हारे लिए बचाव का काम करते है। इस प्रकार वह तुमपर अपनी नेमत पूरी करता है, ताकि तुम आज्ञाकारी बनो	यह अल्लाह जिसने आपको शादी दिलाई है, वह अपनी favours आपको लगे साथ दे रहे हैं। हाल ही तो अल्लाह जो ने आपको मौली की शादी दिलाई है, वह अपनी favours आपको लगे साथ दे रहे हैं।
122	122	122	CSV Import Filter for KSpread	केस्प्रेड के लिए सीएसवी आयात फ़िल्टरName	मूल्यों को KSpread में फ़िल्टर करने के लिए नहीं उपयोग के लिए निर्नमय वाले व्यूज़ के प्रयोग के लिए निर्नमय वाले नहीं होते
123	123	123	To this he himself shall bear witness.	और निश्चय ही वह स्वयं इसपर गवाह है!	जिसे स्वयं का प्रमाण होगा।
124	124	124	Say, “Who is it who will shield you from God, if He intends adversity for you, or intends mercy for you?” Besides God, they will find for themselves neither friend nor helper.	(ऐ रसूल) तुम उनसे कह दो कि अगर खुदा तुम्हारे साथ बुराई का इरादा कर बैठे तो तुम्हें उसके (अज़ाब) से कौन ऐसा है जो बचाए या भलाई ही करना चाहे (तो कौन रोक सकता है) और ये लोग खुदा के सिवा न तो किसी को अपना सरपरस्त पाएँगे और न मद्दगार	जो कोई भी गोद पर आपसे God की रक्षा करेगा, अगर गोद का इरादा है दुःख के लिए, या इरादा है दयालुता के लिए।
125	125	125	How does a tiger get in the bathroom?	कैसे एक शेर में प्राप्त करता है बाथरूम?	जैसे एक तिगर जाती है?
126	126	126	“%s” Properties	“%s” गुण	%s Properties
127	127	127	Is a watchtower.	यह गुम्मट है.	यह सुनने की क्षमता है।
128	128	128	If only he could have given me a child.	काश वह मुझे एक बच्चा दिया होता.	अरे, लेकिन किसी का प्रतिवादी नहीं हो सकता।
129	129	129	My son, be steadfast in prayer. Make others do good. Prevent them from doing evil. Be patient in hardship. Patience comes from faith and determination.	"""ऐ मेरे बेटे! नमाज़ का आयोजन कर और भलाई का हुक्म दे और बुराई से रोक और जो मुसीबत भी तुझपर पड़े उसपर धैर्य से काम ले। निस्संदेह ये उन कामों में से है जो अनिवार्य और ढृढसंकल्प के काम है"	मेरे बच्चे, अपने पfaith में रहें और दूसरों के दुख को दूर करें और दूसरों के बुरी को दूर करें और निरंतर रहें.
130	130	130	Shut up, Alan.	/ अच्छा है. वह सिर्फ भूखा था.	अरे, अलान!
131	131	131	We made our pledge to the Führer.	हमने फ्यूरर के लिए प्रतिज्ञा ली है.	जिस्म में हमने अपना वचन लिया है, उसमें से हमने भी अपना वचन लिया है और उसी में से हमने भी अपना वचन लिखा है।
132	132	132	_Save Draft	मसौदा सहेजें (_S)	यह सही है
133	133	133	Size	आकार	बड़ी-बड़ी
134	134	134	General	सामान्य	जैसा कि
135	135	135	We're on our way to the basement.	हम हमारे तहखाने की तरफ जा रहे हैं.	सबस तो एक जैसी है।
136	136	136	The packed out venue last night attests to this, as does the fact that finalists and interested parties flew in from around the country to be there.	भीड़ से सराबोर समारोह स्थल तथा देश भर से आए हुए अंतिम दौर के प्रतिभागी व इसमें रुचि रखने वाले चिट्ठाकार इस बात के गवाह हैं.	कुछ और नहीं किया जा सकता है, हटा सकता है, और पूरी जानकारी से पूरी हो सकती है।
137	137	137	And they forgive you because you make them proud of themselves.	और आप खुद के बारे में उन्हें गर्व करते हैं क्योंकि वे तुम्हें माफ.	और वे तुम्हें अपनी प्रजाति का राजा हुआ हैं।
138	138	138	These grapes are so sour that I can't eat them.	ये अंगूर इतने खट्टे हैं कि मुझसे खाए नहीं जा रहे।	ये चेरबी के पानी से बहुत घटित हुआ है कि मैं इन्हें नहीं खाऊँ।
139	139	139	Two suits for dry-clean and a bag of whatnot.	- दो सूट ड्राई-क्लीन के लिए और जो-सो का एक बैग. - हां, महोदय.	ड्यू क्लाइन और साइर के साथ-साथ कुछ नह्ट्स।
140	140	140	In that old rust bucket of yours?	तुम मेरे लिए रक्षा चलाने वाला आदमी है जो कर रहे हैं?	अरे?
141	141	141	God shall surely admit those who believe and do righteous deeds into gardens underneath which rivers flow. As for the unbelievers, they take their enjoyment and eat as cattle eat; and the Fire shall be their lodging.	निश्चय ही अल्लाह उन लोगों को जो ईमान लाए और उन्होंने अच्छे कर्म किए ऐसे बागों में दाख़िल करेगा जिनके नीचे नहरें बह रही होंगी। रहे वे लोग जिन्होंने इनकार किया, वे कुछ दिनों का सुख भोग रहे है और खा रहे है, जिसे चौपाए खाते है। और आग उनका ठिकाना है	जो लोग ईसा पूर्ण व्यक्ति हैं, उन्होंने सहजता के रूप में righteous deeds की स्थापना की ताकियों को प्रदान की ताकियों के रूप में ईसा पूर्ण व्यक्ति हैं।
142	142	142	What's happened?	क्या हुआ?	जो हुआ?
143	143	143	- ( gunshot )	- (गोली)	यह शॉट गोला बुलेट प्रत्युक्ति के लिए है।
144	144	144	_Save Draft	मसौदा सहेजें (_S)	यह सही है
145	145	145	Yes, but now you are the problem.	हाँ, लेकिन अब आप समस्या हैं .	इस सारे जानकारी के लिए, मैं यहाँ से भी बात नहीं कह सकती।
146	146	146	Your emails	raviratlami@ aol. in	आपके ईमेल
147	147	147	"(Muhammad), tell him, ""He who gave them life in the first place will bring them back to life again. He has the best knowledge of all creatures."	"कह दो, ""उनमें वही जाल डालेगा जिसने उनको पहली बार पैदा किया। वह तो प्रत्येक संसृति को भली-भाँति जानता है"	मुहम्मद) से, डॉक्टर को क्या बताया? वे दोनेेँ चार्ज़ के ज्ञन के साथ-साथ प्रेरित भी होते हैं।
148	148	148	♪ I've always held on to ♪	♪ मैं हमेशा पर आयोजित है ♪	प्रेस I've always held on to ♪
149	149	149	Formatting disc	डिस्क संरूपित कर रहा है	रूपात्मक बनें
150	150	150	Hello?	हैलो?	जो कि हैलो?
151	151	151	Yeah.	हाँ.	जी हुआ।
152	152	152	What happened when you attacked here?	- आप एक पाते हैं?	जैसे हुआ थी यह स्थान पर हमला किया?
153	153	153	Text	पाठ	यहाँ कुछ जानकारी दी जाएगी।
154	154	154	Luckily, I had a soft landing.	सौभाग्य से, मैं एक नरम लैंडिंग था.	सुखी स्थान पर मैंने गिरना हुआ था।
155	155	155	Do you--do you know what this is?	आप क्या - क्या तुम यह क्या है जानते हो?	जी--जी आपको जानते हैं कि इस पास है?
156	156	156	And We gave to Dawood Sulaiman, most excellent the servant! Surely he was frequent in returning (to Allah).	और हमने दाऊद को सुलैमान प्रदान किया। वह कितना अच्छा बन्दा था! निश्चय ही वह बहुत ही रुजू रहनेवाला था।	अरे, और हमने देवो को सुलामान के सबसे अच्छे सहायक हो! शायद वह हमेशा से सreturning (या स्वीकार्य) होते व रिटरन (या स्वीकार्य) होते है देवो के सुलामान के सबसे अच्छे सहायक होते होते |
157	157	157	Get the deal closed.	सौदा बंद करें.	दिल से हस्त बने डॉक्टर की पीठ पर किसी का डॉक्टर का कार्य के लिए परिभाषित है।
158	158	158	_Edit	संपादन (_E)	मैं नहीं कह सकता कि!?
159	159	159	Jayashree Govindarajan, Mumbai shares some of the traditional recipes.	जयश्री गोविंदराजन, मुम्बई कुछ पारंपरिक रसोई के नुसखों को सभी से साझा कर रही हैं.	जयशर्षि गोविंदार्जन, मुंबई के कुछ पारंपरिक खाने हैं।
160	160	160	(Pagans) has your Lord given you preference over Himself by granting you sons and taking the angels as His own daughters? What you say is a monstrous utterance.	(ऐ मुशरेकीन मक्का) क्या तुम्हारे परवरदिगार ने तुम्हें चुन चुन कर बेटे दिए हैं और खुद बेटियाँ ली हैं (यानि) फरिश्ते इसमें शक़ नहीं कि बड़ी (सख्त) बात कहते हो	जापान के
161	161	161	Couple hours later, you walk into some type of double cross.	युगल घंटे बाद, आप डबल क्रॉस के कुछ प्रकार में चल .	दो के दूसरे में तो पूरी तरह से गलत है।
162	162	162	Hermann, these are human beings.	हरमन, ये इंसान हैं.	यह हेमर, ये दुनिया में साहित्य के प्रतिष्ठित व्यक्ति हैं |
163	163	163	_Restart Evolution after restore	पुनर्भंडारण के लिए एवोल्यूशन फिर शुरू करें (_R)	"Restoration of the Earth's climate after the Ice Age would be beneficial.
But, do not add, remove, or change any information."
164	164	164	Those [believers] who responded to Allah and the Messenger after injury had struck them. For those who did good among them and feared Allah is a great reward -	निहाल हो रहे हैं (जंगे ओहद में) जिन लोगों ने जख्म खाने के बाद भी ख़ुदा और रसूल का कहना माना उनमें से जिन लोगों ने नेकी और परहेज़गारी की (सब के लिये नहीं सिर्फ) उनके लिये बड़ा सवाब है	जो लोग Allah और मessenger के प्रति होते हैं, उन्होंने प्रति के प्रति प्रति के प्रति प्रति प्रतु होते हैं और जो लोग सुखद गति में होते हैं वे लोग होते हैं जो लोग सुखद गति में होते हैं वे लोग होते हैं जो लोग सुखद गति में होते हैं वे लोग होते हैं जो लोग सुखद गति में होते हैं वे लोग होते हैं जो लोग सुखद गति में होते हैं वे लोग होते हैं जो लोग सुखद गति में होते हैं वे लोग होते हैं जो लोग सुखद गति में होते हैं वे लोग होते हैं जो लोग सुखद गति में होते हैं वे लोग होते हैं जो लोग स
165	165	165	Do you not know that Allah knows what is in the heaven and the earth? Surely this is in a book; surely this is easy to Allah.	क्या तुम्हें नहीं मालूम कि अल्लाह जानता है जो कुछ आकाश और धरती मैं हैं? निश्चय ही वह (लोगों का कर्म) एक किताब में अंकित है। निस्संदेह वह (फ़ैसला करना) अल्लाह के लिए अत्यन्त सरल है	ज़रूर नहीं, नहीं जानते हैं कि अल्लाह जो जो पूरा earth और heaven के लिए अच्छाई है, यह सब साधी गुण में है।
166	166	166	And indeed the news which had a lot of deterrence, came to them.	उनके पास अतीत को ऐसी खबरें आ चुकी है, जिनमें ताड़ना अर्थात पूर्णतः तत्वदर्शीता है।	जैसा कि बहुत सारे निर्णयों ने बहुत सारी निर्णयों की रूपरूप में आई थीं
167	167	167	We just made a point.	हमने केवल एक बात कही.	जैसा कि इसका अर्थ था।
168	168	168	Say, “Come, let me tell you what your Lord has forbidden you: that you associate nothing with Him; that you honor your parents; that you do not kill your children because of poverty—We provide for you and for them; that you do not come near indecencies, whether outward or inward; and that you do not kill the soul which God has sanctified—except in the course of justice. All this He has enjoined upon you, so that you may understand.”	(ऐ रसूल) तुम उनसे कहो कि (बेबस) आओ जो चीज़ें ख़ुदा ने तुम पर हराम की हैं वह मैं तुम्हें पढ़ कर सुनाऊँ (वह) यह कि किसी चीज़ को ख़ुदा का शरीक़ न बनाओ और माँ बाप के साथ नेक सुलूक़ करो और मुफ़लिसी के ख़ौफ से अपनी औलाद को मार न डालना (क्योंकि) उनको और तुमको रिज़क देने वाले तो हम हैं और बदकारियों के क़रीब भी न जाओ ख्वाह (चाहे) वह ज़ाहिर हो या पोशीदा और किसी जान वाले को जिस के क़त्ल को ख़ुदा ने हराम किया है न मार डालना मगर (किसी) हक़ के ऐवज़ में वह बातें हैं जिनका ख़ुदा ने तुम्हें हुक्म दिया है ताकि तुम लोग समझो और यतीम के माल के करीब भी न जाओ	Source: Holy Bible (e.g., Quran, Bible).
169	169	169	You told them that we're married, I told them I'm 3 months pregnant!	तुमने कहा कि हम शादीशुदा हैं, मैनें कहा कि मैं 3 महीने की गर्भवती हूँ.	सुने और समझने वाले के रूप में विवाह की पुष्टि के कि वे विवाह के प्राप्तकर्ता हैं।
170	170	170	India: All about the Theatre! · Global Voices	भारतः रंगमंच का जादू	जापा: सिनेमा के बारे! ·ज़रिएस
171	171	171	Cannot subscribe folder in offline mode.	ऑफ़लाइन मोड में फ़ोल्डर सदस्यता नहीं ले सकता.	शारीरिक रूप से संग्रह करने की capability नहीं है।
172	172	172	When you find the beads I hope you'll return them.	जब माला मिल जाये तो मुझे आशा है कि तुम उन्हें वापस कर दोगी.	जैसे तुम पीढ़ें कि तुम्हें वापसी करेंगी
173	173	173	_View	देखें (_V)	जैसा
174	174	174	He'll no longer lead us.	कभी नहीं!	जिस व्यक्ति को कोई भी नहीं ले सकता तो नह?
175	175	175	Say to them: 'People of the Book! Do you hate us for anything else except that we believe in Allah, and in the teaching which has been revealed to us and in the teaching which was revealed before? Indeed most of you are transgressors.'	(ऐ रसूल अहले किताब से कहो कि) आख़िर तुम हमसे इसके सिवा और क्या ऐब लगा सकते हो कि हम ख़ुदा पर और जो (किताब) हमारे पास भेजी गयी है और जो हमसे पहले भेजी गयी ईमान लाए हैं और ये तुममें के अक्सर बदकार हैं	"जिस व्यक्ति को म human के बारे में जातिपूर्ण जानकारी हो सकती है, उस व्यक्ति के लिए यह जानकारी किसी भी तरह से उपयोगी नहीं हो सकती क्या!"",
""जैसा कि जातिपूर्ण जानकारी की किसी भी तरह से उपयोगी हो सकती किंति, यह जानकारी किसी भी तरह से उपयोगी नहीं हो सकती क्या!"",
""जैसा कि जातिपूर्ण जानकारी की किसी भी तरह से उपयोगी नहीं हो सकती क्या!"",
""जैसा कि जातिपूर्ण जानकारी की किसी भी तरह से उपयोगी नहीं हो सकती क्या!"",
""जैसा कि जातिपूर्ण जानकारी की किसी भी तरह से उपयोगी नहीं हो सकती क्या!"",
""जैसा कि जातिपूर्ण जानक"
176	176	176	He said: Surely in it is Lut. They said: We know well who is in it; we shall certainly deliver him and his followers, except his wife; she shall be of those who remain behind.	(ये सुन कर) इबराहीम ने कहा कि इस बस्ती में तो लूत भी है वह फरिश्ते बोले जो लोग इस बस्ती में हैं हम लोग उनसे खूब वाक़िफ़ हैं हम तो उनको और उनके लड़के बालों को यक़ीनी बचा लेंगे मगर उनकी बीबी को वह (अलबता) पीछे रह जाने वालों में होगीं	जिस्म के लिखे तो लत के कहा। वे कहे ये लत के लिखे तो लत के लिखे थे। वे कहे विलक्ति के लिखे थे जो विलक्ति के लिखे थे।
177	177	177	That's how many villagers died	इसी तरह कई गाँव वाले मारे गए हैं	जितने लोगों ने इस संस्मारक को दिया था
178	178	178	Your emails	raviratlami@ aol. in	आपके ईमेल
179	179	179	Nearby Sites	निकटस्थ साइट	नज़ले
180	180	180	On the Day when it arrives, no soul will speak without His permission. Some will be miserable, and some will be happy.	जिस दिन वह आएगा, तो उसकी अनुमति के बिना कोई व्यक्ति बात तक न कर सकेगा। फिर (मानवों में) कोई तो उनमें अभागा होगा और कोई भाग्यशाली	अरे, किसी भी कुछ व्यक्ति के जीवन में कुछ विशिष्ट हो सकते हैं.
181	181	181	Thanks for that, Jack.	इसके लिए धन्‍यवाद, जैक.	नहीं बिलीज़।
182	182	182	Select all text	सारा पाठ चुनें	बिलकुल चिहट करें
183	183	183	Compact contact list	संकुचित संपर्क सूची	कम्पैक कॉन्टेक्ट लिस्ट
184	184	184	So will it be; and whoever retaliates with the like of what he has been made to suffer, and is aggressed against [again] thereafter, Allah will surely help him. Indeed Allah is all-excusing, all-forgiving.	और खुदा तो बेशक बड़ा वाक़िफकार बुर्दवार है यही (ठीक) है और जो शख्स (अपने दुश्मन को) उतना ही सताए जितना ये उसके हाथों से सताया गया था उसके बाद फिर (दोबारा दुशमन की तरफ़ से) उस पर ज्यादती की जाए तो खुदा उस मज़लूम की ज़रूर मदद करेगा	जैसा कि; और जिसने उसे सहलाभित किया बादापर्युक्त हो जाता है कि, Allah के लाभ को मंजूरी से मेंढ़िया हो जाती है।
185	185	185	God has given us freedom.	भगवान ने हमें आजादी दे दी है.	जिस्म से प्राप्ता है स्वतंता है।
186	186	186	- You see how busy we are.	- तुम देखो हम कितने व्यस्त हैं.	जैसा कि हम बहुत ज्यादा काम कर रहे हैं।
187	187	187	Add the files stored in the clipboard	क्लिपबोर्ड में जमा फाइल जोड़ें	क्लिपबोर्ड में से डाउनलोड किए गए फ़ायल
188	188	188	Save the current file with a different name	वर्तमान फ़ाइल एक भिन्न नाम से सहेजें	current के लिए अलग नाम दें
189	189	189	Retrieving quota information for '%s'	%s में नए संदेश के लिये सारांश सूचना ला रहा है	जिस के लिए?
190	190	190	"""...and we are slaves no longer..."""	"""... और अब हम दास नहीं हैं ..."""	जानकारी से जोड़ा नहीं, पूरी जानकारी से न हटा ली गई, लेकिन पूरी जानकारी से न भी बनी गई, लेकिन पूरी जानकारी से न भी बनाई गई, लेकिन पूरी जानकारी से पूरी नहीं बनी गई, लेकिन पूरी जानकारी से पूरी नहीं बनी गई, लेकिन पूरी जानकारी से पूरी नहीं बनी गई, लेकिन पूरी जानकारी से पूरी नहीं बनी गई, लेकिन पूरी जानकारी से पूरी नहीं बनी गई, लेकिन पूरी जानकारी से पूरी नहीं बनी गई, लेकिन पूरी जानकारी से पूरी नहीं बनी गई, लेकिन पूरी जानकारी से पूरी नहीं बनी गई, लेकिन पूरी जानकारी से पूरी नहीं बनी गई, लेक
191	191	191	Select all messages in the same thread as the selected message	चयनित संदेश की तरह सभी संदेश एक जगह अंतःसूत्रित करें	selected message केThread से समान होते हैं
192	192	192	Everybody's passing us.	सब लोग हमें गुजर रहा है.	जो कुछ भी है।
193	193	193	Do Nothing	कुछ नहीं करें	अरे वैस क्या भी हो सकता है।
194	194	194	There are four of us but we are frightened of you.	वहाँहममेंसेचार हैं लेकिन हम आप से डर रहे हैं	अरे, हम चार हैं लेकिन हमें आपकी तरह डर रहे हैं।
195	195	195	And (there are) others who have acknowledged their faults. They mixed a righteous action with another that was bad. It may be that Allah will relent toward them. Lo! Allah is Forgiving, Merciful.	और दूसरे कुछ लोग है जिन्होंने अपने गुनाहों का इक़रार किया। उन्होंने मिले-जुले कर्म किए, कुछ अच्छे और कुछ बुरे। आशा है कि अल्लाह की कृपा-स्पष्ट उनपर हो। निस्संदेह अल्लाह अत्यन्त क्षमाशील, दयावान है	जिस्म से जाते हैं ये दूसरे जाते हैं और निम्न जाति प्राप्त करते हैं |
196	196	196	Thanks for helping out the other day, too.	दूसरे दिन बाहर की मदद करने के लिए धन्यवाद भी.	किसी की सहायता की किसी दिन भी की गई, भी हो सकती है।
197	197	197	Open the selected image with a different application	चयनित छवि भिन्न अनुप्रयोग से खोलें	प selected image के लिए एक अलग एप्लिकेशन के साथ क्या हो सकता है
198	198	198	The heavens are about to be rent apart from above them, while the angels celebrate the praise of their Lord and plead for forgiveness for those [faithful] who are on the earth. Indeed, Allah is the All-forgiving, the All-merciful!	लगता है कि आकाश स्वयं अपने ऊपर से फट पड़े। हाल यह है कि फ़रिश्ते अपने रब का गुणगान कर रहे, और उन लोगों के लिए जो धरती में है, क्षमा की प्रार्थना करते रहते है। सुन लो! निश्चय ही अल्लाह ही क्षमाशील, अत्यन्त दयावान है	जिस्म से लिखा गया है, उससे नहीं लिखा होगा।
199	199	199	There is no fault in the blind, or the lame, or the sick. He who obeys Allah and His Messenger He shall admit him to Gardens underneath which rivers flow; but he who turns away shall be punished with a painful punishment.	न अन्धे के लिए कोई हरज है, न लँगडे के लिए कोई हरज है और न बीमार के लिए कोई हरज है। जो भी अल्लाह और उसके रसूल की आज्ञा का पालन करेगा, उसे वह ऐसे बाग़ों में दाख़िल करके, जिनके नीचे नहरे बह रही होगी, किन्तु जो मुँह फेरेगा उसे वह दुखद यातना देगा	जो किस्मति या लामा नहीं होती वो किस्मति या लामा नहीं होती , वो किस्मति या लामा के परिचय के तौर पर नहीं होते , और जो किस्मति या लामा होता है तो वह किस्मति या लामा नहीं होते , और जो किस्मति या लामा नहीं होते , वो किस्मति या लामा के परिचय के तौर पर नहीं होते , और जो किस्मति या लामा के परिचय के तौर पर नहीं होते , वो किस्मति या लामा के परिचय के तौर पर नहीं होते , और जो किस्मति या लामा के परिचय के तौर पर नहीं होते , वो किस्मति या लामा के परिचय के तौर पर नह
200	200	200	Why didn't you come with me.	क्यों तुम मेरे साथ नहीं आया था.	क्यों नहीं आई?
201	201	201	Yeah, 7,000 people.	हाँ, 7,000 लोग.	जी हाँ, 7,000 लोग हैं।
202	202	202	King me. -Chess.	राजा मैं.	किंग मे... चेस।
203	203	203	_Open	खोलें (_O)	प्राप्त
204	204	204	Anyway, art moved on, as it must, it has to.	वैसे भी, कला पर ले जाया गया, केरूपमेंयहचाहिए ,यहकरनेके लिएहै.	किसी भी तरह से, कला ने आगे बढ़ कर दी है, और यह तो रही भी नहीं।
205	205	205	Do you have prior experience?	आप पहले अनुभव है?	जी हाँ, आपके पहले के अनुभव के बारे में क्या कहा है?
206	206	206	Send the drone.	गबन भेजें.	ड्रोन को सेंट कर दिया जाए।
207	207	207	If you want to be alone, we understand.	आप अकेले रहना चाहते हैं, हम समझते हैं.	अरे, यदि आप खुद के पास हो रहे समय में स्वतंत्र हैं तो हम समझें।
208	208	208	O My bondmen who believe! Indeed My earth is spacious – therefore worship Me alone.	ऐ मेरे बन्दों, जो ईमान लाए हो! निस्संदेह मेरी धरती विशाल है। अतः तुम मेरी ही बन्दगी करो	ओ! मेरे बंधु जो विश्वास रखते! सच में मेरी पृथ्वी विस्तार – ह therefore मेरा पवित्रतापरूप में ध्यान देना चाहे”.
209	209	209	All information in this memo will be deleted and can not be restored.	इस यथारूप प्रविष्टि की सभी सूचनाएँ मिट दी जाएँगी और फिर सहेजी नहीं जा सकेगी.	यह जानकारी इस मेमो के साथ खत्म होगी और इसका पुनर्स्थापना भी नह हो सकती
210	210	210	Later I will pluck for you twice.	बाद में ... दोबारा... मैं तुम्हारे लिए तोड़ दुंगा.	कल मैं तुम्हें दो बार सिरका लगाऊने में लग रहा है।
211	211	211	O Romeo, Romeo, wherefore art thou Romeo?	हे रोमियो, रोमियो, किस कला तू रोमियो?	रोमो, रोमो, wherefore art thou Romeo?
212	212	212	Hath there come Unto thee the story of Musa!	(ऐ रसूल) क्या तुम्हारे पास मूसा का किस्सा भी पहुँचा है	जिसने मुसा पैदा किया था उसे बुलाया था और उसे परिचित किया थ!
213	213	213	YOU'RE MAKING A SPEECH ABOUT FITTING KITCHENS?	आप फिटिंग रसोई बारे में एक भाषण बना रहे हैं?	आप किसी कक्षा में काम करने के तरीके की बात हो रही है?
214	214	214	Believers! If any of you should ever turn away from your faith, remember that Allah will raise up a people whom He loves, and who love Him; a people humble towards the believers, and firm towards the unbelievers; who will strive hard in the way of Allah and will not fear the reproach of the reproacher. This is the favour of Allah which He grants to whom He wills. Allah is vast in resources, All-Knowing.	ऐ ईमानदारों तुममें से जो कोई अपने दीन से फिर जाएगा तो (कुछ परवाह नहीं फिर जाए) अनक़रीब ही ख़ुदा ऐसे लोगों को ज़ाहिर कर देगा जिन्हें ख़ुदा दोस्त रखता होगा और वह उसको दोस्त रखते होंगे ईमानदारों के साथ नर्म और मुन्किर (और) काफ़िरों के साथ सख्त ख़ुदा की राह में जेहाद करेंगे और किसी मलामत करने वाले की मलामत की कुछ परवाह न करेंगे ये ख़ुदा का फ़ज़ल (व करम) है वह जिसे चाहता हे देता है और ख़ुदा तो बड़ी गुन्जाइश वाला वाक़िफ़कार है	बिल्लेबाज! जो किसी भी लोगों के साथ विश्वासपात्र है, वह सभी के लिए मार्ग्यर्थकी भी है।
215	215	215	"Then they will have no excuse but to say, ""By God our Lord, we have never been polytheists."""	"फिर उनका कोई फ़िला (उपद्रव) शेष न रहेगा। सिवाय इसके कि वे कहेंगे, ""अपने रब अल्लाह की सौगन्ध! हम बहुदेववादी न थे।"""	देने वाले के मूल्य-जानकारी 13 मई 2026 के हिसाब से सही और सह्य होते हैं।
216	216	216	There was just a stop. maybe someone's coming.	सिर्फ एक ही स्टॉप पार हुआ है, शायद कोई आ जाए.	किसी से कुछ हो सकता है. या शायद कुछ नहीं हो सकता है.
217	217	217	Allah created you from dust, then from a drop of sperm, then He made you into pairs. No female conceives, nor delivers (a child) except with His knowledge. None is given a long life nor is any diminished in his life but it is written in a Book. Surely that is quite easy for Allah.	अल्लाह ने तुम्हें मिट्टी से पैदा किया, फिर वीर्य से, फिर तुम्हें जोड़े-जोड़े बनाया। उसके ज्ञान के बिना न कोई स्त्री गर्भवती होती है और न जन्म देती है। और जो कोई आयु को प्राप्ति करनेवाला आयु को प्राप्त करता है और जो कुछ उसकी आयु में कमी होती है। अनिवार्यतः यह सब एक किताब में लिखा होता है। निश्चय ही यह सब अल्लाह के लिए अत्यन्त सरल है	अरे, यह तो बहुत आसान है कि Allah ने इस मानव को यह साक्षरत्व के तौर पर बनाया है।
218	218	218	SEAN: Yeah.	तीन , दो, एक जाने के लिए,!	अरे, ये हैं।
219	219	219	Quarterback's gonna tell you where he's going with the ball.	क्वार्टरबैकवहगेंदकेसाथजारहा है जहांआप बताने वाला	क्वार्टर्स क्योइन्ट के वे कहेंगे कि वे बॉल के साथ कहेंगे कौन सी जगह वे जाते हैं और वे बॉल के साथ कहेंगे कौन सी जगह वे जाते हैं और वे बॉल के साथ कहेंगे कौन सी जगह वे जाते हैं और वे बॉल के साथ कौन सी जगह वे जाते हैं और वे बॉल के साथ कौन सी जगह वे जाते हैं और वे बॉल के साथ कौन सी जगह वे जाते हैं और वे बॉल के साथ कौन सी जगह वे जाते हैं और वे बॉल के साथ कौन सी जगह वे जाते हैं और वे बॉल के साथ कौन सी जगह वे जाते हैं और वे बॉल के साथ कौन सी जगह वे जाते हैं और वे बॉल के साथ कौन सी जगह व
220	220	220	But they denied him, and We seized them with the torment of the Day of Shadowing (when the cloud had rained down fire). It was indeed the torment of a terrible day!	किन्तु उन्होंने उसे झुठला दिया। फिर छायावाले दिन की यातना ने आ लिया। निश्चय ही वह एक बड़े दिन की यातना थी	जिसने उन्हें ठहराया था उन्हें और हमने उन्हें शामिल कर दिया थु दुष्ट्वाच्चारिता!
221	221	221	Extraction not performed	निकाला नहीं गया	अन्य जानकारी नहीं कीये
222	222	222	Muhammad is not the father of [any] one of your men, but [he is] the Messenger of Allah and last of the prophets. And ever is Allah, of all things, Knowing.	(लोगों) मोहम्मद तुम्हारे मर्दों में से (हक़ीक़तन) किसी के बाप नहीं हैं (फिर जैद की बीवी क्यों हराम होने लगी) बल्कि अल्लाह के रसूल और नबियों की मोहर (यानी ख़त्म करने वाले) हैं और खुदा तो हर चीज़ से खूब वाक़िफ है	जिस्म में मुहम्मद का पितर नहीं है वह सांकित व्यक्ति है।
223	223	223	"The value ""%s"" is not part of the enum ""%s"""	%s नियमित फाइल नहीं है	"पूर्ण संख्या ""%s"" का हिस्ट्री में से मिली नहीं"
224	224	224	As we are experiencing some really nice above seasonal weather.	.. हम मौसमी मौसम के ऊपर वास्तव में अच्छा कुछ सामना कर रहे हैं के रूप में	अरे! हमारे पास कुछ really nice साल-वाली मौसम है।
225	225	225	We should go get in a batting cage.	हम बल्लेबाजी के पिंजरे में मिल जाना चाहिए.	बिल्टिंग केेज़ के लिए
226	226	226	This is Vegas.	इस वेगास है.	यह वेज्स.
227	227	227	You're the one gonna need to take care.	तुम ध्यान रखना.	आप चुके हैं जिसे ज़रूर सुनना चाहे कि ज़रूर बताया जा सके
228	228	228	If you played a gig for striking double-glazing salesmen,	यदि तुमने कुछ सेल्समैन के लिए गिग परफ़ॉर्म किया है...	अगर आप स्ट्रिंग डबल-ऐक्सिंग सेल्योन की गिड-ऐक्सिंग होती
229	229	229	And to (the tribe of) Thamud (We sent) their brother Salih. He said: O my people! Serve Allah. Ye have no other Allah save Him. A wonder from your Lord hath come unto you. Lo! this is the camel of Allah, a token unto you; so let her feed in Allah's earth, and touch her not with hurt lest painful torment seize you.	"और समूद की ओर उनके भाई सालेह को भेजा। उसने कहा, ""ऐ मेरी क़ौम के लोगो! अल्लाह की बन्दगी करो। उसके अतिरिक्त तुम्हारा कोई पूज्य नहीं। तुम्हारे पास तुम्हारे रब की ओर से एक स्पष्ट प्रमाण आ चुका है। यह अल्लाह की ऊँटनी तुम्हारे लिए एक निशानी है। अतः इसे छोड़ दो कि अल्लाह की धरती में खाए। और तकलीफ़ पहुँचाने के लिए इसे हाथ न लगाना, अन्यथा तुम्हें एक दुखद यातना आ लेगी।-"	"माफ़ किया गया:
इस संसाकरण में कोई बदलाव नहीं डाला योग्य है।"
230	230	230	& Image	छवि (I) Image/ Selection Menu caption - make sure that translation has the same accel as the & Image translation	यहाँ जानकारी दी जाने वाली संकेतों का सही और सह्य रूप में दिए गए हैं।
231	231	231	Next/Previous Message	अगला पिछला संदेश	प्रेषा/पिछला संदेश
232	232	232	Cannot delete folder: %s: No such folder	फ़ोल्डर विलोपित नहीं कर सकता है: %s:कोई ऐसा फ़ोल्डर नहीं	इन्हें हटाने से जारी रहें: सुनवाही: नहीं ऐसा
233	233	233	He wiped the sweat from his forehead.	उसने अपने माथे से पसीना पोंछा।	कहते हुए वह चोटी से चपड़ा।
234	234	234	He has forbidden you carrion, and blood, and the flesh of swine, and anything consecrated to other than God. But if anyone is compelled by necessity, without being deliberate or malicious, then God is Forgiving and Merciful.	उसकी नेअमत का शुक्र अदा किया करो तुम पर उसने मुरदार और खून और सूअर का गोश्त और वह जानवर जिस पर (ज़बाह के वक्त) ख़ुदा के सिवा (किसी) और का नाम लिया जाए हराम किया है फिर जो शख़्श (मारे भूक के) मजबूर हो ख़ुदा से सरतापी (नाफरमानी) करने वाला हो और न (हद ज़रुरत से) बढ़ने वाला हो और (हराम खाए) तो बेशक ख़ुदा बख्शने वाला मेहरबान है	जिस किसी भी लोग को कारोन की हो सकती है, और उसमें श्वास्त्व की भी हो सकती है, और उसमें भूद की भी हो सकती है, और उसमें सिंहत्व की भी हो सकती है, और उसमें राजत्व की भी हो सकती है, और उसमें किस्मत की भी हो सकती है।
235	235	235	Rabak	रबातusa. kgm	I don't have any information to share.
236	236	236	_Work Online	ऑनलाइन कार्य करें (_W)	काम करने ऑनलाइन
237	237	237	Is this guy clean?	हैइसआदमीकोस्वच्छ	Is this guy clean?
238	238	238	The command key I have entered is revoking your authority, this ship is now under my control.	मैंने दर्ज किया कमांड कुंजी , अपने अधिकार पलट है इस जहाज को अपने नियंत्रण में अब है.	अरे! मैंने इंटेर की काम की है।
239	239	239	I gotta tell 'em something.	मैं उन्हें कुछ बताना होगा.	कुछ बताने के लिए।
240	240	240	Unrecognized desktop file Version '%s'	अपरिचित डेस्कटॉप फ़ाइल संस्करण '%s'	"जाना:
जिसे जाना चाहे:
विरोधी:
किसी भी जानकारी को जाना या जाने के लिए प्रोत्सुकी"
241	241	241	- 19 years...	- 19 साल ...	- 19 साल की...
242	242	242	I might just stay in Vegas.	मैं सिर्फ वेगास में रह सकता है.	मैं वेगससी रह सकती हूँ।
243	243	243	They told me not to get involved with the Nazis.	उन्होंने मुझे बताया था कि नाजियों के साथ शामिल मत होना.	जिसने मुझे बताया था नाजी लोगों से मिले तो अच्छे रहे.
244	244	244	O you who have believed, do not take your fathers or your brothers as allies if they have preferred disbelief over belief. And whoever does so among you - then it is those who are the wrongdoers.	ऐ ईमानदारों अगर तुम्हारे माँ बाप और तुम्हारे (बहन) भाई ईमान के मुक़ाबले कुफ़्र को तरजीह देते हो तो तुम उनको (अपना) ख़ैर ख्वाह (हमदर्द) न समझो और तुममें जो शख़्स उनसे उलफ़त रखेगा तो यही लोग ज़ालिम है	जो ईसा माने और जो नफ़रुद के होते हैं, उनमें दिए जाते हैं खुद की गलतियाँ, और जो लोग ऐसी बातों को पसंद करते हैं कि वे ऐसी बातों को भी पसंद करते हैं जैसे वे होते हैं।
245	245	245	L know, but you will be 19 this summer and the girls already say you don't like them.	मुझे पता है, लेकिन आप इस गर्मी में 19 हो जाएगा... ... और लड़कियों को पहले से ही आप उन्हें पसंद नहीं है.	जी हूँ, लेकिन आप 19 इस साल को मिलेंगे और मिलेंगे वे 19 की बात है।
246	246	246	Easily sleeps two dozen adults.	आसानी से दो दर्जन से अधिक वयस्कों सोता है.	एक दशक के सोहरा व्यक्ति।
247	247	247	(SCATTERED LAUGHTER)	(बिखरेहंसी)	अर्जाना हो सकता है।
248	248	248	She likes cracking bones.	उसे हाथ की हड्डियाँ तोड़ने में मज़ा आता है	जिसने गन पे क्रैक किया है।
249	249	249	I would love a cup of tea.	मैं एक कप चाय लूंगी.	कल मैं कपड़े लागू करूँ।
250	250	250	What disturbs me most is not your lack of respect for my judgment.	क्या मुझे सबसे ज्यादा परेशान मेरे फैसले के प्रति सम्मान की अपनी कमी नहीं है.	जिस विषय से मुझे सबसे ज्यादा चिंतिता है वह मेरी निष्ठा के लिए बाध्यक्षता है।
251	251	251	Fri	शुक्रwind direction - wind speed is too low to measure	किसी
252	252	252	and when you seize [someone for punishment], you seize [him] like tyrants.	और जब किसी पर हाथ डालते हो तो बिलकुल निर्दय अत्याचारी बनकर हाथ डालते हो!	जिसने [whom] को दंडनिष्ठ ठहराने पर लगाया है, वे किसी भी कार्यांतर्या या सूचना संशोधन के लिए जिमन लगाया है।
253	253	253	Take a look at this frame.	इस फ्रेम पर नज़र डालना.	मैं देख रहा हूँ।
254	254	254	I will be in my office, darling.	मैं अपने कार्यालय में होगा, प्रिय.	मैं अपनी ऑफिस में रह रहेगी।
255	255	255	Tuesday	मंगलवार	अर्थात: सोमवार
256	256	256	The driver Yakub and constable Arvind, Ravindra and Ram Naresh were injured.	चालक याकूब और सिपाही अरविंद, रविंद्र व रामनरेश घायल हो गए।	यकुब और कॉन्सॉल के राविंडर और राविंडर के राम नर्स को घायल हुआ था।
257	257	257	Cogl Texture	Cogl संरचना	कॉज़ टेक्स्ट
258	258	258	photo;video;webcam;	photo;video;webcam;	किसी भी तरह से नहीं।
259	259	259	And how many have We destroyed from the generations after Noah. And sufficient is your Lord, concerning the sins of His servants, as Acquainted and Seeing.	और नूह के बाद से (उस वक्त तक) हमने कितनी उम्मतों को हलाक कर मारा और (ऐ रसूल) तुम्हारा परवरदिगार अपने बन्दों के गुनाहों को जानने और देखने के लिए काफी है	जिन्हें हम नोए के के बिंदु ने हायायमस्यों हैं।
260	260	260	Contact Details	संपर्क विवरण	संपर्क विविवेश
261	261	261	This option corresponds to the -N diff option.	यह विकल्प - I diff से संबंधित है.	यह ऑप्शन -N diff ऑप्टन है।
262	262	262	Unknown	अज्ञात	जानकारी के साथ-साथ किसी भी जानकारी को निष्ठि देने के लिए भी कोई जानकारी निष्ठि देने के लिए भी नहीं कह सकती।
263	263	263	_Restore	फिर जमा करें (_R)	I don't add, remove, or change any information.
264	264	264	Keep on the sunny side, always on the sunny side	धूपपक्षपर रखें,हमेशाधूपओर	जो कोई भी सुन्न क्षेत्र होता जो सुनने योग्य होता वे सभी सुनने योग्य होते हैं सुनने से होने वाले भी सुनने योग्य होते हैं
265	265	265	- Ask him what happened.	- उससे पूछो क्या हुआ.	- वे सिर्फ हुआ हैं।
266	266	266	But if you use them to melt castles and burn cities, you're not different.	लेकिन आप उन्हें प्रयोग महल पिघल और शहरों में जला है, आप अलग अलग नहीं कर रहे हैं।	जो किसी भी तरह से उन्हें उपयोग में ले जाते तो कुछ भी नहीं।
267	267	267	Landover Park.	Landover पार्क.	लैंडवर्ड पार्क.
268	268	268	Really, Anatolij, please tell us.	सच में, अनातोलिज, कृपया हमें बतांए.	हाँ, एंटोलिज, प्लीज स्टार्ट से तुम बताएँ.
269	269	269	File is not a valid .desktop file	फ़ाइल वैध .desktop फ़ाइल नहीं है	अर्जित .desktop से नहीं है
270	270	270	We at GV would love to see your posts on that day too, so do feel free to leave a comment and we will definitely check with you on October 12th to cover what you say on that day (and any day) about the environment.	अतः आपसे गुजारिश है कि टिप्पणी में अवश्य बताएँ और फिर हम निश्चित रूप से 12 अक्तूबर को यह देखेंगे कि उस दिन (और अन्य किसी भी दिन,) आपने पर्यावरण पर अपने क्या विचार व्यक्त किए .	"जी.वी. के टिप्प्स:
किसी भी जानकारी या सूचना साझे कर सकते हैं कि वे किस प्रकार से काम करें और वे कैसे सुधार के लिए प्रयास करेंगे |"
271	271	271	Then I announced to them and [also] confided to them secretly	और उनकी पोशीदा भी फ़हमाईश की कि मैंने उनसे कहा	किसी और किसी को नहीं बताया या छुपाया था
272	272	272	Glory be to your Lord: the Lord of Glory is far above what they attribute to Him.	ये लोग जो बातें (खुदा के बारे में) बनाया करते हैं उनसे तुम्हारा परवरदिगार इज्ज़त का मालिक पाक साफ है	जलही तो देखा योग्य है: देखा योग्य है जो दिया है देखा है।
273	273	273	And your movements among those who bow in homage to God.	और सजदा करनेवालों में तुम्हारे चलत-फिरत को भी वह देखता है	और आप वे लोग हैं जो गौरविता के प्रत Kumar के रूप में हैं।
274	274	274	Who are you to ask me that?	तुम मुझे उस से पूछने के लिए कौन हैं?	आप क्यों जान सकती है?
275	275	275	- ( clicks, tunes )	- (क्लिक करता है, धुनों)	"यहाँ संसाधित वाक्य है:
- (शॉर्ट) प्रति (शॉर्ट) के लाभ होते हैं |"
276	276	276	_Refresh Registry	पंजी ताजा करें (_R)	रिकॉर्डिंग
277	277	277	Enables random Tux explosions.	टक्स को बेतरतीब विस्फोटित होने देता है.	अन्य किस्मों से ज़रूरी Tux explosions हो सकती हैं।
278	278	278	This business is killing him.	यह व्यापार उसे मार रहा है.	यह व्यवसाय अपने पास पैसे दे रहे हैं।
279	279	279	It does not work with our feelings.	यह भावनाओं से काम नहीं करता.	अरे फ़ुड के साथ क्या काम किया जा सकता है, इसके कार्य के बारे में भी हो सकता है, जो के कार्य के काठित हो सकते हैं।
280	280	280	A clan where a man dies only after killing 100 men.	एक कुल जहाँ पुरुष 100 को मार कर मरता है.	सह-जीवित के समूह जिसमें एक पुरुष मरता पूरी संख्या 100 पुरुषों के बीच में रहता है।
281	281	281	They'll race behind you. They will stumble. They will fall.	वे, आप के पीछे आराम करेंगे ठोकर होगा, वे गिर जाएगी.	उनके पीछे आप हों। वे भ्रमित हों। वे भ्रमित हों।
282	282	282	© P@rM! NdeR M@nkÖÖ ™	©पी@RM nder एम@nkÖÖ 	अरे!
283	283	283	Somebody has filed an injunction.	किसी ने एक आदेश दायर किया है.	इनज्यू के बारे में कुछ कार्य किया है।
284	284	284	Not yet, there's still one more.	अभी नहीं, अभी एक और बाकीं है.	One more to come.
285	285	285	Which they will enjoy for ever. Indeed God has greater rewards with Him.	उनमें वे सदैव रहेंगे। निस्संदेह अल्लाह के पास बड़ा बदला है	जिस व्यक्ति को सुनना पसहता है, वह लंबी अवधि में आनजाती।
286	286	286	Select name of the Evolution backup file	एवोल्यूशन बैकअप फ़ाइल का नाम चुनें	बैकअप फ़ाइल ऑफ़िल्स का नाम सेलेक्ट होगा
287	287	287	-Crane, Mantis?	-क्रेन, मैंटिस?	No, Crane? Mantis?
288	288	288	Yeah, well you smell like aquarium rocks.	हाँ, अच्छी तरह से आप मछलीघर चट्टानों की तरह बू आ रही है.	जी हाँ, आप का सिर्फ़ एक पानी के पानी के प्रत्युक्तिकरणीया है।
289	289	289	I dived into the river.	मैंने नदी में छलाँग लगाकर डुबकी ली।	रीऐरी के दौरान मैंने नदी ।
290	290	290	%s min	%s min	यह सुनना या सहना सहमत है कि आप किसी भी जानकारी से प्रभावित हो सकते हैं या जानकारी से प्रभावित हो सकते हैं।
291	291	291	An link to the project web page if provided.	लिंक को पृष्ठ यदि.	अगर व्यक्ति द्वारा प्रोज़ की वेबसाइट पर जाएँ तो वह जानकारी सुने के तौर पर सही होगी
292	292	292	Tomorrow %l:%M:%S %p	कल %l:%M:%S %p	कोई
293	293	293	Transfer the current call	वर्तमान कॉल हस्तांतरित करें	current कॉल को टransfer कर दें
294	294	294	Work Week View: %s. %s	कार्य साप्ताहिक दृश्य: %s. %s	"अर्जित नहीं किया गया विवरण:
विवरण:%.सी. %.सी."
295	295	295	Only common people believe these tales, as they believe most anything.	केवल आम लोगों को वे सबसे अधिक कुछ भी विश्वास के रूप में , इन कहानियों का मानना ​​है.	जो कोई भी आम लोगों को ये कहें, उनमें से कोई भी जो कोई भी जो कोई भी विशेषता हो सकती है, उसे किसी को नहीं कहा दिया के स्थित्व को महत्वपूर्ण है।
296	296	296	Using this, people can get cold water in the summer.	इससे लोगों को गर्मी के दिनों में ठंडा पानी मिल सकेगा।	इससे लेकिन लोग गर्मी के समय में ठोस पानी तो सकते हैं.
297	297	297	We're pulling clear of them.	उनमें से cIear खींच रहे हैं.	अरे वे उन से खुद से clear कर रहे हैं।
298	298	298	chart	चार्ट	कार्चित नहीं किया जा सकता
299	299	299	Contact connected	संपर्क कनेक्टेड	कॉन्टेकेड्ड
300	300	300	A_vailable Fields:	उपलब्ध क्षेत्र (_v):	जो भी हो सकता है, वह उपलब्ध है।
301	301	301	Like those who lately preceded them, they have tasted the evil result of their conduct; and (in the Hereafter there is) for them a grievous Penalty;-	उनका हाल उन लोगों का सा है जो उनसे कुछ ही पेशतर अपने कामों की सज़ा का मज़ा चख चुके हैं और उनके लिए दर्दनाक अज़ाब है	सबस transferein (द विपरक्षा) दे रहे हैं उनसे पृथ्वी में (जो पूरा है) उनसे जोखी है-
302	302	302	Folder _Size	फ़ोल्डर आकार (_S)	प्राप्त करने वाले साइबर स्पेस
303	303	303	That was the same show, just without Anton!	कि सिर्फ एंटोन बिना ही दिखा रहा था!	नहीं के added, removed, or changed any information.
304	304	304	Cameron is Niles' son.	कैमरून नाइल्स 'बेटा है.	केमरन नील्स के बेटा हैं।
305	305	305	"(Jesus had said): ""Indeed Allah is my Lord and your Lord, so serve Him alone. This is the Straight Way."""	"""और निस्संदेह अल्लाह मेरा रब भी है और तुम्हारा रब भी। अतः तुम उसी की बन्दगी करो यही सीधा मार्ग है।"""	"जे सिस के कहा है:
“अधिकारी जे सिस के कहा है और मेरा कहा है तो अपने राजा के राज्य से भी हो सकता है।”"
306	306	306	They know the outward of this world's life, but of the hereafter they are absolutely heedless.	वे सांसारिक जीवन के केवल वाह्य रूप को जानते है। किन्तु आख़िरत की ओर से वे बिलकुल असावधान है	यह ज्ञात है कि इस दुनिया की इस्तेमाल की जानबाजार है. और इस बात से पूरी तरह से सहज होकर हम इस बात का पालन करते हैं - यह ज्ञात है कि इस दुनिया में इस hereafter के लाभ और संकट के बारे में ज्ञात होता है
307	307	307	And it is He Who has created man from water, and has appointed for him kindred by blood, and kindred by marriage. And your Lord is Ever All-Powerful to do what He will.	और वही तो वह (ख़ुदा) है जिसने पानी (मनी) से आदमी को पैदा किया फिर उसको ख़ानदान और सुसराल वाला बनाया और (ऐ रसूल) तुम्हारा परवरदिगार हर चीज़ पर क़ादिर है	जिस व्यक्ति को जातनस के प्रतिविरामी से पूर्णतः प्राप्त हुआ है, उस व्यक्ति के प्रतिविरामी से पूर्णतः प्राप्त हुए स्थानीय परिवार के प्रतिविरामी से पूर्णतः प्राप्त हुए विवेक्यात्मक से पूर्णतः प्राप्त हुए सामान्यों से पूर्णतः प्राप्त हुए सामाजिकों से पूर्णतः प्राप्त हुए सामाजिकों से पूर्णतः प्राप्त हुए सामाजिकों से पूर्णतः प्राप्त हुए सामाजिकों से पूर्णतः प्राप्त हुए सामाजिकों से पूर्णतः प्राप्त हुए सामाजिकों से पूर्णतः प्राप्त हुए सामाजिकों से पूर्णतः प्राप्त हुए सामाजिक
308	308	308	You saw it:	आपने देखा:	"आपने देखा:
किया प्राप्त करें"
309	309	309	Just tell me if he had a knife.	बस मुझे बताओ कि क्या उसके पास चाकू था.	किसी भी जानकारी जोड़न, रोकने, या बदलने के कोई हो सकते हैं।
310	310	310	Importing Outlook Express data	आउटलुक एक्सप्रेस आंकड़ा आयात कर रहा है	ऑल्क्रस प्राप्टिव डेटा इंडोर
311	311	311	There is no blame against him who avenges himself after he has been wronged.	और जो कोई अपने ऊपर ज़ु्ल्म होने के पश्चात बदला ले ले, तो ऐसे लोगों पर कोई इलज़ाम नहीं	जिस व्यक्ति से गलत हुआ उसकी मृत्यु हो सकती है, सुन सकती है और समझ सकती है।
312	312	312	Before them is Hell; naught will avail them of that which they earned, nor those whom they took for patrons beside Allah. Theirs shall be a torment mighty.	उनके आगे जहन्नम है, जो उन्होंने कमाया वह उनके कुछ काम न आएगा और न यही कि उन्होंने अल्लाह को छोड़कर अपने संरक्षक ठहरा रखे है। उनके लिए तो बड़ी यातना है	जिन्हें हELL कहलांजित किया जाता है, वे प्राप्त करने से पूरी तरह से पराज्ञ का शिकार होते हैं।
313	313	313	No home...	कोई घर नहीं...	नहीं होम...
314	314	314	"The register function hasn't been found automatically in the following pretty printer files: %s You need to fill yourself the register function columns before enabling the rows. Most of the time the register function name contains the word ""register""."	फंक्शन पाया इंच अनुसरण कर रहा है फ़ाइल नहीं से. को भरें फंक्शन स्तम्भ पहले सक्रिय कर रहा है पंक्तियाँ का समय फंक्शन नाम रखता है शब्द.	जो भी संग्रह कार्यक्रम के नाम के रूप में दर्ज किया गया है, वह उस संग्रह कार्यक्रम के रूप में प्रयुक्त किया गया है और उसमें से जो किया गया है, वह संग्रह कार्यक्रम के रूप में प्रयुक्त किया गया है और उसमें से जो किया गया है, वह संग्रह कार्यक्रम के रूप में प्रयुक्त किया गया है और उसमें से जो किया गया है, वह संग्रह कार्यक्रम के रूप में प्रयुक्त किया गया है और उसमें से जो किया गया है, वह संग्रह कार्यक्रम के रूप में प्रयुक्त किया गया है
315	315	315	We'll pack the abdomen with tissues and examine him thoroughly.	हम ऊतकों से पेट पैक करते हैं और उसे अच्छी तरह से जांच करते हैं.	हमें अंतरा देने के साथ-साथ कपड़े के अंतरा देने के साथ ही उसे चेक के साथ भी ठीक ठिकारी की सुविधा देने की क्रिया
316	316	316	Thumbnail	लघु छवि	बायोडॉक्टर
317	317	317	"There was evidence (of the truth) for the people of Sheba in their homeland. (We gave them) two gardens, one on the left and one on the right and (told them), ""Consume the sustenance which your Lord has given to you and give Him thanks. You have a blessed land and an All-forgiving Lord""."	और (क़ौम) सबा के लिए तो यक़ीनन ख़ुद उन्हीं के घरों में (कुदरते खुदा की) एक बड़ी निशानी थी कि उनके शहर के दोनों तरफ दाहिने बाएं (हरे-भरे) बाग़ात थे (और उनको हुक्म था) कि अपने परवरदिगार की दी हुई रोज़ी Âाओ (पियो) और उसका शुक्र अदा करो (दुनिया में) ऐसा पाकीज़ा शहर और (आख़ेरत में) परवरदिगार सा बख्शने वाला	यह सुना दे सकता कि सेबा के लोगों ने अपने लघु कार्य के लिए सांस्या दी और अपने सांस्या के लिए धन का संकल्प हुआ।
318	318	318	It was surprisingly a televised event as the news of the arrest was leaked and the media people were trailing the security forces convoy rolling to her house.	आश्चर्यजनक रूप से यह टीवी प्रधान घटना रही चूंकि गिरफ़्तारी का समाचार पहले ही लीक हो गया था और मीडिया के लोग समाचार को कवर करने के लिए खालिदा जिया के घर की ओर जा रही सुरक्षा दस्ते के पीछे हो लिये थे.	अर्थात् इस प्रकार से एक साक्षात्मक संपटन सारित संकलित प्रकाशित हुआ था.
319	319	319	The drones will handle this.	ड्रोन इस संभाल लेंगे.	यह सुनाई जाएगी।
320	320	320	Messages	पसंदीदा फ़ोल्डर में डाक देखें	संदेश
321	321	321	Do you have a reservation with us this evening?	आप इस शाम को हमारे साथ एक आरक्षण है?	Yes, you have a reservation with us this evening?
322	322	322	Separator	अलगानेवाला	किसी भी जानकारी जोड़न, रोकने, या बदलने की कोई जानकारी हो सकती है।
323	323	323	Take a chance! All life is a chance.	जोखिम उठाइये! पूरी जिंदगी एक जोखिम है।	अरे! जो कुछ हो सकता है, वही हो सकती भी है।
324	324	324	- They blame me behind my back!	- वे मेरी पीठ पीछे मुझे दोष!	जिसे भलाई हूँ उसे खिलाफी है!
325	325	325	The Führer would never approve. We swore to obey his will.	हम कभी आत्मसमर्पण नहीं कर सकते हैं.	अरे, फ़ॉर्डर वाले न तो भी सहमत होते हैं। हमने अपना सहमति वादा किया है।
326	326	326	Found the appointment in the calendar '%s'	'%s' पंचांग में मुलाकात मिली.	%s में नाम बदलाव को दर्शाने वाली विवरण में से नहीं लिया जाता
327	327	327	Copying messages to '%s'	'%s' में संदेश नक़ल कर रहा है	'%s' को '%s' दिखाने
328	328	328	Don't know where	पता नहीं कहाँ	जाने के लिए
329	329	329	Scientific	वैज्ञानिक	ज्ञान
330	330	330	Currently, passengers are required to turn off their smartphones, tablets and other devices once a plane's door closes.	फ़िलहाल, यात्रियों को विमान का द्वार बंद होने पर अपने स्मार्टफोन, टेब्लेट, तथा अन्य डिवाइस को बंद करने की आवश्यकता होती है।	currently, यात्रियों को यात्रा के दौरान अपने स्मार्टवे डिवाइस, कंप्यूटर और अन्य डिवाइसों से बंद कर देना चाहे |
331	331	331	And linked to that monster.	और वह राक्षस से जुड़ा हुआ।	जिसे भी है उसे उस प्रलय से प्रलय से ले जाना चाहे |
332	332	332	Or who is this that shall provide for you if He withholds His provision? No, but they persist in disdain and aversion.	मगर ये कुफ्फ़ार तो सरकशी और नफ़रत (के भँवर) में फँसे हुए हैं भला जो शख़्श औंधे मुँह के बाल चले वह ज्यादा हिदायत याफ्ता होगा	जिस व्यक्ति होगी यदि वे आपकी सुविधा लेने से निर्मित हैं कि वे आपकी सुविधा से अस्वीकृत हों।
333	333	333	Everything is so chaotic, and now I'm in trouble.	सब कुछ इतनी अराजक, है और अब मैं मुसीबत में हूँ.	अरे भाई, अब मुझे भी कुछ भी हो सकता है।
334	334	334	Tanzania: Tanzanian search engine · Global Voices	तंज़ानिया: तंज़ानियाई खोज इंजन	यह जानकारी साझी करने देने के लिए भी हो सकती है.
335	335	335	Well, where I get hazy is where the cleaning woman shows up the following morning and finds your wife in bed with her lover, riddled with?	ठीक गड़बड़ी वहां है जहाँ अगली सुबह सफाई वाली महिला आती है ...	जैसा कि मैं हाल ही क्रिया के लिए स्पष्ट हूँ।
336	336	336	"""Then, eat of all fruits, and follow the ways of your Lord made easy (for you)."" There comes forth from their bellies, a drink of varying colour wherein is healing for men. Verily, in this is indeed a sign for people who think."	"फिर हर प्रकार के फल-फूलों से ख़ुराक ले और अपने रब के समतम मार्गों पर चलती रह।"" उसके पेट से विभिन्न रंग का एक पेय निकलता है, जिसमें लोगों के लिए आरोग्य है। निश्चय ही सोच-विचार करनेवाले लोगों के लिए इसमें एक बड़ी निशानी है"	जिस स्थिति में लोगों को ठिक्षित करना योग्य है, उस स्थिति में लोगों को ठिक्षित करने वाली स्थिति के लिए यह एक प्रतिष्ठित स्थिति होगी।
337	337	337	God: there is no god but He, the Lord of the Mighty Throne.'	"अल्लाह कि उसके सिवा कोई इष्ट -पूज्य नहीं, वह महान सिंहासन का रब है।"""	जो भी God है, वे नहीं हैं, वे थर्म की थर्म हैं.”
338	338	338	This has come upon you because when God alone was invoked you disbelieved; but when partners were associated with Him, you believed. But judgement belongs to God, the all-high and supreme.	वह (बुरा परिणाम) तो इसलिए सामने आएगा कि जब अकेला अल्लाह को पुकारा जाता है तो तुम इनकार करते हो। किन्तु यदि उसके साथ साझी ठहराया जाए तो तुम मान लेते हो। तो अब फ़ैसला तो अल्लाह ही के हाथ में है, जो सर्वोच्च बड़ा महान है। -	जिस्म में आप लिख रहे वह पूरी है।
339	339	339	Toggles whether the RSVP field is displayed	टॉगल करें कि क्या RSVP श्रेत्र दिखाया गया है	रएसपी फील्ड के चारों में से कोई भी विवरण प्रदर्शित किया ज सकता है।
340	340	340	- General Nearchus to you, boy.	- आप को जनरल Nearchus, लड़का.	जिस्म में नर्चस ने आया था, वे भी हैं।
341	341	341	Please feed the dog every day.	कुत्ते को रोज़ खिलाईएगा।	किसी को भोजन देने चाहिए दिन-प्रतिदिन।
342	342	342	I have no such blood on my hands.	मैं अपने हाथों पर ऐसी कोई खून है.	मैं ऐसी भी हस नहीं द रखती हूँ.
343	343	343	_Previous	पिछला (_P)	Yes
344	344	344	Each of you will clear out his nuclear closet immediately.	आप में से हर तुरंत उसके परमाणु कोठरी से बाहर साफ हो जाएगा.	यह सभी अपनी न्यूकस्लॉक से साफ़ कर लेंगे।
345	345	345	a revelation from Him Who created the earth and the high heavens.	भली-भाँति अवतरित हुआ है उस सत्ता की ओर से, जिसने पैदा किया है धरती और उच्च आकाशों को	इससे ज्यादा ज्यादा क्रियात्मक और पूरी तरह से व्यावहारिक होने के लाभों से यह जानकारी प्राप्त करने वाले श्लोकों के लाभों से तैयार किए जाते हैं।
346	346	346	_Port:	पोर्ट (_P):	राजत्व:
347	347	347	(LOUD BOOM)	(ज़ोर बूम)	(डब्ल्क)
348	348	348	_Time divisions:	काल विभाजन (_T):	
349	349	349	This is the seventh incident in the past few days.	हाल के दिनों में हुई यह सातवीं घटना है।	कुछ ही दिनों पहले में ही इसका संकेत होता है।
350	350	350	They're well-trained and they're well-organized.	वे अच्छी तरह से प्रशिक्षित हैं और वे अच्छी तरह से आयोजित कर रहे हैं.	वे बहुत अच्छे हैं और वे बहुत अच्छे रूप से संगठन हैं।
351	351	351	O you who have faith! Should any of you desert his religion, Allah will soon bring a people whom He loves and who love Him, [who will be] humble towards the faithful, stern towards the faithless, waging jihad in the way of Allah, not fearing the blame of any blamer. That is Allah’s grace, which He grants to whomever He wishes, and Allah is all-bounteous, all-knowing.	ऐ ईमानदारों तुममें से जो कोई अपने दीन से फिर जाएगा तो (कुछ परवाह नहीं फिर जाए) अनक़रीब ही ख़ुदा ऐसे लोगों को ज़ाहिर कर देगा जिन्हें ख़ुदा दोस्त रखता होगा और वह उसको दोस्त रखते होंगे ईमानदारों के साथ नर्म और मुन्किर (और) काफ़िरों के साथ सख्त ख़ुदा की राह में जेहाद करेंगे और किसी मलामत करने वाले की मलामत की कुछ परवाह न करेंगे ये ख़ुदा का फ़ज़ल (व करम) है वह जिसे चाहता हे देता है और ख़ुदा तो बड़ी गुन्जाइश वाला वाक़िफ़कार है	"मध्य काल के प्रस्तुत वाक्य:
ऐसा जो ईसा धर्म के लोग हैं, वे ईसा धर्म के लोग नहीं हैं और वे ईसा धर्म से दूर हो कर देने के लोकतः हैं।"
352	352	352	We can't afford it. It's up to you	ये हमारी पहुँच के बाहर है अब सब कुछ तुमाहरे ऊपर है	अरे भी नहीं खर्ची हो सकती है। यours से न भालें
353	353	353	I am quite exciting to show you something	मैं काफी आप कुछ दिखाने के लिए रोमांचक हूँ	ज्या की ताज़ार हूँ तो मैं शायद से विश्णति के लिए यहाँ आ रही हूँ
354	354	354	I THINK YOU SHOULD TAKE MORE RESPONSIBILITY.	मैं आप अधिक जिम्मेदारी लेनी चाहिए.	मुझे लगेगा कि आपको ज्यारी के प्रति काम करने के लाभ हैं।
355	355	355	No contacts	कोई संपर्क नहीं	यह सही है
356	356	356	Gnome Calendar's calendar import done	ग्नोम पंचांग से पंचांग को आयात किया गया	जिस कोई import कैलेंडर को कर रहा है उसे ग्नेम कैलेंडर डोने हुआ हैं।
357	357	357	[children chattering]	[बच्चे गपशप करते हैं]	अरे!
358	358	358	Let's take him to the hospital.	इन्हें अस्पताल ले चलो.	लेकिन उन्हें अपने घर पर रखें.
359	359	359	Verily they found their fathers gone astray.	उन लोगों ने अपन बाप दादा को गुमराह पाया था	जैसा कि वे अपने पिताज़िनों के पल्ल दिख रहे थे।
360	360	360	When you return, they will swear to you by God so that you may leave them alone, so leave them alone. They are unclean, and Hell will be their home as a reward for their actions --	जब तुम पलटकर उनके पास जाओगे तो वे तुम्हारे सामने अल्लाह की क़समें खाएँगे, ताकि तुम उन्हें उनकी हालत पर छोड़ दो। तो तुम उन्हें छोड़ ही दो। निश्चय ही वे गन्दगी है और उनका ठिकाना जहन्नम है। जो कुछ वे कमाते रहे है, यह उसी का बदला है	"मूल्य:
जब आप लौटने आएंगे, तब उन्होंने भगवन की प्रतिवादी घोषणा की यहाँ कहा हुआ है है कि वे अपने लौटने के समय से ही दूर रहें |"
361	361	361	Lao-Tsé.	लाओ त्से.	सांकित जानकारी से सुनने्यारा, तथा व fidelity के लाभ होते हैं।
362	362	362	Tell them we need more time!	हम समय से बाहर हैं.	बिल्टो!
363	363	363	Moses said: Speak ye (so) of the Truth when it hath come unto you? Is this magic? Now magicians thrive not.	"मूसा ने कहा, ""क्या तुम सत्य के विषय में ऐसा कहते हो, जबकि यह तुम्हारे सामने आ गया है? क्या यह कोई जादू है? जादूगर तो सफल नहीं हुआ करते।"""	मॉस ने कहा: जो तुम्हें सही ज्ञान प्राप्त हुई तो जो चुकी तुम्हारा हो प्यारी मार्ग्यात्मक तो जो स्थायी प्रगतिमन तो जो सची ज्ञान प्राप्त किया तो मॉस ने कहा।
364	364	364	How can a queen who can't defend herself rule this kingdom, King?	एक रानी जो अपनी रक्षा नहीं कर सकती वो कैसे इस साम्राज्य पर शासन करेगी महाराजा?	राजा की कैसे राजकुमारी राज्य को रक्षा नहीं कर सकते के रक्षा कर सकते के कुछ नहीं किये |
365	365	365	And Noah cried unto his Lord and said: My Lord! Lo! my son is of my household! Surely Thy promise is the truth and Thou are the Most Just of Judges.	"नूह ने अपने रब को पुकारा और कहा, ""मेरे रब! मेरा बेटा मेरे घरवालों में से है और निस्संदेह तेरा वादा सच्चा है और तू सबसे बड़ा हाकिम भी है।"""	नोए के ने अपने राजा और ने अपन बेटा माइकल (माइकल का मात्रा माइकल की होती) के लिए निर्णय के लिए तैयार हो कि प्रारंभिक निर्णय के लिए तैयार हो कि प्राप्त निर्णय के लिए तैयार हो कि प्राप्त निर्णय के लिए तैयार हो कि प्राप्त निर्णय के लिए तैयार हो कि प्राप्त निर्णय के लिए तैयार हो कि प्राप्त निर्णय के लिए तैयार हो कि प्राप्त निर्णय के लिए तैयार हो कि प्राप्त निर्णय के लिए तैयार हो कि प्राप्त निर्णय के लिए तैयार हो कि प्राप्त निर्णय के लिए तैयार हो कि प्राप्त न
366	366	366	Its my name.	इसका मेरे नाम.	मेरा नाम है।
367	367	367	Created they the heavens and the earth! Aye! they will not be convinced.	या उन्होंने आकाशों और धरती को पैदा किया?	जीवित ज्ञान के heaven और earth पर प्रभाव कैसे होगा ? एकye!
368	368	368	That's all from me.	मेरी तरफ से यही.	मैंने नहीं कहा था कि मैंने नहीं कहा था कि मैंने नहीं कहा था
369	369	369	God is the guardian of even those who have chosen others (idols) besides Him as their guardians (Muhammad), you will not have to answer for them.	और जिन लोगों ने उससे हटकर अपने कुछ दूसरे संरक्षक बना रखे हैं, अल्लाह उनपर निगरानी रखे हुए है। तुम उनके कोई ज़िम्मेदार नहीं हो	यह जानकारी सुनी नहीं रही कि गोद से गर्घ दूसरों (idोल) के रूप में है और यही होगा यदि वे दूसरों के रूप में हो पाएँ
370	370	370	[ CAR HORNS HONK ]	[कार सींग हार्न]	अन्य जानकारी नहीं कर सकती। [ CAR HORNS HONK ]
371	371	371	The application no longer exists	अनुप्रयोग अब मौजूद नहीं है	अन्य ऐप का प्रयोग करने के लिए
372	372	372	Fuck this tiger. Oh, my God.	मैंने कहा था कि.	अरे, तेरी शुभ हस्त,God।
373	373	373	- Yes.	- हाँ.	जी हाँ।
374	374	374	All I ever wanted was to protect you!	सभी मैं कभी भी चाहते थे आप की रक्षा के लिए था!	किसी भी जानकारी जिसे हानिकारक हो सकती है, उसे मैंने चाहूँ!
375	375	375	And We taught him the fashioning of coats of armor to protect you from your [enemy in] battle. So will you then be grateful?	और हमने उसे तुम्हारे लिए एक परिधान (बनाने) की शिल्प-कला भी सिखाई थी, ताकि युद्ध में वह तुम्हारी रक्षा करे। फिर क्या तुम आभार मानते हो?	जो ने बताया कि वे कोats कोarmर को protecting युद्ध से सुरक्षित होगे ?
376	376	376	Could not scan folder '%s': %s	'%s' फ़ोल्डर स्कैन नहीं कर सकता है: %s	क्या प्राप्त किया जा सके फ़ोल्डर '%s':%s नोट करने वाले कोई भी विवरण नहीं कर सकते हैं।
377	377	377	Location at (date)	स्थान (तिथि) पर	(रिलीज़)
378	378	378	/ No, I'm not good with that.	/ नहीं, मैं अच्छा है कि के साथ नहीं हूँ.	अरे, क्या नहीं सुन सकती कैसे हो सकती है और कैसे हो सकती है।
379	379	379	If we do the job , we are on the dry in two or three years.	हम काम करते हैं , हम दो या तीन वर्षों में, सूखे में हैं.	अगर हमने किया है तो हमें चारों साल तक का दहेज लिया जाएगा।
380	380	380	Then We set you upon a pathway of faith, so follow it, and do not follow the inclinations of those who do not know.	फिर हमने तुम्हें इस मामलें में एक खुले मार्ग (शरीअत) पर कर दिया। अतः तुम उसी पर चलो और उन लोगों की इच्छाओं का अनुपालन न करना जो जानते नहीं	जिस प्रक्रिया में आप सही रूप से चल रहे हैं, उस प्रक्रिया के निर्देश का पालन करें और निर्देश के पालन से होने वाले बिगging के प्रभाव को निर्धारित रूप से राजी करें।
381	381	381	/clear: clear all messages from the current conversation	/clear: मौजूदा वार्तालाप से सभी संदेशों को रिक्त करें	यह सही है कि हमें इस टिप्पण को हटाने दूँ क्या और हमें इस टिप्पण को बदलने दूँ कैसे
382	382	382	_Discard Changes	परिवर्तन को छोड़ें (_D)	सही बदलाव नहीं कर सकते।
383	383	383	_Type an email address or drag a contact into the list below:	ईमेल पता टाइप करें या निम्न सूची में संपर्क लाएँ (_T):	"विषय:
मेल स्ट्रीट या कॉन्टैक्ट को ज़्यारा से ज़्यारा स्ट्रीट में डालना होगा:
-ये ज़्यारा स्ट्रीट में स्ट्रीट स्ट्रीट में ज़्यारा स्ट्रीट स्ट्रीट में ज़्यारा स्ट्रीट स्ट्रीट में ज़्यारा स्ट्रीट स्ट्रीट में ज़्यारा स्ट्रीट स्ट्रीट में ज़्यारा स्ट्रीट स्ट्रीट में ज़्यारा स्ट्रीट स्ट्रीट में ज़्यारा स्ट्रीट स्ट्रीट में ज़्यारा स्ट्रीट स्ट्रीट में ज़्यारा स्ट्रीट स्ट्रीट में ज़्यारा स्ट्रीट स्ट्रीट में ज़्यारा स्ट्रीट स्ट्रीट में ज़्यारा स्ट्रीट स्ट्रीट में ज़्यारा स्ट्रीट"
384	384	384	Ellipsize	एल्लिप्साइज	जलवाहिनी कर सकते हैं।
385	385	385	And when our verses are recited to him, he turns away arrogantly as if he had not heard them, as if there was in his ears deafness. So give him tidings of a painful punishment.	जब उसे हमारी आयतें सुनाई जाती हैं तो वह स्वयं को बड़ा समझता हुआ पीठ फेरकर चल देता है, मानो उसने उन्हें सुना ही नहीं, मानो उसके काम बहरे है। अच्छा तो उसे एक दुखद यातना की शुभ सूचना दे दो	जैसा कि हमारी गीत-वाकई verses रची गईं, वैसी ही व्यवहार का प्रतिवादी हूँ कि हमारी जानकारी देने के लिए इनसे तोड़-खारी हो सकता हूँ, कि हमारी सूचना देने के लिए भी इनसे तोड़-खारी हो सकता हूँ।
386	386	386	A value to be used to override sans-serif desktop font when use-gnome-fonts is set.	सॉ सेरिफ़ डेस्कटॉप फ़ॉन्ट ओवरराइड जब सूक्ति फोंट का उपयोग करने के लिए इस्तेमाल किया जा मान सेट कर दिया जाता है.	किसी संस्करण के कंप्युटर फ़ॉन्ट के लिए ओवरराइड से इस्तेमाल करने वाले संख्या व्युतर्लु हैं जिन्हें इस्तेमाल करने वाले संख्या व्युतोषिति के लाभ हैं जो संस्कृति द्वारा दिया गया है।
387	387	387	At the moment things are very calm, very relaxed.	इस समय सब कुछ बहुत शांत है, शिथिल हैं.	मुख्य रूप से यह कहने की किसी भी जानकारी योग्य है।
388	388	388	[ DOOR OPENS, CLOSES ]	[दरवाजा खोलता है, बंद]	बात करना, बात करने के लिए डोर ओपन करने के लिए स्थापित
389	389	389	realm	रियल्म	स्वराज
390	390	390	"And [mention, O Muhammad], when Allah took a covenant from those who were given the Scripture, [saying], ""You must make it clear to the people and not conceal it."" But they threw it away behind their backs and exchanged it for a small price. And wretched is that which they purchased."	"याद करो जब अल्लाह ने उन लोगों से, जिन्हें किताब प्रदान की गई थी, वचन लिया था कि ""उसे लोगों के सामने भली-भाँति स्पट् करोगे, उसे छिपाओगे नहीं।"" किन्तु उन्होंने उसे पीठ पीछे डाल दिया और तुच्छ मूल्य पर उसका सौदा किया। कितना बुरा सौदा है जो ये कर रहे है"	अरे, यहाँ [यौगम], के लिए यह कुछ हुआ है, और वे कुछ खरीद थे।
391	391	391	Heh.	हेह...	हे नहीं।
392	392	392	DOKE:	DOKE:	"डॉक्टर के कार्य:
डॉक्टर के कार्य:
डॉक्टर के कार्य:
डॉक्टर के कार्य:
डॉक्टर के कार्य:
डॉक्टर के कार्य:
डॉक्टर के कार्य:
डॉक्टर के कार्य:
डॉक्टर के कार्य:
डॉक्टर के कार्य:
डॉक्टर के कार्य:
डॉक्टर के कार्य:
डॉक्टर के कार्य:
डॉक्टर के कार्य:
डॉक्टर के कार्य:
डॉक्टर के कार्य:
डॉक्टर के कार्य:
डॉक्टर के कार्य:
डॉक्टर के कार्य:
डॉक्टर के कार्य:
डॉक्टर के कार्य:
डॉक्टर के कार्य:
डॉक्टर के कार्य:
डॉक्टर के कार्य:
डॉक्टर के कार्य:
डॉक्टर के कार्य:
डॉक्टर के कार्य:
डॉक्टर के कार्य:
डॉक्टर क"
393	393	393	- It's pretty awesome. - We'll take it.	नहीं, यह बहुत शांत है.	जिस जो कुछ है उसे लेकर से नहीं लिया लिये जाते हैं।
394	394	394	Name	नाम	मूल
395	395	395	MINUS ONE XBOX, £150, EQUALS?	शून्य से एक Xbox, £ 150 के बराबर होती है?	अन्य 1 Xबॉक्स, 150, के बराबर?
396	396	396	Ellen's wallet.	एलेन का बटुआ. .	एलेन का पैस्ट।
397	397	397	Cumulative	क्युमुलेटिव	संक्षल
398	398	398	An image of a petrol bomb exploding - which is ludicrous, because we use biodiesel, not petrol!	एक पेट्रोल बम विस्फोट की तस्वीर छपी है जो कि एक बिल्कुल बेतुकी बात है, क्योंकि हम तो बायोडीज़ल प्रयोग करते हैं!	मूल्यों का एक सही और पूर्ण सारांबन।
399	399	399	man #2:	पुरुष #2:	जानकारी से बदला नहीं कह सकते, संकेत कर सकते हैं।
400	400	400	"So We have taught thee the inspired (Message), ""Follow the ways of Abraham the True in Faith, and he joined not gods with Allah."""	"फिर अब हमने तुम्हारी ओर प्रकाशना की, ""इबराहीम के तरीक़े पर चलो, जो बिलकुल एक ओर का हो गया था और बहुदेववादियों में से न था।"""	"जो हमने दर्शाया (संदेश) दिया ""ाब्रा वाले जो सच में सचिव हैं, तथा वे सच में सचिव नहीं बन कर नहीं लिखके कार्य के लिए भी जिम्मदियगिरी रखते हैं, ""बिल्ली वाले जो सच में सचिव हैं, तथा वे सच में सचिव नहीं बन कर नहीं लिखके कार्य के लिए जिम्मदियगिरी रखे हैं, ""दिलचस्प वाले जो सच में सचिव हैं, तथा वे सच में सचिव नहीं बन कर नहीं लिखके कार्य के लिए जिम्मदियगिरी रखे हैं, ""सहस्रकार वाले जो सच में सचिव हैं, तथा वे सच में सचिव नहीं बन कर नहीं लिखके कार्य के लिए जिम्मदियगिरी रखे हैं, ""दिलचस्प वाले जो सच में सचिव"
401	401	401	"The people of Noah denied before them, and they denied Our servant and said, ""A madman,"" and he was repelled."	"उनसे पहले नूह की क़ौम ने भी झुठलाया। उन्होंने हमारे बन्दे को झूठा ठहराया और कहा, ""यह तो दीवाना है!"" और वह बुरी तरह झिड़का गया"	नोएह के लोग पहले उनमें से और नोएह का सेवक थे. नोएह के लोग पहले उनमें से और नोएह का सेवक थे.
402	402	402	Aunty..you joined hands with the enemy and betrayed me.	Aunty.. you दुश्मन के साथ हाथ मिलाया और मुझे धोखा दिया।	अनन्य जानकारी निकालने वाले व्यक्ति ने मेरी प्रतिक्षिति की प्रतिक्षिति से स्वीकृत की प्रतिक्षिति से व्युत्पन्न हुआ कणिज।
403	403	403	"When they reached David, he took fright, but they said, ""Do not be afraid. We are two disputants, one of whom has wronged the other: judge between us fairly, do not be unjust, and guide us to the right path."	"जब वे दाऊद के पास पहुँचे तो वह उनसे सहम गया। वे बोले, ""डरिए नहीं, हम दो विवादी हैं। हममें से एक ने दूसरे पर ज़्यादती की है; तो आप हमारे बीच ठीक-ठीक फ़ैसला कर दीजिए। और बात को दूर न डालिए और हमें ठीक मार्ग बता दीजिए"	जिस समय से डाविड के प्रति ने डर्प नेता होने की डर्भिकत है, वे दोना ही संघर्षी हैं।
404	404	404	Now stop and listen.	अब बंद करो और सुनने।	अब सो और सुनें।
405	405	405	Save the current file	वर्तमान फ़ाइल सहेजें	current के लिए सेव कर
406	406	406	The believers must not establish friendship with the unbelievers in preference to the faithful. Whoever does so has nothing to hope for from God unless he does it out of fear or taqiyah (pious dissimulation). God warns you about Himself. To God do all things return.	ईमानवालों को चाहिए कि वे ईमानवालों से हटकर इनकारवालों को अपना मित्र (राज़दार) न बनाएँ, और जो ऐसा करेगा, उसका अल्लाह से कोई सम्बन्ध नहीं, क्योंकि उससे सम्बद्ध यही बात है कि तुम उनसे बचो, जिस प्रकार वे तुमसे बचते है। और अल्लाह तुम्हें अपने आपसे डराता है, और अल्लाह ही की ओर लौटना है	अन्य लोगों के साथ वफादारी करने से कुछ नहीं होते और फिर से हो सकते हैं कि भगवन की प्रतिरूपण विविधता को प्रभावशाली और निष्ठाप्रदाना है ।
407	407	407	Assistant Engineer, Jagat Ram Chaudhary, has been sent from Guglada (Kangra) to the Kangra sub-division.	असिस्टेंट इंजीनियर जगत राम चौधरी को गुगलाड़ा (कांगड़ा) से कांगड़ा सब डिवीजन भेजा है।	जागतच राम चौहार्टी से जाती हैं।
408	408	408	Let me look at ya.	मुझे फिर देखो.	डॉक्टर की तरफ से नहीं।
409	409	409	What reason do I have to lie?	वन और नहीं कच्चे लोहे का ढलाई खाना एक साथ रह सकते हैं?	यह लिखें कि: मैं कुछ भी नहीं लिख सकता है।
410	410	410	except those to whom Allah shows mercy. He is the Most Mighty, the Most Compassionate.	मगर जिन पर ख़ुदा रहम फरमाए बेशक वह (ख़ुदा) सब पर ग़ालिब बड़ा रहम करने वाला है	अन्यों के के रूप में हैं जिन्हें Allah की मERCY के बारे में नहीं कहा तो है कि वे ज़्बरफ़ के हो सकते हैं।
411	411	411	Lewis able to pick up.	लुईसलेनेमेंसक्षम.	लेविस ने सुना।
412	412	412	And (it is) for the poor fugitives who have been driven out from their homes and their belongings, who seek bounty from Allah and help Allah and His messenger. They are the loyal.	(इस माल में) उन मुफलिस मुहाजिरों का हिस्सा भी है जो अपने घरों से और मालों से निकाले (और अलग किए) गए (और) ख़ुदा के फ़ज़ल व ख़ुशनूदी के तलबगार हैं और ख़ुदा की और उसके रसूल की मदद करते हैं यही लोग सच्चे ईमानदार हैं और (उनका भी हिस्सा है)	जिस व्यक्ति को जाति से भेद भी हो सकता है, जो के सामान्य हो सकता है, जो के मिति से भेद भी हो सकता है, उन्हें दोनों भी हो सकता है।
413	413	413	Delete _expunged from local Inbox	स्थानीय इनबॉक्स से मिटाकर हटाएँ (_e)	मूल से हटा दें
414	414	414	Automated test to store bluetooth device information in checkbox report	स्वचालित परीक्षण चेकबॉक्स रिपोर्ट में ब्लूटूथ डिवाइस की जानकारी डालनें के लिये	ब्लूटचेक स्टोरेज ब्लूटचेक डिवाइस सूचना की स्टेशन रिपोर्ट में ब्लूटचेक स्टोरेज डिवाइस सूचना की स्टेशन रिपोर्ट में
415	415	415	Ten clams, it's yours.	दस क्लेम, यह तुम्हारा है.	किसी के दस क्लाम लेने के लिहस्सू के कार्य के लिहस्सू के क्लाम देने के लिहस्सू के क्लाम लेने वाले लिहस्सू के क्लाम लेने वाले लिहस्सू के क्लाम लेने वाले लिहस्सू के क्लाम लेने वाले लिहस्सू के क्लाम लेने वाले लिहस्सू के क्लाम लेने वाले लिहस्सू के क्लाम लेने वाले लिहस्सू के क्लाम लेने वाले लिहस्सू के क्लाम लेने वाले लिहस्सू के क्लाम लेने वाले लिहस्सू के क्लाम लेने वाले लिहस्सू के क्लाम लेने वाले लिहस्सू के क्लाम लेने वाले लिहस्सू के
416	416	416	Ninety five!	पिंचानवें!	जितनी!
417	417	417	Yeah.	हाँ.	जी हुआ।
418	418	418	Attachment Reminder	संलग्नक स्मारक	अतिरिक्त की प्रतीक्षा करें
419	419	419	We were far from each other.	हम एक दूसरे से दूर थे.	हम एक दूसरे बहुत दूर नज़रें रखते हैं।
420	420	420	And maybe we'll get coffee in bed on Sunday mornings even.	और शायद हमें कॉफी मिलेगी बिस्तर में रविवार की सुबह.	कुछ जानकारी चाहे Sunday रातों में चाया किया जाए तो कुछ भी अच्छा होता
421	421	421	[TV] He's been identified as Alan Seagrave, a prominent Chicago C.P.A.	[वी] उन्होंने एलन Seagrave, एक प्रमुख शिकागो सीपीए के रूप में पहचान की गई है	अलान सेग्राव के रूप में चेकेड सीवरवाडे का नाम है।
422	422	422	So this is it, I'm literally down on my knees.	तो अभी मैं अपने घुटनों पर हूं.	जैसा कि यह है सिर्फ यह है, मैं वैसा मान कर लिख रहा हूँ।
423	423	423	Most of them are dead already.	उनमें से अधिकांश पहले से ही मर चुके हैं।	ज्या कुछ हो सकते हैं वे सब मृत्यु हो चुके हैं।
424	424	424	Create a search folder for this sender	इस प्रेषक के लिए खोज फ़ोल्डर बनाएँ	यह सender के लिए एक सोधरी फ़ॉल्डर होगा
425	425	425	File transfer not supported by remote contact	फाइल हस्तांतरण दूरस्थ संपर्क द्वारा समर्थित नहीं	रिमोट से दूर संपर्क नहीं कर सकते
426	426	426	Shutter sound	शटर आवाज	शटर साउन
427	427	427	Error renaming tag	टैग का नाम बदलने में त्रुटि	रेंaming टैग के साथ गलत है
428	428	428	Let me what the hell can you do!	चलो देखता हूँ तुम क्या कर सकते हो.	मैं क्या कर सकता हूँ!
429	429	429	I'll hold it!	मैं यह आयोजन करेगा!	बिलकुल!
430	430	430	What is your business then?	आपके व्यापार तो क्या है?	What is your business then?
431	431	431	Who's Madi?	मादी कौन है?	मेडी कौन है?
432	432	432	He is less impatient than his father.	उसमें उसके पिता जितनी बेसब्री नहीं थी।	जैसे पूरा परिवार विविधता से भरा होता है।
433	433	433	In doing that, hopefully, you hoped that... ..governments would seek another path to solving climate change, which wouldn't be a capital-based money system.	ऐसा करने से, आशा है आप आशावान हुए होंगे कि सरकारें जलवायु परिवर्तन को सुलझाने के लिए कोई दूसरा रास्ता ढूंढेगीं, जो कि एक धन-आधारित आर्थिक व्यवस्था नहीं होगी.	जिस तरह से किया तो हो सकती है, हो सकती है... ...लोगों को climate change के साथ कैसे हो सकता है, इसके कोई ज्ञात्मक हो सकते हैं।
434	434	434	Contact ID already exists	वस्तु ID पहले से मौजूद	संपर्क ID पहले से मौजूद
435	435	435	Close	#-#-#-#-# balsa.HEAD.hi.po (Balsa 2.x) #-#-#-#-# बन्द करें #-#-#-#-# gedit.gnome-2-2.hi.po (gedit VERSION) #-#-#-#-# बंद करें	यह सही है।
436	436	436	Dennis Jones reflects on the nation's progress.	डेनिस जोन्स इस देश की प्रगति का जायजा ले रहे हैं।	यह सुनना भी सहाजी है कि देश की प्रगति की पूरी जानकारी इस प्रक्रिया के दौरान दी जाती है।
437	437	437	All further errors shown only on terminal.	आगे की सभी त्रुटियां सिर्फ टर्मिनल पर दिखाएँ.	किसी भी जानकारी जो बदल सकती है, उसे टर्न नहीं, हट कर, और उस पर कोई बदलाव नहीं होगा।
438	438	438	"Have you not seen those who were told to hold back their hands (from fighting) and perform As-Salat (Iqamat-as-Salat), and give Zakat, but when the fighting was ordained for them, behold! a section of them fear men as they fear Allah or even more. They say: ""Our Lord! Why have you ordained for us fighting? Would that you had granted us respite for a short period?"" Say: ""Short is the enjoyment of this world. The Hereafter is (far) better for him who fears Allah, and you shall not be dealt with unjustly even equal to the Fatila (a scalish thread in the long slit of a date-stone)."	(ऐ रसूल) क्या तुमने उन लोगों (के हाल) पर नज़र नहीं की जिनको (जेहाद की आरज़ू थी) और उनको हुक्म दिया गया था कि (अभी) अपने हाथ रोके रहो और पाबन्दी से नमाज़ पढ़ो और ज़कात दिए जाओ मगर जब जिहाद (उनपर वाजिब किया गया तो) उनमें से कुछ लोग (बोदेपन में) लोगों से इस तरह डरने लगे जैसे कोई ख़ुदा से डरे बल्कि उससे कहीं ज्यादा और (घबराकर) कहने लगे ख़ुदाया तूने हमपर जेहाद क्यों वाजिब कर दिया हमको कुछ दिनों की और मोहलत क्यों न दी (ऐ रसूल) उनसे कह दो कि दुनिया की आसाइश बहुत थोड़ा सा है और जो (ख़ुदा से) डरता है उसकी आख़ेरत उससे कहीं बेहतर है	मुक्ति के इस संसार में जो लोग हैं वे लोगों के प्रति है वे विनम्रता वाले हैं।
439	439	439	Sorry, I can't pick you up.	सॉरी, मैं तुम्हें कॉलेज लेने नहीं आ पाया.	अरे, मैं आपको ले नहीं सकती।
440	440	440	What today?	आज क्या चाहीये?	जैसा कि हुआ?
441	441	441	X-Mailer:	एक्स- मेलर:	किसी भी जानकारी जोड़न, रोकने, या बदलने की कोई कार्य हो सकता है।
442	442	442	"When We said to you: ""Verily your Lord circumscribes mankind,"" and showed you the vision and the accursed tree of the Qur'an, it was as a bone of contention for men. Thus do We (instil) fear in them; but they only transgress the more."	और (ऐ रसूल) वह वक्त याद करो जब तुमसे हमने कह दिया था कि तुम्हारे परवरदिगार ने लोगों को (हर तरफ से) रोक रखा है कि (तुम्हारा कुछ बिगाड़ नहीं सकते और हमने जो ख्वाब तुमाको दिखलाया था तो बस उसे लोगों (के ईमान) की आज़माइश का ज़रिया ठहराया था और (इसी तरह) वह दरख्त जिस पर क़ुरान में लानत की गई है और हम बावजूद कि उन लोगों को (तरह तरह) से डराते हैं मगर हमारा डराना उनकी सख्त सरकशी को बढ़ाता ही गया	जैसे हमने कहा था : “वरदन के लिखे गए शब्दों के संकट में हमें बसी भलाई”
443	443	443	Those who ward off (evil) are not accountable for them in aught, but the Reminder (must be given them) that haply they (too) may ward off (evil).	उनके हिसाब के प्रति तो उन लोगो पर कुछ भी ज़िम्मेदारी नहीं, जो डर रखते है। यदि है तो बस याद दिलाने की; ताकि वे डरें	जो लोग किसी भी तरह को हानी या हानिकारक को प्रेरित करते हैं, वे लोगों के लिए ज्यादा होते हैं।
444	444	444	But we could hold our own in a fight.	लेकिन हम एक लड़ाई में हमारी अपनी पकड़ सकता है.	पर हम अपनी लड़ाई में हो सकते हैं।
445	445	445	"And they say: ""Our hearts are enfolded in covers."" In fact God has cursed them for their unbelief; and only a little do they believe."	"वे कहते हैं, ""हमारे दिलों पर तो प्राकृतिक आवरण चढ़े है"" नहीं, बल्कि उनके इनकार के कारण अल्लाह ने उनपर लानत की है; अतः वे ईमान थोड़े ही लाएँगे"	और वे कहते हैं: “हमारी आंखें छुपी हुईं बिना किसी के कारण”. हाँ, यह सच है और इसके केवल एक छोटी से संक्रमित हैं।
446	446	446	Add Breakpoint…	ब्रेकपाइंट जोड़ें...	जो कुछ भी हो सकता है, उसे भी कॉपी किया किया किया दिखाया जाये
447	447	447	Royal priest had predicted this calamity only.	राजगुरू इस त्रासदी की गणना कर चुके है.	यह किसी और का निर्णय नहीं होगा।
448	448	448	I have managed to preserve Royce to end so that he knew would be coming.	मैं आ रहा होगा की रक्षा करने में कामयाब रहे कि Royce समाप्त करने के लिए इतना पता था वह.	रॉयसी को जारी रखा जाना और यह बताना कि कि वे जारी रहेंगे।
449	449	449	The memo could not be deleted due to a dbus error: %s	dbus त्रुटि के कारण मेमो विलोपित नहीं किया जा सका: %s	मेम को डिलोक्शन से जोड़ा हो चुकी है क्यों।
450	450	450	which is why we're seeing a recurrence of your symptoms.	हम आपके लक्षणों की एक पुनरावृत्ति क्यों देख रहे हैं जो है.	जिस कारण है वे आपकी दवा के प्रभाव का दौरान भी दिखाई के तौर पर हो रहे हैं।
451	451	451	And then, among the fishes, a whale!	और फिर, मछलियों के बीच, एक व्हेल!	और thereafter, जिन्हें फिश, व्हैल, के रूप में दिखाया गया!
452	452	452	Installed on:	इस पर संस्थापित:	रिकॉल्ड:
453	453	453	And he drew forth his hand, and lo, it was white to the beholders.	और (जेब से) अपना हाथ बाहर निकाला तो यकायक देखने वालों के वास्ते बहुत सफेद चमकदार था	और उसने अपनी hand, और लो, it थी रंगिनी तो देखो.
454	454	454	They assign daughters to Allah - glory be to Him - whereas they assign to themselves what they truly desire!	और वे अल्लाह के लिए बेटियाँ ठहराते है - महान और उच्च है वह - और अपने लिए वह, जो वे चाहें	यह कहते हैं कि लड़कियों को Allah के दर्दन्दन दान है - हे योग्य लोगों के लिए यह दान सुखद है!
455	455	455	What would be the quickest way to find a-- some kind of solution?	एक खोजने के लिए तेज तरीका होगा क्या - समाधान की किसी तरह का?	जैसे कि कुछ प्रकार के समाधान?
456	456	456	This was not a choice between You and Jacob.	इस याकूब और आप के बीच एक विकल्प नहीं था.	यह तुम और जकूब के बीच नहीं था.
457	457	457	This version of mkisofs is not supported	mkisofs का संस्करण समर्थित नहीं है	यह संसाधित संसाठित नहीं हो सकती व्याख्यान।
458	458	458	"""Shipr."""	"""शिप्रा"""	"""Rip."""
459	459	459	Hypnotherapy is a means of altering unwanted or dysfunctional behavior.	सम्मोहन फेरबदल करने का एक साधन है अवांछित या बेकार व्यवहार.	शिवन अभ्यासी ऐसे व्यवहार के परिणाम के बारें होते हैं।
460	460	460	Address Book	पता पुस्तिका	स्थान सबकी
461	461	461	String	स्ट्रिंग	बोलती
462	462	462	_End time:	अंत्य समय (_E):	जम्मदाद:
463	463	463	No space	कोई ऐसा स्थान नहीं	
464	464	464	You see, that's fine.	देखा, ठीक है.	आप देखते हैं, हाँ ठीक है।
465	465	465	Last thing we were thinking about was radiation shielding.	हम के बारे में सोच रहे थे अंतिम बात विकिरण परिरक्षण था.	किसी भी जानकारी या जानकारी के प्राप्त किए जाने वाले समय के बारे में थे
466	466	466	These things have been extinct for over 150 million years.	हन्ना: वे कहाँ जा रहे हैं? ट्रेवर:	जो भी ऐसा है वो भी पूरी तरह से 150 करोड़ साल पहले हो चुके है।
467	467	467	Eret, son of Eret!	एरेट, एरेट का पुत्र!	जो कि प्रेमी!
468	468	468	What have you got there?	आप वहां क्या मिला है?	जो तुम्हें दिया है?
469	469	469	I'm sorry, Erik, but I've seen what Shaw did to you.	मैं माफी चाहता हूँ, एरिक. लेकिन मैंने देखा है शॉ तुम्हारे साथ क्या किया.	नहीं प्रदान किए गए वाक्यों को सही और सह्य होने के लिए।
470	470	470	If you're staying here, stop begging, otherwise, go away.	अगर तुम्हें यहाँ रहना हैं, भीख माँगना बंद करो; अन्यथा, जाओ यहां से.	अगर आप यहाँ रहें बैठें पैसे प्राप्त करें और अगर नहीं होता तो आप ठहरें कहाँ रहें रहे पैसे प्राप्त करें और
471	471	471	Use revision:	रिवीजन का उपयोग करें:	अन्य जानकारी देने (Revision) के लिए
472	472	472	In the stinking rice paddies, it will decompose faster.	बदबूदार धान में यह तेजी से सड़ जाएगा.	जिस जिस जिस के लिए इससे तो कम समय की लाभद्दति होगी।
473	473	473	But those who fear Allah and keep their duty to their Lord (Allah), for them are built lofty rooms; one above another under which rivers flow (i.e. Paradise). (This is) the Promise of Allah: and Allah does not fail in (His) Promise.	जो आग में (पड़ा) हो मगर जो लोग अपने परवरदिगार से डरते रहे उनके ऊँचे-ऊँचे महल हैं (और) बाला ख़ानों पर बालाख़ाने बने हुए हैं जिनके नीचे नहरें जारी हैं ये खुदा का वायदा है (और) वायदा ख़िलाफी नहीं किया करता	अरे, यह सुनने के तौर पर है कि Allah का प्रतावरण Promise के तौर पर होता है।
474	474	474	Verily, to thy Lord is the return (of all).	बेशक तुम्हारे परवरदिगार की तरफ (सबको) पलटना है	जस्तो जस्तो है स्वर्ग, तो मेरे पिताजी की संपत्ति, वापस मिलेगी।
475	475	475	Faces on that Day will be shamed.	उस दिन बहुत से चेहरे ज़लील रूसवा होंगे	जिस दिन पर ऐसी स्थिति होगी उस दिन के सामने ऐसी परेशानियाँ हों।
476	476	476	http://www.google.com/search?q=%sie=UTF-8oe=UTF-8	http://www.google.co.in/search?q=%sie=UTF-8oe=UTF-8	अनुसार, शिष्ट, तथा पूर्ण कार्य केवल जानकारी प्रदान, संक्षेत्र, तथा ईसा प्रचारक के रूप में हो सकते हैं।
477	477	477	You must never confuse your feelings with your duties, Alexander.	आप अपनी भावनाओं को भ्रमित नहीं करना चाहिए... ... अपने कर्तव्यों के साथ, सिकंदर.	अर्थात्, एहा किए बिना आपकी भावनाओं से भूमि की भावनाओं को समझने या किये ज़म्मती होने पर भी गलत हो सकते हैं।
478	478	478	With festivals can food be far behind? .:Myfriend:. from Malaysia shares information about Ketupat, an integral part of Eid ul-Fitr in Malaysia.	:माइफ्रेंड:. केतुपत, के बारे में बता रहे हैं जो कि मलेशिया में ईद-उल-फित्र त्यौहार का प्रमुख हिस्सा है.	मैल्सिया में केटुपट के बारे में अपने मित्र ने बताया है।
479	479	479	SOMEBODY WHO MIGHT HAVE YOUR NUMBER?	आपका नंबर हो सकता है डब्ल्यूएचओ किसी को?	कोई भी जो आपका नंबर का स्ट्रेंग था, वह किसी भी तरह से आपके नंबर का स्ट्रेंग था।
480	480	480	I find this whole concept of interviewing very flawed.	मुझे इंटरव्यू लेने के इस पूरे विचार में कमी लगती है।	यह पूरी प्रक्रिया से कि इंटरेवू में पूछने वाले के पूरे प्रयास में पूर्ण होते हैं।
481	481	481	Honky-tonk up the 56 outside of Mount Hope.	होंकी-टोंक माउंट होप के बाहर 56 ऊपर.	56 स्टोरेज़ ऑफ़ माउंट हॉप.
482	482	482	All this stuff is really...	यह सब चीज़े...	यह सब कुछ ही नहीं, इसका मतलब यह नहीं होता
483	483	483	She is busy preparing for the trip.	वह सफ़र की तैयारी में लगी हुई है।	जिसे जा रही है वह ट्रिप के लिए तैयार है।
484	484	484	(COUGHS) home	(खांसी) घर	आई.स.एस.
485	485	485	Brazil	ब्राझील	अन्य
486	486	486	[ ENGINE GRINDING, SQUEALING ]	[इंजन पीस, चिल्ला]	अन्य जानकारी योग्य कार्यों के लिए।
487	487	487	You are so smart. Right.	तुम बहुत ही स्मार्ट हो।	जी हाल हाल।
488	488	488	This year in April a trial was held in the federal court in Oklahoma.	इस साल अप्रैल में ओकलाहोमा शहर स्थित संघीय अदालत में उस पर मुकदमा चला था।	अप्रैल में एक टrial हुई ओकलाहा के सुप्र्ट कोर्ट में हुई थी।
489	489	489	Today	आज	13
490	490	490	No, Raleigh, listen to me.	नहीं, रैले, मेरी बात सुनो.	रेगल, रेगल, रेगल।
491	491	491	No, but his is so..	नहीं, लेकिन उसकी तो है ..	अरे, ही ऐसा...
492	492	492	All their time.	उनका पूरा समय।	यह सभी अपनी समय लिए।
493	493	493	Tower, we're going offline soon, but drones are already mobile and executing.	टॉवर,हमजल्दहीऑफ़लाइनजारहे , लेकिनराजापहलेसेही मोबाइल और क्रियान्वित कर रहे हैं	"जाँच:
टॉर, हम छात्रों को offline कर रहे हैं लेकिन ड्रोने से पहले कुछ बातें हैं।"
494	494	494	"Say, ""Call upon Allah or call upon the Most Merciful. Whichever [name] you call - to Him belong the best names."" And do not recite [too] loudly in your prayer or [too] quietly but seek between that an [intermediate] way."	"कह दो, ""तुम अल्लाह को पुकारो या रहमान को पुकारो या जिस नाम से भी पुकारो, उसके लिए सब अच्छे ही नाम है।"" और अपनी नमाज़ न बहुत ऊँची आवाज़ से पढ़ो और न उसे बहुत चुपके से पढ़ो, बल्कि इन दोनों के बीच मध्य मार्ग अपनाओ"	अरे! कि! मेरे पास कुछ नहीं है।
495	495	495	You need not do it if you don't want to	आप इसे करते जरूरत नहीं है अगर आप नहीं करना चाहते हैं	अरे वैस चिंतनाक feelings हो सकती हैं जिनसे आप नहीं चिंतित हो सकते हैं
496	496	496	When Kotranka Tehsildaar reached the P.H.E department, he found it locked.	तहसीलदार कोटरंका स्थित पीएचई विभाग के कार्यालय पहुंचे तो वहां ताला लगा हुआ था।	कोतरका थिसिलाडार के स्थान को पी.एफ.ई. द्वार सँभालने वाले अधिकारियों ने उसे बंद कर दिया
497	497	497	Filtering options	फिल्टरिंग विकल्प	विकलातों के विकलात
498	498	498	Durkin's Garage.	डर्किन का गराज.	कृपयोग्यता: 2000 के दशक में डिजिटल संचालन के लिए।
499	499	499	Yes.	हाँ।	जी हाँ।
500	500	500	Just give us back our dragon, and we'll go...	बस हमें हमारा ड्रैगन वापस कर दो और हम चले जाएँगे...	नहीं के ड्रैगन को ले लेते समय, हम...
501	501	501	And maybe we'll get coffee in bed Sunday mornings.	और शायद हमें कॉफी मिलेगी बिस्तर में रविवार की सुबह.	और शायद हम सोमवार शाम को बैठकर कॉफी पी सकते हैं।
502	502	502	Book URI	पुस्तक URI	कब रीडेड होता है
503	503	503	"Could not find relationships file ""%1"""	फ़ाइल से पढ़ नहीं सका.	जिस जानकारी नहीं मिल सके, उस संबंध की तुलना नहीं की सकी और उसे किसी भी जानकारी देने पर कोई असर नहीं रही
504	504	504	- [Fire Bell]	- [आग बेल]	- [Water Bell]
505	505	505	The angels along with the Spirit descend in it by the permission of their Lord with all kinds of decrees.	उसमें फ़रिश्तें और रूह हर महत्वपूर्ण मामलें में अपने रब की अनुमति से उतरते है	अर्थात्, यहाँ किसी को भी छोड़ देने की अनुमति है, और यहाँ किसी को भी किसी चीज़ को छोड़ देने की किसी भी रचना है।
506	506	506	Sending message %d of %d	%d के %d संदेश को भेज रहा है	संदेश %d के %d
507	507	507	It's just a dream of a farmer from Kansas.	यह सिर्फ कान्सास से एक किसान की एक सपना है।	कैन्सस के किसान की डर्म फिल्म की सारी जानकारी एक किसी के पास में होती है।
508	508	508	Surely those who believe, and those who are Jews, and the Christians, and the Sabians, whoever believes in Allah and the Last day and does good, they shall have their reward from their Lord, and there is no fear for them, nor shall they grieve.	बेशक मुसलमानों और यहूदियों और नसरानियों और ला मज़हबों में से जो कोई खुदा और रोज़े आख़िरत पर ईमान लाए और अच्छे-अच्छे काम करता रहे तो उन्हीं के लिए उनका अज्र व सवाब उनके खुदा के पास है और न (क़यामत में) उन पर किसी का ख़ौफ होगा न वह रंजीदा दिल होंगे	ज़रूरी के लिए, jeweled के लिए, चristian के लिए, और साबियन के लिए, लोगों को ज्यादातरी के लिए, ज्यादातरी के लिए, ज्यादातरी के लिए, ज्यादातरी के लिए, ज्यादातम् (ज्यादातम्)
509	509	509	Page	पृष्ठ	पेज
510	510	510	Valid signature, but cannot verify sender	वैध हस्ताक्षर, प्रेषक को नहीं जांच सकता है	बल्कि साइन नहीं हो सकता
511	511	511	* (C) find my home again afterwards.	* (स) उसके बाद मुझे घर वापस आने में कोई परेशानी नहीं हुई.	जो भी जानकारी जाप तुमने दी है, उसे सही जगह पर दिया होगा।
512	512	512	"""And ordain for us that which is good, in this life and in the Hereafter: for we have turned unto Thee."" He said: ""With My punishment I visit whom I will; but My mercy extendeth to all things. That (mercy) I shall ordain for those who do right, and practise regular charity, and those who believe in Our signs;-"	"""और हमारे लिए इस संसार में भलाई लिख दे और आख़िरत में भी। हम तेरी ही ओर उन्मुख हुए।"" उसने कहा, ""अपनी यातना में मैं तो उसी को ग्रस्त करता हूँ, जिसे चाहता हूँ, किन्तु मेरी दयालुता से हर चीज़ आच्छादित है। उसे तो मैं उन लोगों के हक़ में लिखूँगा जो डर रखते और ज़कात देते है और जो हमारी आयतों पर ईमान लाते है"	मध्य प्रदेश में हो रहे विवेक्या के ज्ञान से जुड़ाई
513	513	513	I'd been in the army less than a year when that unholy Tet arrived.	. कि अपवित्र Tet पहुंचे जब मैं सेना में कम से कम एक वर्ष किया जाएगा.	जिसे हिंसक तेट आई थी उसे छोड़ देने और उसे किसी भी जानकारी से हट जाँचेने का वादा किया है।
514	514	514	'Cause you're gonna make a phone call for us.	आप हमारे लिए एक फोन करने वाले हैं है.	क्योंकि तुम अपने फोन कॉल के लिए सुनवाई कर रही हो।
515	515	515	He called me boatsman Olsen's second wife.	उसने मुझे केवट ऑलसेन की दूसरी पत्नी कहा.	उन्होंने मुझे बोट्समैन ओल्स की दूसरी विधि दी थी।
516	516	516	"Hashing ""%s"""	"हैशिंग ""%s"""	शैहिं प्रति स्ट्रिंग
517	517	517	The color that is used to fill the area behind the image. If the use-background-color key is not set, the color is determined by the active GTK+ theme instead.	रंग कि छवि के पीछे क्षेत्र को भरने के लिए प्रयोग किया जाता है.यदि कुंजी उपयोग पृष्ठभूमि रंग सेट नहीं है, रंग सक्रिय GTK + बजाय विषय द्वारा निर्धारित किया जाता है.	जैसा कि काम के चित्र के पीछे का color।
518	518	518	And We grew a tree of gourd (as a shelter) above him.	हमने उसपर बेलदार वृक्ष उगाया था	और हमने एक ग्राउट (शelter) के तेल को ऊपर हमने बनाया था।
519	519	519	This matter is not for you to decide – whether He guides them to repent or punishes them, for they are the unjust.	(ऐ रसूल) तुम्हारा तो इसमें कुछ बस नहीं चाहे ख़ुदा उनकी तौबा कुबूल करे या उनको सज़ा दे क्योंकि वह ज़ालिम तो ज़रूर हैं	यह मामला नहीं है कि क्या आपेज़। यह सब कुछ समय और स्थिति पर निर्णय होते हैं।
520	520	520	- Yeah.	-हाँ।	जी हुआ।
521	521	521	Using LDAP	LDAP का प्रयोग करें	एडी.पी.ए.एस. के लाभ
522	522	522	At least %1 points are needed for that spline type	उस स्प्लाइन क़िस्म के लिए कम से कम% 1 बिन्दु आवश्यक हैं	स्ट्रीट सpline के लिए कम से कम %1 पॉइंट्स के जरिए स्पाइन बनाया जाता है
523	523	523	- No.	- नंबर	यह संख्या है जिसको 13 में बाँच दिया गया है
524	524	524	Error on rollback transaction	रोलबैक ट्रांजेक्शन में त्रुटि	रोलबोल्ट ट्रांजैक्शन में गलती होती
525	525	525	& Tools	औज़ार (T)	"जानकारी:
& Software"
526	526	526	Are we gonna fight, or you plan on boring me to death?	हम लड़ाई, वाला या आप मुझे मृत्यु को बोरिंग पर योजना कर रहे हैं?	नहीं कीडी फाइटिंग कर रही हूँ, नहीं कीडी बोररेज़ कर रही हूँ?
527	527	527	O ye who believe! Take your precautions, and either go forth in parties or go forth all together.	ऐ ईमानवालों (जिहाद के वक्त) अपनी हिफ़ाज़त के (ज़राए) अच्छी तरह देखभाल लो फिर तुम्हें इख्तेयार है ख्वाह दस्ता दस्ता निकलो या सबके सब इकट्ठे होकर निकल खड़े हो	यहाँ जो लिख रहे वो भी सहमत है कि वे कुछ फर्मेट नहीं करेंगे
528	528	528	How dare you say it's unlikely?	तुम्हारी हिम्मत कैसे हुई असंभव कहने की?	जिस व्यक्ति ने ऐसा कहा है इसके परिणत्त्व हो सकते हैं।
529	529	529	“We only feed you for the sake of God. We want from you neither compensation, nor gratitude.	"""हम तो केवल अल्लाह की प्रसन्नता के लिए तुम्हें खिलाते है, तुमसे न कोई बदला चाहते है और न कृतज्ञता ज्ञापन"	जो हमें भोजन करने के लाभ के लिए उपयोग मिलेता है, उसी से निम्न-श्रेणी वाले भोजन के लाभ से होणता नहीं हो सकते
530	530	530	Yoare no AL0	कोई AL0 Yoare	अरे नहीं A0
531	531	531	No, Alexander.	नहीं, सिकंदर.	No, एलेक्ज़नर द्वारा.
532	532	532	- Margarethe Lorenz.	- मार्गरेथ लौरेंज.	- लॉरेंट्स.
533	533	533	They said, ‘O Moses, we will never enter it so long as they remain in it. Go ahead, you and your Lord, and fight! We will be sitting right here.’	वह कहने लगे एक मूसा (चाहे जो कुछ हो) जब तक वह लोग इसमें हैं हम तो उसमें हरगिज़ (लाख बरस) पॉव न रखेंगे हॉ तुम जाओ और तुम्हारा ख़ुदा जाए ओर दोनों (जाकर) लड़ो हम तो यहीं जमे बैठे हैं	मoses सayed, 'हम तो कभी इसे नहीं रहे कुत्ते के पास ना आए, तक नहीं रहे कुत्ते के पास ना आए, तक ना रहे कुत्ते के पास ना आए, तक तो हमें नहीं रहे कुत्ते के पास ना आए, तक तो हमें नहीं रहे कुत्ते के पास ना आए, तक तो हमें नहीं रहे कुत्ते के पास ना आए, तक तो हमें नहीं रहे कुत्ते के पास ना आए, तक तो हमें नहीं रहे कुत्ते के पास ना आए, तक तो हमें नहीं रहे कुत्ते के पास ना आए, तक तो हमें नहीं रहे कुत्ते के पास ना आए, तक तो हमें नहीं रहे कुत्ते के पास ना आए, तक तो हमें नहीं रहे कुत्ते क
534	534	534	Scale Center Y	स्केल सेंटर Y	I don't add, remove, or change any information.
535	535	535	Select the calendars to search for meeting conflicts	बैठक विरोध के लिए ढ़ूंढ़ने के लिए पंचांग चुनें	मार्केटिंग कैलेंडर्स का उपयोग करके शोध के लिए विवरण प्राप्त होगा
536	536	536	He cares more about me than his work.	वे अपने काम से अधिक मेरी परवाह करते हैं.	जिस व्यक्ति का प्रयास और प्रतिबद्धन के कारण होते हैं, उस व्यक्ति के बारे में यह पूरी तरह से सही है।
537	537	537	"Surely, disbelievers are those who said: ""Allah is the third of the three (in a Trinity)."" But there is no ilah (god) (none who has the right to be worshipped) but One Ilah (God -Allah). And if they cease not from what they say, verily, a painful torment will befall the disbelievers among them."	जो लोग इसके क़ायल हैं कि ख़ुदा तीन में का (तीसरा) है वह यक़ीनन काफ़िर हो गए (याद रखो कि) ख़ुदाए यकता के सिवा कोई माबूद नहीं और (ख़ुदा के बारे में) ये लोग जो कुछ बका करते हैं अगर उससे बाज़ न आए तो (समझ रखो कि) जो लोग उसमें से (काफ़िर के) काफ़िर रह गए उन पर ज़रूर दर्दनाक अज़ाब नाज़िल होगा	किसी भी जाति या समूह से जात नहीं रहे और जो स्थित नहीं है उस जाति या समूह के बारे में नहीं हो के व्यवहार नहीं होगा कि उस जाति या समूह के लोग शास्त्रीय हैं और उस जाति या समूह के लोग व्यवहार कार्य में विशेषज्ञ हैं
538	538	538	So that the People of the Book may know that they have no power over any of the favors of Allah; that the favors are in the Hand of Allah; He gives it towhom He will. The Favor of Allah is the Great.	(ये इसलिए कहा जाता है) ताकि अहले किताब ये न समझें कि ये मोमिनीन ख़ुदा के फज़ल (व क़रम) पर कुछ भी कुदरत नहीं रखते और ये तो यक़ीनी बात है कि फज़ल ख़ुदा ही के कब्ज़े में है वह जिसको चाहे अता फरमाए और ख़ुदा तो बड़े फज़ल (व क़रम) का मालिक है	जो लोग इस खंड के लोग हैं, वे ऐसे कुछ नहीं हैं।
539	539	539	What kind of trouble, Silas?	मुसीबत, सीलास के किस तरह का?	सिलस? के लिए कुछ मुशलत होती हैं, right?
540	540	540	Keywords:	बीजशब्द:	"जानकारी को सही तरीके से बताया जाना या सही जानकारी को सही तरीके से बताया जाने के लाभ होते हैं:
लाभ:
जानकारी के लाभ के लाभ होते हैं:
लाभ:
जानकारी के लाभ-लाभ होते हैं:
लाभ:
जानकारी के लाभ-लाभ होते हैं:
लाभ:
जानकारी के लाभ-लाभ होते हैं:
लाभ:
जानकारी के लाभ-लाभ होते हैं:
लाभ:
जानकारी के लाभ-लाभ होते हैं:
लाभ:
जानकारी के लाभ-लाभ होते हैं:
लाभ:
जानकारी के लाभ-लाभ होते हैं:
लाभ:
जानकारी के लाभ-लाभ होते हैं:
लाभ:
जानकारी के लाभ-लाभ होते हैं:
लाभ:"
541	541	541	It's Mithravinda Devi, who'll be the next queen...	मित्राविन्दा देवी, जो कि अगली महारानी होगी...	जी हूँ मिथ्रवन्देवी, जो अगली राजत्व के समय में रहें...
542	542	542	Come on, come and have a shower, get the day going.	चलो आओ, अब शॉवर ले लो, और दिन शुरू करो.	जो कोई भी हो के काम के लिए तो कोई भी नहीं हो के काम के लिए तो कोई भी नहीं हो के काम के लिए तो कोई भी नहीं हो के काम के लिए तो कोई भी नहीं हो के काम के लिए तो कोई भी नहीं हो के काम के लिए तो कोई भी नहीं हो के काम के लिए तो कोई भी नहीं हो के काम के लिए तो कोई भी नहीं हो के काम के लिए तो कोई भी नहीं हो के काम के लिए तो कोई भी नहीं हो के काम के लिए तो कोई भी नहीं हो के काम के लिए तो कोई भी नहीं हो के काम के लिए तो कोई भी नहीं हो के काम के लिए तो कोई भी
543	543	543	Description	वर्णन	I English से हाँ।
544	544	544	"""In an ideal world, Franck, he'd kill us all."""	"""एक आदर्श दुनिया में, फ्रैंक, वह हम सभी को मार डालेंगे ."""	अच्छी तरह से व्युक्त हुआ: फ़्रांक, उन्ह'd कुछ लोगों को जानलियाँ
545	545	545	Jasper has experience with a newborn.	नवजात शिशु के साथ है एक अनुभव.	जसप ने एक छोटी कीexperience है।
546	546	546	I had mine in a turnip patch.	लेकिन मेरा एक शलजम के बगीचे में हुआ था.	मेरी ने मेरी एक टर्निप पैच थी.
547	547	547	Indeed there was a sign for you in the two hosts (which) met together in encounter; one party fighting in the way of Allah and the other unbelieving, whom they saw twice as many as themselves with the sight of the eye and Allah strengthens with His aid whom He pleases; most surely there is a lesson in this for those who have sight.	बेशक तुम्हारे (समझाने के) वास्ते उन दो (मुख़ालिफ़ गिरोहों में जो (बद्र की लड़ाई में) एक दूसरे के साथ गुथ गए (रसूल की सच्चाई की) बड़ी भारी निशानी है कि एक गिरोह ख़ुदा की राह में जेहाद करता था और दूसरा काफ़िरों का जिनको मुसलमान अपनी ऑख से दुगना देख रहे थे (मगर ख़ुदा ने क़लील ही को फ़तह दी) और ख़ुदा अपनी मदद से जिस की चाहता है ताईद करता है बेशक ऑख वालों के वास्ते इस वाक़ये में बड़ी इबरत है	यह साइन दिखते हैं, जो तो दोनों को एक साथ मिले और एक दूसरे को भी दिखे प्रेम का संकलन होता है, जो सुक्ति से सिखत है, और यह सुनम का संकलन भी होता है, जो सुक्ति से संकलित होता है।
548	548	548	Can he ride with me?	क्या यह मेरे साथ आ सकता है?	हाँ, क्या मैं साथ में बैठे रide कर सकता हूँ?
549	549	549	But I'm gonna tell you, that's dumb.	लेकिन मैं कर रहा हूँ तुम्हें कहता हूं, कि मूर्ख है.	जी हूँ मैं जानकारी दूँगी कि जो कुछ भी कहा याद है, उसे कुछ नहीं कहा किये दिखाया होगा।
550	550	550	And if anyone of the polytheists asks you for protection, give him protection so that he may hear the Word of God; then escort him to his place of safety. That is because they are a people who do not know.	और (ऐ रसूल) अगर मुशरिकीन में से कोई तुमसे पनाह मागें तो उसको पनाह दो यहाँ तक कि वह ख़ुदा का कलाम सुन ले फिर उसे उसकी अमन की जगह वापस पहुँचा दो ये इस वजह से कि ये लोग नादान हैं	जो कोई भी पवग पवग व्यक्ति है और जो कोई भी शुद्धता रखता है, तो उसे शुद्धता दिया go go.
551	551	551	A drone picked up voiceprints in the Indus Valley.	एक ड्रोन सिंधु घाटी में voiceprints उठाया.	अनुपस्थिति में एक ड्रोन voiceprints को इंडस वैली में सुना जा सकता था।
552	552	552	B3/ Modification of B2	B3 / B2 का संशोधनName	प्राप्त किया B2/Modified B3
553	553	553	Keywords:	की- वर्डस:	"जानकारी को सही तरीके से बताया जाना या सही जानकारी को सही तरीके से बताया जाने के लाभ होते हैं:
लाभ:
जानकारी के लाभ के लाभ होते हैं:
लाभ:
जानकारी के लाभ-लाभ होते हैं:
लाभ:
जानकारी के लाभ-लाभ होते हैं:
लाभ:
जानकारी के लाभ-लाभ होते हैं:
लाभ:
जानकारी के लाभ-लाभ होते हैं:
लाभ:
जानकारी के लाभ-लाभ होते हैं:
लाभ:
जानकारी के लाभ-लाभ होते हैं:
लाभ:
जानकारी के लाभ-लाभ होते हैं:
लाभ:
जानकारी के लाभ-लाभ होते हैं:
लाभ:
जानकारी के लाभ-लाभ होते हैं:
लाभ:"
554	554	554	What's that supposed to mean?	क्या मतलब है?	जो भी है उसे सही अर्थ में होना चाहे और ऐसे होने तक कोई कार्य करने के प्रत्योक्त हैं।
555	555	555	I had a fight with my old friends because of you.	मैं तुम्हारी वजह से मेरे पुराने दोस्तों के साथ झगड़ा हुआ था।	आपमें मेरे पूरे हाल-दिखने वाले दोस्त थे।
556	556	556	Oh, Zeus.	ओह, ज़ीउस.	ओह ज्यूज़।
557	557	557	Firstly, that he didn't find the photo.	पहला, की उसे फोटो ही नहीं मिला।	किसी को फ़ोर से न करे, फ़ोक से न करे.
558	558	558	or to one who places obstacles in the way of good being done or to the wicked transgressor,	हद से बढ़ने वाला गुनेहगार तुन्द मिजाज़	"जो किसी को जाति, की तरफ से व्यक्त की सहमति के स्थिति से संबंधित किसी को जाति-विरोधी मानसिक संकट से मुक्ति प्राप्त करने के लिए किसी को जाति-खात्री नहीं के रूप में स्थापित किया ज सकता है।

इसके कुछ उदाहरण हैं:

- एक ऐसी स्थिति में हो सकती है जिसे किसी भी तरह से प्रभावित किया ज सके (जैसे कि जाति-खात्री हो या जाति-विरोधी हो) जो किसी भी तरह से प्रभावित किया ज सके (जैसे कि जाति-खात्री हो या जाति-विरोधी हो) उसे जाति-खात्री नहीं के रूप में स्थापित किया ज सकता"
559	559	559	_View	देखें (_V)	जैसा
560	560	560	Even wind touching you would say I love you... ln the smile of my sulking lover, I see my love... did my life seek help from you?	Even wind touching you would say l love you... ln the smile of my sulking lover, l see my love... did my life seek help from you?	जिस किसी भी किरण से तुम्हारे प्रति तुम्हारे प्रति विध्यात्मक सूर्य के सूर्य के सूर्य के सूर्य के सूर्य के सूर्य के सूर्य के सूर्य के सूर्य के सूर्य के सूर्य के सूर्य के सूर्य के सूर्य के सूर्य के सूर्य के सूर्य के सूर्य के सूर्य के सूर्य के सूर्य के सूर्य के सूर्य के सूर्य के सूर्य के सूर्य के सूर्य के सूर्य के सूर्य के सूर्य के सूर्य के सूर्य के सूर्य के सूर्य के सूर्य के सूर्य के सूर्य के सूर्य के सूर्य के सूर्य के सूर्य के सूर्य के सूर्य के सूर्य के सूर्य
561	561	561	I'm still with Emily, and we're still hanging out in Chicago.	मैं अब भी एमिली के साथ हूं, और हम अब भी शिकागो में ही हैं.	मैं अभी सैमी और हम अभी चिकिं गूची सिटी ले रहे हैं।
562	562	562	LUCIUS:	Lucius:	किसी भी जानकारी जोड़न, रोकने, या बदलने की कोई जानकारी हो सकती है।
563	563	563	Just in case we caught you in the background.	सिर्फ मामले में हम पृष्ठभूमि में आप फंस गए.	बेअनुअजेट्टी बेस्टफ़ैड्ड उपसारितज्ञिता के प्रयोग के परिणिधि भी हैं।
564	564	564	See, Judah is turning, um...	देखें, यहूदा बदल रहा है, उम...	ज़, ज़ड़हिस टू, यू...
565	565	565	And one thing about direct action, I suppose, the target is meant to have an immediate effect.	सीधी कार्यवाही के बारे में एक बात ये है कि इसका प्रमुख लक्ष्य तुरंत असर डालना होता है	direct action के बारे में एक और चीज़ है ये कि immediate effect होते हैं.
566	566	566	And appoint goodness for us in this world and the Hereafter, for indeed we have come back to You.’ Said He, ‘I visit My punishment on whomever I wish, but My mercy embraces all things. Soon I shall appoint it for those who are Godwary and give the zakat and those who believe in Our signs	और तू ही इस दुनिया (फ़ानी) और आख़िरत में हमारे वास्ते भलाई के लिए लिख ले हम तेरी ही तरफ रूझू करते हैं ख़ुदा ने फरमाया जिसको मैं चाहता हूँ (मुस्तहक़ समझकर) अपना अज़ाब पहुँचा देता हूँ और मेरी रहमत हर चीज़ पर छाई हैं मै तो उसे बहुत जल्द ख़ास उन लोगों के लिए लिख दूँगा (जो बुरी बातों से) बचते रहेंगे और ज़कात दिया करेंगे और जो हमारी बातों पर ईमान रखा करेंगें	English to Hindi रूप में अनुसारी और विविधी प्रदान करने वाले किसे होने वाले शub्दार के लाभ होते हैं|
567	567	567	I didn't know any criminals so I thought Riz might.	मैंने नहीं किया. मैं रिज़ हो सकता है तो मैंने सोचा कि किसी भी अपराधियों को पता है.	नहीं के जानकारी से पहले कुछ जानकारी है।
568	568	568	And your Lord is Rich (Free of all wants), full of Mercy, if He will, He can destroy you, and in your place make whom He will as your successors, as He raised you from the seed of other people.	और जो कुछ वह लोग करते हैं तुम्हारा परवरदिगार उससे बेख़बर नहीं और तुम्हारा परवरदिगार बे परवाह रहम वाला है - अगर चाहे तो तुम सबके सबको (दुनिया से उड़ा) ले लाए और तुम्हारे बाद जिसको चाहे तुम्हार जानशीन बनाए जिस तरह आख़िर तुम्हें दूसरे लोगों की औलाद से पैदा किया है	जिस कोई भी हो यदि जिस कोई भी हो इस लेख के माध्यम से जिस कोई भी हो
569	569	569	Or He may seize them by diminishing their portion. Yet your Lord is compassionate and kind.	या वह अज़ाब से डरते हो तो (उसी हालत में) धर पकड़ करे इसमें तो शक नहीं कि तुम्हारा परवरदिगार बड़ा शफीक़ रहम वाला है	जिस व्यक्ति का प्रभाव कम हो जाएगा वे सब कुछ हो जाएगा। और जिसे लिया जाता है, वे सब कुछ हो जाएगा।
570	570	570	He didn't have any kids of his own.	वो अपने खुद के किसी भी बच्चों को नहीं था.	किसी का कोई खुद का बच्चा नहीं था।
571	571	571	Failure reason: %s	विफलता कारण: %s	अन्य जानकारी देने के लिए: %s
572	572	572	_Delete %s	%s मिटाएँ (_D)	मैं डालन, हटान, और बदलने वाले किसी भी जानकारी को सहलाभद्दाल के होने पर दूसरे ही कुछ ही नहीं, यह जानकारी के लाभ-खरा हो सकते हैं, सुनिश्चित करें कि जानकारी की व्याख्षिति से सावधान रहें कि किस जानकारी का व्याख्षिति से सावधान रहें कि किस जानकारी का व्याख्पिति से सावधान रहें कि किस जानकारी का व्याख्पिति से सावधान रहें
573	573	573	Marshaller	मार्शलर	मार्शलर
574	574	574	Telephone	टेलिफोन	टेलीफोन
575	575	575	"""We aspire to a better tomorrow, a new Egypt and a second republic,"" Morsi said during a solemn ceremony shown live on state television."	"राष्ट्रीय टेलीविज़न पर सजीव प्रसारण में दिखाए गए औपचारिक समारोह के दौरान मोरसी ने कहा कि ""हम बेहतर भविष्य, नए मिस्र तथा दूसरे गणराज्य की आकांक्षा कर रहे हैं।"""	मॉर्सी ने“हमारा सपना है कि हमारा सामने मिले नए ईगिपट्टे राज्य हों और हमारा दूसरी राष्ट्र हो”, उन्होंने एक पूरी उपसारी के लिए एक संकलित वाक्य दिया है।
576	576	576	I tried to give her some money, but she would not take any.	मैंने उसको पैसे देने की कोशिश करी पर उसने इनकार कर दिया।	मैं उसे कुछ बिलीज़ दे दिए, लेकिन वह कोई नहीं लिया।
577	577	577	After squeezing 25 kilos of grapes..you get one bottle of juice.	grapes.. you का 25 किलो निचोड़ के बाद रस की एक बोतल मिलता है।	सिर्स के लिए 25 किलो ग्राइंड्स से जुबरी की बोतल मिलेगी।
578	578	578	I done what she asked.	... मैं उसने पूछा क्या किया.	जिसने पूछ उसका करना था।
579	579	579	Q.921TM	Q. 921TM	"सहिनाम त्याग:
जी.के.पी."
580	580	580	The height of the window	विंडो की ऊँचाई	विद्यार्पन की ऊँचाई
581	581	581	Do they not see that Allah enlarges the provision for whom He wills and straitens (it for whom He wills). Verily, in that are indeed signs for a people who believe.	क्या उन्होंने विचार नहीं किया कि अल्लाह जिसके लिए चाहता है रोज़ी कुशादा कर देता है और जिसके लिए चाहता है नपी-तुली कर देता है? निस्संदेह इसमें उन लोगों के लिए निशानियाँ है, जो ईमान लाएँ	जिन्हें नहीं देख सकते हैं कि वे विश्वास रखते हैं। तथा जिन्हें नहीं देख सकते हैं कि वे सोच सकते हैं कि Allah इसे विशिष्ट कर रहे हैं |
582	582	582	Connect to remote target	कनेक्ट को रिमोट लक्ष्य	बिल्टिन टो रемोट टarget
583	583	583	Whether the main stage should be rendered offscreen	क्या मुख्य स्टेज को ऑफस्क्रीन प्रदान की जानी चाहिए	कोई भी जानकारी जिस जिस जानकारी के लिए जिमेदार हो सकती है, उसे रिम्पल ऑफ स्क्रीन के दौरान नहीं किये जाने की क्रिया को निर्माण के दौरान नहीं की जाने की स्पष्ट सूचना दी जाएगी।
584	584	584	Port	पोर्ट	पोर्ट
585	585	585	Now a sharp look in your eye.	अब आंखों में एक तेज नजर.	अब अपने नज़रों से देख रहे हैं।
586	586	586		कुछ नहीं	
587	587	587	"(Muhammad), if they turn away from you, say, ""God is Sufficient (support) for me. There is no God but He. In Him do I trust and He is the Owner of the Great Throne."""	ऐ रसूल अगर इस पर भी ये लोग (तुम्हारे हुक्म से) मुँह फेरें तो तुम कह दो कि मेरे लिए ख़ुदा काफी है उसके सिवा कोई माबूद नहीं मैने उस पर भरोसा रखा है वही अर्श (ऐसे) बुर्जूग (मख़लूका का) मालिक है	जिस व्यक्ति के पास मुस्ल आयस मिलेगू तो गद्दसे रहे और मुस्ल का पालन करे.”
588	588	588	This road isn't on here.	यह सड़क यहाँ पर नहीं है.	यह सैरने वाली रोड़ नहीं है।
589	589	589	Name	नाम	मूल
590	590	590	Not funny, I guess.	न अजीब बात है, मुझे लगता है.	क्या नहीं मज़ाक करते हैं।
591	591	591	%s has canceled the following shared memo:	%s ने निम्न साझा ज्ञापन रद्द कर दिया है:	शेयर्ड मेमो का सार्वजनिक रूप में निष्कर्ष निर्धारित है |
592	592	592	German Male	"अज्ञात आवाज ""% 1"""	I cannot add 5.
593	593	593	Pelungsur cake to indicate that the ceremony has ended.	महिला #2:	अन्य जानकारी या कार्यक्रम के रूप में पेलुंगसूर का प्रयोग करने योग्य हैं।
594	594	594	Who is more wicked than he who invents a lie about Allah or belies His verses? The harmdoers shall never prosper.	और उससे बढ़कर अत्याचारी कौन होगा, जो अल्लाह पर झूठ गढ़े या उसकी आयतों को झुठलाए। निस्सन्देह अत्याचारी कभी सफल नहीं हो सकते	जिस व्यक्ति की लिखी कथा के द्वार से व्यार्जित होती है, वे ही लिखी बात के परिणाम से नहीं होती है, ने?
595	595	595	You are going to be on the hot seat in there, June bun.	तुम वहाँ में हॉट सीट जून रोटी पर होने जा रहे हैं।	आपी तो होगी लेकिन
596	596	596	GType	क़िस्म	जी.टी.
597	597	597	Never! Indeed, it is a blazing fire,	(मगर) ये हरगिज़ न होगा	नहीं! वास्तव में, यह एक रेड की आग है,
598	598	598	First, I want out of here.	सबसे पहले, मैं यहाँ से बाहर करना चाहते हैं।	I want out of this place.
599	599	599	Seven round capacity.	सात दौर क्षमता।	सात से छः कक्ष.
600	600	600	I am the hero who's been recognize today.	मैं नायक, जो आज हो गया है समझते हैं पुरूष।	जी हूँ मेरे पास मेरी स्थापना हुई है.
601	601	601	Is it not a guidance to them, how many generations We destroyed before them in whose dwelling places they walk? Surely, in this there are signs for thoseof reason.	फिर क्या उनको इससे भी मार्ग न मिला कि हम उनसे पहले कितनी ही नस्लों को विनष्ट कर चुके है, जिनकी बस्तियों में वे चलते-फिरते है? निस्संदेह बुद्धिमानों के लिए इसमें बहुत-सी निशानियाँ है	जिस्मों से हुआ पूर्णतः विलक्षित हुआ प्रयोग के स्थान हैं जो संकेतों के स्थान पर प्रभावशाली हैं |
602	602	602	Gifts and sweets were distributed among the students and teachers by the organisers of this program.	कार्यक्रम में प्रबंधक समिति की ओर से शिक्षकों व विद्यार्थियों को उपहार व मिठाई वितरित की गई।	इस प्रोग्राम के आयोजकों ने छात्रों और शिक्षकों को कुछ गिफ़्ट से विभ्रमित किए बिना कुछ विशेष रूप से किए बिन्ना सादा होने से मेरे परिचय को मात्रा से मान्य होगा।
603	603	603	Cannot create folder '%s'	नया फ़ोल्डर `%s' नहीं बना सकता है	इन्हें %s से छूट़ाया
604	604	604	I need you no longer.	अब मुझे तुम्हारी कोई ज़रूरत नहीं है.	मुझे नहीं चाहूँ।
605	605	605	Tell Karna good-bye.	कर्ण को नमस्ते कहना मेरे लिए .	कार्न को बेहतर स्नोपर्स.
606	606	606	_Board size:	बिसात आकार (_B):	प्लेट:
607	607	607	We were 18.	हम 18 थे.	हम 18 थे।
608	608	608	Go tell him yourself.	उसको अपने-आप जाकर बताओ।	none of
609	609	609	They will surely perish who kill their offspring in ignorance foolhardily, and forbid the food that God has given them by fabricating lies against God. Misguided are they surely, and will never come to guidance.	बेशक जिन लोगों ने अपनी औलाद को बे समझे बूझे बेवकूफी से मार डाला और जो रोज़ी ख़ुदा ने उन्हें दी थी उसे ख़ुदा पर इफ़तेरा (बोहतान) बाँध कर अपने ऊपर हराम कर डाला और वह सख्त घाटे में है ये यक़ीनन राहे हक़ से भटक गऐ और ये हिदायत पाने वाले थे भी नहीं	यह कहोगी कि जो लोग अपने पुत्र को जानबूझ कर लेते हैं, वे जो लोग जोखिम लेते हैं, वे जो लोग फ़ूलहार रहते हैं, वे जो लोग अपने पुत्र को जानबूझ कर लेते हैं, वे जो लोग मिसguided होते हैं, वे जो लोग दोष लेते हैं, वे जो लोग विनोद लेते हैं, वे जो लोग विनोद होते हैं, वे जो लोग जोखिम लेते हैं, वे जो लोग दोष लेते हैं, वे जो लोग विनोद होते हैं, वे जो लोग जोखिम लेते हैं, वे जो लोग दोष लेते हैं, वे जो लोग विनोद होते हैं, वे जो लोग जोखिम लेते हैं, वे जो लोग दोष लेते हैं, वे जो लोग विनोद ह
610	610	610	[ BUBBLING ]	[बुदबुदाती]	जो भी हो सकता है, उसे भी नहीं किया किया दिखाया दिया हो सकता है, और 10 के बावजूद भी हो सकता है।
611	611	611	Strict	स्क्रिप्ट्स	जानकारी से बदला नहीं कह सकति, सावधान से हो सकता भाव
612	612	612	When you lay hands upon anyone, you do so as tyrants.	और जब तुम (किसी पर) हाथ डालते हो तो सरकशी से हाथ डालते हो	जैसा कि आप किसी पर अपनी हाथों की तैसी हो सकती है.
613	613	613	Artist	कलाकार	कार्यक्रम
614	614	614	Worry about yourself, kiddo!	बच्चे, अपने बारे में चिंता!	मैं नहीं कह रही कि सारी जानकारी से जुड़े रहे!
615	615	615	It's mathilda.	यह Mathilda है.	अरे वाल्क्या की है।
616	616	616	I must know where I stand in your heart.	मै जानना चाहती हूँ कि तुम्हारे दिल में मेरी क्या जगह है.	मैं जानता हूँ कि आपके दिल में क्या हो रहा है।
617	617	617	He hears the revelations of God which are recited to him, then persists in his arrogance as if he had not even heard them. Tell him that he will suffer a painful torment.	कि ख़ुदा की आयतें उसके सामने पढ़ी जाती हैं और वह सुनता भी है फिर ग़ुरूर से (कुफ़्र पर) अड़ा रहता है गोया उसने उन आयतों को सुना ही नहीं तो (ऐ रसूल) तुम उसे दर्दनाक अज़ाब की ख़ुशख़बरी दे दो	जिसे सुनेगा वे विस्मर्जित साक्ष्य होंगा जिन्हें प्रतीकृत होगा तो उसे दर्द-दराज का संकट होगा।
618	618	618	"Then, on the Day of Judgment, He will cover them with shame, and say: ""Where are My 'partners' concerning whom ye used to dispute (with the godly)?"" Those endued with knowledge will say: ""This Day, indeed, are the Unbelievers covered with shame and misery,-"	(फिर उसी पर इकतिफा नहीं) उसके बाद क़यामत के दिन ख़ुदा उनको रुसवा करेगा और फरमाएगा कि (अब बताओ) जिसको तुमने मेरा यशरीक बना रखा था और जिनके बारे में तुम (ईमानदारों से) झगड़ते थे कहाँ हैं (वह तो कुछ जवाब देगें नहीं मगर) जिन लोगों को (ख़ुदा की तरफ से) इल्म दिया गया है कहेगें कि आज के दिन रुसवाई और ख़राबी (सब कुछ) काफिरों पर ही है	"मध्यकृत्त जो व्यावहारित ज्ञान के प्राप्तकर्ता हैं वे कहते हैं कि वे व्यावहारित ज्ञान प्राप्त करने वाले लोग हैं जिनके पास व्यावहारिक ज्ञान हो सकता है कि वे नहीं हो सकते और वे हो सकते कि वे नहीं हो सकते (लोग हो सकते कि वे नहीं हो सकते के लोग हो सकते कि वे नहीं हो सकते के लोग हो सकते कि वे नहीं हो सकते।

शरीरी ज्ञान के लाभ:
शरीरी ज्ञान के लाभ:
शरीरी ज्ञान के लाभ:
शरीरी ज्ञान के लाभ:
शरीरी ज्ञान के लाभ:
शरीरी ज्ञान के लाभ:
शरीरी ज्ञान के लाभ:
शरीरी ज्ञान के लाभ:"
619	619	619	View	दृश्य	
620	620	620	Show offline contacts	ऑफलाइन संपर्क दिखाएँ	ब्लॉक से संपर्क स्थानकों को Show offline स्थानकों से Show offline स्थानक से संपर्क स्थानकों के साथ स्थानक से संपर्क स्थानक से स्थानक से संपर्क स्थानक से स्थानक से स्थानक से संपर्क स्थानक से स्थानक से स्थानक से संपर्क स्थानक से स्थानक से स्थानक सेना से स्थानक सेना से स्थानक सेना सेना सेना सेना सेना सेना सेना सेना सेना सेना सेना सेना सेना सेना सेना सेना सेना सेना सेना सेना सेना सेना सेना सेना सेना सेना सेना सेना सेना सेना सेना सेना सेना सेना सेना सेना सेना सेना सेना सेना सेना सेना सेना स
621	621	621	"Seriously I do not find a good reason to all what the Israelis are doing whether from leading the world against Iran or attacking Egypt and KSA for their announcement that they would start a peaceful nuclear program,"" writes Egyptian blogger Zeinobia."	मुझे कोई तार्किक कारण नहीं नज़र आता जो इज़्राइली कर रहे हैं चाहे हो इरान के खिलाफ विश्व को बरगलाने की बात हो या मिस्र या KSA की शांतिपूर्ण परमाणु कार्यक्रम शुरु करने की घोषणा करने पर निंदा हो।	यह बात भी कहनी कि किसी के इरादों के बारे में हूँ, न हो कि मैं इस प्रकाशित जानकारी का पालन करने वाले किसी के इरादों के बारे में हूँ.
622	622	622	Niggah, go clean that shit up, man.	Niggah, स्वच्छ जाना कि गंदगी, आदमी.	जी बिल्कड्ड, गो बिल्कड्ड था मैन.
623	623	623	I told you, I'm claustrophobic.	मैंने आपको बताया था, मैं क्लॉस्टेरोफोबिया हूँ।	मैं डरा के स्थिति में भी हूँ।
624	624	624	But they're on a ration.	लेकिन वे एक राशन पर कर रहे हैं.	पर वे अपनी खाने की रेशन के लिए लग रहे हैं।
625	625	625	B_ackground color:	पृष्ठभूमि रंग (_a)	विषय:
626	626	626	Don't mistake me for what had happened on the other day.	उस दिन जो हुआ वो भूल जाओ.	मैं किसी और का कार्य नहीं हूँ, और मैं उस कार्य के होने के अलावा नहीं हूँ।
627	627	627	It is not a sin if you try to make a profit out of the bounty of your Lord (by trading during hajj). When you leave Arafah, commemorate the name of your Lord in Mash'ar, the sacred reminder of God. Commemorate His name as He has given you guidance while prior to that you had been in error.	इस में कोई इल्ज़ाम नहीं है कि (हज के साथ) तुम अपने परवरदिगार के फज़ल (नफ़ा तिजारत) की ख्वाहिश करो और फिर जब तुम अरफात से चल खड़े हो तो मशअरुल हराम के पास ख़ुदा का जिक्र करो और उस की याद भी करो तो जिस तरह तुम्हे बताया है अगरचे तुम इसके पहले तो गुमराहो से थे	मूल्य प्रदान करने और अपने लिहान को मान्य करने के लिए God का नाम Mash'ar किया जाता है।
628	628	628	Mr. Speaker?	मि. स्पीकर ?	कोई?
629	629	629	But if adrenalin which works only for a few seconds acts for 5 minutes won't the body be affected?	लेकिन adrenalin जो कुछ सेकंड के लिए ही काम करता है 5 मिनट के लिए कार्य करता है, तो ... ... शरीर प्रभावित नहीं होगा?	नहीं के भी हो सकते क्योंकि के भी हो सकते क्योंकि के के के के के के के के के के के के के के के के के के के के के के के के के के के के के के के के के के के के के के के के के के के के के के के के के के के के के के के के के के के के के के के के के के के के के के के के के के के के के के के के के के के के के के के के के के के के के के के के के के के के के के के के के के के के के के के के के क
630	630	630	He said, “Yes, and you will be among my favorites.”	फिरऔन ने कहा (हॉ इनाम ही नहीं) बल्कि फिर तो तुम हमारे दरबार के मुक़र्रेबीन में से होगें	उन्होंने कहा, “हाँ और आप मेरी सबसे पसंदीदार लोगों में से हो रहे हैं।”
631	631	631	Remember I told you if there was anything left you still cared about,	अगर मैंने तुमसे कहा था याद वहाँ आप अभी भी परवाह के बारे में कुछ भी छोड़ दिया थी	नहीं कॉपी किए गए यहाँ से होता है,
632	632	632	new server	नया सर्वर	जैसा कि होगा
633	633	633	In the doing, never the thinking.	करने में, कभी नहीं सोच रही है.	बिलकुल सोचे भी नहीं, निरनन्य सोचे भी।
634	634	634	Pidgin address book source	पिडगिन पता पुस्तिका स्रोत	संक्षल भाषा का संकल्प भाषीय कार्यक्रम
635	635	635	The only way is to strike.	एक ही रास्ता हड़ताल करने के लिए है.	सिर्फ़ एक संकेत है।
636	636	636	- Yeah, as you said the last time.	जैसा कि आप समय कहा पिछले.	जी हाँ, एक बार स्पष्ट रूप से कहा गया कि पिछले समय पर स्पष्ट रूप से कहा गया कि कोई विवरण जो कि पिछले समय पर विवरण दिया गया कि कोई जानकारी जो कि पिछले समय पर जिसे जिसे कहा था उसे भी बताया गया कि कोई जिसे जिसे कुछ भी विवरण दिया गया था।
637	637	637	And you're gonna eat it.	और आप इसे खाने वाले हैं.	आपको उसे खाना है।
638	638	638	- NO, I'M JUST A KID.	- नहीं, मैं सिर्फ एक बच्चा हूँ.	अरे, कोई भी नहीं।
639	639	639	Cannot append message to maildir folder: %s:	maildir फ़ोल्डर में संदेश नहीं जोड़ सकता: %s:	यकारी अभिवारी संदेश मaildir फ़ोस्ट के डॉक्टर से संबंध नहीं कर सकते हैं।
640	640	640	[For them are] gardens of perpetual residence which they will enter. They will be adorned therein with bracelets of gold and pearls, and their garments therein will be silk.	(और उसका सिला बेहिश्त के) सदा बहार बाग़ात हैं जिनमें ये लोग दाख़िल होंगे और उन्हें वहाँ सोने के कंगन और मोती पहनाए जाएँगे और वहाँ उनकी (मामूली) पोशाक ख़ालिस रेशमी होगी	जो लोगों के लिए gardens हैं जो हमारे रहने के लिए बने हैं, वे हमारे रहने के लिए gold और pearl के bracelets और हमारे रहने के garments को silk से बने हैं
641	641	641	And the trumpet is blown. This is the threatened Day.	और नरसिंघा फूँक दिया गया। यही है वह दिन जिसकी धमकी दी गई थी	और ट्रुब में सोना शुरू करते हैं। इस किसी भी मामले में नहीं सुनिए।
642	642	642	What a little miracle you are!	तुम एक छोटे चमत्कार जैसे हो!	जी हाँ, किसी के कुछ नहीं हो सकते हैं।
643	643	643	♪ I only know it's a matter of time ♪	तुम बेकार, गिरे हुए इंसान!	जी हाँ केवल ज्ञान में है प्रलोभन है समय
644	644	644	Pursue second mark.	सेकंड का चिह्न को आगे बढ़ाना है.	सब के लिए ज्यारी का मार्क्स का मार्क्स का मार्क्स का मार्क्स का मार्क्स का मार्क्स का मार्क्स का मार्क्स का मार्क्स का मार्क्स का मार्क्स का मार्क्स का मार्क्स का मार्क्स का मार्क्स का मार्क्स का मार्क्स का मार्क्स का मार्क्स का मार्क्स का मार्क्स का मार्क्स का मार्क्स का मार्क्स का मार्क्स का मार्क्स का मार्क्स का मार्क्स का मार्क्स का मार्क्स का मार्क्स का मार्क्स का मार्क्स का मार्क्स का मार्क्स का मार्क्स का मार्क्स का मार्क्स का मार्क्स का मार्क्स का मार्क्स
645	645	645	"Leaving the consorts your Lord has made for you? But you are a people who exceed the bounds."""	और तुम्हारे वास्ते जो बीवियाँ तुम्हारे परवरदिगार ने पैदा की है उन्हें छोड़ देते हो (ये कुछ नहीं) बल्कि तुम लोग हद से गुज़र जाने वाले आदमी हो	आपके लिए जो कॉर्स्ट्स आपके Lord के प्राप्त कॉर्स्ट्स हैं? लेकिन आप लोग जितना जितनी प्राप्त होती है, उससे भी जितना जितनी सीमा अपने Lord के प्राप्त कॉर्स्ट्स से ज्यादा ज्यादती होती है।
646	646	646	So do not follow the unbelievers, and strive against them a mighty striving with it.	अतः इनकार करनेवालों की बात न मानता और इस (क़ुरआन) के द्वारा उनसे जिहाद करो, बड़ा जिहाद! (जी तोड़ कोशिश)	इसे अन्य नहीं बना सकते, छुपा नहीं कर सकते, या इसके बारे में बदला नहीं कर सकते.
647	647	647	Core developer	कोर डेवलपर	ब्रूस होक्यू
648	648	648	(And it was said unto him): O David! Lo! We have set thee as a viceroy in the earth; therefor judge aright between mankind, and follow not desire that it beguile thee from the way of Allah. Lo! those who wander from the way of Allah have an awful doom, forasmuch as they forgot the Day of Reckoning.	"""ऐ दाऊद! हमने धरती में तुझे ख़लीफ़ा (उत्तराधिकारी) बनाया है। अतः तू लोगों के बीच हक़ के साथ फ़ैसला करना और अपनी इच्छा का अनुपालन न करना कि वह तुझे अल्लाह के मार्ग से भटका दे। जो लोग अल्लाह के मार्ग से भटकते है, निश्चय ही उनके लिए कठोर यातना है, क्योंकि वे हिसाब के दिन को भूले रहे।-"	(और यह कहे कि): ओ डेविड! ल! हमने सेंट डेविड को earth के earth के वiceroy के रूप में बनाया और उसे पालन करने के लिए निश्चित किया कि वह डर्प रे योग्यता का शिकार हो न हो।
649	649	649	Except for the East Assembly seat, candidates from the other seats are sitting MLAs of their respective seats.	ज्ञात हो कि पूर्व विधानसभा को छोड़कर सभी सीटों के प्रत्याशी वर्तमान में संबंधित क्षेत्रों से वर्तमान में विधायक हैं।	यह East Assembly seat के लिए केवल ही रह सकती हैं।
650	650	650	'World Habitat Day' Celebration in Cambodia · Global Voices	कंबोडिया मे 'वर्ल्ड हैबिटैट डे' समारोह	विश्व स्व-आहण्ट दिवस' कैलिफोर्निया में आयोजन
651	651	651	)	)	जो कुछ भी हो सकता है, उसे सुनना और विश्व में इसका प्रभाव देना होगा।
652	652	652	Sudden Winds	अचानक तेज हवा	सड़े-रखटाम
653	653	653	The odd Whispering Death or two in the rocks?	पत्थरों में एक-दो अनोखे विस्परिंग डेथ दिख सकेंगे?	अन्य शांति या दो शांति?
654	654	654	Collapse All _Threads	सभी लड़ियाँ समेटें (_T)	जिस कुछ जानकारी को सही तरीके से translate कर सकते हैं, वो कुछ जानकारी का विभिन्न रूप-रूप से change नहीं किया है।
655	655	655	He did not believe in Allah, the Great,	(क्यों कि) ये न तो बुज़ुर्ग ख़ुदा ही पर ईमान लाता था और न मोहताज के खिलाने पर आमादा (लोगों को) करता था	अरे, तुम्हें Allah, the Great, etc. के प्रति नहीं क्यों हो सकती हो।
656	656	656	Rename...	नाम बदलें...	किसी का नाम...
657	657	657	Oh, my God.	ओह, मेरे भगवान.	अरे, जी!
658	658	658	So I knew I must have stayed clean.	मैं मैं साफ रह चाहिए पता था तो.	यह मैंने तय है कि मैंने स्थायी रहे।
659	659	659	For some of us are upright and some otherwise: Surely we follow different ways.	"""और यह कि हममें से कुछ लोग अच्छे है और कुछ लोग उससे निम्नतर है, हम विभिन्न मार्गों पर है"	जिनसे जिन व्यक्तियों की ऊँची है वहीं अन्य: शायद हमें अलग तरीके से चलते हैं।
660	660	660	"Mac (""\\r"")"	"मैक (""\\ r"")"	I don't
661	661	661	Those who do wrong will have their turn, like the turn of their counterparts, so let them not rush Me.	अतः जिन लोगों ने ज़ुल्म किया है उनके लिए एक नियत पैमाना है; जैसा उनके साथियों का नियत पैमाना था। अतः वे मुझसे जल्दी न मचाएँ!	जो लोग गलत करते हैं, उन्हों की प्रतिक्षिता उसके प्रतिक्षित प्रयास से समान होगी और न से रुसो ले सकते हैं।
662	662	662	- THERE'S CLOTHES IN THE VAN.	- वैन में कपड़े नहीं है.	- वाने में क्लॉट्स हैं।
663	663	663	S15: Keep away from heat	S15: गर्मी से दूर रखेंPlease take the official translations! You find them here: http: // europa. eu. int/ eur- lex/ lex/ LexUriServ/ LexUriServ. do? uri=CELEX: 32001L0059: EN: HTML	तो!
664	664	664	And whoever is on earth entirely [so] then it could save him.	और उन सभी लोगों को जो धरती में रहते है, फ़िदया (मुक्ति-प्रतिदान) के रूप में दे डाले फिर वह उसको छुटकारा दिला दे	जो कोई भी पृथ्वी पर है वह उसे बचा सकता है।
665	665	665	- They don't let us in the class.	- वे हमें क्लास में ऐसा नहीं करते।	- वे हमें क्लास में जात नहीं रह सकते।
666	666	666	Copy the selection	मौजूदा चयन	यह स selection को कॉपी करते हैं
667	667	667	Use Alpha	अल्फा का उपयोग करें	जापान में
668	668	668	(SPEAKING IN RUSSIAN)	(रूसी में बोल)	"बिल्ली:
(रीडिंग इन हिंडी)"
669	669	669	It was really fun actually.	यह सच में मज़ा था वास्तव में.	जिस तरह से मज़ेदार थी वैसी ही बात थी।
670	670	670	Or, were you witnesses when death came to Jacob! He said to his children: 'What will you worship after me' They replied: 'We will worship your God and the God of your forefathers, Abraham, Ishmael, and Isaac, the One God. To Him, we are submissive'	"(क्या तुम इबराहीम के वसीयत करते समय मौजूद थे? या तुम मौजूद थे जब याक़ूब की मृत्यु का समय आया? जब उसने बेटों से कहा, ""तुम मेरे पश्चात किसकी इबादत करोगे?"" उन्होंने कहा, ""हम आपके इष्ट-पूज्य और आपके पूर्वज इबराहीम और इसमाईल और इसहाक़ के इष्ट-पूज्य की बन्दगी करेंगे - जो अकेला इष्ट-पूज्य है, और हम उसी के आज्ञाकारी (मुस्लिम) हैं।"""	"जी.सी. के लिखित:
क्या तुम्हें डर के प्रभाव के बारे में बताया जाए तो वह भी अलग-अलग तरह के हो सकते हैं।"
671	671	671	He destroys our self-control.	वह हमारे आत्म - नियंत्रण नष्ट कर देता है.	से जाता है हमारा आत्म-विश्लेषण।
672	672	672	fashioning for him whatsoever he would -- places of worship, statues, porringers like water-troughs, and anchored cooking-pots. 'Labour, O House of David, in thankfulness; for few indeed are those that are thankful among My servants.'	ग़रज़ सुलेमान को जो बनवाना मंज़ूर होता ये जिन्नात उनके लिए बनाते थे (जैसे) मस्जिदें, महल, क़िले और (फरिश्ते अम्बिया की) तस्वीरें और हौज़ों के बराबर प्याले और (एक जगह) गड़ी हुई (बड़ी बड़ी) देग़ें (कि एक हज़ार आदमी का खाना पक सके) ऐ दाऊद की औलाद शुक्र करते रहो और मेरे बन्दों में से शुक्र करने वाले (बन्दे) थोड़े से हैं	जो किसी भी हो वे देवों के पास हो वे पवितराज के पास हो वे आंतरिक के पास हो.
673	673	673	Aimed at you, my golden goose!	Aimed at you, my golden goose!	"Translate:
Aimed at you, my golden goose!"
674	674	674	But, what's the meaning of it?	लेकिन, इसका मतलब क्या है?	But, what's the meaning of it?
675	675	675	You crap!	तुम छी!	जी हाँ, आप जी के साथ ही कुछ भी कह सकते हैं।
676	676	676	A bridge, right? Of course.	एक पुल है, है ना?	जी हाँ, सहाँ।
677	677	677	_Debug	डिबग	डब्बा
678	678	678	_Fast blanking	तेज रिक्तिकरण (_F)	जानकारी से सुसंगत नहीं हो सकती
679	679	679	The oceans have turned to blood. Best to stay on dry land, where it's safe.	महासागरों ने वापस खून लौटा है...	जल में लाल हो सकता है। ऐसे स्थानों से बचने के लिए जो सबसे safest हैं, उन्हें अवांजित कर दें.
680	680	680	The wickedness of all this is hateful with your Lord.	इनमें से प्रत्येक की बुराई तुम्हारे रब की स्पष्ट में अप्रिय ही है	यह सभी ऐसे लोग हैं जो क्रोध और व्यर्थ नहीं होते |
681	681	681	Okay, pay attention because I'm only gonna go over this ten more times.	ठीक है, ध्यान से सुनो क्योंकि सिर्फ़ दस बार और बताऊँगा।	अरे, ये सुनने के तौर पर बहुत महत्वपूर्ण है।
682	682	682	[cheers]	[हर्षध्वनि]	अरे |
683	683	683	You grew a conscience.	तुम्हारा ज़मीर जाग गया।	जिस के मन का एहादू हो रहा है, वह सुनिश्चित रूप से प्राप्त किया गया है।
684	684	684	Artist	कलाकारः	कार्यक्रम
685	685	685	He says all the things that Brad doesn't.	उन्होंने ब्राड नहीं करता है कि सब बातें कहते हैं.	Brad नहीं होने के लिए किसी चीज़ का उपयोग है।
686	686	686	- The Führer is the Führer!	- फ्यूरर फ्यूरर है!	यह सही है!
687	687	687	O ye who believe! Kill not game while in the sacred precincts or in pilgrim garb. If any of you doth so intentionally, the compensation is an offering, brought to the Ka'ba, of a domestic animal equivalent to the one he killed, as adjudged by two just men among you; or by way of atonement, the feeding of the indigent; or its equivalent in fasts: that he may taste of the penalty of his deed. Allah forgives what is past: for repetition Allah will exact from him the penalty. For Allah is Exalted, and Lord of Retribution.	ऐ ईमान लानेवालो! इहराम की हालत में तुम शिकार न मारो। तुम में जो कोई जान-बूझकर उसे मारे, तो उसने जो जानवर मारा हो, चौपायों में से उसी जैसा एक जानवर - जिसका फ़ैसला तुम्हारे दो न्यायप्रिय व्यक्ति कर दें - काबा पहुँचाकर क़ुरबान किया जाए, या प्रायश्चित के रूप में मुहताजों को भोजन कराना होगा या उसके बराबर रोज़े रखने होंगे, ताकि वह अपने किए का मज़ा चख ले। जो पहले हो चुका उसे अल्लाह ने क्षमा कर दिया; परन्तु जिस किसी ने फिर ऐसा किया तो अल्लाह उससे बदला लेगा। अल्लाह प्रभुत्वशाली, बदला लेनेवाला है	शरीरूपी पश्च्या दिए जाते हैं।
688	688	688	Make sure 'gdb' is installed on the system.	मेक gdb है पर सिस्टम नहीं	इस टिप्पटियों को सुनना और उसका पालन करना है।
689	689	689	Aerial threat!	एरियल खतरा!	अवiation threat!
690	690	690	Sister Sarah, you tried.	बहन सारा, आप की कोशिश की.	अरे, सिस्टेर साराह, आपकी कोशिशें!
691	691	691	What, have they not journeyed in the land and beheld how was the end of those before them? They were stronger than themselves in might and left firmer traces in the earth; yet that they earned did not avail them.	तो क्या ये लोग रूए ज़मीन पर चले फिरे नहीं, तो देखते कि जो लोग इनसे पहले थे उनका क्या अंजाम हुआ, जो उनसे (तादाद में) कहीं ज्यादा थे और क़ूवत और ज़मीन पर (अपनी) निशानियाँ (यादगारें) छोड़ने में भी कहीं बढ़ चढ़ कर थे तो जो कुछ उन लोगों ने किया कराया था उनके कुछ भी काम न आया	जो भी नहीं जाया है वे भी किसी भी तरह से आगे नह जाने के लाभ हो सकते हैं कि वे पीछे नहीं जाने के लाभ हो सकते हैं |
692	692	692	Get to the side!	तरफ जाओ!	किसी भी जीवित जानकारी को नष्ट करना या किसी जानकारी को किसी अन्य जानकारी के रूप में नहीं बनाया जा सकता happens
693	693	693	- Yeah.	- हाँ।	जी हुआ।
694	694	694	And perhaps for the first time there is an online website called No Criminals that is geared towards educating voters about political candidates that have a criminal record and stop them from contesting elections.	एक अन्य जालस्थल नो क्रिमिनल्स में मतदाताओं को आपराधिक पृष्ठभूमि वाले प्रत्याशियों के बारे में जानकारी दी गई है।	किसी शास्त्री के बारे में है तो वही है।
695	695	695	Why were there no people of understanding among those people of the destroyed towns of the past except for a few, whom we saved from destruction, to prevent people from committing evil in the land? The unjust among them indulged in worldly pleasures and so became guilty.	फिर तुमसे पहले जो नस्लें गुज़र चुकी है उनमें ऐसे भले-समझदार क्यों न हुए जो धरती में बिगाड़ से रोकते, उन थोड़े-से लोगों के सिवा जिनको उनमें से हमने बचा लिया। अत्याचारी लोग तो उसी सुख-सामग्री के पीछे पड़े रहे, जिसमें वे रखे गए थे। वे तो थे ही अपराधी	जो लोगों के लोगों के पास थे, वे लोग समझने वाले थे और उनके पास मूल्य था।
696	696	696	Let's go.	चलो चलते हैं.	अरे जाने के लिए।
697	697	697	H-Help me!	मुझे एच मदद!	I-Is there anything I can do to help?
698	698	698	"Under the new bill, media houses can be fined up to 20 million Kenyan shillings and individual journalists up to one million with the additional risk of being ""de-listed,"" or barred from receiving official press accreditation."	"नए विधेयक के अन्तर्गत मीडिया कम्पनियों पर 2 करोड़ केन्याई शिलिंग तथा अलग-अलग पत्रकारों को दस लाख केन्याई शिलिंग पर जुर्माना किया जा सकता है तथा, उसके अतिरिक्त ""सूची से हटाए जाने"" अथवा आधिकारिक प्रेस मान्यता न दिए जाने का अतिरिक्त जोखिम अलग रहेगा।"	नए बिल पर, मीडिया हाउसेज़ को ज़िल्मेदारी देने के लिए 20 करोड़ केन्या शिल्लेबद्ध शुल्क देने की यह राज़ हो सकती है, लेकिन मैं यह सुनता हूँ कि मैं इस जानकारी को बहुत सोच सकता हूँ और बहुत भाव कर सकता हूँ.
699	699	699	Calendar	पंचांग	कैलेंडर
700	700	700	And lo, thy Lord! He is indeed the Mighty, the Merciful.	और निस्संदेह तुम्हारा रब ही है जो बड़ा प्रभुत्वशाली, अत्यन्त दयावान है	और यह, आपके राजा! वे indeed शक्ति प्राप्त कर रहे हैं।
701	701	701	Push me out of the window, why don't you?	मुझे खिड़की से बाहर पुश, तुम क्यों नहीं करते?	मैं किसी को व window से बाहर निकालने दूँगी , क्या तुम किसी को व window से बाहर निकालने दो?
702	702	702	Thanks.	धन्यवाद.	अरे/बेटियाँ।
703	703	703	Is he like unto him who resteth upon an evidence from His Lord, so and there rehearseth it a witness from Him And before it was the Book of Musa, a pattern and a mercy; these believe therein; and whosoever of the sects disbelieveth therein, the Fire is his promised place. Be then thou not in dubitation thereof, verily it is the truth from thy Lord, yet most of the mankind believe not.	फिर क्या वह व्यक्ति जो अपने रब के एक स्पष्ट प्रमाण पर है और स्वयं उसके रूप में भी एक गवाह उसके साथ-साथ रहता है - और इससे पहले मूसा की किताब भी एक मार्गदर्शक और दयालुता के रूप में उपस्थित रही है- (और वह जो प्रकाश एवं मार्गदर्शन से वंचित है, दोनों बराबर हो सकते है) ऐसे ही लोग उसपर ईमान लाते है, किन्तु इन गिरोहों में से जो उसका इनकार करेगा तो उसके लिए जिस जगह का वादा है, वह तो आग है। अतः तुम्हें इसके विषय में कोई सन्देह न हो। यह तुम्हारे रब की ओर से सत्य है, किन्तु अधिकतर लोग मानते नहीं	"एहसस! के के के के के के के के के के के के के के के के के के के के के के के के के के के के के के के के के के के के के के के के के के के के के के के के के के के के के के के के के के के के के के के के के के के के के के के के के के के के के के के के के के के के के के के के के के के के के के के के के के के के के के के के के के के के के के के के के कैवारियाई

के"
704	704	704	"Their greeting on the day they meet Him will be: ""Peace;"" and He has a generous reward ready for them."	जिस दिन उसकी बारगाह में हाज़िर होंगे (उस दिन) उनकी मुरादात (उसकी तरफ से हर क़िस्म की) सलामती होगी और खुदा ने तो उनके वास्ते बहुत अच्छा बदला (बेहश्त) तैयार रखा है	जिस दिन वे मिलेंगे उनमें शांति का भाव होगा और उसे प्राप्त करने वाली व्यक्ति को सौस्थान दिलाया जाएगा।
705	705	705	We recite to you some of the news of Musa (Moses) and Fir'aun (Pharaoh) in truth, for a people who believe (those who believe in this Quran, and in the Oneness of Allah).	हम उन्हें मूसा और फ़िरऔन का कुछ वृत्तान्त ठीक-ठीक सुनाते है, उन लोगों के लिए जो ईमान लाना चाहें	जिस सारी खबरें हमसके मुसा (मिसरी मुसा) और फिराअन (फिरासुद्द हसान) के बारे में हम जाति के लिए कुछ खबरें भी भी भाषित हो सकती हैं।
706	706	706	You'll die man!	मरना है क्या!	जी! तुम मरोगे!
707	707	707	Don't you worry about falling out of this thing?	आप इस बात से बाहर गिरने के बारे में चिंता मत करो?	जिस बात चिंता नहीं है!
708	708	708	"""Place of birth,"	"""जन्म स्थान,"	ब्रिटेन के
709	709	709	Man, you know the dumb-ass wop supposed to be testifying against Reggie.	यार, तुम गूंगा गधा wop रेगी के खिलाफ गवाही होने की चाहिए पता है.	मैन, तुम जानते हैं कि व्हॉप सsupरटी कीजिए कि रेगgie ने किसी को बाधित किया क्या?
710	710	710	He has revealed to you in the Book that when you hear God’s revelations being rejected, or ridiculed, do not sit with them until they engage in some other subject. Otherwise, you would be like them. God will gather the hypocrites and the disbelievers, into Hell, altogether.	(मुसलमानों) हालॉकि ख़ुदा तुम पर अपनी किताब कुरान में ये हुक्म नाज़िल कर चुका है कि जब तुम सुन लो कि ख़ुदा की आयतों से ईन्कार किया जाता है और उससे मसख़रापन किया जाता है तो तुम उन (कुफ्फ़ार) के साथ मत बैठो यहॉ तक कि वह किसी दूसरी बात में ग़ौर करने लगें वरना तुम भी उस वक्त उनके बराबर हो जाओगे उसमें तो शक ही नहीं कि ख़ुदा तमाम मुनाफ़िक़ों और काफ़िरों को (एक न एक दिन) जहन्नुम में जमा ही करेगा	जिस कुछ जानकारी इस संसार के मैदान में हो चुकी है.
711	711	711	[ BUBBLING ]	[बुदबुदाती]	जो भी हो सकता है, उसे भी नहीं किया किया दिखाया दिया हो सकता है, और 10 के बावजूद भी हो सकता है।
712	712	712	What is your GroupWise User ID?	आपका GroupWise उपयोक्ता आईडी क्या है?	आपका ग्रुप विज यUser ID?
713	713	713	Message Header	संदेश शीर्ष	संदेश के हेडर्स
714	714	714	"""Or (why) has not a treasure been granted to him, or why has he not a garden whereof he may eat?"" And the Zalimun (polytheists and wrong-doers, etc.) say: ""You follow none but a man bewitched."""	"या इसकी ओर कोई ख़ज़ाना ही डाल दिया जाता या इसके पास कोई बाग़ होता, जिससे यह खाता।"" और इन ज़ालिमों का कहना है, ""तुम लोग तो बस एक ऐसे व्यक्ति के पीछे चल रहे हो जो जादू का मारा हुआ है!"""	जिसे जिसे (जो किसी भी है) स्वरूपत्व प्राप्त किया है, उसे स्वरूप नहीं प्राप्त किया है, और जिसे जिसे (जो किसी भी है) स्वरूप नहीं प्राप्त किया है, उसे स्वरूप नहीं दिया है।
715	715	715	Go to the next image of the gallery	दीर्घा के अगली छवि पर जाएँ	Next Image of the Gallery
716	716	716	Come on!	चलो!	कोई!
717	717	717	Have you read the help file?	क्या आपने मदद फ़ाइल पढ़ ली है?	मैं नहीं पढ़ हुआ है?
718	718	718	Style	शैलीComment	Source
719	719	719	I'm sorry, I can't remember.	मुझे माफ करना, मैं याद नहीं कर सकता हूँ.	मुझे नहीं कहा चाहूँ?
720	720	720	The IP address as seen by the machine	मशीन द्वारा देखा गया IP पता	म machine देखे वाले आईपीअडस्टिन
721	721	721	- Why not?	-क्यों नहीं हो?	- क्यों नहीं?
722	722	722	He said: My Lord! Give me victory over folk who work corruption.	"उसने कहास ""ऐ मेरे रब! बिगाड़ पैदा करनेवाले लोगों के मुक़ावले में मेरी सहायता कर।"""	जयप्रक्त! मेरे राज! दोस्तों के लोग जो कार्य कर दोष्मित हैं, वे लोग साहित्य के लाभ के लिए मेरे लाभ वाले लोग हैं।
723	723	723	Composer Window default height	कंपोजर विंडो तयशुदा ऊंचाई	default height 12
724	724	724	What happened to Omar?	उमर को क्या हुआ?	ओमर के हाल क्या हुआ?
725	725	725	I'llmakeacall.	-मैं फ़ोन कर दूंगी।	यहाँ कुछ नहीं हो सकते।
726	726	726	The unbelieving assembly of his nation said: 'This is but a human like you, who desires to gain superiority over you. Had Allah willed, He could have sent down angels. We never heard of this among our ancient forefathers.	"इसपर उनकी क़ौम के सरदार, जिन्होंने इनकार किया था, कहने लगे, ""यह तो बस तुम्हीं जैसा एक मनुष्य है। चाहता है कि तुमपर श्रेष्ठता प्राप्त करे।""""अल्लाह यदि चाहता तो फ़रिश्ते उतार देता। यह बात तो हमने अपने अगले बाप-दादा के समयों से सुनी ही नहीं"	जापान के राजाओं ने कहा: यह लोग इसी जैसे हैं जो इतराजो से अलग हो सकते हैं। यदा अल्लाह इमानदार ने कहे, तो इस बात से पूरी तरह सहाय हो सकते थे इस प्रक्रिया के लिए।
727	727	727	"[We said], ""And take in your hand a bunch [of grass] and strike with it and do not break your oath."" Indeed, We found him patient, an excellent servant. Indeed, he was one repeatedly turning back [to Allah]."	"""और अपने हाथ में तिनकों का एक मुट्ठा ले और उससे मार और अपनी क़सम न तोड़।"" निश्चय ही हमने उसे धैर्यवान पाया, क्या ही अच्छा बन्दा! निस्संदेह वह बड़ा ही रुजू रहनेवाला था"	"माफ़ किया गया:
जैसे कहा के, यह सही है।"
728	728	728	My fault, Alan.	हम Bellagio में थे?	मेरी गलती, अलान।
729	729	729	To Him is referred the knowledge of the hour, and there come not forth any of the fruits from their coverings, nor does a female bear, nor does she give birth, but with His knowledge; and on the day when He shall call out to them, Where are (those whom you called) My associates? They shall say: We declare to Thee, none of us is a witness.	"उस घड़ी का ज्ञान अल्लाह की ओर फिरता है। जो फल भी अपने कोषों से निकलते है और जो मादा भी गर्भवती होती है और बच्चा जनती है, अनिवार्यतः उसे इन सबका ज्ञान होता है। जिस दिन वह उन्हें पुकारेगा, ""कहाँ है मेरे साझीदार?"" वे कहेंगे, ""हम तेरे समक्ष खुल्लम-ख़ुल्ला कह चुके है कि हममें से कोई भी इसका गवाह नहीं।"""	नोट: शीर्षक नहीं हो सकता.
730	730	730	We discontinued the name four years ago.	हम चार साल पहले नाम को बंद कर दिया.	अरे हमने चीज़ के लाभ के लिए एक संस्थान का नाम लाया था।
731	731	731	Or do they say, 'He has forged against God a lie?' But if God wills, He will set a seal on thy heart; and God blots out falsehood and verifies the truth by His words; He knows the thoughts within the breasts.	"(क्या वे ईमान नहीं लाएँगे) या उनका कहना है कि ""इस व्यक्ति ने अल्लाह पर मिथ्यारोपण किया है?"" यदि अल्लाह चाहे तो तुम्हारे दिल पर मुहर लगा दे (जिस प्रकार उसने इनकार करनेवालों के दिल पर मुहर लगा दी है) । अल्लाह तो असत्य को मिटा रहा है और सत्य को अपने बोलों से सिद्ध कर रहा है। निश्चय ही वह सीनों तक की बात को भी भली-भाँति जानता है"	जिस व्यक्ति का दावा है कि भगवान की बात है तो उसे भी भाव नहीं होगा कि यह सुन ले सकता कि दिया जा रहे है सुनने वाला है
732	732	732	And recall what time We vouchsafed unto Musa the Book and the distinction that haply ye may be guided.	और (वह वक्त भी याद करो) जब मूसा को (तौरेत) अता की और हक़ और बातिल को जुदा करनेवाला क़ानून (इनायत किया) ताके तुम हिदायत पाओ	यह सुनें कि वे जो वचनसंग्रह में रखे थे, वे और भी उसी समय से चले बिना सही अर्थ के थे।
733	733	733	Have you not regarded that Allah knows whatever there is in the heavens and whatever there is in the earth? There dost not takes place any secret talk among three, but He is their fourth [companion], nor among five but He is their sixth, nor when they are less than that or more but He is with them wherever they may be. Then He will inform them about what they have done on the Day of Resurrection. Indeed Allah has knowledge of all things.	क्या तुमने इसको नहीं देखा कि अल्लाह जानता है जो कुछ आकाशों में है और जो कुछ धरती में है। कभी ऐसा नहीं होता कि तीन आदमियों की गुप्त वार्ता हो और उनके बीच चौथा वह (अल्लाह) न हो। और न पाँच आदमियों की होती है जिसमें छठा वह न होता हो। और न इससे कम की कोई होती है और न इससे अधिक की भी, किन्तु वह उनके साथ होता है, जहाँ कहीं भी वे हो; फिर जो कुछ भी उन्होंने किया होगा क़ियामत के दिन उससे वह उन्हें अवगत करा देगा। निश्चय ही अल्लाह को हर चीज़ का ज्ञान है	"English to Hindi रूप में अनुसार होगा:
जो कुछ हुआ उसे जो हुआ उसे जो हुआ उसे Resurrection का होगा। तथा जो कुछ हुआ उसे उसे जो हुआ उसे जो हुआ उसे Resurrection का होगा।"
734	734	734	I'll take poison.	मैं जहर खाउंगी.	मैं हड्डी लेकर चोट पहूँचें।
735	735	735	Why would I want to live anywhere else?	क्यों मैं कहीं और नहीं जीना चाहता है?	ज़रूर इस जगह से दूसरी जगह से ज़्यादर जगह पसंद होगी और कम जगह नापसंद होगी.
736	736	736	Bad argument	बुरा तर्क	बद आर्ग्योर्टेंट
737	737	737	Absolutely brilliant! Thank God for you, son!	आप के िलए भगवान का शुक्र है, बेटा!	मैं आपको जितनी ज्यादा ज्यादतना हो सकती बात बताई सकती ह! अल्लाह आरर्जी!
738	738	738	That too a 70 year old man	वह भी एक 70 वर्षीय व्यक्ति	अरे और भी 70 वर्षीय लोग
739	739	739	The innitiative is towards creating a repository of work, testimonies, video and photographs to be shared through their site before, during and after the conference.	यह पहल सम्मेलन के दौरान, उससे पूर्व व उसके बाद के किए गए कार्यों, प्रशंसा पत्रों, वीडियो व चित्रों को विविध साइटों के जरिए साझा करने रूप में है.	संस्थागत कार्य का संग्रह होगा जो पहले से ही आयोजित किए जाने वाले साइट पर पोस्ट और संप्र्ट किए जाने वाले सीडियो से शीर्षक संकलन का संचालन होगा जो पहले से ही आयोजित किए जाने वाले साइट पर संप्र्ट किए जाने वाले शीर्षक संकलन का संचालन होगा.
740	740	740	[laughter] woman:	[हंसी] महिला: क्या तुम हर संभव तरीका आज़मा रहे हो?	धन्यवाद।
741	741	741	Display the time column in the main window.	प्रधान विंडो में समय स्तंभ दिखाएँ.	अनुपरिचित जानकारी से नहीं कहा चाहें तो कोई भी विवरण जोड़न, रोकने, या बदलने के कोई कार्य हो सकते हैं।
742	742	742	Take the needle now.	अब सुई ले लो!	अब नेड के पेंसले लें।
743	743	743	These people respect you.	इन लोगों को आप सम्मान करते हैं।	ये लोग से मिले तो आप के प्रति हैं।
744	744	744	- Yes.	- हाँ.	जी हाँ।
745	745	745	Location of installed Qt plugins	संस्थापित क्यूटी प्लगइन्स के स्थान	स्थान của स्थायी प्लट-एट-ऑल्ट-एट पॉ्टल्स
746	746	746	"(Jacob) said, ""I shall not send him with you until you solemnly promise me before God to return him to me unless you are prevented from doing so."" When they gave their promise, he said, ""God is the Witness of what we have said""."	ये जो अबकी दफा लाए थे थोड़ा सा ग़ल्ला है याकूब ने कहा जब तक तुम लोग मेरे सामने खुदा से एहद न कर लोगे कि तुम उसको ज़रुर मुझ तक (सही व सालिम) ले आओगे मगर हाँ जब तुम खुद घिर जाओ तो मजबूरी है वरना मै तुम्हारे साथ हरगिज़ उसको न भेजूंगा फिर जब उन लोगों ने उनके सामने एहद कर लिया तो याक़ूब ने कहा कि हम लोग जो कह रहे हैं ख़ुदा उसका ज़ामिन है	"जेबर का कथन था, ""गोद है witness of what we have said""""."
747	747	747	Like an old lover they forgive, but they will never forget.	वे माफ कर एक पुराने प्रेमी, पसंद है, लेकिन वे कभी नहीं भूल जाएगा.	जैसा कि एक पुरानी प्रेमी वे भूल नहीं सोच सकते, हालांत वे कभी भी नहीं सोच सकते।
748	748	748	O you who have believed, when you [wish to] privately consult the Messenger, present before your consultation a charity. That is better for you and purer. But if you find not [the means] - then indeed, Allah is Forgiving and Merciful.	ऐ ईमान लानेवालो! जब तुम रसूल से अकेले में बात करो तो अपनी गुप्त वार्ता से पहले सदक़ा दो। यह तुम्हारे लिए अच्छा और अधिक पवित्र है। फिर यदि तुम अपने को इसमें असमर्थ पाओ, तो निश्चय ही अल्लाह बड़ा क्षमाशील, अत्यन्त दयावान है	जो लोग ज्ञान के अनुसार विश्वास रखते हैं कि, उन्हें परसंग्रह करने वाले एक प्रिय ग्राहक से परिचय प्राप्त करने वाले कुछ महत्वपूर्ण जानकारी हैं जिनका पालन-मान परिचय प्राप्त करने वाले ग्राहकों को यह जानकारी देने वाले संसाधनों के लाभ प्राप्त करने वाले जानकारिता प्राप्त करने वाले लाभ प्राप्त करने वाले साधनों के लाभ प्राप्त करने वाले जानकारियों से प्राप्त किए ज्यातिरामा के लाभ प्राप्त किए ज्यातिरामा के लाभ प्राप्त किए ज्यातिरामा के लाभ प्राप्त किए ज्यातिरामा के लाभ प्राप्त किए ज्यातिरामा के लाभ प्राप्त किए ज
749	749	749	O mankind! Lo! We have created you male and female, and have made you nations and tribes that ye may know one another. Lo! the noblest of you, in the sight of Allah, is the best in conduct. Lo! Allah is Knower, Aware.	लोगों हमने तो तुम सबको एक मर्द और एक औरत से पैदा किया और हम ही ने तुम्हारे कबीले और बिरादरियाँ बनायीं ताकि एक दूसरे की शिनाख्त करे इसमें शक़ नहीं कि ख़ुदा के नज़दीक तुम सबमें बड़ा इज्ज़तदार वही है जो बड़ा परहेज़गार हो बेशक ख़ुदा बड़ा वाक़िफ़कार ख़बरदार है	जिमेंसी! लो! हमने जो मानव बनाया है, वह मात्रा से है और साप्तवारी में नहीं है।
750	750	750	We shall maintain proper justice on the Day of Judgment. No soul will be wronged the least. For a deed even as small as a mustard seed one will duly be recompensed. We are efficient in maintaining the account.	और हम बज़नी, अच्छे न्यायपूर्ण कामों को क़ियामत के दिन के लिए रख रहे है। फिर किसी व्यक्ति पर कुछ भी ज़ुल्म न होगा, यद्यपि वह (कर्म) राई के दाने के बराबर हो, हम उसे ला उपस्थित करेंगे। और हिसाब करने के लिए हम काफ़ी है	जैसा कि किसी भी चीज़ के लिए भी सहमत है कि हम जितना जोखिम लेते हैं तो हमें उतने भी ज्यादा किस्मति होती है।
751	751	751	Spanish (Honduras)	स्पेनी (होंडुरास)	Today Date: 13 May 2026
752	752	752	We must watch Rahul getting beaten up!	राहुल को पीटते देखने में मजा आएगा !	रहुल को धोखे से धोखा दिया जाता!
753	753	753	Go to the home page	घर पृष्ठ पर जाएँ	"दृश्य:
To the home page"
754	754	754	Certificate problem: %s Issuer: %s	प्रमाणपत्र समस्या: %s निर्गमक: %s	अन्य निर्देशों से अलग: %s प्रदाता: %s
755	755	755	I am not against you.	मैं आप के खिलाफ नहीं हूं.	मैं नहीं Against हूँ तुम्हें।
756	756	756	Would you question your Apostle as Moses was questioned formerly? Whoever changes faith for unfaith certainly strays from the right way.	(ऐ ईमानवालों! तुम अपने रसूल के आदर का ध्यान रखो) या तुम चाहते हो कि अपने रसूल से उसी प्रकार से प्रश्न और बात करो, जिस प्रकार इससे पहले मूसा से बात की गई है? हालाँकि जिस व्यक्ति न ईमान के बदले इनकार की नीति अपनाई, तो वह सीधे रास्ते से भटक गया	ज़रूर नतीजारी और विश्वासापूरक्षता से पूरी तरह से सह
757	757	757	The austerity imposed by Berlin and the European Central Bank, coupled with the straitjacket imposed on national economies through adherence to the common currency, has led many people to think Project Europe has gone too far.	बर्लिन और यूरोपियन सेन्ट्रल बैंक द्वारा लगाए गए कठोर नियमों के साथ ही, समान मुद्रा का अनुपालन करने के माध्यम से राष्ट्रीय अर्थव्यवस्थाओं पर लगाई गई बाधाओं के कारण बहुत लोगों को सोचना पड़ रहा है कि प्रोजेक्ट यूरोप बहुत दूर चला गया है।	इस्तीफ़ार की निगरानी और सिंगल्स फ़र्म के लाभ-निकालन पर विनम्रता और ईमानदारी से कार्य किया जा सकता है।
758	758	758	Ilir...	Llir...	अरबी...
759	759	759	And strive hard in Allah's Cause as you ought to strive (with sincerity and with all your efforts that His Name should be superior). He has chosen you (to convey His Message of Islamic Monotheism to mankind by inviting them to His religion, Islam), and has not laid upon you in religion any hardship, it is the religion of your father Ibrahim (Abraham) (Islamic Monotheism). It is He (Allah) Who has named you Muslims both before and in this (the Quran), that the Messenger (Muhammad SAW) may be a witness over you and you be witnesses over mankind! So perform As-Salat (Iqamat-as-Salat), give Zakat and hold fast to Allah [i.e. have confidence in Allah, and depend upon Him in all your affairs] He is your Maula (Patron, Lord, etc.), what an Excellent Maula (Patron, Lord, etc.) and what an Excellent Helper!	और परस्पर मिलकर जिहाद करो अल्लाह के मार्ग में, जैसा कि जिहाद का हक़ है। उसने तुम्हें चुन लिया है - और धर्म के मामले में तुमपर कोई तंगी और कठिनाई नहीं रखी। तुम्हारे बाप इबराहीम के पंथ को तुम्हारे लिए पसन्द किया। उसने इससे पहले तुम्हारा नाम मुस्लिम (आज्ञाकारी) रखा था और इस ध्येय से - ताकि रसूल तुमपर गवाह हो और तुम लोगों पर गवाह हो। अतः नमाज़ का आयोजन करो और ज़कात दो और अल्लाह को मज़बूती से पकड़े रहो। वही तुम्हारा संरक्षक है। तो क्या ही अच्छा संरक्षक है और क्या ही अच्छा सहायक!	मध्य प्रदेश में हिंदू धर्म के प्रतिनिध्यकारी वाले स्थितिपरक्षिति (प्रोत, राज, etc.) और विशिष्ट संबंध (संबंध, etc.) के लाभ के लिखित रूप में हो सकते हैं।
760	760	760	So does Joy Behar. - We're going up, guys.	कैसे मुक्केबाज़ी कि सवारी अंदर मुझे लगता है इसलिए वे इसे सिन सिटी कहते हैं.	"Translate following English to Hindi text:

So does Joy Behar. - We're going up, guys."
761	761	761	- Well then get in the game.	- तो ठीक खेल में मिलता है.	- तो चलो खेल लिया है।
762	762	762	"and say, ""Exaltations be to our Lord! The promise of our Lord is done.'"	"और कहते है, ""महान और उच्च है हमारा रब! हमारे रब का वादा तो पूरा होकर ही रहता है।"""	अरे, और बताइये कि “अहां! हमने “अहां! हमने “अहां! हमने “अहां! हमने “अहां! हमने “अहां!
763	763	763	O O Ye who believe! prescribed unto you is retaliation for the slain; the free for the free, and a bondsman for a bondsman, and a woman for a woman; yet unto whomsoever is pardoned aught by his brother, then a serving with lenity and payments with kindness. That is an alleviation from your Lord and a mercy so whosoever shall transgress thereafter, for him there shall be a torment afflictive.	ऐ मोमिनों जो लोग (नाहक़) मार डाले जाएँ उनके बदले में तुम को जान के बदले जान लेने का हुक्म दिया जाता है आज़ाद के बदले आज़ाद और ग़ुलाम के बदले ग़ुलाम और औरत के बदले औरत पस जिस (क़ातिल) को उसके ईमानी भाई तालिबे केसास की तरफ से कुछ माफ़ कर दिया जाये तो उसे भी उसके क़दम ब क़दम नेकी करना और ख़ुश मआमलती से (ख़ून बहा) अदा कर देना चाहिए ये तुम्हारे परवरदिगार की तरफ आसानी और मेहरबानी है फिर उसके बाद जो ज्यादती करे तो उस के लिए दर्दनाक अज़ाब है	देखो!
764	764	764	Yeah, I could break this glass and use it as a cutting edge.	हाँ, मैं इस कांच तोड़ने और एक अत्याधुनिक के रूप में यह इस्तेमाल कर सकते हैं.	जी हाँ, मैं ने यह सिल्क का सिल्क का सिल्क के सामान्य तौर पर स्थापित किया है।
765	765	765	I had an MRI once and the nurse talked me through the whole thing, so do you mind doing that?	मैं एक एमआरआई एक बार किया था और नर्स ने मुझे पूरी बात के माध्यम से बात की, तो आप ऐसा कर बुरा नहीं?	No, you don't mind doing that?
766	766	766	Abraham enjoined this [creed] upon his children, and [so did] Jacob, [saying], ‘My children! Allah has indeed chosen this religion for you; so do not die except as those who have surrendered themselves [to Allah].	"और इसी की वसीयत इबराहीम ने अपने बेटों को की और याक़ूब ने भी (अपनी सन्तानों को की) कि, ""ऐ मेरे बेटों! अल्लाह ने तुम्हारे लिए यही दीन (धर्म) चुना है, तो इस्लाम (ईश-आज्ञापालन) को अतिरिक्त किसी और दशा में तुम्हारी मृत्यु न हो।"""	जेम्मा ने यह कह कर लिखा है, 'मेरे! अल्लाह ने यहाँ यह religion लिख कर दिया है; thus do not die until as those who have surrendered themselves [to Allah].'
767	767	767	Look. You look like you've had a really rough day.	सुनो, ऐसा लगता है कि आप दिन मुश्किल भरा था.	ज़रूर। तुम तो काफी दिख रही हो।
768	768	768	In most cases, the process will slow down or stall -- something a pediatrician can monitor closely.	अधिकांश मामलों में यह प्रक्रिया धीमी हो जाएगी अथवा रुक जाएगी - जिसका बाल चिकित्सक नज़दीक से निरीक्षण कर सकते हैं।	ज़्यूरिलिस्मस में होने के लाभ और जोखिम के बारे में बात यह रही कि यह जानकारी सुनी गई थी.
769	769	769	This key should contain a list of XML structures specifying custom headers, and whether they are to be displayed. The format of the XML structure is &lt;header enabledgt; - set enabled if the header is to be displayed in the mail view.	कुंजी को मनपसंद शीर्षिका निर्दिष्ट करने वाली XML संरचना को समाहित करनी चाहिए, और क्या उसे निष्क्रिय किया जाना है. XML संरचना का प्रारूप &lt;header enabledgt; है - सक्रिय के रूप में सेट करें अगर हेजर को डाक दृश्य में दिखाया जाना है.	"बात किया ज सकता है:
- प्राथमिक किया ज सकता है यदि पूर्ण संस्थान में प्राथमिक संस्थान से प्राथमिक मेल-ऑन कार्य किया ज सकता है।"
770	770	770	Self-control is a lover I've known too long, Ptolemy.	मैं भी लंबे समय से जाना जाता है आत्म नियंत्रण टॉलेमी, एक प्रेमी है.	जिस्म से है उससे भी विवाह से है। प्लौरेमी के पास में हुआ विवाह से है।
771	771	771	- ( Gasps )	- (हांफते हुए)	यह जाँचें कि जापान में कौन सा होता है, (शप्ति की ध्यानतिरिकी)
772	772	772	After the war, the French political elite saw the EU as a vehicle to keep Germany in check, and to give Paris equal billing in the world with Washington.	यूद्ध के पश्चात फ्रांस के शीर्ष राजनीतिज्ञों ने ई.यू. को जर्मनी को नियंत्रित रखने, तथा पेरिस को दुनिया में वांशिगटन के बराबर बिलिंग प्रदान करने के उपाय के रूप में देखा था।	पूरी संसार के बाद युद्ध के बाद फ्रांस के राजनीतिक नेता ने यूरोप के राजकुल में फ्रांस के राजकुल में फ्रांस के राजकुल में फ्रांस के राजकुल में फ्रांस के राजकुल में फ्रांस के राजकुल में फ्रांस के राजकुल में फ्रांस के राजकुल में फ्रांस के राजकुल में फ्रांस के राजकुल में फ्रांस के राजकुल में फ्रांस के राजकुल में फ्रांस के राजकुल में फ्रांस के राजकुल में फ्रांस के राजकुल में फ्रांस के राजकुल में फ्रांस के राजकुल में फ्रांस के राजकुल में फ्रांस के राजक
773	773	773	Display Images on Page	पृष्ठ पर छवि दिखाएँ	पृष्ठ में इमेज डाइज़़़़़़़़़़़़（दददद्）
774	774	774	© P@rM! NdeR M@nkÖÖ ™	©@ पीआर एम nderएम@ NKOहे	अरे!
775	775	775	Selected file name in the file manager plugin	चयनित फ़ाइल नाम इंच फ़ाइल प्लगइन	फाइल मैनेजर प्लॉड से चosen है
776	776	776	And We have not sent before you but men from (among) the people of the towns, to whom We sent revelations. Have they not then travelled in the land and seen what was the end of those before them? And certainly the abode of the hereafter is best for those who guard (against evil); do you not then understand?	तुमसे पहले भी हमने जिनको रसूल बनाकर भेजा, वे सब बस्तियों के रहनेवाले पुरुष ही थे। हम उनकी ओर प्रकाशना करते रहे - फिर क्या वे धरती में चले-फिरे नहीं कि देखते कि उनका कैसा परिणाम हुआ, जो उनसे पहले गुज़रे है? निश्चय ही आख़िरत का घर ही डर रखनेवालों के लिए सर्वोत्तम है। तो क्या तुम समझते नहीं? -	Yes.
777	777	777	Your names	रविशंकर श्रीवास्तव, जी. करूणाकरEMAIL OF TRANSLATORS	यरसी
778	778	778	Writing leadout	लीडआउट लिख रहा है	बोलने के लिए लिख सकते हैं।
779	779	779	Pelle...	पेले...	पेल...
780	780	780	Alai!	अलाई!	अरे!
781	781	781	We could just float.	हम सिर्फ नाव सकता है.	जैसे कि कोई नहीं।
782	782	782	Nordic	नोर्डिक	I cannot add, remove, or change any information.
783	783	783	You're crazy to spend so much !	तुम पागल हो जो इतना खर्च कर रहे हो !	आप सो much सpendिंह है !
784	784	784	Stop!	रुको!	कृपयोग्यता: यह जानकारी के लिए तो काम नहीं है कि यह पाठ का संक्षल प्रयोग होयगा।
785	785	785	THAT'S THE LAST TIME I WANNA HEAR YOU SAY MY NAME.	कि पिछली बार मैं तुम्हें मेरा नाम कहते सुना है.	मैं नहीं कह सकता कि मैं अभी तक यहाँ नहीं कह सकता कि मैं अभी तक मैं नहीं कह सकता कि मैं अभी तक मैं नहीं कह सकता कि मैं अभी तक मैं नहीं कह सकता कि मैं अभी तक मैं नहीं कह सकता कि मैं अभी तक मैं नहीं कह सकता कि मैं अभी तक मैं नहीं कह सकता कि मैं अभी तक मैं नहीं कह सकता कि मैं अभी तक मैं नहीं कह सकता कि मैं अभी तक मैं नहीं कह सकता कि मैं अभी तक मैं नहीं कह सकता कि मैं अभी तक मैं नहीं कह सकता कि मैं अभी तक मैं नहीं कह सकता कि मैं अभी तक मैं नहीं कह सकता कि मैं अभी तक मैं नहीं कह सकता कि मैं अभी तक मैं नहीं कह सकता कि मैं अभी तक मैं नहीं कह सकता कि मैं अभी तक मैं नहीं
786	786	786	O you who believe, save yourselves and your families from the Fire whose fuel is men and rocks, over which are appointed angels stern and severe as wardens who never disobey what God commands them, and do what they are commanded;	ऐ ईमान लानेवालो! अपने आपको और अपने घरवालों को उस आग से बचाओ जिसका ईधन मनुष्य और पत्थर होंगे, जिसपर कठोर स्वभाव के ऐसे बलशाली फ़रिश्ते नियुक्त होंगे जो अल्लाह की अवज्ञा उसमें नहीं करेंगे जो आदेश भी वह उन्हें देगा, और वे वही करेंगे जिसका उन्हें आदेश दिया जाएगा	जो लोग विश्वास रखते हैं, उसे अपने जीवन से दूर रखना और उस ज्ञन के द्वारे उसे बताने के लाभ हैं।
787	787	787	You might have enjoyed it.	आप में बहुत मज़ा आया हो सकता है.	जिस कुछ लोगों ने भी इसे लिखा था, उसे भी इस प्रकार से सम्मान दिया जा सकता हूँ.
788	788	788	We did not teach him (Muhammad) poetry, nor was he supposed to be a poet. It is only the word (of God) and the illustrious Quran	और हमने न उस (पैग़म्बर) को शेर की तालीम दी है और न शायरी उसकी शान के लायक़ है ये (किताब) तो बस (निरी) नसीहत और साफ-साफ कुरान है	चेतना ने नहीं सिखाया कि पoesी नहीं कीी लेकिन संक्षेत्र के पात्र के बीच में स्थापित होती है।
789	789	789	Let's try the first floor.	चलो पहली मंजिल पर कोशिश करें.	पहली स्तर पर चलें
790	790	790	Autosave failed for %s	स्वतः सहेजें असफल के लिए से.	कृपयोग्यता: %s का autosave कैसे किया गया ?
791	791	791	- We've tried everything.	- हम सब कुछ कोशिश की है।	अरे हमने सब कुछ कहा.
792	792	792	"And when they are told, ""Believe as other people have believed,"" they say, ""Are we to believe just as fools believe?"" Surely they are the fools, even though they do not realize it."	और जब उनसे कहा जाता है कि जिस तरह और लोग ईमान लाए हैं तुम भी ईमान लाओ तो कहते हैं क्या हम भी उसी तरह ईमान लाएँ जिस तरह और बेवकूफ़ लोग ईमान लाएँ, ख़बरदार हो जाओ लोग बेवक़ूफ़ हैं लेकिन नहीं जानते	"जो भी कहते ""बिल्ली के पागले सोचें"", वे कहते ""बिल्ली के पागले सोचकर, हाँ विल्ली के पागले सोचें""।"
793	793	793	Give me my gold! Hey!	इस तरह के एक भीड़ में हो मत करो!	गोएल ले! हे!
794	794	794	I'll ... - Kill him.	- उसे मार डालुंगा.	जी... किल हुआ.
795	795	795	You're really tense.	तुम परेशान हो.	तबक्यों का तंत्र बहुत ज्यादा तनावग्रस्त है।
796	796	796	[They say,] ‘Our Lord! Do not make our hearts swerve after You have guided us, and bestow Your mercy on us. Indeed, You are the All-munificent.	(और दुआ करते हैं) ऐ हमारे पालने वाले हमारे दिल को हिदायत करने के बाद डॉवाडोल न कर और अपनी बारगाह से हमें रहमत अता फ़रमा इसमें तो शक ही नहीं कि तू बड़ा देने वाला है	मूल्यार्थी, आप हमें निर्देश दे चुके आप भी हमारे दिल से प्रेम हैं।
797	797	797	We commanded him, “Journey with My bondmen in a part of the night – you will be pursued.”	तो ख़ुदा ने हुक्म दिया कि तुम मेरे बन्दों (बनी इसराईल) को रातों रात लेकर चले जाओ और तुम्हारा पीछा भी ज़रूर किया जाएगा	जिस व्यक्ति को हमने “मेरे साथ मेरे बंधु के पास एक कोने की रात - पूरी रात आपका पीछे आपका पीछे पursuit किया जाएगा।
798	798	798	You're not leaving me!	तुम मुझे नहीं जा रहे हैं!	आप नहीं रह रहे!
799	799	799	I know.	मुझे पता है।	जानता हूँ।
800	800	800	Assistant	सहायक	बात
801	801	801	They said: 'O Hud! You have not brought to us any clear evidence, and we are not going to forsake our gods merely because you say so. We are not going to believe you.	वह लोग कहने लगे ऐ हूद तुम हमारे पास कोई दलील लेकर तो आए नहीं और तुम्हारे कहने से अपने ख़ुदाओं को तो छोड़ने वाले नहीं और न हम तुम पर ईमान लाने वाले हैं	English to Hindi के लिए यह स्पष्ट रूप से बताया गया है।
802	802	802	"Those who have said that the Messiah, son of Mary, is God, have, in fact, committed themselves to disbelief. (Muhammad), ask them, ""Who can prevent God from destroying the Messiah, his mother and all that is in the earth?"" To God belongs all that is in the heavens, the earth, and all that is between them. God creates whatever He wants and He has power over all things."	"निश्चय ही उन लोगों ने इनकार किया, जिन्होंने कहा, ""अल्लाह तो वही मरयम का बेटा मसीह है।"" कहो, ""अल्लाह के आगे किसका कुछ बस चल सकता है, यदि वह मरयम का पुत्र मसीह को और उसकी माँ (मरयम) को और समस्त धरतीवालो को विनष्ट करना चाहे? और अल्लाह ही के लिए है बादशाही आकाशों और धरती की ओर जो कुछ उनके मध्य है उसकी भी। वह जो चाहता है पैदा करता है। और अल्लाह को हर चीज़ की सामर्थ्य प्राप्त है।"""	नोट, जिसने कहा है कि मॉरी के माता-पुता-जैसे व्यक्त हो सकते हैं, वे कहते हैं कि मुकाबल प्राप्त करने वाले व्यक्ति पवित प्राप्त होते हैं, और यह कहत है कि मॉरी के माता-पुता-जैसे व्यक्त हो सकते हैं।
803	803	803	shall be gathered to the appointed time of a known day.	एक नियत समय पर इकट्ठे कर दिए जाएँगे, जिसका दिन ज्ञात और नियत है	जिस समय के लिए जो निर्धारित समय है, वह होगा।
804	804	804	Install module	माड्यूल संस्थापित करें	मोड्युलर को इंस्टॉल करने से पहले
805	805	805	What if a child dreamed become other than what society intended he wonder... and what if a child spotted to something greater.	एक बच्चे के अलावा अन्य बन सपना देखा क्या अगर क्या समाज उन्होंने आश्चर्य इरादा ... एक बच्चे को देखा और क्या अगर अधिक से अधिक कुछ है.	अरे, क्या चिल्ड को डर्म बecome दूसरी नहीं...और क्या सोशलिटी इंटेंट he wonder...and what if a child spotted to something greater.
806	806	806	_Yes, Change Status	नहीं, स्थिति बदलें	Yes, Status होगा
807	807	807	Thanks.	- धन्यवाद.	अरे/बेटियाँ।
808	808	808	My folks are in Palm Springs.	मेरे लोगों पाम स्प्रिंग्स में हैं.	पalm स्प्रिंग में मेरी परिवार हैं।
809	809	809	Coolant venting. Co2 purge.	कूलेंट निकाल.	कूलएंट वेफ्टिं. की.ओ.2 पुर्ज़.
810	810	810	Calibration complete.	कैलिब्रेशन पूरा करें.	कैलिब्रेशन पूरी की गई.
811	811	811	What would God do with chastising you if you are thankful, and believe? God is All-thankful, All-knowing.	अगर तुमने ख़ुदा का शुक्र किया और उसपर ईमान लाए तो ख़ुदा तुम पर अज़ाब करके क्या करेगा बल्कि ख़ुदा तो (ख़ुद शुक्र करने वालों का) क़दरदॉ और वाक़िफ़कार है	जिसे चार्जिंग तुम्हें if तुम्हारा सुक्षता, सभ के जानकारी से पूरी होगी।
812	812	812	I've painted one each year for twenty years.	मैं पिछले 20 साल से हर साल बना रहा हूँ।	मैं हर साल एक एक हूँ।
813	813	813	Excepting any who may have done wrong and thereafter changeth evil for good then verily I am Forgiving, Merciful.	(मुतमइन हो जाते है) मगर जो शख्स गुनाह करे फिर गुनाह के बाद उसे नेकी (तौबा) से बदल दे तो अलबत्ता बड़ा बख्शने वाला मेहरबान हूँ	अन्य जिन जो गलत किया है, तथा फिर बदल दिए हुए दुश्मन के निमय के कार्य के प्रत्यय के प्रत्यय के प्रत्यय के प्रत्यय के प्रत्यय के प्रत्यय के प्रत्यय के प्रत्यय के प्रत्यय के प्रत्यय के प्रत्यय के प्रत्यय के प्रत्यय के प्रत्यय के प्रत्यय के प्रत्यय के प्रत्यय के प्रत्यय के प्रत्यय के प्रत्यय के प्रत्यय के प्रत्यय के प्रत्यय के प्रत्यय के प्रत्यय के प्रत्यय के प्रत्यय के प्रत्यय के प्रत्यय के प्रत्यय के प्रत्यय के प्रत्यय के प्रत्यय के प्रत्यय के प्रत्यय के प्रत्यय के प्रत्य
814	814	814	Science	विज्ञान	ज्ञान
815	815	815	- Quick as we fucking can.	जल्दी, हम कमबख्त कुछ शुरू कर सकें।	मैं किसी भी तरह का हो सकता हूँ।
816	816	816	Dude, you really don't want to start comparing stinks.	तुलना करने के लिए ~ शुरू मत करो.	जी हाँ, जो कुछ भी कहे तो लोगों को भी ऐसी बातें बताने की क्रिया हो सकती है।
817	817	817	But those for whom a good reward had been fore-ordained by Us, will be far removed from it,	ज़बान अलबत्ता जिन लोगों के वास्ते हमारी तरफ से पहले ही भलाई (तक़दीर में लिखी जा चुकी) वह लोग दोज़ख़ से दूर ही दूर रखे जाएँगे	"जो लाभ के लिए जो जो,
जो जो के लाभ के लिखित होते हैं, वे सभी लाभ से व्यायात कर लिये होते हैं"
818	818	818	For them are everlasting Gardens of Eden, beneath which rivers flow – in it they will be given bracelets of gold to adorn, and shall wear green clothes made of fine silk and gold embroidery, reclining upon thrones in it; what an excellent reward; and what an excellent abode is Paradise!	ऐसे ही लोगों के लिए सदाबहार बाग़ है। उनके नीचे नहरें बह रही होंगी। वहाँ उन्हें सोने के कंगन पहनाए जाएँगे और वे हरे पतले और गाढ़े रेशमी कपड़े पहनेंगे और ऊँचे तख़्तों पर तकिया लगाए होंगे। क्या ही अच्छा बदला है और क्या ही अच्छा विश्रामस्थल!	जो लोगों के लिए जीवंत गृह परिष्ठ है, सारे पृथ्वी के पठार, विमर्ष, शुद्ध, सौसंग, आदि होते हैं।
819	819	819	I feel like doing the same thing sometimes.	मैं कभी कभी ही बात कर की तरह लग रहा है.	मैं ऐसी हो सकती हूँ कभी कभार।
820	820	820	St_op Animation	संजीवन रोकें (_o)	मूल्याँे को सही साहित्य से बदल नहीं किये सकते
821	821	821	Unrecognized desktop file Version '%s'	अपरिचित डेस्कटॉप फ़ाइल संस्करण '%s'	"जाना:
जिसे जाना चाहे:
विरोधी:
किसी भी जानकारी को जाना या जाने के लिए प्रोत्सुकी"
822	822	822	Hey, baby, what are you doing?	अरे, जानेमन, क्या कर रही हो?	बेटी, क्या तुम कुछ करना चाहती है?
823	823	823	Thanks for finding me a home.	मुझे एक घर ढूँढने के लिए धन्यवाद।	मुझे खाने का घर.
824	824	824	How did fall down?	कैसे गिरा ये?	फॉल्ल्टू डाउन?
825	825	825	There are many idols in the hall.	वहाँ हॉल में कई मूर्तियां हैं।	हॉल में कई देवताएँ हैं।
826	826	826	When he inhaled Speed weren't you the one who didn't notice him?	जब वह गति से साँस ... ... आप एक है जो उसे नोटिस नहीं किया था नहीं थे?	जैसे ही वे नाकाजी नहीं किए? नाकाजी वाले वे क्या नहीं हैं?
827	827	827	You mean he's doing it deliberately?	आप वह जान - बूझकर यह कर रहा है मतलब है?	जिस व्यक्ति का काम व्यवहार में रचनात्मक रूप से किया जाता है उस व्यक्ति का काम व्यवहार में रचनात्मक रूप से किया जाता है ?
828	828	828	That's the price of admission life hurts.	इससे तुम्हारा कोई संबंध नहीं है.	जी हाँ, यह सारी जानकारी का संकेत है कि लाइफ़ हुर्मते हैं।
829	829	829	Whoever does that, out of hostility and wrongdoing, We will cast him into a Fire. And that would be easy for God.	और जो कोई ज़ुल्म और ज़्यादती से ऐसा करेगा, तो उसे हम जल्द ही आग में झोंक देंगे, और यह अल्लाह के लिए सरल है	जिस कोई ऐसा कुछ कर रहा और हाने, गलत करने वाले हो तो हम उस को फायर में डालेंगे और यह आसान हो जाएगा कि डोनो ऐसे, हटा दें; और किसी जानकारी को न हटे दें.
830	830	830	Feed them, nurture them but still, they can turn on you.	उन्हें खिलाना, उन्हें पोषण... ... लेकिन फिर भी, वे आप पर बारी कर सकते हैं.	जिस्म के लोगों को भोजन दिया जाता है, वे पोषित होते हैं और फिर वे कैसे व्यवहार करते हैं?
831	831	831	Valid until:	तब तक वैध:	अर्जित नहीं
832	832	832	Love desire its 4 centuries old unfulfilled desire.	कामाग्नि इच्छा... ...ये 4 शताब्दियों पुरानी इच्छा है. लगभग 400 साल पहले...	जिस्म की 4 शताब्दियाँ पूरी नहीं गईं।
833	833	833	It is almost totally done.	यह लगभग पूरी तरह से किया जाता है.	अरे भी पूरी कामयात्री की स्थिति ठीक हो चुकी है।
834	834	834	Password:	पासवर्ड:	"मैसेज:
जानकारी:
जो जानकारी इस प्रकाशन के माध्यम से प्राप्त होती है, उसे इस प्रकाशन में शामिल नहीं किये जाते हैं।"
835	835	835	Your emails	raviratlami@ aol. in	आपके ईमेल
836	836	836	I'm gonna leak the photos of your body to the press.	मैं प्रेस करने के लिए अपने शरीर की तस्वीरें रिसाव वाला हूँ.	मैं आपकी photos को से मीडिया तक रिपोर्ट करने की कोशिश करूँगी।
837	837	837	Look at her features.	अपनी सुविधाओं को देखो.	"लिखने के विषय:
उन्हें देख कर देखकर सही।"
838	838	838	Thus He revealed Unto His bondman whatsoever He revealed.	ख़ुदा ने अपने बन्दे की तरफ जो 'वही' भेजी सो भेजी	यह सुनाया है कि हुआ संकेत को संबंधी मानचित्र में संकेत दिया गया था।
839	839	839	Writing leadin	लीडइन लिखा जा रहा है	अर्जन के जाने
840	840	840	Do they not see that Allah, who created the heavens and the earth and [who] was not exhausted by their creation, is able to revive the dead? Yes, indeed He has power over all things.	क्या उन्होंने देखा नहीं कि जिस अल्लाह ने आकाशों और धरती को पैदा किया और उनके पैदा करने से थका नहीं; क्या ऐसा नहीं कि वह मुर्दों को जीवित कर दे? क्यों नहीं, निश्चय ही उसे हर चीज़ की सामर्थ्य प्राप्त है	जिस्म के जीवित प्राणी के पल्लव के पल्लव के बीच परिसर्णित होते हैं जीवित प्राणी होती है तो पल्लव के पल्लव के बीच परिसर्णित होते हैं जीवित प्राणी होती है तो पल्लव के पल्लव के बीच परिसर्णित होते हैं
841	841	841	Those to whom We have given the Scripture recognize it as they recognize their [own] sons. Those who will lose themselves [in the Hereafter] do not believe.	मै तो उनसे बेज़र हूँ जिन लोगों को हमने किताब अता फरमाई है (यहूद व नसारा) वह तो जिस तरह अपने बाल बच्चों को पहचानते है उसी तरह उस नबी (मोहम्मद) को भी पहचानते हैं (मगर) जिन लोगों ने अपना आप नुक़सान किया वह तो (किसी तरह) ईमान न लाएंगें	जो लोग ईसा धर्म के लिखे गए संकेत को अपने परिवार के बीच में रखते हुए समझें और अपने बच्चों के साथ खुशी से बैठें.
842	842	842	- CASE: Nothing good.	कुछ भी अच्छा नहीं होगा.	यह सही नहीं है।
843	843	843	I like it clean.	मुझे सफाई पसंद है.	मुझे ज्यादा पसंद है।
844	844	844	(%s) requires a single bool result	(%s) के लिए एकल बूल परिणाम जरूरी है	(%s) का ज़रवाँ result के लिए अलग होता है
845	845	845	Fitzpatrick's photography class was soon exploring all the classical poses, naughty school girl, sexy tennis player, slutty nurse.	फिट्ज़पैट्रिक की फोटोग्राफ़ी कक्षा जल्दी खोज रही थी... सभी क्लासिक ढंग को, नटखट स्कूल जाने वाली लड़की... कामुक टेनिस खिलाड़ी, गंदी नर्स।	फिट्ज़रिक्स की फोटोग्राफी क्लास soon ऑस्ट्रेलिया में शिक्षित होती वयस्ट खेलकारी होती थीं।
846	846	846	Navarathiri is the theme for the monthly Indian food-blog event Jihva for Ingredients (JFI).	जिव्हा फ़ॉर इनग्रेडिएंट (जेएफआई) मासिक भारतीय पकवान-ब्लॉग के लिए वर्तमान थीम नवरात्रि है.	जीफ़ जावे (जी.फ.) के theme (जी.फ..) Navarathiri is the theme for the monthly Indian food-blog event Jihva for Ingredients (JFI).
847	847	847	Wherefore admonish thou; admonition hath surely profited,	तो जहाँ तक समझाना मुफ़ीद हो समझते रहो	जो कि संकेत दे रहे हैं, संकेत ने सौस्थ्य हासित है
848	848	848	Location:	स्थान:	जो स्थान के बारे में है, वह है।
849	849	849	We have revealed to you as We revealed to Noah and to the Prophets after him, and We revealed to (Prophets) Abraham, Ishmael, Isaac, Jacob and the tribes, Jesus, Job, Jonah, Aaron, and Solomon, and We gave to David the Psalms.	हमने तुम्हारी ओर उसी प्रकार वह्यड की है जिस प्रकार नूह और उसके बाद के नबियों की ओर वह्यु की। और हमने इबराहीम, इसमाईल, इसहाक़ और याक़ूब और उसकी सन्तान और ईसा और अय्यूब और यूनुस और हारून और सुलैमान की ओर भी वह्यक की। और हमने दाउद को ज़बूर प्रदान किया	जिस विषय पर हमने जिस विषय पर जानकारी दी है, उस विषय पर हम जिस जानकारी दी है, उसे हम जिस जानकारी दिया है, उसे हम जिस जानकारी दिया है, उसे हम जिस जानकारी दिया है, उसे हम जिस जानकारी दिया है, उसे हम जिस जानकारी दिया है, उसे हम जिस जानकारी दिया है, उसे हम जिस जानकारी दिया है, उसे हम जिस जानकारी दिया है, उसे हम जिस जानकारी दिया है, उसे हम जिस जानकारी दिया है, उसे हम जिस जानकारी दिया है, उसे हम जिस जानकारी दिया है, उसे हम जिस जानकारी दिया है, उसे हम जिस जानकारी दिया है, उसे हम जिस जानकारी दिया है, उसे हम जिस जानकारी द
850	850	850	I thought you wanted to be a pilot.	मैं आप एक पायलट बनना चाहता था.	मुझे लग रहा कि आपको यात्रा करना पसंद है।
851	851	851	unnamed	बेनाम	
852	852	852	But I've no need of mighty deeds	पर ज़रूरत नहीं तुम्हारे शौर्य की मुझे	However, I have no need of mighty deeds
853	853	853	Forward message	अग्रेषित संदेश	कृपयोग्यता:
854	854	854	It is Yonékichi the village the other side that gives you the salt.	पड़ोसी गांव के 'योनेकिची' ने मुझे यहां भेजा है.	जिसे योनेकिची गांव गिवs योनेकिची वाले हैं।
855	855	855	If you guys want to die, then I will shoot you.	तुम लोगों को मरने के लिए चाहते हैं, तो मैं तुम्हें गोली मार देंगे।	बिलीज़ की रात होगी, तुम्हें मुझे भी चुकतापूर्ण होगी |
856	856	856	They denied him, but We delivered him, and those with him in the ship, and We made them generations replacing one after another, while We drowned those who belied Our Ayat (proofs, evidences, lessons, signs, revelations, etc.). Then see what was the end of those who were warned.	उस पर भी उन लोगों ने उनको झुठलाया तो हमने उनको और जो लोग उनके साथ कश्ती में (सवार) थे (उनको) नजात दी और उनको (अगलों का) जानशीन बनाया और जिन लोगों ने हमारी आयतों को झुठलाया था उनको डुबो मारा	दिए है कि वे लोगों से कहा गया था लेकिन वे वचनों का पालन नहीं करते थे।
857	857	857	Get those numbers!	उन लोगों की संख्या प्राप्त करें!	जो संख्याओं को बदल दें!
858	858	858	Now, get in here and enjoy yourselves.	अब, यहाँ में पाने के लिए और अपने आप को आनंद.	अब, ले कर इन्हें और मज़ेतरी से पिया करें।
859	859	859	the one hour Swedish for $95.	एक घंटे का स्वीडिश, $95 में.	$95 के स्वीडिश में एक स्पेनिश क्लास की प्राप्ति 1 है हैSwedish for $95.
860	860	860	Wait, Mr. Chakrabarti.	रुको, श्री चक्रवर्ती	पड़ी, मर चौकsy!
861	861	861	_Restore Default	तयशुदा का उपयोग करें (_R)	"Iden:
_Ripublikka ka vichar karta hai."
862	862	862	scroll bar	स्क्रॉल पट्टी	रीड़स्टार्ट
863	863	863	Say: 'Come, I will recite to you what your Lord forbids you; that you shall associate anything with Him; that you shall be good to your parents, that you shall not kill your children because of poverty, We provide for you and for them, that you shall not commit foul deeds whether openly or in secret, and that you shall not kill the soul that Allah has forbidden except by right. With such Allah charges you, in order that you understand.	(ऐ रसूल) तुम उनसे कहो कि (बेबस) आओ जो चीज़ें ख़ुदा ने तुम पर हराम की हैं वह मैं तुम्हें पढ़ कर सुनाऊँ (वह) यह कि किसी चीज़ को ख़ुदा का शरीक़ न बनाओ और माँ बाप के साथ नेक सुलूक़ करो और मुफ़लिसी के ख़ौफ से अपनी औलाद को मार न डालना (क्योंकि) उनको और तुमको रिज़क देने वाले तो हम हैं और बदकारियों के क़रीब भी न जाओ ख्वाह (चाहे) वह ज़ाहिर हो या पोशीदा और किसी जान वाले को जिस के क़त्ल को ख़ुदा ने हराम किया है न मार डालना मगर (किसी) हक़ के ऐवज़ में वह बातें हैं जिनका ख़ुदा ने तुम्हें हुक्म दिया है ताकि तुम लोग समझो और यतीम के माल के करीब भी न जाओ	यह कहन के वादा है कि यह जानकारी किस निरूपण के लिए दी गई है, कि उसे समझाया ज सके कि इस जानकारी के माध्यम से किस निरूपण के लिए वादा किया गया है कि उसे समझाया ज सके कि इस जानकारी के माध्यम से किस निरूपण के लिए वादा किया गया है कि उसे समझाया ज सके कि इस जानकारी के माध्यम से किस निरूपण के लिए वादा किया गया है कि उसे समझाया ज सके कि इस जानकारी के माध्यम से किस निरूपण के लिए वादा किया गया है कि उसे समझाया ज सके कि इस जानकारी के माध्यम से किस निरूपण के लिए वादा किया गया है कि उसे समझ
864	864	864	L.N. Mittal, Sachin Tendulkar, and Bollywood actors Anil Kapoor, Aamir Khan and A.R. Rahman has already arrived in Jodhpur on Thursday evening.	एल.एन.मित्तल, सचिन तेंदुलकर, फिल्म अभिनेता अनिल कपूर, आमिर खान, ए.आर.रहमान गुरुवार शाम ही जोधपुर पहुंचे गए।	जोधपुर में जारी होने वाले डॉक्टर एल.एन. मिटाली, साचिन तेंदुलकर, और बॉलीवुड अभिव्यक्ति अनिल कैपर, एामीर खान और ए.आर. रामण का आगमन कालेंटिन वाले सारी के लिए सुरक्षित महस्या होगी।
865	865	865	Font	फ़ॉन्ट	कमल के साथ
866	866	866	Timed out trying to get lock file on %s. Try again later.	%s पर लॉक फाइल पाने के लिये कोशिश में समय समाप्त. फिर कोशिश करें.	%s को लॉक फ़ायल के बारे में समझाना. किसी के %s को लॉक फ़ायल के बारे में समझाना.
867	867	867	Font	फ़ॉन्ट	कमल के साथ
868	868	868	Yahoo! I_D:	Yahoo! I_D:	रिड:इयार!
869	869	869	And he who does not find a slave (to free), shall fast for two months consecutively before they may touch each other; and he who is unable to do so shall feed sixty needy people. All this is in order that you may truly believe in Allah and His Messenger. These are the bounds set by Allah; and a grievous chastisement awaits the unbelievers.	फिर जिसको ग़ुलाम न मिले तो दोनों की मुक़ारबत के क़ब्ल दो महीने के पै दर पै रोज़े रखें और जिसको इसकी भी क़ुदरत न हो साठ मोहताजों को खाना खिलाना फर्ज़ है ये (हुक्म इसलिए है) ताकि तुम ख़ुदा और उसके रसूल की (पैरवी) तसदीक़ करो और ये ख़ुदा की मुक़र्रर हदें हैं और काफ़िरों के लिए दर्दनाक अज़ाब है	अरे वे लोग जो नहीं सोचते कि है वैस ही है।
870	870	870	I know why you put it on.	आप उस पर डाल क्यों मुझे पता है.	मैं जानता हूँ आप इसे क्यों लगाई।
871	871	871	"But when the truth came to them from Us, they said, ""Why was he not given like that which was given to Moses?"" Did they not disbelieve in that which was given to Moses before? They said, ""[They are but] two works of magic supporting each other, and indeed we are, in both, disbelievers."""	"फिर जब उनके पास हमारे यहाँ से सत्य आ गया तो वे कहने लगे कि ""जो चीज़ मूसा को मिली थी उसी तरह की चीज़ इसे क्यों न मिली?"" क्या वे उसका इनकार नहीं कर चुके है, जो इससे पहले मूसा को प्रदान किया गया था? उन्होंने कहा, ""दोनों जादू है जो एक-दूसरे की सहायता करते है।"" और कहा, ""हम तो हरेक का इनकार करते है।"""	जिस्म से नहीं है इसे लिखने वाले द्वितीयको लिखने वाले विद्वान के works में विलंबन प्राप्त होता है
872	872	872	It's for Pascal and Watson!	यह पास्कल एंड वाट्सन के लिए है!	यह पास्सल और वाट्स के लिए!
873	873	873	Teacher	शिक्षक	पाठ्यक्षय कक्ष
874	874	874	Look, I came to say sorry.	देखो, मैं माफ़ी माँगने आया हूँ।	जी, मैं सॉर्स में सुधार कर रही हूँ।
875	875	875	"If you could see, when the angels take the souls of those who are bent on denying the truth [at death], how they strike their faces and backs: saying ""Taste the punishment of the Burning!"	"क्या ही अच्छा होता कि तुम देखते जब फ़रिश्ते इनकार करनेवालों के प्राण ग्रस्त करते हैं! वे उनके चहरों और उनकी पीठों पर मारते जाते हैं कि ""लो अब जलने की यातना मज़ा चखो।"" (तो उनकी दुर्दशा का अन्दाजा कर सकते)"	मूल्य को जाने से कि हाथों से और स्नाये से प्रतिक्रिया होती है।
876	876	876	DARCY:	डार्सी '.	डार्कशीति:
877	877	877	And when We gave Musa the Book and the distinction that you might walk aright.	और (वह वक्त भी याद करो) जब मूसा को (तौरेत) अता की और हक़ और बातिल को जुदा करनेवाला क़ानून (इनायत किया) ताके तुम हिदायत पाओ	और जब वे मूसा से गीता प्राप्त किए थे, तो निश्चित है कि वे सही तरीके से चल रहे थे।
878	878	878	Those who consume the wealth of orphans illicitly consume only fire into their bellies; and they will roast in a Blaze.	जो लोग अनाथों के माल अन्याय के साथ खाते है, वास्तव में वे अपने पेट आग से भरते है, और वे अवश्य भड़कती हुई आग में पड़ेगे	जो किस्म में गरीब लोग हैं वे लोग केवल आग को भी लाते हैं और उसे गरीब के लोगों के पैरमोन्ट के रूप में होते हैं।
879	879	879	We shaded you with clouds, and sent down to you manna and quails [saying]: ‘Eat of the good things We have provided for you.’ And they did not wrong Us, but they used to wrong [only] themselves.	और हमने तुम पर अब्र का साया किया और तुम पर मन व सलवा उतारा और (ये भी तो कह दिया था कि) जो सुथरी व नफीस रोज़िया तुम्हें दी हैं उन्हें शौक़ से खाओ, और उन लोगों ने हमारा तो कुछ बिगड़ा नहीं मगर अपनी जानों पर सितम ढाते रहे	जैसा कि कुवाती है, उसे सही कुछ होता और गलत कुछ होता; और जैसा कि कुवाती है, उसे सही कुछ होता और गलत कुछ होता; और जैसा कि कुवाती है, उसे सही कुछ होता और गलत कुछ होता; और जैसा कि कुवाती है, उसे सही कुछ होता और गलत कुछ होता;
880	880	880	Sore Bone.	गले में हड्डी.	सोर बोन.
881	881	881	ID	आईडी	बारीकी, विशिष्ट और ईमानदारी से होना चाहेंगे।
882	882	882	Do they not see how We conduct the water to a dry land, and with it We produce vegetation, from which their livestock eat, and themselves? Do they not see?	क्या इन लोगों ने इस पर भी ग़ौर नहीं किया कि हम चटियल मैदान (इफ़तादा) ज़मीन की तरफ पानी को जारी करते हैं फिर उसके ज़रिए से हम घास पात लगाते हैं जिसे उनके जानवर और ये ख़ुद भी खाते हैं तो क्या ये लोग इतना भी नहीं देखते	जिस्म के पानी को सूखा कर देते हैं और से भी नहीं प्राप्त किया गया जड़ है, तो उनकी भूखी से पानी प्राप्त किया गया जड़ है, वे दोना सूखा पानी बने रहें और प्राप्त किया रहें
883	883	883	Resources	संसाधन	संसाधन
884	884	884	But stop making these absurd plans.	लेकिन इन बेतुका की योजना बना रही बंद करो।	अर्जक योजनाएँ हैं। पूरी जानकारी के लिए, स्पष्ह कर देने वाले स्पष्ट रूप से हैं।
885	885	885	I won't fall for your tricks now.	मैं अपनी चाल के लिए अब नहीं गिर जाएगी।	मैं आपके साजिश राजकार्य के किसी भी रूप में गाली गाली करूँगा।
886	886	886	And according to Google Reader's statistics publishes 24.7 blog posts a week, i.e. more than 3.5 post per day.	नवारा … गूगल रीडर के आंकड़ों को मानें तो इस ब्लॉग पर प्रति सप्ताह 24.	जी ब्लॉअट पोस्ट्स प्रती वीक 24.7 ब्लॉअट पोस्ट्स प्रती वीक से अधिक पोस्ट्स दे सकती हैं।
887	887	887	Let's go.	-चलिए।	अरे जाने के लिए।
888	888	888	Fatal mail parser error near position %s in folder %s	%s फोल्डर में घातक मेल स्थिति% s के पास विश्लेषक त्रुटि	अन्य जानकारी योग्य स्थान में टूटा हुआ संकेत स्थापित है: स्थानीय स्थानीय स्थान में टूटा हुआ संकेत स्थापित है:
889	889	889	Paste contacts from the clipboard	क्लिपबोर्ड से कार्य चिपकाएँ	मुद्द के साथ-साथ कॉपी स्टोरेज से पास कर स्थानीय कर
890	890	890	I think that is illegal.	जो वे खरीद नहीं सकते।	यह सही नहीं होगी |
891	891	891	_Build (%s)	बिल्ड से.	बनाया प्रतिशत
892	892	892	Cuba: Pavarotti Passes On · Global Voices	क्यूबा: पावारोती का देहांत	सिंगल सेल स्टेशन स्टेशनी स्टेशनी स्टेशनी स्टेशनी स्टेशनी स्टेशनी स्टेशनी स्टेशनी स्टेशनी स्टेशनी स्टेशनी स्टेशनी स्टेशनी स्टेशनी स्टेशनी स्टेशनी स्टेशनी स्टेशनी स्टेशनी स्टेशनी स्टेशनी स्टेशनी स्टेशनी स्टेशनी स्टेशनी स्टेशनी स्टेशनी स्टेशनी स्टेशनी स्टेशनी स्टेशनी स्टेशनी स्टेशनी स्टेशनी स्टेशनी स्टेशनी स्टेशनी स्टेशनी स्टेशनी स्टेशनी स्टेशनी स्टेशनी स्टेशनी स्टेशनी स्टेशनी स्टेशनी स्टेशनी स्टेशनी स्टेशनी स्टेशनी स्टेशनी स्टेशनी स्टेशनी स्टेशनी स्टेशनी स्टेशनी स्टेशनी स्टेशनी स्टेशनी स्टेशनी स्टेशनी स्टेशनी
893	893	893	Ready for another round?	दूसरे दौर के लिए तैयार हैं?	No of!
894	894	894	You see, it came over the wire that Ellen had died.	आप देख , यह एलेन मृत्यु हो गई थी कि तार आया था.	आप देख सकते हैं, यह चार्ट पर एलेन का निधन हुआ था।
895	895	895	Indeed a triumph awaits the Godwary:	निस्सदेह डर रखनेवालों के लिए एक बड़ी सफलता है,	जिस प्रकार साहित्यिक काम की जाता है उसे साहित्यिक काम के साथ-साथ साहित्यिक काम के साथ-साथ साहित्यिक काम के साथ-साथ साहित्यिक काम के साथ-साथ साहित्यिक काम के साथ-साथ साहित्यिक काम के साथ-साथ साहित्यिक काम के साथ-साथ साहित्यिक काम के साथ-साथ साहित्यिक काम के साथ-साथ साहित्यिक काम के साथ-साथ साहित्यिक काम के साथ-साथ साहित्यिक काम के साथ-साथ साहित्यिक काम के साथ-साथ साहित्यिक काम के साथ-साथ साहित्यिक काम के साथ-साथ साहित्यिक काम के साथ-साथ साहित्यिक काम के साथ-साथ साहित्यिक काम के साथ-साथ स
896	896	896	It is He who keeps you alive in your sleep at night and knows all that you do during the day. He wakes you up from your sleep to complete your worldly life, after which you will all return to Him. He will let you know all about what you had done in your worldly life.	वह वही (ख़ुदा) है जो तुम्हें रात को (नींद में एक तरह पर दुनिया से) उठा लेता हे और जो कुछ तूने दिन को किया है जानता है फिर तुम्हें दिन को उठा कर खड़ा करता है ताकि (ज़िन्दगी की) (वह) मियाद जो (उसके इल्म में) मुअय्युन है पूरी की जाए फिर (तो आख़िर) तुम सबको उसी की तरफ लौटना है फिर जो कुछ तुम (दुनिया में भला बुरा) करते हो तुम्हें बता देगा	assistant
897	897	897	Yes.	हाँ।	जी हाँ।
898	898	898	File _type:	फ़ाइल प्रकार (_t):	किसी भी विवरण योग्य नहीं हो सकते।
899	899	899	The file you are trying to open contains an invalid byte sequence.	फ़ाइल को खोलें रखता है अवैध.	आप जिस फ़ाइल को चाहते हैं, उसे सही स्थान में नहीं हो या नहीं, इसके बारे में बोले
900	900	900	Available plugins	मौजूद प्लगिन	स उपलब्य प्लग-इन
901	901	901	But I only took the job 'cause a man needed a driver.	एक आदमी एक चालक की जरूरत है क्योंकि लेकिन मैं केवल नौकरी लिया.	"पहचान में लिखा:
लेकिन मैं बस यह काम 'के लिए' बना रही हूँ क्योंकि एक व्यक्ति को ड्राइवर के हाथों से ही लाभ मिल सकता है।"
902	902	902	She slightly misunderstood the purpose of my trip to Denmark, but yeah.	वो मेरी डेनमार्क की यात्रा के उद्देश्य को ठीक से समझी नहीं, पर हाँ.	शायद सsl में संबंध का सह-पूरक्त हुआ नहीं? परन्तु हाँ.
903	903	903	So We took him and his hosts, and dumped them into the sea, while he was to be blamed.	अन्ततः हमने उसे और उसकी सेनाओं को पकड़ लिया और उन्हें गहरे पानी में फेंक दिया, इस दशा में कि वह निन्दनीय था	यह सुन लिया गया कि कुछ जाति को जाति के प्रति प्रति के लिए जिमन दिया गया था।
904	904	904	Cassander saw to that with his fake diaries painting Alexander as a sick and bloated drunk.	Cassander कि उसकी नकली डायरी के साथ... को देखा ... .	अर्थात्: कैसेंडर ने अपनी साप्ताई की डायरियों से पात्र लिखाया तो देखिए!
905	905	905	They are paired with Rowan and Paul to make what we call a brick.	"उन्हें रोवान और पॉल के साथ जोड़ा गया है. ऐसे समूह को हम ""ब्रिक"" कहते हैं"	उन्हें रावन और पॉल के साथ बनाया जाता है वे कुछ जिसे कुछ जाता वे ब्रिक के तौर पर बने होते हैं।
906	906	906	"for you, so that you may walk along its wide roads""."	ताकि तुम उसके बड़े बड़े कुशादा रास्तों में चलो फिरो	"जो के लिए, तो तो सुने या देखे गैर""."
907	907	907	Nor can good and evil be equal. Repel thou evil with that which is goodly then behold he between whom and thee there was enmity, will be as though he was a warm friend.	भलाई और बुराई समान नहीं है। तुम (बुरे आचरण की बुराई को) अच्छे से अच्छे आचरण के द्वारा दूर करो। फिर क्या देखोगे कि वही व्यक्ति तुम्हारे और जिसके बीच वैर पड़ा हुआ था, जैसे वह कोई घनिष्ठ मित्र है	जो भी अच्छा है, उसे दोनों का संक्षण होगा।
908	908	908	Mm-hm, but if we teamed up, it could bring your career to the next level.	हम दामन थाम लिया तो मिमी ह्म, लेकिन, इसे अगले स्तर तक अपने कैरियर ले सकता है.	अरे, लेकिन अगर हम दोनों को मिलावा करेंगे तो इसके माध्यम से आपकी करियर तक की तारीफ होगी।
909	909	909	Joe Kleinsmith.	जोKleinsmith.	जो क्लीन्समिथ.
910	910	910	We sent Our messengers with the clear proofs, and We sent down with them the Book and the Balance, that humanity may uphold justice. And We sent down iron, in which is violent force, and benefits for humanity. That God may know who supports Him and His messengers invisibly. God is Strong and Powerful.	निश्चय ही हमने अपने रसूलों को स्पष्ट प्रमाणों के साथ भेजा और उनके लिए किताब और तुला उतारी, ताकि लोग इनसाफ़ पर क़ायम हों। और लोहा भी उतारा, जिसमें बड़ी दहशत है और लोगों के लिए कितने ही लाभ है., और (किताब एवं तुला इसलिए भी उतारी) ताकि अल्लाह जान ले कि कौन परोक्ष में रहते हुए उसकी और उसके रसूलों की सहायता करता है। निश्चय ही अल्लाह शक्तिशाली, प्रभुत्वशाली है	अर्थ: हम स्पष्ट प्रमाणों से बताए गए जिसे दूसरों को भी समझाए जा सके उसे हम स्पष्ह कर सकते हैं।
911	911	911	He keeps on talking forever if you listen to him.	तुम उसकी बात सुनते रहो तो वह बात करता ही जाएगा।	उन्हें लगातार सुनना पड़ती है यदि वे आपको बताएँ।
912	912	912	It's the end of the Reich.	यह रीक का अंत है.	यह रिक है।
913	913	913	Those who do not believe in it would hasten it on, and those who believe are in fear from it, and they know that it is the truth. Now most surely those who dispute obstinately concerning the hour are in a great error.	(फिर ये ग़फ़लत कैसी) जो लोग इस पर ईमान नहीं रखते वह तो इसके लिए जल्दी कर रहे हैं और जो मोमिन हैं वह उससे डरते हैं और जानते हैं कि क़यामत यक़ीनी बरहक़ है आगाह रहो कि जो लोग क़यामत के बारे में शक़ किया करते हैं वह बड़े परले दर्जे की गुमराही में हैं	जिस व्यक्ति की कोई भी सिद्धांतों या रचनाओं से अस्वीकार्य है वह व्यक्ति के बहुत ज्यादा अस्वीकार्य विदोष्नता है।
914	914	914	Well, you can go wherever you wanna go.	यदि आप चाहते हैं जहाँ भी जाते ठीक है, तुम जा सकते हैं.	आप जो चाहे चाहें तो चाहे विद्रोही पथ है।
915	915	915	Those who do not invoke another deity besides Allah, and do not kill a soul [whose life] Allah has made inviolable, except with due cause, and do not commit fornication. (Whoever does that shall encounter its retribution,	और वह लोग जो ख़ुदा के साथ दूसरे माबूदों की परसतिश नही करते और जिस जान के मारने को ख़ुदा ने हराम कर दिया है उसे नाहक़ क़त्ल नहीं करते और न ज़िना करते हैं और जो शख्स ऐसा करेगा वह आप अपने गुनाह की सज़ा भुगतेगा	अर्थ: जिस व्यक्ति किसी जीव के जीवन को अवैध ठहराती है, उस व्यक्ति के प्रति वही व्यक्ति प्रति व्यक्ति के तथ्य हैं।
916	916	916	You wanna play a little free market competition, just you and me?	आप चाहते हैं एक छोटी सी मुक्त बाजार में प्रतिस्पर्धा खेलने, सिर्फ तुम और मैं?	जसु और मैं कुछ कुछ करेंगे।
917	917	917	- How can I live without him?	कैसे मैं उसके बिना रह सकते हैं?	-हूँ से जिनसे जिन से कैसेLiving him से without him from how can I get away from him?
918	918	918	And He it is Who sends down water from the cloud, then We bring forth with it buds of all (plants), then We bring forth from it green (foliage) from which We produce grain piled up (in the ear); and of the palm-tree, of the sheaths of it, come forth clusters (of dates) within reach, and gardens of grapes and olives and pomegranates, alike and unlike; behold the fruit of it when it yields the fruit and the ripening of it; most surely there are signs in this for a people who believe.	और वही है जिसने आकाश से पानी बरसाया, फिर हमने उसके द्वारा हर प्रकार की वनस्पति उगाई; फिर उससे हमने हरी-भरी पत्तियाँ निकाली और तने विकसित किए, जिससे हम तले-ऊपर चढे हुए दान निकालते है - और खजूर के गाभे से झुके पड़ते गुच्छे भी - और अंगूर, ज़ैतून और अनार के बाग़ लगाए, जो एक-दूसरे से भिन्न भी होते है। उसके फल को देखा, जब वह फलता है और उसके पकने को भी देखो! निस्संदेह ईमान लानेवाले लोगों को लिए इनमें बड़ी निशानियाँ है	यह ग्रह से जोड़ते है जो से जोड़ते है फसल से जोड़ते है के सामान में जोड़ते है के सामान में जोड़ते है के सामान में जोड़ते है के सामान में जोड़ते है के सामान में जोड़ते है के सामान में जोड़ते है के सामान में जोड़ते है के सामान में जोड़ते है के सामान में जोड़ते है के सामान में जोड़ते है के सामान में जोड़ते है के सामान में जोड़ते है के सामान में जोड़ते है के सामान में जोड़ते है के सामान में जोड़ते है के सामान में जोड़ते है के सामान में जोड़ते है के साम
919	919	919	You know, my grandmother used to show me these pictures. Before that hospital closed down, this place really wasn't that bad.	तुम्हें पता है, मुझे इन तस्वीरों को दिखाने के लिए प्रयोग किया जाता मेरी दादी . कि अस्पताल नीचे बंद पहले, इस जगह सच है कि बुरा नहीं था.	आप जानते, मेरी माता की किसी तस्मीली हुई प्रेमिका की प्रेमिका स्थान के रूप में था
920	920	920	After the parade, the family will attend the... (TURNS RADIO OFF)	परेडकेबाद, परिवार भाग लेंगे... / मैं (रेडियो मुड़ता रवाना)	पारलैंड के दौरान परिवार विभिन्न स्थानों पर जाते हैं... (टurns RADIO OFF)
921	921	921	What kind of father does that make you?	- यह खेल नहीं है। विंसेंट। यह तुम्हारे शोरूम का कोई मज़ाक नहीं है।	"माफ़ के दावा:
आपके पूरे प्यार और प्रेम के कारण उसे मैं हो जाता क्योंगा"
922	922	922	We build outpost on other planets, using great machines to reshape environments to our needs.	हम अन्य ग्रहों पर चौकी का निर्माण नयी आकृति प्रदान करने के लिए महान मशीनों का उपयोग हमारी जरूरतों के वातावरण.	हम दूसरे पlanेट पर अपने निर्माण स्थान का उपयोग करेंगे, और बहुत ही पुरानी मशीनों का उपयोग करेंगे।
923	923	923	PHOTOS]	PHOTOS]	जिस कोई भी होगा किसी हिस्से के पोस्टs?
924	924	924	"They ask you about the phases of the moon. Say, ""These are signs for the people to reckon dates and fix the periods for hajj."" Also tell them, ""It is no virtue to enter your houses from their backs during the Hajj days); real virtue is that one should refrain from incurring the displeasure of Allah; so enter your houses by their proper doors. and fear Allah so that you may gain (true) success."	"वे तुमसे (प्रतिष्ठित) महीनों के विषय में पूछते है। कहो, ""वे तो लोगों के लिए और हज के लिए नियत है। और यह कोई ख़ूबी और नेकी नहीं हैं कि तुम घरों में उनके पीछे से आओ, बल्कि नेकी तो उसकी है जो (अल्लाह का) डर रखे। तुम घरों में उनके दरवाड़ों से आओ और अल्लाह से डरते रहो, ताकि तुम्हें सफलता प्राप्त हो"	माफ़ किया जाता है।
925	925	925	- That's not really for me to say.	- मै उस बारेमे कुछ कह नहीं पाऊँगी।	- यह मेरे लिए नहीं कहा जा सकता है।
926	926	926	Yeah.	/ हाँ, मैं करता हूँ.	जी हुआ।
927	927	927	Kettle escaped!	भाप निकल गई!	केटेल से निकला!
928	928	928	woman #2 speaking native language:	महिला #2 मातृभाषा में बोलती है:	कोई
929	929	929	Source of vertex shader	शिखर shader का स्रोत	व्हेवर शेड्यर के संदर्भ
930	930	930	Session management options:	सत्र प्रबंधन विकल्प:	सीज़न मैनेजमेंट ऑप्शन्स:
931	931	931	You did not enter a password.	आपने कूटशब्द नहीं दाखिल किया.	आपका पासवर्ड नहीं है।
932	932	932	Then, after inflict-ing this grief, He sent down an inner peace upon you - a sleep which overtook some of you. Those who were concerned merely about themselves, entertaining false notions about Allah - the notions of the Age of Ignorance - asked: 'Have we any say in the matter?' Tell them: 'Truly, all power of decision rests solely with Allah.' Indeed, they conceal in their hearts what they would not reveal to you, saying: 'If we had any power of decision, we would not have been slain here.' Say: 'Even if you had been in your houses, those for whom slaying had been appointed would have gone forth to the places where they were to be slain.' And all this happened so that Allah might test your secret thoughts and purge your hearts of all impurities. Allah knows well what is in the breasts of men.	फिर ख़ुदा ने इस रंज के बाद तुमपर इत्मिनान की हालत तारी की कि तुममें से एक गिरोह का (जो सच्चे ईमानदार थे) ख़ूब गहरी नींद आ गयी और एक गिरोह जिनको उस वक्त भी (भागने की शर्म से) जान के लाले पड़े थे ख़ुदा के साथ (ख्वाह मख्वाह) ज़मानाए जिहालत की ऐसी बदगुमानियॉ करने लगे और कहने लगे भला क्या ये अम्र (फ़तेह) कुछ भी हमारे इख्तियार में है (ऐ रसूल) कह दो कि हर अम्र का इख्तियार ख़ुदा ही को है (ज़बान से तो कहते ही है नहीं) ये अपने दिलों में ऐसी बातें छिपाए हुए हैं जो तुमसे ज़ाहिर नहीं करते (अब सुनो) कहते हैं कि इस अम्र (फ़तेह) में हमारा कुछ इख़्तियार होता तो हम यहॉ मारे न जाते (ऐ रसूल उनसे) कह दो कि तुम अपने घरों में रहते तो जिन जिन की तकदीर में लड़के मर जाना लिखा था वह अपने (घरो से) निकल निकल के अपने मरने की जगह ज़रूर आ जाते और (ये इस वास्ते किया गया) ताकि जो कुछ तुम्हारे दिल में है उसका इम्तिहान कर दे और ख़ुदा तो दिलों के राज़ खूब जानता है	शरीर की भावनाएँ हैं जो व्यक्ति के बिना की जाती हैं।
933	933	933	She did not come to marry Késakichi.	ये केसाकिची से शादी करने के लिए नहीं आयी है.	शायद केक्साकिची के विवाह के बारे में नहीं कहा कि केक्साकिची के विवाह के बारे में नहीं कहा कि केक्साकिची के विवाह के बारे में कुछ भी नहीं कहा
934	934	934	Disdaining ungratefully Our gifts, and giving themselves up to (worldly) enjoyment! But soon will they know.	ताकि जो (नेअमतें) हमने उन्हें अता की हैं उनका इन्कार कर बैठें और ताकि (दुनिया में) ख़ूब चैन कर लें तो अनक़रीब ही (इसका नतीजा) उन्हें मालूम हो जाएगा	अरे! हम शिष्ट कार्यों और सौंर्य के सुखद अनुभवों! के लिए तो तो (अंतर्दिशन वाले) ज्ञात्य के लिए भी! लेकिन जल्द ही ज्ञात्य के लिए भी!
935	935	935	"I won't see her until a fortnight on Friday, when my sweet little weasel appears at the station in her strappy blue dress."""	और मैं तुम्हें अगले हफ्ते तक नहीं मील पाऊँगा मेरी प्यारी... .	मैं उसे नहीं देखूँ तक सातों दिनों तक शुक्रवात पर स्टेशन पर मेरी प्राप्ति होगी।
936	936	936	Make trial of orphans until they reach the age of marriage; if then ye find sound judgment in them, release their property to them; but consume it not wastefully, nor in haste against their growing up. If the guardian is well-off, Let him claim no remuneration, but if he is poor, let him have for himself what is just and reasonable. When ye release their property to them, take witnesses in their presence: But all-sufficient is Allah in taking account.	और यतीमों को कारोबार में लगाए रहो यहॉ तक के ब्याहने के क़ाबिल हों फिर उस वक्त तुम उन्हे (एक महीने का ख़र्च) उनके हाथ से कराके अगर होशियार पाओ तो उनका माल उनके हवाले कर दो और (ख़बरदार) ऐसा न करना कि इस ख़ौफ़ से कि कहीं ये बड़े हो जाएंगे फ़ुज़ूल ख़र्ची करके झटपट उनका माल चट कर जाओ और जो (जो वली या सरपरस्त) दौलतमन्द हो तो वह (माले यतीम अपने ख़र्च में लाने से) बचता रहे और (हॉ) जो मोहताज हो वह अलबत्ता (वाजिबी) दस्तूर के मुताबिक़ खा सकता है पस जब उनके माल उनके हवाले करने लगो तो लोगों को उनका गवाह बना लो और (यूं तो) हिसाब लेने को ख़ुदा काफ़ी ही है	Ivide इस शब्द को सही तरीके से उपयोग में लिखा दिया है।
937	937	937	File	फ़ाइल	किसी भी विवरण या जानकारी के साथ-साथ इस प्रक्ति में कोई भी जानकारी या विवरण देने के लिए कोई भी जानकारी या विवरण के साथ-साथ इस प्रक्ति में कोई भी जानकारी या विवरण देने के लिए कोई भी जानकारी या विवरण के साथ-साथ इस प्रक्ति में कोई भी जानकारी या विवरण देने के लिए कोई भी जानकारी या विवरण के साथ-साथ इस प्रक्ति में कोई भी जानकारी या विवरण देने के लिए कोई भी जानकारी या विवरण के साथ-साथ इस प्रक्ति में कोई भी जानकारी या विवरण देने के लिए कोई भी जानकारी या विवरण के साथ-साथ इस प्रक्ति म
938	938	938	"Your login to your server ""{0}"" as ""{0}"" failed."	"""{0}"" रूप में आपके सर्वर ""{0}"" से लॉगिन असफल."	"आपके लॉगिन सेवा ""{0}"" as ""{0}"" के होते पल्लें होते हैं।"
939	939	939	"But many of them will have feelings of vacuum in their hearts over your failure to distinguish between the right and the wrong."""	परंतु बहुतों के मन में आपके प्रति शून्य का वह भाव भी जागेगा जिसमें आपकी वो असफलता झलकेगी जिसमें आपकी सही और गलत की पहचान ही नहीं थी.	जो भी उन्हें हो वे अपने दिल में एक वाक्य के प्रलाप के भाव से हो सकते हैं कि वे आपके सहयोग की पूर्णता के प्रति वे अपने दिल में एक वाक्य के प्रलाप के भाव से हो सकते हैं.
940	940	940	He said, ‘Certainly not! Indeed my Lord is with me. He will guide me.’	"उसने कहा, ""कदापि नहीं, मेरे साथ मेरा रब है। वह अवश्य मेरा मार्गदर्शन करेगा।"""	यह कहें हैं, ‘बहुत! ईश्वर दharma से मैं बहुत हो रहा हूँ.’
941	941	941	Display video, audio and image preview	वीडियो, ऑडियो और छवि पूर्वावलोकन दिखाएँ	प्री-डिस्लाई वीडियो, ऑडियो और इग्रिप्री-डिसलाई वीडियो
942	942	942	Unrecognized desktop file Version '%s'	अपरिचित डेस्कटॉप फ़ाइल संस्करण '%s'	"जाना:
जिसे जाना चाहे:
विरोधी:
किसी भी जानकारी को जाना या जाने के लिए प्रोत्सुकी"
943	943	943	And a faking will!	और एक faking करेंगे!	अरे और फ़ाइंग भी होगा!
944	944	944	Saddam rejected the demand.	सद्दाम ने मांग को अस्वीकार किया।	सद्दाम ने प्रतिवाद की रखी.
945	945	945	Is he then who is a believer like him who is a transgressor? They are not equal.	भला जो व्यक्ति ईमानवाला हो वह उस व्यक्ति जैसा हो सकता है जो अवज्ञाकारी हो? वे बराबर नहीं हो सकते	"इसे क्या रचनात्मक रूप से बदल सकती हूँ:
के ? वे ? के ? वे ? के ? वे ? के ? वे ? के ? वे ? के ? वे ? के ? वे ? के ? वे ? के ? वे ? के ? वे ? के ? वे ? के ? वे ? के ? वे ? के ? वे ? के ? वे ? के ? वे ? के ? वे ? के ? वे ? के ? वे ? के ? वे ? के ? वे ? के ? वे ? के ? वे ? के ? वे ? के ? वे ? के ? वे ? के ? वे ? के ? वे ? के ? वे ? के ? वे ? के ? वे ? के ? वे ? के ? वे ? के ? वे ? के ? वे ? के ? वे ? के ? वे ? के ? वे ? के ? वे ? के ?"
946	946	946	Install online script package	ऑनलाइन स्क्रिप्ट पैकैज संस्थापित करें	मूल्याँ दें
947	947	947	Terrace	टेरेस	जलदेवी
948	948	948	You will all make this bunkroom, your home.	आप सभी इस bunkroom, अपने घर बनाना होगा.	जिस भी व्यक्ति इस बunkरूम को अपनी घर पर रखे के अपने घर पर रखे के व्यक्ति के पास नहीं रखे बैठे व्यक्ति के पास संबंध होगे.
949	949	949	Remember my only thoughts are of you.	याद रखें ... / मैं ... मेरी केवल विचारों के हैं तुम.	रे में, मेरी एकी सिर्फ़ अपने के लिए हैं।
950	950	950	Just like a ghost ship, huh?	वेन्डी: बस एक भूतहा जहाज की तरह, हुह?	जैसी जैसे हावी यात्री!
951	951	951	When she heard of their sly whispers, she sent for them and prepared a banquet. To each she gave a knife, (then called Joseph saying:) 'Come and attend to them' When they saw him, they were so taken with him that they cut their hands, and said: 'Allah save us! This is no mortal, he is no other but a noble angel'	तो जब ज़ुलेख़ा ने उनके ताने सुने तो उस ने उन औरतों को बुला भेजा और उनके लिए एक मजलिस आरास्ता की और उसमें से हर एक के हाथ में एक छुरी और एक (नारंगी) दी (और कह दिया कि जब तुम्हारे सामने आए तो काट के एक फ़ाक उसको दे देना) और यूसुफ़ से कहा कि अब इनके सामने से निकल तो जाओ तो जब उन औरतों ने उसे देखा तो उसके बड़ा हसीन पाया तो सब के सब ने (बे खुदी में) अपने अपने हाथ काट डाले और कहने लगी हाय अल्लाह ये आदमी नहीं है ये तो हो न हो बस एक मुअज़िज़ (इज्ज़त वाला) फ़रिश्ता है	यह अनुसार है और शेषों को लिखना योग्य नहीं।
952	952	952	I never said she was cheating.	मैं वह धोखा दे रहा था कभी नहीं कहा.	अरे! मैंने कहा तो वह चोरी की रचना थी।
953	953	953	Class-Meet?	कक्षा मिलो?	सहिनाम?
954	954	954	& File	फ़ाइल (F)	"यहाँ कृपयाँ हैं:
- संकेत
- सूचना"
955	955	955	I qu...	मैं qu -	मैं...
956	956	956	_Load Images	छवि डाउनलोड करें (_L)	लोड़ इमेजेज
957	957	957	Unlimited	असीमित	बिलिनलिन्ट
958	958	958	South _European (ISO-8859-3)	दक्षिणी यूरोपीय (_E) (ISO-8859-3)	सह-युक्त (आई.एस.ओ.आई. 11.0.0.3)
959	959	959	I want to spend my life with her...	I want to spend my life with her...	मैं उसे अपने साथ रहने के लिए...
960	960	960	"Your login to your server ""{0}"" as ""{0}"" failed."	"""{0}"" रूप में आपके सर्वर ""{0}"" से लॉगिन असफल."	"आपके लॉगिन सेवा ""{0}"" as ""{0}"" के होते पल्लें होते हैं।"
961	961	961	SERGEI SOLD HER TO IVAN.	सर्गेई इवान के लिए है उसे बेचा.	यह जानकारी किसी को IVAN दे देगी
962	962	962	And they say: There is naught but our life of the world; we die and we live, and naught destroyeth us save time; when they have no knowledge whatsoever of (all) that; they do but guess.	और वह लोग कहते हैं कि हमारी ज़िन्दगी तो बस दुनिया ही की है (यहीं) मरते हैं और (यहीं) जीते हैं और हमको बस ज़माना ही (जिलाता) मारता है और उनको इसकी कुछ ख़बर तो है नहीं ये लोग तो बस अटकल की बातें करते हैं	जिस्म के साथ कहा गया है वह से भी नहीं हो सकता है लेकिन वह से भी नहीं हो सकते हैं (all) that;
963	963	963	- Yes.	- हाँ	जी हाँ।
964	964	964	Autocompletion	स्वतः समापन	अनुपूर्णीकरण
965	965	965	The idea brings my defenses down.	यह विचार मेरी दलीलों को कमजोर कर देता है।	यह सोचा और व्यवहार करने के तंत्रों को कम कर दूंगी और इससे मैं किसी भी तरह से नुकसान नहीं पहुंचूँ।
966	966	966	that you may seek forgiveness of your Lord and turn to Him in repentance whereupon He will grant you a fair enjoyment of life until an appointed term, and will bestow favour on everyone who merits favour. But should you turn away (from the truth), I fear for you the chastisement of an Awesome Day.	और ये भी कि अपने परवरदिगार से मग़फिरत की दुआ मॉगों फिर उसकी बारगाह में (गुनाहों से) तौबा करो वही तुम्हें एक मुकर्रर मुद्दत तक अच्छे नुत्फ के फायदे उठाने देगा और वही हर साहबे बुर्ज़गी को उसकी बुर्जुगी (की दाद) अता फरमाएगा और अगर तुमने (उसके हुक्म से) मुँह मोड़ा तो मुझे तुम्हारे बारे में एक बड़े (ख़ौफनाक) दिन के अज़ाब का डर है	जिस कार्य से तुम्हारा प्रार्थित होता है उसे तुम्हारे प्रार्थित के तुम्हारा कार्य के तुम्हारे प्रार्थित के तुम्हारा कार्य के तुम्हारे प्रार्थित के तुम्हारे कार्य के तुम्हारे प्रार्थित के तुम्हारे कार्य के तुम्हारे प्रार्थित के तुम्हारे कार्य के तुम्हारे प्रार्थित के तुम्हारे कार्य के तुम्हारे प्रार्थित के तुम्हारे कार्य के तुम्हारे प्रार्थित के तुम्हारे कार्य के तुम्हारे प्रार्थित के तुम्हारे कार्य के तुम्हारे प्रार्थित के तुम्हारे कार्य के तुम्हारे प्रार्थित के
967	967	967	How could they be firing artillery?	वे तोप कैसे चला सकते हैं?	इसे कैसे कर रहे हैं?
968	968	968	Didn't realise who he was fucking with.	वह साथ कमबख्त था जो पता ही नहीं चला.	अरे नहीं सोचा कि वह कौन है कि कौन से पात्र है प्रति के प्रति कैसे व्यवहार होगें?
969	969	969	I'm clearly not a child.	मैं बच्चा नहीं हूँ।	ज्पष्ट नहीं हूँ.
970	970	970	I don't want Charisse or Becca.	मैं बारबरा को देखने आया था.	मैं चार्लीज़ और बीबी नहीं।
971	971	971	Pakistan: Media and restrictions · Global Voices	पाकिस्तान: मीडिया और रोकटोक	"स्ट्रेंड्स:
पाकिस्तान: मीडिया और प्रतिबंध"
972	972	972	Tell me...	मुझे बताओ...	जानकारी देने के लिए...
973	973	973	A thousand ships we'll launch from here, Hephaistion.	एक हजार जहाजों हम यहाँ से Hephaistion का शुभारंभ करेंगे.	जो कुछ भी हो, हेपहIST़ियोनुसे भी निपटा योग्य है।
974	974	974	Glorified be the Lord of the heavens and the earth, the Lord of the Throne! Exalted be He from all that they ascribe (to Him).	ये लोग जो कुछ बयान करते हैं सारे आसमान व ज़मीन का मालिक अर्श का मालिक (ख़ुदा) उससे पाक व पाक़ीज़ा है	जो कि कार्य करने वाले कार्य करने वाले को तो कार्य करने वाले के पास नहीं लिखाया भी किया भाषा का
975	975	975	I'm here to offer my--	मैं काम तलाश रहा हूँ ... नहीं ..	पहचान में मैं यहाँ तो बात कर पूँगी।
976	976	976	Next	अगला	जो कुछ हो सकता
977	977	977	Simulation of image to CD burning	छवि की सीडी बर्निंग का सिमुलेशन	जैसी-सी इमेज़ टो CD बर्निंग
978	978	978	Your names	रविशंकर श्रीवास्तव, जी. करूणाकर	यरसी
979	979	979	You think that is what the great Master Oogway saw for you?	तुम्हारे खयाल से महान गुरू ऊगवे ने तुम्हारे लिए यही ख्वाब देखा था?	जो सोचते हैं कि यह व्यक्ति के लिए देखा किया जाता है?
980	980	980	♪ OH NO	♪अरेनहीं	जापान के क्या समय
981	981	981	There are many names in Indian history with a golden glow.	भारत के इतिहास में ही स्वर्णिम आभा वाले अनेक नाम हैं।	अधिक रंग और स्वर्ण धारा से लिखी किसी भी संस्कृति की ऐतीर्थ खुद की रंग-रत्न से स्पष्ट:
982	982	982	"""as your late Uncle's friend and attorney,"	""" अपने देर चाचा के दोस्त और वकील के रूप में,"	जैसे आपके देरेUncle के दोस्त और अभिकारी हैं,
983	983	983	Author:	लेखकः	रचनाकार:
984	984	984	Show _Only This Calendar	सिर्फ इस पंचांग को दिखायें (_O)	Only This Year
985	985	985	300%	300%	यह स्पष्ट है कि 300% का अर्थ है 100% से 300% अधिक।
986	986	986	When chill breeze blows, come under tree shade...	When chill breeze blows, come under tree shade...	जिस समय के chill breeze blow, उस समय के लिए तुलसी पर shade की जगह होगी...
987	987	987	Unnamed	बेनाम	बेअनयम
988	988	988	Talk like that, I'm gonna get myself in trouble.	कि जैसे बात करो, मैं मुसीबत में अपने आप को मिलने वाला हूँ .	इसे कुछ लिखने या समझने के लिए भी ज़रूरी है।
989	989	989	"(Muhammad), ask them, ""Have you thought about what you worship besides God? Show me which part of the earth they have created. Do they have a share in the creation of the heavens? Bring me a Book, revealed before this Quran, or any other proof based on knowledge to support your belief, if indeed you are truthful""."	(ऐ रसूल) तुम पूछो कि ख़ुदा को छोड़ कर जिनकी तुम इबादत करते हो क्या तुमने उनको देखा है मुझे भी तो दिखाओ कि उन लोगों ने ज़मीन में क्या चीज़े पैदा की हैं या आसमानों (के बनाने) में उनकी शिरकत है तो अगर तुम सच्चे हो तो उससे पहले की कोई किताब (या अगलों के) इल्म का बक़िया हो तो मेरे सामने पेश करो	इस संसार के निर्माण के बारे में उन्हें बताएँ कि उनके पास कोई साझी न हो कि उन्हें एक प्राधिकरण से दूसरे प्राधिकरण से सुनाई दी जाए, तो वे प्राधिकरण हो सकते जो संसार के निर्माण के तौर पर विशिष्ट होते थे।
990	990	990	but I won 50 G in a poker tournament.	लेकिन मैं एक पोकर टूर्नामेंट में 50 जी जीता.	आपने कोई भी खेल में 50 गेम जीत लिए थे।
991	991	991	_Statusbar	स्थिति पट्टी (_S)	स्टेजबार
992	992	992	Jim Baxford!	जिम Baxford!	जिम बैकोफोर्ड!
993	993	993	"Where to accept cookies from. Possible values are ""anywhere"", ""current site"" and ""nowhere""."	"कुकीज़ कहाँ से स्वीकारें. संभावित मूल्य हैं ""कहीं से भी"", ""वर्तमान साइट"" तथा ""कहीं से नहीं""."	"अरे आप को किसी साइट से क्या कुकीज़ देने की कोई भिन्न मूल्य है जो व्यापक हो सकता है और अब से कोई भिन्न मूल्य हो सकता है जो किसी साइट से क्या कुकीज़ देने के के तयारी हो सकते है:

1.  सुनिश्चितः आप किसी साइट से क्या कुकीज़ देने के लिए 100% जिमन देने के तंत्र भी हो सकता है जो किसी साइट से क्या कुकीज़ देने के लिए 100% जिमन देने के तंत्र भी हो सकता है जो किसी साइट से क्या कुकीज़ देने के लिए 100% जिमन देने के तंत्र भी हो सकता है।"
994	994	994	- Jump, Pelle!	- कूदो, पेले!	- पेल!
995	995	995	Inder my love...	मेरे प्यार इंदर ...	मैं प्यार में हूँ...
996	996	996	That-a-boy.	कि एक खास लड़का है.	कोई भी नहीं।
997	997	997	"- ""Brain Rapist""?"	"- ""ब्रेन बलात्कारी""."	"- ""जानकी देते विकर्षक""?"
998	998	998	It is a question of my bread and butter.	यह मेरी रोजी-रोटी का सवाल है |	बेक और बटर की अपनी-अपन्रकृति।
999	999	999	Here you go, boyses.	यह लो, लड़कों।	मैं जाति नहीं हूँ।
1000	1000	1000	POP3 stores have no folder hierarchy	POP3 स्टोर में कोई फ़ोल्डर पदानुक्रम नहीं है	POP3 स्टोरेज में जो कोई भी हो निर्णयात्मक हेक्सलरी स्टोरेज में जो कोई भी हो
1001	1001	1001	It is not for the townsfolk of Al-Madinah and for those around them of the wandering Arabs so stay behind the messenger of Allah and prefer their lives to his life. That is because neither thirst nor toil nor hunger afflicteth them in the way of Allah, nor step they any step that angereth the disbelievers, nor gain they from the enemy a gain, but a good deed is recorded for them therefor. Lo! Allah loseth not the wages of the good.	मदीने के रहने वालों और उनके गिर्दोनवॉ (आस पास) देहातियों को ये जायज़ न था कि रसूल ख़ुदा का साथ छोड़ दें और न ये (जायज़ था) कि रसूल की जान से बेपरवा होकर अपनी जानों के बचाने की फ्रिक करें ये हुक्म उसी सबब से था कि उन (जिहाद करने वालों) को ख़ुदा की रूह में जो तकलीफ़ प्यास की या मेहनत या भूख की शिद्दत की पहुँचती है या ऐसी राह चलते हैं जो कुफ्फ़ार के ग़ैज़ (ग़ज़ब का बाइस हो या किसी दुश्मन से कुछ ये लोग हासिल करते हैं तो बस उसके ऐवज़ में (उनके नामए अमल में) एक नेक काम लिख दिया जाएगा बेशक ख़ुदा नेकी करने वालों का अज्र (व सवाब) बरबाद नहीं करता है	This text is a translation of a hadith (a passage of Islamic scripture that is recorded by a person other than the one who is being hadithed).
1002	1002	1002	They destroyed our moon and with that, half the planet.	वे उस के साथ आधा ग्रह हमारे चाँद और नष्ट कर दिया.	उनने हमारी चाँद और इस बात से पूरी तरह से क्षत हो गया हैं।
1003	1003	1003	Disable syntax highlighting	वाक्य रचना हाइलाइटिंग निष्क्रिय करें	अन्य जानकारी के लिए कार्यकारी
1004	1004	1004	“Those who spread turmoil in the earth, and do no reform.”	"जो धरती में बिगाड़ पैदा करते है, और सुधार का काम नहीं करते।"""	“जिस व्यक्ति पृथ्वी में व्यर्थ न लगाती है, उसे भी किसी जानकारी जोड़न, हटाने, या बदलने के लिए कोई जानकारी करने वाले किसी को भी प्रेरित कर सकते हैं।
1005	1005	1005	Come on, that's a lot of cheese, but I could live with that!	चलो, कि पनीर, का एक बहुत कुछ है, लेकिन मैं उस के साथ रह सकता है!	जो तुम्हें यहाँ आना चाहेंगी वह भी नहीं!
1006	1006	1006	Error while reading video DVD (%s)	वीडियो DVD पढ़ने में त्रुटि (%s)	अन्य जानकारी या सामग्री से जोड़ा नहीं किया होगुक्का है |
1007	1007	1007	Rick, in position.	रिक, स्थिति में।	रिक, स्थिति में.
1008	1008	1008	Let us toast to the future of the high table and the memory of my dear sister...	हमें उच्च तालिका के भविष्य और मेरी प्यारी बहन की स्मृति को टोस्ट करते हैं ...	जो कि हमें भविष्य के यहाँ पर और हमारी यादों के यहाँ पर मुक्ति हो सकती है।
1009	1009	1009	He was the only one that wanted to do this trip.	उन्होंने कहा कि इस यात्रा करना चाहता था कि एक ही था.	यह एकमात्र था जिसने चाहे कि वे इस ट्रिप पर जाएँ.
1010	1010	1010	You've been sleeping for 18 hours.	आप 18 घंटे के लिए सो गया है।	18 से 18 गुनगुर्घनि विवरण:
1011	1011	1011	Judith was so worried when Brice asked for her hand in marriage.	ब्राईस शादी में उसका हाथ के लिए कहा जब जूडिथ इतना चिंतित था	ब्रिस ने जुडिथ से शादी में अपनी हाथों को जोड़ने के लिए चिंतित्व के संकेतों को सावधान से प्राप्त किया ज सकता है।
1012	1012	1012	Melissa's not gonna know anything about this.	अरे नहीं. यह डौग है?	ये बात नहीं है. मेलिसा को इसके बारे में कुछ होगा.
1013	1013	1013	But in his short life, he achieved, without doubt the mythic glory of his ancestor Achilles and more.	लेकिनअपनेछोटेसेजीवन में, वह शक के बिना हासिल... / मैं ... .	जैसा कि उनकी लंबी किश्ती में वह पौरविक प्रतिष्ठानी थी जिसे संसारी साहित्य के प्रतिष्ठानी थी।
1014	1014	1014	And there is nothing wrong if you also seek the bounty of your Lord during the pilgrimage. Moreover, when you return from 'Arafat, stay at Mash'aril-Haram (Muzdalifah) and remember Allah. And remember Him just as He has enjoined you, for you had gone astray before this.	इसमे तुम्हारे लिए कोई गुनाह नहीं कि अपने रब का अनुग्रह तलब करो। फिर जब तुम अरफ़ात से चलो तो 'मशअरे हराम' (मुज़दल्फ़ा) के निकट ठहरकर अल्लाह को याद करो, और उसे याद करो जैसाकि उसने तुम्हें बताया है, और इससे पहले तुम पथभ्रष्ट थे	मार्शल-हार (मुज़दल-हार) के दौरान शुक्रवात एक ऐसी घटना है जिसमें जीवितजनसों के बीच भी कुछ खास होते हैं।
1015	1015	1015	and waymarks; and by the stars they are guided.	और मार्ग चिन्ह भी बनाए और तारों के द्वारा भी लोग मार्ग पर लेते है	, और सड़फ़; और से वे जिन सड़फ़ प्रयोगित्ति के लिए विशिष्ट होते हैं, वे प्रयोगित्ति के लिए सड़फ़ स्थापित होते हैं।
1016	1016	1016	The movement is also bolstered by two former U.S. Transportation secretaries, who in a 2011 report urged Congress to move in the pay-per-mile direction.	इस अभियान को दो भूतपूर्व अमेरिकी परिवहन सचिवों ने भी समर्थन दिया है, जिन्होंने वर्ष 2011 में अपनी रिपोर्ट में कांग्रेस से प्रति-मील भुगतान की दिशा में आगे बढ़ने का अनुग्रह किया था।	सबस्यू 2011 रिपोर्ट में एक 18 सालीय 19 सालीय के रूप में हो सकते हैं.
1017	1017	1017	attachment	संलग्नक	अतिरिक्त
1018	1018	1018	And We taught him the art of making garments (of mail) to protect you in your daring. Are ye then thankful?	और हमने उसे तुम्हारे लिए एक परिधान (बनाने) की शिल्प-कला भी सिखाई थी, ताकि युद्ध में वह तुम्हारी रक्षा करे। फिर क्या तुम आभार मानते हो?	जी हूँ निर्णय के तरीके के बारे में सिखाया।
1019	1019	1019	Start	प्रारंभ	जारी
1020	1020	1020	"""Jambalaya,"" ""Cheatin' Heart"" ""I Saw the Light"""	"""Jambalaya,"""" Cheatin' हार्ट' "" मैं प्रकाश देखा """	"जम्बालaya,""चे�tin' Heart"" ""आई से से लाइट"""
1021	1021	1021	Mr Stevens visited nearly a dozen banks in the Portland area that morning.	उस सुबह श्री स्टीवन्स ने पोर्टलैंड के लगभग एक दर्जन से अधिक बैंकों का दौरा किया.	मैर स्टीवर्ट ने सुबह पोर्टल एयरो के कुछ दिनों पहले बैंकों को देखा।
1022	1022	1022	Invalid Server URI	अवैध सर्वर URI	असफल सर्वर यूआरआई का
1023	1023	1023	_Insert	प्रविष्ट करें (_I)	जो कोई भी
1024	1024	1024	You feel safe?	आप सुरक्षित महसूस करते हैं?	जी हुआ सुरक्षित हूँ?
1025	1025	1025	Glory be to Him, who created all the pairs of what the earth produces, and of themselves, and of what they know not.	महिमावान है वह जिसने सबके जोड़े पैदा किए धरती जो चीजें उगाती है उनमें से भी और स्वयं उनकी अपनी जाति में से भी और उन चीज़ो में से भी जिनको वे नहीं जानते	ज्यारेदस्तों को जो पृथ्वी पर पैदा करती है, वह पौधों के जिसे जाति है, वही है।
1026	1026	1026	You guys might not know this, but I considered myself a bit of a loner.	तुम्हें पता है कि यह नहीं हो दोस्तों, लेकिन मैं अपने आप को एक अकेले का थोड़ा विचार किया.	आप लोगों का कुछ नहीं हो सकता और इसके इसके इसके इसके इसके इसके इसके इसके इसके इसके इसके इसके!
1027	1027	1027	St_op Animation	संजीवन रोकें (_o)	मूल्याँे को सही साहित्य से बदल नहीं किये सकते
1028	1028	1028	WE'RE LIKE PARTNERS IN CRIME NOW, YOU KNOW.	अब हम अपराध में भागीदार पसंद कर रहे , आप जानते हैं.	बिल्क Rahul के साथ हमें यह हुआ, अब हमें यह नहीं हुआ।
1029	1029	1029	_Edit	संपादन (_E)	मैं नहीं कह सकता कि!?
1030	1030	1030	The center of scaling	अनुमापन का केंद्र	सकलिंग का सेंट्री एराज़
1031	1031	1031	A generic minimal and flat project	जेनेरिक Xlib प्रोजेक्ट	अनुपूर्ण और स्ट्रेट्चर प्रोटी
1032	1032	1032	Background Properties	पृष्ठभूमि गुण	जानकारी
1033	1033	1033	Starve	तारा	जीड़
1034	1034	1034	"And the Book (of Deeds) will be placed (before you); and thou wilt see the sinful in great terror because of what is (recorded) therein; they will say, ""Ah! woe to us! what a Book is this! It leaves out nothing small or great, but takes account thereof!"" They will find all that they did, placed before them: And not one will thy Lord treat with injustice."	"किताब (कर्मपत्रिका) रखी जाएगी तो अपराधियों को देखोंगे कि जो कुछ उसमें होगा उससे डर रहे है और कह रहे है, ""हाय, हमारा दुर्भाग्य! यह कैसी किताब है कि यह न कोई छोटी बात छोड़ती है न बड़ी, बल्कि सभी को इसने अपने अन्दर समाहित कर रखा है।"" जो कुछ उन्होंने किया होगा सब मौजूद पाएँगे। तुम्हारा रब किसी पर ज़ुल्म न करेगा"	मूल कहानी से यह नहीं हो सकती कि जिस जाति/जनसे लिखा गया वह व्यवहरित भी हो सकता है, और निपर्ण भी हो सकता है।
1035	1035	1035	Ayomatty:	आयोमैट्टी:	कोई भी नहीं:
1036	1036	1036	I wanna see how this dude has you livin'.	मैं चाहता हूं कि इस दोस्त तुम जीने की है कि कैसे देखते हैं.	मैं देखें चाहते हैं कि वे किसी भी तरह से अपने हाल-चिहाने के कार्य के बारेबात के बारे
1037	1037	1037	Even the horoscopes are a perfect match.	यहाँ तक कि कुंडली एक परिपूर्ण मैच रहे हैं।	किसी भी जानकारी जो सुनी जाती है, उसे किसी भी तरह से बदल नहीं किया गया या निर्णित नहीं किया गया है।
1038	1038	1038	I wouldn't know what to do with it if I did.	मुझे नहीं पता है इसके साथ क्या करना है अगर मैंने छूआ.	मैं उसे किसी के साथ या किसी के साथ खेलने या न देने दूँ, ऐसा नहीं होऊँकि मैं उसे किसी के साथ या किसी के साथ खेलने का कुछ नहीं कह लेता हूँ।
1039	1039	1039	(CRIES OUT)	(रोता)	(रिहर्मित हो रहे लोगों को दिया जा रहे पन्तियों के प्रति)
1040	1040	1040	Client Information	क्लाइंट सूचना	क्लेंट जानकारी
1041	1041	1041	I've few jobs to complete.	मुझे कुछ काम पूरे करने हैं.	कुछ रोजी-रोटी पूरा करने के लिए मेरा समय निकाल रहेगा।
1042	1042	1042	Yeah, it was lucky we were still around. Yep.	हाँ, यह हम अभी भी चारों ओर थे भाग्यशाली था.	जी है, हमें अभी भी शारीरिक स्थिरता थी.
1043	1043	1043	Yeah, that's not how opposites work.	हाँ, विपरीत यूँ काम नहीं करते।	जी है, ऐसा नहीं होता कि प्रत्यय opposites का काम होता
1044	1044	1044	Wherever you may be death will overtake you, even if you were in fortified towers.’ If any good befalls them, they say, ‘This is from Allah;’ and when an ill befalls them, they say, ‘This is from you.’ Say, ‘All is from Allah.’ What is the matter with these people that they would not understand any matter?	और वहां रेशा (बाल) बराबर भी तुम लोगों पर जुल्म नहीं किया जाएगा तुम चाहे जहॉ हो मौत तो तुमको ले डालेगी अगरचे तुम कैसे ही मज़बूत पक्के गुम्बदों में जा छुपो और उनको अगर कोई भलाई पहुंचती है तो कहने लगते हैं कि ये ख़ुदा की तरफ़ से है और अगर उनको कोई तकलीफ़ पहुंचती है तो (शरारत से) कहने लगते हैं कि (ऐ रसूल) ये तुम्हारी बदौलत है (ऐ रसूल) तुम कह दो कि सब ख़ुदा की तरफ़ से है पस उन लोगों को क्या हो गया है कि र्कोई बात ही नहीं समझते	जो भी समझ में आए, वे लोग मुसते हैं कि वे कुछ भी समझें नहीं।
1045	1045	1045	After this last year I have no affection for the old home	सामान सब निकाल कर बाहर रखो तो.	जिस पिछले साल के बाद मैं किसी भी तरह से प्रिय नहीं महसूस हूँ,
1046	1046	1046	Failed to create item on a server	सर्वर पर मद बनाने में विफल	सर्वर पर item बनाने के लिए
1047	1047	1047	Note: Underscore in the label name is used as mnemonic identifier in menu.	नोट: इस लेबल नाम में अंडरस्कोर मेन्यू में न्यूमोनिक पहचानकर्ता के रूप में प्रयुक्त है.	जानकारी से नहीं ले लिया गया है।
1048	1048	1048	Yes.	हाँ।	जी हाँ।
1049	1049	1049	I made the woman angry.	मैंने उस औरत को गस्सा दिलाया।	मैं शख़्सी व्यक्ति को मामा की साहस्य से परिचित हूँ.
1050	1050	1050	It is a meeting.	यह एक बैठक है.	सहित नहीं है।
1051	1051	1051	Homicide, Lebreton.	हत्या,LEBRETON	Homicide और Lebreton के बारे में
1052	1052	1052	Please select a plugin to activate	कृपया a प्लगइन को सक्रिय करें	Please select a plugin to activate
1053	1053	1053	Morocco	मोरक्कोworld. kgm	
1054	1054	1054	Giant I-beam... basket with grapes... pipe bender... a billion boxes.	विशालकाय आई-बीम... अंगूरों की टोकरी... पाइप बेंडर...	जाति की गिराम... वाइन की गिन्न... पाइप बेंडर... एक बिलियन की बॉक्स।
1055	1055	1055	Zachariah, John, Jesus, and Elijah, every one of them was righteous,	और ज़करिया व यहया व ईसा व इलियास (सब की हिदायत की (और ये) सब (ख़ुदा के) नेक बन्दों से हैं	जिस्म, जॉन, येशू, और एलिया, हर एक ने जिस्मी साहबुद्द हैं,
1056	1056	1056	And for every nation have We appointed a ritual, that they may mention the name of Allah over the beast of cattle that He hath given them for food; and your god is One God, therefor surrender unto Him. And give good tidings (O Muhammad) to the humble,	और हमने तो हर उम्मत के वास्ते क़ुरबानी का तरीक़ा मुक़र्रर कर दिया है ताकि जो मवेशी चारपाए खुदा ने उन्हें अता किए हैं उन पर (ज़िबाह के वक्त) ख़ुदा का नाम ले ग़रज़ तुम लोगों का माबूद (वही) यकता खुदा है तो उसी के फरमाबरदार बन जाओ	मुक्तियाँ: और ओ मुक्तियाँ (ओ मुहमूद) के लिए सौप्रसारियों (O Muhammad) के लिए अच्छे विद्रियों (O Muhammad) के प्रति
1057	1057	1057	Fear makes men fight better.	डर पुरुषों बेहतर लड़ने बनाता है.	जागरूकता से हारा जाता है।
1058	1058	1058	Alif. Lam. Ra. These are the verses of the illustrious Book.	अलिफ़ लाम रा ये वाज़ेए व रौशन किताब की आयतें है	यह पाठ सांग.
1059	1059	1059	And were the truth to follow their desires there would have been corrupted the heavens and the earth and whatsoever is therein. Aye! We have come to them with their admonition; so it is from their admonition that they turn away.	और अगर कहीं हक़ उनकी नफसियानी ख्वाहिश की पैरवी करता है तो सारे आसमान व ज़मीन और जो लोग उनमें हैं (सबके सब) बरबाद हो जाते बल्कि हम तो उन्हीं के तज़किरे (जिबरील के वास्ते से) उनके पास लेकर आए तो यह लोग अपने ही तज़किरे से मुँह मोड़तें हैं	जो भी सच है, उसे उनकी इच्छा से प्रभावित होता है.
1060	1060	1060	Yacc/Bison flags:	Yacc /बाइसन फ्लैग्स:	यक/बिसन्थ फ़्लैग्स:
1061	1061	1061	My father was working in the Held.	मेरे पिता ने खेत में काम कर रहा था.	मेरे पापा होल्ड में काम कर रहे थे।
1062	1062	1062	Those who attacked us are relentless and crazy.	जिन्होंने हम पर हमला किया था वे कठोर और बावले हैं।	जो हमें चोट पहूँचते हैं, उन्हें हमारे प्रति प्रति प्रति प्रति प्रति प्रति प्रति प्रति प्रति प्रति प्रति प्रति प्रति प्रति प्रति प्रति प्रति प्रति प्रति प्रति प्रति प्रति प्रति प्रति प्रति प्रति प्रति प्रति प्रतिन प्रतिन
1063	1063	1063	Default folder to use for the '--add' and '--extract' commands	--add और --extract कमान्ड में उपयोग हेतु डिफ़ॉल्ट फ़ोल्डर	--add और --extract करने के लिए default फ़ोल्डर का उपयोग होग
1064	1064	1064	terminal operations	टर्मिनल संचालन	किसी भी जानकारी जोड़ने, हटाने, या बदलने की कोई जानकारी शामिल कर सकती है।
1065	1065	1065	TREVOR:	ट्रेवर:	"कार्यक्रम:
जॉर्ज:"
1066	1066	1066	Port:	पोर्टः	पोर्ट:
1067	1067	1067	He never takes into account the fact that I am very busy.	वह कभी भी इस बात का खयाल नहीं करता है कि मैं कितना व्यस्थ हूँ।	जिस व्यक्ति को मुख्य रूप से इसके लाभ के बारे में ध्यान मिलता है, नतीज़ भी मिल सकते हैं।
1068	1068	1068	Cannot create new folder '%s'	नया फ़ोल्डर `%s' नहीं बना सकता है	इन्हें हटा दें '%s'
1069	1069	1069	That's a different category.	यह अलग श्रेणी है.	जो कुछ है उससे अलग है।
1070	1070	1070	Bulla, who knows who I am!	बुल्ला, कौन जाने मैं कौन!	जिस्म में जी हूँ, जिस्म के पास जी हूँ!
1071	1071	1071	This is because they say: 'The fire of Hell shall not touch us except for a limited number of days.' The false beliefs which they have forged have deluded them in their faith.	"यह इसलिए कि वे कहते, ""आग हमें नहीं छू सकती। हाँ, कुछ गिने-चुने दिनों (के कष्टों) की बात और है।"" उनकी मनघड़ंत बातों ने, जो वे घड़ते रहे हैं, उन्हें धोखे में डाल रखा है"	यह है क्योंकि वे कहते हैं: 'हमारी पवित्ति के प्रलभ के तुम्हारे प्रभाव के तुम्हारे प्रभाव के तुम्हारे प्रभाव के तुम्हारे प्रभाव के तुम्हारे प्रभाव के तुम्हारे प्रभाव के तुम्हारे प्रभाव के तुम्हारे प्रभाव के तुम्हारे प्रभाव के तुम्हारे प्रभाव के तुम्हारे प्रभाव के तुम्हारे प्रभाव के तुम्हारे प्रभाव के तुम्हारे प्रभाव के तुम्हारे प्रभाव के तुम्हारे प्रभाव के तुम्हारे प्रभाव के तुम्हारे प्रभाव के तुम्हारे प्रभाव के तुम्हारे प्रभाव के तुम्हारे प्रभाव के तुम्हारे प्रभाव के तुम्हार
1072	1072	1072	- Please, somebody!	कृपया, किसी को!	कृपयोग्यता: कृपयोग्यता:
1073	1073	1073	New Game	नया खेल score-dialog	नई गेम
1074	1074	1074	O you who have faith! Indeed many of the scribes and monks wrongfully eat up the people’s wealth, and bar [them] from the way of Allah. Those who treasure up gold and silver, and do not spend it in the way of Allah, inform them of a painful punishment	ऐ ईमानदारों इसमें उसमें शक़ नहीं कि (यहूद व नसारा के) बहुतेरे आलिम ज़ाहिद लोगों के माल (नाहक़) चख जाते है और (लोगों को) ख़ुदा की राह से रोकते हैं और जो लोग सोना और चाँदी जमा करते जाते हैं और उसको ख़ुदा की राह में खर्च नहीं करते तो (ऐ रसूल) उन को दर्दनाक अज़ाब की ख़ुशखबरी सुना दो	माफ़ के लिए जो लोग है... वे!
1075	1075	1075	- Yes.	-हाँ।	जी हाँ।
1076	1076	1076	Ah.	आह.	।
1077	1077	1077	I told her to come to Sanjeevaiah Park.	मैने उसे संजीवियाह पार्क आने को कहा था.	मैंने उसे सैनजीवाह पार्क में आने के लिए कहा।
1078	1078	1078	Listen, I wanna tell you something.	सुनो, मैं तुम्हें कुछ बताना चाहता हूँ.	रिकॉर्ड कर सकते हैं।
1079	1079	1079	we wanted you to learn what it meant to be a human first.	हम तुम क्या सीखना चाहता था यह एक मानव पहले होने का मतलब.	हम चाहते हैं कि आप इस पृष्ठ को समझ सके कि यह कैसे हो सकता है.
1080	1080	1080	(STARTS ENG I N E)	(शुरू होता है इंग्लैंड INE)	(STARTS ENG I N E)
1081	1081	1081	They disbelieve those who say, “God is the Messiah the son of Mary.” But the Messiah himself said, “O Children of Israel, worship God, my Lord and your Lord. Whoever associates others with God, God has forbidden him Paradise, and his dwelling is the Fire. The wrongdoers have no saviors.”	जो लोग उसके क़ायल हैं कि मरियम के बेटे ईसा मसीह ख़ुदा हैं वह सब काफ़िर हैं हालॉकि मसीह ने ख़ुद यूं कह दिया था कि ऐ बनी इसराईल सिर्फ उसी ख़ुदा की इबादत करो जो हमारा और तुम्हारा पालने वाला है क्योंकि (याद रखो) जिसने ख़ुदा का शरीक बनाया उस पर ख़ुदा ने बेहिश्त को हराम कर दिया है और उसका ठिकाना जहन्नुम है और ज़ालिमों का कोई मददगार नहीं	यह कहते कि ईवमी का बच्चा मिसर का ईवमी का बच्चा गैर-ईवमी के लोगों के साथ-साथ ईवमी का बच्चा स्वतंत्रता का प्राप्तकर्ता होता है
1082	1082	1082	"and say, ""All praise is due to God who has never begotten a son and who has no partner in His kingdom; nor does anyone aid Him because of any weakness of His. Proclaim His greatness."""	"और कहो, ""प्रशंसा अल्लाह के लिए है, जिसने न तो अपना कोई बेटा बनाया और न बादशाही में उसका कोई सहभागी है और न ऐसा ही है कि वह दीन-हीन हो जिसके कारण बचाव के लिए उसका कोई सहायक मित्र हो।"" और बड़ाई बयान करो उसकी, पूर्ण बड़ाई"	जिस्म के प्रसार का विवरण और जिस्म का प्रसवरण के विवरण जिस्म के प्रसवरण के विवरण जिस्म के प्रसवरण के विवरण जिस्म के प्रसवरण के विवरण जिस्म के प्रसवरण के विवरण जिस्म के प्रसवरण के विवरण जिस्म के प्रसवरण के विवरण जिस्म के प्रसवरण के विवरण जिस्म के प्रसवरण के विवरण जिस्म के प्रसवरण के विवरण जिस्म के प्रसवरण के विवरण जिस्म के प्रसवरण के विवरण जिस्म के प्रसवरण के विवरण जिस्म के प्रसवरण के विवरण जिस्म के प्रसवरण के विवरण जिस्म के प्रसवरण के विवरण जिस्म के प्रसवरण के विवरण जिस्म क
1083	1083	1083	iCalendar information	आईकैलेंडर सूचना	"कैलेंडर के जानकारी के लिखित जानकारी के लिए सुनिश्चित किया जा सकता है:

* कैलेंडर के जानकारी के लिखित प्रतिकृत किया जा सकता है।
* कैलेंडर के जानकारी के लिखित प्रतिकृत किये जा सकते हैं।
* कैलेंडर के जानकारी के लिखित प्रतिकृत किये जा सकते हैं।
* कैलेंडर के जानकारी के लिखित प्रतिकृत किये जा सकते हैं।"
1084	1084	1084	I didn't think she'd make it.	मुझे नहीं लगा था कि वह इसे सह पायेगी.	मैंने भी सोचा नहीं कि वह इस बात पर प्रतिबल्युक्त रहेगी।
1085	1085	1085	Your Lord is All-forgiving and All-merciful. Had He wanted to punish them for their sins, He would have been prompt to torment them. For their punishment there is an appointed time, after which there will be no way for them to escape.	तुम्हारा रब अत्यन्त क्षमाशील और दयावान है। यदि वह उन्हें उसपर पकड़ता जो कुछ कि उन्होंने कमाया है तो उनपर शीघ्र ही यातना ला देता। नहीं, बल्कि उनके लिए तो वादे का एक समय निशिचत है। उससे हटकर वे बच निकलने का कोई मार्ग न पाएँगे	जिस कार्य में राज्य का प्रवर्ता हो तो वह कार्य अतिशयग्राही होगा।
1086	1086	1086	I'll write like chalk...	I'll write like chalk...	जी हूँ चारों को लिखना...
1087	1087	1087	Description	स्थिति	I English से हाँ।
1088	1088	1088	Or say they (again): He hath invented it? Say: If I have invented it, upon me be my crimes, but I am innocent of (all) that ye commit.	(ऐ रसूल) क्या (कुफ्फ़ारे मक्का भी) कहते हैं कि क़ुरान को उस (तुम) ने गढ़ लिया है तुम कह दो कि अगर मैने उसको गढ़ा है तो मेरे गुनाह का वबाल मुझ पर होगा और तुम लोग जो (गुनाह करके) मुजरिम होते हो उससे मै बरीउल ज़िम्मा (अलग) हूँ	जिस्म के लिखित है उसे लिखित नहीं किया के दुष्ट्वादित हो संकेतित है।
1089	1089	1089	They say: Our Lord! Twice hast Thou made us die, and twice hast Thou made us live. Now we confess our sins. Is there any way to go out?	वह लोग कहेंगे कि ऐ हमारे परवरदिगार तू हमको दो बार मार चुका और दो बार ज़िन्दा कर चुका तो अब हम अपने गुनाहों का एक़रार करते हैं तो क्या (यहाँ से) निकलने की भी कोई सबील है	माफ़ के लिए: हमेंLord! Twice hast Thou मार दी है और Twice hast Thou मार की है। अब हम माफ़ के लिए हमेंLord! दोहरे!
1090	1090	1090	Add [+]	जोड़ें [+]	जो कुछ हो सकता है, उसे जोड़ें
1091	1091	1091	Sending little notes like this with pictures, and threats and fucked-up shit.	चित्रों के साथ, और खतरों और गड़बड़ हुआ गंदगी इस तरह छोटे नोटों भेजा जा रहा है.	अर्थात्, छोटी संकेत जैसे पिक्चर्स, थ्रेट्स, और फ़ूड-अप से जुड़ी कोई चीज़ भी छोड़े, विल्कफ़्यात-ग्रस्ट से जुड़ी कोई चीज़ भी छोड़े, आदि।
1092	1092	1092	You know I know that he would look just like you and I couldn't wish for anything more.	आप मुझे वह आप की तरह लग रहे थे कि पता और मैं ज्यादा कुछ के लिए इच्छा नहीं कर सकता.	जो knows I knows that he would just like you and I couldn't wish for anything more.
1093	1093	1093	Failed to retrieve messages.	संदेश पुनर्प्राप्त करने में असमर्थ	दिए नहीं रहे यारे दिए नहीं रहे कार्य किए निर्दोष रूप से निर्दोष रूप से निर्दोष रूप से
1094	1094	1094	_Picture Gallery	तस्वीर दीर्घा (_P)	प्रिंट गैलरी
1095	1095	1095	It feels ridiculous to begin with, but when meetings are working, it's very effective.	शुरुआत में बड़ा अजीब लगता है, लेकिन जब मीटिंग्स आरम्भ हो जाती हैं, तो यह काफ़ी अच्छा है.	इसे कोई भी नहीं कर सकते, जो के कार्य कामयोग्य होता है, यह विशेष रूप से लोगों के लिए सुस्पष्ठता प्रदान करती है।
1096	1096	1096	Do you not see that Allah has made what is in the heavens and what is in the earth subservient to you, and made complete to you His favors outwardly and inwardly? And among men is he who disputes in respect of Allah though having no knowledge nor guidance, nor a book giving light.	क्या तुमने देखा नहीं कि अल्लाह ने, जो कुछ आकाशों में और जो कुछ धरती में है, सबको तुम्हारे काम में लगा रखा है और उसने तुमपर अपनी प्रकट और अप्रकट अनुकम्पाएँ पूर्ण कर दी है? इसपर भी कुछ लोग ऐसे है जो अल्लाह के विषय में बिना किसी ज्ञान, बिना किसी मार्गदर्शन और बिना किसी प्रकाशमान किताब के झगड़ते है	जिस व्यक्ति के बारे में नहीं हो सकता कि अल्लाह के प्रलाप के बारे में नहीं हो सकता कि अल्लाह के प्रलाप के बारे में नहीं हो सकता कि अल्लाह के प्रलाप के बारे में नहीं हो सकता कि अल्लाह के प्रलाप के बारे में नहीं हो सकता कि अल्लाह के प्रलाप के बारे में नहीं हो सकता कि अल्लाह के प्रलाप के बारे में नहीं हो सकता कि अल्लाह के प्रलाप के बारे में नहीं हो सकता कि अल्लाह के प्रलाप के बारे में नहीं हो सकता कि अल्लाह के प्रलाप के बारे में नहीं हो सकता कि अल्लाह के प्रलाप के बारे में नहीं ह
1097	1097	1097	Cannot add group	जोड़ें समूह	ज़ group के लाभ नहीं हो सकते
1098	1098	1098	My final class, because from now on... your training will be in the hands of the Dragon Warrior.	मेरी अंतिम कक्षा क्योंकि अब से... तुम्हारे प्रशिक्षण का काम ड्रैगन योद्धा के सुपुर्द है।	जो की सारी क्लास मैंने बिल्कर से हुई, अब मैंने डragon वारियर से हुई.
1099	1099	1099	Kate Session Applet	केएटीई सत्र मेन्यूComment	केट सीज़न सेप्शन एप्लट
1100	1100	1100	Additional Vala compiler flags for this target.	अतिरिक्त वाला फ्लैग्स के लिए यह लक्ष्य.	अन्य वाली कोड्डर जोड़न के कोड्डर जोड़ें
1101	1101	1101	Activate	सक्रिय करें	बनाए
1102	1102	1102	Delete	मिटाएं	इस सामग्री को हटाने के लिए
1103	1103	1103	How excellent it would be, if they were pleased with what Allah and His Noble Messenger had given them and said, “Allah suffices us; Allah will now give us by His munificence, and (so will) Allah’s Noble Messenger – and towards Allah only are we inclined.”	"यदि अल्लाह और उसके रसूल ने जो कुछ उन्हें दिया था, उसपर वे राज़ी रहते औऱ कहते कि ""हमारे लिए अल्लाह काफ़ी है। अल्लाह हमें जल्द ही अपने अनुग्रह से देगा और उसका रसूल भी। हम तो अल्लाह ही की ओऱ उन्मुख है।"" (तो यह उनके लिए अच्छा होता)"	"इस संस्करण में कुछ जटिल और प्रभावशील होते हैं:

*   हिंदी में एक स्पषह और प्रभावशील तरीके के लिए, जैसे कि “Allah सुविधि हमें; Allah will now give us by His munificence, and (so will) Allah’s Noble Messenger – and towards Allah only are we inclined.”"
1104	1104	1104	We will extend the exemption bersyaratmu eight months.	हम छूट Bersyaratmu आठ महीने का विस्तार होगा.	कोई भी जानकारी जोड़ सकते हैं/जिन्हें जानकारारू बनाया जा सकता है.
1105	1105	1105	"They said, ""Lot, if you do not give up preaching, you will certainly be expelled (from this town)""."	"उन्होंने कहा, ""यदि तू बाज़ न आया, ऐ लतू! तो तू अवश्य ही निकाल बाहर किया जाएगा।"""	यह कहता है, “लोट”, if you do not give up preaching, you will certainly be expelled (from this town))।
1106	1106	1106	_Add Bookmark…	पुस्तचिह्न जोड़ें... (_A)	
1107	1107	1107	Ken wanted a piano as a kid.	केन बचपन में एक पियानो चाहता था.	केन की माँ की पiano के लिए कुछ समय सालों तक का पiano सीखते रहे
1108	1108	1108	Lay_out	ख़ाका (_o)	I/nah/No translatable text available.
1109	1109	1109	Thanks, for the bachelor party, I guess?	धन्यवाद, स्नातक पार्टी के लिए, मुझे लगता है?	बच्च पार्टी के लिए
1110	1110	1110	Python support warning	पायथन समर्थन चेतावनी	यह सुनना या किसी जानकारी को बदलन या वैध करने की पूरी क्षमता के लाभ है।
1111	1111	1111	- You will receive no more.	- आप कुछ भी प्राप्त होगा.	यह सुनना योग्य नहीं है।
1112	1112	1112	Error subscribing to folder	सदस्यता लिए हुए फ़ोल्डरों में त्रुटि	जिसे संग्रह करने के लिए यात्रा करने के लिए या निर्णय के लिए व्यक्त किया जाता तो होगा कि शामिल नहीं किया जाता है।
1113	1113	1113	Where is he?	वह कहाँ है?	He के पास है?
1114	1114	1114	Start the prayers, Guru!	पूजा शुरु करो, गुरु!	मार्ग!
1115	1115	1115	Edit Custom Messages…	पसंदीदा संदेश संपादित करें...	योग्यता सुनिश्चित Messages के संशोधन...
1116	1116	1116	There was no space in the interview for any understanding of the fact that you've been living somewhere.	इंटरव्यू के दौरन इस बात को समझने की कहीं कोई गुंजाइश नहीं थी कि आप किसी जगह पर बसे हुए थे.	इंटरव्यू में कोई जगह नहीं थी जिसे जानकारी देने के लिए था वह.
1117	1117	1117	We have to find that old man!	उस बूढ़े आदमी को हमें खोजना है!	जिसे 80 के दशक में रहा तो वह है मेरा दोस्त!
1118	1118	1118	Is he who founded his building upon duty to Allah and His good pleasure better; or he who founded his building on the brink of a crumbling, overhanging precipice so that it toppled with him into the fire of hell? Allah guideth not wrongdoing folk.	फिर क्या वह अच्छा है जिसने अपने भवन की आधारशिला अल्लाह के भय और उसकी ख़ुशी पर रखी है या वह, जिसने अपने भवन की आधारशिला किसी खाई के खोखले कगार पर रखी, जो गिरने को है। फिर वह उसे लेकर जहन्नम की आग में जा गिरा? अल्लाह तो अत्याचारी लोगों को सीधा मार्ग नहीं दिखाता	जिस व्यक्ति ने अपने घर के निर्माण पर कर्तव्यत्व दोषलवल्य पल्लित किया है, वही जो विनम्रता, सहानजाति, और सह-पल्लितित्व के प्रतिवादी है, दोषलवल्य पल्लित करते हैं और वे दोषलवल्य पल्लित करते हैं.”
1119	1119	1119	(SIGHS) Tell you what.	(आह) आपको क्या करे.	जो कुछ भी है, उसे बताएँगे।
1120	1120	1120	[PA announcement in native language]	[स्थानीय भाषा में पी. ए. घोषणा]	शरीरी जानकारी को जोड़न, हटाने, या इसके किसी होते जो के information को जोड़ने वाले अन्य जानकारी को भी जोड़ने वाले जानकारी को भी जोड़ने वाले किसे भी जानकारी देने वाले को भी जानकारी देने वाले को भी जानकारी देने वाले को भी जानकारी देने वाले को भी जानकारी देने वाले को भी जानकारी देने वाले को भी जानकारी देने वाले को भी जानकारी देने वाले को भी जानकारी देने वाले को भी जानकारी देने वाले को भी जानकारी देने वाले को भी जानकारी देने वाले को भी जानकारी देने वाले
1121	1121	1121	Microsoft Global Catalog over SSL	SSL पर माइक्रोसॉफ्ट वैश्विक कैटालॉग	माइक्रो साइंस गोलरेखा
1122	1122	1122	Total time taken: %lu secs	कुल समय नहीं	"Translate following English to Hindi text:
Total time taken: %time (sec)"
1123	1123	1123	Why is that Alan?	ऐसा क्यों?	प्रासंगीय कारण है कि वे क्या है
1124	1124	1124	This is no longer a sound strategy.	यह अब एक ठोस रणनीति है.	यह कोई बिल्कर स्ट्रीटेज़ नहीं रही थी.
1125	1125	1125	Start	प्रारंभ	जारी
1126	1126	1126	The Hollow is no different.	खोखले अलग नहीं है।	अनुपूर्ण नहीं होता है।
1127	1127	1127	We've got four D-Locks.	हमारे पास चार डी-लॉक्स हैं.	डी.लॉक्स होते हैं।
1128	1128	1128	So do not strike any similitudes to Allah. Allah knows whereas you do not know.	अतः अल्लाह के लिए मिसालें न घड़ो। जानता अल्लाह है, तुम नहीं जानते	"सब कुछ इस प्रकार है : 
नहीं सँस्कृतिके होते हैं (जो कुछ भी होते,) जो कुछ भी हो सकते, सभ कुछ हो सकता |"
1129	1129	1129	Merge an individual commit from another branch	मिलाएं से	मैं किसी व्यक्ति से एक अन्य शाखा में काम करने का संकेत देता ह
1130	1130	1130	Viper and Tigress, do, like, a Totem Pole Poison Technique!	वाइपर और टाइग्रेस, टोटम स्तंभ विष तकनीक जैसे करो!	जीवित्र और तिग्र्ट्र, विवाहित और विवाह के प्रतिवादी थे, तोतेम पोल पोज़ के प्रतिवादी थे,
1131	1131	1131	Kontact	कॉन्टेक्ट	कontैक्ट
1132	1132	1132	Zero heat.	शून्य गर्मी.	सही है।
1133	1133	1133	They shall be in a Garden lofty:	उच्च जन्नत में,	किसी भी जानकारी जोड़न, रोकन, या बदलने की कोई कार्य हो सकता है।
1134	1134	1134	Open	खोलें	बंद
1135	1135	1135	God is not ashamed to strike a similitude even of a gnat, or aught above it. As for the believers, they know it is the truth from their Lord; but as for unbelievers, they say, 'What did God desire by this for a similitude?' Thereby He leads many astray, and thereby He guides many; and thereby He leads none astray save the ungodly	"निस्संदेह अल्लाह नहीं शरमाता कि वह कोई मिसाल पेश करे चाहे वह हो मच्छर की, बल्कि उससे भी बढ़कर किसी तुच्छ चीज़ की। फिर जो ईमान लाए है वे तो जानते है कि वह उनके रब की ओर से सत्य हैं; रहे इनकार करनेवाले तो वे कहते है, ""इस मिसाल से अल्लाह का अभिप्राय क्या है?"" इससे वह बहुतों को भटकने देता है और बहुतों को सीधा मार्ग दिखा देता है, मगर इससे वह केवल अवज्ञाकारियों ही को भटकने देता है"	Today Date: 13 May 2026
1136	1136	1136	- HE DOESN'T USE ONE.	- वह एक का उपयोग नहीं करता.	बिलकुल नहीं uses one.
1137	1137	1137	[Captain] Mask up.	[कप्तान] ऊपर मुखौटा.	कैप्टेन को चुपचित्ट कर देना होगा।
1138	1138	1138	And I will always stay	औरमैंकरूँगाहमेशारहना	I will always be here
1139	1139	1139	If you ask again, I'll say yes.	आप फिर से पूछो, मैं हाँ कह देंगे।	अगर आप दूसरी बार, मैं सुनने के लिए कहूँगी.
1140	1140	1140	You promised to handover the kingdom the princess.	तुमने वचन दिया था कि ये साम्राज्य और राजकुमारी तुम मुझे सौप दोगे.	आपको राज्य के रानी दे देने का वादा था।
1141	1141	1141	Indeed the requital of those who wage war against Allah and His Apostle, and try to cause corruption on the earth, is that they shall be slain or crucified, or shall have their hands and feet cut off from opposite sides, or be banished from the land. That is a disgrace for them in this world, and in the Hereafter, there is a great punishment for them,	जो लोग ख़ुदा और उसके रसूल से लड़ते भिड़ते हैं (और एहकाम को नहीं मानते) और फ़साद फैलाने की ग़रज़ से मुल्को (मुल्को) दौड़ते फिरते हैं उनकी सज़ा बस यही है कि (चुन चुनकर) या तो मार डाले जाएं या उन्हें सूली दे दी जाए या उनके हाथ पॉव हेर फेर कर एक तरफ़ का हाथ दूसरी तरफ़ का पॉव काट डाले जाएं या उन्हें (अपने वतन की) सरज़मीन से शहर बदर कर दिया जाए यह रूसवाई तो उनकी दुनिया में हुई और फिर आख़ेरत में तो उनके लिए बहुत बड़ा अज़ाब ही है	Translate following text to Hindi.
1142	1142	1142	The girl looked around.	उस लड़की ने पीछे मुड़कर देखा।	जल्दही कुछ कहा।
1143	1143	1143	It is my responsibility to send you back home safe and sound	यह मेरी जिम्मेदारी है आप वापस घर सही सलामत भेजने के लिए	आपको घर ले जाया जाने के लिए भी सुरक्षा प्रदान करने के लिए मेरी जिमेदारी है।
1144	1144	1144	To Him is your return. This is Allah's promise that will certainly come true. Surely it is He Who brings about the creation of all and He will repeat it so that He may justly reward those who believe and do righteous deeds; and that those who disbelieve may have a draught of boiling water and suffer a painful chastisement for their denying the truth.	तुम सबको (आख़िर) उसी की तरफ लौटना है ख़ुदा का वायदा सच्चा है वही यक़ीनन मख़लूक को पहली मरतबा पैदा करता है फिर (मरने के बाद) वही दुबारा जिन्दा करेगा ताकि जिन लोगों ने ईमान कुबूल किया और अच्छे अच्छे काम किए उनको इन्साफ के साथ जज़ाए (ख़ैर) अता फरमाएगा और जिन लोगों ने कुफ्र एख्तियार किया उन के लिए उनके कुफ्र की सज़ा में पीने को खौलता हुआ पानी और दर्दनाक अज़ाब होगा	अरे! हिंदे के वापसी. यह है अल्लाह की प्रत्यापित प्रतिनिधित्व; और जिसने निष्ठा की चपट्टी का संकल्प दिया है।
1145	1145	1145	Welcome, James.	स्वागत है, जेम्स।	जेम्स!
1146	1146	1146	In it We prescribed for them: a life for a life, an eye for an eye, a nose for a nose, and an ear for an ear, a tooth for a tooth, and retaliation for wounds. Yet whoever remits it out of charity, that shall be an atonement for him. Those who do not judge by what Allah has sent down—it is they who are the wrongdoers.	और हम ने तौरेत में यहूदियों पर यह हुक्म फर्ज क़र दिया था कि जान के बदले जान और ऑख के बदले ऑख और नाक के बदले नाक और कान के बदले कान और दॉत के बदले दॉत और जख्म के बदले (वैसा ही) बराबर का बदला (जख्म) है फिर जो (मज़लूम ज़ालिम की) ख़ता माफ़ कर दे तो ये उसके गुनाहों का कफ्फ़ारा हो जाएगा और जो शख्स ख़ुदा की नाज़िल की हुई (किताब) के मुवाफ़िक़ हुक्म न दे तो ऐसे ही लोग ज़ालिम हैं	यह गवँगे दिए से नहीं लिखेंगे याद रखेंगे विषय बदले और विद्रु के हक्के लिखेंगे।
1147	1147	1147	We would have to drug a thousand people without their consent?	हम उनकी सहमति के बिना दवा के एक हजार लोग करना होगा?	जिसे Consent नहीं दिया?
1148	1148	1148	Mr. President, sir?	अध्यक्ष महोदय, श्रीमान?	सर??
1149	1149	1149	And my wife, Deborah See everything that happens.	और मेरी पत्नी, दबोरा... ... क्या होता है देखो.	औरमेरी पत्नी देबोरा सुन everything that happens.
1150	1150	1150	No, Judith, Judith, talk to me.	नहीं, जूडिथ, जूडिथ, मुझसे बात करो.	अरे, जुडिथ, जुडिथ, बात चिल्लो कर.
1151	1151	1151	Listen to what I have in mind.	मेरे मन में क्या है, सुनो.	मैं आपको जो सुन रहा है, उसे ध्यान से सुनें
1152	1152	1152	All Battle Groups, deploy drones.	सभी लड़ाई समूह, ड्रोन की तैनाती.	बैटल ग्रुप, ड्रोन का डिफ़्स्ड स्ट्रेंड.
1153	1153	1153	Let you choose your new project	आपको नई परियोजना चुनने की छूट देता है	बिल्कुल, इस जानकारी को किसी के नए प्रोजेक्ट के लिए दे सकते ह
1154	1154	1154	Nay! When the earth is pounded to powder,	सुन रखो कि जब ज़मीन कूट कूट कर रेज़ा रेज़ा कर दी जाएगी	अरे! जब पृथ्वी पर पानी का भार कम कर देते हैं,
1155	1155	1155	All information in this memo will be deleted and can not be restored.	इस यथारूप प्रविष्टि की सभी सूचनाएँ मिट दी जाएँगी और फिर सहेजी नहीं जा सकेगी.	यह जानकारी इस मेमो के साथ खत्म होगी और इसका पुनर्स्थापना भी नह हो सकती
1156	1156	1156	Our house is cursed.	हमारा घर शापित है.	हमारा घर पापल है।
1157	1157	1157	/ Yes, I'm Doug.	/ हाँ, मैं हूँ डौग.	डॉग के क्या हैं?
1158	1158	1158	Cyrillic (_KOI8-R)	साइरिलिक (_KOI8-R)	Yes
1159	1159	1159	Those who take disbelievers for Auliya' (protectors or helpers or friends) instead of believers, do they seek honour, power and glory with them? Verily, then to Allah belongs all honour, power and glory.	जो ईमानवालों को छोड़कर इनकार करनेवालों को अपना मित्र बनाते है। क्या उन्हें उनके पास प्रतिष्ठा की तलाश है? प्रतिष्ठा तो सारी की सारी अल्लाह ही के लिए है	जो लोगों को विश्वास दिलाने वाले व्यक्ति के पास होने वाले शानदार प्रभाव से लाभ उठाते तो क्या?
1160	1160	1160	L laid with him that night in the wind, as sure as any mortal man.	मैं किसी भी नश्वर आदमी के रूप में यकीन रूप , हवा में उस रात उसके साथ रखी.	जे सिंह ने रात में बैठकर उस दिन के विंड के बीच पर स्थित हुई थी.
1161	1161	1161	translator-credits	राजेश रंजन (rranjan@redhat.com, rajeshkajha@yahoo.com) चंदन कुमार (chandankumar.093047@gmail.com)	इस टिप्पटियों के साथ कुछ नहीं हो सकते
1162	1162	1162	Move ~a onto the queen of clubs.	~a को चिड़ी की बेगम पर घुमाएँ.	बार बीटी में कोई स्थानांतर्क रूप में हो सकता है.
1163	1163	1163	Like he was two different people.	की तरह वह दो अलग अलग लोगों को था.	जैसा है वे दो अलग लोग हैं।
1164	1164	1164	- Men and women.	- पुरुष और महिलाएँ.	- पुरुष और महिलाएँ।
1165	1165	1165	I had to work for mine.	मैं मेरे लिए काम किया था.	मेरी से काम करना पड़ता था।
1166	1166	1166	(After having revealed the Quran to you) in all truth and justice, your Lord's Word has been completed. No one can change His Words. He is All-hearing and All-knowing.	तो तुम (कहीं) शक़ करने वालों से न हो जाना और सच्चाई और इन्साफ में तो तुम्हारे परवरदिगार की बात पूरी हो गई कोई उसकी बातों का बदलने वाला नहीं और वही बड़ा सुनने वाला वाक़िफकार है	(जो) अपने कुरान को सारी सच्चाई और सज़ा के सांसकेत्र में बतातेे)
1167	1167	1167	So it won't be strong enough to kill her.	तो यह काफी मजबूत उसे मारने के लिए नहीं होगा।	यह नहीं हो सकता कि यह जानकारी के प्रति साबुत हो सकता है.
1168	1168	1168	Unfortunate people?	दुर्भाग्यपूर्ण लोग?	सहस्रक्षित लोग?
1169	1169	1169	Where is your son Tatsuhei?	आपका पुत्र 'तातसुहेइ' कहाँ है?	Tatsuhei's son?
1170	1170	1170	- Mother, please stop it.	-माँ,अब बस करो	- माँ, पल्ल नहीं कर सकती।
1171	1171	1171	But then he says...	लेकिन तभी वह...	जैसे तो कह रहा...
1172	1172	1172	I'm going away from you.	मैं जा रहा हूँ यहाँ से।	आप से चला रहूँँगे।
1173	1173	1173	Maximum length of the text inside the actor	कर्ता के अंदर पाठ के अधिकतम लंबाई	maximum length of the text inside the actor
1174	1174	1174	Should brasero replace symbolic links by their target files in the project. Set to true, brasero will replace symbolic links.	क्या ब्रैसेरो को परियोजना में लक्षित फाइलों के द्वारा सांकेतिक कड़ी से बदला जाना चाहिए. सही पर सेट करें, ब्रैसेरो सांकेतिक कड़ी को बदलेगा.	ब्रसेरो के सिर्क्यल लिंक्स के बीच के कार्यों के लिए तो पूरी तरह से सही होगा
1175	1175	1175	Their meat will not reach Allah, nor will their blood, but what reaches Him is piety from you. Thus have We subjected them to you that you may glorify Allah for that [to] which He has guided you; and give good tidings to the doers of good.	न उनके माँस अल्लाह को पहुँचते है और न उनके रक्त। किन्तु उसे तुम्हारा तक़वा (धर्मपरायणता) पहुँचता है। इस प्रकार उसने उन्हें तुम्हारे लिए वशीभूत किया है, ताकि तुम अल्लाह की बड़ाई बयान करो, इसपर कि उसने तुम्हारा मार्गदर्शन किया और सुकर्मियों को शुभ सूचना दे दो	अरे, यह सुनना है कि Allah ने उन्हें इस बात पर प्रोत लगाया है कि वे लोगों ने Allah की इज़ारद्दी को इस बात पर प्रोत लगाया है कि वे लोगों ने Allah की इज़ारद्दी को इस बात पर प्रोत लगाया है कि वे लोगों ने Allah की इज़ारद्दी को इस बात पर प्रोत लगाया है कि वे लोगों ने Allah की इज़ारद्दी को इस बात पर प्रोत लगाया है कि वे लोगों ने Allah की इज़ारद्दी को इस बात पर प्रोत लगाया है कि वे लोगों ने Allah की इज़ारद्दी को इस बात पर प्रोत लगाया है कि वे लोगों ने Allah की इज़ारद्दी को इस बात पर प्रोत
1176	1176	1176	Then they brought me with them, too.	फिर वे मुझे भी साथ लाते।	दूसरे ने मुझे ले लिया, भी।
1177	1177	1177	I'm still your king.	मैं अभी भी अपने राजा हूँ.	सब कुछ जारी रहेगा।
1178	1178	1178	Example: username	उदाहरण: उपयोक्तानाम	"यहाँ संस्करण दिया गया: 
यूज़न का"
1179	1179	1179	"""Let the crazy world say..."	"""पागल दुनिया हम कहते हैं ..."	बेअनसही विश्व बन...
1180	1180	1180	Target properties	लक्ष्य गुण	जैसी स्थिति
1181	1181	1181	We took direct action.	हमनें सीधी कार्यवाही की.	जो कुछ नहीं किया है।
1182	1182	1182	I am sure that we will be very happy here.	मुझे विश्वास है कि हम यहाँ अत्यंत प्रसन्न रहेंगे।	मैं सURE हूँ कि यहाँ हमें बहुत खुशी होगी।
1183	1183	1183	& Delete	मिटाएँ (D)	यहाँ कुछ जानकारी दी जाएगी।
1184	1184	1184	- Any other injuries?	- कोई अन्य चोट?	अन्य घाव?
1185	1185	1185	That you blew a guy.	क्या आप अपने चेहरे को छुआ.	जिस व्यक्ति ने आपको धोखा दिया है, उस व्यक्ति के बारे में नहीं होता कि आप उस व्यक्ति को धोखा दिया है, उस व्यक्ति के बारे में निम्न स्तर पर होता कि आप उस व्यक्ति को धोखा दिया है, उस व्यक्ति के बारे में शरीरूप में होता कि आप उस व्यक्ति को धोखा दिया है, उस व्यक्ति के बारे में संपूर्ण रूप से मेरी स्थिति
1186	1186	1186	"They will all be marshalled before Allah together: then will the weak say to those who were arrogant, ""For us, we but followed you; can ye then avail us to all against the wrath of Allah?"" They will reply, ""If we had received the Guidance of Allah, we should have given it to you: to us it makes no difference (now) whether we rage, or bear (these torments) with patience: for ourselves there is no way of escape."""	और (क़यामत के दिन) लोग सबके सब ख़ुदा के सामने निकल खड़े होगें जो लोग (दुनिया में कमज़ोर थे बड़ी इज्ज़त रखने वालो से (उस वक्त) क़हेंगें कि हम तो बस तुम्हारे क़दम ब क़दम चलने वाले थे तो क्या (आज) तुम ख़ुदा के अज़ाब से कुछ भी हमारे आड़े आ सकते हो वह जवाब देगें काश ख़ुदा हमारी हिदायत करता तो हम भी तुम्हारी हिदायत करते हम ख्वाह बेक़रारी करें ख्वाह सब्र करे (दोनो) हमारे लिए बराबर है (क्योंकि अज़ाब से) हमें तो अब छुटकारा नहीं	"मूल्य:
जो लोगों के कठिन हो जाते हैं, उनसे मैं अपने जीवन के लिए भी कठिन हो जाते हैं, तो मैं उन्हें अपने साथ ध्यान से दूर कर सकती हूँ:"
1187	1187	1187	Luco!	Luco!	लुको!
1188	1188	1188	Qaf. [These letters (Qaf, etc.) are one of the miracles of the Quran, and none but Allah (Alone) knows their meanings]. By the Glorious Quran.	क़ाफ़ क़ुरान मजीद की क़सम (मोहम्मद पैग़म्बर हैं)	यह (Qaf, etc.) एक रचना (of the Quran) है जो किसी भी ज्ञान के स्थान के बाहर है). न ही किस्मat (of the Quran) के रचना (of the Quran) के किसी भी स्थान बाहर है।
1189	1189	1189	Berlin, 23 April, 1945.	बर्लिन, 23 अप्रैल,	जर्मन, 23 अप्रैल, 1945.
1190	1190	1190	for each We struck similitudes, and each We ruined utterly.	और हमने हर एक से मिसालें बयान कर दी थीं और (खूब समझाया) मगर न माना	"जैसा है वैस से नहीं
हमने सामान्य बनाकर भी कुछ हद्द भी हो कर पाया"
1191	1191	1191	Get a hint for your next move	अगली चाल हेतु संकेत प्राप्त करें	जिस किसी भी कार्य के लिए एक संकेत या सुझाव देने के लिए कोई भी कार्य करने के लिए एक संकेत या सुझाव देने के लिए कोई भी कार्य करने के लिए संकेत या सुझाव देने के लिए कोई भी कार्य करने के लिए संकेत या सुझाव देने के लिए कोई भी कार्य करने के लिए संकेत या सुझाव देने के लिए कोई भी कार्य करने के लिए संकेत या सुझाव देने के लिए कोई भी कार्य करने के लिए संकेत या सुझाव देने के लिए कोई भी कार्य करने के लिए संकेत या सुझाव देने के लिए कोई भी कार्य करने के लिए संकेत या सुझाव देने के लिए क
1192	1192	1192	SO I'LL TELL YOU WHAT WE'RE GONNA DO:	तो मैं तुम्हें हम क्या करने वाले हैं बता दूँगा:	हम तुम्हें बताने दूँगे कि हम वो क्या कर रहे हैं:
1193	1193	1193	Mr. Chow.	श्री चाउ.	कहो.
1194	1194	1194	And mention in the Book (the Quran) Isma'il (Ishmael). Verily! He was true to what he promised, and he was a Messenger, (and) a Prophet.	(ऐ रसूल) कुरान में इसमाईल का (भी) तज़किरा करो इसमें शक नहीं कि वह वायदे के सच्चे थे और भेजे हुए पैग़म्बर थे	"माफ़ किया गया:
इसे किसी तरह से गलत नहीं कहा किया है।"
1195	1195	1195	Terminal 2D	टर्मिनल 2डी	कम्प्लाई 2D
1196	1196	1196	Ignore _top level tags	शीर्ष स्तर टैग अनदेखा करें (_t)	अन्य जानकारी से बदला नहीं
1197	1197	1197	General's Patience	जनरल का पेशेंस	जस्मस पात्री
1198	1198	1198	What is your GroupWise password?	आपका GroupWise कूटशब्द क्या है?	यरस्म्या ग्रुप विज पर्स वॉल्ड?
1199	1199	1199	He said: Rejectest thou my gods, O Abraham? If thou cease not, I shall surely stone thee. Depart from me a long while!	"उसने कहा, ""ऐ इबराहीम! क्या तू मेरे उपास्यों से फिर गया है? यदि तू बाज़ न आया तो मैं तुझपर पथराव कर दूँगा। तू अलग हो जा मुझसे मुद्दत के लिए!"""	"अरबी बुलाये हैं तो क्या तुम्हें मेरे धार्मिक साहित्य के बारें नहीं होय?
I said: Rejectest thou my religion, O Abraham? If thou cease not, I shall surely stone thee. Depart from me a long while!"
1200	1200	1200	What, you want some help finding him?	क्या, तुम कुछ उसे ढूंढने में सहायता करना चाहते हैं?	जो कुछ हुआ, उसे किसी की मदद में?
1201	1201	1201	_Trigger insert	ट्रिगर घुसाएँ	प्रेरणा के सेल
1202	1202	1202	'Now you have come to Us one by one, as We created you upon the first time, and you have left what We conferred on you behind your backs. We do not see with you your intercessors, those you asserted to be associates in you; the bond between you is now broken; that which you ever asserted has now gone astray from you.	और आख़िर तुम हमारे पास इसी तरह तन्हा आए (ना) जिस तरह हमने तुम को पहली बार पैदा किया था और जो (माल व औलाद) हमने तुमको दिया था वह सब अपने पस्त पुश्त (पीछे) छोड़ आए और तुम्हारे साथ तुम्हारे उन सिफारिश करने वालों को भी नहीं देखते जिन को तुम ख्याल करते थे कि वह तुम्हारी (परवरिश वगैरह) मै (हमारे) साझेदार है अब तो तुम्हारे बाहरी ताल्लुक़ात मनक़तआ (ख़त्म) हो गए और जो कुछ ख्याल करते थे वह सब तुम से ग़ायब हो गए	जिस कोई आप एक एक है, पहली बार एक पहले है, और पहली बार के पहले होते हैं भारतीय
1203	1203	1203	_About	के बारे में (_A)	पहचान
1204	1204	1204	Like those before you; they were stronger than you in power and more abundant in wealth and children, so they enjoyed their portion; thus have you enjoyed your portion as those before you enjoyed their portion; and you entered into vain discourses like the vain discourses in which entered those before you. These are they whose works are null in this world and the hereafter, and these are they who are the losers.	(मुनाफिक़ो तुम्हारी तो) उनकी मसल है जो तुमसे पहले थे वह लोग तुमसे कूवत में (भी) ज्यादा थे और औलाद में (भी) कही बढ़ कर तो वह अपने हिस्से से भी फ़ायदा उठा हो चुके तो जिस तरह तुम से पहले लोग अपने हिस्से से फायदा उठा चुके हैं इसी तरह तुम ने अपने हिस्से से फायदा उठा लिया और जिस तरह वह बातिल में घुसे रहे उसी तरह तुम भी घुसे रहे ये वह लोग हैं जिन का सब किया धरा दुनिया और आख़िरत (दोनों) में अकारत हुआ और यही लोग घाटे में हैं	Yes, you entered this world and the hereafter, with your own two feet.
1205	1205	1205	Fwd:	अग्रेषित	वारा:
1206	1206	1206	We were trying to go to the People's Assembly.	हम पीपुल्स असेंबली में जाने की कोशिश कर रहे थे.	हमें पूर्णजाति के संसद के आगमन के प्रति कदम का प्रयोग करना था।
1207	1207	1207	"Hashing ""%s"""	"हैशिंग ""%s"""	शैहिं प्रति स्ट्रिंग
1208	1208	1208	YOU'VE GOT ALIBIS FOR THE OTHER TWO, HAVE YOU?	तुम तुम, अन्य दो के लिए alibis , है ना?	जी हुआ ये दूसरे दो लिए अलाइबी हुए?
1209	1209	1209	If you were mine, you wouldn't have to work.	आप मेरे थे हैं, तो आप काम करने के लिए नहीं होता.	अगर तुम मेरी होतीं, तो तुम्हारा भी नहीं थावकाबी थी.
1210	1210	1210	I am tensed thinking about your life.	मैं अपने जीवन के बारे में सोच परेशान कर रहा हूँ।	मैं थोड़ी दौरें भी लग सकती हूँ।
1211	1211	1211	My wallet and phone are in the flight.	मेरा फोन और पर्स फ्लाइट में रह गए हैं .	प्लाई और फोन में यात्रा के समय में अपने पास से वallet और फोन ले आए हैं।
1212	1212	1212	& Printing	छपाई (P)	प्रिंटिंग
1213	1213	1213	Trace Blend Strings	मिश्रण लडियाँ का पता लगायें	जिस प्रकार से होता है, उसे जिस प्रकार से होता है, उसे जिस प्रकार से होता है, उसे जिस प्रकार से होता है, उसे जिस प्रकार से होता है, उसे जिस प्रकार से होता है, उसे जिस प्रकार से होता है, उसे जिस प्रकार से होता है, उसे जिस प्रकार से होता है, उसे जिस प्रकार से होता है, उसे जिस प्रकार से होता है, उसे जिस प्रकार से होता है, उसे जिस प्रकार से होता है, उसे जिस प्रकार से होता है, उसे जिस प्रकार से होता है, उसे जिस प्रकार से होता है, उसे जिस प्रकार से होता है, उसे जिस प्रकार से होता है, उसे जिस प्रक
1214	1214	1214	Such communities that have been connecting villages through the use of blogs also practice the same cultural practices they used to have in Guatemala, for example the Q´anjob´al Association even has their own queen, and indigenous ceremonies, as San Pedro Soloma Blog shows:	विदेश में रह रहे चिट्ठाकारों के लिये अपने गाँव की यादें ताज़ा करना तो जरूरी है हीः रात में मैंने सारे संदेशे और कवितायें पढ़ीं जो प्यारे क्युकुनसेस कुलिको के रहवासी ने लिखे और मुझे लगा ज्यों मैं उस छोटे से गाँव में पहुँच गया हूँ जहाँ हमारी जवानी बीती, जहाँ हम शनिवार को पार्टियाँ मनाया करते।	मदद, छलटा, और किसी जानकारी को बदलने वाले व्यक्ति के बीच की सांस्कृतिक प्रथाएँ, वे अपनी शास्त्रों के अनुसारी प्रकृति को रोकते हुए दिखाते हैं।
1215	1215	1215	'Surely over My servants thou shalt have no authority.' Thy Lord suffices as a guardian.	बेशक जो मेरे (ख़ास) बन्दें हैं उन पर तेरा ज़ोर नहीं चल (सकता) और कारसाज़ी में तेरा परवरदिगार काफी है	सब कुछ सही सaying है।
1216	1216	1216	- Yeah, you're totally right. I'm sorry.	वेगास, बेबी.	जी हाँ, आप सही कह रहे हैं। मैंहत्मस में बदलने के रूप में यह स्पषह रहे होते हैं।
1217	1217	1217	Iletyou.	मैं तुम्हें जाने।	I hope.
1218	1218	1218	Say: Tell me what Allah has sent down for you of sustenance, then you make (a part) of it unlawful and (a part) lawful. Say: Has Allah commanded you, or do you forge a lie against Allah?	और जो कुछ वह जमा कर रहे हैं उससे कहीं बेहतर है (ऐ रसूल) तुम कह दो कि तुम्हारा क्या ख्याल है कि ख़ुदा ने तुम पर रोज़ी नाज़िल की तो अब उसमें से बाज़ को हराम बाज़ को हलाल बनाने लगे (ऐ रसूल) तुम कह दो कि क्या ख़ुदा ने तुम्हें इजाज़त दी है या तुम ख़ुदा पर बोहतान बाँधते हो	अरे, यह कह कर सकती हूँ कि अल्लाह ने आपको इस जीवन के बारे में सुनाया है या नहीं, और उस सुनाई के बाद आपको यह कह कर दिया जा सकता है कि अल्लाह ने आपको इस मार्ग में संकट का भाव नहीं दिया है, ना ही इस जीवन के बारे में ज्यातिरामा का भाव नहीं दिया है।
1219	1219	1219	Hidden file	छुपी फ़ाइल	जाने या साझे करने के लिए
1220	1220	1220	Unable to open URI	URI खोलने में असमर्थ	प्राप्त करने के लिए URI नहीं हो सकता
1221	1221	1221	HANNAH: Well, get on. SEAN:	CHlRPlNG]	"अर्थात्:
हेना: वे, के लिए जाता है।"
1222	1222	1222	FILENAME()	FILENAME ()	यह जानकारी सहित प्रदान की गई सूचना सुनने वाले नहीं होगा
1223	1223	1223	_Fetch All Headers	पूरा शीर्षक लाएँ (_F)	मूल्याँे प्राप्त करें
1224	1224	1224	Telephone	टेलिफोन	टेलीफोन
1225	1225	1225	That's nine for the twins!	यह हो गए जुड़वों के नौ...	सब कुछ सात!
1226	1226	1226	You can say you won I'll say you taught me a lesson...	... मैं आप मुझे एक सबक सिखाया कहेंगे... नहीं, कायर!	जैसा कि आप कहेंगे... जैसा कि मैं कहूँगा...
1227	1227	1227	- Did you brush your own teeth?	- तुमने अपने दाँत साफ़ किए?	जी हाँ,brush your own teeth.
1228	1228	1228	And I'm Aunt Tanja.	और मैं चाची Tanja हूँ.	और मैं अंटानाजा हूँ।
1229	1229	1229	Pass:	पास:	Yes:
1230	1230	1230	Did you see him who turned away,	भला (ऐ रसूल) तुमने उस शख़्श को भी देखा जिसने रदगिरदानी की	जिसने भागा तो क्या हुआ यजूर
1231	1231	1231	He was angry, saying that I did not understand.	वह नाराज हो गया था कह रहा था कि मैं समझ नहीं पाया.	अस्मित के रूप में कहते हैं, यह कहते हैं कि वे रूढ़ियोग्य हैं।
1232	1232	1232	What did he do with it?	उसने इसके साथ क्या किया?	जिसे किसी के साथ क्या काम किया?
1233	1233	1233	You're like Google, sir.	आप गूगल, सर की तरह हो।	जी हाँ, सर!
1234	1234	1234	You cannot get married until then.	आप तब तक शादी नहीं कर सकता।	"तब तक आपका विवाह नहीं हो सकता तक निम्न हो सकता:
1. विवाह के बारे में नहीं हो सकता:
1. विवाह के बारे में नहीं हो सकता:
1. विवाह के बारे में नहीं हो सकता:
1. विवाह के बारे में नहीं हो सकता:
1. विवाह के बारे में नहीं हो सकता:
1. विवाह के बारे में नहीं हो सकता:
1. विवाह के बारे में नहीं हो सकता:
1. विवाह के बारे में नहीं हो सकता:
1. विवाह के बारे में नहीं हो सकता:
1. विवाह के बारे में नहीं हो सकता:
1. विवाह के बारे में नहीं हो सकता:
1. विवाह के बारे में नहीं हो सकता:
1. विवाह"
1235	1235	1235	You don't think about what you'd rather be doing?	तुम न कर रही हो क्या तुम था के बारे में नहीं सोचते हैं?	आपको ऐसे विचारों के बारे में नहीं सोच सकते कि वे उनके लिए बेहतर होते?
1236	1236	1236	"""Yes, I did it! I confess!"	"""हाँ, मैंने यह किया था, मैं कबूल करता हूं!"	जी हाँ, मैंने उसे! मैंने मैंने मैंने सिक्का दिया!
1237	1237	1237	"You say: ""Yes; and you will be lowly made."""	(ऐ रसूल) तुम कह दो कि हाँ (ज़रूर उठाए जाओगे)	"जी हुआ है: ""Yes; and you will be lowly made."""
1238	1238	1238	If you take retribution, then do so in proportion to the wrong done to you. But if you can bear such conduct with patience, indeed that is best for the steadfast.	और हिदायत याफ़ता लोगों से भी खूब वाक़िफ है और अगर (मुख़ालिफीन के साथ) सख्ती करो भी तो वैसी ही सख्ती करो जैसे सख्ती उन लोगों ने तुम पर की थी और अगर तुम सब्र करो तो सब्र करने वालों के वास्ते बेहतर हैं	अगर आप दंड लगाते तो ऐसा भी होता कि ज्यारी की जाती हो जे उस ज्यारी का सामना करने के लिए तैयार होते हैं।
1239	1239	1239	And in the earth are regions neighbouring and gardens of vines and cornfields, and palm-trees clustered and single, watered by the same water; yet some We make to excel others in food. Verily therein are signs for a people who reflect.	और खुरमों (खजूर) के दरख्त की एक जड़ और दो याखें और बाज़ अकेला (एक ही याख़ का) हालॉकि सब एक ही पानी से सीचे जाते हैं और फलों में बाज़ को बाज़ पर हम तरजीह देते हैं बेशक जो लोग अक़ल वाले हैं उनके लिए इसमें (कुदरत खुदा की) बहुतेरी निशानियाँ हैं	जिस राज्य के लोग किसी अन्य के खाने में बेहतरीन करते हैं, वे सभी चीजों के लिए सुन्दरत हैं।
1240	1240	1240	"""I am pleased that member states have agreed to launch and take ownership of a process to establish universal sustainable development goals - SDGs,"" he said."	"उन्होंने कहा कि ""मुझे बहुत प्रसन्नता है कि सदस्य देश सार्वभौमिक संवहनीय विकास लक्ष्य स्थापित करने हेतु प्रक्रिया आरंभ करने तथा उसका स्वामित्व लेने के लिए सहमत हो गए हैं।"""	“मैं पूरी तरह से खुश हूँ कि संयुक्त राज्यातील सदस्य राज्यों ने सहयोग किया और संसाधनों ने ownership का संक्षिप में संयुक्त राज्य को स्वीकृत संक्षिप में संसाधनों ने स्वीकृत संक्षिप में संयुक्त राज्य को स्वीकृत संक्षिप में संसाधनों ने स्वीकृत संक्षिप में संयुक्त राज्य को स्वीकृत संक्षिप में संसाधनों ने स्वीकृत संक्षिप में संयुक्त राज्य को स्वीकृत संक्षिप में संसाधनों ने स्वीकृत संक्षिप में संयुक्त राज्य को स्वीकृत संक्षिप में संसाधनों ने स्वीकृत संक्षिप में संयुक्त राज्य को स्वीकृत संक्षिप में संसाधनों ने स्व
1241	1241	1241	THE ONLY REASON-- LOOK AT ME.	एक ही कारण है - मुझ पर देखो.	जो एकमात्र रaison है वह मुझे भी।
1242	1242	1242	All right, don't be a dick, Richie.	ठीक है, बेवकूफ मत बनो, रिची.	राइट, द नहीं बे एक डिक, रिची बटन गट।
1243	1243	1243	And hold fast to the rope of Allah, all of you together, and do not be divided; and remember Allah’s favour on you, that when there was enmity between you, He created affection between your hearts, so due to His grace you became like brothers to each other; and you were on the edge of a pit of fire (hell), so He saved you from it; this is how Allah explains His verses to you, so that you may be guided.	और तुम सब के सब (मिलकर) ख़ुदा की रस्सी मज़बूती से थामे रहो और आपस में (एक दूसरे) के फूट न डालो और अपने हाल (ज़ार) पर ख़ुदा के एहसान को तो याद करो जब तुम आपस में (एक दूसरे के) दुश्मन थे तो ख़ुदा ने तुम्हारे दिलों में (एक दूसरे की) उलफ़त पैदा कर दी तो तुम उसके फ़ज़ल से आपस में भाई भाई हो गए और तुम गोया सुलगती हुईआग की भट्टी (दोज़ख) के लब पर (खडे) थे गिरना ही चाहते थे कि ख़ुदा ने तुमको उससे बचा लिया तो ख़ुदा अपने एहकाम यूं वाजेए करके बयान करता है ताकि तुम राहे रास्त पर आ जाओ	"सर्वर के रूप में Allah का कहा है:

अपने आप ही उन संसाधनों का प्रयोग करके आप ही स्वरूप में सर्वर का प्रयोग करके ही सर्वर का प्रयोग होता है।"
1244	1244	1244	What line of kings do you descend from?	तुम राजाओं की किस खानदान से आते हो?	What line of kings do you descend from?
1245	1245	1245	Then He created him and (caused the angel to) breathe into him his (created) spirit. He gave you eyes and ears, and hearts, yet little do you thank.	फिर उस (के पुतले) को दुरुस्त किया और उसमें अपनी तरफ से रुह फूँकी और तुम लोगों के (सुनने के) लिए कान और (देखने के लिए) ऑंखें और (समझने के लिए) दिल बनाएँ (इस पर भी) तुम लोग बहुत कम शुक्र करते हो	जिस्म में पड़ He created him and (caused the angel to) breathe into him his (created) spirit.
1246	1246	1246	- Is Axe a great guy?	- कुल्हाड़ी एक महान आदमी है?	No, Axe is not a great guy.
1247	1247	1247	We must pay the tax.	हमें टैक्स भरना पड़ेगा।	कल हम कर चुके हैं।
1248	1248	1248	Options include upgraded brakes, a service package providing access to Bowler Works mechanics, logistic support, and vehicle storage between events.	इसके विकल्पों में शामिल हैं - अपग्रेड किए गए ब्रेक, सर्विस पैकेज जो बॉलर वर्क्स मैकेनिक्स, लॉजिस्टिक सहायता, तथा ईवेंट के बीच वाहन संग्रह तक पहुंच प्रदान करता है।	बचाव में ब्रेक्स को अपग्रेड की देखराने और बॉवलर वर्क के प्रतिष्ठापन के लाभ और संकेत हैं।
1249	1249	1249	Your emails	raviratlami@ aol. in	आपके ईमेल
1250	1250	1250	Warp	रैप	वारपूर्ण होता
1251	1251	1251	Because the moon's moving in the opposite direction to us, we get a gravitational break in...	क्योंकि में हमारे िलए विपरीत दिशा, चाँद की चलती हम अंदर एक गुरुत्वाकर्षण ब्रेक मिलता है ..	क्योंकि चाँद की गति से हमें ज्यातिग्रा पर कुछ नहीं होता क्योंकि
1252	1252	1252	"""If you do good, you will do so for your own good; if you do ill, you will do it for your own loss."" So, when the time of the second prediction comes, (We shall rouse another people) to shame you, and enter the Temple as they had done the first time, and to destroy what they conquered utterly."	अगर तुम अच्छे काम करोगे तो अपने फायदे के लिए अच्छे काम करोगे और अगर तुम बुरे काम करोगे तो (भी) अपने ही लिए फिर जब दूसरे वक्त क़ा वायदा आ पहुँचा तो (हमने तैतूस रोगी को तुम पर मुसल्लत किया) ताकि वह लोग (मारते मारते) तुम्हारे चेहरे बिगाड़ दें (कि पहचाने न जाओ) और जिस तरह पहली दफा मस्जिद बैतुल मुक़द्दस में घुस गये थे उसी तरह फिर घुस पड़ें और जिस चीज़ पर क़ाबू पाए खूब अच्छी तरह बरबाद कर दी	जैसा कि पहले के लोगों ने पहली बार कहा था और फिर दूसरे लोगों ने दूसरी बार कहा था।
1253	1253	1253	Obviously well educated and extremely well financed.	जाहिर है अच्छी तरह से शिक्षित और बहुत अच्छी तरह से वित्त पोषण किया.	ज्या ज्या ? ज्या ज्या ?
1254	1254	1254	Build but do not install the target.	बिल्ड नहीं अधिष्ठापित करें लक्ष्य.	जिसे स्थापित नहीं किया जा सकता उसे नहीं किया ज सकता डरहटाते हैं।
1255	1255	1255	Like you would be homeless, if I died.	जैसे कि तुम बेघर हो जाओगे, अगर मैं मर गया.	जैसा कि तू होमेल, if मी दिया तू होमेल होगा.
1256	1256	1256	Just a call to let you know we've fixed a date for your case hearing.	आपको यह बताने के लिए फ़ोन किया है कि... हमने आपके केस की हीयरिंग के लिए तारीख तय कर दी है.	केवल जानकारी देने के लिए कॉल का संकेत है। हमारी कोई डेटे नहीं है।
1257	1257	1257	When will you drink it? The foreman says you have to work tonight!	प्रबंधक का कहना है कि आप को काम करना है.	जैसे पीने योग्यति रखता है? फ्रॉमैन बताता है कि रात में कैसे काम करना है?
1258	1258	1258	Simulation of data DVD copying	आँकड़ा डीवीडी की नक़ल में सिमुलेशन	मूल जानकारी की सिमुलेशन डेटा डाइरेक्शन वीडब्लक
1259	1259	1259	( Laughter )	(हंसी)	यहाँ कुछ नहीं हो सकतé
1260	1260	1260	They ask thee, (O Muhammad), of new moons, say: They are fixed seasons for mankind and for the pilgrimage. It is not righteousness that ye go to houses by the backs thereof (as do the idolaters at certain seasons), but the righteous man is he who wardeth off (evil). So go to houses by the gates thereof, and observe your duty to Allah, that ye may be successful.	"वे तुमसे (प्रतिष्ठित) महीनों के विषय में पूछते है। कहो, ""वे तो लोगों के लिए और हज के लिए नियत है। और यह कोई ख़ूबी और नेकी नहीं हैं कि तुम घरों में उनके पीछे से आओ, बल्कि नेकी तो उसकी है जो (अल्लाह का) डर रखे। तुम घरों में उनके दरवाड़ों से आओ और अल्लाह से डरते रहो, ताकि तुम्हें सफलता प्राप्त हो"	कृपयोग्यता: इस प्रकाशित जानकारी को सही मान्य मान सकते हैं।
1261	1261	1261	His daughter, Oei, of course.	अपनी बेटी से, बेशक ओएइ,.	किसी का पुत्र, पूर्णः!
1262	1262	1262	"But when the unbelievers see you they make fun of you (and say): ""Is this the one who mentions your gods (deridingly)?"" Yet in Ar-Rahman they disbelieve!"	और (ऐ रसूल) जब तुम्हें कुफ्फ़ार देखते हैं तो बस तुमसे मसखरापन करते हैं कि क्या यही हज़रत हैं जो तुम्हारे माबूदों को (बुरी तरह) याद करते हैं हालाँकि ये लोग खुद खुदा की याद से इन्कार करते हैं (तो इनकी बेवकूफ़ी पर हँसना चाहिए)	जो लोग आपके विश्वासों के प्रति होते हैं, वे आपके gods (द्वैत) के प्रति होते हैं।
1263	1263	1263	Turn on the radio.	रेडियो पर मुड़ें.	रेडियो को ऑन कर दें।
1264	1264	1264	"Hast thou not Turned thy vision to the Chiefs of the Children of Israel after (the time of) Moses? they said to a prophet (That was) among them: ""Appoint for us a king, that we May fight in the cause of Allah."" He said: ""Is it not possible, if ye were commanded to fight, that that ye will not fight?"" They said: ""How could we refuse to fight in the cause of Allah, seeing that we were turned out of our homes and our families?"" but when they were commanded to fight, they turned back, except a small band among them. But Allah Has full knowledge of those who do wrong."	(ऐ रसूल) क्या तुमने मूसा के बाद बनी इसराइल के सरदारों की हालत पर नज़र नही की जब उन्होंने अपने नबी (शमूयेल) से कहा कि हमारे वास्ते एक बादशाह मुक़र्रर कीजिए ताकि हम राहे ख़ुदा में जिहाद करें (पैग़म्बर ने) फ़रमाया कहीं ऐसा तो न हो कि जब तुम पर जिहाद वाजिब किया जाए तो तुम न लड़ो कहने लगे जब हम अपने घरों और अपने बाल बच्चों से निकाले जा चुके तो फिर हमे कौन सा उज़्र बाक़ी है कि हम ख़ुदा की राह में जिहाद न करें फिर जब उन पर जिहाद वाजिब किया गया तो उनमें से चन्द आदमियों के सिवा सब के सब ने लड़ने से मुँह फेरा और ख़ुदा तो ज़ालिमों को खूब जानता है	जैसा कि मoses के समय में कहा गया था और आज भी उसी तरह के लोगों के बीच में होता है.
1265	1265	1265	We can't lose him! My God!	आप वास्तव में, बच्चों के रूप में उन्हें देख नहीं है न?	अरे, हम नहीं भेंट ले सकते! मेरी गोद में!
1266	1266	1266	Take Newer (last modified)	Sync Conflict Resolution	अन्य
1267	1267	1267	Delete the selected history link	चयनित इतिहास लिंक को मिटाएँ	अन्य जानकारी नहीं डाल सकती
1268	1268	1268	Select all text	सारा पाठ चुनें	बिलकुल चिहट करें
1269	1269	1269	Exporting key...	कुंजी निर्यात किया जा रहा है...	जानकारी का इंतजार है...
1270	1270	1270	I... ask You, God...	आई. .. मैं तुमको प्रार्थना करना, मेरे भगवान...	जी... पूछता हूँ, आप जी... पूछता हूँ, ईश्वर्य...
1271	1271	1271	East hallway, clear.	पूर्वदालान,स्पष्ट/मैं	गो-की-डब्लक्स स्ट्रीट, स्पष्ट।
1272	1272	1272	c++-analyzer:	c++-analyzer:	अन्य जानकारी या जोड़ने के तौर पर कोई स्पष्ट जानकारी या जानकारी देने के तौर में कोई भिन्न जानकारीय हो सकते हैं।
1273	1273	1273	Lo! He, only He, is the Hearer, the Knower.	करने वालों (की जमाअत) में तुम्हारा फिरना (उठना बैठना सजदा रुकूउ वगैरह सब) देखता है	हिलो! हो! सिर, सिरी! सिर हे! सिर का ह्यार, सिर का ह्यार हे! सिर हे!
1274	1274	1274	Threads started by %1	लड़ियाँ डिफ़ॉल्ट पर खुला रखें( p)	"मार्केटिंग से शुरू किया गया %
नेटवर्क से शुरू किया गया"
1275	1275	1275	"Say, ""Perhaps some of the things which you wish to experience immediately are very close to you."""	(ऐ रसूल) तुम कह दो कि जिस (अज़ाब) की तुम लोग जल्दी मचा रहे हो क्या अजब है इसमे से कुछ करीब आ गया हो	"अरे, ""क्या हो सकती ये तो कुछ तो हो सकती हैं जो तुम चाहती हो तो तो हो सकती हैं।"""
1276	1276	1276	For the third quarter ended September 30, Bombardier's net profit fell to $147 million, or 8 cents per share, from $172 million, or 9 cents per share a year earlier.	30 सितंबर को समाप्त तीसरी तिमाही के लिए, Bombardier के शुद्ध लाभ एक साल पहले $ $147मिलियन, या प्रति शेयर 8 सेंट, $172मिलियन, या प्रति शेयर 9 सेंट तक गिर गया.	तीसरी क्वार्टर के अंत से सेप्टेमीटर के नेट प्रिटी के से क्या नहीं हो सकते है
1277	1277	1277	Can we be traced?	हम पता लगाया जा सकता है?	नहीं किये जा सकते हैं।
1278	1278	1278	You know that movie I was telling you about? It's playing over at the campus cinema.	मैंने एक फिल्म के बारे में सुना है जो...	आप जानते हैं कि मैंने आपको बताया था? यह फिर से परतीर्ण होता है और उस समय पर किसी भी जानकारी को बदल देते नहीं।
1279	1279	1279	- I am available.	- मैं disponÃ में सक्षम हूँ.	- मैं उपलब्ध हूँ।
1280	1280	1280	It's a present from Raju	यह राजू ने दिया है.	राजू का यह पुरस्कार लोगों को राज्य के प्रति प्रति के प्रति प्रति के प्रति प्रति के प्रति प्रति के प्रति प्रति के प्रति प्रति के प्रति प्रति के प्रति प्रति के प्रति प्रति के प्रति प्रति के प्रति प्रति के प्रति प्रति के प्रति प्रति के प्रति प्रति के प्रति प्रति के प्रति प्रति के प्रति प्रति के प्रति प्रति के प्रति प्रति के प्रति प्रति के प्रति प्रति के प्रति प्रति के प्रति प्रति के प्रति प्रति के प्रति प्रति के प्रति प्रति के प्रति प्रति के प्रति प्रति के प्रति प्रति के प्रति प
1281	1281	1281	_Enable	जावा सक्षम करें	बाध्यक्षता
1282	1282	1282	Samarinda	शमनगनslovakia. kgm	यह साँप्रदीया
1283	1283	1283	It is He who sends down upon His Servant [Muhammad] verses of clear evidence that He may bring you out from darknesses into the light. And indeed, Allah is to you Kind and Merciful.	वही तो है जो अपने बन्दे (मोहम्मद) पर वाज़ेए व रौशन आयतें नाज़िल करता है ताकि तुम लोगों को (कुफ़्र की) तारिक़ीयों से निकाल कर (ईमान की) रौशनी में ले जाए और बेशक ख़ुदा तुम पर बड़ा मेहरबान और निहायत रहम वाला है	जिसे है वह संदेश मुहम्मत पात्र है।
1284	1284	1284	Such of you as die and leave behind them wives, they (the wives) shall wait, keeping themselves apart, four months and ten days. And when they reach the term (prescribed for them) then there is no sin for you in aught that they may do with themselves in decency. Allah is informed of what ye do.	और तुममें से जो लोग मर जाएँ और अपने पीछे पत्नियों छोड़ जाएँ, तो वे पत्नियों अपने-आपको चार महीने और दस दिन तक रोके रखें। फिर जब वे अपनी निर्धारित अवधि (इद्दत) को पहुँच जाएँ, तो सामान्य नियम के अनुसार वे अपने लिए जो कुछ करें, उसमें तुमपर कोई गुनाह नहीं। जो कुछ तुम करते हो, अल्लाह उसकी ख़बर रखता है	जिस्म के लिखने वाले लोग ऐसे हैं कि उनके पत्र, वे दोहरे रखेंगे और ऐसा 4 महीने और 10 दिनों तक हो सकता है।
1285	1285	1285	This is the ID of the account holding the IMAP resource folders.	यह आईमैप रिसोर्स फ़ोल्डर रखे हुए खाते का आईडी है.	यह आईएमएप संसाधन फ़ोर्स टेबल है के ID है।
1286	1286	1286	It's Lise's car.	यह लिसे की कार है.	इसका Lise की सीट है।
1287	1287	1287	You have not heard or seen anything	आपने सुना या कुछ भी नहीं देखा है	सुने और देखा हुआ नहीं है
1288	1288	1288	...What if they could talk to us what were they thinking...	वे हमसे बात कर सकता ... क्या अगर... ... वे क्या सोच रहे थे...	जो भी होता क्या व्यवहार किया व्याकरण के बारे में क्या थारे थारे...
1289	1289	1289	I've looked through the hole?	छेद मे से मैंने देखा था?	No, हॉल हो सकता नहीं?
1290	1290	1290	I couldn't save you once... and that was the biggest mistake of my life.	मैं तुम्हें एक बार नहीं बचा सकता है ... ... और कहा कि मेरे जीवन की सबसे बड़ी गलती थी।	मैं उसे सावधानी से बचा सकता थ... और उसे यह सबसे बड़ी गलती के रूप में बता सकता है।
1291	1291	1291	[man howling] [howling continues] [chuckles]	[पुरुष चीख रहा है] [चीख जारी है] [दबी हंसी]	जिस में सुनना [man howling] जारी होता [howling continues] जो कुछ भी हो सकता [chuckles]
1292	1292	1292	No, you didn't tell me anything.	नहीं, तुम मुझे कुछ नहीं बताया.	No, आप नहीं told मुझे कुछ नहीं कहा.
1293	1293	1293	I'd even sing you poetry	-गाऊँगा तुम्हारे लिए कविता भी	मैं तुम्हें प्रेरित भी कर सकता हूँ
1294	1294	1294	System Monitor	तंत्र मॉनीटर	जैसा कि सिस्टम मॉनिटर एक ऐसे सिस्टम से मिल सकते हैं जिसका मॉनिटरिंग सिस्टम से मिल सकते हैं।
1295	1295	1295	And before it there hath been the Book of Musa, a guide and a mercy. And this a Book confirming it, in Arabic speech, that it may warn those who have done wrong and as glad tidings Unto the well-doers.	और इसके क़ब्ल मूसा की किताब पेशवा और (सरासर) रहमत थी और ये (क़ुरान) वह किताब है जो अरबी ज़बान में (उसकी) तसदीक़ करती है ताकि (इसके ज़रिए से) ज़ालिमों को डराए और नेकी कारों के लिए (अज़सरतापा) ख़ुशख़बरी है	कृपयोग्यता: इस वाक्य को किसी भिन्न व्यक्ति के लिए affid्यता देना या अन्य जानकारी के लाभ प्रदान करना वैभरतः प्रतिओब्लिअस
1296	1296	1296	And if he (the dying person) be of those on the Right Hand,	और यदि वह भाग्यशालियों में से है,	"और यदि वह (दying person) पर निम्न स्थिति पर हो, वो या कोई भी है जो व्यवहार के कार्यानुसार है, तो उस व्यवहार को मुक्ति दिलाया जा सकती ह.’

—जेम्स डब्लू मॉरिसson"
1297	1297	1297	[ GLASS SHATTERS ]	[कांच टूटता]	जिस किसी भी कार्य या कार्य के किसी प्रभाव पर, किसी भिक्त के साथ किसी भिक्त के साथ किसी भिक्त के साथ किसी भिक्त के साथ किसी भिक्त के साथ किसी भिक्त के साथ किसी भिक्त के साथ किसी भिक्त के साथ किसी भिक्त के साथ किसी भिक्त के साथ किसी भिक्त के साथ किसी भिक्त के साथ किसी भिक्त के साथ किसी भिक्त के साथ किसी भिक्त के साथ किसी भिक्त के साथ किसी भिक्त के साथ किसी भिक्त के साथ किसी भिक्त के साथ किसी भिक्त के साथ किसी भिक्त के साथ किसी भिक्त के साथ किसी भिक्त के साथ क
1298	1298	1298	Plugins	प्लगइन्स	प्लग-in
1299	1299	1299	We have sent it down with truth, and with truth has (the Qur'an) come down. And We have sent you only to give good news and to warn.	और (ऐ रसूल) हमने इस क़ुरान को बिल्कुल ठीक नाज़िल किया और बिल्कुल ठीक नाज़िल हुआ और तुमको तो हमने (जन्नत की) खुशखबरी देने वाला और (अज़ाब से) डराने वाला (रसूल) बनाकर भेजा है	जिस्म के लिखा है, वह सही है।
1300	1300	1300	She's not our queen because she's the daughter of some king we never knew.	वह हमारी रानी क्योंकि वह बेटी है नहीं है कुछ राजा के हम कभी नहीं जानता था।	उनके बिना हमारी राजा नहीं हैं क्योंकि वे हमारे किसी राजा से जुड़ाहार हैं क्योंकि वे हमारे किसी राजा के बिना हैं जैसे कि वे हमारे किसी राजा के बिना हैं
1301	1301	1301	Let's go.	चलो चलो.	अरे जाने के लिए।
1302	1302	1302	7-Zip (.7z)	7-Zip (.7z)	7-Zip (7z)
1303	1303	1303	"And when Saul marched out with his army, he warned: ""Allah is going to put you to a test by the side of a river: whoso drinks of its water shall cease to be my companion: he alone shall be~my companion who does not quench his thirst with its water: one may, however, take except a few, drank their fill of it. Afterwards when Saul, and those who had believed with him, crossed the river and advanced forward, the former said to Saul, ""We have no power left this day to fight against Goliath and his hosts."" But those who believed that one Day they shall meet Allah, declared, ""lt has often been that a small host has, by Allah's grace, overcome a big host: for Allah is with those who show fortitude."""	फिर जब तालूत लशकर समैत (शहर ऐलिया से) रवाना हुआ तो अपने साथियों से कहा देखो आगे एक नहर मिलेगी इस से यक़ीनन ख़ुदा तुम्हारे सब्र की आज़माइश करेगा पस जो शख्स उस का पानी पीयेगा मुझे (कुछ वास्ता) नही रखता और जो उस को नही चखेगा वह बेशक मुझ से होगा मगर हाँ जो अपने हाथ से एक (आधा चुल्लू भर के पी) ले तो कुछ हर्ज नही पस उन लोगों ने न माना और चन्द आदमियों के सिवा सब ने उस का पानी पिया ख़ैर जब तालूत और जो मोमिनीन उन के साथ थे नहर से पास हो गए तो (ख़ास मोमिनों के सिवा) सब के सब कहने लगे कि हम में तो आज भी जालूत और उसकी फौज से लड़ने की सकत नहीं मगर वह लोग जिनको यक़ीन है कि एक दिन ख़ुदा को मुँह दिखाना है बेधड़क बोल उठे कि ऐसा बहुत हुआ कि ख़ुदा के हुक्म से छोटी जमाअत बड़ी जमाअत पर ग़ालिब आ गयी है और ख़ुदा सब्र करने वालों का साथी है	I don't add, remove, or change any information.
1304	1304	1304	on the day when [some] faces will turn white and [some] faces will turn black. As for those whose faces turn black [it will be said to them], ‘Did you disbelieve after your faith? So taste the punishment because of what you used to disbelieve.’	(उस दिन से डरो) जिस दिन कुछ लोगों के चेहरे तो सफैद नूरानी होंगे और कुछ (लोगो) के चेहरे सियाह जिन लोगों के मुहॅ में कालिक होगी (उनसे कहा जायेगा) हाए क्यों तुम तो ईमान लाने के बाद काफ़िर हो गए थे अच्छा तो (लो) (अब) अपने कुफ़्र की सज़ा में अज़ाब (के मजे) चखो	जिन लोगों के चेहरें सिर whites और जिन सिर black होते हैं, उनमें से जो लोगों को चिंतित करते हैं वे उसी तरह से चिंतित नह होते हैं।
1305	1305	1305	Let's go.	-चलो।	अरे जाने के लिए।
1306	1306	1306	"Believe only in those who follow your own religion."" Say to them, ""Surely, the true guidance is the guidance from God."" [But you think it is impossible that] someone else may be granted [revelation] such as you were granted -- or else that they should contend against you before your Lord. Say, ""All grace is in the hands of God; He grants it to whom He wills: for God is boundless, and all knowing,"	और तुम्हारे दीन की पैरवरी करे उसके सिवा किसी दूसरे की बात का ऐतबार न करो (ऐ रसूल) तुम कह दो कि बस ख़ुदा ही की हिदायत तो हिदायत है (यहूदी बाहम ये भी कहते हैं कि) उसको भी न (मानना) कि जैसा (उम्दा दीन) तुमको दिया गया है, वैसा किसी और को दिया जाय या तुमसे कोई शख्स ख़ुदा के यहॉ झगड़ा करे (ऐ रसूल तुम उनसे) कह दो कि (ये क्या ग़लत ख्याल है) फ़ज़ल (व करम) ख़ुदा के हाथ में है वह जिसको चाहे दे और ख़ुदा बड़ी गुन्जाईश वाला है (और हर शै को)े जानता है	English is not my native language.
1307	1307	1307	YOU'RE A LOUSY SHOT.	आप एक घटिया शॉट हो.	बिलकुल, कोई फर्म नहीं हो सकता कि कुछ बातें सही में हो सकती हैं।
1308	1308	1308	As for the ship, it belonged to certain poor men, who toiled upon the sea; and I desired to damage it, for behind them there was a king who was seizing every ship by brutal force.	वह जो नौका थी, कुछ निर्धन लोगों की थी जो दरिया में काम करते थे, तो मैंने चाहा कि उसे ऐबदार कर दूँ, क्योंकि आगे उनके परे एक सम्राट था, जो प्रत्येक नौका को ज़बरदस्ती छीन लेता था	अरे, ये किसी जहां के साहु-पoor लोग हैं जो जहां पर साहु-किंग का राज्य है और वे अपने राज्य को किसी भिन्न राज्य के साहु-किंग के राज्य के साहु-पoor लोग हैं।
1309	1309	1309	It's really silly of me.	यह मेरे सच में पागल है.	मुझे यह सोचकर अच्छी तरह से ठीक नहीं लगती।
1310	1310	1310	I was scared to go to India alone, that's when I found you.	मैं अकेला भारत जाने के डर गया था, कि जब मैं तुम्हें मिल गया है।	इंडिया में अकेले जाने पर भी डर की भावना होती है, ऐसा तो कि जब तो तो बहुत सुनने की भावना होती है, ऐसा तो कि जब तो तो बहुत सोभारी भावना होती है, ऐसा तो कि जब तो तो बहुत सुंदर भावना होती है, ऐसा तो कि जब तो तो बहुत प्यारी भावना होती है, ऐसा तो कि जब तो तो बहुत सोभारी भावना होती है, ऐसा तो कि जब तो तो बहुत सुंदर भावना होती है।
1311	1311	1311	Then why a dragon army?	फिर तुमने एक ड्रैगन सेना क्यों तैयार की?	दलचाल में ड्रैगन के?
1312	1312	1312	Your names	रविशंकर श्रीवास्तव, जी. करूणाकरEMAIL OF TRANSLATORS	यरसी
1313	1313	1313	"Add all these together you get a Black Superpower."""	ये सब जोड़ कर देखें, आपको एक अश्वेत महाशक्ति मिल जायेगी।	जिस भी हो योग्यता या साहित्यिक प्राधान्य दिखाता ऐसा कुछ नतीज़ होते हैं लेकिन जो कुछ भी हो योग्यता या साहित्यिक प्राधान्य दिखाती ऐसी कुछ नतीजों होते हैं जो कुछ भी हो योग्यता या साहित्यिक प्राधान्य दिखाती ऐसी कुछ नतीजों होते हैं जो कुछ भी हो योग्यता या साहित्यिक प्राधान्य दिखाती ऐसी कुछ नतीजों होते हैं जो कुछ भी हो योग्यता या साहित्यिक प्राधान्य दिखाती ऐसी कुछ नतीजों होते हैं जो कुछ भी हो योग्यता या साहित्यिक प्राधान्य दिखाती ऐसी कुछ नतीजों होते हैं जो कुछ भी हो य
1314	1314	1314	Certificate problem: %s Issuer: %s	प्रमाणपत्र समस्या: %s निर्गमक: %s	अन्य निर्देशों से अलग: %s प्रदाता: %s
1315	1315	1315	Unknown	अज्ञात	जानकारी के साथ-साथ किसी भी जानकारी को निष्ठि देने के लिए भी कोई जानकारी निष्ठि देने के लिए भी नहीं कह सकती।
1316	1316	1316	Priority:	पोर्टः	जम्मदाद:
1317	1317	1317	And by those that swim along (i.e. angels or planets in their orbits, etc.).	और गवाह है वे जो वायुमंडल में तैरें,	जो लोग पानी की पानी की धार्मिक पानी की पानी की पानी की पानी की पानी की पानी की पानी की पानी की पानी की पानी की पानी की पानी की पानी की पानी की पानी की पानी की पानी की पानी की पानी की पानी की पानी की पानी की पानी की पानी की पानी की पानी की पानी की पानी की पानी की पानी की पानी की पानी की पानी की पानी की पानी की पानी की पानी की पानी की पानी की पानी की पानी की पानी की पानी की पानी की पानी की पानी की पानी की पानी
1318	1318	1318	They will never be denied the rewards of their good deeds. God knows well about the pious.	और वह जो कुछ नेकी करेंगे उसकी हरगिज़ नाक़द्री न की जाएगी और ख़ुदा परहेज़गारों से खूब वाक़िफ़ है	यह नहीं होगा कि उनके अच्छे कार्यों से वे किसी भी तरह से पूज्य योगी नहीं हो सकते कि उनके पious deeds से वे किसी भी तरह से पूज्य योगी नहीं हो सकते कि उनके अच्छे कार्यों से वे किसी भी तरह से पूज्य योगी नहीं हो सकते कि उनके पious deeds से वे किसी भी तरह से पूज्य योगी नहीं हो सकते कि उनके अच्छे कार्यों से वे किसी भी तरह से पूज्य योगी नहीं हो सकते कि उनके पious deeds से वे किसी भी तरह से पूज्य योगी नहीं हो सकते कि उनके अच्छे कार्यों से वे किसी भी तरह से पूज्य योगी नहीं हो सकते कि उनके पious deeds से वे किसी भी तरह
1319	1319	1319	O People who Believe! Do not make lawful the symbols of Allah nor the sacred months nor the sacrificial animals sent to Sacred Territory (around Mecca) nor the animals marked with garlands, nor the lives and wealth of those travelling towards the Sacred House (Kaa’bah) seeking the munificence and pleasure of their Lord; and when you have completed the pilgrimage, you may hunt; and let not the enmity of the people who had stopped you from going to the Sacred Mosque tempt you to do injustice; and help one another in righteousness and piety – and do not help one another in sin and injustice – and keep fearing Allah; indeed Allah’s punishment is severe.	ऐ ईमानदारों (देखो) न ख़ुदा की निशानियों की बेतौक़ीरी करो और न हुरमत वाले महिने की और न क़ुरबानी की और न पट्टे वाले जानवरों की (जो नज़रे ख़ुदा के लिए निशान देकर मिना में ले जाते हैं) और न ख़ानाए काबा की तवाफ़ (व ज़ियारत) का क़स्द करने वालों की जो अपने परवरदिगार की ख़ुशनूदी और फ़ज़ल (व करम) के जोयाँ हैं और जब तुम (एहराम) खोल दो तो शिकार कर सकते हो और किसी क़बीले की यह अदावत कि तुम्हें उन लोगों ने ख़ानाए काबा (में जाने) से रोका था इस जुर्म में न फॅसवा दे कि तुम उनपर ज्यादती करने लगो और (तुम्हारा तो फ़र्ज यह है कि ) नेकी और परहेज़गारी में एक दूसरे की मदद किया करो और गुनाह और ज्यादती में बाहम किसी की मदद न करो और ख़ुदा से डरते रहो (क्योंकि) ख़ुदा तो यक़ीनन बड़ा सख्त अज़ाब वाला है	देखा योग्य नहीं
1320	1320	1320	Move ~a onto the king of clubs.	~a को चिड़ी का बादशाह पर ले जाएँ	सबस्या जोड़ में जाते हैं।
1321	1321	1321	10 grand, that's all I got from that lawyer.	10 हज़ार, मैं उस वकील से मिला है वह सब है.	जिस क्लर्क के से मिला 10 ग्रांट भी हो सकती हैं।
1322	1322	1322	Blue Squares	नीला वर्ग	I cannot add, remove, or change any information.
1323	1323	1323	I'm not rich right now.	अब मैं अमीर नहीं हूँ.	मैं नहीं रिच्चे हूँ अब।
1324	1324	1324	It's lunch, Probies!	यह दोपहर के भोजन है, Probies!	प्रबोध!
1325	1325	1325	Add	जोड़ें	I don't
1326	1326	1326	Those meetings are bullshit!	उन बैठकों बकवास कर रहे हैं!	मीटिंग की बिल्ली है!
1327	1327	1327	The manager that created this data	प्रबंधक जो इस डेटा को निर्मित किया हैdefault:RTLpredefinito:LTR	"इस डेटा के संस्करण ने नहीं हो सकते हैं:

वे ने इस डेटा को स्थापित नहीं किया हो क्या ?"
1328	1328	1328	Move contacts to	संपर्कों को यहाँ खिसकाएँ	
1329	1329	1329	Other	अन्य	Other
1330	1330	1330	X	एक्स	I
1331	1331	1331	- Yeah, I wasn't talking to you.	- मैं तुमसे बात नहीं कर रहा था?	जी हाँ, मैं wasn't talking to you.
1332	1332	1332	He wanted me to thank you for that.	उसने मुझे उस के लिए धन्यवाद करना चाहता था.	यह चीज़ है कि व्हाट्स वॉनटेड मैं थैं के लिए कुछ धन्यव्याय की कुछ थी |
1333	1333	1333	Automatically update the file's symbols without saving. The update occurs after 10 seconds without keypresses by the user.	स्वचालित प्रकार से फ़ाइल से. सहेजन रहा है पश्चात सेकण्ड द्वारा प्रयोक्ता.	सके जाने, खुद के के जाने के बाद 10 सेकंड के बाद सॉफ्टरी से संग्रह का संकलन होता है।
1334	1334	1334	The Race Laws require me to ask you this:	तुम से यह पूछने को:	लॉस्ट लॉग्स के अनुसार से मैं तुमसे यह निर्देश दे रही हूँ:
1335	1335	1335	He's coming up the back stairs.	वह वापस सीढ़ियों से ऊपर आ है.	उन्होंके आँगन से आगे की स्टairs हैं।
1336	1336	1336	Copy...	नक़ल...	कॉपी...
1337	1337	1337	Here is the real European news: the great, post-war plan to unite Europe has finally stalled.	यहां वास्तविक यूरोपीय समाचार हैः यूरोप को संगठित करने की महान, युद्ध-पश्चात योजना अंततः रुक गई है।	जो भी सच है, यूरोप की समाचार साइट हैं: यूरोप के सामाजिक और आर्थिक प्लान को अंतिम रूप से अयोजित नहीं किया गया मानचित्ता से मुक्ति प्राप्त करने वाले यूरोप के समाचार साइट हैं:
1338	1338	1338	Dr. Gottlieb and dr.	डा. Gottlieb और डॉ.	डी. गोट्टिएब और डी. लुईबर्ट
1339	1339	1339	Manju Lakshmi won first prize and Shilpa won second prize.	मंजू लक्ष्मी प्रथम व शिल्पा ने द्बितीय स्थान प्राप्त किया।	मानज लक्ष्मी और शिल्पा दोनों ने सम्मान प्राप्त किया है।
1340	1340	1340	You do not have read/ write permission to your sent-mail folder.	आपके पास आपकी भेजी- डाक फ़ोल्डर पर पढ़ने/ लिखने की अनुमतियाँ नहीं है.	आप सेंट-येल्ड-मेल-फ़ार्ड-फ़ॉर्मेंट वाले पेपट-येल्न-मेल-वालेंट-होये संदेश-येलन-वालेंट-होये मैसेज-येलन-वालेंट-होये संदेश-येलन-वालेंट-होये मैसेज-येलन-वालेंट-होये संदेश-येलन-वालेंट-होये मैसेज-येलन-वालेंट-होये संदेश-येलन-वालेंट-होये मैसेज-येलन-वालेंट-होये संदेश-येलन-वालेंट-होये मैसेज-येलन-वालेंट-होये
1341	1341	1341	Krishnadev sir.	Krishnadev सर।	क्रिशनदेव सिर।
1342	1342	1342	Please have mercy!	दया कर देते हैं!	कृपयोग्यता: कृपयोग्यता को किसी भी भाषा में किया जा सकता है।
1343	1343	1343	Microsoft?	माइक्रोसॉफ्ट?	माइक्रो?
1344	1344	1344	A tech bomb.	एक तकनीक बम.	जानकारी का संकट है।
1345	1345	1345	What are you doing?	आप क्या कर रहे हो?	You are doing?
1346	1346	1346	It is naught but revelation that is revealed,	वह तो बस एक प्रकाशना है, जो की जा रही है	जो कुछ नहीं है वह nonetheless revelation that is revealed,
1347	1347	1347	The title is a loose translation for “Inventive Dobromir”.	"इसका शीर्षक ""आविष्कारशील दोब्रोमीर"" का अमूमन अनुवाद है।"	शीर्षक एक जटिल अन translation for “Inventive Dobromir” के लिए है।
1348	1348	1348	About ten days ago, I took him there and buried.	करीब दस दिन हुये. मैं उसे वहाँ ले गयी और दफन कर दिया.	पहचान से दस साल पहले था कि मैंने उसे वहाँ ले लिया थू |
1349	1349	1349	That was me who took a fucking bullet in the gut.	कि पेट में एक कमबख्त गोली ले लिया, जो मैं था.	अरे अरे कैसे हुआ था मेरा बिल्टू इंडस्ट्री?
1350	1350	1350	Export Dictionary	शब्दकोश निर्यात करें (E)...	जापान के संसकृत के साथ इसे जापान का संसकृत के साथ इसे जापान का संसकृत के साथ इसे जापान का संसकृत के साथ इसे जापान का संसकृत के साथ इसे जापान का संसकृत के साथ इसे जापान का संसकृत के साथ इसे जापान का संसकृत के साथ इसे जापान का संसकृत के साथ इसे जापान का संसकृत के साथ इसे जापान का संसकृत के साथ इसे जापान का संसकृत के साथ इसे जापान का संसकृत के साथ इसे जापान का संसकृत के साथ इसे जापान का संसकृत के साथ इसे जापान का संसकृत के साथ इसे जापान का संसकृत के साथ इसे ज
1351	1351	1351	Bella, you've to understand Your safety is everything to me.	बेला है, तो आप सुरक्षा है अपने को समझने के लिए मेरे पास सब कुछ है.	बेला, तुम्हें तुम्हारी सुरक्षा यकिन तुम्हारी सुरक्षा है।
1352	1352	1352	DARREN:	DARREN:	यह सही है।
1353	1353	1353	Or He Who answers the prayer of the helpless when he invokes Him and removes the evil, and makes you inheritors of the earth? Is there a God along with Allah?! Very little do they ponder!	या वह जो व्यग्र की पुकार सुनता है, जब वह उसे पुकारे और तकलीफ़ दूर कर देता है और तुम्हें धरती में अधिकारी बनाता है? क्या अल्लाह के साथ कोई और पूज्य-प्रभु है? तुम ध्यान थोड़े ही देते हो	जो कि प्रश्न पात्र के प्रश्न पात्र के प्रश्न पात्र के प्रश्न पात्र के प्रश्न पात्र के प्रश्न पात्र के प्रश्न पात्र के प्रश्न पात्र के प्रश्न पात्र के प्रश्न पात्र के प्रश्न पात्र के प्रश्न पात्र के प्रश्न पात्र के प्रश्न पात्र के प्रश्न पात्र के प्रश्न पात्र के प्रश्न पात्र के प्रश्न पात्र के प्रश्न पात्र के प्रश्न पात्र के प्रश्न पात्र के प्रश्न पात्र के प्रश्न पात्र के प्रश्न पात्र के प्रश्न पात्र के प्रश्न पात्र के प्रश्न पात्र के प्रश्न पात्र के प्रश्न पात्र के प्रश्न पात्र के प्रश्न पात्र के प्रश्न प
1354	1354	1354	And We have sent down the Book unto thee with truth; and confirming that which hath preceded it of the Book, and a guardian thereof. Wherefrom judge thou between them by that which Allah hath sent down, and follow thou not away from that which hath their desires come to thee of the truth. Unto each of you We appointed law and a way. And had Allah listed, He would have made you all a single community, but He willed not in order that he may prove you by that which He hath vouchsafed unto you. Hasten wherefore to the virtues; unto Allah is the return of you all; then He shall declare unto you concerning that wherein ye have been disputing.	और हमने तुम्हारी ओर यह किताब हक़ के साथ उतारी है, जो उस किताब की पुष्टि करती है जो उसके पहले से मौजूद है और उसकी संरक्षक है। अतः लोगों के बीच तुम मामलों में वही फ़ैसला करना जो अल्लाह ने उतारा है और जो सत्य तुम्हारे पास आ चुका है उसे छोड़कर उनकी इच्छाओं का पालन न करना। हमने तुममें से प्रत्येक के लिए एक ही घाट (शरीअत) और एक ही मार्ग निश्चित किया है। यदि अल्लाह चाहता तो तुम सबको एक समुदाय बना देता। परन्तु जो कुछ उसने तुम्हें दिया है, उसमें वह तुम्हारी परीक्षा करना चाहता है। अतः भलाई के कामों में एक-दूसरे से आगे बढ़ो। तुम सबको अल्लाह ही की ओर लौटना है। फिर वह तुम्हें बता देगा, जिसमें तुम विभेद करते रहे हो	कृडके के पास मिले हैं जो रोकने के लिए तैयार हैं |
1355	1355	1355	God is He that looses the winds, that stir up clouds; and He spreads them in heaven how He will, and shatters them; then thou seest the rain issuing out of the midst of them, and when He smites with it whomsoever of His servants He will, lo, they rejoice,	ख़ुदा ही (क़ादिर तवाना) है जो हवाओं को भेजता है तो वह बादलों को उड़ाए उड़ाए फिरती हैं फिर वही ख़ुदा बादल को जिस तरह चाहता है आसमान में फैला देता है और (कभी) उसको टुकड़े (टुकड़े) कर देता है फिर तुम देखते हो कि बूँदियां उसके दरमियान से निकल पड़ती हैं फिर जब ख़ुदा उन्हें अपने बन्दों में से जिस पर चहता है बरसा देता है तो वह लोग खुशियाँ माानने लगते हैं	जो है वह स्वर्ग के विद्यार्थु है कि जो कार्य साध्यता प्राप्त करता है, वही संकट को दूर करती है।
1356	1356	1356	You (believers) will certainly be tested by the loss of your property and lives and you will hear a great many grieving words from the People of the Book and the pagans. If you will have patience and piety, it will be a sign of firm determination and steadfastness (in life).	(मुसलमानों) तुम्हारे मालों और जानों का तुमसे ज़रूर इम्तेहान लिया जाएगा और जिन लोगो को तुम से पहले किताबे ख़ुदा दी जा चुकी है (यहूद व नसारा) उनसे और मुशरेकीन से बहुत ही दुख दर्द की बातें तुम्हें ज़रूर सुननी पड़ेंगी और अगर तुम (उन मुसीबतों को) झेल जाओगे और परहेज़गारी करते रहोगे तो बेशक ये बड़ी हिम्मत का काम है	जिस्म के लोगों के पास मूल रूप से स्थित होते हैं, वे लोगों के पास मूल रूप से स्थित होते हैं |
1357	1357	1357	They're probably already there.	वे शायद पहले से ही कर रहे हैं.	यह हो सकता है.
1358	1358	1358	[imitates gunfire]	[गोलियां चलाने का अभिनय]	अन्य जानकारी ने देना या नहीं देने के लिए लिखित संकेत के रूप में नहीं होता है।
1359	1359	1359	_Reply style:	जवाब शैली: (_R)	Yes, you're right.
1360	1360	1360	Run the configuration assistant	विन्यास सहायक चलाएँ	रन, संरचना सहायक
1361	1361	1361	I work at city hall, actually.	मैं वास्तव में, शहर के हॉल में काम करते हैं.	मैं सिटी हॉल, सही की हूँ.
1362	1362	1362	Who's the king of pranks now, then, eh? You were never up for an award, you silly tosser.	खैर, वह जीवंत टीवी का जादू है, अंदाज़ा है।	जिस कौन है प्रोल के प्यार से तुम नहीं हो पात्र हो । तुम कैसे हो ?
1363	1363	1363	Cameron is Niles' son.	कैमरून नाइल्स 'बेटा है.	केमरन नील्स के बेटा हैं।
1364	1364	1364	Document License	लेखपत्र प्रदर्शक	जैसा जैसा
1365	1365	1365	Worthless people live only to eat and drink.	निकम्मे लोग सिर्फ खाने पीने के लिए जीते हैं	जो लोग दूसरे के दिलचस्प हैं, वे दूसरे के दिलचस्प हैं।
1366	1366	1366	Our job is not to remember.	हमारा काम याद करने के लिए नहीं है.	जैसा कि हमने नहीं कहा है।
1367	1367	1367	The Missus said I wasn't to show it to anyone.	मालकिन ने कहा कि किसी को दिखाना नहीं.	अरे! मिसेज़ की कहबती थी कि उसे किसी के face को इसको देना चाहे |
1368	1368	1368	Sudan	सूडान	I cannot translate this text.
1369	1369	1369	"And O my people, this is the she-camel of Allah - [she is] to you a sign. So let her feed upon Allah 's earth and do not touch her with harm, or you will be taken by an impending punishment."""	"ऐ मेरी क़ौम के लोगो! यह अल्लाह की ऊँटनी तुम्हारे लिए एक निशानी है। इसे छोड़ दो कि अल्लाह की धरती में खाए और इसे तकलीफ़ देने के लिए हाथ न लगाना अन्यथा समीपस्थ यातना तुम्हें आ लेगी।"""	अरे, ओ मेरी लोगो, ये काम के हैं चमिल चमस ये चेमेल, चेमेल के हैं साथ मेरी साइन।
1370	1370	1370	There is a Tanaka in my class, too.	मेरी कक्षा में भी एक तानाका है।	मैं नहीं कह रही हूँ, टनाका मेरी क्लास में होता है।
1371	1371	1371	I DON'T THINK I'LL BE OUT HERE AGAIN.	मैं मैं यहाँ फिर से बाहर हो जाएगा नहीं लगता..	मुझे यहाँ पर कुछ समय का हाथ नहीं लगायेगा |
1372	1372	1372	As much as I'd love to kill you, I'm glad she's warm.	बेटी को मारने के लिए चाहेंगे के रूप में ज्यादा के रूप में आप मुझे है कि वह गर्म है.	मैं तो ले ले कि मैं तो चल्ले कर ली हूँ। मैं चाहता हूँ कि मैं शायद हो कर कुछ भी नहीं हो सकता हूँ।
1373	1373	1373	"That is God, your true Lord. What is there, besides the truth, but error? How then can you turn away?"""	फिर यही अल्लाह तो है तुम्हारा वास्तविक रब। फिर आख़िर सत्य के पश्चात पथभ्रष्टता के अतिरिक्त और क्या रह जाता है? फिर तुम कहाँ से फिरे जाते हो?	जो है देव, आपका सच प्राप्त करन वाला है। क्या है बeyond सच, but error? कैसे तुम इसे खो सकते हो?
1374	1374	1374	Did he threaten your sister?	क्या उसने तुम्हारी बहन को धमकी दी?	जी हुआ नहीं था? या शायद होता है, कि उस व्यक्ति ने आपकी सिस्टमेंटी के लिए खतरनाक बयान दिया है?
1375	1375	1375	_Reply style:	जवाब शैली: (_R)	Yes, you're right.
1376	1376	1376	Sent	गई डाक	अन्य जानकारी नहीं दे सकती।
1377	1377	1377	Pharaoh exalted himself in the land, and divided its people into factions. He persecuted a group of them, slaughtering their sons, while sparing their daughters. He was truly a corrupter.	बेशक फिरऔन ने (मिस्र की) सरज़मीन में बहुत सर उठाया था और उसने वहाँ के रहने वालों को कई गिरोह कर दिया था उनमें से एक गिरोह (बनी इसराइल) को आजिज़ कर रखा थ कि उनके बेटों को ज़बाह करवा देता था और उनकी औरतों (बेटियों) को ज़िन्दा छोड़ देता था बेशक वह भी मुफ़सिदों में था	जापान के शॉवर के परिवार को समाज के प्रतिविरामी व्यक्तियों के रूप में घोषित किया गया था।
1378	1378	1378	- Berlin's in uproar!	- बर्लिन में हाहाकार मचा हुआ है!	अर्जाना करें!
1379	1379	1379	You already like the boy.	आप पहले से ही लड़के को पसंद करती हैं.	आपके पास एक छोटी बात है।
1380	1380	1380	Isn't violence the official solution of our government in Iraq,	हिंसाआधिकारिक समाधान नहीं है इराक में हमारी सरकार की,	अर्जन रूप में इराक की सरकार का रूप है संघर्ष के परिणाम में, इराक की सरकार के प्रति सरकारी प्रतिविरोध के रूप में इराक की सरकार द्विनेय के रूप में संघर्ष के परिणाम होते हैं।
1381	1381	1381	it'll cost you.	और तुम्हें खर्च आएगा.	किस प्रयोग शुल्क देंगे।
1382	1382	1382	that's what you can bring them.	कि आप उन्हें क्या ला सकता है.	जो भी हो ये ले सकते हैं
1383	1383	1383	What's a webis...?	एक webis क्या है	जो कुछ हो सकता है, वह हो सकता है।
1384	1384	1384	It will keep you from getting sick in this damp bunker.	यह तुमको इस नम बंकर में बीमार होने से बचायेगी.	यह सुखी बunker में रखे रहने से हमें रोग से बचने में मदद मिलेगी.
1385	1385	1385	Louis goes down, you make it out.	लुई नीचे चला जाता है , आप इसे बाहर.	लुईस को नीचे जाते हैं. आप उससे निकाल करते हैं.
1386	1386	1386	You're gonna turn right on Maple Street.	आप मेपल सड़क पर सही बारी करने वाले हैं.	आप मैपल स्ट्रीट पर राइट करने जा रहेंगे।
1387	1387	1387	Moses said, 'Our Lord, Thou hast given to Pharaoh and his Council adornment and possessions in this present life. Our Lord, let them go astray from Thy way; Our Lord, obliterate their possessions, and harden their hearts so that they do not believe, till they see the painful chastisement.'	और मूसा ने अर्ज़ की ऐ हमारे पालने वाले तूने फिरऔन और उसके सरदारों को दुनिया की ज़िन्दगी में (बड़ी) आराइश और दौलत दे रखी है (क्या तूने ये सामान इस लिए अता किया है) ताकि ये लोग तेरे रास्तें से लोगों को बहकाएं परवरदिगार तू उनके माल (दौलत) को ग़ारत (बरबाद) कर दे और उनके दिलों पर सख्ती कर (क्योंकि) जब तक ये लोग तकलीफ देह अज़ाब न देख लेगें ईमान न लाएगें	मैसोडि सaid, 'हम्र लर्ड, तुम्हने फ़्रार और अपने Council के सामान्य पदारिति को अपना दिया है।'
1388	1388	1388	It wouldn't be improper for me to forward Ellen some money.	यह मेरे एलेन कुछ पैसे को आगे करने के लिए अनुचित नहीं होगा.	मैं नहीं भी कुछ भी नहीं किया भूमिका होगी Ellen को कुछ पैसे देने वाले लोगों के खिलाफ हूँ।
1389	1389	1389	translator-credits	राजेश रंजन (rranjan@redhat.com, rajeshkajha@yahoo.com) रविशंकर श्रीवास्तव (raviratlami@yahoo.com)	इस टिप्पटियों के साथ कुछ नहीं हो सकते
1390	1390	1390	Sorry, hoss.	क्षमा करें, Hoss.	माफ़ किया हoss।
1391	1391	1391	If their town had been stormed, and they had been incited to sedition, they would have rebelled with little hesitation.	और यदि उसके चतुर्दिक से उनपर हमला हो जाता, फिर उस समय उनसे उपद्रव के लिए कहा जाता, तो वे ऐसा कर डालते और इसमें विलम्ब थोड़े ही करते!	अगर्रे के सामुद्रिक स्थान की साहित्यिक परिवर्तन की किस्म में वे कुछ कम सोचेंगी।
1392	1392	1392	Go.	चलो.	जा ।
1393	1393	1393	Maybe they'll give room and board at lvanovo.	शायद वे इवानवा में कमरे और बोर्ड दे देंगे.	जापान में लवनोवो में किसी को रूम और बोर्ड में रख सकती हैं।
1394	1394	1394	Well, that's fantastic!	वैसे, यह शानदार है!	बहुत बढ़िया!
1395	1395	1395	They will say nay! it is ye, for whom there is no welcome: it is ye who have brought it upon us. Evil shall be the resting-place.	"वे कहेंगे, ""नहीं, तुम नहीं। तुम्हारे लिए कोई आवभगत नहीं। तुम्ही यह हमारे आगे लाए हो। तो बहुत ही बुरी है यह ठहरने की जगह!"""	यह कहेंगे नहीं! यह न कि आप, जो इसे स्वीकार्य बनाते हैं, को स्वीकार्य बनाते हुए, को स्वीकार्य बनाते हुए, को शिष्ट कार्य करने वाले हैं!
1396	1396	1396	I helped my father water the flowers.	मैंने अपने पापा को फूलों को पानी डालने में मदद करी थी।	मैंने मेरे पिता को पानी दिया था।
1397	1397	1397	Layout style	अभिन्यास शैली	पृष्ठ संरचना
1398	1398	1398	- You've got to help me, Baiocco.	- मेरी मदद करो, बाइओक्को.	बिलॉको.
1399	1399	1399	Nothing like whom?	िकस जैसे?	Nothing like whom?
1400	1400	1400	The people of the Pharaoh picked him up (without realizing) that he would become their enemy and a source of their sorrow. The Pharaoh, Haman, and their army were sinful people.	(ग़रज़ मूसा की माँ ने दरिया में डाल दिया) वह सन्दूक़ बहते बहते फिरऔन के महल के पास आ लगा तो फिरऔन के लोगों ने उसे उठा लिया ताकि (एक दिन यही) उनका दुश्मन और उनके राज का बायस बने इसमें शक नहीं कि फिरऔन और हामान उन दोनों के लश्कर ग़लती पर थे	जिसे पicked him up (सबके लिए) उसे pharaoh नाम दिया गया था. फिर उसे haman नाम दिया गया था. और उसे their army नाम दिया गया था.
1401	1401	1401	Unicode (UTF-_8)	यूनिकोड (UTF-_8)	अन्य (यू.टी.एफ.)
1402	1402	1402	You're a father now!	आप एक पिता अब कर रहे हैं!	आप एक पिता हैं!
1403	1403	1403	And the day He shall muster them, as if they had not tarried but an hour of the day, mutually recognizing one another; lost will be those who cried lies to the encounter with God, and were not guided.	और जिस दिन ख़ुदा इन लोगों को (अपनी बारगाह में) जमा करेगा तो गोया ये लोग (समझेगें कि दुनिया में) बस घड़ी दिन भर ठहरे और आपस में एक दूसरे को पहचानेंगे जिन लोगों ने ख़ुदा की बारगाह में हाज़िर होने को झुठलाया वह ज़रुर घाटे में हैं और हिदायत याफता न थे	जिस दिन उन्हें पुनर्निर्मित करेंगे यदि वे सहज सहयोगी हों जो लोगों को झयंत्व दिखाने के लिए झरपूर होते हैं, और जो लोगों को झयंत्व दिखाने के लिए झरपूर नहोते हैं।
1404	1404	1404	Whether or not to use the notification tray for display reminders	अनुस्मारक दिखाने के लिए क्या सूचना ट्रे का प्रयोग करना है या नहीं	सब चीज़ के लिहात जो रिम्पल के लिए किये जाते हैं उनसे भी नहीं
1405	1405	1405	Section where are installed the man pages. Valid section names are the digits ‘0’ through ‘9’, and the letters ‘l’ and ‘n’.	विभाग पृष्ठों खंड नाम के जरिए और अक्षर और नहीं	मैन पेज्स के स्थान। वैध स्थान पीड्स '0' through '9', और वे 'l' और 'n' के बीची।
1406	1406	1406	There is none among the People of the Book but will surely believe in him before his death; and on the Day of Resurrection, he will be a witness against them.	और (जब ईसा मेहदी मौऊद के ज़हूर के वक्त आसमान से उतरेंगे तो) अहले किताब में से कोई शख्स ऐसा न होगा जो उनपर उनके मरने के क़ब्ल ईमान न लाए और ख़ुद ईसा क़यामत के दिन उनके ख़िलाफ़ गवाही देंगे	जिन लोगों ने पुस्ताविदी समुदाय का पालन किया है, वे आज भी उसी तरीके से पालन करेंगे और हाल ही किया का विश्लेषण भी किया जा सकता और किया जा सकता
1407	1407	1407	You gonna come down from there or what?	तुम वहाँ या क्या से नीचे आने वाला है?	जो कोई भी वहाँ से down किया जा सकता है या जो कोई भी नहीं हो सकता है कि वहाँ से down किये बिना किसी हो सके वही हो सके
1408	1408	1408	Walshy won't sell, it's his nest egg.	वॉल्शी बेचेगा नहीं, वही तो उसका चारा है।	वाल्श यार न सELL कर रहे हैं उन्हों का पैसा अपनी पैसी पेट्टी है।
1409	1409	1409	- I'll take the pictures, Brendan.	- मैं तस्वीरें लूँगा, ब्रेंडन।	बेंड्रेड से पिक्चर्स लेने की बात है।
1410	1410	1410	"""This is what life is. This is why we're here, to connect."	"""यह जीवन क्या है हम यहाँ हैं यही कारण है , कनेक्ट करने के लिए"	जैसा कि जीवन है। यह जैसा कि हमें होता है, यहीं से हमें जो होता है, उसे ज्यारी का पाठ दिया है।
1411	1411	1411	So what the hell am I supposed to tell O'Keefe?	तोक्यानरकमैं ओ'कीफेबताने वाला हूँ	सो व्हे लिंग?
1412	1412	1412	GENERAL HELMUTH WEIDLING died in Soviet captivity in 1955.	जनरल हेलमथ विल्डिंग की 1955 में सोवियत कैद में मृत्यु हो गई.	सोवियत निर्वाह में 1955 में जी.एस. मेल्थम वेल्डिंग की मृत्यत्ता को रूसी निर्वाब की प्रतिष्ठा में स्थित नहीं होती है।
1413	1413	1413	- What?	ट्रेवर : क्या?	जानकारी के बारे में?
1414	1414	1414	Add a new file/directory to the Subversion tree	जोड़ें a नया फ़ाइल निर्देशिका को सबवर्सन ट्री	जिस स्थान पर जोड़ा है, उसे जोड़ी व्यवसायों में लगाया जाएगा
1415	1415	1415	I'm excited and happy about your arrival.	तुम्हारे आने से मैं बहुत खुश हूँ.	मैं उत्सवाही और खुशी से खुश हूँ कि आप तुम्हारा साथ आए हैं।
1416	1416	1416	Even if it was the wish of your heart...	यह आपके दिल की इच्छा थी यहां तक ​​कि अगर... यह एक झूठ है!	ये सब कुछ कहा हूँ...
1417	1417	1417	LOOK AT ME OR GET IT RIGHT IN YOUR BALLS.	सही अपनी गेंदों में मुझे देखो या इसे जाओ.	अरे, लुक एट मी या गेट IT RIGHT IN YOUR BALLS.
1418	1418	1418	Start	प्रारंभ	जारी
1419	1419	1419	We intercepted a Kaiju and saved everyone on that boat.	हम एक Kaiju रोक दिया और कहा कि नाव पर सभी को बचा लिया.	जाईज़ी का निश्चय करके पूरी सावधान से यह सुना दिया गया है।
1420	1420	1420	Our species has never been, but Increases In the first seven months of life.	हमारी प्रजाति लेकिन कभी नहीं रही है, बढ़ जाती है जीवन के पहले सात महीनों में.	जीव के स्तर never हो सकते हैं, लेकिन जीव की साँसकुलरी प्रारूप में पाँच महीनों का प्रारूप हो सकते हैं।
1421	1421	1421	He who obeys the Messenger, obeys Allah: But if any turn away, We have not sent thee to watch over their (evil deeds).	जिसने रसूल की आज्ञा का पालन किया, उसने अल्लाह की आज्ञा का पालन किया और जिसने मुँह मोड़ा तो हमने तुम्हें ऐसे लोगों पर कोई रखवाला बनाकर तो नहीं भेजा है	अरे, जो मेसेजर का इंतज़ार होता है, वे Allah का इंतज़ार भी होता है। लेकिन, अगर कोई दुशस्त का इंतज़ार नहीं होता है, तो उस पात्र के प्रति नहीं होता है।
1422	1422	1422	General	सामान्य	जैसा कि
1423	1423	1423	%F %T	%F %T	"यहाँ कुछ जानकारी दिए जाते हुए भी नहीं कहे जाते हैं:
-0 -2"
1424	1424	1424	But Kai wanted the power all to himself.	पर काई सारी शक्ति पर अपना ही अधिकार जमाना चाहता था।	लेकिन काई ने इच्छा तो किस्मति को अपनी पूरी संप्रथि सुनाई चाहे
1425	1425	1425	Hey, you mind?	अरे, तुम बुरा है?	हे, यू मेंड?
1426	1426	1426	That was good of her.	यही कारण है कि उसके बारे में अच्छा था।	उनके पास थी वह थी सुंदर थी सुंदर महसूना थी
1427	1427	1427	- Laban, of course.	- बेशक लाबान.	सुनिए: बिलान, बिलास तो लोग हैं।
1428	1428	1428	Am I running around in circles?	मैं हलकों में चारों ओर चल रहा है?	No
1429	1429	1429	Did you not see the hypocrites say to their brethren, the unbelievers among the People of the Book: “If you are banished we too will go with you and will not listen to anyone concerning you; and if war is waged against you, we will come to your aid.” But Allah bears witness that they are liars.	"क्या तुमने उन लोगों को नहीं देखा जिन्होंने कपटाचार की नीति अपनाई हैं, वे अपने किताबवाले उन भाइयों से, जो इनकार की नीति अपनाए हुए है, कहते है, ""यदि तुम्हें निकाला गया तो हम भी अवश्य ही तुम्हारे साथ निकल जाएँगे और तुम्हारे मामले में किसी की बात कभी भी नहीं मानेंगे। और यदि तुमसे युद्ध किया गया तो हम अवश्य तुम्हारी सहायता करेंगे।"" किन्तु अल्लाह गवाही देता है कि वे बिलकुल झूठे है"	जिस्म से नहीं हो चुकी और नश्चित्र हो चुकी
1430	1430	1430	file chooser	फ़ाइल-चयनक	फाइल चोज़र
1431	1431	1431	Those to whom We have given the Book rejoice in what is sent down to you, while some factions reject a part of it. Say: 'I am commanded to worship Allah and to associate none with Him. To Him I supplicate, and to Him I turn'	"जिन लोगों को हमने किताब प्रदान की है वे उससे, जो तुम्हारी ओर उतारा है, हर्षित होते है और विभिन्न गिरोहों के कुछ लोग ऐसे भी है जो उसकी कुछ बातों का इनकार करते है। कह दो, ""मुझे पर बस यह आदेश हुआ है कि मैं अल्लाह की बन्दगी करूँ और उसका सहभागी न ठहराऊँ। मैं उसी की ओर बुलाता हूँ और उसी की ओर मुझे लौटकर जाना है।"""	मध्य प्रदान के कुछ के प्रति प्रसिद्ध हैं: वे प्रसिद्ध हैं जो वे नहीं हो सकते; जिन्हें नहीं हो सकते वे भी हो सकते हैं और वे हो सकते हैं
1432	1432	1432	If We give the human being a taste of mercy from Us, and then withdraw it from him, he becomes despairing and ungrateful.	यदि हम मनुष्य को अपनी दयालुता का रसास्वादन कराकर फिर उसको छीन लॆं, तॊ (वह दयालुता कॆ लिए याचना नहीं करता) निश्चय ही वह निराशावादी, कृतघ्न है	जिस व्यक्ति को हम द्वारा दया की ताक़िर्त्व वाले स्पर्धा के प्रतिविध कण्यातम्
1433	1433	1433	Did you know that Mr. sly Wheaton has a legal document proving that every cent of that estate was intended for Ellen and nobody else, period?	आप श्री धूर्त व्हीटॉन एक कानूनी दस्तावेज है कि पता था साबित करना है कि वह संपत्ति का हर प्रतिशत एलेन और कोई नहीं, इस अवधि के लिए करना चाहता था?	जिस के कि पूरा पैसा उस समय के लिए हुआ था वह ही व्यक्ति के बारे में नहीं, बल्कि उस स्थिति के बारे में हूँ जिसे पूरा पैसा उस समय के लिए हुआ था वह व्यक्ति के बारे में नहीं, बल्कि उस स्थिति के बारे में हूँ जिसे पूरा पैसा उस समय के लिए हुआ था वह व्यक्ति के बारे में नहीं, बल्कि उस स्थिति के बारे में हूँ जिसे पूरा पैसा उस समय के लिए हुआ था वह व्यक्ति के बारे में नहीं, बल्कि उस स्थिति के बारे में हूँ जिसे पूरा पैसा उस समय के लिए हुआ था वह व्यक्ति के बारे में नहीं, बल्कि उस स्थिति के बारे में हूँ ज
1434	1434	1434	_Image	चित्र (_I)Disc Image	
1435	1435	1435	But I had it earlier and now it's gone.	लेकिन मैं यह पहले था और अब वह चला गया है.	पर मैंने इसे पहले समय में रखा थै और अब भी रखता है।
1436	1436	1436	The adulterer and the adulteress, scourge ye each one of them (with) a hundred stripes. And let not pity for the twain withhold you from obedience to Allah, if ye believe in Allah and the Last Day. And let a party of believers witness their punishment.	़ज़िना करने वाली औरत और ज़िना करने वाले मर्द इन दोनों में से हर एक को सौ (सौ) कोडे मारो और अगर तुम ख़ुदा और रोजे अाख़िरत पर ईमान रखते हो तो हुक्मे खुदा के नाफिज़ करने में तुमको उनके बारे में किसी तरह की तरस का लिहाज़ न होने पाए और उन दोनों की सज़ा के वक्त मोमिन की एक जमाअत को मौजूद रहना चाहिए	आई.स.एस.2190.
1437	1437	1437	Come on, you've got more than that.	चलो, मैं चोट कर रहा हूँ, है ना?	जो कुछ भी है, यहाँ नहीं जोड़ा जा सकता और जो जोड़ा गया था, वह भी नहीं हो सकता
1438	1438	1438	English (Canada)	इंग्लिश (कॅनडा)	"अर्थ:
कनाडा"
1439	1439	1439	Disable use of the fixed function pipeline backend	निश्चित फ़ंक्शन पाइपलाइन बैकएंड का उपयोग निष्क्रिय करें	सके से संक्षित करने के लिए प्राप्त करणार्दीय प्राप्त करणे
1440	1440	1440	Yeah, same coffee shop.	हाँ, एक ही कॉफी की दुकान.	यह, सेी ही कॉफी शॉप है।
1441	1441	1441	O Romeo, Romeo, wherefore art thou Romeo?	हे रोमियो, रोमियो, किस कला तू रोमियो?	रोमो, रोमो, wherefore art thou Romeo?
1442	1442	1442	Turn it off please, John.	जॉन, कृपया इसे बंद कर दो।	अरे जी, कृपया क्या कुछ हटाएँ!
1443	1443	1443	I just need to eat something.	कुछ खाने के लिए मैं सिर्फ जरूरत है.	मुझे खानेे कुछ।
1444	1444	1444	"And were you to wonder, then wondrous indeed is the saying of those who say: ""What! After we have been reduced to dust, shall we be created afresh?"" They are the ones who disbelieved in their Lord; they are the ones who shall have shackles around their necks. They shall be the inmates of the Fire, wherein they will abide for ever."	"अब यदि तुम्हें आश्चर्य ही करना है तो आश्चर्य की बात तो उनका यह कहना है कि ,""क्या जब हम मिट्टी हो जाएँगे तो क्या हम नए सिरे से पैदा भी होंगे?"" वही हैं जिन्होंने अपने रब के साथ इनकार की नीति अपनाई और वही है, जिनकी गर्दनों मे तौक़ पड़े हुए है और वही आग (में पड़ने) वाले है जिसमें उन्हें सदैव रहना है"	जो! के किस्मों के लोगों को उनके Lord के लिए विश्वास होने की शैली है; जो! के लोगों ने अपने Lord के लिए विश्वास नहीं दिखाय; जो! के लोगों को क्षति हो जाती है, जो! के लोगों को अफर अलमाज़ हो जाती है।
1445	1445	1445	We got into a fight...	हम एक लड़ाई में मिला...	हमने लड़ास में शामिल हो गये...
1446	1446	1446	, why did you send me here?	क्यों तुम मुझे यहाँ भेजा है?	सेंट, why did you send me here?
1447	1447	1447	♪ COULD BE FOREVER BOUND	♪हमेशाके लिएबाध्यकिया जासकताहै	जो कोई भी पल ले सकता और लिया जा सकता
1448	1448	1448	Maldives Health blog has discussed the issue here. This is it.	मालदीव हेल्थ ब्लॉग ने मामले का ज़िक्र करते हुये लिखा	यहाँ संकेत किये हैं कि यहाँ समस्या से जुड़ी हैं और यहाँ समस्या से जुड़े हुए जानकारी से पूर्ण हो सकती हैं।
1449	1449	1449	That's good, Jacobs.	अच्छा यही है, याकूब.	तबीज़ के बात, जैक्स।
1450	1450	1450	You cowards.	आप डरपोक.	यह तुम्हारा प्रतिरोध है।
1451	1451	1451	If Kim Woo-jing becomes the regent,	किम वू जिंग रीजेंट हो जाता है,	अगर किम वू-जिंग रेगेंट हो
1452	1452	1452	Ignored	नज़रअंदाज़ कियाBoolean True - Yes	अनजार
1453	1453	1453	The law firm Leman Brothers currently in bankruptcy billed over 850 million in legal fees, in addition for billing in massage and lobster dinners.	वर्तमान में दिवालियापन में कानून फर्म Leman ब्रदर्स कानूनी फीस में दस लाख 850 से अधिक बिल भेजा, मालिश और समुद्री झींगा रात्रिभोज में बिलिंग के लिए इसके अलावा में.	लेमन बROT्स के निपटा व्यय 850 करोड़ की लागत से संबंधित है।
1454	1454	1454	Till you reach the grave.	यहाँ तक कि तुम क़ब्रिस्तानों में पहुँच गए	यति तक तुम रेखामित्री हो?
1455	1455	1455	Pointer	छापें	प्र Pointer
1456	1456	1456	My wealth did not avail me.	(अफ़सोस) मेरा माल मेरे कुछ भी काम न आया	मेरी पैसे का अर्थ नहीं था।
1457	1457	1457	The guests will be arriving at the front gate and directed to the valet.	मेहमानों के सामने गेट पर आने वाला है और सेवक को निर्देश दिया।	गेस्ट्स के आने के लिए फ्रॉन्ट गेट पर से जाने की ओर जाते हैं।
1458	1458	1458	Because we couldn't have done it alone.	क्योंकि हम यह सब अकेले नहीं कर सकते थे.	क्यों नहीं कह सकते हैं कि यह सही में नहीं कह सकते हैं।
1459	1459	1459	Toggles whether the BCC field is displayed	यदि BCC क्षेत्र प्रदर्शित है तो टॉगल करें	प्रदर्शन की स्थिति को देखते हुए देखते हुए
1460	1460	1460	User:	प्रयोक्ता:UserAuthentication User	"Hindi:
यूज़र:"
1461	1461	1461	That they should bring to you every skillful magician.	"कि वे प्रत्येक प्रवीण जादूगर को आपके पास ले आएँ।"""	जो वे आपको इस कला में साथ ले आएँगे सभी रचनात्मक व्यक्ति।
1462	1462	1462	Cheese Webcam Booth	चीज वेबकैम बूथ	कई किस्म में
1463	1463	1463	Clockwise Bottom Left Out	घड़ी की दिशा में नीचे बाएं से बाहर	सिलाई के किंगडे पे लाई सिलाई के किंगडे पे सिलाई की कक्षाएँ होती
1464	1464	1464	_Stop	रोकें(_S)	अनुपस्थिति या स्थायी नहीं
1465	1465	1465	Not a launchable item	चलाने वाली वस्तु नहीं	अनजारित लोडेबल सामग्री
1466	1466	1466	"The solicitor, who was nicknamed ""Bash"" and hailed by criminals as a ""top brief,"" was arrested at his home in 2011 following a police surveillance operation into Scarborough, who he had represented in a previous narcotics trial."	"इस अधिवक्ता को, जिसे ""बैश"" का उपनाम दिया गया था, तथा जिसकी अपराधियों द्वारा ""टॉप ब्रीफ"" के रूप में प्रशंसा की गई थी, स्कारबोरो में पुलिस निगरानी संचालन के पश्चात वर्ष 2011 में उसके घर से गिरफ्तार किया गया था, जिसका उसने पिछले नारकोटिक्स ट्रायल में प्रतिनिधित्व किया था।"	स्कारबरो को 2011 में कैसारा, नाम के एक पेशेवर निर्देशक के रूप में पदोनिमित किया था।
1467	1467	1467	Brain starts working with 10 times increased capacity	मस्तिष्क में 10 बार वृद्धि की क्षमता के साथ काम शुरू होता है	"ज्ञान के 10 से बढ़ चार गुने ज्ञान के क्षमता को दिखाने वाले वाक्य:
ब्रेन स्ट्रीट चार्ज़ के क्षमता 10 times increased capacity"
1468	1468	1468	Simon, you don't have to do this.	साइमन, आप ऐसा करने के लिए नहीं है.	सिमोन, तुम्हें यह नहीं करनी पड़ती है.
1469	1469	1469	"Indeed, Allah is my Lord and your Lord, so worship Him. That is the straight path."""	पस तुम ख़ुदा से डरो और मेरी इताअत करो बेशक ख़ुदा ही मेरा और तुम्हारा परवरदिगार है	ज्या! ईसा प्रजाति मेरी प्रजाति और तुम्हारी प्रजाति है, इसलिए तुम्हें इस्लाम के साथ इस्लाम की साँस्यों दी है।
1470	1470	1470	Set Bac_kground Properties	पृष्ठभूमि गुण सेट करें (_k)	बैकबोर्ड प्रॉबेलिस
1471	1471	1471	I however... would be willing to accept the responsibility...	मैं फिर भी ... जिम्मेदारी स्वीकार करने को तैयार हो जाएगा ...	मैं हाल ही किया... मैं हाल ही किये वाले स्थिति से जुड़े हो सकते के कारण से
1472	1472	1472	"Moses chose seventy of his people for the appointment (on Mount Sinai). When they arrived they were seized by a tremor. (Moses) said: ""O Lord, if You had so pleased You could have annihilated them and me before this. Will You destroy us for something the foolish among us have done? This is but a trial from You whereby You will lead whom You will astray and guide whom You please. You are our saviour, so forgive us and have mercy on us, for You are the best of forgivers."	और मूसा ने अपनी क़ौम से हमारा वायदा पूरा करने को (कोहतूर पर ले जाने के वास्ते) सत्तर आदमियों को चुना फिर जब उनको ज़लज़ले ने आ पकड़ा तो हज़रत मूसा ने अर्ज़ किया परवरदिगार अगर तू चाहता तो मुझको और उन सबको पहले ही हलाक़ कर डालता क्या हम में से चन्द बेवकूफों की करनी की सज़ा में हमको हलाक़ करता है ये तो सिर्फ तेरी आज़माइश थी तू जिसे चाहे उसे गुमराही में छोड़ दे और जिसको चाहे हिदायत दे तू ही हमारा मालिक है तू ही हमारे कुसूर को माफ कर और हम पर रहम कर और तू तो तमाम बख्शने वालों से कहीें बेहतर है	मoses ने कहाल को संबंधित करने दान करने वाले वे लोग हैं जिन्हें यू मॉर्टल से जानबाज़ी होते हैं।
1473	1473	1473	Passengers trying to avoid those fees have been stuffing as much as they can into carry-on baggage stashed in overhead bins, meaning those bins often run out of space.	जो जो यात्री शुल्क से बचने की कोशिश कर रहे हैं भराई कर रहे हैं जितना वे कर सकते हैं कैरी - ऑन बैगेज में जो ओवरहेड डिब्बे में स्टैश है , इसका मतलब है इस डिब्बे में अक्सर कम जगह है.	इस प्रक्रिया के परिणाम से स्थानीय प्रतिक्रिया होगी जो कि निरंतर होगी क्योंकि जो कि इस प्रक्रिया के परिणाम से स्थानीय प्रतिक्रिया भी होगी
1474	1474	1474	Group Box	समूह बक्सा	I/मैं क्या हूँ?
1475	1475	1475	Whatsoever has been given you is the stuff this life is made of, and only its embellishment. What is with your Lord is better and abiding. Will you not understand?	और तुम लोगों को जो कुछ अता हुआ है तो दुनिया की (ज़रा सी) ज़िन्दगी का फ़ायदा और उसकी आराइश है और जो कुछ ख़ुदा के पास है वह उससे कही बेहतर और पाएदार है तो क्या तुम इतना भी नहीं समझते	जो है उसके प्रश्नांक, जो है उसके प्रश्नांक के अनुसार ठोस से स्वतंता और साबित्र होता है।
1476	1476	1476	Bogofilter child process does not respond, killing...	बोगोफिल्टर संतति प्रक्रिया अनुक्रिया नहीं देती है, नष्ट कर रहा है...	जिस कोई संपूर्ण रूप से प्रतिरूप से नहीं होता है, उसे संपूर्ण रूप से प्रतिरूप से नहीं होता है।
1477	1477	1477	You will train to compete as a team against other teams.	आप अन्य टीमों के खिलाफ एक टीम रूप में प्रतिस्पर्धा करने के िलए प्रशिक्षित करेंगे.	आपको एक टीम द्वारा competing करने के लिए तैयार होना है।
1478	1478	1478	The time to execute this query exceeded the server limit or the limit configured for this address book. Please make your search more specific or raise the time limit in the directory server preferences for this address book.	इस प्रश्न के लिए समय सर्वर सीमा से अधिक हो गया या सीमा जो कि इस पता पुस्तिका के लिए विन्यस्त किया था. कृपया सुनिश्चित करें कि आपकी खोज अधिक विशिष्ट हो या समय सीमा को निर्देशिका सर्वर वरीयता इस पता पुस्तिका के लिए बढ़ाए.	यह सुनना चाहूँ कि समय तक इस अनुप्रयोग के प्राप्त काल का अर्थ है कि किसी विशिष्ट प्राप्त काल के लिए, निर्धक और स्थायी से जुड़े अन्य जानकारी-सहस्यता, प्रतिक्षय, प्रतिरोध, प्रतिकार, प्रतिधापन, प्रतिनिधापन, प्रतिनिधिमित्त (सह-व्यक्त), साझा-व्यक्त), साझा-व्यक्त), साझा-व्यक्त), साझा-व्यक्त), साझा-व्यक्त), साझा-व्यक्त), साझा-व्यक्त), साझा-व्यक्त), साझा-व्यक्त), साझा-व्यक्त), साझा-व्यक्त), साझा-व्यक्त), साझा-व्यक्त), साझा-व्यक्त), साझा-व्यक्त), साझा-व्यक्त), साझा-व्यक्त), स
1479	1479	1479	Hayley's got the means.	हेले के साधन मिल गया।	हेयर्सी के साथ्य।
1480	1480	1480	They're chewing us up!	वे हमें चबा रहे हैं!	यह हमारा जाता है!
1481	1481	1481	And unto (the tribe of) A'ad (We sent) their brother, Hud. He said: O my people! Serve Allah. Ye have no other Allah save Him. Will ye not ward off (evil)?	और (हमने) क़ौम आद की तरफ उनके भाई हूद को (रसूल बनाकर भेजा) तो उन्होनें लोगों से कहा ऐ मेरी क़ौम ख़ुदा ही की इबादत करो उसके सिवा तुम्हारा कोई माबूद नहीं तो क्या तुम (ख़ुदा से) डरते नहीं हो	जिस जाति के हुद है वह अपने राजा का ध्यान रखती है।
1482	1482	1482	(Chris, Echoing) Hello!	हैलो!	Sure!
1483	1483	1483	Like, it don't make sense.	तरह, यह मतलब नहीं है.	मैं नहीं कह सकता, लेकिन जो होता तो हाँ नहीं कह सकती।
1484	1484	1484	The stuff's out of your system.	यह लड़का है उसके दिमाग से बाहर.	जिस चीज़ को अपने पोर्टल से निकाला जाता है, उस चीज़ के बारे में होता है कि उसको अपने सॉफ्टर से निकाला जाता है।
1485	1485	1485	Or have they taken to themselves guardians other than Him? But Allah, He is the Guardian. He revives the dead and has power over all things.	क्या उन लोगों ने ख़ुदा के सिवा (दूसरे) कारसाज़ बनाए हैं तो कारसाज़ बस ख़ुदा ही है और वही मुर्दों को ज़िन्दा करेगा और वही हर चीज़ पर क़ुदरत रखता है	जिस व्यक्ति ने होने के लाभ और होने के नतीज़ की जाँच की है? नहीं तो उन्हें गuardians other than Him? और नहीं तो उन्हें रिव्हन्स और पावऱ दिए हैं?
1486	1486	1486	And they said, “O you magician! Pray for us to your Lord, by the means of His covenant which is with you; we will certainly come to guidance.”	"उनका कहना था, ""ऐ जादूगर! अपने रब से हमारे लिए प्रार्थना कर, उस प्रतिज्ञा के आधार पर जो उसने तुझसे कर रखी है। निश्चय ही हम सीधे मार्ग पर चलेंगे।"""	और वे कहावतों से कह रहे कि “मेरी प्रेरणा! मेरी प्रेरणा! मेरी प्रेरणा! मेरी प्रेरणा!”
1487	1487	1487	I'm going to be leading them to great things.	पर आने वाले दिनों में मैं उन्हें ऊँचाइयों की ओर ले जाऊँगा।	मैं उन्हें ज्यादा खुशी की सुविधि प्रदान कर रही हूँ.
1488	1488	1488	Know that Allah gives life to the earth after its death! Indeed We have made clear the Ayat (proofs, evidences, verses, lessons, signs, revelations, etc.) to you, if you but understand.	जान लो, अल्लाह धरती को उसकी मृत्यु के पश्चात जीवन प्रदान करता है। हमने तुम्हारे लिए आयतें खोल-खोलकर बयान कर दी है, ताकि तुम बुद्धि से काम लो	अरे, तुम्हें भी पता है कि Allah जो तुम्हारे दिल पर रखा है, उसके earth पर भी रखा है।
1489	1489	1489	To every community We sent a messenger: “Worship God, and avoid idolatry.” Some of them God guided, while others deserved misguidance. So travel through the earth, and see what the fate of the deniers was.	और हमने तो हर उम्मत में एक (न एक) रसूल इस बात के लिए ज़रुर भेजा कि लोगों ख़ुदा की इबादत करो और बुतों (की इबादत) से बचे रहो ग़रज़ उनमें से बाज़ की तो ख़ुदा ने हिदायत की और बाज़ के (सर) पर गुमराही सवार हो गई तो ज़रा तुम लोग रुए ज़मीन पर चल फिर कर देखो तो कि (पैग़म्बराने ख़ुदा के) झुठलाने वालों को क्या अन्जाम हुआ	"चेतना के धारकों को और उनके द्वारा दिए गए साहस्य के प्रति प्रति साहस्य के प्रति साहस्य के प्रति साहस्य के प्रति साहस्य के प्रति साहस्य के प्रति साहस्य के प्रति साहस्य के प्रति साहसियों वाले थे.

जैसा कि जादूध के दैनन्यवर्थ के भिन्न-रूप है, जैसा कि साहसियों वाले दैनन्यवर्थ भिन्न-रूप है, वैसा कि जादूध के दैनन्यवर्थ भिन्न-रूप है।"
1490	1490	1490	And lo, thy Lord! He is indeed the Mighty, the Merciful.	और निश्चय ही तुम्हारा रब ही है जो बड़ा प्रभुत्वशाली, अत्यन्त दयावान है	और यह, आपके राजा! वे indeed शक्ति प्राप्त कर रहे हैं।
1491	1491	1491	A state of mind.	दिमाग की एक स्थिति।	English to Hindi के लिए यह सट्टा वाक्य है।
1492	1492	1492	Repository origin; Drop or type a different revision here	रेपोसिटरी छोडें या क़िस्म a	बैकस्पेक्ट रिकॉर्ड; किसी भी जिसे ड्रॉप या टाइप एक different revision here हो, ड्रॉप करने के लिए हो, आदि के लिए हो सकता हूँ
1493	1493	1493	A power station is on high alert tonight as environmental campaigners have vowed to shut it down.	बिजली संयंत्र पर आज रात कड़ी निगरानी रखी गई है क्योंकि पर्यावरण कार्यकर्ताओं ने इसे बंद करने की योजना बनाई है.	पावर स्टेशन पर ऊर्जी की सतर्कत में ताज़ार है रात के समय में पावर स्टेशन के बारे में environmental campaigners ने कुछ नहीं कहा.
1494	1494	1494	It is Allah Who sends the Winds, and they raise the Clouds: then does He spread them in the sky as He wills, and break them into fragments, until thou seest rain-drops issue from the midst thereof: then when He has made them reach such of his servants as He wills behold, they do rejoice!-	अल्लाह ही है जो हवाओं को भेजता है। फिर वे बादलों को उठाती हैं; फिर जिस तरह चाहता है उन्हें आकाश में फैला देता है और उन्हें परतों और टुकड़ियों का रूप दे देता है। फिर तुम देखते हो कि उनके बीच से वर्षा की बूँदें टपकी चली आती है। फिर जब वह अपने बन्दों में से जिनपर चाहता है, उसे बरसाता है। तो क्या देखते है कि वे हर्षित हो उठे	"मूल्य:
अल्लाह जो सेंड्स विंस को विंस raised वायु के स्की के जैसे होते थे then did He spread them in the sky as He wills behold, they do rejoice!-"
1495	1495	1495	Enough with the coffee.	कॉफी के साथ बहुत हो गया.	कॉफ़ी के बारे में आगे मत लें।
1496	1496	1496	Some kid I have.	कुछ ही बच्चे है मेरे.	किसी बच्चे है
1497	1497	1497	“O Yusuf! O truthful one! Explain for us the seven healthy cows which seven lean cows were eating and the seven green ears of corn and seven others dry, so I may return to the people, possibly they may come to know.”	(ग़रज़ वह गया और यूसुफ से कहने लगा) ऐ यूसुफ ऐ बड़े सच्चे (यूसुफ) ज़रा हमें ये तो बताइए कि सात मोटी ताज़ी गायों को सात पतली गाय खाए जाती है और सात बालियॉ हैं हरी कचवा और फिर (सात) सूखी मुरझाई (इसकी ताबीर क्या है) तो मैं लोगों के पास पलट कर जाऊँ (और बयान करुँ)	“यूसफ! सच्चे एक जीवंत हूँ! इस बात के लिए मैं उन लोगों को जान पाता हूँ जो समझें।”
1498	1498	1498	Certainly We created above you seven levels and We have not been oblivious of the creation.	और हम ही ने तुम्हारे ऊपर तह ब तह आसमान बनाए और हम मख़लूक़ात से बेखबर नही है	ज़रूर हमने आपकी सात स्तरों और हमने भी इसे सावधान से सुना किया है।
1499	1499	1499	Name	नाम	मूल
1500	1500	1500	Had any love affairs before meeting Indu?	इंदु से मिलने से पहले तुम्हारा कोई लव अफ़ेयर था?	में किसी इंडू से पहले किसी दूसरे का परिवेश था?
1501	1501	1501	No shots have been fired.	कोई गोली नहीं चली है.	कोई शॉट नहीं फर्मर हुआ है।
1502	1502	1502	It's a very hard surface to be sleeping on.	सोने के लिए यह काफ़ी कठोर जगह है.	कृपयोग्यता: इस प्रकार से कोई अंतर नहीं होता
1503	1503	1503	Copy Folder To	फ़ोल्डर की नक़ल यहाँ लें	
1504	1504	1504	Your life hangs in the balance.	अपने जीवन अधर में लटका हुआ है.	आपकी जीवन स्थिति संकट में है।
1505	1505	1505	Say thou: look ye were Allah to take away your hearing and your sight and seal up your hearts, what god, other than Allah, shall bring them unto you? Behold! how variously We propound the signs, yet they turn aside.	"कहो, ""क्या तुमने यह भी सोचा कि यदि अल्लाह तुम्हारे सुनने की और तुम्हारी देखने की शक्ति छीन ले और तुम्हारे दिलों पर ठप्पा लगा दे, तो अल्लाह के सिवा कौन पूज्य है जो तुम्हें ये चीज़े लाकर दे?"" देखो, किस प्रकार हम तरह-तरह से अपनी निशानियाँ बयान करते है! फिर भी वे किनारा ही खींचते जाते है"	जिस्म में पड़ता तो वैसी भी होती ?
1506	1506	1506	You do n't seem to have write access to this root album. Without this access, image and metadata editing will not work.	डिज़ीकैम के लिए छवि में चारों ओर किनारा जोड़ें प्लगइन.	यह निर्णय सुनिश्चित करने वाले के लिए है।
1507	1507	1507	- We're with you, Alexander!	- हम तुम्हारे साथ सिकंदर हैं!	जो कि कार्नल के साथ है!
1508	1508	1508	[goat bleats] man speaking native language:	[बकरी मिमयाती है] पुरुष अपनी मातृभाषा में बोल रहा है: मेरी कहानी यह है कि मैं काम नहीं कर सकता,	"मार्केटिंग:
गाय भेट के वाक्य:
जाने वाले मानव के वाक्य:
जो कि भेट करते हैं वाक्य के प्रभाव को मापने के लिए भी होते हैं।"
1509	1509	1509	You can try to get through.	तुम बीच से निकलने की कोशिश कर सकते हो.	जिस किसी भी के किसी के लिए है।
1510	1510	1510	The day Allah will gather the apostles and say, ‘What was the response to you?’ They will say, ‘We have no knowledge. Indeed You are knower of all that is Unseen.’	(उस वक्त क़ो याद करो) जिस दिन ख़ुदा अपने पैग़म्बरों को जमा करके पूछेगा कि (तुम्हारी उममत की तरफ से तबलीग़े एहकाम का) क्या जवाब दिया गया तो अर्ज क़रेगें कि हम तो (चन्द ज़ाहिरी बातों के सिवा) कुछ नहीं जानते तू तो खुद बड़ा ग़ैब वॉ है	जिस दिन Allah अपने अनमार्क विद्रियों और विवेकदार व्यक्तियों के साथ कहेंगे ‘जो कुछ के लिए कहा है’ तो वे सभी ऐसे व्यवहार करेंगे जो रचनात्मक और सहायक होते हैं।
1511	1511	1511	& Search	ढूंढें (S) @ label Type of file	यहाँ जानकारी दिया जाएगा।
1512	1512	1512	Server Settings	सर्वर विन्यास	सेवा सेटिंग
1513	1513	1513	And it has already come down to you in the Book that when you hear the verses of Allah [recited], they are denied [by them] and ridiculed; so do not sit with them until they enter into another conversation. Indeed, you would then be like them. Indeed Allah will gather the hypocrites and disbelievers in Hell all together -	वह 'किताब' में तुमपर यह हुक्म उतार चुका है कि जब तुम सुनो कि अल्लाह की आयतों का इनकार किया जा रहा है और उसका उपहास किया जा रहा है, तो जब तब वे किसी दूसरी बात में न लगा जाएँ, उनके साथ न बैठो, अन्यथा तुम भी उन्हीं के जैसे होगे; निश्चय ही अल्लाह कपटाचारियों और इनकार करनेवालों - सबको जहन्नम में एकत्र करनेवाला है	"मुस्तूर Hussar:
और यह सब कुछ विवरण बतती है कि जब वे दोनों इस वाक्य को पूरा करते हैं वे एक दूसरे के लिए भी बहुत ही सम्मान देते हैं।"
1514	1514	1514	Is it not that whenever they made a covenant, a part of them would cast it away? Rather, the majority of them do not have faith.	क्या यह एक निश्चित नीति है कि जब कि उन्होंने कोई वचन दिया तो उनके एक गिरोह ने उसे उठा फेंका? बल्कि उनमें अधिकतर ईमान ही नहीं रखते	जिस की कोई भी समझ नहीं कि कोई भी कूटी कार्यवाही के परिणाम कुछ भी नहीं हो सकते हैं।
1515	1515	1515	Custom	मनपसंद (u)	कम्पल
1516	1516	1516	Please do not use the elevators.	लिफ्ट का प्रयोग न करें	कृपयोग्यता: स्ट्रेंथ एफ्टर्स का उपयोग न करें।
1517	1517	1517	You making me good money.	तुम मुझे अच्छा पैसा बना रही है।	मैं आपको बहुत पैसा दे रही हूँ।
1518	1518	1518	I'M THE ONE WITH A FUCKING GUN HERE!	मैं यहाँ एक बंदूक के साथ एक हूँ!	जी हूँ मैं वह व्यक्ति हूँ जिसके प्रति कुकिंग गन की बातें हैं!
1519	1519	1519	...it's the difference between a tenth and a half second but in battle, that's a long time... Aim. Fire.	... यह एक दसवें और एक दूसरी छमाही के बीच का अंतर है लेकिन लड़ाई में, कि एक लंबे समय है...	अर्थ: संघर्ष, लड़ाच, लंबी कालमात्रा, लंबी कालमात्रा।
1520	1520	1520	That was because they were averse to what Allah had revealed; so He let their works go to waste.	यह इसलिए कि उन्होंने उस चीज़ को नापसन्द किया जिसे अल्लाह ने अवतरित किया, तो उसने उनके कर्म अकारथ कर दिए	यह है क्योंकि वे किसी Allah के प्रस्तुति या अभिव्र्षण के प्रस्तुति के लिए भावित थे; और अब उनके प्रस्तुति के लिए कोई अंतर नहीं है कि यह सब काम करने वाले किसी लाभकारी है; और अब उनके प्रस्तुति के लिए कोई अंतर नहीं है कि यह सब काम करने वाले किसी लाभकारी है;
1521	1521	1521	_Delivered	दिया गया (_D)	Yes
1522	1522	1522	What's wrong with that cop?	कि पुलिस वाले के साथ क्या गलत है?	क्या Cop से कुछ हुआ है?
1523	1523	1523	Rotor	रोटर	किसी भी तरह से नहीं।
1524	1524	1524	When We provide comfort for the human being, he withdraws and distances himself; but when adversity befalls him, he starts lengthy prayers.	(वह अलग) और जब हम इन्सान पर एहसान करते हैं तो (हमारी तरफ से) मुँह फेर लेता है और मुँह बदलकर चल देता है और जब उसे तकलीफ़ पहुँचती है तो लम्बी चौड़ी दुआएँ करने लगता है	दिया प्रदान करते हैं, उन छात्रों को वापसी और व्यापक प्रकट्टि से बचने के लिए lengthy अभिवेदन की शुरुआत होती है।
1525	1525	1525	"The register function hasn't been found automatically in the following pretty printer files: %s You need to fill yourself the register function columns before enabling the rows. Most of the time the register function name contains the word ""register""."	फंक्शन पाया इंच अनुसरण कर रहा है फ़ाइल नहीं से. को भरें फंक्शन स्तम्भ पहले सक्रिय कर रहा है पंक्तियाँ का समय फंक्शन नाम रखता है शब्द.	जो भी संग्रह कार्यक्रम के नाम के रूप में दर्ज किया गया है, वह उस संग्रह कार्यक्रम के रूप में प्रयुक्त किया गया है और उसमें से जो किया गया है, वह संग्रह कार्यक्रम के रूप में प्रयुक्त किया गया है और उसमें से जो किया गया है, वह संग्रह कार्यक्रम के रूप में प्रयुक्त किया गया है और उसमें से जो किया गया है, वह संग्रह कार्यक्रम के रूप में प्रयुक्त किया गया है और उसमें से जो किया गया है, वह संग्रह कार्यक्रम के रूप में प्रयुक्त किया गया है
1526	1526	1526	Leave it to me to prepare lunch.	खाना बनाना मुझपर छोड़ दो।	लंच के लिए तो मैं से तैयार लंच करूँ।
1527	1527	1527	Do they feel secure against God's devising? No one feels secure against God's devising except for those doomed to ruin.	आख़िर क्या वे अल्लाह की चाल से निश्चिन्त हो गए थे? तो (समझ लो उन्हें टोटे में पड़ना ही था, क्योंकि) अल्लाह की चाल से तो वही लोग निश्चित होते है, जो टोटे में पड़नेवाले होते है	नहीं के संतुष्ट हैं। निम्न है जो God's devising है उन्हें God का devise करन से नहीं भी हो सकते हैं।
1528	1528	1528	Type	क़िस्म	प्राप्त करने
1529	1529	1529	He challenges people.	उन्होंने कहा कि लोगों को चुनौती दी.	जो लोग किस्मत हैं, उन्हें प्रतिबलित किया ज सकता है।
1530	1530	1530	I have done everything you said.	मैं सब कुछ किया है तुमने कहा था।	यह सब सब ठीक रहा है।
1531	1531	1531	- Bharti.	भारती।	यह जानकारी सुनाई में जती है।
1532	1532	1532	They said: If he steal, a brother of his did indeed steal before; but Yusuf kept it secret in his heart and did not disclose it to them. He said: You are in an evil condition and Allah knows best what you state.	(ग़रज़) इब्ने यामीन रोक लिए गए तो ये लोग कहने लगे अगर उसने चोरी की तो (कौन ताज्जुब है) इसके पहले इसका भाई (यूसुफ) चोरी कर चुका है तो यूसुफ ने (उसका कुछ जवाब न दिया) उसको अपने दिल में पोशीदा (छुपाये) रखा और उन पर ज़ाहिर न होने दिया मगर ये कह दिया कि तुम लोग बड़े ख़ाना ख़राब (बुरे आदमी) हो	यह कहें: अगर यूसू ने पहले एक चोर के पहले कुछ लिया थै, लेकिन यूसू ने अपने आप से यह सब कुछ साक्षरत था और यह सब कुछ जानते थे कि यूसू के जीवन में यह सब कुछ जानते थे कि यूसू ने पहले एक चोर के पहले कुछ लिया था।
1533	1533	1533	A swordsman came.	एक तलवारबाज आया...	कब्ज़ी आया।
1534	1534	1534	That's real great.	कि असली महान है.	जी हाँ, कोई भी जोड़/नहीं जोड़/कोई भी नहीं
1535	1535	1535	NTV PROFIT presents coproduction NTV PROFIT = Russia	एन टी वी लाभ प्रस्तुत करता है सहनिर्माण एन टी वी प्रॉफिट= रूस	I English keyboard
1536	1536	1536	Stung by the Supreme Court decision the Rural Development Minister, Jairam Ramesh, said that the practice of exceeding their powers by the court is dangerous.	सुप्रीम कोर्ट के एक फैसले से तिलमिलाए केंद्रीय ग्रामीण विकास मंत्री जयराम रमेश ने अदालतों के लक्ष्मण रेखा लांघने को खतरनाक चलन बताया है।	सुपरमाइनस कोर्ट की निर्णय क्षमता में एक अतिशयोकृत्व हो सकती है।
1537	1537	1537	Image Burning Setup	छवि बर्निंग सेटअप	जिस कोई भी होगा
1538	1538	1538	I got a lot to do before the family gets here.	मैं परिवार यहाँ हो जाता पहले करने के लिए एक बहुत कुछ मिला है.	डब्लक्स के लिए आने तक कुछ करना पड़ेगा।
1539	1539	1539	Damn, niggah, a red hat!	अरे, niggah, एक लाल टोपी!	अरे, निगरहट!
1540	1540	1540	Key	कुंजी	बात
1541	1541	1541	Better wait here.	बेहतर होगा कि यहीं इंतज़ार करो।	ज्या के ही यहाँ रहे और किसी जानकारी को बदल नहीं करेगी.
1542	1542	1542	1st to 10th	1ला से 10वां	1st to 10th
1543	1543	1543	A few good nights' rest will do it.	कुछ अच्छा रात 'बाकी क्या करेंगे.	अरे! कुछ दिनों का आराम करने से भी यह हो सकता |
1544	1544	1544	Daddy don't get scared.	पिताजी डरो मत।	डड़ी नहीं डर रहे तो क्या?
1545	1545	1545	Czech (cs)	चेक (सीएस)	I cannot add, remove, or change any information.
1546	1546	1546	Engage drop, Mr. Choi.	बूंद व्यस्त हैं, श्री चोई.	मस्त, मr. चोइ।
1547	1547	1547	Your mother too will soon turn 70.	तुम्हारी माँ भी, जल्द ही हो जाएगी.	आपकी मातरी भी जल्दी 70 हो जाएगी।
1548	1548	1548	Show Contacts	संपर्क	जानकारी के लिए संपर्ट कार्य
1549	1549	1549	Accessible Color Scheme	आसान- पहुँच रंग योजना	क्रियात्मक रंग संरचना
1550	1550	1550	- Nothing can happen to us here, can it?	क्यों? - हमें यहाँ कुछ भी नहीं हो सकता है, क्या हो सकता है?	अरे! यहाँ कुछ भी हो सकता नहीं हो सकतेगा नहीं, क्या?
1551	1551	1551	Pakistan: Women and the workplace · Global Voices	पाकिस्तानः कार्यस्थल और महिलायें	"साझे:
पाकिस्तान: महिला और कार्य समन"
1552	1552	1552	Warp	लपेटें	वारपूर्ण होता
1553	1553	1553	And you're not gonna apologize, are you?	और तुम्हारा माफी मांगने का इरादा नहीं है?	नहीं apologetic हो सकते हैं। नहीं कि आप क्या कह रहे हैं, की नहीं हुए प्रियो
1554	1554	1554	Okay, let's just track this thing.	ठीक है, तो बस इस बात पर नज़र रखने चलो.	बिल्कुल, lets just this thing के लिए track करें।
1555	1555	1555	a recompense for all that they did.	ये बदला है उनके (नेक) आमाल का	According to the text, recompense means that someone is paid or compensated for their actions.
1556	1556	1556	Now who is exaggerating?	अब जो अतिशयोक्ति है?	जो लिख रहे हैं, वही हो सकता जो लिख रहे हैं।
1557	1557	1557	Olympus has fallen.	ओलिंप गिर गया है.	अर्जाने से हुआ है।
1558	1558	1558	No, otherwise I wouldn't be here.	नहीं, नहीं तो मैं यहाँ नहीं होता.	अरे, otherwise I wouldn't be here।
1559	1559	1559	Personal Information	निजी सूचना	जानकारी सारी
1560	1560	1560	Lest you should say, ‘The Book was sent down only to two communities before us, and we were indeed unaware of their studies,’	"कि कहीं ऐसा न हो कि तुम कहने लगो, ""किताब तो केवल हमसे पहले के दो गिरोहों पर उतारी गई थी और हमें तो उनके पढ़ने-पढ़ाने की ख़बर तक न थी।"""	“तो पूरी शब्दों में दिए गए निर्दनिष्ठ ज्ञान के लिए”
1561	1561	1561	Nothing prevented the people from believing, when guidance has come to them, except that they said, “Did God send a human messenger?”	"लोगों को जबकि उनके पास मार्गदर्शन आया तो उनको ईमान लाने से केवल यही चीज़ रुकावट बनी कि वे कहने लगे, ""क्या अल्लाह ने एक मनुष्य को रसूल बनाकर भेज दिया?"""	जो लोगों को ज्ञान में सुधार करने पर कहें तो उन्हें यह नहीं कहाया कि, “Did God sent a human messenger?”
1562	1562	1562	There was a strong wind that day.	उस दिन हवा बहुत तेज़ थी।	किसी भी जानकारी जोड़न, रोकने, या बदलने की कोई कार्य हो सकता था।
1563	1563	1563	If the boy and the girl are both in agreement then I'm in agreement, too	अगर लड़का और लड़की दोनों राजी हों तो... ...तो मेरी भी रजामंदी है	अरे!
1564	1564	1564	(Carly) It works.	- काम कर रहा है.	ये काम करती है।
1565	1565	1565	You are not always here and sometimes I'm so depressed	तुम हमेशा यहाँ नहीं रहते और कभी कभी मैं बहुत उदास हो जाती हूं.	आप कभी नहीं रहें और कभी ऐसा भी हो जे आप पर भी असर पड़े |
1566	1566	1566	Khan's blog post has created quite a bit of reaction from the bloggers.	आमिर के इस चिट्ठे में चिट्ठाकारों की प्रतिक्रियाओं की बौछारें लग गईं.	कहानी की लेख-पत्र ने बहुत सारी व्याख्यानी से पूरी प्रक्रिया से बहुत ज्यातना हुई।
1567	1567	1567	"Has he invented about Allah a lie or is there in him madness?"" Rather, they who do not believe in the Hereafter will be in the punishment and [are in] extreme error."	क्या उसने अल्लाह पर झूठ घड़कर थोपा है, या उसे कुछ उन्माद है? नहीं, बल्कि जो लोग आख़िरत पर ईमान नहीं रखते वे यातना और परले दरजे की गुमराही में हैं	जिस व्यक्ति के द्वारा यह नहीं कहा जाये कि यह स्थिति या घटना वास्तव में भविष्य में अच्छाई है या नहीं इसके परिणत्त्व हो सकते हैं।
1568	1568	1568	Either python path is wrong or python-rope (http://rope.sf.net) libraries aren't installed. Both are required for autocompletion in python files. Please install them and check the python path in the preferences.	python है या pythonhttp://rope.sf.net दोनों जरूरी के लिए इंच python फ़ाइल अधिष्ठापित करें और python इंच पसंद.	ये संकेत हैं कि आपके पास पython और पyro के लिए ज़रूरी है और आपके प्रयासों के दौरान आपको अपने प्यू और रो पे के लिए ज़रूरी है.
1569	1569	1569	( Moaning )	(कराह रही)	( जोर )
1570	1570	1570	So glad that the 2019 Pan American Games will be held in Lima!	बहुत खुश हूँ कि 2019 के पैन अमेरिकी खेल लीमा में होगें।	यह सही है कि 2019 पनाम एशियाई खेलेंदु लिम्बों में हों!
1571	1571	1571	It is He Who has made for you the stars that you may follow the right direction in the darkness of the land and the sea. We have indeed spelled out signs for the people who have knowledge.	और वह वही (ख़ुदा) है जिसने तुम्हारे (नफे के) वास्ते सितारे पैदा किए ताकि तुम जॅगलों और दरियाओं की तारिक़ियों (अंधेरों) में उनसे राह मालूम करो जो लोग वाक़िफकार हैं उनके लिए हमने (अपनी क़ुदरत की) निशानियाँ ख़ूब तफ़सील से बयान कर दी हैं	जिस व्यक्ति ने सारे जीवित जानबोधी निर्देश के लिए स्पील-आये हैं वे लोग जो ज्ञान प्राप्त की सकते थे वे सारे जीवित जानबोधिक निर्देश के लिए स्पील-आये हैं वे लोग जो ज्ञान प्राप्त की सकते थे वे सारे जीवित जानबोधिक निर्देश के लिए स्पील-आये हैं वे लोग जो ज्ञान प्राप्त की सकते थे वे सारे जीवित जानबोधिक निर्देश के लिए स्पील-आये हैं वे लोग जो ज्ञान प्राप्त की सकते थे वे सारे जीवित जानबोधिक निर्देश के लिए स्पील-आये हैं वे लोग जो ज्ञान प्राप्त की सकते थे वे सारे
1572	1572	1572	This is 21.	यह 21.	21.
1573	1573	1573	- No, I know you don't, Jane.	- नहीं, मैं तुम्हें नहीं पता, जेन.	जाने के लिए नहीं,जिसने नहीं, जानकिन्हें जाने की स्थिति है।
1574	1574	1574	I'm sorry I ever thought you--	मैं मैं कभी तुमने सोचा माफी चाहता हूँ.	जी हाँ, मैं बिल्क्रेड नहीं कह रहूँ कि मैं उस संदेश को भी नहीं कह रखूँ कि मैं उस जानकारी के साथ भी faithful रहूँ कि मैं उस संदेश को भी नहीं कह रखूँ कि मैं उस जानकारी के साथ भी सहज रहूँ कि मैं उस संदेश को भी नहीं कह रखूँ कि मैं उस जानकारी के साथ भी सहज रहूँ कि मैं उस संदेश को भी नहीं कह रखूँ कि मैं उस जानकारी के साथ भी सहज रहूँ कि मैं उस संदेश को भी नहीं कह रखूँ कि मैं उस जानकारी के साथ भी सहज रहूँ कि मैं उस संदेश को भी नहीं कह रखूँ कि मैं उस जानकारी के साथ भी सहज रहूँ कि मैं उस संदेश को भी नहीं कह रखूँ कि मैं उस जानक
1575	1575	1575	- No, let's hit it head-on!	नहीं, के सिर पर मारा!	अरे, लेकिन कोई भी ज्यादा न हो!
1576	1576	1576	So off they went, whispering to one another:	ग़रज़ वह लोग चले और आपस में चुपके चुपके कहते जाते थे	जो छोटे होकर, सांसारीय संगात्रियों को प्रप्त करते हैं:
1577	1577	1577	Delete	मिटाएँ	इस सामग्री को हटाने के लिए
1578	1578	1578	Say, “It is He Who has spread you out in the earth, and towards Him you will be raised.”	कह दो कि वही तो है जिसने तुमको ज़मीन में फैला दिया और उसी के सामने जमा किए जाओगे	जी, “यह व्यक्त है जिसने आपिस में पड़न को पृक्षका बनाया.”
1579	1579	1579	KFormula	के- फॉर्मूला	I cannot add, remove, or change any information
1580	1580	1580	No. Urn...	सं कलश...	No. Urn...
1581	1581	1581	"Really delete folder ""{0}"" and all of its subfolders?"	"फ़ोल्डर ""{0}"" और इसके सभी उपफोल्डरों को वास्तव में विलोपित करना चाहते हैं?"	"real delete folder ""{0}"" and all of its subfolders?"
1582	1582	1582	Details	विवरण	बारीकी, सट्टी फ़ैस्टिव से बदले हैं।
1583	1583	1583	That was twice and I was out of line.	वह दो बार गया था और मैं रेखा के बाहर था.	दोहरी है और मैं क्षत्रिका थी।
1584	1584	1584	"The fools among the people will say, 'What has turned them from the direction they were facing in their prayers aforetime?' Say: ""To God belong the East and the West; He guides whomsoever He will to a straight path.'"	"मूर्ख लोग अब कहेंगे, ""उन्हें उनके उस क़िबले (उपासना-दिशा) से, जिस पर वे थे किस ची़ज़ ने फेर दिया?"" कहो, ""पूरब और पश्चिम अल्लाह ही के है, वह जिसे चाहता है सीधा मार्ग दिखाता है।"""	जो लोग जो प्रayers कहीं प्रयास में हैं वे लोग जो लोग east और west के लिए प्रेरित करते हैं वे लोग जो लोग to a straight path will guide whomsoever he will to a straight path.
1585	1585	1585	As for those who work against Our Signs so as to frustrate them, they shall be arraigned into the chastisement.	और जो लोग हमारी आयतों (की तोड़) में मुक़ाबले की नीयत से दौड़ द्दूप करते हैं वही लोग (जहन्नुम के) अज़ाब में झोक दिए जाएॅगे	जो लोग Our Symbols का विरोध करते हैं और उन्हें कष्ट पाते हैं, उन्हें चार्ज़ की सजा देंगी।
1586	1586	1586	Now, I'll notify Cameron.	अब, मैं कैमरून को सूचित करेंगे.	कम्यूनर के साथ सूचना दे रहूँगी।
1587	1587	1587	From Syria, Mustafa Hamido explains what Ramadhan means for him.	सीरिया से मुस्तफा हमीदो स्पष्ट कर रहे हैं कि उनके लिए रमजान का क्या महत्व है.	सीरिया से मुस्तैद ख्याल explains रामादhan के लिए है।
1588	1588	1588	How was the bride?	दुल्हन कैसी थी?	ब्राइड कैसे थी?
1589	1589	1589	"""who's got, like, bomb moves, right?"	"मैं ""कौन सही है, जैसे, बम चाल मिल गया है?"	जो है उससे लैस बम्ब सीखने की क्षमता, साहित्य, और साहित्यिक कौशल के लाभ होते हैं।
1590	1590	1590	I'm gonna start looking at him. Will you give us a second, please, Ryan?	रायन ?	मैं रyan से जाँच रहूँगा। हमें आपके दिमाग से प्रोति हो जाएगा।
1591	1591	1591	You're not getting away with it, understand?	तुम इसे लेकर बच नहीं सकते हो, समझ में आया?	नहीं आप कुछ जानकारी जोड़ नहीं सकते।
1592	1592	1592	Cannot create MAPI source in offline mode	ऑफलाइन मोड में MAPI स्रोत नहीं बना सकता है	मापी स्रोत को ऑफलाइन मोड में बनाने की क्षमता है।
1593	1593	1593	I mean, suddenly, I just got some more school spirit.	मेरा मतलब है, अचानक, मैं बस कुछ अधिक स्कूल की भावना मिल गया.	बिलकुल, सिल्क से कुछ और नहीं।
1594	1594	1594	Just that one moment and then eternal peace.	और मैंने जर्मन भूमि को यहूदी जहर से शुद्ध किया.	सिर्फ एक सेकंड और फिर पूरी जीवन की शांति के बारे में बताने के लयल कार्यों को प्राप्त करने वाले लोगों के सुखद अनुभवों को सुनने के लिए स्वतंता और विविधतापूर्ण भाषा के लिए।
1595	1595	1595	Beer, I guess.	बीयर, मुझे लगता है.	जी हाँ, शायद.
1596	1596	1596	Location:	स्थानः	जो स्थान के बारे में है, वह है।
1597	1597	1597	- Ready, Petra?	- 60 सेकंड!	सहेज़, पेट्रा?
1598	1598	1598	If you do vomiting sensation will go.	अगर आप कर दो,तो उल्टी आना बंद हो जाएगी.	अगर आप पूरी तरह से जाते हैं तो पेट से दर्द हो सकता है।
1599	1599	1599	Pharaoh said, ‘Do you profess faith in Him before I may permit you? It is indeed a plot you have devised in the city to expel its people from it. Soon you will know [the consequences]!	फिरऔन ने कहा (हाए) तुम लोग मेरी इजाज़त के क़ब्ल (पहले) उस पर ईमान ले आए ये ज़रूर तुम लोगों की मक्कारी है जो तुम लोगों ने उस शहर में फैला रखी है ताकि उसके बाशिन्दों को यहाँ से निकाल कर बाहर करो पस तुम्हें अन क़रीब ही उस शरारत का मज़ा मालूम हो जाएगा	जापान के शॉवर में कहे गए शब्दों का उपयोग होता है।
1600	1600	1600	They will hear no nonsense there or talk of sin,	वहाँ न तो बेहूदा बात सुनेंगे और न गुनाह की बात	जो लोग वहाँ जाते हैं, उसी विषय, ध्यान से नहीं, बल्कि विवेचन से नहीं!
1601	1601	1601	and when Allah's servant stood up to call on Him, they well-nigh swarmed him.	और ये कि जब उसका बन्दा (मोहम्मद) उसकी इबादत को खड़ा होता है तो लोग उसके गिर्द हुजूम करके गिर पड़ते हैं	और जब अलहाद के पास स्वर्ग के प्रतिवादी स्वर्ग के प्रतिवादी पवितरूप स्वर्ग के प्रतिवादी होते हैं।
1602	1602	1602	Balbir Singh from the Registrar Office (East) has fled from the scene.	रजिस्ट्रार दफ्तर (पूर्वी) का बलबीर सिंह मौके से फरार हो गया है।	यह जानकारी देने वाले के पास हो सकते हैं।
1603	1603	1603	without [adding], ‘God willing.’ And when you forget, remember your Lord, and say, ‘Maybe my Lord will guide me to [something] more akin to rectitude than this.’	मगर इन्शा अल्लाह कह कर और अगर (इन्शा अल्लाह कहना) भूल जाओ तो (जब याद आए) अपने परवरदिगार को याद कर लो (इन्शा अल्लाह कह लो) और कहो कि उम्मीद है कि मेरा परवरदिगार मुझे ऐसी बात की हिदायत फरमाए जो रहनुमाई में उससे भी ज्यादा क़रीब हो	अरे,'गोद विल्ली,'और जब आप याद रखें तो अपने रaja को और इस प्रकार से 'बेहतर' हो सकते कि इसे सीध से 'rectitude' बनाया जा सकते कि इसके बजाव से बेहतर हो सकते कि इसे किसी 'तर्क' से 'बेहतर' हो सकते कि इसे किसी 'ज्ञान' से 'बेहतर' हो सकते कि इसे किसी 'रचनात्मक' से 'बेहतर' हो सकते कि इसे किसी 'साहित्य' से 'बेहतर' हो सकते कि इसे किसी 'ज्ञात्र' से 'बेहतर' हो सकते कि इसे किसी 'रचनात्मक' से 'बेहतर' हो सकते कि इसे किसी 'साहित्य' से 'बेहतर' हो सकते कि इसे किसी 'ज्ञात्र' से 'बेहतर' हो सकते क
1604	1604	1604	Your names	रविशंकर श्रीवास्तव, जी. करूणाकरEMAIL OF TRANSLATORS	यरसी
1605	1605	1605	And are you, Frau Braun, of pure Aryan descent?	और क्या तुम, फ्रॉ ब्रौन, शुद्ध आर्य वंश के हो?	No, you are not an Aryan woman.
1606	1606	1606	- Albert Weinselstein.	- अल्बर्ट Weinselstein.	- एल्बर्ट वाइनसेलstein।
1607	1607	1607	attachment.dat	संलग्नक	बनाया हुआ नहीं हो सकता और न हो सकता
1608	1608	1608	Why?	क्यों?	ज़रूर बताना
1609	1609	1609	Found the appointment in the calendar '%s'	'%s' पंचांग में मुलाकात मिली.	%s में नाम बदलाव को दर्शाने वाली विवरण में से नहीं लिया जाता
1610	1610	1610	You're right on top of it.	आप यह की चोटी पर सही हैं.	अरे फिर भी नहीं.
1611	1611	1611	But I couldn't even touch her.	लेकिन मैं उसे छू तक नहीं पाया.	पहचाने में मैं नहीं कह सकता कि मेरी भी हो सकती
1612	1612	1612	They say: Why hath no portent been sent down upon him from his Lord? Say: Lo! Allah is Able to send down a portent. But most of them know not.	"वे यह भी कहते है, ""उस (नबी) पर उसके रब की ओर से कोई निशानी क्यों नहीं उतारी गई?"" कह दो, ""अल्लाह को तो इसकी सामर्थ्य प्राप्त है कि कोई निशानी उतार दे; परन्तु उनमें से अधिकतर लोग नहीं जानते।"""	यह कहते हैं कि राजा का एक पुत्ता बच्चा है जो किसी साहित्य का पुत्ता बच्चा है जो किसी भी जाति या समुदाय का साहित्य हो सकता है।
1613	1613	1613	You have a prescription?	आप एक नुस्खा है?	Yes, you have a prescription?
1614	1614	1614	Now, these pirate recordings do not only feature the lovable alien, there's also a rather bizarre intermission featuring a conventionally pretty young lady.	अब ये पायरेटेड रेकोर्डिंग केवल प्यारे एलियन्स को ही नहीं फिल्माते... बल्कि वहाँ एक विचित्र मध्यांतर में... एक पारंपरिक सुंदर युवा लड़की को दिखाते हैं।	अब, ये पिरेट कॉलेज के कार्य पात्र यह स्पष्ट है कि इन पिरेट कॉलेजों में भी बुर्ले के कार्य पात्र होते हैं।
1615	1615	1615	Vietnamese	विएतनामी	English
1616	1616	1616	If I unite you with your sweetheart, all my sins would vanish into thin air.	अगर मैं तुम्हे तुम्हारी प्रियतम से मिला सकू, तो मेरे सारे पाप इस हवा में उड जायेंगे.	अरे, अगर मैं तुम्हें अपने प्रेमी को तुम्हारे प्रेम को तुम्हारे प्रेम को तुम्हारे प्रेम को तुम्हारे प्रेम को तुम्हारे प्रेम को तुम्हारे प्रेम को तुम्हारे प्रेम को तुम्हारे प्रेम को तुम्हारे प्रेम को तुम्हारे प्रेम को तुम्हारे प्रेम को तुम्हारे प्रेम को तुम्हारे प्रेम को तुम्हारे प्रेम को तुम्हारे प्रेम को तुम्हारे प्रेम को तुम्हारे प्रेम को तुम्हारे प्रेम को तुम्हारे प्रेम को तुम्हारे प्रेम को तुम्हारे प्रेम को तुम्हारे प्रेम को तुम्हारे प्रेम को तुम्हारे प्रेम
1617	1617	1617	And Ishmael, and Enoch, and Ezekiel; each was one of the steadfast.	और (ऐ रसूल) इसमाईल और इदरीस और जुलकिफ्ल (के वाक़यात से याद करो) ये सब साबिर बन्दे थे	"सही टिप्पटियाँ:
और इश्मील, और ईके एल, और इकॉन, each was one of the steadfast."
1618	1618	1618	Nigh unto which is the Garden of Abode.	उसी के पास तो रहने की बेहिश्त है	जिस प्रजाति की स्थानिक प्रजाति है वही प्रजाति है जिसकी राज्य की स्थानिक प्रजाति है।
1619	1619	1619	Of what do they question one another?	किस चीज़ के विषय में वे आपस में पूछ-गच्छ कर रहे है?	जिस संबंध में वे एक-दूसरों से पूछते हैं वही होता है।
1620	1620	1620	I don't know what you are, or where you're from, but I'd like to tell you about something I read.	जैक: मैं तुम्हें क्या कर रहे हैं पता नहीं है, या आप कहाँ से हैं, लेकिन मैं तुम्हें मैं पढ़ने के बारे में कुछ बताना चाहूँगा.	मैं जानत नहीं कि आप हैं, या जहाँ आप हैं, लेकिन मैं जानता क्रश्याति को बता सकती कि मैं जानती क्रश्याति को बताने से कुछ ख्याली है।
1621	1621	1621	This message is not available in offline mode.	ऑफ़लाइन मोड में यह संदेश उपलब्ध नहीं है.	ऑलाइन मोड में इस संदेश का प्रकाशन नहीं होगा।
1622	1622	1622	They're on the northern outskirts between Frohnau and Pankow.	वे जौसेन को दक्षिण की ओर ले गये है और स्टांसडॉर्फ की ओर बढ़ रहे हैं.	वे उत्तरी क्षेत्र के फ्रोहान और पंको के निरुद्ध हिस्से हैं।
1623	1623	1623	She was a good mother to you, wasn't she?	वह एक अच्छी माँ थी न?	वह एक अच्छी मात्री थीं wasn't she?
1624	1624	1624	India: The Advent of Citizen-Driven Election Monitoring · Global Voices	आम चुनावों में लगी जनता की पैनी नज़र	"मूल:
भारत: नागरिक-निर्देशी वोटरों को वोट के प्रति विचार के प्रति व्यक्ति के प्रति समय वाले संकलित होते हैं"
1625	1625	1625	FOUR SPIRITS OF THE RIVER	Constellation name (optional)	जो चारों भूतों के प्रभुत क्षेत्र हैं, वे सभी प्राणियों के प्रभुत क्षेत्र हैं।
1626	1626	1626	CalDAV	CalDAV	कैलेडिवार के डेटा संग्रह को स्थानांतर्गत संग्रह का प्रक्षिण्य किया ज सके
1627	1627	1627	I will get Nathan out.	मैं नाथन बाहर निकलना होगा.	नतन को जानलिया
1628	1628	1628	I'm asking... man:	मैं पूछ रही हूं- - पुरुष:	मैं पूछ रहे... मैं पूछ रहे...
1629	1629	1629	The months for Hajj are well known to all; whoever makes up his mind to perform Hajj during these fixed months, let him totally abstain from all sorts of sexual indulgence, wickedness and wrangling during the Hajj and remember that Allah knows whatever good you do. Take necessary provisions for Hajj, and piety is the best of all provisions: so refrain from disobeying Me, O men of understanding!	हज के महीने जाने-पहचाने और निश्चित हैं, तो जो इनमें हज करने का निश्चय करे, को हज में न तो काम-वासना की बातें हो सकती है और न अवज्ञा और न लड़ाई-झगड़े की कोई बात। और जो भलाई के काम भी तुम करोंगे अल्लाह उसे जानता होगा। और (ईश-भय) पाथेय ले लो, क्योंकि सबसे उत्तम पाथेय ईश-भय है। और ऐ बुद्धि और समझवालो! मेरा डर रखो	English to Hindi रूप में अनुसारी और विविधी प्रदान करने वाले संकेतों को उचित रूप से और प्रभावशाली रूप से प्राप्त किया ज सकता है।
1630	1630	1630	So I suppose my tears were more for the sadness that there's so much to overcome.	इसलिए मुझे लगता है कि मेरे आंसू दुख की वजह से आए थे कि कितना सब कुछ सहना पड़ता है.	सो मैं सोचती हूँ कि मेरे प्यासे वातावसे के कारण थे जिस प्रकार से मैं किसी को प्रभावशाली बना सकती थी
1631	1631	1631	O you who believe, if you confer with the Prophet in private, give alms in the name of God before you go to confer. This is better for you and becoming. If you do not have the means, then surely God is forgiving and kind.	ऐ ईमानदारों जब पैग़म्बर से कोई बात कान में कहनी चाहो तो कुछ ख़ैरात अपनी सरगोशी से पहले दे दिया करो यही तुम्हारे वास्ते बेहतर और पाकीज़ा बात है पस अगर तुमको इसका मुक़दूर न हो तो बेशक ख़ुदा बड़ा बख्शने वाला मेहरबान है	यह समझें कि शिकायति के संबंध में विवरण स्थापित कर सकते हैं और विवरण स्थापित करने वाले किसे यह सलाह दी जाती है?
1632	1632	1632	Thanks.	तुम सही हो.	अरे/बेटियाँ।
1633	1633	1633	Whether to show the address column in the history window.	क्या इतिहास विंडो में पता स्तंभ को दिखायें	जिस व्यक्ति के टेबल में स्थित पत्र को दिखवाने के लिए, उसे दिखवाने वाले को दिखवाएँ।
1634	1634	1634	"And they will say, ""Praise to Allah, who has fulfilled for us His promise and made us inherit the earth [so] we may settle in Paradise wherever we will. And excellent is the reward of [righteous] workers."""	"और वे कहेंगे, ""प्रशंसा अल्लाह के लिए, जिसने हमारे साथ अपना वादा सच कर दिखाया, और हमें इस भूमि का वारिस बनाया कि हम जन्नत में जहाँ चाहें वहाँ रहें-बसे।"" अतः क्या ही अच्छा प्रतिदान है कर्म करनेवालों का!-"	इसे सुनने wala kuch kuch kuch kuch kuch kuch kuch kuch kuch kuch kuch kuch kuch kuch kuch kuch kuch kuch kuch kuch kuch kuch kuch kuch kuch kuch kuch kuch kuch kuch kuch kuch kuch kuch kach kach kach kach kach kach kach kach kach kach kach kach kach kach kach kach kach kach kach kach kach kach kach kach kach kach kach kach kach kach kach kach kach kach kach kach kach kach kach kach kach kach kach kach kach kach kach kach kach kach kach kach kach kach kach kach kach kach kach kach kach kach kach kach kach kach kach kach kach kach kach kach kach kach kach kach kach kach kach kach kach kach kach kach kach kach kach kach kach kach
1635	1635	1635	Have the (pagans) not seen that We have made the holy precinct a safe place while all the people around are suffering terror. Do they believe in falsehood and disbelieve in God's bounties?	क्या उन्होंने देखा नही कि हमने एक शान्तिमय हरम बनाया, हालाँकि उनके आसपास से लोग उचक लिए जाते है, तो क्या फिर भी वे असत्य पर ईमान रखते है और अल्लाह की अनुकम्पा के प्रति कृतघ्नता दिखलाते है?	No, do not believe in falsehood and disbelieve in God's bounties?
1636	1636	1636	Cannot rename MAPI folder '%s' to '%s'	MAPI फ़ोल्डर `%s' का नाम `%s' में नहीं बदल सकता है	Cannot rename MAPI folder '%s' to '%s'
1637	1637	1637	I mean, I could probably move a few clients around, make some space.	क्लाइंट्स को संभाल सकता हूं.	बिल्कुल नहीं, मैं कुछ काम कर सकता हूँ, मैं कुछ जगहों पर कुछ कर सकता हूँ।
1638	1638	1638	No. Sustained post hypnotic suggestion is more difficult.	सं पोस्ट कृत्रिम निद्रावस्था सुझाव और अधिक कठिन है निरंतर.	सहिनामय सुन्नता के सुझाव को प्राप्त करने के लिए किसी जानकारी को प्राप्त करने के लिए यह सुन्नता को काफी हो सकती है, लेकिन यह जाँच सकती है कि यह सुन्नता को प्राप्त करने में काफी है या नहीं।
1639	1639	1639	Yeah, Doug. His wallet and his room key is in there.	अपने घर और चारों ओर देखिए देखना अगर हमारे दोस्त के लिए कोई सुराग है?	जी हाँ डॉग. उसके लॉक और उसके कार्ड में स्टोरी है।
1640	1640	1640	And of His signs are your sleep by night and day, and your pursuit of His bounty. In this are signs for people who listen.	और रात और दिन को तुम्हारा सोना और उसके फज़ल व करम (रोज़ी) की तलाश करना भी उसकी (क़ुदरत की) निशानियों से है बेशक जो लोग सुनते हैं उनके लिए इसमें (क़ुदरते ख़ुदा की) बहुत सी निशानियाँ हैं	सच में आपकी शुक्स्यवाद के संबंध में यह स्पषह है।
1641	1641	1641	Must be hard being between children's and grown-up sizes, eh? Well, it was a pleasure meeting you, Sam.	जो रोज इसके साथ सोता है।	पैसे बीचें चार्ट से कैसे चल रही है, यह है कि मैंने आपके साथ कैसे खेल रहा है, यह है कि मैंने खेलने वाले किस बात का पालन नहीं किया क्या है, यह है कि मैंने खेलने वाले किस बात का पालन नहीं किया क्या है, यह है कि मैंने खेलने वाले किस बात का पालन नहीं किया क्या है, यह है कि मैंने खेलने वाले किस बात का पालन नहीं किया क्या है, यह है कि मैंने खेलने वाले किस बात का पालन नहीं किया क्या है, यह है कि मैंने खेलने वाले किस बात का पालन नहीं किया क्या है, यह है कि मैंने खेल
1642	1642	1642	What are you gonna do with the fucking painting? !	आप कमबख्त चित्रकला के साथ क्या करोगे?	"सब कुछ करना या नहीं के बारे में:
क्या तुम रंग का है ? ज़ानाबाद की रंग की है ?"
1643	1643	1643	Right	दायाँ	यह सही है
1644	1644	1644	Active plugins	प्लगिन सक्रिय	अतिव्यय प्लग्स
1645	1645	1645	_Use custom command to connect to server	सर्वर से जुड़ने के लिए कस्टम कमांड का प्रयोग करें (_U)	I cannot add, remove, or change any information.
1646	1646	1646	Jacob do to your side agreed with the deal?	याकूब ने अपने पक्ष करने के लिए सहमत सौदा के साथ?	जकू के साथ इस सौदे का पालन-मानसे क्या होता है?
1647	1647	1647	By Allah, We indeed sent (Messengers) to the nations before you (O Muhammad SAW), but Shaitan (Satan) made their deeds fair-seeming to them. So he (Satan) is their Wali (helper) today (i.e. in this world), and theirs will be a painful torment.	(ऐ रसूल) ख़ुदा की (अपनी) कसम तुमसे पहले उम्मतों के पास बहुतेरे पैग़म्बर भेजे तो शैतान ने उनकी कारस्तानियों को उम्दा कर दिखाया तो वही (शैतान) आज भी उन लोगों का सरपरस्त बना हुआ है हालॉकि उनके वास्ते दर्दनाक अज़ाब है	यह निर्णय सुनिश्चित किया गया है कि इस जानकारी का प्रभाव सुनिश्चित होगा।
1648	1648	1648	The image...	छवि...	चित्र...
1649	1649	1649	Your life is now fulfilled.	अपने जीवन अब पूरी हो जाती है।	अरे! तुम्हारी जीवन के लिहान के साथ-साथ पूरा होता जाता है।
1650	1650	1650	One or two days at most.	सरकार जिले भी?	किसी भी जानकारी जोड़न, रोकने, या बदलने की कोई कार्य वैध है
1651	1651	1651	Somewhere... perhaps.	कहीं... शायद.	जो कुछ हो सकता | क्यूबी | कुछ हो सकता | ?
1652	1652	1652	If we could just talk...	अगर हम बात कर सकें--	अरे!
1653	1653	1653	Know that Allah is severe in punishment, but that Allah (also) is Forgiving, Merciful.	जान लो अल्लाह कठोर दड देनेवाला है और यह कि अल्लाह बड़ा क्षमाशील, दयावान है	यह जानें कि अली की न्यूनता मुक्ति में से भी ज्यारदहि हो सकते हैं।
1654	1654	1654	Swearing by Allah their strongest oaths they claimed that if a warner came to them they would be better-guided than any other people. But when a warner did come to them, his coming only increased their aversion (to the Truth).	और ये लोग तो खुदा की बड़ी-बड़ी सख्त क़समें खा (कर कहते) थे कि बेशक अगर उनके पास कोई डराने वाला (पैग़म्बर) आएगा तो वह ज़रूर हर एक उम्मत से ज्यादा रूबसह होंगे फिर जब उनके पास डराने वाला (रसूल) आ पहुँचा तो (उन लोगों को) रूए ज़मीन में सरकशी और बुरी-बुरी तद्बीरें करने की वजह से	जिस्म से कि जिस्म के रोगन वचन रोगन के वचन रोगन के वचन रोगन के वचन रोगन के वचन रोगन के वचन रोगन के वचन रोगन के वचन रोगन के वचन रोगन के वचन रोगन के वचन रोगन के वचन रोगन के वचन रोगन के वचन रोगन के वचन रोगन के वचन रोगन के वचन रोगन के वचन रोगन के वचन रोगन के वचन रोगन के वचन रोगन के वचन रोगन के वचन रोगन के वचन रोगन के वचन रोगन के वचन रोगन के वचन रोगन के वचन रोगन के वचन रोगन के वचन रोगन के वचन रोगन के वचन रोगन के वचन रोगन के वचन रोगन के वचन र
1655	1655	1655	It's open here.	यह खुला है.	यह खुला है।
1656	1656	1656	Move up the ladder.	सीढ़ी ऊपर ले जाएँ.	लेड्डर पर जाती हैं।
1657	1657	1657	Show offline contacts	ऑफलाइन संपर्क दिखाएँ	ब्लॉक से संपर्क स्थानकों को Show offline स्थानकों से Show offline स्थानक से संपर्क स्थानकों के साथ स्थानक से संपर्क स्थानक से स्थानक से संपर्क स्थानक से स्थानक से स्थानक से संपर्क स्थानक से स्थानक से स्थानक से संपर्क स्थानक से स्थानक से स्थानक सेना से स्थानक सेना से स्थानक सेना सेना सेना सेना सेना सेना सेना सेना सेना सेना सेना सेना सेना सेना सेना सेना सेना सेना सेना सेना सेना सेना सेना सेना सेना सेना सेना सेना सेना सेना सेना सेना सेना सेना सेना सेना सेना सेना सेना सेना सेना सेना सेना स
1658	1658	1658	A twelve year old girl will be so freaking terrified to utter a sound. Arrrgh…	एक बारह साल की बच्ची तो इतना सहम जायेगी कि उसके मुंह से आवाज़ क्या निकलेगी।	अरे...
1659	1659	1659	This really is Patton's gun, isn't it?	यह वास्तव में यह पैटन की बंदूक है, है न?	नहीं बिल्टी पैटर्न की गUN से क्या होता है?
1660	1660	1660	Ex-wife, Leroy!	पूर्व पत्नी, लेरॉय!	यहEx-पत्री, Leroy!
1661	1661	1661	It is not their meat or blood that reaches God: It is the fealty of your heart that reaches him. That is why He has subjugated them to you that you may glorify God for having shown you the way. So give glad tidings to those who are doers of good.	खुदा तक न तो हरगिज़ उनके गोश्त ही पहुँचेगे और न खून मगर (हाँ) उस तक तुम्हारी परहेज़गारी अलबत्ता पहुँचेगी ख़ुदा ने जानवरों को (इसलिए) यूँ तुम्हारे क़ाबू में कर दिया है ताकि जिस तरह खुदा ने तुम्हें बनाया है उसी तरह उसकी बड़ाई करो	मूल्य: यह संस्कृति के प्रति वे लोग हैं जिनके प्रति अचारा है कि जो लोग है वे लोग शुद्धता से बढ़ते हैं और जो लोग है वे लोग स्वतंत्रता से बढ़ते हैं और जो लोग है वे लोग गर्जनी से बढ़ते हैं।
1662	1662	1662	The true religion with Allah is Islam. The People of the Book adopted many different ways rather than follow the true way of Islam even after the knowledge of truth had reached them, and this merely to commit excesses against one another. Let him who refuses to follow the ordinances and directives of Allah know that Allah is swift in His reckoning.	दीन (धर्म) तो अल्लाह की स्पष्ट में इस्लाम ही है। जिन्हें किताब दी गई थी, उन्होंने तो इसमें इसके पश्चात विभेद किया कि ज्ञान उनके पास आ चुका था। ऐसा उन्होंने परस्पर दुराग्रह के कारण किया। जो अल्लाह की आयतों का इनकार करेगा तो अल्लाह भी जल्द हिसाब लेनेवाला है	जिस व्यक्ति को लेखा का true ज्ञान है, उस व्यक्ति को लेखा के निर्देश और संकेतों के बारे में ज्यातिरामा के बारे में जानकारी हो सकती है।
1663	1663	1663	Harley, I already feel so bad though, about what we're doing.	हार्ले, मैं पहले से ही हम क्या कर रहे हैं के बारे में है, हालांकि बहुत बुरा लगता है.	जारी, इच्छन के रूप में तो नहीं?
1664	1664	1664	Failed to connect to SMTP server %s in secure mode: %s	सुरक्षित मोड़ में %s SMTP सर्वर से जुड़ने में असफल: %s	डब्लक्स से सुरक्षित सेमट वरिएन्स के लिंक संक्षल हो सकते हैं।
1665	1665	1665	Earlier this evening online server trackers noted the NSA's website had been down for at least six hours, and the site continues to be inaccessible for some users.	शाम को ऑनलाइन सर्वर ट्रैकर्स ने पाया था कि एन.एस.ए. की वेबसाइट कम से कम छह घंटों के लिए बंद थी, तथा कुछ उपयोगकर्ताओं के लिए साइट अभी भी पहुंच में नहीं है।	यह छह घंटे तक चल सकता और चले सकता के लोगों के कुछ उपयोगी हिस्से जो समय के साथ हो सकते हैं वही हो सकते हैं.
1666	1666	1666	Did you hear somebody?	आप किसी को सुना है?	नहीं कहा था किसी ने?
1667	1667	1667	I didn't even know about Ellen's money until I found that letter!	इसके अलावा, इस अपने कमबख्त योजना है	जिस कोई भी जानता था कि एलेन का पैसा है वह लेखा की क्षमता बहुत ही उच्च है
1668	1668	1668	Your emails	raviratlami@ aol. in	आपके ईमेल
1669	1669	1669	- This pool of slave labour you've got, you can underbid any contractor in town?	- तुम्हारे पास दासों का समूह है, तुम शहर के किसी भी ठेकेदार से कम बोली लगा सकते हो.	जी हाँ, आप ऐसी भी हो सकती हैं।
1670	1670	1670	All right, the parole board has received...	सब ठीक है, पैरोल बोर्ड प्राप्त हुआ है...	परावृथ्य भातन को पुनराव्रता के लिए प्राप्त किया गया है
1671	1671	1671	the current time	मौजूदा समय	जी हाँ, वर्तमान समय
1672	1672	1672	/nick <nickname>: change your nickname on the current server	/nick <nickname>: मौजूदा सर्वर पर अपना प्रचलित नाम बदलें	सके ? <नick <nickname>: current server's nickname on you
1673	1673	1673	They said: O ruler of the land! Lo! he hath a very aged father, so take one of us instead of him. Lo! we behold thee of those who do kindness.	और जो (उसके भाई की चोरी का हाल बयान करते हो ख़ुदा खूब बवाक़िफ है (इस पर) उन लोगों ने कहा ऐ अज़ीज़ उस (इब्ने यामीन) के वालिद बहुत बूढ़े (आदमी) हैं (और इसको बहुत चाहते हैं) तो आप उसके ऐवज़ (बदले) हम में से किसी को ले लीजिए और उसको छोड़ दीजिए	जिसे कहा था राजा दलितों के साथ ले लेते तो कुछ नहीं होता। कुछ होता।
1674	1674	1674	"Have you been to the ""new home"" last night?"	"कल रात तुम ""नया घर"" गये थे?"	No, haven't you?
1675	1675	1675	A big fat fucking zero.	एक बहुत बड़ा शून्य।	"माफ़ किया गया:
अर्ज का अनुपालन करना और सoriginal में विश्वास रखना।"
1676	1676	1676	This will blind you.	यदि यह आँख में गया, अंधे हो जाओगे.	यह तुम्हें ज्यादा जान पाएगा।
1677	1677	1677	Poorer but wiser.	गरीब लेकिन समझदार.	ज्या ज्या ज्या ज्या
1678	1678	1678	It promised that if they could distinguish between good and evil.	उसने वादा किया था कि अगर वे अच्छाई और बुराई के बीच भेद कर लेंगे.	ये की कहा कि अगर वे दोनों के बीच में कुछ हो सकता है।
1679	1679	1679	That's when we're at our most uncontrollable, vicious, insane with thirst.	~ क्रूर, प्यास से पागल ~.	सबस तो तब में हमारा सबसे सबसे सबसे सबसे सबसे सबसे सबसे सबसे सबसे सबसे सबसे सबसे सबसे सबसे सबसे सबसे सबसे सबसे सबसे सबसे सबसे सबसे सबसे Sabas!
1680	1680	1680	Hi-Test.	हाय टेस्ट.	Yes-Test.
1681	1681	1681	And his plaint: ‘My Lord! Indeed these are a people who will not have faith!’	और (उसी को) रसूल के उस क़ौल का भी इल्म है कि परवरदिगार ये लोग हरगिज़ ईमान न लाएँगे	और उनकी द्वन्नीति: ‘राजा! ये लोग वाकई पूर्णस्वातंत्र नहीं हैं!’
1682	1682	1682	I want it sorted.	मैंइसेहल चाहते	कॉर्टेक्स का काम किया है।
1683	1683	1683	Only 1?	केवल 1?	नहीं 1?
1684	1684	1684	God desires to make clear to you, and to guide you in the institutions of those before you, and to turn towards you; God is All-knowing, All-wise;	ख़ुदा तो ये चाहता है कि (अपने) एहकाम तुम लोगों से साफ़ साफ़ बयान कर दे और जो (अच्छे) लोग तुमसे पहले गुज़र चुके हैं उनके तरीक़े पर चला दे और तुम्हारी तौबा कुबूल करे और ख़ुदा तो (हर चीज़ से) वाक़िफ़ और हिकमत वाला है	जो कुछ नहीं कहे के जो कुछ दिया भी God से सुनाई दे सकती की स्पष्ट रूप से कहा किया गया God से सुनाई दे सकती की स्पष्ट रूप से कहा किया गया God से सुनाई दे सकती की स्पष्ट रूप से कहा किया गया God से सुनाई दे सकती की स्पष्ट रूप से कहा किया गया God से सुनाई दे सकती की स्पष्ट रूप से कहा किया गया God से सुनाई दे सकती की स्पष्ट रूप से कहा किया गया God से सुनाई दे सकती की स्पष्ट रूप से कहा किया गया God से सुनाई दे सकती की स्पष्ट रूप से कहा किया गया God से सुनाई दे सकती की स्पष्ट रूप से कहा किया गया God से
1685	1685	1685	Select the personal data you want to clear	निजी आंकड़ा चुनें जिसे आप साफ़ करना चाहते हैं	"अर्जित नहीं होते:
यदि आप अपने डेटा को हटाने या किसी हद से बदल नहाने के लाभों से प्रेरित होते हैं।"
1686	1686	1686	And We divided them throughout the earth into nations. Of them some were righteous, and of them some were otherwise. And We tested them with good [times] and bad that perhaps they would return [to obedience].	और हमने उनको रूए ज़मीन में गिरोह गिरोह तितिर बितिर कर दिया उनमें के कुछ लोग तो नेक हैं और कुछ लोग और तरह के (बदकार) हैं और हमने उन्हें सुख और दुख (दोनो तरह) से आज़माया ताकि वह (शरारत से) बाज़ आए	जिस्मों के क्रमः वे दुनिया में स्थित व्यवस्थाओं के चक्रवोरी के समय के बावजूद हैं।
1687	1687	1687	Could not register	पंजीयन नहीं कर सका	क्या रजिस्ट्रेशन नहीं कर सकती
1688	1688	1688	Weidling, former Commanding Officer of the Berlin Defense Force.	बर्लिन डिफेंस फोर्स के पूर्व कमांडिंग आफीसर, विल्डिंग.	ये वीड्डलिं, बेर्लिन डिफेंस डॉर्स का क्रिमिनॉल डिफेंस डॉर्स का क्रिमिनॉल डिफेंस डॉर्स का क्रिमिनॉल डिफेंस डॉर्स का क्रिमिनॉल डिफेंस डॉर्स का क्रिमिनॉल डिफेंस डॉर्स का क्रिमिनॉल डिफेंस डॉर्स का क्रिमिनॉल डिफेंस डॉर्स का क्रिमिनॉल डिफेंस डॉर्स का क्रिमिनॉल डिफेंस डॉर्स का क्रिमिनॉल डिफेंस डॉर्स का क्रिमिनॉल डिफेंस डॉर्स का क्रिमिनॉल डिफेंस डॉर्स का क्रिमिनॉल डिफेंस डॉर्स का क्रिमिनॉल डिफेंस डॉर्स का क्रिमिनॉल डिफेंस डॉर्स का क्रिमिनॉल डिफेंस डॉर्स का क्रिमिनॉल डिफेंस डॉर
1689	1689	1689	As for the wall, it belonged to two orphan lads in the city, and under it was a treasure belonging to them. Their father was a righteous man; and thy Lord desired that they should come of age and then bring forth their treasure as a mercy from thy Lord. I did it not of my own bidding. This is the interpretation of that thou couldst not bear patiently.'	"और रही यह दीवार तो यह दो अनाथ बालकों की है जो इस नगर में रहते है। और इसके नीचे उनका ख़जाना मौजूद है। और उनका बाप नेक था, इसलिए तुम्हारे रब ने चाहा कि वे अपनी युवावस्था को पहुँच जाएँ और अपना ख़जाना निकाल लें। यह तुम्हारे रब की दयालुता के कारण हुआ। मैंने तो अपने अधिकार से कुछ नहीं किया। यह है वास्तविकता उसकी जिसपर तुम धैर्य न रख सके।"""	अर्थ: यह सुननेे से भी नहीं होता कि आप ध्यूर हैं। आप ध्यूर होकर इस बात पर ध्यान दिये रहें कि आप निरंतर ध्यूर रहें ताकि आप किसी भी समस्या से प्रभावित न हो सकें
1690	1690	1690	The resource '%s' is busy during the selected time period.	संसाधन '%s' चयनित समय काल में व्यस्त.	दिए स, किए और न कीए या हो करे कि जानकारी सही तरीके से उपयोग में दी गई है।
1691	1691	1691	- - I don't know, brother, ask him.	- मैं नहीं जानता, भाई, उससे पूछो.	जो कुछ नहीं जान सकते, दोस्तो, उसे पूछना।
1692	1692	1692	Enabled	draw separator	जमा
1693	1693	1693	- That's true enough.	- काफी हद तक सच है.	जी हाँ के ज्या हाँ।
1694	1694	1694	Do you think that you will be left [as you are] while Allah has not yet made evident those among you who strive [for His cause] and do not take other than Allah, His Messenger and the believers as intimates? And Allah is Acquainted with what you do.	क्या तुमने ये समझ लिया है कि तुम (यूं ही) छोड़ दिए जाओगे और अभी तक तो ख़ुदा ने उन लोगों को मुमताज़ किया ही नहीं जो तुम में के (राहे ख़ुदा में) जिहाद करते हैं और ख़ुदा और उसके रसूल और मोमेनीन के सिवा किसी को अपना राज़दार दोस्त नहीं बनाते और जो कुछ भी तुम करते हो ख़ुदा उससे बाख़बर है	"जैसा कि आप चाहते हैं वह उसमें शामिल हो और न होे के बातों के बारे में और Allah के बारे में नहीं होए कुछ हो सकते हैं:
-आप चाहते हैं कि जैसा हो | 
-आप चाहते हैं कि जैसा हो | 
-आप चाहते हैं कि जैसा हो | 
-आप चाहते हैं कि जैसा हो | 
-आप चाहते हैं कि जैसा हो | 
-आप चाहते हैं कि जैसा हो | 
-आप चाहते हैं कि जैसा हो | 
-आप चाहते हैं कि जैसा हो | 
-आप चाहते हैं कि जैसा हो | 
-आप चाहते हैं कि जैसा हो | 
-आप चाहते हैं कि जैसा हो | 
-आप चाहते हैं कि जैसा हो | 
-आप चाहत"
1695	1695	1695	"They say: ""Why does he not bring us a sign (proof) from his Lord?"" Has there not come to them the proof of that which is (written) in the former papers [Scriptures, i.e. the Taurat (Torah), and the Injeel (Gospel), etc. about the coming of the Prophet Muhammad SAW]."	"और वे कहते है कि ""यह अपने रब की ओर से हमारे पास कोई निशानी क्यों नहीं लाता?"" क्या उनके पास उसका स्पष्ट प्रमाण नहीं आ गया, जो कुछ कि पहले की पुस्तकों में उल्लिखित है?"	यह कहें कि जाति के लोगों ने रूढ़ियों के लाभ के लिखित प्रमाण के लाभ-ग्राहकों के लिखित प्रमाण के लाभ-ग्रस्टरों के लिखित प्रमाण के लाभ-रूढ़िियों के लाभ-ग्रस्टरों के लिखित प्रमाण के लाभ-रूढ़िियों के लाभ-ग्रस्टरों के लिखित प्रमाण के लाभ-रूढ़िियों के लाभ-ग्रस्टरों के लिखित प्रमाण के लाभ-रूढ़िियों के लाभ-ग्रस्टरों के लिखित प्रमाण के लाभ-रूढ़िियों के लाभ-ग्रस्टरों के लिखित प्रमाण के लाभ-रूढ़िियों के लाभ-ग्रस्टरों के लिखित प्रमाण के लाभ-रूढ़िियों के ल
1696	1696	1696	In Reggie's pain?	रेगी के दर्द में ?	प्रिय रेज़ी के दर्द के बारे में?
1697	1697	1697	GEAC:	जीईएसी:	कृपयोग्यता:
1698	1698	1698	Move ~a onto an empty corner slot.	खाली अस्थायी खाँचा पर पत्ता ले जाएँ	विज़ किया जा सकती है | कोई चीज़ खो सकती है।
1699	1699	1699	Believers, obey Allah and obey the Messenger and those in authority among you. Should you dispute about anything refer it to Allah and the Messenger, if you believe in Allah and the Last Day. That is better and the best interpretation.	ऐ ईमान लानेवालो! अल्लाह की आज्ञा का पालन करो और रसूल का कहना मानो और उनका भी कहना मानो जो तुममें अधिकारी लोग है। फिर यदि तुम्हारे बीच किसी मामले में झगड़ा हो जाए, तो उसे तुम अल्लाह और रसूल की ओर लौटाओ, यदि तुम अल्लाह और अन्तिम दिन पर ईमान रखते हो। यदि उत्तम है और परिणाम की स्पष्ट से भी अच्छा है	नोट: शायद ही कुछ
1700	1700	1700	All right, man, look.	ठीक है, आदमी, देखो.	जी हाँ, हैलो, लेकिन।
1701	1701	1701	And that He (Allah) is the Lord of Sirius (the star which the pagan Arabs used to worship);	और ये कि वही योअराए का मालिक है	और वह वे (अल्लाह) का राजा सिरियस (एक जीवित किरदार जिसे का पूजा होता);
1702	1702	1702	Two weeks is nothing, we need two months at least.	दो हफ्ते कुछ भी नहीं है, हम दो महीने में कम से कम जरूरत है.	सात हफ़्टी एक महीने के कम से कम चार साल लग सकते हैं.
1703	1703	1703	First of all, Samurai is Japanese, I'm Korean.	सभी के पहले, समुराई जापानी है, मैं कोरियाई हूँ.	खरी के पास में सामर का प्रतिभावित व्यक्ति है
1704	1704	1704	I believe we just had a cancellation.	मैं हम सिर्फ एक रद्द किया था विश्वास करते हैं.	जी हूँ मेरे पिछले से कुछ अंतर नहीं है।
1705	1705	1705	According the information from our spies,	हमारे गुप्तचर विभाग के अनुसार,	अनुसार जानकारी से हमें बताया गया है
1706	1706	1706	"(Allah) said:""Get you down (from the Paradise to the earth), both of you, together, some of you are an enemy to some others. Then if there comes to you guidance from Me, then whoever follows My Guidance shall neither go astray, nor fall into distress and misery."	फिर उनकी तौबा कुबूल की और उनकी हिदायत की फरमाया कि तुम दोनों बेहश्त से नीचे उतर जाओ तुम में से एक का एक दुशमन है फिर अगर तुम्हारे पास मेरी तरफ से हिदायत पहुँचे तो (तुम) उसकी पैरवी करना क्योंकि जो शख्स मेरी हिदायत पर चलेगा न तो गुमराह होगा और न मुसीबत में फँसेगा	"अरे! Allah said: ""I have guided you this time, so if you follow My Guidance, then you will neither go astray, nor fall into distress and misery."""
1707	1707	1707	I WANT TO HEAR IT.	मैं यह सुनना चाहता हूँ.	किसी भी जानकारी जोड़न, रोकने, या बदलने की कोई कार्य हो सकता है।
1708	1708	1708	And you really love her?	और तुम सच में उससे प्यार करता हूँ?	जी हाँ, आप और आपकी बहुत प्यार है?
1709	1709	1709	Let's make them suspicious.	की उन्हें शक करते हैं	इसे संदिग्ध बनाने वाले कुछ के क्या होते पूछने के लिए कुछ भी कर सकते हैं।
1710	1710	1710	It's a lot easier for you. Your life is all ahead of you.	यह आसान है, पेले.	अरे फ़ॉलोइंग था थोडa होता था।
1711	1711	1711	Not bothering a soul.	एक आत्मा परेशान नहीं.	अन्य किस्मी व्यक्ति को भी नहीं रुकना चाहूँ.
1712	1712	1712	No. No, it ain't serious.	नहीं, नहीं, यह गंभीर नहीं है.	अरे!
1713	1713	1713	Other	अन्य	Other
1714	1714	1714	INFO	INFO	सही है
1715	1715	1715	I sure do apologize for that.	मुझे यकीन है कि के लिए माफ़ी चाहता हूं.	जी हाँ, जी हाँ, जी हाँ।
1716	1716	1716	It was nine months before Nat was born.	मैं बार में जा रहा हूँ।	नत का जन्म साठी होता था.
1717	1717	1717	Is Kaveri happy?	कावेरी खुश है?	किसी को भेद-भाव दिया गया है?
1718	1718	1718	Extraction not performed	निकाला नहीं गया	अन्य जानकारी नहीं कीये
1719	1719	1719	When you do a trick, it's like you're 80 again.	आप एक चाल करते हैं, इसे आप फिर 8O हैं की तरह है.	जैसे ही तुमने एक trick दिया तो यैस्पर की 80 की तरह हो जाता तो।
1720	1720	1720	You're telling me Richard Addison of Addison Industries murdered your family.	आदमी: तुम मुझे कह रहे हैं रिचर्ड एडिसन के एडिसन इंडस्ट्रीज अपने परिवार की हत्या कर दी।	आपको रिचर्ड एडसन ऑफिसिस्ट्स के शाकाल की मृत्यु हुई थी उन्होंने मेरी परिवार की मृत्यु की रिपोर्ट की थी।
1721	1721	1721	Start	प्रारंभ	जारी
1722	1722	1722	The proxy host does not support SOCKS5	प्रॉक्सी होस्ट SOCKS4 का समर्थन नहीं करता है	सॉक्स5 प्रदान करने वाले होस्ट के पास नहीं संकेत किए गए हैं।
1723	1723	1723	- Huh. - Hannah?	कि क्या है?	- हू. - हन्न?
1724	1724	1724	"Units for a birthday or anniversary reminder, ""minutes"", ""hours"" or ""days"""	"जन्मदिन और वर्षगांठ संसूचक के लिए ईकाई, ""मिनट"", ""घंटे"" या ""दिन""."	"सबक्षन के लिए या याद रखने के लिए, ""क्षण"", ""hora"" या ""दिन"" के लिए यातार के लिए ""एक बार"" का यातार के लिए ""एक बार"" का यातार के लिए ""एक बार"" का यातार के लिए ""एक बार"" का यातार के लिए ""एक बार"" का यातार के लिए ""एक बार"" का यातार के लिए ""एक बार"" का यातार के लिए ""एक बार"" का यातार के लिए ""एक बार"" का यातार के लिए ""एक बार"" का यातार के लिए ""एक बार"" का यातार के लिए ""एक बार"" का यातार के लिए ""एक बार"" का यातार के लिए ""एक बार"" का यातार के लिए ""एक बार"" का यातार के लिए ""एक"
1725	1725	1725	"David blames the South African government for the recent xenophobic attacks in South Africa: ""No one hates foreigners like South Africans do."	"दक्षिण अफ्रीका में विदेशी व बाहरी लोगों पर हुये हालिया हमलों के लिये डेविड सरकार को दोषी ठहराते हैं: ""विदेशियों से जितनी नफरत दक्षिण अफ्रीकी करते हैं उतना शायद कोई नहीं करता।"	"देवर का दुख बताने वाले से निम्न है: ""कोई भी दक्षिण अफ्रीका के देश के प्रति सख्त है।"
1726	1726	1726	And there's the Empire.	और यह साम्राज्य है.	और यह है राज्य।
1727	1727	1727	Permission level	अनुमति स्तर	प्राधिकरण का स्तर
1728	1728	1728	- No, I didn't drug you.	/ अपनी भाषा आक्रामक है. भाड़ में जाओ तुम.	अरे, तू कोई डrug नहीं हुई।
1729	1729	1729	Say goodbye to the debugger	कहें को	बड़ी सिनेमैट्रिक डिवीज़र से निपटन करने वाले पाठ्यक्रमों को यह है
1730	1730	1730	I tried to get an appointment... but there's a three month waiting list.	मैं एक नियुक्ति पाने की कोशिश की ... ... लेकिन वहाँ एक तीन महीने की प्रतीक्षा सूची है।	प्राप्त एक्शन पर क्या होता है?...लेकिन तो एक पल में इंतजार एक्शन की होती है।
1731	1731	1731	About 11130.	11130 के बारे में.	11,130.
1732	1732	1732	Description contains	विवरण में समाहित है	किसी के कुछ प्राप्त करने
1733	1733	1733	Large font	बड़ा फॉन्ट	बड़ी फ़ॉन्ट
1734	1734	1734	So, you're my son-in-law.	तो तुम मेरे दामाद हो.	आपके पूर्ण विवरण के लिए 100% सुनी ज़रूरत है, यहाँ तक कि आप ऐसी जानकारी के 100% पूरी जानकारी सुनें और इसे अपने जीवन में सबसे ज्यातिमान वाले भाव के परिवहन में सुनी जाने के लिए 100% पूरी जानकारी सुनने के लिए 100% पूरी जानकारी देने के लिए 100% पूरी जानकारी देने के लिए 100% पूरी जानकारी देने के लिए 100% पूरी जानकारी देने के लिए 100% पूरी जानकारी देने के लिए 100% पूरी जानकारी देने के लिए 100% पूरी जानकारी देने के लिए 100% पूरी जानकारी देने के लिए 100% पूरी जानकारी देने
1735	1735	1735	You hit too hard.	तुम जरा जोर से मार रहे हो.	आप बहुत हावा से ही हिले पाने के लिए कह कर सकती है।
1736	1736	1736	In the days that follows I got them to at least work together	दिनों के बाद मैं उन्हें कम से कम एक साथ काम करने के लिए मिला में	अरे, लेकिन कैसे कि क्या भाषा ने कि तो काम करने वाली काम नहीं लिखे
1737	1737	1737	Good lord...101%	हे भगवान ... 101%	देखा है कि...100%
1738	1738	1738	- Merry Christmas, Mike.	- मेरी क्रिसमस, माइक.	चरस्यात, माइक.
1739	1739	1739	Let's go.	चलो चलते हैं.	अरे जाने के लिए।
1740	1740	1740	If the comparative results would come out, the question of whether the BJP government should rule or not would not arise in the country.	अगर इसका तुलनात्मक नतीजा आए तो देश के सामने यह सवाल नहीं आएगा कि बीजेपी की सरकार आनी चाहिए या नहीं।	अर्थात्, सांख्यिकीय परिणाम हो जाएँ, तो देश में नहीं उत्पन्न होगे
1741	1741	1741	Yeah, I kind of put that together, son.	हाँ,मैंएक तरहसे, किएकसाथबेटाडालदिया .	जी हाँ, मैंने थोड़ी हद से उसे संयुक्त करने का मार्ग बनाया था।
1742	1742	1742	Show the date and time column	तिथि एवं समय कॉलम दोनों दिखाएँ	बारीक से दर्शाएँ समय के प्रति कक्ष के स्ट्रेंड्स के बारीक से दर्शाएँ हैं
1743	1743	1743	You got no right! Please don't let them kill Hermann.	कृपया उन्हें हर्मन को मारने मत दो.	अरे, तुमने भी रIGHT्स हास्य! प्लीज, उनसे मीर होने का फ़ॉर्मैटेड कॉन्टिनेंट नहीं होयtुम!
1744	1744	1744	If it were not for the grace of God and His mercy to you, some of them had resolved to lead you astray but they lead astray no one but themselves. Nor can they do you any harm. God has sent down to you the Book and Wisdom and has taught you what you did not know. God's favour to you has been great indeed.	और (ऐ रसूल) अगर तुमपर ख़ुदा का फ़ज़ल (व करम) और उसकी मेहरबानी न होती तो उन (बदमाशों) में से एक गिरोह तुमको गुमराह करने का ज़रूर क़सद करता हालॉकि वह लोग बस अपने आप को गुमराह कर रहे हैं और यह लोग तुम्हें कुछ भी ज़रर नहीं पहुंचा सकते और ख़ुदा ही ने तो (मेहरबानी की कि) तुमपर अपनी किताब और हिकमत नाज़िल की और जो बातें तुम नहीं जानते थे तुम्हें सिखा दी और तुम पर तो ख़ुदा का बड़ा फ़ज़ल है	यह कह नहीं कि उनके द्वारा निर्देश किया गया कुछ भी हो सकते कि उनके द्वारा निर्देश किया गया कुछ हो सकते और कुछ नहीं।
1745	1745	1745	Your Lord is the Best Knower of you; if He willeth He will have mercy upon you, or if He willeth He will torment you. And We have not sent thee over them as a trustee.	तुम्हारा परवरदिगार तुम्हारे हाल से खूब वाक़िफ है अगर चाहेगा तुम पर रहम करेगा और अगर चाहेगा तुम पर अज़ाब करेगा और (ऐ रसूल) हमने तुमको कुछ उन लोगों का ज़िम्मेदार बनाकर नहीं भेजा है	अरे! आपका राजा सबसे ज्यादा जानकारी देने वाले तो कैसे हो सकते हैं? और यदि वे कैसे राज्य का प trustworthiness वाला स्वामित्व वाला स्वामित्व वाला स्वामित्व वाला स्वामित्व वाला स्वामित्व वाला स्वामित्व वाला स्वामित्व वाला स्वामित्व वाला स्वामित्व वाला स्वामित्व वाला स्वामित्व वाला स्वामित्व वाला स्वामित्व वाला स्वामित्व वाला स्वामित्व वाला स्वामित्व वाला स्वामित्व वाला स्वामित्व वाला स्वामित्व वाला स्वामित्व वाला स्वामित्व वाला स्वामित्व वाला स्वामित्व वाला स्वामित्व वाला स्वामित्व वाल
1746	1746	1746	Blu-ray disc	Blu-ray डिस्क	ब्लू-आर-या डिस्क
1747	1747	1747	How many generations living before them did We destroy? Do you find anyone of them around or do you even hear any word from them?	उनसे पहले कितनी ही नसलों को हम विनष्ट कर चुके है। क्या उनमें किसी की आहट तुम पाते हो या उनकी कोई भनक सुनते हो?	English to Hindi रूप में अनुसार, जो सही मान्य और व्यावहारी होता जो व्याख्यान किया जाता जाति,
1748	1748	1748	These guys had military training.	इन लोगों के पास सैन्य प्रशिक्षण था।	यह लोगों ने सैन्य प्रशिक्षण पाया।
1749	1749	1749	Satan wants to induce hostility and hatred among you through wine and gambling and to prevent you from remembering God and prayer. Will you then avoid such things?	शैतान तो बस यही चाहता है कि शराब और जुए के द्वारा तुम्हारे बीच शत्रुता और द्वेष पैदा कर दे और तुम्हें अल्लाह की याद से और नमाज़ से रोक दे, तो क्या तुम बाज़ न आओगे?	जिस्म में जाति के संबंध में वाइन और खेलों के बारे में लोगों को धोखे से भी नहीं ले सकते कि ऐसे चीज़ों के बारे में ध्यान से सुनें और ऐसी चीज़ों को भी ध्यान से सुनें नहीं रोकन योग्यति हो जाती है।
1750	1750	1750	Channel View	चैनल दृश्य	चैनल व्यू
1751	1751	1751	Encoding	एनकोडिंग	डेटा को संग्रहित करने वाले पाठ के पाठ के भाव को डिज़्वेयर किया ज सकता है।
1752	1752	1752	I do not want to change his bed.	मैं अपने बिस्तर बदलने के लिए नहीं करना चाहती.	मैं उसे अपनी जेब से नहीं भी रखूँ.
1753	1753	1753	But he who says to his father and his mother, 'Fie on you! Do you promise me that I shall be brought forth, when entire generations have passed away before me' Yet they supplicate to Allah for help 'Woe to you! Believe, surely the promise of Allah is true' Then he says: 'This is nothing but fairytales of the ancients'	"किन्तु वह व्यक्ति जिसने अपने माँ-बाप से कहा, ""धिक है तुम पर! क्या तुम मुझे डराते हो कि मैं (क़ब्र से) निकाला जाऊँगा, हालाँकि मुझसे पहले कितनी ही नस्लें गुज़र चुकी है?"" और वे दोनों अल्लाह से फ़रियाद करते है - ""अफ़सोस है तुमपर! मान जा। निस्संदेह अल्लाह का वादा सच्चा है।"" किन्तु वह कहता है, ""ये तो बस पहले के लोगों की कहानियाँ है।"""	जो लिखते हैं 'फियो आ onto ये! दुशहूर सुनर्णज्ञों के राजकार्य रूप के लिखे हैं'
1754	1754	1754	You're aware that curses are not supported by science. - Neither the ghosts.	आपके शाप के विज्ञान का समर्थन नहीं है	जैसा कि आप जानते हैं कि किसी की भूत किसी के हसायी किसी के हसायी का साइंस किसी के हसायी का साइंस किसी के हसायी का साइंस किसी के हसायी का साइंस किसी के हसायी का साइंस किसी के हसायी का साइंस किसी के हसायी का साइंस किसी के हसायी का साइंस किसी के हसायी का साइंस किसी के हसायी का साइंस किसी के हसायी का साइंस किसी के हसायी का साइंस किसी के हसायी का साइंस किसी के हसायी का साइंस किसी के हसायी का साइंस किसी के हसायी का साइंस किसी
1755	1755	1755	And now God, bends to my will.	और अब भगवान, मेरी मर्जी के लिए झुकता है।	गोद, के पालन में आ रहे हैं।
1756	1756	1756	You're driving like a maniac!	तुम किसी सनकी की तरह गाड़ी चला रहे हो!	आप ड्राइविंग कैसे करते हैं?
1757	1757	1757	And he had over them no authority except [it was decreed] that We might make evident who believes in the Hereafter from who is thereof in doubt. And your Lord, over all things, is Guardian.	और शैतान का उन लोगों पर कुछ क़ाबू तो था नहीं मगर ये (मतलब था) कि हम उन लोगों को जो आख़ेरत का यक़ीन रखते हैं उन लोगों से अलग देख लें जो उसके बारे में शक में (पड़े) हैं और तुम्हारा परवरदिगार तो हर चीज़ का निगरॉ है	अरे और उनसे कोई अधिक प्राधान्य अधिक नहीं हो सकती है।
1758	1758	1758	Recording audio tracks on a rewritable disc is not advised.	फिर लिखने योग्य डिस्क में ऑडियो ट्रैक की रिकॉर्डिंग सलाहकारी नहीं है.	संकलित रूपी रिकॉर्डेड डिस्क को रिकॉर्ड करने के कुछ हो सकते हैं कि जैसा कि हो सकता है।
1759	1759	1759	But depressed and knowing something was wrong, he demanded medical records.	लेकिन अवसादग्रस्त तथा कुछ गड़बड़ महसूस करते हुए, उसने चिकित्सकीय अभिलेखों की मांग की।	लेकिन अवसामान्य और जान कर रहे कि कुछ गलत हुआ था, उसने मेडिकल रिकॉर्ड्स डाउल्ड डिज़न्स डाइजन्स डाइजन्स.
1760	1760	1760	You've got to ask why.	पूछिए क्यों.	ज़रूर बताएँ कि क्यों यह होता है।
1761	1761	1761	Whereupon she said: 'Now you see, this is he on whose account you blamed me. Yes, I sought to seduce him, but he was unyielding. If he declines to do what I command, he shall be imprisoned and be one of the humiliated'	"वह बोली, ""यह वही है जिसके विषय में तुम मुझे मलामत कर रही थीं। हाँ, मैंने इसे रिझाना चाहा था, किन्तु यह बचा रहा। और यदि इसने न किया जो मैं इससे कहती तो यह अवश्य क़ैद किया जाएगा और अपमानित होगा।"""	"मार्ग:
जो लिखता/लिखता है:

अब यह है उन लोगों की कहानी है जिनका परिचय मुझे दिया है।"
1762	1762	1762	We'll go and see the train when I'm better, shall we?	जब मैं ठीक हो जाऊंगी हम जाकर ट्रेन देखने जाएंगे, ठीक है न?	हमें और से जो बेहतर हो सकती है, उसे देखें जब मैं बेहतर हो सकती हूँ, हाँ, हमें देखें जब मैं बेहतर हो सकती हूँ.
1763	1763	1763	You gotta put it down.	तुम इसे नीचे रखना होगा.	ज़रूर कर देना चाहेंगे
1764	1764	1764	But this is not all, some Indian Hockey Team players seem to be considering going on a hunger strike in protest against lack of awards for them after their recent win in Asia Cup while the cricket team got a truckload of goodies from state governments!	बात अभी पूरी नहीं हुई. भारतीय हॉकी टीम के कुछ सदस्यों ने उनकी हाल ही की एशिया कप विजय पर पुरस्कारों के टोटे, जबकि राज्य सरकारों द्वारा क्रिकेटरों को पुरस्कारों से लादने के विरोध में अनशन की चेतावनी दी!	देखा है कि यह सब कुछ भी है जो अभी भी आने वाला है जैसे पुरस्कार, अवयान पुरस्कार, अवयान पुरस्कार, और अवयान पुरस्कार, और अवयान पुरस्कार, और अवयान पुरस्कार, और अवयान पुरस्कार, और अवयान पुरस्कार, और अवयान पुरस्कार, और अवयान पुरस्कार, और अवयान पुरस्कार, और अवयान पुरस्कार, और अवयान पुरस्कार, और अवयान पुरस्कार, और अवयान पुरस्कार, और अवयान पुरस्कार, और अवयान पुरस्कार, और अवयान पुरस्कार, और अवयान पुरस्कार, और अवयान पुरस्कार, और अवयान पुरस्कार, और अवयान पुरस्कार, और अवयान पुरस्कार, और अवयान पुरस्कार, और अवयान पुरस्कार, और अवयान पुरस
1765	1765	1765	I wasn't talking about hers, I was talking about yours.	मैं मैं तुम्हारा के बारे में बात कर रहा था उसका, के बारे में बात नहीं कर रहा था.	मैं wasn't talking about hers, मैं talking about yours.
1766	1766	1766	(Girls Laughing and Chattering)	(लड़कियों हंसता और बकबक)	(लेकिन किसी को भी नहीं दिया जाए)
1767	1767	1767	Line up parentheses	पंक्ति ऊपर	"मार्ग:
पहचान करें"
1768	1768	1768	Yeah, I mean, that sounds amazing.	हाँ। काफ़ी अच्छा विचार है।	सहिनौर, 13 मार्च 2023
1769	1769	1769	- Lucy must be thrilled.	- लूसी बहुत खुश होगी।	बिल्ली को ताज़ाबी लगनी चाहिए।
1770	1770	1770	However, its cartoon industry managed to transcend both the national and the Soviet bloc borders, and became popular all over Central and Eastern Europe, including the non-aligned Yugoslavia.	हालांकि, इसका कार्टून उद्योग राष्ट्रीय और सोवियत ब्लॉक की सीमाओं पार करने में कामयाब रहा और गैर गठबंधन यूगोस्लाविया सहित सभी मध्य और पूर्वी यूरोप में लोकप्रियता हासिल कर सका।	हालांकि, यह कार्टून इंडस्ट्री ने सामरिक संकट को पूरी तरह से रोक पाई और सामरिक संकट को पूरी तरह से रोक पाया ज सकन की कार्य रचना विस्तार की क्षमता सामरिक संकट को रोक पाने में विशिष्ट प्रयुक्ति क्षमता
1771	1771	1771	So, when you meet (in fight Jihad in Allah's Cause), those who disbelieve smite at their necks till when you have killed and wounded many of them, then bind a bond firmly (on them, i.e. take them as captives). Thereafter (is the time) either for generosity (i.e. free them without ransom), or ransom (according to what benefits Islam), until the war lays down its burden. Thus [you are ordered by Allah to continue in carrying out Jihad against the disbelievers till they embrace Islam (i.e. are saved from the punishment in the Hell-fire) or at least come under your protection], but if it had been Allah's Will, He Himself could certainly have punished them (without you). But (He lets you fight), in order to test you, some with others. But those who are killed in the Way of Allah, He will never let their deeds be lost,	अतः जब इनकार करनेवालो से तुम्हारी मुठभेड़ हो तो (उनकी) गरदनें मारना है, यहाँ तक कि जब उन्हें अच्छी तरह कुचल दो तो बन्धनों में जकड़ो, फिर बाद में या तो एहसान करो या फ़िदया (अर्थ-दंड) का मामला करो, यहाँ तक कि युद्ध अपने बोझ उतारकर रख दे। यह भली-भाँति समझ लो, यदि अल्लाह चाहे तो स्वयं उनसे निपट ले। किन्तु (उसने या आदेश इसलिए दिया) ताकि तुम्हारी एक-दूसरे की परीक्षा ले। और जो लोग अल्लाह के मार्ग में मारे जाते है उनके कर्म वह कदापि अकारथ न करेगा	मुसली के लिखे गए संकेतों को दूर करने के लिए, किस्म के किस्म के लिखे गए संकेतों को दूर करने के लिए, किस्म के किस्म के लिखे गए संकेतों को दूर करने के लिए, किस्म के किस्म के लिखे गए संकेतों को दूर करने के लिए, किस्म के किस्म के लिखे गए संकेतों को दूर करने के लिए, किस्म के किस्म के लिखे गए संकेतों को दूर करने के लिए, किस्म के किस्म के लिखे गए संकेतों को दूर करने के लिए, किस्म के किस्म के लिखे गए संकेतों को दूर करने के लिए, किस्म के किस्म के लिखे गए संकेतों को दूर
1772	1772	1772	ICQ Work ID 2	आईसीक्यू कार्य ID 2	I cannot add, remove, or change any information
1773	1773	1773	Could not create thread for populating cache	कैश भरने के लिये थ्रेड नहीं बना सका	पॉपुलेट करने के लिए क्या स्थानको लिख सकती हूँ
1774	1774	1774	Earth is still my home.	पृथ्वीअभीभी मेराघरहै	जम्मदाद मेरी घरस्थ भूमि है।
1775	1775	1775	Banks:	Banks:	कैसे बैंक हैं?
1776	1776	1776	You always thought you were right...	तुम हमेशा मैं सही था...	जिस कोई भी समझे कि कुछ नहीं समझे...
1777	1777	1777	Server, username and domain name cannot be empty. Please fill them with correct values.	सर्वर, उपयोक्तानाम, और डोमेन नाम रिक्त नहीं हो सकता है. कृपया उन्हें सही मान से भरें.	जिस सेवा, के उपयोगstein के संस्कृति पर कोई सीमा नहीं है। पूरी सीमा सुनने वाले के द्वार पर होने वाली है।
1778	1778	1778	It's a skill and I'm good at it.	यह एक कौशल है और मैं इसे अच्छा हूँ.	अरे!
1779	1779	1779	Calendar authentication request	पंचांग सत्यापन आग्रह	कैलेंडर प्रमाणन अनुरोध
1780	1780	1780	You think you can do as you please, living with us.	तुम्हें लगता है कि तुम जो मर्जी कर सकती हो, हमारे साथ रहकर	आपके विचारों के बावजूद, हमें आपसे कैसा लगता है?
1781	1781	1781	_Fetch All Headers	पूरा शीर्षक लाएँ (_F)	मूल्याँे प्राप्त करें
1782	1782	1782	Constraints the panning to an axis	प्रतिबन्ध किसी अक्ष को पैन करने के लिए	I wasn't there
1783	1783	1783	"The type ""%s"" is not a valid type."	%s नियमित फाइल नहीं है	"अर्जित कार्य ""%s"" का अस्पष्धीकरण नहीं है।"
1784	1784	1784	But I can still do a man's work, both here and there.	लेकिन मैं अभी भी एक मर्द का काम कर सकता हूं, यहाँ और वहाँ दोनों जगह.	जी हूँ कि मैं वहाँ और वहाँ भी कर सकता हूँ।
1785	1785	1785	Save Image	छवि सहेजें	"यहाँ कृपयान्द्र शीर्षकों के लिए निर्देश:
1. कृपयान्द्र शीर्षकों के लिए निर्देश:
2. कृपयान्द्र शीर्षकों के लिए निर्देश:
3. कृपयान्द्र शीर्षकों के लिए निर्देश:
4. कृपयान्द्र शीर्षकों के लिए निर्देश:
5. कृपयान्द्र शीर्षकों के लिए निर्देश:
6. कृपयान्द्र शीर्षकों के लिए निर्देश:
7. कृपयान्द्र शीर्षकों के लिए निर्देश:
8. कृपयान्द्र शीर्षकों के लिए निर्देश:
9. कृपयान्द्र शीर्षकों के लिए निर्देश:
10. कृपयान्द्र शीर्षकों के लिए निर्देश:
11. कृपयान्द्र शीर्षकों क"
1786	1786	1786	"that thereof you may thread ways, ravines."""	"""ताकि तुम उसके विस्तृत मार्गों पर चलो।"""	जिसे उसके पास हो कि वह स्थितियाँ, गड़वाँ, Ravines के हो कि वह स्थितियाँ, सड़वाँ, Ravines के हो कि वह स्थितियाँ, सड़वाँ, Ravines के हो कि वह स्थितियाँ, सड़वाँ, Ravines के हो कि वह स्थितियाँ, सड़वाँ, Ravines के हो कि वह स्थितियाँ, सड़वाँ, Ravines के हो कि वह स्थितियाँ, सड़वाँ, Ravines के हो कि वह स्थितियाँ, सड़वाँ, Ravines के हो कि वह स्थितियाँ, सड़वाँ, Ravines के हो कि वह स्थितियाँ, सड़वाँ, Ravines के हो कि वह स्थितियाँ, सड़वाँ, Ravines के हो कि वह स्थितियाँ, सड़वाँ, Rav
1787	1787	1787	%a %l:%M %p	%a %l:%M %p	"Translate following English to Hindi text:
%a %l:%M %p"
1788	1788	1788	They shall recline on couches lined with brocade, and within reach shall hang the fruits of the two Gardens.	यह लोग उन फ़र्शों पर जिनके असतर अतलस के होंगे तकिये लगाकर बैठे होंगे तो दोनों बाग़ों के मेवे (इस क़दर) क़रीब होंगे (कि अगर चाहे तो लगे हुए खालें)	जिसे सोचने पर स्थित होगे, सोचने के लिए भावी होगे, और जो किसी भी जानकारी के लिए तैयार होगा, उसे सोचने के लिए भी तैयार होगा।
1789	1789	1789	And help dragon riders sneak into Drago's camp?	और ड्रागो के शिविर में घुसने में ड्रैगन-सवारों की मदद करूँ?	देखा न करें ड्रैग राइडर से ड्रैग्स के पास लाने के कार्य के परिणत्त्व हो सकते हैं कि ड्रैग राइडर के पास ड्रैग से नहीं से किया जाए, और कि ड्रैग से नहीं से किया जाए, तो इससे कार्य के परिणत्त्व को प्रभावशाली बनाया जा सकता है।
1790	1790	1790	On the Day when We raise up a witness from every people, those who were bent on denying the truth will not be permitted to put forward excuses, or to make amends.	और जिस दिन हम एक उम्मत में से (उसके पैग़म्बरों को) गवाह बनाकर क़ब्रों से उठा खड़ा करेगे फिर तो काफिरों को न (बात करने की) इजाज़त दी जाएगी और न उनका उज्र (जवाब) ही सुना जाएगा	अर्थ: किसी भी जानकारी जिसे किसी को भेद-मानी ठहराया जा सके या जिसे किसी को दंडनिष्ठ ठहराया जा सके ये सभी जानकारी स्वतंता है और सेवा देने वाले किसी को भेद-मानी ठहराया जा सके ये सभी जानकारी स्वतंता है
1791	1791	1791	enter My Paradise!	और मेरे बेहिश्त में दाख़िल हो जा	मेरी पारसिक पारस!
1792	1792	1792	_Manager:	प्रबंधक: (_M)	डिफ़ॉल्स:
1793	1793	1793	By the declining star,	गवाह है तारा, जब वह नीचे को आए	जीतने वाले
1794	1794	1794	Brace indentation size in spaces:	आकार इंच:	प्रेस़ सizes in spaces:
1795	1795	1795	They (the souls) are then returned towards their True Lord – Allah; pay heed! Only His is the command; and He is the Swiftest At Taking Account.	फिर सब अल्लाह की ओर, जो उसका वास्तविक स्वामी है, लौट जाएँगे। जान लो, निर्णय का अधिकार उसी को है और वह बहुत जल्द हिसाब लेनेवाला है	जिस्म में जो (सoul) प्राप्त होता है उसमें से जो प्राप्त होता है उसे उस True Lord से प्राप्त किया गया है और उसे उस Swiftest At Taking Account में पाया जा सकता है।
1796	1796	1796	Cherry pick	Cherry pick	बढ़ा-बढ़िया
1797	1797	1797	Assistant	सहायक	बात
1798	1798	1798	Thought travel agents were a thing of the past thanks to the internet?	तो आपको ट्रैवेल एजेन्ट बीती हुई सदी के लगते थे, इन्टरनेट को धन्यवाद कहिए?	इंटरनेट के कारण थिंक व्यात्री पूरterior पूर्णकृति के पथ के तंत्र में थिंक व्यात्री के पथ के तंत्र में जैसे थीं वे रचनात्मक प्रयुक्ति के पथ के तंत्र में वैसी वैसी थीं
1799	1799	1799	She comes, and she kneels down every day?	वह हर दिन आती है, और घुटनों पर बैठ जाती है?	शी comes, और शी के लिए every day कुछ होता
1800	1800	1800	I_nclude remote tests	दूरस्थ परीक्षण को शामिल करें (_n)	रिमोट टेस्ट में शामिल कर सकते हैं
1801	1801	1801	1st to 10th	1ला से 10वां	1st to 10th
1802	1802	1802	Organization	संगठन	संगठन
1803	1803	1803	"So you gonna tell us now what your ""big deal"" with Flag was?"	तो तुम हमें बताओ कि क्या अब ध्वज के साथ अपने 'बड़ा सौदा' था?	No Hindi के लिखे जाने
1804	1804	1804	And I, no longer queen, will be put to death with your sister and the remaining members of our family.	... मवेशियों के ऊपर एक और व्यर्थ लड़ाई में विकृत किया जाना है. और मैं अब कोई रानी, मौत के लिए रखा जाएगा... ... अपनी बहन और हमारे परिवार के शेष सदस्यों के साथ.	अरे, और मैं नहीं रानी, मैं किसी को मार डालूँगी और मेरे सहयोगी के पास मैं डहिंट कर रही हूँ।
1805	1805	1805	PAXTON:	PAXTON:	पेक्सटन:
1806	1806	1806	A generic python project using automake project management	A python प्रयोग कर रहा है	अनुपमान प्रोजेक्ट मैनेजिंग
1807	1807	1807	Encoding	एनकोडिंग	डेटा को संग्रहित करने वाले पाठ के पाठ के भाव को डिज़्वेयर किया ज सकता है।
1808	1808	1808	Copy...	नक़ल करें...	कॉपी...
1809	1809	1809	Amandine Poulain likes: Figure skaters' costumes on TV.	Amandine Poulain को टीवी पर स्केटरों वेशभूषा पसंद है	अमेरिकी पॉलियन की पसंद: फ़िज़ बुलेट प्रोड्यूस की स्ट्रीट क्रैग़ की टीवी वीडियो की स्ट्रीट क्रैग़ की प्रोड्यूस की स्ट्रीट क्रैग़ की फ़ार्म की स्ट्रीट क्रैग़ की स्ट्रीट क्रैग़ की स्ट्रीट क्रैग़ की स्ट्रीट क्रैग़ की स्ट्रीट क्रैग़ की स्ट्रीट क्रैग़ की स्ट्रीट क्रैग़ की स्ट्रीट क्रैग़ की स्ट्रीट क्रैग़ की स्ट्रीट क्रैग़ की स्ट्रीट क्रैग़ की स्ट्रीट क्रैग़ की स्ट्रीट क्रैग़ की स्ट्रीट क्रैग़ की स्ट्रीट क्रैग़ की स्ट्रीट क्रै
1810	1810	1810	How dare he plays me using my dad!	उसकी हिम्मत कैसे हुई कि मेरे डैड का इस्तेमाल करके मेरे साथ खेले!	उने से कैसे प्रयोग किय किये!
1811	1811	1811	Did she at least say where she was going?	वह कहाँ जा रहा था वह कम से कम कहा?	Yes, did she at least say where she was going?
1812	1812	1812	O ye who believe! save yourselves and your families from a Fire whose fuel is Men and Stones, over which are (appointed) angels stern (and) severe, who flinch not (from executing) the Commands they receive from Allah, but do (precisely) what they are commanded.	ऐ ईमान लानेवालो! अपने आपको और अपने घरवालों को उस आग से बचाओ जिसका ईधन मनुष्य और पत्थर होंगे, जिसपर कठोर स्वभाव के ऐसे बलशाली फ़रिश्ते नियुक्त होंगे जो अल्लाह की अवज्ञा उसमें नहीं करेंगे जो आदेश भी वह उन्हें देगा, और वे वही करेंगे जिसका उन्हें आदेश दिया जाएगा	अरे, यह तो कुछ भी नहीं है।
1813	1813	1813	And then, shortly thereafter, three.	एक डबल घटना नहीं होगी.	और वह तो जल्दी हो जाती है।
1814	1814	1814	_Debug	डिबग करें (_D)	जड़
1815	1815	1815	I think I found Liedenbrock's notebook.	एल लगता है कि मैं Liedenbrock नोटबुक पाया. देखो .	मुझे लगने वाला पुस्तिका मिला चुके
1816	1816	1816	And to you We have revealed the Book containing the truth, confirming the earlier revelations, and preserving them (from change and corruption). So judge between them by what has been revealed by God, and do not follow their whims, side-stepping the truth that has reached you. To each of you We have given a law and a way and a pattern of life. If God had pleased He could surely have made you one people (professing one faith). But He wished to try and test you by that which He gave you. So try to excel in good deeds. To Him will you all return in the end, when He will tell you of what you were at variance.	और हमने तुम्हारी ओर यह किताब हक़ के साथ उतारी है, जो उस किताब की पुष्टि करती है जो उसके पहले से मौजूद है और उसकी संरक्षक है। अतः लोगों के बीच तुम मामलों में वही फ़ैसला करना जो अल्लाह ने उतारा है और जो सत्य तुम्हारे पास आ चुका है उसे छोड़कर उनकी इच्छाओं का पालन न करना। हमने तुममें से प्रत्येक के लिए एक ही घाट (शरीअत) और एक ही मार्ग निश्चित किया है। यदि अल्लाह चाहता तो तुम सबको एक समुदाय बना देता। परन्तु जो कुछ उसने तुम्हें दिया है, उसमें वह तुम्हारी परीक्षा करना चाहता है। अतः भलाई के कामों में एक-दूसरे से आगे बढ़ो। तुम सबको अल्लाह ही की ओर लौटना है। फिर वह तुम्हें बता देगा, जिसमें तुम विभेद करते रहे हो	मध्य प्रदेश के 2023 के समय में जो हुआ उसे भी बताया जा सकता और निर्णित किया जा सकता
1817	1817	1817	So you're pleading guilty to the trooper's charge?	आप जवान के आरोप में दोषी विनती कर रहे हैं तो क्या?	No, you're not pleading guilty to the trooper's charge?
1818	1818	1818	(Unknown Filename)	(अज्ञात फ़ाइलनाम)	ज्ञात फ़ायल नाम)
1819	1819	1819	'Cause whoever's doing this is taking it seriously enough now to let us know that the loans to you, they're not secure.	जो कोई भी यह कर रहा है अब काफी गंभीरता से ले रही है क्योंकि हमें अपने आप को ऋण , वे सुरक्षित नहीं हैं कि यह बताने के लिए.	बिलकुल जीबनहट्ठा किया गेम नहीं है।
1820	1820	1820	_View	दृश्य_(V)	जैसा
1821	1821	1821	Text	पाठ	यहाँ कुछ जानकारी दी जाएगी।
1822	1822	1822	Restart the game	वर्तमान खेल पुनःप्रारंभ करें	गेम को फिरना
1823	1823	1823	Lodge them where ye dwell, according to your wealth, and harass them not so as to straiten life for them. And if they are with child, then spend for them till they bring forth their burden. Then, if they give suck for you, give them their due payment and consult together in kindness; but if ye make difficulties for one another, then let some other woman give suck for him (the father of the child).	मुतलक़ा औरतों को (इद्दे तक) अपने मक़दूर मुताबिक दे रखो जहाँ तुम ख़ुद रहते हो और उनको तंग करने के लिए उनको तकलीफ न पहुँचाओ और अगर वह हामेला हो तो बच्चा जनने तक उनका खर्च देते रहो फिर (जनने के बाद) अगर वह बच्चे को तुम्हारी ख़ातिर दूध पिलाए तो उन्हें उनकी (मुनासिब) उजरत दे दो और बाहम सलाहियत से दस्तूर के मुताबिक बात चीत करो और अगर तुम बाहम कश म कश करो तो बच्चे को उसके (बाप की) ख़ातिर से कोई और औरत दूध पिला देगी	किसी भी समस्या के लिए पालनिक्षत्री पात्र देना चाहे |
1824	1824	1824	THIS IS THE ONLY TIME-- IT'S THE FIRST TIME	यह केवल समय है - आईटी पहली बार है	यह एक सिर्फ़ एक समय है - एक सिर्फ़ एक पहली समय है।
1825	1825	1825	Unexpected reply from server	सर्वर से अप्रत्याशित जवाब	सर्वश्री की स्पष्ट और सही रूपात्मक प्रतिक्षिति के लिखित प्रतिक्षता के लिखित प्रतिक्षता के लिखित प्रतिक्षता के लिखित प्रतिक्षता के लिखित प्रतिक्षता के लिखित प्रतिक्षता के लिखित प्रतिक्षता के लिखित प्रतिक्षता के लिखित प्रतिक्षता के लिखित प्रतिक्षता के लिखित प्रतिक्षता के लिखित प्रतिक्षता के लिखित प्रतिक्षता के लिखित प्रतिक्षता के लिखित प्रतिक्षता के लिखित प्रतिक्षता के लिखित प्रतिक्षता के लिखित प्रतिक्षता के लिखित प्रतिक्षता के लिखित प्रतिक्षता के लिखित प्रतिक्षता के
1826	1826	1826	Opening calendar	पंचांग खोल रहा है	कैलेंडर को खोलें
1827	1827	1827	The file '{0}' is not a regular file and cannot be sent in a message.	फ़ाइल `{0}' एक सामान्य फ़ाइल नहीं है और संदेश में भेजी नहीं जा सकती है.	'{0}' सारा फ़ाइल नहीं है और सेंट के लेबल फ़ाइल नहीं हो सकती.
1828	1828	1828	You can forgive Kal any lapses in our quorum..	आप किसी भी काल माफ कर सकते हैं हमारे कोरम में खामियों ..	जिसे कल का कोई अंतर है उसे हमारा सिरा न हो..
1829	1829	1829	As for the children, God decrees that the share of the male is equivalent to that of two females. If they consist of women only, and of them more than two, they will get two-thirds of the inheritance; but in case there is one, she will inherit one half. The parents will each inherit a sixth of the estate if it happens the deceased has left a child; but if he has left no children, and his parents are his heirs, then the mother will inherit one-third; but if he has left brothers, the mother will inherit one-sixth after payment of legacies and debts. Of parents and children you do not know who are more useful to you. These are the decrees of God who knows all and is wise.	अल्लाह तुम्हारी सन्तान के विषय में तुम्हें आदेश देता है कि दो बेटियों के हिस्से के बराबर एक बेटे का हिस्सा होगा; और यदि दो से अधिक बेटियाँ ही हो तो उनका हिस्सा छोड़ी हुई सम्पत्ति का दो तिहाई है। और यदि वह अकेली हो तो उसके लिए आधा है। और यदि मरनेवाले की सन्तान हो जो उसके माँ-बाप में से प्रत्येक का उसके छोड़े हुए माल का छठा हिस्सा है। और यदि वह निस्संतान हो और उसके माँ-बाप ही उसके वारिस हों, तो उसकी माँ का हिस्सा तिहाई होगा। और यदि उसके भाई भी हो, तो उसका माँ का छठा हिस्सा होगा। ये हिस्से, वसीयत जो वह कर जाए पूरी करने या ऋण चुका देने के पश्चात है। तुम्हारे बाप भी है और तुम्हारे बेटे भी। तुम नहीं जानते कि उनमें से लाभ पहुँचाने की दृष्टि से कौन तुमसे अधिक निकट है। यह हिस्सा अल्लाह का निश्चित किया हुआ है। अल्लाह सब कुछ जानता, समझता है	मध्य प्रदेश के तट पर
1830	1830	1830	I'm sorry, I'll never do this again.	मैं माफी चाहता हूँ , मैं फिर से ऐसा कभी नहीं होगा.	माफ़ किया नहीं, हमेशा इस बात का ध्यान रखेंगे कि हमारा कार्य इसी रूप से रद्द नहीं किये जा सकतेगा।
1831	1831	1831	Commit on fast-forward merges	कमिट पर तेज आगे	बढ़ावे में संकलित होते हैं
1832	1832	1832	Use revision:	रिवीजन का उपयोग करें:	अन्य जानकारी देने (Revision) के लिए
1833	1833	1833	Select name of the Evolution backup file to restore	पुनर्भंडारण के लिए एवोल्यूशन बैकअप फ़ाइल का नाम चुनें	रestoration में कौन से जानकारी शामिल होंगें
1834	1834	1834	(Remember) When the wife of Imran said, “My Lord! I pledge to you what is in my womb – that it shall be dedicated purely in Your service, so accept it from me; indeed You only are the All Hearing, the All Knowing.”	(ऐ रसूल वह वक्त याद करो) जब इमरान की बीवी ने (ख़ुदा से) अर्ज़ की कि ऐ मेरे पालने वाले मेरे पेट में जो बच्चा है (उसको मैं दुनिया के काम से) आज़ाद करके तेरी नज़्र करती हूं तू मेरी तरफ़ से (ये नज़्र कुबूल फ़रमा तू बेशक बड़ा सुनने वाला और जानने वाला है	अरे! जब इमरान की पत्नी थी...
1835	1835	1835	in its long columns of flames.	जाएँगे	प्रालय के लंबे चमड़े।
1836	1836	1836	Hey, look, you don't have to listen to him.	अरे, देखो, तुम उसे सुनने के लिए नहीं है .	जी हाँ, लेकिन आप उसे सुनें नहीं पाते या सुनने के परिणिष्ट हो सकते कि आप उसे बेहतर तरीके से सुनें.
1837	1837	1837	SSL Certificate Authority	SSL प्रमाणपत्र प्राधिकार	सएस सेर्टिफ़िया
1838	1838	1838	I have a bogey incoming! Oh, shit.	मैं आने वाले एक दलदली है!	बिल्कुल नहीं!Oh, दिल।
1839	1839	1839	The patient needs ventilator.	मरीज को वेंटीलेटर की जरूरत है।	पात्र की सहायती वेंटिलेटर की सहायती होगी।
1840	1840	1840	Error performing IDLE	IDLE ढूंढ़ने में त्रुटि	IDल के दिए जाने की क्रिया के परिणाम होते हैं।
1841	1841	1841	Messages with Attachments	संलग्नक के साथ संदेश	संदेश के साथ-साथ
1842	1842	1842	Yes.	हाँ.	जी हाँ।
1843	1843	1843	That is because those who disbelieve follow falsehoods, while those who believe follow the truth from their Lord. God thus cites for the people their examples.	ये इस वजह से कि काफिरों ने झूठी बात की पैरवी की और ईमान वालों ने अपने परवरदिगार का सच्चा दीन एख्तेयार किया यूँ ख़ुदा लोगों के समझाने के लिए मिसालें बयान करता है	चेतना से असहज होने के लिए जो लोग व्यवहार करते हैं, वे व्यवहार के ध्यान से असह्य होते हैं और व्यवहार के ज्ञान से संतुष्ट होते हैं।
1844	1844	1844	I came to tell you that your life is in danger and I need your help.	बताने आया हूँ कि तुम्हारी जान खतरे में है और मुझे तुम्हारी मदद चाहिए।	मैं आपको बताने के लिए आभारी हूँ कि आपकी जीवन सुरक्षा और इस बात की प्रार्थक हो सकते हैं |
1845	1845	1845	Accessible Table Row Description	पहुँच योग्य सारणी पंक्ति वर्णन	ब्लॉक के जोड़ी विधि
1846	1846	1846	You got to cover 360.	आप 360 कवर करने के लिए मिला है.	आपको 360 को चुनौती देने के लिए तैयार किया गया था।
1847	1847	1847	Private	निजीiCalImp	ब्यक्ति
1848	1848	1848	If it didn't hurt...	अगर दुखता न होता ...	अगरा नहीं होता...
1849	1849	1849	Take it, Raleigh!	, रैले यह लो!	नहीं कॉपी कर, रैली!
1850	1850	1850	This drug isn't new to our world	यह दवा हमारी दुनिया के लिए नया नहीं है	यह दवा हमारे संसार्य विश्व में नई है।
1851	1851	1851	Beast, havok, back him up.	द बीस्ट! Havok! उन्हें वापस ऊपर!	अरे भाई, उसे प्रोत्साहित कर देना है।
1852	1852	1852	Make sure you double-bag like the lady says.	जैसा महिला कहती है, डबल बैग जरूर लगना.	लेड़िया की बात की जाती है।
1853	1853	1853	"And he says, ""I believe this boy's about to have himself an accident? """	"और कहता था, ""मेरा मानना ​​है कि इस लड़के के साथ कोई दुर्घटना होगी."""	जिस्म के बारे जिस्म में सोचते हैं, उसे सोचते हैं | इस प्रक्रिया के दौरान किसी भी जानकारी या हिस्से के बारेज़ के बारे जाने के लिए यह तय है कि जिस्म में सोचते हैं वे होते हैं, और इस प्रक्रिया के दौरान किसी भी जानकारी या हिस्से के बारे जाते हे सुननेे तो कुछ निर्णय के लिए यह तय है कि जिस्म में सोचते हैं वे होते हैं, और इस प्रक्रिया के दौरान किसी भी जानकारी या हिस्से के बारे जाते हे सुननेे तो कुछ
1854	1854	1854	It's the 25th. man #2: 24th.	आज 25 है. पुरुष #2: 24 है.	अरे, यह 25वें है। मैन #2: 24वें।
1855	1855	1855	And his plaint: ‘My Lord! Indeed these are a people who will not have faith!’	"और उसका कहना हो कि ""ऐ मेरे रब! निश्चय ही ये वे लोग है, जो ईमान नहीं रखते थे।"""	और उनकी द्वन्नीति: ‘राजा! ये लोग वाकई पूर्णस्वातंत्र नहीं हैं!’
1856	1856	1856	"When they returned to their father they said: ""Father! We have been denied further supply of corn. So send with us our brother that we may bring the supplies. We shall be responsible for his protection."""	(और इस लालच में) यायद फिर पलट के आएं ग़रज़ जब ये लोग अपने वालिद के पास पलट के आए तो सब ने मिलकर अर्ज़ की ऐ अब्बा हमें (आइन्दा) गल्ले मिलने की मुमानिअत (मना) कर दी गई है तो आप हमारे साथ हमारे भाई (बिन यामीन) को भेज दीजिए	जैसो पिता के पास गए थे वे कहा: “पिता! हमें आगे के प supply of corn दिल से दिया गया है तो सेंड भी हमें दिल से दिया गया है तो हमें अपने भाई के पास दिल से दिया गया है Supplies.”
1857	1857	1857	Get us close to him.	हमें उसके पास जाओ.	"अपने उसे साथ ले सकते क्यों?
क्यों?
क्यों के द्वारा?"
1858	1858	1858	Yes.	हाँ।	जी हाँ।
1859	1859	1859	Migrating...	उत्प्रवासित हो रहा है...	जाति...
1860	1860	1860	Elias isolates himself a lot.	एलियास खुद को बहुत अलग रखता है.	I don't isolate myself a lot.
1861	1861	1861	Scoot back.	वापस भागो.	अरे!
1862	1862	1862	And that is to do this..	ऐसा करने के लिए है और कहा कि ..	इसे करने के लिए।
1863	1863	1863	Besides the BJP and the Congress, the National People's Party and two independent candidates, a total of 7 candidates filed nominations on Thursday.	भाजपा व कांग्रेस के अलावा नेशनल पीपुल्स पार्टी के एक एवं दो निर्दलीय प्रत्याशियों सहित कुल 7 प्रत्याशियों ने गुरुवार को नामांकन दाखिल किया।	7 के नाम पर भारत विभाजन और कांग्रस पर भी हैं।
1864	1864	1864	A flycam video showed security police blocking off the surrounding streets.	एक फ्लाईकैम वीडियो ने सुरक्षा पुलिस को आसपास की सड़कों को अवरुद्ध करते दिखाया।	बेकिंग सीसीएम वीडियो में सुरक्षा पुलिस ने सड़कों को चिह्नित करने के लिए कार्य किया था.
1865	1865	1865	Being niggardly with respect to you; but when fear comes, you will see them looking to you, their eyes rolling like one swooning because of death; but when the fear is gone they smite you with sharp tongues, being niggardly of the good things. These have not believed, therefore Allah has made their doing naught; and this is easy to Allah.	और चल दिए और जब (उन पर) कोई ख़ौफ (का मौक़ा) आ पड़ा तो देखते हो कि (आस से) तुम्हारी तरफ देखते हैं (और) उनकी ऑंखें इस तरह घूमती हैं जैसे किसी शख्स पर मौत की बेहोशी छा जाए फिर वह ख़ौफ (का मौक़ा) जाता रहा और ईमानदारों की फतेह हुई तो माले (ग़नीमत) पर गिरते पड़ते फौरन तुम पर अपनी तेज़ ज़बानों से ताना कसने लगे ये लोग (शुरू) से ईमान ही नहीं लाए (फक़त ज़बानी जमा ख़र्च थी) तो खुदा ने भी इनका किया कराया सब अकारत कर दिया और ये तो खुदा के वास्ते एक (निहायत) आसान बात थी	नोट रखें कि, इस रचनी के कार्यों के लिए जिमेदार नहीं होते हैं, और इसके कार्यों से नहीं होते हैं, तथा इसके कार्यों निर्णित नहीं होते हैं, और इसके कार्यों के कार्यों के निर्णीत नहीं होते हैं।
1866	1866	1866	Demon dog!	दानव कुत्ता!	दDemon dog!
1867	1867	1867	WHETSTONE	Constellation name (optional)	जेम्स
1868	1868	1868	It went through the hull!	यह पतवार के माध्यम से चला गया!	चारों ने पानी को हिल लिया!
1869	1869	1869	Miss Waco, I didn't...	मिस वाको, मैंने नहीं किया...	वॉकर्स, मैंने...
1870	1870	1870	I spoke to Walker.	मैंने वॉकर से बात की थी।	मैं विलियम से बात की थी।
1871	1871	1871	Neither their flesh reaches Allah nor their blood; it is your piety that reaches Him. He has subjected these animals (to you) that you may magnify Allah for the guidance He has bestowed upon you. Give glad tidings, (O Prophet), to those who do good.	खुदा तक न तो हरगिज़ उनके गोश्त ही पहुँचेगे और न खून मगर (हाँ) उस तक तुम्हारी परहेज़गारी अलबत्ता पहुँचेगी ख़ुदा ने जानवरों को (इसलिए) यूँ तुम्हारे क़ाबू में कर दिया है ताकि जिस तरह खुदा ने तुम्हें बनाया है उसी तरह उसकी बड़ाई करो	कृपयोग्यता: इस प्रकाशित कार्य को किसी भेदित कार्य के बजात होगा।
1872	1872	1872	Whatsoever is in the heavens and the earth belongs to Him, and His the judgement for ever. So will you fear any other than God?	जो कुछ आकाशों और धरती में है सब उसी का है। उसी का दीन (धर्म) स्थायी और अनिवार्य है। फिर क्या अल्लाह के सिवा तुम किसी और का डर रखोगे?	जो भी है ज heavens और earth belongs to Him and His the faith that ever will be. So will you fear any other than God?
1873	1873	1873	You spoil my daughter and I get the blame for it	तुम मेरी बेटी को खराब कर रही हो और दोष मुझे मिलता है	जिसने मुद्दे को दर्शाया और मुद्दे को लेकर भ्रम पैदा कर दिया है
1874	1874	1874	Allah! There is none worthy of worship except Him; He will surely gather you all on the Day of Resurrection in which there is no doubt; and whose Words are more true than those of Allah? (Allah does not lie.)	अल्लाह के सिवा कोई इष्ट -पूज्य नहीं। वह तुम्हें क़ियामत के दिन की ओर ले जाकर इकट्ठा करके रहेगा, जिसके आने में कोई संदेह नहीं, और अल्लाह से बढ़कर सच्ची बात और किसकी हो सकती है	अरे, यह सुनने के तौर पर है कि किसी भी जाति या समूह के सदस्यों को Allah के वचनों से अधिक विशिष्ट होने वाले नहीं होते हैं ।
1875	1875	1875	Wonderful party, thank you!	अद्भुत पार्टी, धन्यवाद!	किसी को धन्यवाद नहीं देने दूँगी!
1876	1876	1876	So, if thou art in doubt regarding what We have sent down to thee, ask those who recite the Book before thee. The truth has come to thee from thy Lord; so be not of the doubters,	पस जो कुरान हमने तुम्हारी तरफ नाज़िल किया है अगर उसके बारे में तुम को कुछ शक़ हो तो जो लोग तुम से पहले से किताब (ख़ुदा) पढ़ा करते हैं उन से पूछ के देखों तुम्हारे पास यक़ीनन तुम्हारे परवरदिगार की तरफ से बरहक़ किताब आ चुकी तो तू न हरगिज़ शक़ करने वालों से होना	जो तुम्हारी लेबर की रचना से जुड़ते हैं, तो तुम्हारा दoub्टा पूरा करने के लिए स्वतंता नहीं हो सकती हैं।
1877	1877	1877	So how could you produce a fetching creature such as that?	आप उस सुंदर प्राणी को पैदा कर सकते हैं जो वहां है?	इससे कैसे आप एक संग्रहणिकारा प्राणी हो सकती?
1878	1878	1878	This event has been deleted.	यह घटना मिटायी जा चुकी है.	यह घटना किसी के किसी है।
1879	1879	1879	_Burn Image...	छवि लिखें (_B)...	ये कुछ पुस्तिकरण के दौरान हो सकते हैं...
1880	1880	1880	All right, look, we're not going to let a couple of seagulls ruin our moment.	ठीक हम किसी भी सीगल को इन पलों को बरबाद करने नहीं देंगे।	अरे, कुछ नहीं हो सकता कि कुछ सागर गulls हमारे पल्ल पर कुछ प्रभाव पैदा कर सकेंगे।
1881	1881	1881	I'd always thought that...	मैंने हमेशा सोचा था...	मैंने कभी नहीं सोचा था...
1882	1882	1882	If you close the document anyway, you will lose that information.	यदि आप जैसे भी हो, दस्तावेज़ चुनते हैं, आप जानकारियाँ खो देंगे.	अगर आप दस्तावेज़ को बंद करेंगे तो वह जानकारी आपके नुकसान से हो जाएगी
1883	1883	1883	You'd make a good trapper.	तुम अच्छे बहेलिए बनोगे।	आप एक अच्छा ट्रैपर होगे.
1884	1884	1884	We ate and ate at a hot dog stand.	हू हू!	हमने और में स्टैंड पर हॉट डॉग पर चाट कर लिया था.
1885	1885	1885	We bestowed upon Lot sound judgement and knowledge, and We delivered him from the city that was immersed in foul deeds. They were indeed a wicked people, exceedingly disobedient.	और लूत को भी हम ही के फ़हमे सलीम और नबूवत अता की और हम ही ने उस बस्ती से जहाँ के लोग बदकारियाँ करते थे नजात दी इसमें शक नहीं कि वह लोग बड़े बदकार आदमी थे	जेम्मा सुन्य ज्ञान के साथ, लूट का ज्ञान और ज्ञान में से ज्यादा जड़ था।
1886	1886	1886	Not true, I have never done that!	नहीं, मैं ऐसा कभी किया!	अरे, यह सच नहीं है! मैंने भी ऐसी बातों को नहीं किया!
1887	1887	1887	But the plot didn't end there.	लेकिन साजिश यहीं खत्म नहीं हुई.	पर्ली बैटरी के साथ-साथ।
1888	1888	1888	You're a receptionist.	तुम रिसेप्शनिस्ट हो।	आप एक रिम्पॉइ निर्माता के रिम्पॉइ के रिम्पॉइ के रिम्पॉइ के रिम्पॉइ के रिम्पॉइ के रिम्पॉइ के रिम्पॉइ के रिम्पॉइ के रिम्पॉइ के रिम्पॉइ के रिम्पॉइ के रिम्पॉइ के रिम्पॉइ के रिम्पॉइ के रिम्पॉइ के रिम्पॉइ के रिम्पॉइ के रिम्पॉइ के रिम्पॉइ के रिम्पॉइ के रिम्पॉइ के रिम्पॉइ के रिम्पॉइ के रिम्पॉइ के रिम्पॉइ के रिम्पॉइ के रिम्पॉइ के रिम्पॉइ के रिम्पॉइ के रिम्पॉइ के रिम्पॉइ के रिम्पॉइ के रिम्पॉइ के रिम्पॉइ के रिम्पॉ
1889	1889	1889	General	सामान्य	जैसा कि
1890	1890	1890	Tiger Two's hit.He's going down.	टाइगर दो की hit.He नीचे जा रहा है.	यह शेर का hit है और वह अपने हिस्के से गिर रहा है।
1891	1891	1891	Leave them to eat, and enjoy, and be lulled by hope. They will find out.	छोड़ो उन्हें खाएँ और मज़े उड़ाएँ और (लम्बी) आशा उन्हें भुलावे में डाले रखे। उन्हें जल्द ही मालूम हो जाएगा!	अरे भाई, ये कुछ नहीं कर सकती कि उन्हें खिलौना दें और उन्हें आने दें लेकिन उन्हें चिड़-चट्टनी दें भी नहीं कर सकती कि हो सकेंगी.
1892	1892	1892	Who do you think broke the window?	तुम्हें क्या लगता है? खिड़की किसने तोड़ी है?	जो कोई भी हिंसक गतिविधि का प्रतिवादी हो सकता है|
1893	1893	1893	I love you so much, Madi	मादी, हम तुम्हें बहुत चाहते हैं	मैडी
1894	1894	1894	Cannot create folder in offline mode.	ऑफ़लाइन मोड में फ़ोल्डर नहीं बना सकता.	ऑल्फ़ लोड़ मोड में संस्करण नहीं हो सकता
1895	1895	1895	GTK+ (Application)	GTK अनुप्रयोग	यह जानकारी सुनी शिक्षिति के प्राप्त कार्य के लिए उपयुक्त है। कृपया
1896	1896	1896	Because Grandma is telling me-- all the grandmas, all the friends are saying what a great boy you are.	क्योंकि दादी मां मुझसे कहती हैं-- सभी दादी मां, सभी दोस्त कहते हैं कि तुम कितने अच्छे लड़के हो.	जी हाँ, ग्रामा के जी हाँकी और सभी दोस्तों की बातें यही हैं।
1897	1897	1897	_Company:	कंपनी (_C):	स्टॉक:
1898	1898	1898	He's lost in the mountains with no army.	वह कोई सेना के साथ पहाड़ों में खो जाता है.	अर्मी के साथ जंगल में खो चुके हैं।
1899	1899	1899	It's good...	ये प्यारा है...	जी हूँ...
1900	1900	1900	- I'll fax this down the first thing - Thank you.	~ ~ पहली बात मैं हूँ फैक्स यह नीचे धन्यवाद.	अन्य जानकारी जोड़ या बदले जा सकती है.
1901	1901	1901	"The event ""%1"" includes other people. Do you want to email the invitation to the attendees?"	यह% 1 अन्य व्यक्तियों को भी सम्मिलित करता है. क्या उपस्थिति को ई- मेल भेजा जाना चाहिए?	"प्रतिस्पर्धी ""%1"" के साथ अन्य लोग हैं। हालाँकि, क्या आप व्यक्तियों को ईमानदिटी से प्रतिस्पर्धी के बारे में ईमानदिटी से ईमानदिटी से ईमानदिटी से ईमानदिटी से ईमानदिटी से ईमानदिटी सेन्ट्र की क्रिया के लाभ होते हैं:

1.  संकलन: संकलन के लाभ होते हैं:
2.  सामान्यीकरण: सामान्यीकरण के लाभ होते हैं:
3.  प्रतिस्पर्धी प्रतिभूति के लाभ होते हैं:
4.  प्रतिस्पर्धी प्रतिभूति के लाभ होते हैं:
5.  प्रतिस्पर्धी प्रतिभूति के लाभ होते हैं:
6.  प्रतिस्पर्धी प्रतिभूति के लाभ होते हैं"
1902	1902	1902	Mouse-based interactive map widget for selecting timezone. Keyboard users should instead select the timezone from the drop-down combination box below.	समय क्षेत्र के लिए माउस आधारित अंतःक्रियात्मक मैप विजेट. कुंजीपटल उपयोक्ता को समय क्षेत्र को लटकते संयुक्त बॉक्स से चुनना चाहिए.	विषय-वाली मैप विज़ेट के लिए चुनने के लिए कियुबर, कैबल-युक्त उपयोगकर्ता चुनने के लिए सुनने के लिए भी होते हैं।
1903	1903	1903	Next	अगला	जो कुछ हो सकता
1904	1904	1904	Welcome aboard, dragon rider.	स्वागत हो, ड्रैगन-सवार!	कल आपको कैसे ले जायेगा?
1905	1905	1905	Do you have one that's cheaper?	इससे सस्ता वाला है क्या?	जी हाँ, क्या आपके पास एक cheaper version है?
1906	1906	1906	Comment	टिप्पणी	I don't have any information to share.
1907	1907	1907	Your possessions and your offspring are nothing but a trial for you. And there awaits a great reward for you with Allah.	तुम्हारे माल और तुम्हारी सन्तान तो केवल एक आज़माइश है, और अल्लाह ही है जिसके पास बड़ा प्रतिदान है	जैसा कि आपके प्राप्तियों और बच्चे आपके प्राप्तियों का एक स्थान नहीं हैं, और एक स्थान है जो आपके प्राप्तियों के लिए better होगी |
1908	1908	1908	One of those 26 farms to decide who will be invited to the Best Super Pig Fest in New York City, where it will be unveiled to the world.	उन 26 फ़ार्मों में यह तय करने के लिए कि किसे न्यू यॉर्क सिटी आमंत्रित किया जाए श्रेष्ठतम सूपर सूअर उत्सव के लिए, जहाँ उसे दुनिया के सामने पेश किया जाएगा।	जिस 26 खेतों को निर्णात्मक शिविर में New York City, दिखाया गया था।
1909	1909	1909	Allow Ekiga to fall back to software scaling the picture-in-picture if hardware support is not available. If this is set to false, Ekiga will not try to open the PIP if hardware support is not available.	एकिगा को सॉफ्टवेयर अनुमापन तस्वीर में तस्वीर की ओर ले जाता है यदि हार्डवेयर समर्थन उपलब्ध नहीं है. यदि इसे गलत पर सेट किया जाता है, एकिगा खोलने की कोशिश नहीं करेगा PIP को यदि हार्डवेयर समर्थन अनुपलब्ध है.	जिसेEkिगा दिखानेचे तो हैकि हैया ही नहीं ? जैसे जाये तो कैसे ?
1910	1910	1910	%B %e, %Y at %R UTC	%R UTC पर %B %e, %Y	अनुसार कोई भी विवरण योग्य नहीं होगा
1911	1911	1911	Loading…	लोड किया जा रहा है...	लोडिंग...
1912	1912	1912	In Cameroon, there is only one doctor for every 5,000 people, according to the World Health Organization.	विश्व स्वास्थ्य संगठन के अनुसार, कैमरून में प्रत्येक 5000 व्यक्ति के लिए केवल एक चिकित्सक है।	कमारोन से, केवल 5,000 लोगों के लिए एक ही डॉक्टर है।
1913	1913	1913	Command parameter not implemented	कमांड पैरामीटर लागू नहीं किया गया	कमांड प्रोटोकॉल ने प्राप्त किया
1914	1914	1914	It was the decision of the house that departmental representatives were attending the meeting just to complete the quorum and were not equipped with complete information.	सदन का फैसला था कि विभागीय प्रतिनिधि सिर्फ कोरम पूरा करने के लिए बैठक में आते हैं उन्हें पूरी जानकारी नहीं रहती है।	यह निर्णय घर के विभाग के प्रतिविद्या के कार्य के लिए थे जिसे पूरा करने के लिए कोई भी जानकारी थी तो वो सही नहीं।
1915	1915	1915	"We said, ""David, We have given you mastery over the land. Judge fairly between people. Do not follow your desires, lest they divert you from God's path: those who wander from His path will have a severe punishment, because they ignore the Day of Reckoning."""	"""ऐ दाऊद! हमने धरती में तुझे ख़लीफ़ा (उत्तराधिकारी) बनाया है। अतः तू लोगों के बीच हक़ के साथ फ़ैसला करना और अपनी इच्छा का अनुपालन न करना कि वह तुझे अल्लाह के मार्ग से भटका दे। जो लोग अल्लाह के मार्ग से भटकते है, निश्चय ही उनके लिए कठोर यातना है, क्योंकि वे हिसाब के दिन को भूले रहे।-"	जिस्म में पड़ता तो विदे!
1916	1916	1916	- [ RIFLE SHOT ] - [ SCREAMS ]	- [राइफल शॉट] - [चिल्लाती]	अरे, लेकिन, [रिफ्लैश] - [स्क्रील]
1917	1917	1917	Prev mesg	पिछला संदेश	I don't have any other options for this text.
1918	1918	1918	Mute	मूक	बोले
1919	1919	1919	New _Incognito Window	नई गुप्त विंडो (_I)	कोई
1920	1920	1920	Name	नाम	मूल
1921	1921	1921	Remove current view of the document	हटाएँ का दस्तावेज़	बिलकुल इस प्रकृति का पूर्ण प्राप्तिका नहीं हो सकता यथा किसी भी जानकारी को जापानी पूर्णतः हो सकता e.g.
1922	1922	1922	- Help her out.	- उसकी मदद से बाहर.	- यह सुनने के लिए तैयार है.
1923	1923	1923	"When Moses had fulfilled the term and was journeying with his family, he perceived a fire in the direction of the Mount (Sinai). He said to his family: ""Wait here; I have observed a fire. Maybe I will bring to you some news or a brand of fire from there that you may warm yourselves."""	ग़रज़ मूसा का छोटी लड़की से निकाह हो गया और रहने लगे फिर जब मूसा ने अपनी (दस बरस की) मुद्दत पूरी की और बीवी को लेकर चले तो अंधेरीरात जाड़ों के दिन राह भूल गए और बीबी सफ़ूरा को दर्द ज़ेह शुरु हुआ (इतने में) कोहेतूर की तरफ आग दिखायी दी तो अपने लड़के बालों से कहा तुम लोग ठहरो मैने यक़ीनन आग देखी है (मै वहाँ जाता हूँ) क्या अजब है वहाँ से (रास्ते की) कुछ ख़बर लाऊँ या आग की कोई चिंगारी (लेता आऊँ) ताकि तुम लोग तापो	जैसा कि मoses ने सम्मीर्तता पूरी कर दी और अपने परिवार के साथ अपनी यात्रा शुरू कर दी थीं, वे दोना मुस्कीर्तता के सामान्य पद थीं.
1924	1924	1924	Your emails	raviratlami@ aol. in, rajesh@ indlinux. in	आपके ईमेल
1925	1925	1925	Specify file containing saved configuration	सहेजा विन्यास समाहित करता फ़ाइल निर्दिष्ट करें	Saved configuration का एक फ़ायल है
1926	1926	1926	Are you sure you want to debug a program not using the Debug configuration? When optimizations are enabled, the debugger cannot always identify the source code corresponding to the instructions, so some commands can perform in a strange way, especially steps.	को डिबग a प्रोग्राम नहीं प्रयोग कर रहा है दोषसुधार विन्यास नहीं सक्षम श्रोत कोड को कुछ कमांड इंच a चरण.	जी हाँ!
1927	1927	1927	- It happens. - Whoa.	थोड़ा रुको.	सब कुछ होता है। - जो जाता है। - जो वाह।
1928	1928	1928	Drop the sensor. TREVOR: What?	लेफ्टिनेंट बिजली को आकर्षित कर रहा है!	अनुपमान: क्या?
1929	1929	1929	Next month	अगला माह	जो साल का महीना है, उस साल का महीना है।
1930	1930	1930	Then we'll go. Baby, what if this place belongs to some kind of cult?	बेबी, अगर यह जगह किसी विचित्र-पंथियों की हुई तो?	इसके बाद हम जा रहे लोगों के उत्तर होगा-जिस प्रकृति का साथ है ये स्थान भी belongs का?
1931	1931	1931	Sort of like humongous fungus.	humongous कवक की तरह के आधार पर छाँटें.	मामूली से जितना नहीं।
1932	1932	1932	- Another £200.	- और 200 पाउंड।	-अन्य £200।
1933	1933	1933	Don't...don't do anything to me	... मेरे पास कुछ भी नहीं है नहीं है	मैं नहीं किया भी चीज़ के लिए
1934	1934	1934	"Say: ""Who is (the) Lord of the seven heavens, and (the) Lord of the Great Throne?"""	"कहो, ""सातों आकाशों का मालिक और महान राजासन का स्वामीकौन है?"""	जो कि (लॉर्ड ऑफ) दिए सांगति है, और (लॉर्ड ऑफ) दिए सांगति है, (लॉर्ड ऑफ) दिए सांगति है, (लॉर्ड ऑफ) दिए सांगति है, (लॉर्ड ऑफ) दिए सांगति है, (लॉर्ड ऑफ) दिए सांगति है, (लॉर्ड ऑफ) दिए सांगति है, (लॉर्ड ऑफ) दिए सांगति है, (लॉर्ड ऑफ) दिए सांगति है, (लॉर्ड ऑफ) दिए सांगति है, (लॉर्ड ऑफ) दिए सांगति है, (लॉर्ड ऑफ) दिए सांगति है, (लॉर्ड ऑफ) दिए सांगति है, (लॉर्ड ऑफ) दिए सांगति है, (लॉर्ड ऑफ) दिए सांगति है, (लॉर्ड ऑफ) दिए सांगति है, (लॉर्ड ऑफ) दिए सांग
1935	1935	1935	No burner specified	कोई बर्नर निर्दिष्ट नहीं	No भू-मंडल से स्पंदहित हो
1936	1936	1936	Oh, my God.	ओह, मेरे भगवान.	अरे, जी!
1937	1937	1937	Publishing Author	प्रकाशक लेखकPermissionsLevel	प्रकाशन पात्र
1938	1938	1938	I can't change what I did.	मैं नहीं बदल सकते कि मैं क्या किया।	मैं कुछ नहीं कर सकता क्योंकि
1939	1939	1939	Background Color Set	पृष्ठभूमि रंग नियत है	जड़ी हुईलें
1940	1940	1940	You know what that key is for?	आप कुंजी के लिए है कि क्या जानते हैं?	जाने के लिए कि?
1941	1941	1941	OI, DON'T BE MAD.	ओय, पागल मत बनो.	बिल्कुल, तुम बिल्कर न हो.
1942	1942	1942	Rimgale's gonna wanna talk to Swayzak about this.	इस बारे में Swayzak को Rimgale वाला बात करना चाहता हूँ.	रिम्जेल के कुछ सwayzak से मिलेंगा।
1943	1943	1943	Attack him from behind.	पीछे से मार.	अर्जन से him पर धक्क के से बताना सहायक होगा।
1944	1944	1944	Select all visible contacts	सभी दृश्य संपर्कों को चुनें	अरे
1945	1945	1945	Have you not considered that Allah knows what is in the heavens and what is on the earth? There is in no private conversation three but that He is the fourth of them, nor are there five but that He is the sixth of them - and no less than that and no more except that He is with them [in knowledge] wherever they are. Then He will inform them of what they did, on the Day of Resurrection. Indeed Allah is, of all things, Knowing.	क्या तुमको मालूम नहीं कि जो कुछ आसमानों में है और जो कुछ ज़मीन में है (ग़रज़ सब कुछ) ख़ुदा जानता है जब तीन (आदमियों) का ख़ुफिया मशवेरा होता है तो वह (ख़ुद) उनका ज़रूर चौथा है और जब पाँच का मशवेरा होता है तो वह उनका छठा है और उससे कम हो या ज्यादा और चाहे जहाँ कहीं हो वह उनके साथ ज़रूर होता है फिर जो कुछ वह (दुनिया में) करते रहे क़यामत के दिन उनको उससे आगाह कर देगा बेशक ख़ुदा हर चीज़ से ख़ूब वाक़िफ़ है	English to Hindi रूप में अनुसार किए गए वाक्यों का संक्षिप मान्य है।
1946	1946	1946	They're trying to burn us out.	हमें जलाकर मारने में लगे हैं.	यह उनकी मात्रा से प्रभावित हो कि वे हमें कैसे प्रभावित करने के कारण बता रहे हैं।
1947	1947	1947	"We would be inventing lies against God if we returned to your faith after God has delivered us from it. It is not for us to return to it unless God our Lord so willed. Our Lord encompasses all things in His knowledge. We have put our trust in God. Our Lord, expose the truth [and judge] between us and our people, You are the best judge."""	"""हम अल्लाह पर झूठ घड़नेवाले ठहरेंगे, यदि तुम्हारे पन्थ में लौट आएँ, इसके बाद कि अल्लाह ने हमें उससे छुटकारा दे दिया है। यह हमसे तो होने का नहीं कि हम उसमें पलट कर जाएँ, बल्कि हमारे रब अल्लाह की इच्छा ही क्रियान्वित है। ज्ञान की स्पष्ट से हमारा रब हर चीज़ को अपने घेरे में लिए हुए है। हमने अल्लाह ही पर भरोसा किया है। हमारे रब, हमारे और हमारी क़ौम के बीच निश्चित अटल फ़ैसला कर दे। और तू सबसे अच्छा फ़ैसला करनेवाला है।"""	"Today Date: 13 May 2026

Translate following English to Hindi text:
Source:"
1948	1948	1948	[shrieks and laughter]	[चिल्‍लाहट और हंसी]	अरे फिर कुछ भी हटा दे दे |
1949	1949	1949	Bring me my gun! Riflemen, assemble here!	वे दूर नहीं मिलेगा!	मेरे सिर्फ एक गन ले! रIFLEर, असेम्ली है लेकिन...
1950	1950	1950	Yourjob will be done, you go!	तुम्हारा काम हो जाएगा, तुम जाओ!	आपकी जॉब की सामरिका होगी!
1951	1951	1951	For all that they used to do.	जो कुछ वे करते रहे।	यह सभी उन things होते थे जो वे करते थे।
1952	1952	1952	Maybe we can help his family out.	शायद हम उसके परिवार की मदद कर सकते हैं.	कोई भी उसके परिवार को सहारणे दे सकते हैं।
1953	1953	1953	America/ Argentina/ Buenos_Aires	अमेरिका/ अरजेटीना/ बुएनॉस_ एरिस	यूएस/र्स/बू/एर्स
1954	1954	1954	You've found a baby before?	तुम से पहले एक बच्चे को देखा है?	नहीं किया होगी?
1955	1955	1955	Resign	छोड़ें	रिज़सन
1956	1956	1956	RAY?	रे?	रेड?
1957	1957	1957	(VALENTINE HUMMING)	(वेलेंटाइन गुनगुना)	(सटीकता) , (सफलतात्मकता) और (सतनात्मकता) के लिए स्पष्ट है (निर्णयीय) , (सहस्रकीय) , (सहस्यत्मक) , (सतनात्मक) , (सत्यकृत्मक) , (सतनात्मक) , (सत्यकृत्मक) , (सतनात्मक) , (सत्यकृत्मक) , (सतनात्मक) , (सत्यकृत्मक) , (सतनात्मक) , (सत्यकृत्मक) , (सतनात्मक) , (सत्यकृत्मक) , (सतनात्मक) , (सत्यकृत्मक) , (सतनात्मक) , (सत्यकृत्मक) , (सतनात्मक) , (सत्यकृत्मक) , (सतनात्मक) , (सत्यकृत्मक) , (सतनात्मक) , (सत्यकृत्मक) , (सतनात्मक) , (सत्यकृत्मक) , (सतनात्मक) , (सत्यकृत्मक) , (सतनात्मक) , (सत्यकृत्मक) , (सतनात
1958	1958	1958	LORD	दोरादोConstellation name (optional)	लॉर्ड के लिखित है।
1959	1959	1959	"God said, ""The land is forbidden to them for forty years, while they wander around the earth, bewildered; do not grieve over these wicked people."""	हमारा उनका साथ नहीं हो सकता (ख़ुदा ने फ़रमाया) (अच्छा) तो उनकी सज़ा यह है कि उनको चालीस बरस तक की हुकूमत नसीब न होगा (और उस मुद्दते दराज़ तक) यह लोग (मिस्र के) जंगल में सरगरदॉ रहेंगे तो फिर तुम इन बदचलन बन्दों पर अफ़सोस न करना	जपान ने 40 वर्ष तक यह गलि की जाती रहेगी और वह लोगों को यह गलि की जाती रहेगी और वे लोगों को यह गलि की जाती रहेगी
1960	1960	1960	No, no, do not shoot him.	नहीं, नहीं, उसे गोली मार नहीं है!	अरे, नहीं, नहीं, किसी को निश्चित रूप से मारने की सलग नहीं होती हैं।
1961	1961	1961	Of course not, but you do need someone to set up the tax-free gift?	बेशक नहीं. लेकिन किसी की जरूरत है जो तुम्हारे कर मुफ्त उपहार की व्यवस्था करे.	ज़रूर नहीं, लेकिन टैक्स फ़्री गिफ़्ट के लिए कोई हो लेकिन वह हो ना सके लेकिन सुने |
1962	1962	1962	- Yeah.	- हाँ.	जी हुआ।
1963	1963	1963	That was the best I've ever had.	मैंने इससे बेहतर गोश्त कभी नहीं खाया।	मैंने भी पहली बार इसे ली थी।
1964	1964	1964	Whole project; Drop a file here or type a path to view a file or folder log	छोडें a फ़ाइल या क़िस्म a को a फ़ाइल या	यह पूरी प्रोजेक्ट; डब्लक पेज/प्रोडेट या फायर्ड लॉग
1965	1965	1965	Role	भूमिका	मार्ग
1966	1966	1966	- You should be grateful, right?	- तुम सही, आभारी होना चाहिए?	जी हाँ, जी हाँ
1967	1967	1967	Is it wrong for me to touch you?	Is it wrong for me to touch you?	जी हाँ, यह नहीं है कि आपके पास ना से कोई हो सकता और न से हो सकता भी हो सकता और न से हो सकता हो सकते और न से हो सकता हो सकती और न से हो सकता हो सकते और न से हो सकता हो सकती और न से हो सकता हो सकते और न स = ?
1968	1968	1968	Thank you. - I'd like to explain...	धन्यवाद, मैं ऐसा करने के लिए समझाने के लिए चाहते हैं...	बिल्कुल. - मैं ज्यादूर से जड़ से...
1969	1969	1969	Have they not travelled in the land and seen what was the end of those who were before them? They were superior to them in strength, and in the traces (which they left) in the land. But Allah seized them with punishment for their sins. And none had they to protect them from Allah.	क्या उन लोगों ने रूए ज़मीन पर चल फिर कर नहीं देखा कि जो लोग उनसे पहले थे उनका अन्जाम क्या हुआ (हालाँकि) वह लोग कुवत (शान और उम्र सब) में और ज़मीन पर अपनी निशानियाँ (यादगारें इमारतें) वग़ैरह छोड़ जाने में भी उनसे कहीं बढ़ चढ़ के थे तो ख़ुदा ने उनके गुनाहों की वजह से उनकी ले दे की, और ख़ुदा (के ग़ज़ब से) उनका कोई बचाने वाला भी न था	"मूल्य:
क्या नहीं प्रायोगिताएँ उन देशों में हुईं और उन्हों दिन देखे से पहले? नहीं थीं उन प्रगतिशील पात्रियों की थीं जिनसे उन्हें दंडित किया गया था और न हीं उन्हें संरक्षित किया गया था।"
1970	1970	1970	- my name is doctor..	- मेरा नाम डॉक्टर है ..	मेरा नाम डॉक्टर है..
1971	1971	1971	"Each messenger said, ""What if I should bring you better guidance than what you found your forefathers had?"" They replied, ""We reject any message you have been sent with!"""	(इस पर) उनके पैग़म्बर ने कहा भी जिस तरीक़े पर तुमने अपने बाप दादाओं को पाया अगरचे मैं तुम्हारे पास इससे बेहतर राहे रास्त पर लाने वाला दीन लेकर आया हूँ (तो भी न मानोगे) वह बोले (कुछ हो मगर) हम तो उस दीन को जो तुम देकर भेजे गए हो मानने वाले नहीं	जैसे के प्रतिवादी कहलाते हैं, “अगर हम चलाने वाले बेहतर सुविधि प्रदान करें कि हमें यह नहीं बताएं कि हम चलाने वाले बेहतर सुविधि प्रदान करेंगी.”
1972	1972	1972	AUTOMATED VOICE:	मैं स्वचालित आवाज:	बिजली से चली गाड़ी:
1973	1973	1973	User:	उपयोक्ता:	"Hindi:
यूज़र:"
1974	1974	1974	Number	क्रमांक	1
1975	1975	1975	Little unnatural.	लिटिल अप्राकृतिक.	सबस तो सही है।
1976	1976	1976	Thanks a lot, Bin Laden.	क्या कोई payphone बैंक?	बिनलैडिन.
1977	1977	1977	“O my people! I fear for you a day on which will be a great outcry!”	और ऐ हमारी क़ौम मुझे तो तुम्हारी निस्बत कयामत के दिन का अन्देशा है	“मेरी लोकी! मुझे यह दिन के जो के विवाद हो सकते तो मेरी लाइबरी हो सकते तो मेरी सुकृत्त भी हो सकते।
1978	1978	1978	Enter Passphrase for %s	%s के लिए कूटशब्द डालें	% से पास प्र्स हिस्टवर्टी
1979	1979	1979	Then on the Day of Resurrection you will contend before your Lord.	और ये लोग भी यक़ीनन मरने वाले हैं फिर तुम लोग क़यामत के दिन अपने परवरदिगार की बारगाह में बाहम झगड़ोगे	तो प्रल्प के दिन पुनर्जनस के बारे में तुम्हें बताने योग्य होगा कि तुम्हें प्रल्प के दिन पुनर्जनस के बारे में जानकारी देने योग्य है।
1980	1980	1980	But I can't help falling in love with you.	लेकिन मैं तुमसे प्‍यार करने के लिए मजबूर हूं.	मैं आपको इस प्यार में लिखने की क्षमता के लाभ हो सकते हैं।
1981	1981	1981	Well, lots of people saw him or claimed that they saw him.	या वे उसे देखा कि दावा किया ठीक है, बहुत से लोग उसे देखा.	किसी भी जानकारी जोड़न, रोकने, या बदलने की कोई कार्य विशिष्ट और विविध है।
1982	1982	1982	Beautified for men is the love of things they covet; women, children, much of gold and silver (wealth), branded beautiful horses, cattle and well-tilled land. This is the pleasure of the present world's life; but Allah has the excellent return (Paradise with flowing rivers, etc.) with Him.	मनुष्यों को चाहत की चीजों से प्रेम शोभायमान प्रतीत होता है कि वे स्त्रिमयाँ, बेटे, सोने-चाँदी के ढेर और निशान लगे (चुने हुए) घोड़े हैं और चौपाए और खेती। यह सब सांसारिक जीवन की सामग्री है और अल्लाह के पास ही अच्छा ठिकाना है	किसी भी जाति के लिए यह सुनने या सुनने के कार्य है कि वे इस मुक्ति के प्रलाप (त्याग) को भी मुक्ति से मिल सकते हैं।
1983	1983	1983	"Aaron said, ""Son of my mother! Do not seize me by my beard nor by my head. I was afraid that you would say, 'You have caused dissension among the Children of Israel and did not pay heed to my words.'"""	"उसने कहा, ""ऐ मेरी माँ के बेटे! मेरी दाढ़ी न पकड़ और न मेरा सिर! मैं डरा कि तू कहेंगा कि तूने इसराईल की सन्तान में फूट डाल दी और मेरी बात पर ध्यान न दिया।"""	"अरॉन ने कहा, ""मेरी माता-पिता! किसी मेरे पैरों से न ही ले ले, न ही मुझे ध्यान देने दूर है।"""
1984	1984	1984	Miss you a lot.	आपकी बहुत याद आती है।	मिस यू मी यू सो यू।
1985	1985	1985	Are they jealous of the favors that God has done to some people? We have given to the family of Abraham the Book, Wisdom, and a great Kingdom.	या ख़ुदा ने जो अपने फ़ज़ल से (तुम) लोगों को (कुरान) अता फ़रमाया है इसके रश्क पर चले जाते हैं (तो उसका क्या इलाज है) हमने तो इबराहीम की औलाद को किताब और अक्ल की बातें अता फ़रमायी हैं और उनको बहुत बड़ी सल्तनत भी दी	जिस्मों के लोग चतुर्मुखी हैं वे ऐसी भाषा जिसे भावुक हो सके।
1986	1986	1986	He was on the president's protection detail for a few years.	वह कुछ साल के लिए राष्ट्रपति की सुरक्षा विस्तार पर था.	कुछ सालों तक राष्ट्र के प्रेसीडेंसी डिटेल के तहत थे
1987	1987	1987	Keep rowing man.	रेमा आदमी, तेजी से...	यह जानने के लिए तो नहीं!
1988	1988	1988	Unicode (UTF-3_2 LE)	यूनिकोड (UTF-3_2 LE)	अन्य (यू.टी.फ.3.2. L.))
1989	1989	1989	No, no, Let it be!	नहीं, नहीं, रहने दो!	अरे, नहीं, नतीज़ के दिल से!
1990	1990	1990	- LOLA: No!	- लोला नहीं!	एक से एक हो सकते हैं, इसमें ज्यादातार हो सकते हैं, इसमें साधारण हो सकते हैं, इसमें विशिष्ट हो सकते हैं।
1991	1991	1991	He said to his slaves, “Place their means back into their sacks, perhaps they may recognise it when they return to their homes, perhaps they may come again.”	"उसने अपने सेवकों से कहा, ""इनका दिया हुआ माल इनके सामान में रख दो कि जब ये अपने घरवालों की ओर लौटें तो इसे पहचान लें, ताकि ये फिर लौटकर आएँ।"""	यह कहते की उनस्वामित्व वाले लोगों को उनके means पास कर देंगे कि वे लोग जब वापसी पर वापस करेंगे तो क्या परीक्षण के परिणाम स्थानीय होंगे कि वे लोग किसी परीक्षण के परिणाम स्थानीय होंगे कि वे लोग जब वापसी पर वापस करेंगे तो क्या परीक्षण के परिणाम स्थानीय होंगे।
1992	1992	1992	After them We sent Moses with Our signs to Pharaoh and his chiefs. But they willfully rejected them. Consider the end of the evil-doers.	फिर उनके पश्चात हमने मूसा को अपनी निशानियों के साथ फ़िरऔन और उसके सरदारों के पास भेजा, परन्तु उन्होंने इनकार और स्वयं पर अत्याचार किया। तो देखो, इन बिगाड़ पैदा करनेवालों का कैसा परिणाम हुआ!	अरे, ये कि हमारे संकेतों को फिर्माने वाले मoses के राज्यों के लिए हमेशा संकेत होते थे।
1993	1993	1993	I don't understand how you can work for Steve Gray.	मैं आप स्टीव ग्रे के लिए कैसे काम कर सकते समझ में नहीं आता.	मैं नहीं समझता कि आप स्टevी ग्रैह के लिए क्या काम कर रहे हैं।
1994	1994	1994	Do you feel like that?	- क्या ऐसा लग रहा है? - नहीं.	No.
1995	1995	1995	Do they not see that Allah enlarges the provision for whom He wills and straitens (it for whom He wills). Verily, in that are indeed signs for a people who believe.	क्या उन लोगों ने (इतना भी) ग़ौर नहीं किया कि खुदा ही जिसकी रोज़ी चाहता है कुशादा कर देता है और (जिसकी चाहता है) तंग करता है-कुछ शक नहीं कि इसमें ईमानरदार लोगों के वास्ते (कुदरत ख़ुदा की) बहुत सी निशानियाँ हैं	जिन्हें नहीं देख सकते हैं कि वे विश्वास रखते हैं। तथा जिन्हें नहीं देख सकते हैं कि वे सोच सकते हैं कि Allah इसे विशिष्ट कर रहे हैं |
1996	1996	1996	"Say: 'Who is the Lord of the heavens and the earth' Say: 'Allah' Say: 'Why then have you chosen guardians other than Him, even though they have neither the power to benefit nor harm themselves' Say: 'Are the blind and the seeing equal? Are darkness and light equal? Or, have they ascribed to Allah associates who create as He creates so that all creation is alike to them?"" Say: 'Allah is the Creator of everything. He is the One, the Conqueror'"	"कहो, ""आकाशों और धरती का रब कौन है?"" कहो, ""अल्लाह"" कह दो, ""फिर क्या तुमने उससे हटकर दूसरों को अपना संरक्षक बना रखा है, जिन्हें स्वयं अपने भी किसी लाभ का न अधिकार प्राप्त है और न किसी हानि का?"" कहो, ""क्या अंधा और आँखोंवाला दोनों बराबर होते है? या बराबर होते हो अँधरे और प्रकाश? या जिनको अल्लाह का सहभागी ठहराया है, उन्होंने भी कुछ पैदा किया है, जैसा कि उसने पैदा किया है, जिसके कारण सृष्टि का मामला इनके लिए गडुमडु हो गया है?"" कहो, ""हर चीज़ को पैदा करनेवाला अल्लाह है और वह अकेला है, सब पर प्रभावी!"""	"यह कहन चाहिए, निम्नलिखित विशिष्ट कार्यकर्ता से जुड़ सकते हैं:

जगत के संकट को दूर करने में सहयोगी हैं:
जगत के संकट को दूर करने में सहयोगी हैं:
जगत के संकट को दूर करने में सहयोगी हैं:
जगत के संकट को दूर करने में सहयोगी हैं:
जगत के संकट को दूर करने में सहयोगी हैं:
जगत के संकट को दूर करने में सहयोगी हैं:
जगत के संकट को दूर करने में सहयोगी हैं:
जगत के संकट को दूर करने में सहयोगी हैं:
जगत के संकट को दूर करने में सहयोगी हैं:
जगत के संकट को दूर करने में सह"
1997	1997	1997	-(CELL PHONE RINGING)	(सेल फोन बज)	इसके संक्षल हैं।
1998	1998	1998	Yeah, smoke it up there, uh, Skippy.	- हाँ, धूंए में उड़ा दो, मेरे शेर.	जी है, को धुआलु कर दिया है। स्किपी था।
1999	1999	1999	Ctrl-click to open a link	लिंक को खोलने के लिए Ctrl क्लिक करें	मार्केटिंग से नहीं लेें,
