	Unnamed: 0.1	Unnamed: 0	Source_Dialogue	Reference	MT
0	0	0	Give shots of injections or pills, but he must be alright soon.	सुई लगाओ या गोली खिलाओ लेकिन इसे जल्दी से ठीक करो.	दृश्य में शॉट्स या इंजेक्शन्स, न कर पाएँ कि जलने वाला हो.
1	1	1	They said, “O Shuaib, we do not understand much of what you say, and we see that you are weak among us. Were it not for your tribe, we would have stoned you. You are of no value to us.”	और वह लोग कहने लगे ऐ शुएब जो बाते तुम कहते हो उनमें से अक्सर तो हमारी समझ ही में नहीं आयी और इसमें तो शक नहीं कि हम तुम्हें अपने लोगों में बहुत कमज़ोर समझते है और अगर तुम्हारा क़बीला न होता तो हम तुम को (कब का) संगसार कर चुके होते और तुम तो हम पर किसी तरह ग़ालिब नहीं आ सकते	यह कहशुआब, हमें आपकी बात नहीं लगी और हम देखा गया कि आपके पूर्वज में ज्यादा सामरिटarian संघर्वितता थी और हम देखा गया कि आपके पूर्वज में कम सामरिटarian संघर्वितता थी।
2	2	2	- Yeah.	- हाँ.	जी हाँ।
3	3	3	If evil befalls him he is perturbed;	जि उसे तकलीफ़ पहुँचती है तो घबरा उठता है,	अगरहत्प्रभाव हो सकता है
4	4	4	♪ BE FOREVER BOUND	♪हमेशाके लिएबाध्यहोने	प्रिया बी फ़्री बाउन्ड
5	5	5	Trying to movemail a non-mbox source '%s'	एक गैर-mbox स्रोत '%s' में डाक भेजने की कोशिश	मैसेज सोर्स ‘%s’ से
6	6	6	Image histogram adjust levels plugin for digiKam	डिज़ीकैम के लिए इमेज़ हिस्टोग्राम एडजस्ट लेवल्स प्लगइन	जिस तरह से निर्देश का स्थानांतरण किया जा सकता है, उसी तरह से प्लगged काम किया जा सकता है।
7	7	7	She took every able-bodied man and went to kill the Forest Spirit.	- लेडी Eboshi कहां है? हर आदमी है जो स्थानांतरित कर सकता लिया और हिरण भगवान को मारने के लिए चला गया.	वे हर सक्षम व्यक्ति को जंगल के विद्यार्थी को मारने के लिए मजबूर कर चुके थे.
8	8	8	My mother's from Sweden.	वो मेरी माँ है.	स्वीडन से मेरी माता-पिता की
9	9	9	Say: Shall I tell you what is better than these? For those who guard (against evil) are gardens with their Lord, beneath which rivers flow, to abide in them, and pure mates and Allah's pleasure; and Allah sees the servants.	(ऐ रसूल) उन लोगों से कह दो कि क्या मैं तुमको उन सब चीज़ों से बेहतर चीज़ बता दूं (अच्छा सुनो) जिन लोगों ने परहेज़गारी इख्तेयार की उनके लिए उनके परवरदिगार के यहॉ (बेहिश्त) के वह बाग़ात हैं जिनके नीचे नहरें जारी हैं (और वह) हमेशा उसमें रहेंगे और उसके अलावा उनके लिए साफ सुथरी बीवियॉ हैं और (सबसे बढ़कर) ख़ुदा की ख़ुशनूदी है और ख़ुदा (अपने) उन बन्दों को खूब देख रहा हे जो दुआऐं मॉगा करते हैं	यह कहें: क्या मैं आपको बता सकता हूँ कि इनमें से बेहतर क्या है? जो लोग (दुष्ट) से बचत (रक्त) करते हैं, उसके नीच पर जो रिवेंट (प्रत्युत्त) करते हैं, उसे पर्याय माना है।
10	10	10	Is it cool like Phil's?	यह अच्छा है फिल की तरह है?	जैसा है फिल के?
11	11	11	Whether the current stream is seekable	क्या मौजूदा स्ट्रीम seekable है	जैसा है कि इस स्ट्रीम को पाने के लिए है
12	12	12	You let two unknown men enter this house uninvited.	आप दो अज्ञात पुरुषों इस घर बिन बुलाए दर्ज करें.	आप दो अज्ञक मैन भी इस घर में बिना जाते पाए.
13	13	13	This whole situation is completely fucked.	यह पूरी स्थिति पूरी तरह से गड़बड़ है.	इस सबब से जुड़ी सभी स्थितियाँ पूरी तरह से फ़ॉकड़ा हो गई है।
14	14	14	Google Talk Home Name 3	गूगल टाक होम नाम 3	यह साँपों के चूर्ण से बने एक प्रकार से बुलाये जाने वाले व्यक्त के पास 3
15	15	15	All prisoners report for Lockdown.	सभी कैदी लॉकडाउन के लिए रिपोर्ट करो.	लॉकडाउट के समय से सभी को कोर्ट के लिए अपना पास कर दिया हो
16	16	16	Did not the disbelievers observe that the heavens and the earth were together, so We parted them, and we made every living thing from water? So will they not accept faith?	जो लोग काफिर हो बैठे क्या उन लोगों ने इस बात पर ग़ौर नहीं किया कि आसमान और ज़मीन दोनों बस्ता (बन्द) थे तो हमने दोनों को शिगाफ़ता किया (खोल दिया) और हम ही ने जानदार चीज़ को पानी से पैदा किया इस पर भी ये लोग ईमान न लाएँगे	जिस तरह से ईमानदार लोगों ने आकाश और पृथ्वी को एक साथ दिए, उन्हें ऐसा लगने के लिए भी नहीं कि वे सही कह सकते हैं।
17	17	17	Turn the siren off.	आप ठीक हो जाएगा रहे हैं, अरे नहीं;	सीनर को वापस कर दे.
18	18	18	Name:	नाम: Refresh every [NUMERIC_ENTRY] [TIME_UNITS_COMBO]	नाम:
19	19	19	We should go to a hospital.	हम एक अस्पताल जाना चाहिए।	हमें अस्पताल जाना चाहिए।
20	20	20	Whoa! So... What is your...	तो तुम्हारी योजना क्या है?	रोलिं.
21	21	21	I'm not going to drink it.	मैं इसे पीने के लिए नहीं जा रहा हूँ।	मैं नहीं कहूँ कि उसे पीने के लिए जोखिम नहीं उठात.
22	22	22	Do they say: “He has forged a lie against Allah?” If Allah so wanted He could seal up your heart. Allah blots out falsehood and confirms the truth by His Words. He is well aware of all the secrets hidden in the breasts (of people).	क्या ये लोग (तुम्हारी निस्बत कहते हैं कि इस (रसूल) ने ख़ुदा पर झूठा बोहतान बाँधा है तो अगर (ऐसा) होता तो) ख़ुदा चाहता तो तुम्हारे दिल पर मोहर लगा देता (कि तुम बात ही न कर सकते) और ख़ुदा तो झूठ को नेस्तनाबूद और अपनी बातों से हक़ को साबित करता है वह यक़ीनी दिलों के राज़ से ख़ूब वाक़िफ है	अस्पष्ट हो सकता हूँ कि अल्लाह ने इस विवरण को संशोधित करने के लिए कहा हो |
23	23	23	No, but I traded the BMW in for a Mercedes four fucking weeks ago, remember?	लेकिन मर्सिडीज़ के लिए उसका सौदा किया था। याद है चार हफ़्ते पहले।	जी, लेकिन मैं बीएमवी को डब्ल्क्स बेज़ के लिए तोपन तो नह करूँ?
24	24	24	- No. Not here!	- यहाँ नहीं नहीं!	- यहाँ नहीं!
25	25	25	It shall insistently summon him who turned his back and retreated,	(और) उन लोगों को अपनी तरफ बुलाती होगी	यह दृढ़ता राजकुमार को राजकुमारी के स्वरूप में अपने राजकुमारी के स्वरूप में अपने राजकुमारी के स्वरूप में अपने राजकुमारी के स्वरूप में अपने राजकुमारी के स्वरूप में अपने राजकुमारी के स्वरूप में अपने राजकुमारी के स्वरूप में अपने राजकुमारी के स्वरूप में अपने राजकुमारी के स्वरूप में अपने राजकुमारी के स्वरूप में अपने राजकुमारी के स्वरूप में अपने राजकुमारी के स्वरूप में अपने राजकुमारी के स्वरूप में अपने राजकुमारी के स्वरूप में अपने राजकुमारी के स्वरूप में अपने राजकुमारी के स्वरूप में अपने राजक
26	26	26	And we've gathered around for that.	और हम उसके लिए चारों ओर इकट्ठा किया है।	और हम सभी एक साथ इका रहे हैं ।
27	27	27	MURPH:	MURPH:	डब्ल्यू:
28	28	28	And the mountains – how they have been established?	और पहाड़ों की तरफ़ कि किस तरह खड़े किए गए हैं	और वे -किस प्रकार से बने हैं?
29	29	29	Bold	गाढ़ा	"कहाँ:
जैसा:
बढ़िरूँगे"
30	30	30	And he is going to say the word that I have prepared for you.	और वह मैं आप के लिए तैयार किया है कि शब्द कहने जा रहा है.	और वे तो बताएँगे शब्द जिसे मैंने प्राप्त किया था वे वे वो भी हो सकते हैं कि मैंने तैयार किया था वे वो भी हो सकते हैं।
31	31	31	Configure external packages	कॉन्फ़िगर संकुल	बाहर के पैकेज कॉन्फर्म करना
32	32	32	The bank, which declined to comment on the suspensions, confirmed this month that it has received requests for information from regulators.	बैंक ने निलम्बन के बारे में टिप्पणी करने से इन्कार करते हुए पुष्टि की है कि बैंक को इस महीने विनियामकों से सूचना के लिए अनुरोध प्राप्त हुआ है।	डब्ल्यू.टी., जिसने इस संबंध में कोई कम्टेंट किए, उसे इस साल में इस माह में कहा गया कि वे इस प्रक्रिया से भी पहले तो दिए रहे, बल्कि इस प्रक्रिया से भी पहले तो दिए रहे,
33	33	33	What! Do those who seek after evil ways think that We shall hold them equal with those who believe and do righteous deeds,- that equal will be their life and their death? Ill is the judgment that they make.	जो लोग बुरा काम किया करते हैं क्या वह ये समझते हैं कि हम उनको उन लोगों के बराबर कर देंगे जो ईमान लाए और अच्छे अच्छे काम भी करते रहे और उन सब का जीना मरना एक सा होगा ये लोग (क्या) बुरे हुक्म लगाते हैं	अरे, क्या वे जो दोषीय तरीकों से जाते हैं, वे जो विधि से जाते हैं, वे सभी विधि से जाते हैं और सभी विधि से जाते हैं साथ हि कुछ लोग जो कुछ भी हो सकता है, वो ही नहीं।
34	34	34	Ignore him. He's senile.	ये तो सठीया गए हैं	इस प्रकार कार्यवान है।
35	35	35	Failed to get the DN for user '%s'	DN को उपयोक्ता '%s' के लिए पाने में विफल	उपसंग्रह के लिए डी.एन. पी./सी.
36	36	36	Your names	EMAIL OF TRANSLATORS	पहचान
37	37	37	translator-credits	राजेश रंजन (rajeshkajha@yahoo.com, rranjan@redhat.com)%d hit(s) on this page	जिस प्रक्रिया या प्रयोग के प्रतिक्रिया के समय से पहले किसी व्यक्ति से प्रतिक्रिया या प्रयोग के प्रतिक्रिया के समय से पहले किसी व्यक्ति से प्रतिक्रिया या प्रयोग के प्रतिक्रिया के समय से पहले किसी व्यक्ति से प्रतिक्रिया या प्रयोग के प्रतिक्रिया के समय से पहले किसी व्यक्ति से प्रतिक्रिया या प्रयोग के प्रतिक्रिया के समय से पहले किसी व्यक्ति से प्रतिक्रिया या प्रयोग के प्रतिक्रिया के समय से पहले किसी व्यक्ति से प्रतिक्रिया या प्रयोग के प्रतिक्रिया के समय से पहले किसी व्यक्ति से प्रतिक्रिया या प्रय
38	38	38	Worldly desires, wives, children, accumulated treasures of gold and silver, horses of noble breed, cattle, and farms are all made to seem attractive to men. All these are the bounties of the worldly life but in the life to come God has the best place for people to dwell.	मनुष्यों को चाहत की चीजों से प्रेम शोभायमान प्रतीत होता है कि वे स्त्रिमयाँ, बेटे, सोने-चाँदी के ढेर और निशान लगे (चुने हुए) घोड़े हैं और चौपाए और खेती। यह सब सांसारिक जीवन की सामग्री है और अल्लाह के पास ही अच्छा ठिकाना है	सद्य जीवन से जुड़ने के लिए कहा जाना याद है।
39	39	39	"And pray: ""O my Lord, let my entry be with honour, and let my exit be with honour, and grant me power from You which would help (sustain) me."""	"और कहो, ""मेरे रब! तू मुझे ख़ूबी के साथ दाख़िल कर और ख़ूबी के साथ निकाल, और अपनी ओर से मुझे सहायक शक्ति प्रदान कर।"""	"और प्रार्थना: ""हो मेरे पिता, जिससे मैं अपने पापा की तरह खुश और सम्मानित महसूस करूँगी।"
40	40	40	There are no songs to write to disc	डिस्क में लिखने के लिए कोई गीत नहीं है	जिस तरह से आप कुछ ही नहीं कर सकते
41	41	41	An ordinary citizen writes about the rich culture of celebrating the Bangla New Year, Pahela Baishakh in Bangladesh.	एन आर्डिनेरी सिटिज़न ने बांग्लादेश में बांग्ला नववर्ष पोएला बोइशाख के पारंपरिक उत्सव और सांस्कृतिक धरोहर के बारे में पोस्ट लिखी है।	बांग्ला न्यूनियर सैल्फ बाइशाख का मनाने वाले एक साधारण नागरिक के बारे में लिखत है कि क्या वे मनाने वाले व्यक्ति को बांग्ला न्यूनियर सैल्फ बाइशाख का मनाने वाला व्यक्ति है
42	42	42	Can nothing be done? !	कुछ भी नहीं किया जा सकता है?	क्या नश्वर्य से रुकावट मिल सकती है?
43	43	43	- You hit him with a bicycle pump?	- तुमने उसे एक साइकिल पंप से मारा?	- हिल में वे साइकिल के जूते से क्या?
44	44	44	I worried they take you away from me.	मुझे लगता है वे मुझे से दूर ले चिंतित है.	जिस तरह से मैंने भी अपने परिवार को चिंता व्यक्त की कि वे व्यक्तिगत रूप से वे परिवार के तौर पर भाग सकते हैं।
45	45	45	Y-you're gonna wear out the spring coil.	छल्लेदार स्प्रिंग घिस जाएगी।	जी-जैसे स्प्रिंग कोइल स्प्रिंग कोइल को टूट सकती है.
46	46	46	I don't know.	मैं नहीं जानता.	ज़कारी नहीं हूँ।
47	47	47	Korean (_UHC)	कोरियाई (_UHC)	कोरियाई(_UHC)
48	48	48	No. You know what I'm gonna do for you?	नहीं, तुम्हें पता है मैं तुम्हारे लिए क्या कर रहा हूँ पता है क्या?	No। आप जो पूछेंगे मैं उनका पालन-परिहारा करूँगा।
49	49	49	If you ask them, ‘Who created the heavens and the earth?’ they will surely say, ‘Allah.’ Say, ‘Have you considered what you invoke besides Allah? Should Allah desire some distress for me, can they remove the distress visited by Him? Or should He desire some mercy for me, can they withhold His mercy?’ Say, ‘Allah is sufficient for me. In Him let all the trusting put their trust.’	"यदि तुम उनसे पूछो कि ""आकाशों और धरती को किसने पैदा किया?"" को वे अवश्य कहेंगे, ""अल्लाह ने।"" कहो, ""तुम्हारा क्या विचार है? यदि अल्लाह मुझे कोई तकलीफ़ पहुँचानी चाहे तो क्या अल्लाह से हटकर जिनको तुम पुकारते हो वे उसकी पहुँचाई हुई तकलीफ़ को दूर कर सकते है? या वह मुझपर कोई दयालुता दर्शानी चाहे तो क्या वे उसकी दयालुता को रोक सकते है?"" कह दो, ""मेरे लिए अल्लाह काफ़ी है। भरोसा करनेवाले उसी पर भरोसा करते है।"""	अपना साँप को बनाने वे कहाँ सोचने लगें?
50	50	50	"So when her husband saw his shirt torn from the back, he said, ""Indeed, it is of the women's plan. Indeed, your plan is great."	"फिर जब देखा कि उसका कुर्ता पीछे से फटा है तो उसने कहा, ""यह तुम स्त्रियों की चाल है। निश्चय ही तुम्हारी चाल बड़े ग़ज़ब की होती है"	यह इसलिए है क्योंकि वह अपने जानकारी को बदलने या करने नहीं देती कि व्यक्ति किसी ऐसी स्थिति में हो सकता/वाला भी क्या नहीं देता कि व्यक्ति किसी ऐसी स्थिति में हो सकता/वाला भी नहीं देता कि व्यक्ति किसी ऐसी स्थिति में हो सकता/वाला भी नहीं देता कि व्यक्ति किसी ऐसी स्थिति में हो सकता/वाला भी नहीं देता कि व्यक्ति किसी ऐसी स्थिति में हो सकता/वाला भी नहीं देता कि व्यक्ति किसी ऐसी स्थिति में हो सकता/वाला भी नहीं देता कि व्यक्ति किसी ऐसी स्थिति में हो सकता/वाला भी नहीं द
51	51	51	Show field i_n View	दृश्य में क्षेत्र दिखायें (_n)	"हाँ, निम्नलिखित:
प्रदर्शन क्षेत्र की स्ट्रिंग व्यू"
52	52	52	Thanks. I think.	शुक्रिया, मेरे खयाल से।	Thanks.
53	53	53	Maybe the even the shroud itself, everything.	शायद यह भी कफन ही, सब कुछ.	जैसा हो सकता है, ऐसा भी हो सकता है।
54	54	54	I've seen pushing carts around army camps making grand claims about jars full of pig shit...	मैं सेना शिविरों के आसपास गाड़ियां धक्का देखा है सुअर गंदगी से भरा जार के बारे में भव्य दावा कर ...	मैंने सिखों को सैन्य क Camp के सामने फ़र्गेट किए गए पैसे सारे झूठा राया देने के लिए स्थापित किया गया
55	55	55	Add	जोड़ें	रह
56	56	56	As an example I have handed over my blog posting rights to a free speech	अपने ब्लॉग अंतर्राष्ट्रीय रिपोर्टरों और चिट्ठाकारों के सुपुर्द कर उन्हें जारी रखें।	यह एक उदाहरण है मैंने तो दी है कि मैंने अपने लेख के अधिक्ति से न दिया है।
57	57	57	_Next	अगला (_N)	जो भी
58	58	58	You are in Cape Canaveral and you are Head of Mission Control.	आप केप केनवरल में हैं और आप मिशन कंट्रोल के प्रमुख हैं.	आप केप सिनावेर और मिशन कंट्रोल हेड ऑफ मिशन कंट्रोल के रूप में हैं।
59	59	59	It produces its fruit all the time, by permission of its Lord. And Allah presents examples for the people that perhaps they will be reminded.	अपने रब की अनुमति से वह हर समय अपना फल दे रहा हो। अल्लाह तो लोगों के लिए मिशालें पेश करता है, ताकि वे जाग्रत हों	यह हमेशा फलिट से निकलता है, क्योंने इसका पालक-स्वीकृत विकलग व्यवहचचित्र है। और हे फ़ल्टो से निकलने वाले उसका पालक-स्वीकृत विकलग व्यवहचचित्र भी है।
60	60	60	All that is in the heavens and the earth glorify God. He is Majestic and All-wise.	जो जो चीज़ सारे आसमान व ज़मीन में है सब ख़ुदा की तसबीह करती है और वही ग़ालिब हिकमत वाला है	हेवENS और एर्टिस गौरवजनक और सभ-wise में मिले
61	61	61	- It does not matter where she is.	- यह कोई फर्क नहीं पड़ता है जहाँ वह है।	इस प्रकार यह सच है।
62	62	62	Reload current file	री-लोड फ़ाइल	रिमीट फाइल लोड कर
63	63	63	Ignorance is not the same... as innocence.	अज्ञान में ही नहीं है ... मासूमियत के रूप में।	अनजानी से नहीं हो सकता है कि यह सूक्ष्ट्रूपल भाषा में भी कहा जा सकता है।
64	64	64	Proceed	आगे बढ़ें	प्रक्रिया
65	65	65	But to your Lord is the return.	निश्चय ही तुम्हारे रब ही की ओर पलटना है	लेकिन तुम्हारे पास है यात.
66	66	66	- Did you file the football yet?	- अगर आप अभी तक फुटबॉल दायर की थी?	-फुटबॉल के बारे में क्या याद है?
67	67	67	Clock	घड़ीName	स्टेशन
68	68	68	Dumpling Squad!	डंपलिंग दल!	डुम्पल सुप्पी!
69	69	69	And say: We (now) believe therein. But how can they reach (faith) from afar off,	"और कहेंगे, ""हम उसपर ईमान ले आए।"" हालाँकि उनके लिए कहाँ सम्भव है कि इतने दूरस्थ स्थान से उसको पास सकें"	और कहें: हम (अब) विश्वभक्ति से विश्वभक्ति से विश्वभक्ति से विश्वभक्ति से विश्वभक्ति से विश्वभक्ति से विश्वभक्ति से विश्वभक्ति से विश्वभक्ति से विश्वभक्ति से विश्वभक्ति से विश्वभक्ति से विश्वभक्ति से विश्वभक्ति से विश्वभक्ति से विश्वभक्ति से विश्वभक्ति से विश्वभक्ति से विश्वभक्ति से विश्वभक्ति से विश्वभक्ति से विश्वभक्ति से विश्वभक्ति से विश्वभक्ति से विश्वभक्ति से विश्वभक्ति से विश्वभक्ति से विश्वभक
70	70	70	Yahoo! Japan	Yahoo! Japan	यू.आई.जे.
71	71	71	SciDev.Net's conference blog reports that:	नेट के सम्मेलन ब्लॉग ने रपट दी:	सी.आई.डी. नेट के सिविक डिवाइन. नेट के संवादित कार्या परिमिश्न किए जाते हैं और इस परिसंघातार जानकारी को बदलने से पहले इस बात पर ध्यान दिया जावे
72	72	72	_Contents	विषय सूची (_C)	कॉन्टेंट
73	73	73	WITH THAT, THEY COULD PUT HIM AT THE JOB.	उस के साथ, वे काम पर उसे डाल सकता है.	यह, उन्होंने ओब्जेक्टिव रूप से इस परियोजना पर रखे हैं के लिए कार्यालय पर रखे हैं |
74	74	74	Attachment Reminder	संलग्नक स्मारक	संकेत बताएँ
75	75	75	What rifles? You got a Chink with a sword and a buncha juggling idiots.	आप एक तलवार और जादू बेवकूफों का एक गुच्छा के साथ एक झनझन मिला.	जो भी रIFल?
76	76	76	He will send down abundant rain from the sky for you,	(और) तुम पर आसमान से मूसलाधार पानी बरसाएगा	वे तुम्हें बहुत सारे राज के पानी से तुम्हारे पास हो सकता है
77	77	77	There are no songs to write to disc	डिस्क में लिखने के लिए कोई गीत नहीं है	जिस तरह से आप कुछ ही नहीं कर सकते
78	78	78	I've tried thinking and reading about all sorts of different things.	मैंने बहुत-सी चीज़ों के बारे में सोचने और पढ़ने की कोशिश की है.	जिस तरह से मैंने सोचा और लिखा है, वैसी ही सब कुछ।
79	79	79	The event could not be deleted due to an error: %s	एक त्रुटि के कारण कार्यक्रम विलोपित नहीं किया जा सका: %s	दिए जा सकते क्यों नहीं हो सकता: %s
80	80	80	The past three have seen hundreds of new blogs and forums.	पिछले तीन वर्षों में सैकड़ों नए ब्लॉग और फ़ोरम बने हैं.	हावड़ा से 13 मार्च से आने वाले तीन वर्षों में हज़ारों नए ब्लॉग और फ़ोर्म्स दिखाते रहे.
81	81	81	The door was open, and he saw this crazy woman in the bathtub.	दरवाजा खुला था, और उसने बाथ टब में उस पागल औरत को देखा.	doors open,  and  he saw this crazy woman in the bathtub.
82	82	82	You're late, pretty boy.	तुम देर से, सुंदर लड़के हैं.	आपको परिवहन के कारण बताया जाना चाहेंटा: यू're लेट, सुंदर बॉय।
83	83	83	And I don't want to work with you.	और मैं तुम्हारे साथ काम करने के लिए नहीं करना चाहती.	और मैं अपने साथ काम नहीं करना चाहती।
84	84	84	Battery at warning level	बैटरी चेतावनी स्तर पर हैComment	कलार्नेट की सावधानी स्तर पर सिग्नान
85	85	85	Let me hear a massive cheer for getting Climate Camp 2009 started!	मुझे ज़ोर से हर्षध्वनी सुनाई देनी चाहिए, क्लाइमेट कैम्प 2009 को आरम्भ करने के लिए	लेकिन मैंनेClimate Camp 2009 की शुरुआत को सुना हूँ!
86	86	86	_Image	छवि (_I)	कृपया ध्यान से आगे न लें या गलत जानकारी दें।
87	87	87	Open the selected image with a different application	चयनित छवि भिन्न अनुप्रयोग से खोलें	चुने गए विषय को अलग एप्लिकेशन से निकालन
88	88	88	Your creation and your upraising are as but as a single soul. God is All-hearing, All-seeing.	तुम सबका पैदा करना और फिर (मरने के बाद) जिला उठाना एक शख्स के (पैदा करने और जिला उठाने के) बराबर है बेशक ख़ुदा (तुम सब की) सुनता और सब कुछ देख रहा है	अपने निर्माण और परिवर्तन को साथ ही यह कहना सही है कि ई गोद ग्रह ई हिंद ग्रह को भी बताते हैं।
89	89	89	"""And O my people! I fear for you a Day when there will be Mutual calling (and wailing),-"	और ऐ मेरी क़ौम के लोगो! मुझे तुम्हारे बारे में चीख़-पुकार के दिन का भय है,	और ओ मेरी लोग! मुझे डर हूँ कि एक दिन में साथ ही मेरे लोगों को भी डर-डांट और शांति देने के लिए तैयार होना चाहे तो यह भी देना चाहे तो शायद है कि भविष्य में ऐसी स्थितियों में भी असाधारण रूप में होना चाहे तो यह भी देना चाहे तो स्वाभाव्यता से हो सकता है।
90	90	90	If Hasan Khan's security has been compromised, then it is a very serious matter.	अगर हसन खान की सुरक्षा के साथ समझौता किया गया है तो यह बहुत गंभीर बात है।	अगरिहसन की सुरक्षा को कम करने वाली चिंता गंभीर
91	91	91	He said: Lo! I fain would marry thee to one of these two daughters of mine on condition that thou hirest thyself to me for (the term of) eight pilgrimages. Then if thou completest ten it will be of thine own accord, for I would not make it hard for thee. Allah willing, thou wilt find me of the righteous.	(और इनमें दोनों बातें पायी जाती हैं तब) शुएब ने कहा मै चाहता हूँ कि अपनी दोनों लड़कियों में से एक के साथ तुम्हारा इस (महर) पर निकाह कर दूँ कि तुम आठ बरस तक मेरी नौकरी करो और अगर तुम दस बरस पूरे कर दो तो तुम्हारा एहसान और मै तुम पर मेहनत मशक्क़त भी डालना नही चाहता और तुम मुझे इन्शा अल्लाह नेको कार आदमी पाओगे	"सबसे अच्छा:
अरे, जो कह रहा था वही हो सकता है।"
92	92	92	You got paint on you.	तुम्हारे रंग लग गया है.	आपके पेंसल पर ये रंग लग गए हैं.
93	93	93	Hello, my name is Dick Hallorann.	नमस्ते, मेरा नाम डिक हैलोरन है.	हैलो, मेरा नाम डिक हॉलरन है।
94	94	94	We are the best Knower of that which they say, and thou art not over them over them tyrant. Wherefore admonish thou by the Qur'an him who feareth My threat.	हम जानते है जो कुछ वे कहते है, तुम उनपर कोई ज़बरदस्ती करनेवाले तो हो नहीं। अतः तुम क़ुरआन के द्वारा उसे नसीहत करो जो हमारी चेतावनी से डरे	यह सब एक साथ ही बताने वाले एक पुस्तिका है। वे जो उनसे बातें करते हैं, उसे वे बताते हैं कि वे क्या फ़ेर हैं वे वे फ़ेर हैं कि वे वे फ़ेर हैं कि वे वे फ़ेर हैं (औरये फ़ेर हैं कि वे वा) व्यवहच्चित तथ्य हैं।
95	95	95	Bhairava!	भैरवा!	बह्यारव!
96	96	96	If my dad could see me now...	यदि मेरे पिता अब मुझे देख सकता था...	अगर मेरे पापा अब मुझे देख सकते
97	97	97	Tet's offline in 15 minutes.	15मिनटमेंTet केऑफ़लाइन	कुछ गड़बड़ातीत स्थानीय रूप से 15 मिनट बाहर हो जाते हैं।
98	98	98	..that we're going to be blessed with a girl instead of useless boys.	..that हम बेकार लड़के के बजाय एक लड़की के साथ धन्य हो जा रहे हैं।	जो हमें इस बात पर विश्वास दिलाने वाले लोगों को स्थानांतरण से सिंगल-रीडिंग-डिविडियो वाले लड़ सकते हैं।
99	99	99	Add	जोड़ें (d)	रह
100	100	100	L have your child.	मैं अपने बच्चे है.	आपके डॉक्टर ने आपके बच्चे का निरीक्षण किया है।
101	101	101	Tweedledee and Tweedledum went out the door, and in came Tweedle Dumb and Dumber.	दोनों नाकारा लोगों को दरवाज़ा दिखाया गया... और आए दो और नाकारा लोग।	तूडलीडी और टूडलीड़ दोनों निकल कर पास करे, और पास आने वाले व्यक्ति को तूडलीड़ और डब्ल्यू डब्ल्यू डब्ल्यू की तरह से पेश करने की क्षमता से भरी माना योग्य माना
102	102	102	And glorify His Praises morning and afternoon [the early morning (Fajr) and 'Asr prayers].	और प्रातःकाल और सन्ध्या समय उसकी तसबीह करते रहो -	और अपने प्रशंसा के समय (फाजर और असर व्रत्यु के समय) को पूजा योग्यता दिलचस्प!).
103	103	103	2O million pounds.	2O लाख पाउंड.	2O मिलियन पाउंड।
104	104	104	Exaltations be to the Lord of the heavens and the earth, the Lord of the Throne, above that which they describe'	"आकाशों और धरती का रब, सिंहासन का स्वामी, उससे महान और उच्च है जो वे बयान करते है।"""	असाधन के प्रति वे लोगों के प्रति वे ऊपर के जैसे व्यक्त हैं
105	105	105	- You need a time-out!	- तुम्हें अकेले रहना चाहिए!	इस पाठ को सीध सीधे 13 मई 2026 के जैसे हो सकता हूँ।
106	106	106	%s (%s)	%s (%s)	टीसीएस (टीसीएस)
107	107	107	I have been expecting you Captain. Perhaps you would like some tea.	मैं तुम्हारे लिए इंतजार कर रहा था कप्तान- शायद आपको कुछ चाय पसंद है?	मैंने तुम्हें इंतज़ार किया है कप्तान। शायद तुम्हें कुछ चाय भी चाहिए।
108	108	108	Allah and His angels praise and venerate the Prophet. Believers, praise and venerate him and pronounce peace upon him in abundance.	इसमें भी शक नहीं कि खुदा और उसके फरिश्ते पैग़म्बर (और उनकी आल) पर दुरूद भेजते हैं तो ऐ ईमानदारों तुम भी दुरूद भेजते रहो और बराबर सलाम करते रहो	अल्लाह और उनके इंदgorान व्यक्त करने वाले लोगों को पूर्ण हस्तप्रपात्र माना जाता है।
109	109	109	No, I'm in the middle of something.	नहीं, मैं कुछ के बीच में हूँ.	जी, मैं कुछ जानकारी के साथ मौजूद हूँ।
110	110	110	The action, 16th of December, where NGOs and small nations and countries, all sorts of people from inside the conference...	16 दिसम्बर की कार्यवाही जिसमें एन. जी.	"दृश्य:
16 दिसंबर, कॉन्फरेंस के अंदर विभिन्न प्रकार के लोगों से मिलन..."
111	111	111	After that, surely, you will die.	फिर तुम अवश्य मरनेवाले हो	यह रहे, सुना रहे, और सही बताया रहे तो आपको मृत्य तक नहोना जाता।
112	112	112	[man speaking native language]	[पुरुष अपनी मातृभाषा में बोल रहा है]	स्पष्ट रखें कि संसाधित, पूरी तरह से विशीता भेजी है और निरिगात नहीं करेगी.
113	113	113	#As the earth turns and the summer's all gone#	# दिखाएँ # पर चला जाता है पृथ्वी बदल जाता है और गर्मियों के सभी # रूप में चला गया	जैसे पृथ्वी सिर्फ़ एक घंटा टूटती है और यह सब भूल जाता है|
114	114	114	Do they wait for any thing but the Hour (of change), that it may come upon them suddenly? Its signs have already appeared. How then will they be warned when it has come upon them?	तो क्या ये लोग बस क़यामत ही के मुनतज़िर हैं कि उन पर एक बारगी आ जाए तो उसकी निशानियाँ आ चुकी हैं तो जिस वक्त क़यामत उन (के सर) पर आ पहुँचेगी फिर उन्हें नसीहत कहाँ मुफीद हो सकती है	अस्पष्ट हो सकता हूँ कि वे क्या इंतज़ार कर रहे हैं लेकिन समय की हालात में हो सकते हैं कि क्या हो रहे इस बात से पहले निर्णय करना चाहूँ तो अच्छी थी
115	115	115	"""In rhapsody that day As a whiplash today"""	"""धुन में उस दिन एक चोट आज के रूप में"""	"दिन के रिस्ते आज के समय में"""
116	116	116	Start date invalid.	आरंभिक तारीख अवैध है.	स्टारडेट invalid है।
117	117	117	"William Long posted some spoofing videos produced by Google and Baidu, in which, Google called Baidu ""hundred poisons"" and Baidu mocked google as a foreign / alien company (zh)."	"विलियम लाँग ने गूगल और बायडू द्वारा निर्मित कुछ पैरोडी विडियो पोस्ट किये हैं जिनमें गूगल ने बायडू को ""हंड्रेड पॉयज़न"" यानि ज़हरीला पुकारा तो बायडू ने गूगल को विदेशी बाहरी कंपनी कह कर चिढ़ाया।"	ये सारे जानकारी स्वीकारी और पूरी तरह से वफादार होकर बनाई जा सकती है।
118	118	118	It's not a rat!	यह एक चूहा नहीं है!	इससे कोई नहीं भी उठ सकता!
119	119	119	Unicode (UTF-3_2 LE)	यूनिकोड (UTF-3_2 LE)	इसप्रक्त सूचना सहायत से मिली जाती ह
120	120	120	I left the apartment this morning so mad.	मैं आज सुबह तो पागल घर छोड़ दिया.	मैं सुबह अपार्टमेंट से गए था।
121	121	121	It is Allah Who made out of the things He created, some things to give you shade; of the hills He made some for your shelter; He made you garments to protect you from heat, and coats of mail to protect you from your (mutual) violence. Thus does He complete His favours on you, that ye may bow to His Will (in Islam).	और अल्लाह ने तुम्हारे लिए अपनी पैदा की हुई चीज़ों से छाँवों का प्रबन्ध किया और पहाड़ो में तुम्हारे लिए छिपने के स्थान बनाए और तुम्हें लिबास दिए जो गर्मी से बचाते है और कुछ अन्य वस्त्र भी दिए जो तुम्हारी लड़ाई में तुम्हारे लिए बचाव का काम करते है। इस प्रकार वह तुमपर अपनी नेमत पूरी करता है, ताकि तुम आज्ञाकारी बनो	"असलमहाबूर उमिद, और सलम महबूब से कहा हो सकता है कि आप इस बात पर विश्वास करते हैं, कि Allah के सिवास य्यनसाद के कुछ सार्वजन्य शासित हो सकते हैं:

* जो कुछ भी हो सकता है, उसे विवरण देने वाले लोगों ने इस अध्याय में किया है।"
122	122	122	CSV Import Filter for KSpread	केस्प्रेड के लिए सीएसवी आयात फ़िल्टरName	की स्पीड फ़िल्टर के लिए CSV इंटरवैल्यू डेटा स्टोरेज की संस्करण विवरण स्टोरेज की संस्करण विवरण स्टोरेज की संस्करण विवरण
123	123	123	To this he himself shall bear witness.	और निश्चय ही वह स्वयं इसपर गवाह है!	यह उनसे कहलता रहेगी.
124	124	124	Say, “Who is it who will shield you from God, if He intends adversity for you, or intends mercy for you?” Besides God, they will find for themselves neither friend nor helper.	(ऐ रसूल) तुम उनसे कह दो कि अगर खुदा तुम्हारे साथ बुराई का इरादा कर बैठे तो तुम्हें उसके (अज़ाब) से कौन ऐसा है जो बचाए या भलाई ही करना चाहे (तो कौन रोक सकता है) और ये लोग खुदा के सिवा न तो किसी को अपना सरपरस्त पाएँगे और न मद्दगार	यह कहें, “किसी भी को जो तुम्हें गोद लेते हैं, अगर तुम्हें दुसरा का सहयोग है, या अगर तुम्हें दूसरे की देखभाल का हस्तकयात्रा किया गया), या किसी भी को जो तुम्हें इरादा करते हैं, या इरादा करते हो, तो इरादा करते हो), या किसी भी को जो तुम्हें दूसरे का सहयोग है, तो दूसरे का सहयोग हो), या किसी भी को जो तुम्हें गोद लेते हैं, तो तुम्हें गोद लेते हो), या किसी भी को जो तुम्हें दूसरे का सहयोग हो, तो दूसरे का सहयोग हो), या किसी भी को जो तुम्हें इरादा करते हो, तो इरादा
125	125	125	How does a tiger get in the bathroom?	कैसे एक शेर में प्राप्त करता है बाथरूम?	जिस तरह से राजकुमार को बाथरूम में कर दिया जाता है?
126	126	126	“%s” Properties	“%s” गुण	}%s” Properties
127	127	127	Is a watchtower.	यह गुम्मट है.	इयात से वॉटर.
128	128	128	If only he could have given me a child.	काश वह मुझे एक बच्चा दिया होता.	अगर वो मुझे बच्चा दे सकता था।
129	129	129	My son, be steadfast in prayer. Make others do good. Prevent them from doing evil. Be patient in hardship. Patience comes from faith and determination.	"""ऐ मेरे बेटे! नमाज़ का आयोजन कर और भलाई का हुक्म दे और बुराई से रोक और जो मुसीबत भी तुझपर पड़े उसपर धैर्य से काम ले। निस्संदेह ये उन कामों में से है जो अनिवार्य और ढृढसंकल्प के काम है"	मेरे बेटे, अपनी सुरक्षा को सुनिश्चितता से सुनवाई देना चाहे तो अच्छा है।
130	130	130	Shut up, Alan.	/ अच्छा है. वह सिर्फ भूखा था.	अलान, शुक्रपॉल.
131	131	131	We made our pledge to the Führer.	हमने फ्यूरर के लिए प्रतिज्ञा ली है.	हमी फ़रग़ीन के निश्चय में हूँ कि हमारे पास कोई भी जोड़ या समाप्ति के पोस्ट-पड़ात्र की स्थापना में कोई भी कार्यवाही करने वाले कोई भी व्यक्ति हो सकता है जो इस प्रक्रिया को नियंत्रित करने वाले कोई भी व्यक्ति हो सकता है।
132	132	132	_Save Draft	मसौदा सहेजें (_S)	इसे सावधानी से बनाए रखना
133	133	133	Size	आकार	जैसा
134	134	134	General	सामान्य	जस्ट
135	135	135	We're on our way to the basement.	हम हमारे तहखाने की तरफ जा रहे हैं.	हमसे basement जा रहे हैं
136	136	136	The packed out venue last night attests to this, as does the fact that finalists and interested parties flew in from around the country to be there.	भीड़ से सराबोर समारोह स्थल तथा देश भर से आए हुए अंतिम दौर के प्रतिभागी व इसमें रुचि रखने वाले चिट्ठाकार इस बात के गवाह हैं.	देर रात स्थित वीनर के पास गतवाही दिखाता है, जो विवेक्षता और ईमानदारी के साथ होता है।
137	137	137	And they forgive you because you make them proud of themselves.	और आप खुद के बारे में उन्हें गर्व करते हैं क्योंकि वे तुम्हें माफ.	और वे तुम्हें प्रज्वालीय बनाते हुए भी तुम्हें धोखा दे देते हैं।
138	138	138	These grapes are so sour that I can't eat them.	ये अंगूर इतने खट्टे हैं कि मुझसे खाए नहीं जा रहे।	यह फल साँप के खून से बने हैं जो आपको बहुत दर्द भी देता है।
139	139	139	Two suits for dry-clean and a bag of whatnot.	- दो सूट ड्राई-क्लीन के लिए और जो-सो का एक बैग. - हां, महोदय.	ड्राई क्लेयर और ड्रिबल कंटेनेंस और बैग ऑफ वॉट नॉट।
140	140	140	In that old rust bucket of yours?	तुम मेरे लिए रक्षा चलाने वाला आदमी है जो कर रहे हैं?	अरे!
141	141	141	God shall surely admit those who believe and do righteous deeds into gardens underneath which rivers flow. As for the unbelievers, they take their enjoyment and eat as cattle eat; and the Fire shall be their lodging.	निश्चय ही अल्लाह उन लोगों को जो ईमान लाए और उन्होंने अच्छे कर्म किए ऐसे बागों में दाख़िल करेगा जिनके नीचे नहरें बह रही होंगी। रहे वे लोग जिन्होंने इनकार किया, वे कुछ दिनों का सुख भोग रहे है और खा रहे है, जिसे चौपाए खाते है। और आग उनका ठिकाना है	यह कहें कि बुद्ध धर्म जो लोगों के प्रतिवादी हैं वे हैं जो अच्छे काम करते हैं वे भी अपने कर्म के अनुसार जीवन जीत सकते हैं।
142	142	142	What's happened?	क्या हुआ?	एक कुछ हो सकता है.
143	143	143	- ( gunshot )	- (गोली)	- (निशाना)
144	144	144	_Save Draft	मसौदा सहेजें (_S)	इसे सावधानी से बनाए रखना
145	145	145	Yes, but now you are the problem.	हाँ, लेकिन अब आप समस्या हैं .	जी हाँ, लेकिन अब तू समस्या से जुड़ी हूँ।
146	146	146	Your emails	raviratlami@ aol. in	यॉर्स के
147	147	147	"(Muhammad), tell him, ""He who gave them life in the first place will bring them back to life again. He has the best knowledge of all creatures."	"कह दो, ""उनमें वही जाल डालेगा जिसने उनको पहली बार पैदा किया। वह तो प्रत्येक संसृति को भली-भाँति जानता है"	महमूद) से व्यक्त, “जिस व्यक्ति ने सबसे पहले जीवित प्राण से जोड़ने का उल्लेख किया है, वही व्यक्त जो सबसे पहले मृत व्यक्त से जोड़ने का उल्लेख किया है, वही व्यक्त जो सबसे पहली मृतता से जोड़ा दिया है, वही व्यक्त जो सबसे पहली मृतता से जोड़ी दिया है, वही व्यक्त जो सबसे पहली मृतता से जोड़ी दिया है, वही व्यक्त जो सबसे पहली मृतता से जोड़ी दिया है, वही व्यक्त जो सबसे पहली मृतता से जोड़ी दिया है, वही व्यक्त जो सबसे पहली मृतता से जोड़ी दिया है, वही व्यक्त जो सबसे पहली मृतता से जोड़ी दिया है, वही व
148	148	148	♪ I've always held on to ♪	♪ मैं हमेशा पर आयोजित है ♪	प्रिया: मैंने हमेशा ♪ को अपना
149	149	149	Formatting disc	डिस्क संरूपित कर रहा है	के नहीं
150	150	150	Hello?	हैलो?	हेलो?
151	151	151	Yeah.	हाँ.	जी हाँ।
152	152	152	What happened when you attacked here?	- आप एक पाते हैं?	जो हुआ, उस समय यू.ने किस स्थान पर आक्रमण किया था?
153	153	153	Text	पाठ	Text:
154	154	154	Luckily, I had a soft landing.	सौभाग्य से, मैं एक नरम लैंडिंग था.	सबसे ज्यादा सुरक्षित रूप से गिरा था.
155	155	155	Do you--do you know what this is?	आप क्या - क्या तुम यह क्या है जानते हो?	आप--आप जानते हैं कि यह यह प्रश्न का जवाब है?
156	156	156	And We gave to Dawood Sulaiman, most excellent the servant! Surely he was frequent in returning (to Allah).	और हमने दाऊद को सुलैमान प्रदान किया। वह कितना अच्छा बन्दा था! निश्चय ही वह बहुत ही रुजू रहनेवाला था।	और हमने दौद सुलयमान, सबसे अच्छे सेवक को भी दिया है। हमने उसे हमेशा वापस करने (तोआआ) के लिए भी दिया है।
157	157	157	Get the deal closed.	सौदा बंद करें.	डील को समाप्त कर दें।
158	158	158	_Edit	संपादन (_E)	कोई भी विवरण जोड़ सकता है, हटा सकता है, या जिस विवरण को बदलने की कोई भी जिम्मेदारी दे सकता है
159	159	159	Jayashree Govindarajan, Mumbai shares some of the traditional recipes.	जयश्री गोविंदराजन, मुम्बई कुछ पारंपरिक रसोई के नुसखों को सभी से साझा कर रही हैं.	यह ज़रूरी जानकारी देने के लिए तैयार हूँ कि कुछ जानकारी संपूर्ति के लिए की जाती हूँ और कुछ जानकारी संपूर्ति के लिए की जाती हूँ
160	160	160	(Pagans) has your Lord given you preference over Himself by granting you sons and taking the angels as His own daughters? What you say is a monstrous utterance.	(ऐ मुशरेकीन मक्का) क्या तुम्हारे परवरदिगार ने तुम्हें चुन चुन कर बेटे दिए हैं और खुद बेटियाँ ली हैं (यानि) फरिश्ते इसमें शक़ नहीं कि बड़ी (सख्त) बात कहते हो	पैगान्स) के बारे में आपके पूर्व संतान और आपके पूर्व ध्यान देने वाले व्हायुयान दानियाँ हो? और आपके पूर्व पुत्रियों के साथ आपके पूर्व दादाजुओं के साथ आपके पूर्व भाईजीतके तो पूर्व संतान और स्वदेशी बच्चे हो सकते हैं।
161	161	161	Couple hours later, you walk into some type of double cross.	युगल घंटे बाद, आप डबल क्रॉस के कुछ प्रकार में चल .	कुछ हफ़्टी के बाद आप कुछ प्रकार के डबल क्रॉस को खाते हुए कुछ हथकड़ी हो जाते हैं।
162	162	162	Hermann, these are human beings.	हरमन, ये इंसान हैं.	सर, ये वाकई व्यक्तियों के हैं जो कुछ भी नहीं कह सकते कि ये वाकई व्यक्तियों के हैं जो कुछ भी नहीं कह सकते कि ये वाकई व्यक्तियों के हैं जो कुछ भी नहीं कह सकते कि ये वाकई व्यक्तियों के हैं जो कुछ भी नहीं कह सकते कि ये वाकई व्यक्तियों के हैं जो कुछ भी नहीं कह सकते कि ये वाकई व्यक्तियों के हैं जो कुछ भी नहीं कह सकते कि ये वाकई व्यक्तियों के हैं जो कुछ भी नहीं कह सकते कि ये वाकई व्यक्तियों के हैं जो कुछ भी नहीं कह सकते कि ये वाकई व्यक्तियों के हैं जो कुछ भी नहीं कह सकते कि ये वाकई व्यक्तियों क
163	163	163	_Restart Evolution after restore	पुनर्भंडारण के लिए एवोल्यूशन फिर शुरू करें (_R)	रीस्टार्ट इवोल्यशन एफ़ restore से प्रारंभ किया जा सकता हूँ
164	164	164	Those [believers] who responded to Allah and the Messenger after injury had struck them. For those who did good among them and feared Allah is a great reward -	निहाल हो रहे हैं (जंगे ओहद में) जिन लोगों ने जख्म खाने के बाद भी ख़ुदा और रसूल का कहना माना उनमें से जिन लोगों ने नेकी और परहेज़गारी की (सब के लिये नहीं सिर्फ) उनके लिये बड़ा सवाब है	यह लोग जो ईसाई धर्म के अनुसार हो रहे हैं और उन्हें सही तरी से आगे बढ़ रहे हैं और उन्हें ईसाई धर्म के अनुसार जीवन के प्रति विविधता से व्यापक रूप से आगे बढ़ रहे हैं
165	165	165	Do you not know that Allah knows what is in the heaven and the earth? Surely this is in a book; surely this is easy to Allah.	क्या तुम्हें नहीं मालूम कि अल्लाह जानता है जो कुछ आकाश और धरती मैं हैं? निश्चय ही वह (लोगों का कर्म) एक किताब में अंकित है। निस्संदेह वह (फ़ैसला करना) अल्लाह के लिए अत्यन्त सरल है	अपने नहीं पता कि क्या अल्लाह जानता है कि जो भी heaven और earth में है, वह उसके बीच की book है; और उसका आस-पूर्व भी है।
166	166	166	And indeed the news which had a lot of deterrence, came to them.	उनके पास अतीत को ऐसी खबरें आ चुकी है, जिनमें ताड़ना अर्थात पूर्णतः तत्वदर्शीता है।	और हाँ, उन्हें बहुत सारी रोक-देने वाली खबरें आईं.
167	167	167	We just made a point.	हमने केवल एक बात कही.	यह बस एक बात थी.
168	168	168	Say, “Come, let me tell you what your Lord has forbidden you: that you associate nothing with Him; that you honor your parents; that you do not kill your children because of poverty—We provide for you and for them; that you do not come near indecencies, whether outward or inward; and that you do not kill the soul which God has sanctified—except in the course of justice. All this He has enjoined upon you, so that you may understand.”	(ऐ रसूल) तुम उनसे कहो कि (बेबस) आओ जो चीज़ें ख़ुदा ने तुम पर हराम की हैं वह मैं तुम्हें पढ़ कर सुनाऊँ (वह) यह कि किसी चीज़ को ख़ुदा का शरीक़ न बनाओ और माँ बाप के साथ नेक सुलूक़ करो और मुफ़लिसी के ख़ौफ से अपनी औलाद को मार न डालना (क्योंकि) उनको और तुमको रिज़क देने वाले तो हम हैं और बदकारियों के क़रीब भी न जाओ ख्वाह (चाहे) वह ज़ाहिर हो या पोशीदा और किसी जान वाले को जिस के क़त्ल को ख़ुदा ने हराम किया है न मार डालना मगर (किसी) हक़ के ऐवज़ में वह बातें हैं जिनका ख़ुदा ने तुम्हें हुक्म दिया है ताकि तुम लोग समझो और यतीम के माल के करीब भी न जाओ	इसे स्पष्ट रूप से बताना योग्य है कि प्राप्त किया गया यह निर्देश संकेत के रूप में है और इसका उद्देश्य समझने और प्राप्त करने के लिए विवेक्या रूप से कहा जा सकता है कि यह सार्वजनिक रूप से बताया जा सकता है।
169	169	169	You told them that we're married, I told them I'm 3 months pregnant!	तुमने कहा कि हम शादीशुदा हैं, मैनें कहा कि मैं 3 महीने की गर्भवती हूँ.	आपने उन्हें बताया था कि हमारा विवाह हुआ है! मैंने उन्हें बताया था कि मैं 3 महीने पूरे करने वाला हूँ!
170	170	170	India: All about the Theatre! · Global Voices	भारतः रंगमंच का जादू	सट्टी सीटें!
171	171	171	Cannot subscribe folder in offline mode.	ऑफ़लाइन मोड में फ़ोल्डर सदस्यता नहीं ले सकता.	ऑफलाइन मोड में फ़ोर्डबिल्ट नहीं हो सकती।
172	172	172	When you find the beads I hope you'll return them.	जब माला मिल जाये तो मुझे आशा है कि तुम उन्हें वापस कर दोगी.	जब तुम्हें बead्स मिलें तो उम्मीद है कि तुम्हें बead्स वापस कर दोगी.
173	173	173	_View	देखें (_V)	देख
174	174	174	He'll no longer lead us.	कभी नहीं!	बिलके हमें राजदान कर दिया जाएगा।
175	175	175	Say to them: 'People of the Book! Do you hate us for anything else except that we believe in Allah, and in the teaching which has been revealed to us and in the teaching which was revealed before? Indeed most of you are transgressors.'	(ऐ रसूल अहले किताब से कहो कि) आख़िर तुम हमसे इसके सिवा और क्या ऐब लगा सकते हो कि हम ख़ुदा पर और जो (किताब) हमारे पास भेजी गयी है और जो हमसे पहले भेजी गयी ईमान लाए हैं और ये तुममें के अक्सर बदकार हैं	इस बार के लिए: लोगों को पुस्तक के लोगों से कह देना कि हमें इसे विशिष्ट रूप से स्वीकार्य किया जा सकता है और इसे सही तरीके से स्वीकार्य किया जा सकता है।
176	176	176	He said: Surely in it is Lut. They said: We know well who is in it; we shall certainly deliver him and his followers, except his wife; she shall be of those who remain behind.	(ये सुन कर) इबराहीम ने कहा कि इस बस्ती में तो लूत भी है वह फरिश्ते बोले जो लोग इस बस्ती में हैं हम लोग उनसे खूब वाक़िफ़ हैं हम तो उनको और उनके लड़के बालों को यक़ीनी बचा लेंगे मगर उनकी बीबी को वह (अलबता) पीछे रह जाने वालों में होगीं	यह कहा: शायद तो हमें लत के लोगों के बारे में जानकारी मिलेगी; हमें यह बताने वाले लोगों के बारे में जानकारी मिलेगी जो हमें लत के प्रसारी व्यक्ति के बारे में जानकारी देते हैं
177	177	177	That's how many villagers died	इसी तरह कई गाँव वाले मारे गए हैं	जितने से ज़्यादा लोग मर गए
178	178	178	Your emails	raviratlami@ aol. in	यॉर्स के
179	179	179	Nearby Sites	निकटस्थ साइट	
180	180	180	On the Day when it arrives, no soul will speak without His permission. Some will be miserable, and some will be happy.	जिस दिन वह आएगा, तो उसकी अनुमति के बिना कोई व्यक्ति बात तक न कर सकेगा। फिर (मानवों में) कोई तो उनमें अभागा होगा और कोई भाग्यशाली	अर्थात: उस दिन जो पहुँचता है, उस दिन कोई भी बोले बिना सहयोगी नहीं रहेगा। कुछ लोगों को खुशी होगी, और कुछ लोगों को दुःसाधा भेदा से साहारी हो रहेगा।
181	181	181	Thanks for that, Jack.	इसके लिए धन्‍यवाद, जैक.	आपके पास थanks, जैक.
182	182	182	Select all text	सारा पाठ चुनें	एक्स：
183	183	183	Compact contact list	संकुचित संपर्क सूची	संक्षेत्र की सूची
184	184	184	So will it be; and whoever retaliates with the like of what he has been made to suffer, and is aggressed against [again] thereafter, Allah will surely help him. Indeed Allah is all-excusing, all-forgiving.	और खुदा तो बेशक बड़ा वाक़िफकार बुर्दवार है यही (ठीक) है और जो शख्स (अपने दुश्मन को) उतना ही सताए जितना ये उसके हाथों से सताया गया था उसके बाद फिर (दोबारा दुशमन की तरफ़ से) उस पर ज्यादती की जाए तो खुदा उस मज़लूम की ज़रूर मदद करेगा	अस्पषः हो सकता हूँ; और जो कुछ हुआ Universe के माध्यम से और जो दो ऐसे प्रतिकारी से पलटा हो सकता हूँ, तब हो सकता हूँ।
185	185	185	God has given us freedom.	भगवान ने हमें आजादी दे दी है.	देव ने हमें स्वतंत्रता दी है।
186	186	186	- You see how busy we are.	- तुम देखो हम कितने व्यस्त हैं.	- तुम जैसे व्यस्त हमें भी ऐसा लग रहा होगा।
187	187	187	Add the files stored in the clipboard	क्लिपबोर्ड में जमा फाइल जोड़ें	क्लिपबोर्ड में डाले हुए फ़ाइलों को
188	188	188	Save the current file with a different name	वर्तमान फ़ाइल एक भिन्न नाम से सहेजें	बढ़ाए रखा फ़ाइल से एक अलग नाम दें
189	189	189	Retrieving quota information for '%s'	%s में नए संदेश के लिये सारांश सूचना ला रहा है	दर के दर के लिए की
190	190	190	"""...and we are slaves no longer..."""	"""... और अब हम दास नहीं हैं ..."""	"""...औरहम अभियोग्य नहीं हो जाएँगे.”"
191	191	191	Select all messages in the same thread as the selected message	चयनित संदेश की तरह सभी संदेश एक जगह अंतःसूत्रित करें	यह निर्देश के अनुसार होना चाहे तो यह है।
192	192	192	Everybody's passing us.	सब लोग हमें गुजर रहा है.	पूरे के के के ।
193	193	193	Do Nothing	कुछ नहीं करें	कुछ नहीं
194	194	194	There are four of us but we are frightened of you.	वहाँहममेंसेचार हैं लेकिन हम आप से डर रहे हैं	बिल्क्रीली हमारे चार हैं लेकिन हम yourselves की तरह scared हैं कि ज्यादा ज्यादा से पहले हम आपके प्रति असहज हैं।
195	195	195	And (there are) others who have acknowledged their faults. They mixed a righteous action with another that was bad. It may be that Allah will relent toward them. Lo! Allah is Forgiving, Merciful.	और दूसरे कुछ लोग है जिन्होंने अपने गुनाहों का इक़रार किया। उन्होंने मिले-जुले कर्म किए, कुछ अच्छे और कुछ बुरे। आशा है कि अल्लाह की कृपा-स्पष्ट उनपर हो। निस्संदेह अल्लाह अत्यन्त क्षमाशील, दयावान है	यहाँ और (दोनों) के लोगों ने अपने गलत हो सकते हैं के यहाँ सही एक नैतिक क्रिया हो सकती है।
196	196	196	Thanks for helping out the other day, too.	दूसरे दिन बाहर की मदद करने के लिए धन्यवाद भी.	धन्यवाद! किसी भी जानकारी को हटाकर भी नहीं, remove करका भी कहना सहायक है कि किसी भी जानकारी को हटाकर किसी भी जानकारी का पालन करके भी नहीं, beneficial करका भी कहना सहायक है कि किसी भी जानकारी के पालन में साथ ही किसी भी जानकारी के प्रभाव में साथ ही किसी भी जानकारी को हटा देने साथ ही इस बात को सुनिश्चित करें कि किसी भी जानकारी को स्थायी रूप से हटा देने के लिए यह सुनिश्चित करने वाला है कि जानकारी का हटा देने की सुविधा स्थायी रूप से उपलब्ध होगी
197	197	197	Open the selected image with a different application	चयनित छवि भिन्न अनुप्रयोग से खोलें	चुने गए विषय को अलग एप्लिकेशन से निकालन
198	198	198	The heavens are about to be rent apart from above them, while the angels celebrate the praise of their Lord and plead for forgiveness for those [faithful] who are on the earth. Indeed, Allah is the All-forgiving, the All-merciful!	लगता है कि आकाश स्वयं अपने ऊपर से फट पड़े। हाल यह है कि फ़रिश्ते अपने रब का गुणगान कर रहे, और उन लोगों के लिए जो धरती में है, क्षमा की प्रार्थना करते रहते है। सुन लो! निश्चय ही अल्लाह ही क्षमाशील, अत्यन्त दयावान है	यह स्वर्ग से ऊपर उन्हें सांप्रदानित किए जाने, और वे प्रगति वाले हैं कि वे अपने जीव से इस प्रकार स्वर्ग से सांप्रदानित हो सकते हैं।
199	199	199	There is no fault in the blind, or the lame, or the sick. He who obeys Allah and His Messenger He shall admit him to Gardens underneath which rivers flow; but he who turns away shall be punished with a painful punishment.	न अन्धे के लिए कोई हरज है, न लँगडे के लिए कोई हरज है और न बीमार के लिए कोई हरज है। जो भी अल्लाह और उसके रसूल की आज्ञा का पालन करेगा, उसे वह ऐसे बाग़ों में दाख़िल करके, जिनके नीचे नहरे बह रही होगी, किन्तु जो मुँह फेरेगा उसे वह दुखद यातना देगा	इस बात से पहले भी नहीं हो सकता कि गलतियाँ किये बिना स्वीकार्य किया गया योग्य कार्य के लिए जिम्मेदारी दी जा सकती है।
200	200	200	Why didn't you come with me.	क्यों तुम मेरे साथ नहीं आया था.	दूसरे के लिए क्यों नहीं आए।
201	201	201	Yeah, 7,000 people.	हाँ, 7,000 लोग.	जी, 7,000 people.
202	202	202	King me. -Chess.	राजा मैं.	किंग मे.. चेस्स।
203	203	203	_Open	खोलें (_O)	पूछने
204	204	204	Anyway, art moved on, as it must, it has to.	वैसे भी, कला पर ले जाया गया, केरूपमेंयहचाहिए ,यहकरनेके लिएहै.	वैसा, कला ने आगे बढ़ कर होना हो कर है.
205	205	205	Do you have prior experience?	आप पहले अनुभव है?	जी हूँ कि मैंने पहले किसी भी स्थिति में काम किया हूँ।
206	206	206	Send the drone.	गबन भेजें.	सेंड हैलो किट.
207	207	207	If you want to be alone, we understand.	आप अकेले रहना चाहते हैं, हम समझते हैं.	अगर आप अकेले रहन चाहते हैं, तो हम समझते हैं।
208	208	208	O My bondmen who believe! Indeed My earth is spacious – therefore worship Me alone.	ऐ मेरे बन्दों, जो ईमान लाए हो! निस्संदेह मेरी धरती विशाल है। अतः तुम मेरी ही बन्दगी करो	मेरे भाई जो विश्वास रखते हैं! सच में, मेरा पृथ्वी सांस्कृतिक रूप से विविधिता के कारण भोजित हूँ.
209	209	209	All information in this memo will be deleted and can not be restored.	इस यथारूप प्रविष्टि की सभी सूचनाएँ मिट दी जाएँगी और फिर सहेजी नहीं जा सकेगी.	इस मेमो के सभी जानकारी हट कर दी गई है और इसे वापस नहीं किया जा सकता है।
210	210	210	Later I will pluck for you twice.	बाद में ... दोबारा... मैं तुम्हारे लिए तोड़ दुंगा.	दूसरे I कि लूँगा यूँ दूँगा कि मैं न भी दूँ।
211	211	211	O Romeo, Romeo, wherefore art thou Romeo?	हे रोमियो, रोमियो, किस कला तू रोमियो?	रोमो, रोमो, व्हरोथ यू रोमो?
212	212	212	Hath there come Unto thee the story of Musa!	(ऐ रसूल) क्या तुम्हारे पास मूसा का किस्सा भी पहुँचा है	मुसा की कहानी है!
213	213	213	YOU'RE MAKING A SPEECH ABOUT FITTING KITCHENS?	आप फिटिंग रसोई बारे में एक भाषण बना रहे हैं?	आपका किचन में कपड़े स्टोर करने के बारे में स्पीचिंगAbout फिटिंग किचन में कपड़े स्टोर करने के बारे
214	214	214	Believers! If any of you should ever turn away from your faith, remember that Allah will raise up a people whom He loves, and who love Him; a people humble towards the believers, and firm towards the unbelievers; who will strive hard in the way of Allah and will not fear the reproach of the reproacher. This is the favour of Allah which He grants to whom He wills. Allah is vast in resources, All-Knowing.	ऐ ईमानदारों तुममें से जो कोई अपने दीन से फिर जाएगा तो (कुछ परवाह नहीं फिर जाए) अनक़रीब ही ख़ुदा ऐसे लोगों को ज़ाहिर कर देगा जिन्हें ख़ुदा दोस्त रखता होगा और वह उसको दोस्त रखते होंगे ईमानदारों के साथ नर्म और मुन्किर (और) काफ़िरों के साथ सख्त ख़ुदा की राह में जेहाद करेंगे और किसी मलामत करने वाले की मलामत की कुछ परवाह न करेंगे ये ख़ुदा का फ़ज़ल (व करम) है वह जिसे चाहता हे देता है और ख़ुदा तो बड़ी गुन्जाइश वाला वाक़िफ़कार है	अनुसार, इस अनुसार भाषा में लिखा गया है।
215	215	215	"Then they will have no excuse but to say, ""By God our Lord, we have never been polytheists."""	"फिर उनका कोई फ़िला (उपद्रव) शेष न रहेगा। सिवाय इसके कि वे कहेंगे, ""अपने रब अल्लाह की सौगन्ध! हम बहुदेववादी न थे।"""	यहाँ तो उन्हें कुछ भी नहीं राजकीय हो सकतेपन का आरोप है।
216	216	216	There was just a stop. maybe someone's coming.	सिर्फ एक ही स्टॉप पार हुआ है, शायद कोई आ जाए.	कुछ जानकारी रुकावट के रूप में है।
217	217	217	Allah created you from dust, then from a drop of sperm, then He made you into pairs. No female conceives, nor delivers (a child) except with His knowledge. None is given a long life nor is any diminished in his life but it is written in a Book. Surely that is quite easy for Allah.	अल्लाह ने तुम्हें मिट्टी से पैदा किया, फिर वीर्य से, फिर तुम्हें जोड़े-जोड़े बनाया। उसके ज्ञान के बिना न कोई स्त्री गर्भवती होती है और न जन्म देती है। और जो कोई आयु को प्राप्ति करनेवाला आयु को प्राप्त करता है और जो कुछ उसकी आयु में कमी होती है। अनिवार्यतः यह सब एक किताब में लिखा होता है। निश्चय ही यह सब अल्लाह के लिए अत्यन्त सरल है	इससे पहले नहीं कहाया गया कि अल्लाह ने आपको जट्टा से बनाया है और उसके बाद उसे पairs किया है। कोई भी ऐसी बात नहीं कह सकता कि अल्लाह ने आपको जट्टा से बनाया है और उसके बाद उसे पairs किया है।
218	218	218	SEAN: Yeah.	तीन , दो, एक जाने के लिए,!	जैसा.
219	219	219	Quarterback's gonna tell you where he's going with the ball.	क्वार्टरबैकवहगेंदकेसाथजारहा है जहांआप बताने वाला	क्वार्टर्टीन के तो बता सकते हैं कि वे बॉल को कहीं जाते हैं।
220	220	220	But they denied him, and We seized them with the torment of the Day of Shadowing (when the cloud had rained down fire). It was indeed the torment of a terrible day!	किन्तु उन्होंने उसे झुठला दिया। फिर छायावाले दिन की यातना ने आ लिया। निश्चय ही वह एक बड़े दिन की यातना थी	यह कहते कि उन्होंने उसे denied किया और डर के प्रकाश में डालते हुए उसे Day of Shadowing का सामना करना पड़ रहा था।
221	221	221	Extraction not performed	निकाला नहीं गया	
222	222	222	Muhammad is not the father of [any] one of your men, but [he is] the Messenger of Allah and last of the prophets. And ever is Allah, of all things, Knowing.	(लोगों) मोहम्मद तुम्हारे मर्दों में से (हक़ीक़तन) किसी के बाप नहीं हैं (फिर जैद की बीवी क्यों हराम होने लगी) बल्कि अल्लाह के रसूल और नबियों की मोहर (यानी ख़त्म करने वाले) हैं और खुदा तो हर चीज़ से खूब वाक़िफ है	इससे पहले मुहम्मद के पिता नहीं थे, लेकिन हुमायार सभी धर्मों के धर्मज्ञ थे, और हर कुछ हुम्मातीर हैं।
223	223	223	"The value ""%s"" is not part of the enum ""%s"""	%s नियमित फाइल नहीं है	"""%s"" का हिस्सा नहीं होता कि ""%s"" का हिस्सा ""%s"" से अलग होता"
224	224	224	As we are experiencing some really nice above seasonal weather.	.. हम मौसमी मौसम के ऊपर वास्तव में अच्छा कुछ सामना कर रहे हैं के रूप में	जैसा कि हम कुछ रोचक और सीज़नल ही वायु में रहते हैं।
225	225	225	We should go get in a batting cage.	हम बल्लेबाजी के पिंजरे में मिल जाना चाहिए.	हमें बैटिंग कैंडियम में जाना चाहे तो अच्छा है।
226	226	226	This is Vegas.	इस वेगास है.	यह वेज स्ट्रीट रिटेल परिसर है।
227	227	227	You're the one gonna need to take care.	तुम ध्यान रखना.	आप जो लेना हो योग्य लोगों को देना है।
228	228	228	If you played a gig for striking double-glazing salesmen,	यदि तुमने कुछ सेल्समैन के लिए गिग परफ़ॉर्म किया है...	अगर आप गिटर बजाने वाले स्ट्राइग डिप-Salesman को भेदा से गिटर की बोली दे सकते ह
229	229	229	And to (the tribe of) Thamud (We sent) their brother Salih. He said: O my people! Serve Allah. Ye have no other Allah save Him. A wonder from your Lord hath come unto you. Lo! this is the camel of Allah, a token unto you; so let her feed in Allah's earth, and touch her not with hurt lest painful torment seize you.	"और समूद की ओर उनके भाई सालेह को भेजा। उसने कहा, ""ऐ मेरी क़ौम के लोगो! अल्लाह की बन्दगी करो। उसके अतिरिक्त तुम्हारा कोई पूज्य नहीं। तुम्हारे पास तुम्हारे रब की ओर से एक स्पष्ट प्रमाण आ चुका है। यह अल्लाह की ऊँटनी तुम्हारे लिए एक निशानी है। अतः इसे छोड़ दो कि अल्लाह की धरती में खाए। और तकलीफ़ पहुँचाने के लिए इसे हाथ न लगाना, अन्यथा तुम्हें एक दुखद यातना आ लेगी।-"	इस प्रक्त्त में स्पष्ट रूप से नहीं, बल्कि ऐसे वाक्यों को बताया जा सकता है कि वे सही हैं।
230	230	230	& Image	छवि (I) Image/ Selection Menu caption - make sure that translation has the same accel as the & Image translation	"texts:
& images"
231	231	231	Next/Previous Message	अगला पिछला संदेश	सबसे आगे / सबस्ते आगे के
232	232	232	Cannot delete folder: %s: No such folder	फ़ोल्डर विलोपित नहीं कर सकता है: %s:कोई ऐसा फ़ोल्डर नहीं	"इस फ़ोरum से कोई भी रचना नहीं की सकती क्यूँ कि:
इस फ़ोरम से कोई भी रचना नहीं की सकती क्यूँ कि:
इस फ़ोरम से कोई भी रचना नहीं की सकती क्यूँ कि:
इस फ़ोरम से कोई भी रचना नहीं की सकती क्यूँ कि:
इस फ़ोरम से कोई भी रचना नहीं की सकती क्यूँ कि:
इस फ़ोरम से कोई भी रचना नहीं की सकती क्यूँ कि:
इस फ़ोरम से कोई भी रचना नहीं की सकती क्यूँ कि:
इस फ़ोरम से कोई भी रचना नहीं की सकती क्यूँ कि:
इस फ़ोरम से कोई भी रचना नहीं की सकती क्यूँ कि:
इस फ़ोरम से कोई भी रचना नहीं की सकती क्य"
233	233	233	He wiped the sweat from his forehead.	उसने अपने माथे से पसीना पोंछा।	बार-बार तुम्हें थोड़ा थोड़ा भी गड़बाटा हो गई थी!
234	234	234	He has forbidden you carrion, and blood, and the flesh of swine, and anything consecrated to other than God. But if anyone is compelled by necessity, without being deliberate or malicious, then God is Forgiving and Merciful.	उसकी नेअमत का शुक्र अदा किया करो तुम पर उसने मुरदार और खून और सूअर का गोश्त और वह जानवर जिस पर (ज़बाह के वक्त) ख़ुदा के सिवा (किसी) और का नाम लिया जाए हराम किया है फिर जो शख़्श (मारे भूक के) मजबूर हो ख़ुदा से सरतापी (नाफरमानी) करने वाला हो और न (हद ज़रुरत से) बढ़ने वाला हो और (हराम खाए) तो बेशक ख़ुदा बख्शने वाला मेहरबान है	यह कहें कि कुछ लोग कॉर्टेज, हेम, श्वासुदेव, और अन्य consec्रेटेड त्यागकार को निर्देशित करते हुए, औरगत करते हुए, केवल तो हो सकता है कि God, हेम, श्वासुदेव, और अन्य consecrated to other than God, but if anyone is compelled by necessity, without being deliberate or malicious, then God is Forgiving and Merciful.
235	235	235	Rabak	रबातusa. kgm	राबैक
236	236	236	_Work Online	ऑनलाइन कार्य करें (_W)	काम ऑनलाइन
237	237	237	Is this guy clean?	हैइसआदमीकोस्वच्छ	जिस पानी से आप पानी पीते हैं वो भी साफ है?
238	238	238	The command key I have entered is revoking your authority, this ship is now under my control.	मैंने दर्ज किया कमांड कुंजी , अपने अधिकार पलट है इस जहाज को अपने नियंत्रण में अब है.	कमांड के लिए मैंने तो entered कि आपकी अधिक्त कर रही हूँ. यह यात्रा अब मेरी अधिक्ति के समय से हो चुकी हूँ।
239	239	239	I gotta tell 'em something.	मैं उन्हें कुछ बताना होगा.	मुझे बताना ज्यादा सुनने वाले हूँ.
240	240	240	Unrecognized desktop file Version '%s'	अपरिचित डेस्कटॉप फ़ाइल संस्करण '%s'	अन्यान्य कंप्यूटर डेटाबेस व्यावसायिकी 15
241	241	241	- 19 years...	- 19 साल ...	- 19 सालों के बाद...
242	242	242	I might just stay in Vegas.	मैं सिर्फ वेगास में रह सकता है.	मैं वेज में रहने जा सकता हूँ।
243	243	243	They told me not to get involved with the Nazis.	उन्होंने मुझे बताया था कि नाजियों के साथ शामिल मत होना.	जिसने मुझसे कहा है कि युद्ध राजनीति से बचें
244	244	244	O you who have believed, do not take your fathers or your brothers as allies if they have preferred disbelief over belief. And whoever does so among you - then it is those who are the wrongdoers.	ऐ ईमानदारों अगर तुम्हारे माँ बाप और तुम्हारे (बहन) भाई ईमान के मुक़ाबले कुफ़्र को तरजीह देते हो तो तुम उनको (अपना) ख़ैर ख्वाह (हमदर्द) न समझो और तुममें जो शख़्स उनसे उलफ़त रखेगा तो यही लोग ज़ालिम है	यह समझ लेने के इंतज़ाम के साथ नहीं लिया जा सकता है और वे जो इस बात से भी पहले नहीं कह सकते कि वे इस विषय से समझ लेने के इंतज़ाम के साथ नहीं लिया जा सकता है।
245	245	245	L know, but you will be 19 this summer and the girls already say you don't like them.	मुझे पता है, लेकिन आप इस गर्मी में 19 हो जाएगा... ... और लड़कियों को पहले से ही आप उन्हें पसंद नहीं है.	मुझे पता है, लेकिन आपके 19 इस साल और girls के पहले कहा कह कहा है।
246	246	246	Easily sleeps two dozen adults.	आसानी से दो दर्जन से अधिक वयस्कों सोता है.	इससे ज़्यादातर लोग सो कर लेते हैं.
247	247	247	(SCATTERED LAUGHTER)	(बिखरेहंसी)	रहस्यात भरपात्रता से स्वर्ग की भावना को स्पष्ट करने वाला हूँ।
248	248	248	She likes cracking bones.	उसे हाथ की हड्डियाँ तोड़ने में मज़ा आता है	इससे पहले की बात नहीं है।
249	249	249	I would love a cup of tea.	मैं एक कप चाय लूंगी.	पहुँच की चम्मची चाँदी देना पसंद हूँ।
250	250	250	What disturbs me most is not your lack of respect for my judgment.	क्या मुझे सबसे ज्यादा परेशान मेरे फैसले के प्रति सम्मान की अपनी कमी नहीं है.	इस बात से मुझे सबसे ज़्यादा परेशान है कि तुम्हें मेरी निर्णयीता से कुछ नहीं छोड़ सकती।
251	251	251	Fri	शुक्रwind direction - wind speed is too low to measure	कृपया (फ़्रिडे)
252	252	252	and when you seize [someone for punishment], you seize [him] like tyrants.	और जब किसी पर हाथ डालते हो तो बिलकुल निर्दय अत्याचारी बनकर हाथ डालते हो!	इससे पहले जो आपने [किसी को] को पकड़े हैं उनसे कुछ नहीं हटाया,नहीं लिखें।
253	253	253	Take a look at this frame.	इस फ्रेम पर नज़र डालना.	यहाँ देखें।
254	254	254	I will be in my office, darling.	मैं अपने कार्यालय में होगा, प्रिय.	इससे मैं अपनी ऑफिस में रहूँगी।
255	255	255	Tuesday	मंगलवार	सोमवार
256	256	256	The driver Yakub and constable Arvind, Ravindra and Ram Naresh were injured.	चालक याकूब और सिपाही अरविंद, रविंद्र व रामनरेश घायल हो गए।	"दुर्भिगटन:
ड्राइवर यकुब और कॉन्सल्टर आरविंद्र और आरविंदनाथ ने चोटिलिंग में संघर्वित हो गया था।"
257	257	257	Cogl Texture	Cogl संरचना	कॉगल टेक्स्चर
258	258	258	photo;video;webcam;	photo;video;webcam;	कृपया;प्राप्त;वीडियो;वेबकैम;
259	259	259	And how many have We destroyed from the generations after Noah. And sufficient is your Lord, concerning the sins of His servants, as Acquainted and Seeing.	और नूह के बाद से (उस वक्त तक) हमने कितनी उम्मतों को हलाक कर मारा और (ऐ रसूल) तुम्हारा परवरदिगार अपने बन्दों के गुनाहों को जानने और देखने के लिए काफी है	नोए के समय से उसके पास बाँधे जाने वाले 100 से ज़्यादा के लोग उसके बाद में उसी समय से हिंसक हो सकते हैं। और आप जानते हैं कि उसके बाद में उसका संतुलन सुखात्य हो सकता है।
260	260	260	Contact Details	संपर्क विवरण	संपर्क विवरण
261	261	261	This option corresponds to the -N diff option.	यह विकल्प - I diff से संबंधित है.	-न डिफ़ॉल्स डिफ़ॉल्स डिफ़ॉल्स डिफ़ॉल्स डिफ़ॉल्स डिफ़ॉल्स डिफ़ॉल्स डिफ़ॉल्स डिफ़ॉल्स डिफ़ॉल्स डिफ़ॉल्स डिफ़ॉल्स डिफ़ॉल्स डिफ़ॉल्स डिफ़ॉल्स
262	262	262	Unknown	अज्ञात	ज्ञात नहीं
263	263	263	_Restore	फिर जमा करें (_R)	रestoration
264	264	264	Keep on the sunny side, always on the sunny side	धूपपक्षपर रखें,हमेशाधूपओर	सबसे अच्छी जगह, हमेशा सुनिंगी सी जगह
265	265	265	- Ask him what happened.	- उससे पूछो क्या हुआ.	- पूछें कि वे क्या हुआ.
266	266	266	But if you use them to melt castles and burn cities, you're not different.	लेकिन आप उन्हें प्रयोग महल पिघल और शहरों में जला है, आप अलग अलग नहीं कर रहे हैं।	लेकिन यदि आप उनसे गर्भनिधि सामग्री से तेल को उबालने या शहरों को जल देने से हो सकता है.
267	267	267	Landover Park.	Landover पार्क.	लैंडोवर पार्क.
268	268	268	Really, Anatolij, please tell us.	सच में, अनातोलिज, कृपया हमें बतांए.	अनाथोलिज, प्लीज़ स्टोर us.
269	269	269	File is not a valid .desktop file	फ़ाइल वैध .desktop फ़ाइल नहीं है	निर्माता नहीं है वाली-वाली डिस्क डेट़ाबिलिटी फाइल
270	270	270	We at GV would love to see your posts on that day too, so do feel free to leave a comment and we will definitely check with you on October 12th to cover what you say on that day (and any day) about the environment.	अतः आपसे गुजारिश है कि टिप्पणी में अवश्य बताएँ और फिर हम निश्चित रूप से 12 अक्तूबर को यह देखेंगे कि उस दिन (और अन्य किसी भी दिन,) आपने पर्यावरण पर अपने क्या विचार व्यक्त किए .	रिपोर्ट करने के लिए हमें यह पता नहीं हो कि 12 अक्टूबर को पर्यावरण पर इस बारे में कह सकते हैं कि दुनिया के कुछ हिस्से इस तरह से प्रभावित होते हैं, तो यह जो हमें यह पता है, वह हमारे लिए बहुत महत्वपूर्ण है।
271	271	271	Then I announced to them and [also] confided to them secretly	और उनकी पोशीदा भी फ़हमाईश की कि मैंने उनसे कहा	"यहाँ से पूछें:
तो से मैंने उन्हें बताते और [सही] गुप्तगता से संवादित किया।"
272	272	272	Glory be to your Lord: the Lord of Glory is far above what they attribute to Him.	ये लोग जो बातें (खुदा के बारे में) बनाया करते हैं उनसे तुम्हारा परवरदिगार इज्ज़त का मालिक पाक साफ है	इससे पहले की जानकार हाँके उनको जो उनसे जाता है
273	273	273	And your movements among those who bow in homage to God.	और सजदा करनेवालों में तुम्हारे चलत-फिरत को भी वह देखता है	और आप जो लोगों को ईसा प्राप्त करने के लिए झाँठ-जैसी नज़र रखन रखते हैं, वो भी हो सकते हैं।
274	274	274	Who are you to ask me that?	तुम मुझे उस से पूछने के लिए कौन हैं?	आप मुझसे क्या पूछ रहे हैं?
275	275	275	- ( clicks, tunes )	- (क्लिक करता है, धुनों)	
276	276	276	_Refresh Registry	पंजी ताजा करें (_R)	_रिकॉर्ड रिफ़्रश कर
277	277	277	Enables random Tux explosions.	टक्स को बेतरतीब विस्फोटित होने देता है.	द्विध्रिकरण से सामूहिक रूप से विस्फारा हो सकता है।
278	278	278	This business is killing him.	यह व्यापार उसे मार रहा है.	इस बिज़नस को मरने वाले हैं।
279	279	279	It does not work with our feelings.	यह भावनाओं से काम नहीं करता.	इस तरह काम नहीं करते.
280	280	280	A clan where a man dies only after killing 100 men.	एक कुल जहाँ पुरुष 100 को मार कर मरता है.	100।
281	281	281	They'll race behind you. They will stumble. They will fall.	वे, आप के पीछे आराम करेंगे ठोकर होगा, वे गिर जाएगी.	वे पीछे ध्यान दिलाएँ। वे जो ध्यान दिलाते हैं, वे जो हिल जाते हैं, वे हिल जाएँँगे।
282	282	282	© P@rM! NdeR M@nkÖÖ ™	©पी@RM nder एम@nkÖÖ 	आप, प्रेम, निर्देश में से डेंके जाना सहेजें कि डेंके जाना सहेजें
283	283	283	Somebody has filed an injunction.	किसी ने एक आदेश दायर किया है.	कोई भी निवेदन किया है।
284	284	284	Not yet, there's still one more.	अभी नहीं, अभी एक और बाकीं है.	जिस कुछ भी है, वह एक और
285	285	285	Which they will enjoy for ever. Indeed God has greater rewards with Him.	उनमें वे सदैव रहेंगे। निस्संदेह अल्लाह के पास बड़ा बदला है	इस बारे में निम्नलिखित है कि कुछ विवरण।
286	286	286	Select name of the Evolution backup file	एवोल्यूशन बैकअप फ़ाइल का नाम चुनें	अनुपस्थिति का चयन इवॉल्ट बैकअप फ़ाइल का नाम
287	287	287	-Crane, Mantis?	-क्रेन, मैंटिस?	क्रayne, मैंटिस?
288	288	288	Yeah, well you smell like aquarium rocks.	हाँ, अच्छी तरह से आप मछलीघर चट्टानों की तरह बू आ रही है.	जी, वे स्टोर रॉक्स जैसा आॅक्यूइंट्स सें हो.
289	289	289	I dived into the river.	मैंने नदी में छलाँग लगाकर डुबकी ली।	जैसे हूँ तो जैसे बैठ रहूँ।
290	290	290	%s min	%s min	मिनिस्ट्रेट
291	291	291	An link to the project web page if provided.	लिंक को पृष्ठ यदि.	इससे पहले की जानकारी के लिए कोई भी रूप में मिल सकता है.
292	292	292	Tomorrow %l:%M:%S %p	कल %l:%M:%S %p	जो सार्वजनिक परामर्श प्रदाता है, वो यहाँ नहीं बताते।
293	293	293	Transfer the current call	वर्तमान कॉल हस्तांतरित करें	आधिकार्य को बदल
294	294	294	Work Week View: %s. %s	कार्य साप्ताहिक दृश्य: %s. %s	कार्य सप्ताह देखा: %s. %s
295	295	295	Only common people believe these tales, as they believe most anything.	केवल आम लोगों को वे सबसे अधिक कुछ भी विश्वास के रूप में , इन कहानियों का मानना ​​है.	यह सही माने योग्य लोगों को ये कहानियाँ सुनाई जाती हैं, क्योंकि वे सबसे बड़ी लोगों को सुनते हैं, जो सबसे बड़ी लोगों को सुनते हैं।
296	296	296	Using this, people can get cold water in the summer.	इससे लोगों को गर्मी के दिनों में ठंडा पानी मिल सकेगा।	इससे से लोग ठंडी पानी भी हो सकता है।
297	297	297	We're pulling clear of them.	उनमें से cIear खींच रहे हैं.	हम उनमें से बाहर हैं।
298	298	298	chart	चार्ट	चर्ट
299	299	299	Contact connected	संपर्क कनेक्टेड	संपर्क स्थित
300	300	300	A_vailable Fields:	उपलब्ध क्षेत्र (_v):	प्रदान किए गए fields:
301	301	301	Like those who lately preceded them, they have tasted the evil result of their conduct; and (in the Hereafter there is) for them a grievous Penalty;-	उनका हाल उन लोगों का सा है जो उनसे कुछ ही पेशतर अपने कामों की सज़ा का मज़ा चख चुके हैं और उनके लिए दर्दनाक अज़ाब है	यह जो पहले उन्हें प्राप्त हुआ था उनसे पहले की बात है कि वे कुछ भी नहीं हैं और उनसे जो हुआ है, उसे की जाती है।
302	302	302	Folder _Size	फ़ोल्डर आकार (_S)	पैमाने
303	303	303	That was the same show, just without Anton!	कि सिर्फ एंटोन बिना ही दिखा रहा था!	इसी शो को अंटोन के बिना किया गया थ़
304	304	304	Cameron is Niles' son.	कैमरून नाइल्स 'बेटा है.	कैमरन निल्स का बच्चा है।
305	305	305	"(Jesus had said): ""Indeed Allah is my Lord and your Lord, so serve Him alone. This is the Straight Way."""	"""और निस्संदेह अल्लाह मेरा रब भी है और तुम्हारा रब भी। अतः तुम उसी की बन्दगी करो यही सीधा मार्ग है।"""	"अरे, जे से कहा गया): ""हाँ हेवा, यूरो के अपने हेव, तो यूरो के अपने हेव से ही इस साधारण तरीके से चले जाएँ."""
306	306	306	They know the outward of this world's life, but of the hereafter they are absolutely heedless.	वे सांसारिक जीवन के केवल वाह्य रूप को जानते है। किन्तु आख़िरत की ओर से वे बिलकुल असावधान है	यहाँ से बातचीत शुरू हुईै, लेकिन इस बारे में से भी बहुत ज़्यादा नहीं है.
307	307	307	And it is He Who has created man from water, and has appointed for him kindred by blood, and kindred by marriage. And your Lord is Ever All-Powerful to do what He will.	और वही तो वह (ख़ुदा) है जिसने पानी (मनी) से आदमी को पैदा किया फिर उसको ख़ानदान और सुसराल वाला बनाया और (ऐ रसूल) तुम्हारा परवरदिगार हर चीज़ पर क़ादिर है	यह कहें तो हो सकती कि यह सच हो सकता |
308	308	308	You saw it:	आपने देखा:	आपने देखाा:
309	309	309	Just tell me if he had a knife.	बस मुझे बताओ कि क्या उसके पास चाकू था.	यह बताएँ कि अगर उन्हें किसी हथियार की थी तो उनसे कहूँ कि क्या उन्हें किसी हथियार की थी.
310	310	310	Importing Outlook Express data	आउटलुक एक्सप्रेस आंकड़ा आयात कर रहा है	अन्य ई-मेल स्टोरी डाउनलोड करने
311	311	311	There is no blame against him who avenges himself after he has been wronged.	और जो कोई अपने ऊपर ज़ु्ल्म होने के पश्चात बदला ले ले, तो ऐसे लोगों पर कोई इलज़ाम नहीं	इस पर भी निम्न स्वर्णिम के पात्र हैं।
312	312	312	Before them is Hell; naught will avail them of that which they earned, nor those whom they took for patrons beside Allah. Theirs shall be a torment mighty.	उनके आगे जहन्नम है, जो उन्होंने कमाया वह उनके कुछ काम न आएगा और न यही कि उन्होंने अल्लाह को छोड़कर अपने संरक्षक ठहरा रखे है। उनके लिए तो बड़ी यातना है	यह उनमें हell है; जो उन्हें है वो उन्हें भी नहीं लेग; जो उन्हें लाया गया कोई भी विषय हो जो उन्हें वित्त रूप से लाभ हो सकता है).
313	313	313	No home...	कोई घर नहीं...	नहीं का...
314	314	314	"The register function hasn't been found automatically in the following pretty printer files: %s You need to fill yourself the register function columns before enabling the rows. Most of the time the register function name contains the word ""register""."	फंक्शन पाया इंच अनुसरण कर रहा है फ़ाइल नहीं से. को भरें फंक्शन स्तम्भ पहले सक्रिय कर रहा है पंक्तियाँ का समय फंक्शन नाम रखता है शब्द.	अगले साफ़ तो कर लिया हो कि रिकॉर्ड फ़ैक्टर नाम से रिकॉर्ड की सुविधा प्रदान करें।
315	315	315	We'll pack the abdomen with tissues and examine him thoroughly.	हम ऊतकों से पेट पैक करते हैं और उसे अच्छी तरह से जांच करते हैं.	हमें व्यक्ति के पेट से जितने से भी ज्यादा टिफ़िन्स संभ करें और वे चेक करें कि व्यक्ति ठीक से ठीक नहीं है और किसी भी तरह से himself को ठीक नहीं दिखाता।
316	316	316	Thumbnail	लघु छवि	टाइब
317	317	317	"There was evidence (of the truth) for the people of Sheba in their homeland. (We gave them) two gardens, one on the left and one on the right and (told them), ""Consume the sustenance which your Lord has given to you and give Him thanks. You have a blessed land and an All-forgiving Lord""."	और (क़ौम) सबा के लिए तो यक़ीनन ख़ुद उन्हीं के घरों में (कुदरते खुदा की) एक बड़ी निशानी थी कि उनके शहर के दोनों तरफ दाहिने बाएं (हरे-भरे) बाग़ात थे (और उनको हुक्म था) कि अपने परवरदिगार की दी हुई रोज़ी Âाओ (पियो) और उसका शुक्र अदा करो (दुनिया में) ऐसा पाकीज़ा शहर और (आख़ेरत में) परवरदिगार सा बख्शने वाला	यह कह सुनकर भी समझा कि यह पाठ से जुड़ा 100।
318	318	318	It was surprisingly a televised event as the news of the arrest was leaked and the media people were trailing the security forces convoy rolling to her house.	आश्चर्यजनक रूप से यह टीवी प्रधान घटना रही चूंकि गिरफ़्तारी का समाचार पहले ही लीक हो गया था और मीडिया के लोग समाचार को कवर करने के लिए खालिदा जिया के घर की ओर जा रही सुरक्षा दस्ते के पीछे हो लिये थे.	दृश्य से एक टेलीविजन इवेंट की स्ट्रिंग दी गई थी क्योंकि न्यूज़ ऑफ़ आर्सिटल थिंकिंग की स्ट्रिंग दी गई थी और मीडिया लोग तो करें और सुरक्षा बल देें।
319	319	319	The drones will handle this.	ड्रोन इस संभाल लेंगे.	इससे हमें इसका हाथ डाल लेंगे।
320	320	320	Messages	पसंदीदा फ़ोल्डर में डाक देखें	संदेश
321	321	321	Do you have a reservation with us this evening?	आप इस शाम को हमारे साथ एक आरक्षण है?	हाँ, आप हमें इस रात को बैठने के लिए रिज़र्वेट क्या चाहें तो दे सकते
322	322	322	Separator	अलगानेवाला	पन्हा सेपर
323	323	323	Take a chance! All life is a chance.	जोखिम उठाइये! पूरी जिंदगी एक जोखिम है।	सब जीवन एक चाँझले की तरह है।
324	324	324	- They blame me behind my back!	- वे मेरी पीठ पीछे मुझे दोष!	- वे मुझे पीछे कर दिखाते!
325	325	325	The Führer would never approve. We swore to obey his will.	हम कभी आत्मसमर्पण नहीं कर सकते हैं.	एफ़र्डर वो बिल्कुल स्वीकार नहीं कह सकता। हम उनका स्वीकार करते हैं।
326	326	326	Found the appointment in the calendar '%s'	'%s' पंचांग में मुलाकात मिली.	दिए हूँ कार्यक्रम में दी हुई '%s'
327	327	327	Copying messages to '%s'	'%s' में संदेश नक़ल कर रहा है	इससे
328	328	328	Don't know where	पता नहीं कहाँ	जानते नहीं
329	329	329	Scientific	वैज्ञानिक	शैक्षणिक
330	330	330	Currently, passengers are required to turn off their smartphones, tablets and other devices once a plane's door closes.	फ़िलहाल, यात्रियों को विमान का द्वार बंद होने पर अपने स्मार्टफोन, टेब्लेट, तथा अन्य डिवाइस को बंद करने की आवश्यकता होती है।	आज, यात्रियों को अपनी स्मार्टफ़ोन, टेबल और अन्य डिवाइसों को यात्रा के समय से 30 मिनट पहले बंद करने का अनुभव बताती है.
331	331	331	And linked to that monster.	और वह राक्षस से जुड़ा हुआ।	और उसे संबंधित करते रोते हैं।
332	332	332	Or who is this that shall provide for you if He withholds His provision? No, but they persist in disdain and aversion.	मगर ये कुफ्फ़ार तो सरकशी और नफ़रत (के भँवर) में फँसे हुए हैं भला जो शख़्श औंधे मुँह के बाल चले वह ज्यादा हिदायत याफ्ता होगा	इससे पहले कि कोई आपको भवन के लिए पेश करेगा या नह, कोई संघर्ष या विरोध का इंतज़ार नहीं करेगा।
333	333	333	Everything is so chaotic, and now I'm in trouble.	सब कुछ इतनी अराजक, है और अब मैं मुसीबत में हूँ.	सभी चीज़ें इतनी भड़कती हैं, और अब मुझे भी ऐसा है कि मुझे भी ऐसा है।
334	334	334	Tanzania: Tanzanian search engine · Global Voices	तंज़ानिया: तंज़ानियाई खोज इंजन	हाँ, नमस्तान: नमस्तान के लोगों ने इंटरैक्टिव इंटरनेट प्रौदिyोग के लिए ताज़ागिरी से सुनना।
335	335	335	Well, where I get hazy is where the cleaning woman shows up the following morning and finds your wife in bed with her lover, riddled with?	ठीक गड़बड़ी वहां है जहाँ अगली सुबह सफाई वाली महिला आती है ...	रिलीज़ से रिलीज़ से कुछ घंटे पहले वही हायस्ट्री हो जाती
336	336	336	"""Then, eat of all fruits, and follow the ways of your Lord made easy (for you)."" There comes forth from their bellies, a drink of varying colour wherein is healing for men. Verily, in this is indeed a sign for people who think."	"फिर हर प्रकार के फल-फूलों से ख़ुराक ले और अपने रब के समतम मार्गों पर चलती रह।"" उसके पेट से विभिन्न रंग का एक पेय निकलता है, जिसमें लोगों के लिए आरोग्य है। निश्चय ही सोच-विचार करनेवाले लोगों के लिए इसमें एक बड़ी निशानी है"	यह सभी फलों से चिंता नहीं, बल्कि यह सभी फलों से निम्नस्वर्ग की ओर इच्छुक हो जाते हैं।
337	337	337	God: there is no god but He, the Lord of the Mighty Throne.'	"अल्लाह कि उसके सिवा कोई इष्ट -पूज्य नहीं, वह महान सिंहासन का रब है।"""	गड़: यहाँ कोई गड़ नहीं है लेकिन यह, द लॉर्ड ऑफ़ द माइट्रॉन थ्रोने, 2
338	338	338	This has come upon you because when God alone was invoked you disbelieved; but when partners were associated with Him, you believed. But judgement belongs to God, the all-high and supreme.	वह (बुरा परिणाम) तो इसलिए सामने आएगा कि जब अकेला अल्लाह को पुकारा जाता है तो तुम इनकार करते हो। किन्तु यदि उसके साथ साझी ठहराया जाए तो तुम मान लेते हो। तो अब फ़ैसला तो अल्लाह ही के हाथ में है, जो सर्वोच्च बड़ा महान है। -	इसे साँपे से शिक्षित कर सकते हैं और इस बात को सही से समझने के लिए उचित विवरण देने वाले वाक्यों से जोड़ सकते हैं
339	339	339	Toggles whether the RSVP field is displayed	टॉगल करें कि क्या RSVP श्रेत्र दिखाया गया है	रिस्प्ट फील्ड को दिखाने वाले स्ट्रिंग के को विभाजित किया जाना
340	340	340	- General Nearchus to you, boy.	- आप को जनरल Nearchus, लड़का.	यह बताने वाले वयस्य को, वयस्य को।
341	341	341	Please feed the dog every day.	कुत्ते को रोज़ खिलाईएगा।	कृप्य साँस्या देने की कृप्य साँस्या देने की कृप्य साँस्या देने की कृप्य साँस्या देने की कृप्य साँस्या देने की कृप्य साँस्या देने की कृप्य साँस्या देने की कृप्य साँस्या देने की कृप्य साँस्या देने की कृप्य साँस्या देने की कृप्य साँस्या देने की कृप्य साँस्या देने की कृप्य साँस्या देने की कृप्य साँस्या देने की कृप्य साँस्या देने की कृप्य साँस्या देने की कृप्य साँस्या देने की कृप्य साँस्या देने की कृप्य
342	342	342	I have no such blood on my hands.	मैं अपने हाथों पर ऐसी कोई खून है.	मेरे पास से भले ही न हो लेकिन।
343	343	343	_Previous	पिछला (_P)	पिछले
344	344	344	Each of you will clear out his nuclear closet immediately.	आप में से हर तुरंत उसके परमाणु कोठरी से बाहर साफ हो जाएगा.	आप सभ्र अपनी न्यूक्लियर क्लॉस्टर को सौसाधि में सँभार लेते हैं।
345	345	345	a revelation from Him Who created the earth and the high heavens.	भली-भाँति अवतरित हुआ है उस सत्ता की ओर से, जिसने पैदा किया है धरती और उच्च आकाशों को	इससे पहले की जानकारी है कि जो भूमिका है जिसने पृथ्वी और उच्च प्रायद्वान के हिमालय तथ्याग्रह के लिए तैयार किया गया था।
346	346	346	_Port:	पोर्ट (_P):	"चरण:
परिवहन:"
347	347	347	(LOUD BOOM)	(ज़ोर बूम)	खर्ची, (LOUD BOOM)
348	348	348	_Time divisions:	काल विभाजन (_T):	ट्रैबल के विभाजन:
349	349	349	This is the seventh incident in the past few days.	हाल के दिनों में हुई यह सातवीं घटना है।	कुछ हफ्तों में ऐसा है।
350	350	350	They're well-trained and they're well-organized.	वे अच्छी तरह से प्रशिक्षित हैं और वे अच्छी तरह से आयोजित कर रहे हैं.	वे बहुत प्रशिक्षित हैं और वे बहुत अच्छी तरह से नियमित हैं।
351	351	351	O you who have faith! Should any of you desert his religion, Allah will soon bring a people whom He loves and who love Him, [who will be] humble towards the faithful, stern towards the faithless, waging jihad in the way of Allah, not fearing the blame of any blamer. That is Allah’s grace, which He grants to whomever He wishes, and Allah is all-bounteous, all-knowing.	ऐ ईमानदारों तुममें से जो कोई अपने दीन से फिर जाएगा तो (कुछ परवाह नहीं फिर जाए) अनक़रीब ही ख़ुदा ऐसे लोगों को ज़ाहिर कर देगा जिन्हें ख़ुदा दोस्त रखता होगा और वह उसको दोस्त रखते होंगे ईमानदारों के साथ नर्म और मुन्किर (और) काफ़िरों के साथ सख्त ख़ुदा की राह में जेहाद करेंगे और किसी मलामत करने वाले की मलामत की कुछ परवाह न करेंगे ये ख़ुदा का फ़ज़ल (व करम) है वह जिसे चाहता हे देता है और ख़ुदा तो बड़ी गुन्जाइश वाला वाक़िफ़कार है	अपने धार्मिक विश्वास! के अनुसार, के faithless के बीच, एक व्यक्त के विवाह, एक विशिष्ट रीति-राज्य के रीति-राज्य के बीच, एक व्यक्त के विवाह, एक विशिष्ट रीति-राज्य के रीति-राज्य, एक व्यक्त के विवाह, एक विशिष्ट रीति-राज्य के रीति-राज्य, एक व्यक्त के विवाह, एक विशिष्ट रीति-राज्य के रीति-राज्य, एक व्यक्त के विवाह, एक विशिष्ट रीति-राज्य के रीति-राज्य, एक व्यक्त के विवाह, एक विशिष्ट रीति-राज्य के रीति-राज्य, एक व्यक्त के विवाह, एक विशिष्ट रीति-राज्य के रीति-राज्य, एक
352	352	352	We can't afford it. It's up to you	ये हमारी पहुँच के बाहर है अब सब कुछ तुमाहरे ऊपर है	हम उसे नहीं ले सकते. यह आपके समय के लिए है
353	353	353	I am quite exciting to show you something	मैं काफी आप कुछ दिखाने के लिए रोमांचक हूँ	मैं कुछ भी हासिल हो सकता हूँ
354	354	354	I THINK YOU SHOULD TAKE MORE RESPONSIBILITY.	मैं आप अधिक जिम्मेदारी लेनी चाहिए.	जी हाँ, आप अधिक जिम्मेदारी से जू सकते हैं।
355	355	355	No contacts	कोई संपर्क नहीं	कोई संपर्क नहीं
356	356	356	Gnome Calendar's calendar import done	ग्नोम पंचांग से पंचांग को आयात किया गया	कृपयोग्य हूँ कि इस प्रक्य�र में मौजूद कोई भी जानकारी हटा दी गई है या नहिंदन कर दी गई है
357	357	357	[children chattering]	[बच्चे गपशप करते हैं]	कहते हैं [बच्चे बोलते हैं]
358	358	358	Let's take him to the hospital.	इन्हें अस्पताल ले चलो.	इसे अस्पतारलिए.
359	359	359	Verily they found their fathers gone astray.	उन लोगों ने अपन बाप दादा को गुमराह पाया था	जैसो वे अपने पिताजी को भ्रष्ट बन जाते हैं।
360	360	360	When you return, they will swear to you by God so that you may leave them alone, so leave them alone. They are unclean, and Hell will be their home as a reward for their actions --	जब तुम पलटकर उनके पास जाओगे तो वे तुम्हारे सामने अल्लाह की क़समें खाएँगे, ताकि तुम उन्हें उनकी हालत पर छोड़ दो। तो तुम उन्हें छोड़ ही दो। निश्चय ही वे गन्दगी है और उनका ठिकाना जहन्नम है। जो कुछ वे कमाते रहे है, यह उसी का बदला है	यह कहें तो हो कि आप वापस आए हैं और उनसे स्वॉर्जन का वादा है कि God. ऐसा इसलिए है कि उनसे छुटकारा भी कह सकते हैं कि वे अपने actions के लिए स्वॉर्जन का वादा है कि God.
361	361	361	Lao-Tsé.	लाओ त्से.	यह लाओ-ट्से और लाओ-ट्सé के बीच साझेदारी के सिद्धांत में से एक है।
362	362	362	Tell them we need more time!	हम समय से बाहर हैं.	आप उन्हें बताएँ कि समय के लिए और भी समय चाहें!
363	363	363	Moses said: Speak ye (so) of the Truth when it hath come unto you? Is this magic? Now magicians thrive not.	"मूसा ने कहा, ""क्या तुम सत्य के विषय में ऐसा कहते हो, जबकि यह तुम्हारे सामने आ गया है? क्या यह कोई जादू है? जादूगर तो सफल नहीं हुआ करते।"""	मॉस ने कहा: जब आप इस बात को सुन रह हैं कि सच्चाई यहाँ आयी है तो इस बात को सुनकर भी बताया जा सकता है कि यह सब ठीक से और सही तरी से हुआ है।
364	364	364	How can a queen who can't defend herself rule this kingdom, King?	एक रानी जो अपनी रक्षा नहीं कर सकती वो कैसे इस साम्राज्य पर शासन करेगी महाराजा?	राज्य का कौन सा शासन कर सकता है, राज्य?
365	365	365	And Noah cried unto his Lord and said: My Lord! Lo! my son is of my household! Surely Thy promise is the truth and Thou are the Most Just of Judges.	"नूह ने अपने रब को पुकारा और कहा, ""मेरे रब! मेरा बेटा मेरे घरवालों में से है और निस्संदेह तेरा वादा सच्चा है और तू सबसे बड़ा हाकिम भी है।"""	और नो ने अपने राजा से राजा के सामने अपने बच्चु को राजदान की घोषणा की थी।
366	366	366	Its my name.	इसका मेरे नाम.	इससे मैंनेा।
367	367	367	Created they the heavens and the earth! Aye! they will not be convinced.	या उन्होंने आकाशों और धरती को पैदा किया?	अरे! ये तो पृथ्वी और आकाश यंत्रों पर भेद नहीं से हो सकते.
368	368	368	That's all from me.	मेरी तरफ से यही.	मैंने यह बताने के लिए कहा नह?).
369	369	369	God is the guardian of even those who have chosen others (idols) besides Him as their guardians (Muhammad), you will not have to answer for them.	और जिन लोगों ने उससे हटकर अपने कुछ दूसरे संरक्षक बना रखे हैं, अल्लाह उनपर निगरानी रखे हुए है। तुम उनके कोई ज़िम्मेदार नहीं हो	यह सुनिश्चित करने के लिए भी नहीं कह सकते कि वेबसाइट या चीज़ के बारे पर हमें जो जानकारी मिली उसे हम हमसे ज़्यादातर नहीं ले सकते
370	370	370	[ CAR HORNS HONK ]	[कार सींग हार्न]	कर-हॉर्न होन्क के खात्म्या वाले विवरण सहित संकेत के अनुसार तथ्यात्मक रूप से विवेचित्र किए गए संकेतों के प्रति प्रति परिणाम अंतर हो सकते हैं।
371	371	371	The application no longer exists	अनुप्रयोग अब मौजूद नहीं है	आज के समय में ऐसा क्या हो सकता है?
372	372	372	Fuck this tiger. Oh, my God.	मैंने कहा था कि.	इस टिप्पड़ी से कुछ भी नहीं। तिगर भावदृष्टि से।
373	373	373	- Yes.	- हाँ.	जी हाँ।
374	374	374	All I ever wanted was to protect you!	सभी मैं कभी भी चाहते थे आप की रक्षा के लिए था!	मैं तो बस इतना चाहता हूँ कि मैं तुम्हें सुरक्षा देकर तुम्हें ज़रूरत हो!
375	375	375	And We taught him the fashioning of coats of armor to protect you from your [enemy in] battle. So will you then be grateful?	और हमने उसे तुम्हारे लिए एक परिधान (बनाने) की शिल्प-कला भी सिखाई थी, ताकि युद्ध में वह तुम्हारी रक्षा करे। फिर क्या तुम आभार मानते हो?	अन और वे ने आपको अपने [हथ्यारी] के द्वारा सुरक्षा देने के लिए कोॅर्स की को-दलियाँ बनाई गई थी |
376	376	376	Could not scan folder '%s': %s	'%s' फ़ोल्डर स्कैन नहीं कर सकता है: %s	इस चार्ट पर सिर्च 'डब्ल्यू' कर सकता हूँ
377	377	377	Location at (date)	स्थान (तिथि) पर	राइट: (दater)
378	378	378	/ No, I'm not good with that.	/ नहीं, मैं अच्छा है कि के साथ नहीं हूँ.	जी हाँ, मैं उसे अच्छे से कर सकता हूँ।
379	379	379	If we do the job , we are on the dry in two or three years.	हम काम करते हैं , हम दो या तीन वर्षों में, सूखे में हैं.	अगर हम करें , तो हमें अगले दो साल तक कुछ भी नहीं हो जाएगा।
380	380	380	Then We set you upon a pathway of faith, so follow it, and do not follow the inclinations of those who do not know.	फिर हमने तुम्हें इस मामलें में एक खुले मार्ग (शरीअत) पर कर दिया। अतः तुम उसी पर चलो और उन लोगों की इच्छाओं का अनुपालन न करना जो जानते नहीं	यहाँ से हम निर्देशों के माध्यम से जान सकते हैं, प्राथकिक रूप से जानकारी दी जा सकती है।
381	381	381	/clear: clear all messages from the current conversation	/clear: मौजूदा वार्तालाप से सभी संदेशों को रिक्त करें	आपको यह प्रतिकारिणी जानकारी दी जा सकती है कि आप अभी भी संदेश भेज सकती हैं और संदेश ले सकती हैं।
382	382	382	_Discard Changes	परिवर्तन को छोड़ें (_D)	"इस टिप्पण से निम्नलिखित है:
_पूरा बदल डिस्कर्ट है"
383	383	383	_Type an email address or drag a contact into the list below:	ईमेल पता टाइप करें या निम्न सूची में संपर्क लाएँ (_T):	आपको कोई ईमेल पता हो सकता है:
384	384	384	Ellipsize	एल्लिप्साइज	संपलिष्ट भाषा
385	385	385	And when our verses are recited to him, he turns away arrogantly as if he had not heard them, as if there was in his ears deafness. So give him tidings of a painful punishment.	जब उसे हमारी आयतें सुनाई जाती हैं तो वह स्वयं को बड़ा समझता हुआ पीठ फेरकर चल देता है, मानो उसने उन्हें सुना ही नहीं, मानो उसके काम बहरे है। अच्छा तो उसे एक दुखद यातना की शुभ सूचना दे दो	अस्पष्यके दत्तु को सूचित करें कि उसकी जिन्हें पढ़ी गई, उसकी जिन्हें दिया गया, उसे भेद न दो।
386	386	386	A value to be used to override sans-serif desktop font when use-gnome-fonts is set.	सॉ सेरिफ़ डेस्कटॉप फ़ॉन्ट ओवरराइड जब सूक्ति फोंट का उपयोग करने के लिए इस्तेमाल किया जा मान सेट कर दिया जाता है.	उपसेर्स डिस्पेंसर डेस्क फ़ॉन्ट को ओवरराइड करने के लिए स्ट्रीट सेर्स डिस्पेंसर डेस्क फ़ॉन्ट को एक स्ट्रीट सेर्स डिस्पेंसर डेस्क फ़ॉन्ट को ओवरराइड करने के लिए कोई कार्यात्मक योग्री फ़ॉन्ट को ओवरराइड करने के लिए कोई कार्यात्मक योग्री फ़ॉन्ट को ओवरराइड करने के लिए कोई कार्यात्मक योग्री फ़ॉनंट्स को ओवरराइड करने के लिए कोई कार्यात्मक योग्री फ़ॉनंट्स को ओवरराइड करने के लिए कोई कार्यात्मक योग्री फ़ॉनंट्स को ओवरराइड करने के लिए कोई कार्यात्मक योग्री फ़ॉनंट्स को ओवरराइड करने के लिए कोई कार्यात्मक
387	387	387	At the moment things are very calm, very relaxed.	इस समय सब कुछ बहुत शांत है, शिथिल हैं.	आज की स्थिति बहुत शांत, बहुत आरामदायक है।
388	388	388	[ DOOR OPENS, CLOSES ]	[दरवाजा खोलता है, बंद]	करना, खुलता है और बंद है
389	389	389	realm	रियल्म	सीम
390	390	390	"And [mention, O Muhammad], when Allah took a covenant from those who were given the Scripture, [saying], ""You must make it clear to the people and not conceal it."" But they threw it away behind their backs and exchanged it for a small price. And wretched is that which they purchased."	"याद करो जब अल्लाह ने उन लोगों से, जिन्हें किताब प्रदान की गई थी, वचन लिया था कि ""उसे लोगों के सामने भली-भाँति स्पट् करोगे, उसे छिपाओगे नहीं।"" किन्तु उन्होंने उसे पीठ पीछे डाल दिया और तुच्छ मूल्य पर उसका सौदा किया। कितना बुरा सौदा है जो ये कर रहे है"	अरे, और [मention, ओ मोहम्मद], जब अलहादसालचित्र ईमान लोगों से स्पष्टीकरण के लिए कहा, “आप must स्पष्टीकरण देने के लिए विवेचित रूप से नहीं कहा जा सकता है कि लोगों को ऐसी जानकारी देने से पहले स्पष्टीकरण देने के लिए विवेचित रूप से नहीं कहा जाता है कि ऐसी जानकारी देने से पहले स्पष्टीकरण देने के लिए विवेचित रूप से नहीं कहा जाता है कि ऐसी जानकारी देने से पहले स्पष्टीकरण देने के लिए विवेचित रूप से नहीं कहा जाता है कि ऐसी जानकारी देने से पहले स्पष्टीकरण देने के लिए विवेचित रूप से नहीं कहा जाता है कि ऐसी ज
391	391	391	Heh.	हेह...	हे.
392	392	392	DOKE:	DOKE:	डॉक्टर:
393	393	393	- It's pretty awesome. - We'll take it.	नहीं, यह बहुत शांत है.	- यह बहुत ज्यादा अच्छा है. - हम उसके लिए तैयार हैं.
394	394	394	Name	नाम	नाम
395	395	395	MINUS ONE XBOX, £150, EQUALS?	शून्य से एक Xbox, £ 150 के बराबर होती है?	जो भी हो सकता है,?
396	396	396	Ellen's wallet.	एलेन का बटुआ. .	सही हो कर रहा।
397	397	397	Cumulative	क्युमुलेटिव	संयोजन
398	398	398	An image of a petrol bomb exploding - which is ludicrous, because we use biodiesel, not petrol!	एक पेट्रोल बम विस्फोट की तस्वीर छपी है जो कि एक बिल्कुल बेतुकी बात है, क्योंकि हम तो बायोडीज़ल प्रयोग करते हैं!	"स्पष्ट:
पेटोल बम विस्फार - जो दृढ़ है, क्योंकि हम biodiesel का इस्तेमाल करते हैं!"
399	399	399	man #2:	पुरुष #2:	
400	400	400	"So We have taught thee the inspired (Message), ""Follow the ways of Abraham the True in Faith, and he joined not gods with Allah."""	"फिर अब हमने तुम्हारी ओर प्रकाशना की, ""इबराहीम के तरीक़े पर चलो, जो बिलकुल एक ओर का हो गया था और बहुदेववादियों में से न था।"""	"अरब ने बताया, “पूरे संसार के साथ, Allah के साथ नहीं भी Abraham के जैसे वाक्यों को सिखाया गया:
“सहस्य-विश्वासी”, “सत्य-विश्वासी”, “सत्य-विश्वासी”"
401	401	401	"The people of Noah denied before them, and they denied Our servant and said, ""A madman,"" and he was repelled."	"उनसे पहले नूह की क़ौम ने भी झुठलाया। उन्होंने हमारे बन्दे को झूठा ठहराया और कहा, ""यह तो दीवाना है!"" और वह बुरी तरह झिड़का गया"	"नोए के लोगों ने पहले उनसे कह दिया था, और उनसे कह दिया था, ""हमस और कहल हूँ,"" और वे विवाहित थे।"
402	402	402	Aunty..you joined hands with the enemy and betrayed me.	Aunty.. you दुश्मन के साथ हाथ मिलाया और मुझे धोखा दिया।	अन्नता..आपने अपने मित्र से हाथ जोड़ लिया और मेरे प्रति का विवधन करने के लिए प्रतिबद्धन दिलाई।
403	403	403	"When they reached David, he took fright, but they said, ""Do not be afraid. We are two disputants, one of whom has wronged the other: judge between us fairly, do not be unjust, and guide us to the right path."	"जब वे दाऊद के पास पहुँचे तो वह उनसे सहम गया। वे बोले, ""डरिए नहीं, हम दो विवादी हैं। हममें से एक ने दूसरे पर ज़्यादती की है; तो आप हमारे बीच ठीक-ठीक फ़ैसला कर दीजिए। और बात को दूर न डालिए और हमें ठीक मार्ग बता दीजिए"	यह समझ लिए जा सकते हैं कि वे संवाद करने वाले विवेक्या भावविहारी हैं और उन्हें सही तरीके से समझाया जाना चाहे तो समझ लिए जा सकते हैं।
404	404	404	Now stop and listen.	अब बंद करो और सुनने।	अब सो करें और सुनें।
405	405	405	Save the current file	वर्तमान फ़ाइल सहेजें	आइट चालू कर
406	406	406	The believers must not establish friendship with the unbelievers in preference to the faithful. Whoever does so has nothing to hope for from God unless he does it out of fear or taqiyah (pious dissimulation). God warns you about Himself. To God do all things return.	ईमानवालों को चाहिए कि वे ईमानवालों से हटकर इनकारवालों को अपना मित्र (राज़दार) न बनाएँ, और जो ऐसा करेगा, उसका अल्लाह से कोई सम्बन्ध नहीं, क्योंकि उससे सम्बद्ध यही बात है कि तुम उनसे बचो, जिस प्रकार वे तुमसे बचते है। और अल्लाह तुम्हें अपने आपसे डराता है, और अल्लाह ही की ओर लौटना है	अनुसार, ऐसा वाक्य है जिसमें उपदान, हटान, या बदलने जैसे जानकारी हटा दिए जाने या दिए जाने के लिए कोई भी जानकारी हटा देने या देने के लिए कोई भी जानकारी रखने या देने देने के लिए कोई भी जानकारी रखने या देने देने के लिए कोई भी जानकारी रखने या देने देने के लिए कोई भी जानकारी रखने या देने देने के लिए कोई भी जानकारी रखने या देने देने के लिए कोई भी जानकारी रखने या देने देने के लिए कोई भी जानकारी रखने या देने देने के लिए कोई भी जानकारी रखने या देने देने के लिए कोई भी जानक
407	407	407	Assistant Engineer, Jagat Ram Chaudhary, has been sent from Guglada (Kangra) to the Kangra sub-division.	असिस्टेंट इंजीनियर जगत राम चौधरी को गुगलाड़ा (कांगड़ा) से कांगड़ा सब डिवीजन भेजा है।	कंगरा उप-शाखा से कंगरा (कांग्रा कॉं) सेंसर से जाता है।
408	408	408	Let me look at ya.	मुझे फिर देखो.	देखिए।
409	409	409	What reason do I have to lie?	वन और नहीं कच्चे लोहे का ढलाई खाना एक साथ रह सकते हैं?	इस प्रश्न का जवाब यह है कि मैं पर्याप्त ज्ञान और जानकारी से मार्गश्रोताओं को भी प्रेरित करने के लिए भले ही झूठा न हो लेकिन मेरा यह उत्तर है कि मैं पर्याप्त ज्ञान और जानकारी से मार्गश्रोताओं को भी प्रेरित करने के लिए भले ही झूठा न हो लेकिन मेरा यह उत्तर है कि मैं पर्याप्त ज्ञान और जानकारी से मार्गश्रोताओं को भी प्रेरित करने के लिए भले ही झूठा न हो लेकिन मेरा यह उत्तर है कि मैं पर्याप्त ज्ञान और जानकारी से मार्गश्रोताओं को भी प्रेरित करने के लिए भले ही झूठा न हो लेकिन म
410	410	410	except those to whom Allah shows mercy. He is the Most Mighty, the Most Compassionate.	मगर जिन पर ख़ुदा रहम फरमाए बेशक वह (ख़ुदा) सब पर ग़ालिब बड़ा रहम करने वाला है	ऐसे लोगों के लिए जो भगवान की दया को प्राप्त करने वाले हैं, उन्हें ऐसी सूचना देनी चाहूँटी
411	411	411	Lewis able to pick up.	लुईसलेनेमेंसक्षम.	लेविस को जो सुना.
412	412	412	And (it is) for the poor fugitives who have been driven out from their homes and their belongings, who seek bounty from Allah and help Allah and His messenger. They are the loyal.	(इस माल में) उन मुफलिस मुहाजिरों का हिस्सा भी है जो अपने घरों से और मालों से निकाले (और अलग किए) गए (और) ख़ुदा के फ़ज़ल व ख़ुशनूदी के तलबगार हैं और ख़ुदा की और उसके रसूल की मदद करते हैं यही लोग सच्चे ईमानदार हैं और (उनका भी हिस्सा है)	यह सुविधा देने वाले से नहीं, बल्कि से नहीं लगता
413	413	413	Delete _expunged from local Inbox	स्थानीय इनबॉक्स से मिटाकर हटाएँ (_e)	अन्यथा _ये से पूरा निर्मित से भी नहीं
414	414	414	Automated test to store bluetooth device information in checkbox report	स्वचालित परीक्षण चेकबॉक्स रिपोर्ट में ब्लूटूथ डिवाइस की जानकारी डालनें के लिये	ब्लूटिफ़ाइल डिवाइस के इफ़ाटा को स्टोर करने के लिए चेकबॉक रिपोर्ट को साइन करनेSe
415	415	415	Ten clams, it's yours.	दस क्लेम, यह तुम्हारा है.	सही नहीं, इसके लिए 10 क्लैम।
416	416	416	Ninety five!	पिंचानवें!	बिल्क्रUIT।
417	417	417	Yeah.	हाँ.	जी हाँ।
418	418	418	Attachment Reminder	संलग्नक स्मारक	संकेत बताएँ
419	419	419	We were far from each other.	हम एक दूसरे से दूर थे.	हम एक दूसरे से बहुत दूर हो कर रह चुके थे।
420	420	420	And maybe we'll get coffee in bed on Sunday mornings even.	और शायद हमें कॉफी मिलेगी बिस्तर में रविवार की सुबह.	और शायद सोमवार रात को बार में नियमित रूप से कॉफ़ी पीने का भावना होगा |
421	421	421	[TV] He's been identified as Alan Seagrave, a prominent Chicago C.P.A.	[वी] उन्होंने एलन Seagrave, एक प्रमुख शिकागो सीपीए के रूप में पहचान की गई है	ये वे हैं अलान सेग्रेव जैसे प्रमुख चिकागो की.पी.ए. के एक प्रतिनिधि हैं।
422	422	422	So this is it, I'm literally down on my knees.	तो अभी मैं अपने घुटनों पर हूं.	यह सीधा है, मैं पूरी तरह से अपने knees पर बैठे हूँ।
423	423	423	Most of them are dead already.	उनमें से अधिकांश पहले से ही मर चुके हैं।	जिनसे भी जीवित हैं, वे सभी पहले से हैं।
424	424	424	Create a search folder for this sender	इस प्रेषक के लिए खोज फ़ोल्डर बनाएँ	इस सेंडर के लिए सर्च फ़र्ड बनाए रखने की जिम्मादारी
425	425	425	File transfer not supported by remote contact	फाइल हस्तांतरण दूरस्थ संपर्क द्वारा समर्थित नहीं	रिमोट कॉन्टैक्ट से स्थानीय संपर्क को टीसी प्राप्त करने से नहीं हो सकता है
426	426	426	Shutter sound	शटर आवाज	शटर साउंड
427	427	427	Error renaming tag	टैग का नाम बदलने में त्रुटि	दिए से जानकारी को बदलने या करने नहीं दिए हाँ
428	428	428	Let me what the hell can you do!	चलो देखता हूँ तुम क्या कर सकते हो.	देखो!
429	429	429	I'll hold it!	मैं यह आयोजन करेगा!	बनावट कर लूँ!
430	430	430	What is your business then?	आपके व्यापार तो क्या है?	Business के तौर पर?
431	431	431	Who's Madi?	मादी कौन है?	"मादी के बारे में क्या कहा जाता?
Who's Madi?"
432	432	432	He is less impatient than his father.	उसमें उसके पिता जितनी बेसब्री नहीं थी।	वह कम परन्यसी है विवाहित पादी से।
433	433	433	In doing that, hopefully, you hoped that... ..governments would seek another path to solving climate change, which wouldn't be a capital-based money system.	ऐसा करने से, आशा है आप आशावान हुए होंगे कि सरकारें जलवायु परिवर्तन को सुलझाने के लिए कोई दूसरा रास्ता ढूंढेगीं, जो कि एक धन-आधारित आर्थिक व्यवस्था नहीं होगी.	यह करन से हो सकता है, hopefully से... और सरकारें सीखती हैं कि climate change को सुलझाने के लिए another path सीखेंगी।
434	434	434	Contact ID already exists	वस्तु ID पहले से मौजूद	कॉन्टैक्ट ID पहले से ही बने हैं
435	435	435	Close	#-#-#-#-# balsa.HEAD.hi.po (Balsa 2.x) #-#-#-#-# बन्द करें #-#-#-#-# gedit.gnome-2-2.hi.po (gedit VERSION) #-#-#-#-# बंद करें	जैसा होता
436	436	436	Dennis Jones reflects on the nation's progress.	डेनिस जोन्स इस देश की प्रगति का जायजा ले रहे हैं।	देनिस जोन्स नेशनल प्रगति पर उनके विचारों पर ध्यान देते हैं।
437	437	437	All further errors shown only on terminal.	आगे की सभी त्रुटियां सिर्फ टर्मिनल पर दिखाएँ.	सर फिर के स्टॉर्म शोएल के स्टॉर्म शोएल के स्टॉर्म शोएल के स्टॉर्म शोएल के स्टॉर्म शोएल के स्टॉर्म शोएल के स्टॉर्म शोएल के स्टॉर्म शोएल के स्टॉर्म शोएल के स्टॉर्म शोएल के स्टॉर्म शोएल के स्टॉर्म शोएल के स्टॉर्म शोएल के स्टॉर्म शोएल के स्टॉर्म शोएल के स्टॉर्म शोएल के स्टॉर्म शोएल के स्टॉर्म शोएल के स्टॉर्म शोएल के स्टॉर्म शोएल के स्टॉर्म शोएल के स्टॉर्म शोएल के स्टॉर्म शोएल के स्टॉर्म शोएल के स्टॉर्म शोएल के स
438	438	438	"Have you not seen those who were told to hold back their hands (from fighting) and perform As-Salat (Iqamat-as-Salat), and give Zakat, but when the fighting was ordained for them, behold! a section of them fear men as they fear Allah or even more. They say: ""Our Lord! Why have you ordained for us fighting? Would that you had granted us respite for a short period?"" Say: ""Short is the enjoyment of this world. The Hereafter is (far) better for him who fears Allah, and you shall not be dealt with unjustly even equal to the Fatila (a scalish thread in the long slit of a date-stone)."	(ऐ रसूल) क्या तुमने उन लोगों (के हाल) पर नज़र नहीं की जिनको (जेहाद की आरज़ू थी) और उनको हुक्म दिया गया था कि (अभी) अपने हाथ रोके रहो और पाबन्दी से नमाज़ पढ़ो और ज़कात दिए जाओ मगर जब जिहाद (उनपर वाजिब किया गया तो) उनमें से कुछ लोग (बोदेपन में) लोगों से इस तरह डरने लगे जैसे कोई ख़ुदा से डरे बल्कि उससे कहीं ज्यादा और (घबराकर) कहने लगे ख़ुदाया तूने हमपर जेहाद क्यों वाजिब कर दिया हमको कुछ दिनों की और मोहलत क्यों न दी (ऐ रसूल) उनसे कह दो कि दुनिया की आसाइश बहुत थोड़ा सा है और जो (ख़ुदा से) डरता है उसकी आख़ेरत उससे कहीं बेहतर है	राजदान करने वाले किसी को भी ऐसा लगने या योग्य नहीं बनाता कि वह उन दान के लिए तैयार नहीं हो सकता कि वह किसी को भी ऐसा नहीं बनात).
439	439	439	Sorry, I can't pick you up.	सॉरी, मैं तुम्हें कॉलेज लेने नहीं आ पाया.	मुझे इस तरह से मदद नहीं दी.
440	440	440	What today?	आज क्या चाहीये?	आज क्या है?
441	441	441	X-Mailer:	एक्स- मेलर:	आपका ईमेलर:
442	442	442	"When We said to you: ""Verily your Lord circumscribes mankind,"" and showed you the vision and the accursed tree of the Qur'an, it was as a bone of contention for men. Thus do We (instil) fear in them; but they only transgress the more."	और (ऐ रसूल) वह वक्त याद करो जब तुमसे हमने कह दिया था कि तुम्हारे परवरदिगार ने लोगों को (हर तरफ से) रोक रखा है कि (तुम्हारा कुछ बिगाड़ नहीं सकते और हमने जो ख्वाब तुमाको दिखलाया था तो बस उसे लोगों (के ईमान) की आज़माइश का ज़रिया ठहराया था और (इसी तरह) वह दरख्त जिस पर क़ुरान में लानत की गई है और हम बावजूद कि उन लोगों को (तरह तरह) से डराते हैं मगर हमारा डराना उनकी सख्त सरकशी को बढ़ाता ही गया	"यह हमें कहेंगे: ""सचिव हम द्वारा कहा गया था; और दिखाया था कि हमारा पूरा मन हमें कह सकता था कि हमारा पूरा मन हमें कह सकता था कि हमारा मन हमें कह सकता था कि हमारा मन हमें कह सकता था कि हमारा मन हमें कह सकता था कि हमारा मन हमें कह सकता था कि हमारा मन हमें कह सकता था कि हमारा मन हमें कह सकता था कि हमारा मन हमें कह सकता था कि हमारा मन हमें कह सकता था कि हमारा मन हमें कह सकता था कि हमारा मन हमें कह सकता था कि हमारा मन हमें कह सकता था कि हमारा मन हमें कह सकता था कि हमारा मन हमें कह सकता था कि हमारा मन हमें कह सकता था कि हमारा मन हमें कह सकता"
443	443	443	Those who ward off (evil) are not accountable for them in aught, but the Reminder (must be given them) that haply they (too) may ward off (evil).	उनके हिसाब के प्रति तो उन लोगो पर कुछ भी ज़िम्मेदारी नहीं, जो डर रखते है। यदि है तो बस याद दिलाने की; ताकि वे डरें	अस्पष्ट ये कि क्या नहीं बताए जा सकते हैं कि स्पष्ट हो सकते हैं कि भावुक हो सकते हैं।
444	444	444	But we could hold our own in a fight.	लेकिन हम एक लड़ाई में हमारी अपनी पकड़ सकता है.	लेकिन हमारा अपना हाव-खाव कर सकता है।
445	445	445	"And they say: ""Our hearts are enfolded in covers."" In fact God has cursed them for their unbelief; and only a little do they believe."	"वे कहते हैं, ""हमारे दिलों पर तो प्राकृतिक आवरण चढ़े है"" नहीं, बल्कि उनके इनकार के कारण अल्लाह ने उनपर लानत की है; अतः वे ईमान थोड़े ही लाएँगे"	और वे कहते हैं कि अपने हृदय से कवर किया जाता है। वास्तव रूप से ई देने वाले हो कर रहे हैं और पूरी तरह से विश्वास में हैं।
446	446	446	Add Breakpoint…	ब्रेकपाइंट जोड़ें...	दिए: ब्रेकबॉइंट...
447	447	447	Royal priest had predicted this calamity only.	राजगुरू इस त्रासदी की गणना कर चुके है.	किंति के समय रॉयल पुजानो ने संकेत किया था कि इस तरह की किस्म से कोई भी दुर्भाग्य नहीं है।
448	448	448	I have managed to preserve Royce to end so that he knew would be coming.	मैं आ रहा होगा की रक्षा करने में कामयाब रहे कि Royce समाप्त करने के लिए इतना पता था वह.	मैंने रॉयसी को संरकित करने के लिए कुछ किया है।
449	449	449	The memo could not be deleted due to a dbus error: %s	dbus त्रुटि के कारण मेमो विलोपित नहीं किया जा सका: %s	मेमो को डिलीटे के लिए यह एक त्रुटि है कि %s
450	450	450	which is why we're seeing a recurrence of your symptoms.	हम आपके लक्षणों की एक पुनरावृत्ति क्यों देख रहे हैं जो है.	जिस कारण हमें आपकी स्थिति दिखाई दी गई थी उसी की पुष्टि है।
451	451	451	And then, among the fishes, a whale!	और फिर, मछलियों के बीच, एक व्हेल!	और फ़िश के में मछली!
452	452	452	Installed on:	इस पर संस्थापित:	प्लugged/प्लugged होने पर
453	453	453	And he drew forth his hand, and lo, it was white to the beholders.	और (जेब से) अपना हाथ बाहर निकाला तो यकायक देखने वालों के वास्ते बहुत सफेद चमकदार था	और उसने अपनी hand, white to the beholders.
454	454	454	They assign daughters to Allah - glory be to Him - whereas they assign to themselves what they truly desire!	और वे अल्लाह के लिए बेटियाँ ठहराते है - महान और उच्च है वह - और अपने लिए वह, जो वे चाहें	इससे पहले का मार्गदान दिया जा सकता है कि वे अपने जो हैं चाहें तो भी!
455	455	455	What would be the quickest way to find a-- some kind of solution?	एक खोजने के लिए तेज तरीका होगा क्या - समाधान की किसी तरह का?	जो चाहें तो इस प्रक्रिया को सबसे तेजी से पाने के लिए जो है, वो है।
456	456	456	This was not a choice between You and Jacob.	इस याकूब और आप के बीच एक विकल्प नहीं था.	यह निर्णय से भी नहीं हो सकता था आप और जैक के बीच का निर्णय होता था.
457	457	457	This version of mkisofs is not supported	mkisofs का संस्करण समर्थित नहीं है	मक्स ऑफिस के माध्यम से इस वार्तात को स्ट्रीट लाइन से नहीं दिया जा सकता
458	458	458	"""Shipr."""	"""शिप्रा"""	"""शिप्र."""
459	459	459	Hypnotherapy is a means of altering unwanted or dysfunctional behavior.	सम्मोहन फेरबदल करने का एक साधन है अवांछित या बेकार व्यवहार.	ह्यूप्नेशन एक ऐसा तरीका है जिससे गलतचिंता या ऐसी भावना उत्पन्न हो सकती ह जो हमारे जीवन को हानि नहीं कर सकती क्यूँगी?
460	460	460	Address Book	पता पुस्तिका	स्थान पुस्तक
461	461	461	String	स्ट्रिंग	कोई
462	462	462	_End time:	अंत्य समय (_E):	
463	463	463	No space	कोई ऐसा स्थान नहीं	नो स्पेस
464	464	464	You see, that's fine.	देखा, ठीक है.	आप देख सकते हैं, यह ठीक है।
465	465	465	Last thing we were thinking about was radiation shielding.	हम के बारे में सोच रहे थे अंतिम बात विकिरण परिरक्षण था.	रेडियोइडिंग शेफिंग!
466	466	466	These things have been extinct for over 150 million years.	हन्ना: वे कहाँ जा रहे हैं? ट्रेवर:	150 करोड साल पूरे होने के बाद भी ये चीज़ें काम नहीं होती.
467	467	467	Eret, son of Eret!	एरेट, एरेट का पुत्र!	ईर्ट, सोन-of ईर्ट!
468	468	468	What have you got there?	आप वहां क्या मिला है?	जो तुम्हें दिया है?
469	469	469	I'm sorry, Erik, but I've seen what Shaw did to you.	मैं माफी चाहता हूँ, एरिक. लेकिन मैंने देखा है शॉ तुम्हारे साथ क्या किया.	रिपोर्ट करने वाला हूँ, एरिक, लेकिन मैंने देखा कि शो ने आपको क्या किया?
470	470	470	If you're staying here, stop begging, otherwise, go away.	अगर तुम्हें यहाँ रहना हैं, भीख माँगना बंद करो; अन्यथा, जाओ यहां से.	अगर आप यहाँ रहें, तो पूछने, भी चले दें।
471	471	471	Use revision:	रिवीजन का उपयोग करें:	बदल न करें:
472	472	472	In the stinking rice paddies, it will decompose faster.	बदबूदार धान में यह तेजी से सड़ जाएगा.	कम स्टैनिंग राइस पेड़ियों, में इसका प्रकटीकरण होताा
473	473	473	But those who fear Allah and keep their duty to their Lord (Allah), for them are built lofty rooms; one above another under which rivers flow (i.e. Paradise). (This is) the Promise of Allah: and Allah does not fail in (His) Promise.	जो आग में (पड़ा) हो मगर जो लोग अपने परवरदिगार से डरते रहे उनके ऊँचे-ऊँचे महल हैं (और) बाला ख़ानों पर बालाख़ाने बने हुए हैं जिनके नीचे नहरें जारी हैं ये खुदा का वायदा है (और) वायदा ख़िलाफी नहीं किया करता	यह कहना कि कुछ लोगों को Allah की आशा में रखी होती है, और कि उनकी धारा से भी आगे बढ़कर, इस Promise को संभावित करने वाले कुछ लोगों के लिए इस Promise को संभावित करने वाले कुछ विशेषताएं हैं जो इस Promise को संभावित करने वाले लोगों के लिए इस Promise को संभावित करने वाले कुछ विशेषताएं हैं जो इस Promise को संभावित करने वाले लोगों के लिए इस Promise को संभावित करने वाले कुछ विशेषताएं हैं जो इस Promise को संभावित करने वाले लोगों के लिए इस Promise को संभावित करने वाले कुछ विशेषताएं हैं जो इस Promise को संभावित करने वाले लोगों के लिए इस Promise को संभावित करने
474	474	474	Verily, to thy Lord is the return (of all).	बेशक तुम्हारे परवरदिगार की तरफ (सबको) पलटना है	सब कुछ वापस होने वाले में हैं
475	475	475	Faces on that Day will be shamed.	उस दिन बहुत से चेहरे ज़लील रूसवा होंगे	दिन के नामें परेशान हो सकते हैं.
476	476	476	http://www.google.com/search?q=%sie=UTF-8oe=UTF-8	http://www.google.co.in/search?q=%sie=UTF-8oe=UTF-8	सर्च करने के लिए गूगल खोज engine की सूक्ष्ठता से ज़रूरी है।
477	477	477	You must never confuse your feelings with your duties, Alexander.	आप अपनी भावनाओं को भ्रमित नहीं करना चाहिए... ... अपने कर्तव्यों के साथ, सिकंदर.	अरे, आप अपने भावनाओं से अपने कर्तव्यों के साथ भ्रम न करें.
478	478	478	With festivals can food be far behind? .:Myfriend:. from Malaysia shares information about Ketupat, an integral part of Eid ul-Fitr in Malaysia.	:माइफ्रेंड:. केतुपत, के बारे में बता रहे हैं जो कि मलेशिया में ईद-उल-फित्र त्यौहार का प्रमुख हिस्सा है.	ईड़ उल फ़ट in मालयसिया में ख़ाज़ी के स्थान में खादया जाती है।
479	479	479	SOMEBODY WHO MIGHT HAVE YOUR NUMBER?	आपका नंबर हो सकता है डब्ल्यूएचओ किसी को?	सOMEBY WHO MIGHT HAVE YOUR NUMBER?
480	480	480	I find this whole concept of interviewing very flawed.	मुझे इंटरव्यू लेने के इस पूरे विचार में कमी लगती है।	जिस तरह से पूछा जाता है उसे भी ठीक से नहीं किया जा सकता है।
481	481	481	Honky-tonk up the 56 outside of Mount Hope.	होंकी-टोंक माउंट होप के बाहर 56 ऊपर.	माउंट होप के बाहर 56 की होन्क-टुक्ती।
482	482	482	All this stuff is really...	यह सब चीज़े...	इस सबूत से बहुत ज्यादा...
483	483	483	She is busy preparing for the trip.	वह सफ़र की तैयारी में लगी हुई है।	जिस व्यक्ति को यात्रा के लिए तैयार होने के लिए जिसे preparations underway हैं, वही
484	484	484	(COUGHS) home	(खांसी) घर	कोई
485	485	485	Brazil	ब्राझील	बर्सेल
486	486	486	[ ENGINE GRINDING, SQUEALING ]	[इंजन पीस, चिल्ला]	खरीड़, स्क्रीलैंड...
487	487	487	You are so smart. Right.	तुम बहुत ही स्मार्ट हो।	जी हाँ, ठीक ठीक।
488	488	488	This year in April a trial was held in the federal court in Oklahoma.	इस साल अप्रैल में ओकलाहोमा शहर स्थित संघीय अदालत में उस पर मुकदमा चला था।	अप्रैल में एक ट्रायल भी हुई ओकलहासा में।
489	489	489	Today	आज	आज
490	490	490	No, Raleigh, listen to me.	नहीं, रैले, मेरी बात सुनो.	No, रैली, सुन मुझसे.
491	491	491	No, but his is so..	नहीं, लेकिन उसकी तो है ..	जी, but his so..
492	492	492	All their time.	उनका पूरा समय।	कल उनका समय लगा रहेगा।
493	493	493	Tower, we're going offline soon, but drones are already mobile and executing.	टॉवर,हमजल्दहीऑफ़लाइनजारहे , लेकिनराजापहलेसेही मोबाइल और क्रियान्वित कर रहे हैं	कृप्या के लिए तौर से, हम इस टावर से अपनी स्थिति से बाहर जा रहे हैं लेकिन ड्रोन पहले से भी म mobile और काम करने वाले हैं।
494	494	494	"Say, ""Call upon Allah or call upon the Most Merciful. Whichever [name] you call - to Him belong the best names."" And do not recite [too] loudly in your prayer or [too] quietly but seek between that an [intermediate] way."	"कह दो, ""तुम अल्लाह को पुकारो या रहमान को पुकारो या जिस नाम से भी पुकारो, उसके लिए सब अच्छे ही नाम है।"" और अपनी नमाज़ न बहुत ऊँची आवाज़ से पढ़ो और न उसे बहुत चुपके से पढ़ो, बल्कि इन दोनों के बीच मध्य मार्ग अपनाओ"	अपनी बात सीधी बात में रखी गई।
495	495	495	You need not do it if you don't want to	आप इसे करते जरूरत नहीं है अगर आप नहीं करना चाहते हैं	अगर आप नहीं करना चाहते
496	496	496	When Kotranka Tehsildaar reached the P.H.E department, he found it locked.	तहसीलदार कोटरंका स्थित पीएचई विभाग के कार्यालय पहुंचे तो वहां ताला लगा हुआ था।	कोटरानक्टा तहसिलदार ने पी.ए.ई. कार्य के लिए स्थित पी.ए.ई. के लिए खामा किया।
497	497	497	Filtering options	फिल्टरिंग विकल्प	जिस कोई भी विकल्प चुनाव के बारे में
498	498	498	Durkin's Garage.	डर्किन का गराज.	डर्किन की गार्ज़.
499	499	499	Yes.	हाँ।	जी हाँ।
500	500	500	Just give us back our dragon, and we'll go...	बस हमें हमारा ड्रैगन वापस कर दो और हम चले जाएँगे...	चूँके हमें ड्रैगन को वापस दिलाना पड़ रहा है, और...
501	501	501	And maybe we'll get coffee in bed Sunday mornings.	और शायद हमें कॉफी मिलेगी बिस्तर में रविवार की सुबह.	और शायद सोमवार रातों में कॉफ़ी अपने बेड पर स्टोर से बाहर ले आयेगा.
502	502	502	Book URI	पुस्तक URI	सकारात्मक रूप से माने नहीं, संक्षित भी करने के लिए कोई प्रतिबंध नहीं।
503	503	503	"Could not find relationships file ""%1"""	फ़ाइल से पढ़ नहीं सका.	"""%1"" से ट्रिप्स मिले"
504	504	504	- [Fire Bell]	- [आग बेल]	- [फायर बेल]
505	505	505	The angels along with the Spirit descend in it by the permission of their Lord with all kinds of decrees.	उसमें फ़रिश्तें और रूह हर महत्वपूर्ण मामलें में अपने रब की अनुमति से उतरते है	अर्थात: ध्यान माने वाले ये वायु में आते हैं और सभी तरह की आदेशों के साथ बने होते हैं।
506	506	506	Sending message %d of %d	%d के %d संदेश को भेज रहा है	संदेश %d के %d
507	507	507	It's just a dream of a farmer from Kansas.	यह सिर्फ कान्सास से एक किसान की एक सपना है।	कैन्ससी से फार्मर का ड्रीम है
508	508	508	Surely those who believe, and those who are Jews, and the Christians, and the Sabians, whoever believes in Allah and the Last day and does good, they shall have their reward from their Lord, and there is no fear for them, nor shall they grieve.	बेशक मुसलमानों और यहूदियों और नसरानियों और ला मज़हबों में से जो कोई खुदा और रोज़े आख़िरत पर ईमान लाए और अच्छे-अच्छे काम करता रहे तो उन्हीं के लिए उनका अज्र व सवाब उनके खुदा के पास है और न (क़यामत में) उन पर किसी का ख़ौफ होगा न वह रंजीदा दिल होंगे	यह सुनने चाहेंटे स्पष्ट रूप से बताया जाता कि जो लोग इस बात के विश्वास रखते हैं, और जो धर्म से ज्यादा विश्वास रखते हैं, वो सभी लोगों के लिए अच्छी तरह से जानकारी देते हैं।
509	509	509	Page	पृष्ठ	पेज
510	510	510	Valid signature, but cannot verify sender	वैध हस्ताक्षर, प्रेषक को नहीं जांच सकता है	वैफ़ाइज़ी सिग्नेंट, लेकिन सिग्नर से वैफ़ाइज़ी सिग्नेंट नहीं दे सकती।
511	511	511	* (C) find my home again afterwards.	* (स) उसके बाद मुझे घर वापस आने में कोई परेशानी नहीं हुई.	सरस्वत! (C) मुझे अपना घर वापस दिखाता है।
512	512	512	"""And ordain for us that which is good, in this life and in the Hereafter: for we have turned unto Thee."" He said: ""With My punishment I visit whom I will; but My mercy extendeth to all things. That (mercy) I shall ordain for those who do right, and practise regular charity, and those who believe in Our signs;-"	"""और हमारे लिए इस संसार में भलाई लिख दे और आख़िरत में भी। हम तेरी ही ओर उन्मुख हुए।"" उसने कहा, ""अपनी यातना में मैं तो उसी को ग्रस्त करता हूँ, जिसे चाहता हूँ, किन्तु मेरी दयालुता से हर चीज़ आच्छादित है। उसे तो मैं उन लोगों के हक़ में लिखूँगा जो डर रखते और ज़कात देते है और जो हमारी आयतों पर ईमान लाते है"	अरे, यह कह करूँ कि मेरा उपदान मेरी विवाह में होता है, लेकिन मेरे दयालित प्रयोग मेरे उपदान में होते हैं - ऐसा (दयाली) मेरा होता कार्य है
513	513	513	I'd been in the army less than a year when that unholy Tet arrived.	. कि अपवित्र Tet पहुंचे जब मैं सेना में कम से कम एक वर्ष किया जाएगा.	जैसा हुआ उसे एक साल से कम नहीं है: यह भूतपूर्ण त्यौग्रता के समय में पहुँची थी।
514	514	514	'Cause you're gonna make a phone call for us.	आप हमारे लिए एक फोन करने वाले हैं है.	सब कुछ सुनने वाले से us को फोन कॉल करने जा रहे से से कॉल करने जा रहे हैं
515	515	515	He called me boatsman Olsen's second wife.	उसने मुझे केवट ऑलसेन की दूसरी पत्नी कहा.	उन्होंने मुझे बोतलवार ओल्स की दूसरी पत्नी कही।
516	516	516	"Hashing ""%s"""	"हैशिंग ""%s"""	"गिरने का ""%s"""
517	517	517	The color that is used to fill the area behind the image. If the use-background-color key is not set, the color is determined by the active GTK+ theme instead.	रंग कि छवि के पीछे क्षेत्र को भरने के लिए प्रयोग किया जाता है.यदि कुंजी उपयोग पृष्ठभूमि रंग सेट नहीं है, रंग सक्रिय GTK + बजाय विषय द्वारा निर्धारित किया जाता है.	यह चिह्नित क्षेत्र को फिल्ल करने के लिए उपयोग किए जानवाँ क color के निर्धारण में GTK+ थीम से पहले नहीं कह सकत ourselves।
518	518	518	And We grew a tree of gourd (as a shelter) above him.	हमने उसपर बेलदार वृक्ष उगाया था	और हमने उसमें एक छत्तू (शelter) बना है
519	519	519	This matter is not for you to decide – whether He guides them to repent or punishes them, for they are the unjust.	(ऐ रसूल) तुम्हारा तो इसमें कुछ बस नहीं चाहे ख़ुदा उनकी तौबा कुबूल करे या उनको सज़ा दे क्योंकि वह ज़ालिम तो ज़रूर हैं	इस बात को आप लोगों के नेता से न decide करने या करने वाले के प्रकाशित होने पर अयुक्त होयं।
520	520	520	- Yeah.	-हाँ।	जी हाँ।
521	521	521	Using LDAP	LDAP का प्रयोग करें	एड्सपी
522	522	522	At least %1 points are needed for that spline type	उस स्प्लाइन क़िस्म के लिए कम से कम% 1 बिन्दु आवश्यक हैं	"क्यूँ ना:
%1 के लिए उस सpline टाइप के लिए क्या कोई चिंत"
523	523	523	- No.	- नंबर	जी
524	524	524	Error on rollback transaction	रोलबैक ट्रांजेक्शन में त्रुटि	रिवॉल्टिंग ट्रांज़िशन में होने वाले बदलाव के प्रतिकार्य के परिणाम से गलती की रिहा हो सकती है।
525	525	525	& Tools	औज़ार (T)	"texts:
& Games"
526	526	526	Are we gonna fight, or you plan on boring me to death?	हम लड़ाई, वाला या आप मुझे मृत्यु को बोरिंग पर योजना कर रहे हैं?	हम लड़ने के लिए तैयर नहीं हो रहा है या फिर आपको यह तो हो गया कि कौन लड़ेगा और कौन भूगने वाला?
527	527	527	O ye who believe! Take your precautions, and either go forth in parties or go forth all together.	ऐ ईमानवालों (जिहाद के वक्त) अपनी हिफ़ाज़त के (ज़राए) अच्छी तरह देखभाल लो फिर तुम्हें इख्तेयार है ख्वाह दस्ता दस्ता निकलो या सबके सब इकट्ठे होकर निकल खड़े हो	गलत जानकारी रखने वाले लोगों को प्रेरित करने वाली सूचना:
528	528	528	How dare you say it's unlikely?	तुम्हारी हिम्मत कैसे हुई असंभव कहने की?	जिस तरह से आप निष्कर्पण में हो सकते हैं वे भी हो सकते हैं।
529	529	529	“We only feed you for the sake of God. We want from you neither compensation, nor gratitude.	"""हम तो केवल अल्लाह की प्रसन्नता के लिए तुम्हें खिलाते है, तुमसे न कोई बदला चाहते है और न कृतज्ञता ज्ञापन"	इस प्रकार से, हम आपको भगवान का उपहार बनने के लिए भोजन करने की सुविधा भी देने की इच्छावादा से नहीं, from you, neither payment nor gratitude will be received.
530	530	530	Yoare no AL0	कोई AL0 Yoare	यो 18 से अधिक के बीच के वयस्कों के लिए
531	531	531	No, Alexander.	नहीं, सिकंदर.	नहीं, एलेक्ज़ैनर.
532	532	532	- Margarethe Lorenz.	- मार्गरेथ लौरेंज.	- मार्गर्थ लॉरेंस.
533	533	533	They said, ‘O Moses, we will never enter it so long as they remain in it. Go ahead, you and your Lord, and fight! We will be sitting right here.’	वह कहने लगे एक मूसा (चाहे जो कुछ हो) जब तक वह लोग इसमें हैं हम तो उसमें हरगिज़ (लाख बरस) पॉव न रखेंगे हॉ तुम जाओ और तुम्हारा ख़ुदा जाए ओर दोनों (जाकर) लड़ो हम तो यहीं जमे बैठे हैं	मoses से कहा, 'हमेशा यह नहीं कह सकते, हमारे पास यह स्थायी रूप से हिसाब होगा तो हमारे पास यह स्थायी रूप से होगा, हमारे पास यह स्थायी रूप से होगा, और हमारे पास यह स्थायी रूप से होगा।
534	534	534	Scale Center Y	स्केल सेंटर Y	सीमा केंद्र य
535	535	535	Select the calendars to search for meeting conflicts	बैठक विरोध के लिए ढ़ूंढ़ने के लिए पंचांग चुनें	इस प्रक्त्ति से सहायता सुनने के लिए कैलेंडर चुनना है
536	536	536	He cares more about me than his work.	वे अपने काम से अधिक मेरी परवाह करते हैं.	इस बारे में चिंता की है कि वे कितना कर रहे हैं वो भी नियमित रूप से अपनी कार्य को सुधारने के लिए समय देते हैं।
537	537	537	"Surely, disbelievers are those who said: ""Allah is the third of the three (in a Trinity)."" But there is no ilah (god) (none who has the right to be worshipped) but One Ilah (God -Allah). And if they cease not from what they say, verily, a painful torment will befall the disbelievers among them."	जो लोग इसके क़ायल हैं कि ख़ुदा तीन में का (तीसरा) है वह यक़ीनन काफ़िर हो गए (याद रखो कि) ख़ुदाए यकता के सिवा कोई माबूद नहीं और (ख़ुदा के बारे में) ये लोग जो कुछ बका करते हैं अगर उससे बाज़ न आए तो (समझ रखो कि) जो लोग उसमें से (काफ़िर के) काफ़िर रह गए उन पर ज़रूर दर्दनाक अज़ाब नाज़िल होगा	"ज़रूरी, ऐसे लोगों को जो कह रहे थे कि ""अल्लाह किलवाला (गद्य) है"" (नएग्रस) के right के लिए कहा हो सकता है लेकिन ऐसा नहीं हो सकतé (नहीं) कि ""अलग-ALlah"" (एक-एक) हो सकता है।

औरये लोगों को जो कह रहे थे कि “अल्लाह किलवाला (गद्य) है” (नएग्रस) वे सभी हो सकते हैं जो “अलग-एल्लाह” (एक-एक) हो सकते हैं और ऐसा नहीं हो सकतé (नहीं) कि “अलग-एल्लाह” (एक-एक) हो सकता है।

औरये लोगों को जो कह रहे थे कि “अल्लाह किलवाला (गद्य) है” (नएग्रस) वे सभी हो सकते"
538	538	538	So that the People of the Book may know that they have no power over any of the favors of Allah; that the favors are in the Hand of Allah; He gives it towhom He will. The Favor of Allah is the Great.	(ये इसलिए कहा जाता है) ताकि अहले किताब ये न समझें कि ये मोमिनीन ख़ुदा के फज़ल (व क़रम) पर कुछ भी कुदरत नहीं रखते और ये तो यक़ीनी बात है कि फज़ल ख़ुदा ही के कब्ज़े में है वह जिसको चाहे अता फरमाए और ख़ुदा तो बड़े फज़ल (व क़रम) का मालिक है	यह ऐसा नहीं है कि जो पुस्तक विहारकारों को Allah के फavors देने की है वो उसी के बिना हो सकते हैं।
539	539	539	What kind of trouble, Silas?	मुसीबत, सीलास के किस तरह का?	आपको किस तरह की समस्या है, सिलस?
540	540	540	Keywords:	बीजशब्द:	जैसा कहा:
541	541	541	It's Mithravinda Devi, who'll be the next queen...	मित्राविन्दा देवी, जो कि अगली महारानी होगी...	यह मिथ्राविंदा देवी है, जो'll अगली राजमहल में रहेंगी...
542	542	542	Come on, come and have a shower, get the day going.	चलो आओ, अब शॉवर ले लो, और दिन शुरू करो.	देखो के, तो कर लो, गो दे।
543	543	543	Description	वर्णन	"रूपांतर:
परिभाषा"
544	544	544	"""In an ideal world, Franck, he'd kill us all."""	"""एक आदर्श दुनिया में, फ्रैंक, वह हम सभी को मार डालेंगे ."""	अगरे वास्तव दुनिया, फ़्रैक के डिमा की मौत के लिए हम सभी को मारने के लिए तैयर नहीं हो सकता हूँ.
545	545	545	Jasper has experience with a newborn.	नवजात शिशु के साथ है एक अनुभव.	जस्पर के पास एक नए जन्म के साथ अनुभव है.
546	546	546	I had mine in a turnip patch.	लेकिन मेरा एक शलजम के बगीचे में हुआ था.	जिस तरह से मैंने तो नहीं, वो तो नहीं।
547	547	547	Indeed there was a sign for you in the two hosts (which) met together in encounter; one party fighting in the way of Allah and the other unbelieving, whom they saw twice as many as themselves with the sight of the eye and Allah strengthens with His aid whom He pleases; most surely there is a lesson in this for those who have sight.	बेशक तुम्हारे (समझाने के) वास्ते उन दो (मुख़ालिफ़ गिरोहों में जो (बद्र की लड़ाई में) एक दूसरे के साथ गुथ गए (रसूल की सच्चाई की) बड़ी भारी निशानी है कि एक गिरोह ख़ुदा की राह में जेहाद करता था और दूसरा काफ़िरों का जिनको मुसलमान अपनी ऑख से दुगना देख रहे थे (मगर ख़ुदा ने क़लील ही को फ़तह दी) और ख़ुदा अपनी मदद से जिस की चाहता है ताईद करता है बेशक ऑख वालों के वास्ते इस वाक़ये में बड़ी इबरत है	यह स्पष्ट है कि दो होसों ने एक-दूसरे के साथ संयुक्त में टोकरी की स्थिति को लेकर संयुक्त में टोकरी के लिए तैयारी की स्थिति को लेकर दोनों के पास संयुक्त में टोकरी के लिए तैयारी की स्थिति को लेकर संयुक्त में टोकरी के लिए तैयारी की स्थिति को लेकर दोनों के पास संयुक्त में टोकरी के लिए तैयारी की स्थिति को लेकर संयुक्त में टोकरी के लिए तैयारी की स्थिति को लेकर दोनों के पास संयुक्त में टोकरी के लिए तैयारी की स्थिति को लेकर संयुक्त में टोकरी के लिए तैयारी की स्थिति को लेकर दोनों
548	548	548	Can he ride with me?	क्या यह मेरे साथ आ सकता है?	जी हाँ, मैं उनके साथ चल सकता हूँ?
549	549	549	But I'm gonna tell you, that's dumb.	लेकिन मैं कर रहा हूँ तुम्हें कहता हूं, कि मूर्ख है.	मैं बता रहा हूँ, आप ऐसा नहीं कह सकते हैं।
550	550	550	And if anyone of the polytheists asks you for protection, give him protection so that he may hear the Word of God; then escort him to his place of safety. That is because they are a people who do not know.	और (ऐ रसूल) अगर मुशरिकीन में से कोई तुमसे पनाह मागें तो उसको पनाह दो यहाँ तक कि वह ख़ुदा का कलाम सुन ले फिर उसे उसकी अमन की जगह वापस पहुँचा दो ये इस वजह से कि ये लोग नादान हैं	अगर कोई पॉल्थियत्स का प्रतिवादी आपके प्रति विदेशी को सुरक्षा देने के प्रयुसों से हो सकता है।
551	551	551	A drone picked up voiceprints in the Indus Valley.	एक ड्रोन सिंधु घाटी में voiceprints उठाया.	अनubh chikitsa me voiceprints ko indus vallu ko utha karne lage.
552	552	552	B3/ Modification of B2	B3 / B2 का संशोधनName	"जो भी पूछा रहूँ:
बीटी/ब2 की संशोधन"
553	553	553	Keywords:	की- वर्डस:	जैसा कहा:
554	554	554	What's that supposed to mean?	क्या मतलब है?	एक स्पष्ट हो सकता है कि आप जानना चाहते हैं कि कुछ पाठ्यक्रम इस तरह के सवालों का जवाब देते हैं
555	555	555	I had a fight with my old friends because of you.	मैं तुम्हारी वजह से मेरे पुराने दोस्तों के साथ झगड़ा हुआ था।	मैं आपके साथ ही अपने पूर्व दोस्तों से लड़ रही थी क्योंकि आपने।
556	556	556	Oh, Zeus.	ओह, ज़ीउस.	जेज़।
557	557	557	Firstly, that he didn't find the photo.	पहला, की उसे फोटो ही नहीं मिला।	क्यूँ, वह नहीं पाया था इसका
558	558	558	or to one who places obstacles in the way of good being done or to the wicked transgressor,	हद से बढ़ने वाला गुनेहगार तुन्द मिजाज़	दिए, या ऐसे व्यक्ति को जो दोष या कृत्रिम रूप से कृत्रिम है |
559	559	559	_View	देखें (_V)	देख
560	560	560	Even wind touching you would say I love you... ln the smile of my sulking lover, I see my love... did my life seek help from you?	Even wind touching you would say l love you... ln the smile of my sulking lover, l see my love... did my life seek help from you?	मैं आपका साथ नहीं दे सकता और न भूल सकता कि मेरी जीवन की ज़रूरतें मुझे गरज कर रही साँप की माँ से मेरी साँप की माँ से मेरी जीवन की ज़रूरतें मुझे गरज कर रही साँप की माँ से मेरी साँप की माँ से मेरी जीवन की ज़रूरतें मुझे गरज कर रही साँप की माँ से मेरी साँप की माँ से मेरी जीवन की ज़रूरतें मुझे गरज कर रही साँप की माँ से मेरी साँप की माँ से मेरी जीवन की ज़रूरतें मुझे गरज कर रही साँप की माँ से मेरी साँप की माँ से मेरी जीवन की ज़रूरतें मुझे गरज कर रही साँप की माँ से मेरी साँप की
561	561	561	I'm still with Emily, and we're still hanging out in Chicago.	मैं अब भी एमिली के साथ हूं, और हम अब भी शिकागो में ही हैं.	मैं अभी एमिली, और हम अभी भी चिकागो में समय बिता रह रहे हैं।
562	562	562	LUCIUS:	Lucius:	ल्यूक़िस:
563	563	563	Just in case we caught you in the background.	सिर्फ मामले में हम पृष्ठभूमि में आप फंस गए.	जस्ट की कोई बात नहीं।
564	564	564	See, Judah is turning, um...	देखें, यहूदा बदल रहा है, उम...	से, जुड़ा है ट्रिक्स, उम...
565	565	565	And one thing about direct action, I suppose, the target is meant to have an immediate effect.	सीधी कार्यवाही के बारे में एक बात ये है कि इसका प्रमुख लक्ष्य तुरंत असर डालना होता है	direct कार्य के बारे में, मेरा यह विश्वास है कि संक्षिप्त रूप से कार्य का त्वरित प्रभाव दिया जाता है।
566	566	566	And appoint goodness for us in this world and the Hereafter, for indeed we have come back to You.’ Said He, ‘I visit My punishment on whomever I wish, but My mercy embraces all things. Soon I shall appoint it for those who are Godwary and give the zakat and those who believe in Our signs	और तू ही इस दुनिया (फ़ानी) और आख़िरत में हमारे वास्ते भलाई के लिए लिख ले हम तेरी ही तरफ रूझू करते हैं ख़ुदा ने फरमाया जिसको मैं चाहता हूँ (मुस्तहक़ समझकर) अपना अज़ाब पहुँचा देता हूँ और मेरी रहमत हर चीज़ पर छाई हैं मै तो उसे बहुत जल्द ख़ास उन लोगों के लिए लिख दूँगा (जो बुरी बातों से) बचते रहेंगे और ज़कात दिया करेंगे और जो हमारी बातों पर ईमान रखा करेंगें	अपने दंड को जिन लोगों को जिन जैसा देखा जा सकता है उसी प्रकार का होगा जो हमारे स्वर्ग का देखा होगा।
567	567	567	I didn't know any criminals so I thought Riz might.	मैंने नहीं किया. मैं रिज़ हो सकता है तो मैंने सोचा कि किसी भी अपराधियों को पता है.	"मुझे ऐसा नहीं पता था सुनसारा:
अगरiz का मुझे पता चला"
568	568	568	And your Lord is Rich (Free of all wants), full of Mercy, if He will, He can destroy you, and in your place make whom He will as your successors, as He raised you from the seed of other people.	और जो कुछ वह लोग करते हैं तुम्हारा परवरदिगार उससे बेख़बर नहीं और तुम्हारा परवरदिगार बे परवाह रहम वाला है - अगर चाहे तो तुम सबके सबको (दुनिया से उड़ा) ले लाए और तुम्हारे बाद जिसको चाहे तुम्हार जानशीन बनाए जिस तरह आख़िर तुम्हें दूसरे लोगों की औलाद से पैदा किया है	यह कहतो कि आपका डर ख़रज़ार है, ख़सख़स्ट रूप से आपका हिल कर डें व्यक्त करने वाले लोगों के प्रति व्यक्त करने वाले लोगों के बीच करने वाला है डर-मिस-अल-मिस-एर-डेन-ज़र-नक-डेन-ज़र-नक-डेन-ज़र-र-डेन-ज़र-र-डेन-ज़र-र-डेन-ज़र-र-डेन-ज़र-र-डेन-ज़र-र-डेन-ज़र-र-डेन-ज़र-र-डेन-ज़र-र-डेन-ज़र-र-डेन-ज़र-र-डेन-ज़र-र-डेन-ज़र-र-डेन-ज़र-र-डेन-ज़र-र-डेन-ज़र-र-डेन-ज़र-र-डेन-ज़र-र-डेन-ज़र-र-
569	569	569	Or He may seize them by diminishing their portion. Yet your Lord is compassionate and kind.	या वह अज़ाब से डरते हो तो (उसी हालत में) धर पकड़ करे इसमें तो शक नहीं कि तुम्हारा परवरदिगार बड़ा शफीक़ रहम वाला है	अरे, ये लोग उन्हें अपने हिस्से से छाँचे लेते हैं। फिर आपके पिता न kindly ध्यान से उनके हिस्से से छाँचे लेते हैं।
570	570	570	He didn't have any kids of his own.	वो अपने खुद के किसी भी बच्चों को नहीं था.	जिसने सोने के बच्चे के बारे में बताया?
571	571	571	Failure reason: %s	विफलता कारण: %s	दिए गए कारण %s के रूप में
572	572	572	_Delete %s	%s मिटाएँ (_D)	इससे %s को हटा दिया
573	573	573	Marshaller	मार्शलर	चेतावनी
574	574	574	Telephone	टेलिफोन	टेलीफोन
575	575	575	"""We aspire to a better tomorrow, a new Egypt and a second republic,"" Morsi said during a solemn ceremony shown live on state television."	"राष्ट्रीय टेलीविज़न पर सजीव प्रसारण में दिखाए गए औपचारिक समारोह के दौरान मोरसी ने कहा कि ""हम बेहतर भविष्य, नए मिस्र तथा दूसरे गणराज्य की आकांक्षा कर रहे हैं।"""	मॉर्सी ने कहा, “हम एक बेहतर भविष्य की इच्छा रखते हैं, एक नई ईज़िक और एक दूसरे राष्ट्र की स्वतंत्रता”, मॉर्सी ने एक संयुक्त राज्य की स्वतंत्रता के लिए एक घोषणार्ता के रूप में एक इच्छुक राष्ट्र के लिए एक ऐसा उपवचन देने वाला था कि यदि वे इस्तेमाल करने तो चाहें तो भी किया जा सकता था
576	576	576	I tried to give her some money, but she would not take any.	मैंने उसको पैसे देने की कोशिश करी पर उसने इनकार कर दिया।	मैं उससे कुछ बाँटते था, लेकिन वह कुछ नहीं लेती।
577	577	577	After squeezing 25 kilos of grapes..you get one bottle of juice.	grapes.. you का 25 किलो निचोड़ के बाद रस की एक बोतल मिलता है।	25 किलो ग्रैब से एक बोत्ले ऑल-जूआईस्ट बॉबी।
578	578	578	I done what she asked.	... मैं उसने पूछा क्या किया.	मैं जो she के अनुसार हूँ वो में से न मिल सके।
579	579	579	Q.921TM	Q. 921TM	जी.सी.ई. के लिए कोई जानकारी
580	580	580	The height of the window	विंडो की ऊँचाई	दीवार से नीचे किसी खंड के ऊँचे हिस्से
581	581	581	Do they not see that Allah enlarges the provision for whom He wills and straitens (it for whom He wills). Verily, in that are indeed signs for a people who believe.	क्या उन्होंने विचार नहीं किया कि अल्लाह जिसके लिए चाहता है रोज़ी कुशादा कर देता है और जिसके लिए चाहता है नपी-तुली कर देता है? निस्संदेह इसमें उन लोगों के लिए निशानियाँ है, जो ईमान लाएँ	जिन्होंने भी नहीं देखा है वही संकेत हैं लिए संकेत हैं जो लिए संकेत हैं वे भी हैं जो लिए संकेत हैं।
582	582	582	Connect to remote target	कनेक्ट को रिमोट लक्ष्य	ट्रैबल टारगेट को स्थानांतरण कर
583	583	583	Whether the main stage should be rendered offscreen	क्या मुख्य स्टेज को ऑफस्क्रीन प्रदान की जानी चाहिए	"जैसा है कि फ़ैक्टर की स्थानीय रूप से गो-ऑफ़ स्क्रीन के बाहर की ओर से किसी चीज़ को स्थानीय रूप से गो-ऑफ़ किया जा सकता है।

इस प्रक्त्त में जो भी हो सकता है, उसे इस प्रक्त्त में इस्तेमाल किया जा सकता है।"
584	584	584	Port	पोर्ट	पोर्ट
585	585	585	Now a sharp look in your eye.	अब आंखों में एक तेज नजर.	अब अपने आँसू में देखें।
586	586	586		कुछ नहीं	नहीं
587	587	587	"(Muhammad), if they turn away from you, say, ""God is Sufficient (support) for me. There is no God but He. In Him do I trust and He is the Owner of the Great Throne."""	ऐ रसूल अगर इस पर भी ये लोग (तुम्हारे हुक्म से) मुँह फेरें तो तुम कह दो कि मेरे लिए ख़ुदा काफी है उसके सिवा कोई माबूद नहीं मैने उस पर भरोसा रखा है वही अर्श (ऐसे) बुर्जूग (मख़लूका का) मालिक है	"इस प्रकार से, यदि वे विद्वान बनते हैं, तो कहा, ""हगी, हस्तक्षलि, हो ज herself. हो ज herself."""
588	588	588	This road isn't on here.	यह सड़क यहाँ पर नहीं है.	यह रोड नहीं है।
589	589	589	Name	नाम	नाम
590	590	590	Not funny, I guess.	न अजीब बात है, मुझे लगता है.	कुछ मज़ाा हो सकता है।
591	591	591	%s has canceled the following shared memo:	%s ने निम्न साझा ज्ञापन रद्द कर दिया है:	उससे कि ? से की गई सभी साझा पत्राचार मेमोर:
592	592	592	German Male	"अज्ञात आवाज ""% 1"""	कृपया (जर्मन में कोई भी नहीं!), हटाएँ, हटाएँ, या इसके कोई भी हद नहीं!).
593	593	593	Pelungsur cake to indicate that the ceremony has ended.	महिला #2:	इस संदर्भ में पेलूंसुर विधि से संकेत दिया जा सकता है कि प्रत्यावरण की पूर्णता से विधि से संकेत किया जा सकता है।
594	594	594	Who is more wicked than he who invents a lie about Allah or belies His verses? The harmdoers shall never prosper.	और उससे बढ़कर अत्याचारी कौन होगा, जो अल्लाह पर झूठ गढ़े या उसकी आयतों को झुठलाए। निस्सन्देह अत्याचारी कभी सफल नहीं हो सकते	इसे सीधे स्वरूप में और सबसे अधिक विश्वनीय और विश्वनीय से विवर्तिपूर्ण जानकारी दी दी कि कोई भी विपरीत भूमिका करने वाले लोगों से और अधिकतर हिंसक हो सकते हैं।
595	595	595	You are going to be on the hot seat in there, June bun.	तुम वहाँ में हॉट सीट जून रोटी पर होने जा रहे हैं।	आपको वही सीट पर बैठने वाले होंके बात में सच्चाई है।
596	596	596	GType	क़िस्म	गेट प्रजाति
597	597	597	Never! Indeed, it is a blazing fire,	(मगर) ये हरगिज़ न होगा	नहीं! वास्तव, यह एक ब्लास्ट फायर,
598	598	598	First, I want out of here.	सबसे पहले, मैं यहाँ से बाहर करना चाहते हैं।	मुझे यहाँ से निकलना चाहती हूँ।
599	599	599	Seven round capacity.	सात दौर क्षमता।	बार से छह बार का
600	600	600	I am the hero who's been recognize today.	मैं नायक, जो आज हो गया है समझते हैं पुरूष।	मैं यहाँ किसी को भी धोखा देने के लिए मजबूर करने वाला ऐसा संवाददाता हूँ।
601	601	601	Is it not a guidance to them, how many generations We destroyed before them in whose dwelling places they walk? Surely, in this there are signs for thoseof reason.	फिर क्या उनको इससे भी मार्ग न मिला कि हम उनसे पहले कितनी ही नस्लों को विनष्ट कर चुके है, जिनकी बस्तियों में वे चलते-फिरते है? निस्संदेह बुद्धिमानों के लिए इसमें बहुत-सी निशानियाँ है	यह न तो है कि वे सार्वजनिक संसाधनों से मिल सकते हैं, और यह सुनने से भी मिल सकता है.
602	602	602	Gifts and sweets were distributed among the students and teachers by the organisers of this program.	कार्यक्रम में प्रबंधक समिति की ओर से शिक्षकों व विद्यार्थियों को उपहार व मिठाई वितरित की गई।	प्रायोगिक कार्यक्रम के द्वारा छात्रों और शिक्षकों को गिफ्ट और सweets दिए जाने वाले कार्यकर्ताों को यह बताया गया कि ये कार्यक्रम छात्रों और शिक्षकों को गिफ्ट और सweets देने वाले कार्यकर्ताों को यह बताया गया कि ये कार्यक्रम छात्रों और शिक्षकों को गिफ्ट और सweets देने वाले कार्यकर्ताों को यह बताया गया कि ये कार्यक्रम छात्रों और शिक्षकों को गिफ्ट और सweets देने वाले कार्यकर्ताों को यह बताया गया कि ये कार्यक्रम छात्रों और शिक्षकों को गिफ्ट और सweets देने वाले कार्यकर्ताों को यह बताया गया कि ये कार्यक्रम छात्रों और शिक्षकों
603	603	603	Cannot create folder '%s'	नया फ़ोल्डर `%s' नहीं बना सकता है	क्या संसाधन शुल्क निर्धारण
604	604	604	I need you no longer.	अब मुझे तुम्हारी कोई ज़रूरत नहीं है.	मुझे नहीं चाहूँ।
605	605	605	Tell Karna good-bye.	कर्ण को नमस्ते कहना मेरे लिए .	कारण्या को-यात्रा के वादा के रूप में कहा जा सकता है.
606	606	606	_Board size:	बिसात आकार (_B):	_कक्षों का साइज़:
607	607	607	We were 18.	हम 18 थे.	हम 18.
608	608	608	Go tell him yourself.	उसको अपने-आप जाकर बताओ।	यह सुनना भी।
609	609	609	They will surely perish who kill their offspring in ignorance foolhardily, and forbid the food that God has given them by fabricating lies against God. Misguided are they surely, and will never come to guidance.	बेशक जिन लोगों ने अपनी औलाद को बे समझे बूझे बेवकूफी से मार डाला और जो रोज़ी ख़ुदा ने उन्हें दी थी उसे ख़ुदा पर इफ़तेरा (बोहतान) बाँध कर अपने ऊपर हराम कर डाला और वह सख्त घाटे में है ये यक़ीनन राहे हक़ से भटक गऐ और ये हिदायत पाने वाले थे भी नहीं	यह सुनने वे लोगों को भूलस्वार्थ जीवन संबंधी जानकारी प्रदान करने वाले लोगों के साथ विलगनफुल जीवन संबंधी जानकारी देने वाले लोगों के साथ विलगनफुल जीवन संबंधी जानकारी देने वाले लोगों के साथ विलगनफुल जीवन संबंधी जानकारी देने वाले लोगों के साथ विलगनफुल जीवन संबंधी जानकारी देने वाले लोगों के साथ
610	610	610	[ BUBBLING ]	[बुदबुदाती]	जिस तरह से जानकारी डालते हुए, आप जानकारी हटा चुके बात को स्पष्ट करें कि आप जानकारी स्थानांत्यास कर चुके हैं।
611	611	611	Strict	स्क्रिप्ट्स	बढ़ा
612	612	612	When you lay hands upon anyone, you do so as tyrants.	और जब तुम (किसी पर) हाथ डालते हो तो सरकशी से हाथ डालते हो	जब आप किसी पर अपनी hands हाथ से grasp कर लेते हैं, तो वही व्यक्ति वॉरियर है।
613	613	613	Artist	कलाकार	ऐक्टर
614	614	614	Worry about yourself, kiddo!	बच्चे, अपने बारे में चिंता!	आपको अपने बारे में चिंता नहीं है, किडो!
615	615	615	It's mathilda.	यह Mathilda है.	इसे मैटलीडा।
616	616	616	I must know where I stand in your heart.	मै जानना चाहती हूँ कि तुम्हारे दिल में मेरी क्या जगह है.	मैं जानता हूँ कि आपके दिल में क्या है।
617	617	617	He hears the revelations of God which are recited to him, then persists in his arrogance as if he had not even heard them. Tell him that he will suffer a painful torment.	कि ख़ुदा की आयतें उसके सामने पढ़ी जाती हैं और वह सुनता भी है फिर ग़ुरूर से (कुफ़्र पर) अड़ा रहता है गोया उसने उन आयतों को सुना ही नहीं तो (ऐ रसूल) तुम उसे दर्दनाक अज़ाब की ख़ुशख़बरी दे दो	अपने अराजकत्व को सुधारने के लिए उन्हें यह कह देना याद दिलाता है कि वे इसके प्रतिदोषिता से दूर हो और वे इसके बारे में सोचने में सक्षम हों।
618	618	618	"Then, on the Day of Judgment, He will cover them with shame, and say: ""Where are My 'partners' concerning whom ye used to dispute (with the godly)?"" Those endued with knowledge will say: ""This Day, indeed, are the Unbelievers covered with shame and misery,-"	(फिर उसी पर इकतिफा नहीं) उसके बाद क़यामत के दिन ख़ुदा उनको रुसवा करेगा और फरमाएगा कि (अब बताओ) जिसको तुमने मेरा यशरीक बना रखा था और जिनके बारे में तुम (ईमानदारों से) झगड़ते थे कहाँ हैं (वह तो कुछ जवाब देगें नहीं मगर) जिन लोगों को (ख़ुदा की तरफ से) इल्म दिया गया है कहेगें कि आज के दिन रुसवाई और ख़राबी (सब कुछ) काफिरों पर ही है	अरे, यहाँ स्वर्ग के संबंधी मतभाषा हो सकती हूँ।
619	619	619	View	दृश्य	हाँ
620	620	620	Show offline contacts	ऑफलाइन संपर्क दिखाएँ	ब्लॉक ऑफ़ इंटरटाईब्लॉक ऑफ़ इंटरटाईब्लॉक ऑफ़ इंटरटाईब्लॉक ऑफ़ इंटरटाईब्लॉक ऑफ़ इंटरटाईब्लॉक ऑफ़ इंटरटाई
621	621	621	"Seriously I do not find a good reason to all what the Israelis are doing whether from leading the world against Iran or attacking Egypt and KSA for their announcement that they would start a peaceful nuclear program,"" writes Egyptian blogger Zeinobia."	मुझे कोई तार्किक कारण नहीं नज़र आता जो इज़्राइली कर रहे हैं चाहे हो इरान के खिलाफ विश्व को बरगलाने की बात हो या मिस्र या KSA की शांतिपूर्ण परमाणु कार्यक्रम शुरु करने की घोषणा करने पर निंदा हो।	यह सेरी जिनाबिया यूनिब्यू इंटरनेट वेब ब्लॉकर के रूप में काम कर रही है एक ईस्तो यूनिस्ट।
622	622	622	Niggah, go clean that shit up, man.	Niggah, स्वच्छ जाना कि गंदगी, आदमी.	निगह, गो निगह, गोता बैठे, मैन।
623	623	623	I told you, I'm claustrophobic.	मैंने आपको बताया था, मैं क्लॉस्टेरोफोबिया हूँ।	मैंने तो बताया, मैं डरेंगी भी याद नहीं।
624	624	624	But they're on a ration.	लेकिन वे एक राशन पर कर रहे हैं.	लेकिन वे रेटनेस पर भोजन की राशि दी ज रही है।
625	625	625	B_ackground color:	पृष्ठभूमि रंग (_a)	रंग:
626	626	626	Don't mistake me for what had happened on the other day.	उस दिन जो हुआ वो भूल जाओ.	नहीं मिस्ट्री में से भी बाहर हो सकती हूँ, उस दिन के घटनाओं से जो मेरा संबंध है।
627	627	627	It is not a sin if you try to make a profit out of the bounty of your Lord (by trading during hajj). When you leave Arafah, commemorate the name of your Lord in Mash'ar, the sacred reminder of God. Commemorate His name as He has given you guidance while prior to that you had been in error.	इस में कोई इल्ज़ाम नहीं है कि (हज के साथ) तुम अपने परवरदिगार के फज़ल (नफ़ा तिजारत) की ख्वाहिश करो और फिर जब तुम अरफात से चल खड़े हो तो मशअरुल हराम के पास ख़ुदा का जिक्र करो और उस की याद भी करो तो जिस तरह तुम्हे बताया है अगरचे तुम इसके पहले तो गुमराहो से थे	अरफाह से जाते समय अपने भगवान के नाम को सम्मान देना योग्य है।
628	628	628	Mr. Speaker?	मि. स्पीकर ?	कहें?
629	629	629	But if adrenalin which works only for a few seconds acts for 5 minutes won't the body be affected?	लेकिन adrenalin जो कुछ सेकंड के लिए ही काम करता है 5 मिनट के लिए कार्य करता है, तो ... ... शरीर प्रभावित नहीं होगा?	नहीं, 5 मिनट के लिए नहीं तो सकता कि शरीर पर कोई असर पड़ेगा।
630	630	630	He said, “Yes, and you will be among my favorites.”	फिरऔन ने कहा (हॉ इनाम ही नहीं) बल्कि फिर तो तुम हमारे दरबार के मुक़र्रेबीन में से होगें	यह कहा, “हाँ, और आप मुझसे भी अपने favorites से ज़्यादातर होंगे.”
631	631	631	Remember I told you if there was anything left you still cared about,	अगर मैंने तुमसे कहा था याद वहाँ आप अभी भी परवाह के बारे में कुछ भी छोड़ दिया थी	दोहरें नहीं, छुपाएं नहीं, ये जानकारी बदलने वाले हैं।
632	632	632	new server	नया सर्वर	नई सेवार
633	633	633	In the doing, never the thinking.	करने में, कभी नहीं सोच रही है.	दिए, कभी नहीं।
634	634	634	Pidgin address book source	पिडगिन पता पुस्तिका स्रोत	"चिन्हे:
पीड़िज़ के लिए कोई भी ग्रंथ, पुस्तक, या संसाधन जैसा सार्वजन्य स्रोत हो सकता है।"
635	635	635	The only way is to strike.	एक ही रास्ता हड़ताल करने के लिए है.	यह सिर्फ़़़़़ Striking का एक तरीका है।
636	636	636	- Yeah, as you said the last time.	जैसा कि आप समय कहा पिछले.	जैसा कहा हैं कि पिछली बार में कहा हुआ था।
637	637	637	And you're gonna eat it.	और आप इसे खाने वाले हैं.	और आप उसे खाएंगे।
638	638	638	- NO, I'M JUST A KID.	- नहीं, मैं सिर्फ एक बच्चा हूँ.	रहस्ता, तुम्हारे पास मैंने भी कुछ किया है।
639	639	639	Cannot append message to maildir folder: %s:	maildir फ़ोल्डर में संदेश नहीं जोड़ सकता: %s:	मेलडिर फ़ोर्ड में संदेश %s के लिंक को नहीं कर सकते
640	640	640	[For them are] gardens of perpetual residence which they will enter. They will be adorned therein with bracelets of gold and pearls, and their garments therein will be silk.	(और उसका सिला बेहिश्त के) सदा बहार बाग़ात हैं जिनमें ये लोग दाख़िल होंगे और उन्हें वहाँ सोने के कंगन और मोती पहनाए जाएँगे और वहाँ उनकी (मामूली) पोशाक ख़ालिस रेशमी होगी	इससे भी यकीना है कि जो लोग याद रखेंगे वे हैं वे उनके ब्रैकलट्ट्स से सिल्क रख रहेंगे। और उनके garments स्थानीय होंगे
641	641	641	And the trumpet is blown. This is the threatened Day.	और नरसिंघा फूँक दिया गया। यही है वह दिन जिसकी धमकी दी गई थी	और ट्रुब निकालने वाले की धड़ लगाई जाएगी। यह डे यूज़ है
642	642	642	What a little miracle you are!	तुम एक छोटे चमत्कार जैसे हो!	कुछ ऐसी दिव्यापूर्ण बातें आपने!
643	643	643	♪ I only know it's a matter of time ♪	तुम बेकार, गिरे हुए इंसान!	मैं बस इतना जानता हूँ कि
644	644	644	Pursue second mark.	सेकंड का चिह्न को आगे बढ़ाना है.	बढ़ाई second mark.
645	645	645	"Leaving the consorts your Lord has made for you? But you are a people who exceed the bounds."""	और तुम्हारे वास्ते जो बीवियाँ तुम्हारे परवरदिगार ने पैदा की है उन्हें छोड़ देते हो (ये कुछ नहीं) बल्कि तुम लोग हद से गुज़र जाने वाले आदमी हो	आपके लिये अपने संघर्त्त्यों के बाहर हैं? लेकिन आप लोग जो कुछ भी भूल जाते हैं वही हैं |
646	646	646	So do not follow the unbelievers, and strive against them a mighty striving with it.	अतः इनकार करनेवालों की बात न मानता और इस (क़ुरआन) के द्वारा उनसे जिहाद करो, बड़ा जिहाद! (जी तोड़ कोशिश)	इससे न भी following हो सके, और इससे भी नहीं विरोध कर सकते हैं।
647	647	647	Core developer	कोर डेवलपर	स्ट्रीट डेवलper
648	648	648	(And it was said unto him): O David! Lo! We have set thee as a viceroy in the earth; therefor judge aright between mankind, and follow not desire that it beguile thee from the way of Allah. Lo! those who wander from the way of Allah have an awful doom, forasmuch as they forgot the Day of Reckoning.	"""ऐ दाऊद! हमने धरती में तुझे ख़लीफ़ा (उत्तराधिकारी) बनाया है। अतः तू लोगों के बीच हक़ के साथ फ़ैसला करना और अपनी इच्छा का अनुपालन न करना कि वह तुझे अल्लाह के मार्ग से भटका दे। जो लोग अल्लाह के मार्ग से भटकते है, निश्चय ही उनके लिए कठोर यातना है, क्योंकि वे हिसाब के दिन को भूले रहे।-"	"अस्पष्ट हो सकते हैं:
(और यह कहलटा दी गई है): ओ डेविड! लो! हमें जिस वीरसत को राज्य दिया गया है उसी वीरसत का वीरसत है।"
649	649	649	Except for the East Assembly seat, candidates from the other seats are sitting MLAs of their respective seats.	ज्ञात हो कि पूर्व विधानसभा को छोड़कर सभी सीटों के प्रत्याशी वर्तमान में संबंधित क्षेत्रों से वर्तमान में विधायक हैं।	इससे भी नहीं, East Assembly seat के विकल्प हैं। दूसरे विकल्पों से बैठे MLAs अपने विकल्पों में से एक को लेते हैं।
650	650	650	'World Habitat Day' Celebration in Cambodia · Global Voices	कंबोडिया मे 'वर्ल्ड हैबिटैट डे' समारोह	"क्यूँ नहीं:
वर्ल्ड हाबिटी दिवस की मनावाई की रिपोर्ट"
651	651	651	)	)	कृपया , छिटपुट रूप से बदल सकते हैं, छोटा हो सकता है, और किसी भी तरह से बदलाव का अनुभव कर सकते हैं।
652	652	652	Sudden Winds	अचानक तेज हवा	सड़ने वाले हवाएँ
653	653	653	The odd Whispering Death or two in the rocks?	पत्थरों में एक-दो अनोखे विस्परिंग डेथ दिख सकेंगे?	कुछ के कुछ?
654	654	654	Collapse All _Threads	सभी लड़ियाँ समेटें (_T)	सब कुछ बाँट कर
655	655	655	He did not believe in Allah, the Great,	(क्यों कि) ये न तो बुज़ुर्ग ख़ुदा ही पर ईमान लाता था और न मोहताज के खिलाने पर आमादा (लोगों को) करता था	अल्लाह, जाति, इतिहास, इतिहास के प्रतिपादक, इतिहास के प्रतिपादक, इतिहास के प्रतिपादक, इतिहास के प्रतिपादक, इतिहास के प्रतिपादक, इतिहास के प्रतिपादक, इतिहास के प्रतिपादक, इतिहास के प्रतिपादक, इतिहास के प्रतिपादक, इतिहास के प्रतिपादक, इतिहास के प्रतिपादक, इतिहास के प्रतिपादक, इतिहास के प्रतिपादक, इतिहास के प्रतिपादक, इतिहास के प्रतिपादक, इतिहास के प्रतिपादक, इतिहास के प्रतिपादक, इतिहास के प्रतिपादक, इतिहास के प्रतिपादक, इतिहास के प्रतिपादक, इतिहास के प्रतिपादक, इतिहास के प्रतिपादक, इतिह
656	656	656	Rename...	नाम बदलें...	दिए गए पाठ का संदर्भ बदलें।
657	657	657	Oh, my God.	ओह, मेरे भगवान.	हाँ ही नहीं।
658	658	658	So I knew I must have stayed clean.	मैं मैं साफ रह चाहिए पता था तो.	यह मेरे पास करना होगा कि मैंने साबुत सफ़ाई किया।
659	659	659	For some of us are upright and some otherwise: Surely we follow different ways.	"""और यह कि हममें से कुछ लोग अच्छे है और कुछ लोग उससे निम्नतर है, हम विभिन्न मार्गों पर है"	सबसे जो हैं ये सारे अलग तरह से हो सकते हैं. शायद हम सब अलग-अलग तरीकों से चलते हैं.
660	660	660	"Mac (""\\r"")"	"मैक (""\\ r"")"	प्राप्त: MAC
661	661	661	Those who do wrong will have their turn, like the turn of their counterparts, so let them not rush Me.	अतः जिन लोगों ने ज़ुल्म किया है उनके लिए एक नियत पैमाना है; जैसा उनके साथियों का नियत पैमाना था। अतः वे मुझसे जल्दी न मचाएँ!	जो लोग गलत करते हैं, वो अपने दोस्तों के साथ अपना समय नहीं देना चाहते हैं
662	662	662	- THERE'S CLOTHES IN THE VAN.	- वैन में कपड़े नहीं है.	- वान में कपड़े हैं।
663	663	663	S15: Keep away from heat	S15: गर्मी से दूर रखेंPlease take the official translations! You find them here: http: // europa. eu. int/ eur- lex/ lex/ LexUriServ/ LexUriServ. do? uri=CELEX: 32001L0059: EN: HTML	"इस प्रक्युच्या से following information is not added, removed, or changed.
Text:
S15: Keep away from heat"
664	664	664	And whoever is on earth entirely [so] then it could save him.	और उन सभी लोगों को जो धरती में रहते है, फ़िदया (मुक्ति-प्रतिदान) के रूप में दे डाले फिर वह उसको छुटकारा दिला दे	और जो भूमि पर है उसे पूरी तरह से saved हो सकता है.
665	665	665	- They don't let us in the class.	- वे हमें क्लास में ऐसा नहीं करते।	- वे हमें क्लास में नहीं आते.
666	666	666	Copy the selection	मौजूदा चयन	Selection को कॉपी कर ले
667	667	667	Use Alpha	अल्फा का उपयोग करें	अफ़ा अलाप
668	668	668	(SPEAKING IN RUSSIAN)	(रूसी में बोल)	"टीसीई:
एस्पैक्टिंग इन रूसियन"
669	669	669	It was really fun actually.	यह सच में मज़ा था वास्तव में.	कुछ ही समय के बाद वास्तव में अच्छा रहा।
670	670	670	Or, were you witnesses when death came to Jacob! He said to his children: 'What will you worship after me' They replied: 'We will worship your God and the God of your forefathers, Abraham, Ishmael, and Isaac, the One God. To Him, we are submissive'	"(क्या तुम इबराहीम के वसीयत करते समय मौजूद थे? या तुम मौजूद थे जब याक़ूब की मृत्यु का समय आया? जब उसने बेटों से कहा, ""तुम मेरे पश्चात किसकी इबादत करोगे?"" उन्होंने कहा, ""हम आपके इष्ट-पूज्य और आपके पूर्वज इबराहीम और इसमाईल और इसहाक़ के इष्ट-पूज्य की बन्दगी करेंगे - जो अकेला इष्ट-पूज्य है, और हम उसी के आज्ञाकारी (मुस्लिम) हैं।"""	"जिस तरह से, जीवन के प्रस्तुति के लिए धन्यवाद दिया जा सकता है।

और जिस तरह से, विवाह के प्रस्तुति के लिए धन्यवाद दिया जा सकता है।

और जिस तरह से, धर्म के प्रस्तुति के लिए धन्यवाद दिया जा सकता है।

और जिस तरह से, प्राणियों के प्रस्तुति के लिए धन्यवाद दिया जा सकता है।"
671	671	671	He destroys our self-control.	वह हमारे आत्म - नियंत्रण नष्ट कर देता है.	इसे दोहराकर भी नहीं, अपेक्षा से हटा दिया जा सकता हूँ।
672	672	672	fashioning for him whatsoever he would -- places of worship, statues, porringers like water-troughs, and anchored cooking-pots. 'Labour, O House of David, in thankfulness; for few indeed are those that are thankful among My servants.'	ग़रज़ सुलेमान को जो बनवाना मंज़ूर होता ये जिन्नात उनके लिए बनाते थे (जैसे) मस्जिदें, महल, क़िले और (फरिश्ते अम्बिया की) तस्वीरें और हौज़ों के बराबर प्याले और (एक जगह) गड़ी हुई (बड़ी बड़ी) देग़ें (कि एक हज़ार आदमी का खाना पक सके) ऐ दाऊद की औलाद शुक्र करते रहो और मेरे बन्दों में से शुक्र करने वाले (बन्दे) थोड़े से हैं	यह लिखने के लिए तैयार हूँ कि इस संस्करण में कुछ जानकारी हटा दी गई हो या कुछ जानकारी जोड़ी गीॅरवाल के द्वारे नहीं की गई हो |
673	673	673	Aimed at you, my golden goose!	Aimed at you, my golden goose!	खरीदार को आपक, मेरी स्वर्ण भावगति!
674	674	674	But, what's the meaning of it?	लेकिन, इसका मतलब क्या है?	But, what's the meaning of it?
675	675	675	You crap!	तुम छी!	जी हाँ, आप से कुछ भी नहीं है!
676	676	676	A bridge, right? Of course.	एक पुल है, है ना?	हाँ, ब्रिज से सीधा होता है। बिल्क्रू.
677	677	677	_Debug	डिबग	बनावट
678	678	678	_Fast blanking	तेज रिक्तिकरण (_F)	बढ़ाई
679	679	679	The oceans have turned to blood. Best to stay on dry land, where it's safe.	महासागरों ने वापस खून लौटा है...	जो तुम्हें भी पता है कि पानी तुम्हारे पास है  आप जो तुम्हें भी पता है, उसे बदलो।
680	680	680	The wickedness of all this is hateful with your Lord.	इनमें से प्रत्येक की बुराई तुम्हारे रब की स्पष्ट में अप्रिय ही है	इस प्रकार से हानि से आपके पवित्र ज्ञान का मार्ग मिलता है।
681	681	681	Okay, pay attention because I'm only gonna go over this ten more times.	ठीक है, ध्यान से सुनो क्योंकि सिर्फ़ दस बार और बताऊँगा।	ठीक है, आपको ध्यान में रखना है क्योंन्तु मैं बस इतनी से जानकारी दे पाने के लिए भी सिर्फ़ इतना ध्यान मिला
682	682	682	[cheers]	[हर्षध्वनि]	"संकेत:
[cheers]"
683	683	683	You grew a conscience.	तुम्हारा ज़मीर जाग गया।	आपका दिल से ज्यादा संवारा हुआ है.
684	684	684	Artist	कलाकारः	ऐक्टर
685	685	685	He says all the things that Brad doesn't.	उन्होंने ब्राड नहीं करता है कि सब बातें कहते हैं.	यह कहते हैं कि ब्रैड ने सभी नहीं.
686	686	686	- The Führer is the Führer!	- फ्यूरर फ्यूरर है!	- अधिकारी अधिकारी हैं!
687	687	687	O ye who believe! Kill not game while in the sacred precincts or in pilgrim garb. If any of you doth so intentionally, the compensation is an offering, brought to the Ka'ba, of a domestic animal equivalent to the one he killed, as adjudged by two just men among you; or by way of atonement, the feeding of the indigent; or its equivalent in fasts: that he may taste of the penalty of his deed. Allah forgives what is past: for repetition Allah will exact from him the penalty. For Allah is Exalted, and Lord of Retribution.	ऐ ईमान लानेवालो! इहराम की हालत में तुम शिकार न मारो। तुम में जो कोई जान-बूझकर उसे मारे, तो उसने जो जानवर मारा हो, चौपायों में से उसी जैसा एक जानवर - जिसका फ़ैसला तुम्हारे दो न्यायप्रिय व्यक्ति कर दें - काबा पहुँचाकर क़ुरबान किया जाए, या प्रायश्चित के रूप में मुहताजों को भोजन कराना होगा या उसके बराबर रोज़े रखने होंगे, ताकि वह अपने किए का मज़ा चख ले। जो पहले हो चुका उसे अल्लाह ने क्षमा कर दिया; परन्तु जिस किसी ने फिर ऐसा किया तो अल्लाह उससे बदला लेगा। अल्लाह प्रभुत्वशाली, बदला लेनेवाला है	एह, जो ईसाई निश्चय करता है कि वह वास्तव में ईसा का उपदाव्य है और प्रतिस्पर्धी उसका प्रतिबल है कि वह ईसा का उपदाव्य नहीं रहेग और प्रतिस्पर्धी वह ईसा का प्रतिबल है नहीं रखेग।
688	688	688	Make sure 'gdb' is installed on the system.	मेक gdb है पर सिस्टम नहीं	इसे सुनने के लिए गडब्बा भी हो सकता है.
689	689	689	Aerial threat!	एरियल खतरा!	एकडीयर्ड खतरा!
690	690	690	Sister Sarah, you tried.	बहन सारा, आप की कोशिश की.	सिस्टर साराह, आप ने प्रयास किया।
691	691	691	What, have they not journeyed in the land and beheld how was the end of those before them? They were stronger than themselves in might and left firmer traces in the earth; yet that they earned did not avail them.	तो क्या ये लोग रूए ज़मीन पर चले फिरे नहीं, तो देखते कि जो लोग इनसे पहले थे उनका क्या अंजाम हुआ, जो उनसे (तादाद में) कहीं ज्यादा थे और क़ूवत और ज़मीन पर (अपनी) निशानियाँ (यादगारें) छोड़ने में भी कहीं बढ़ चढ़ कर थे तो जो कुछ उन लोगों ने किया कराया था उनके कुछ भी काम न आया	यह, क्या हुआ इन देशों और संस्कृति से जो परस्पर कार्यवाही है उसे इन्होंने क्या हुआ ? उन्होंने firmer traces ने पहले इन्होंने क्या हुआ ?
692	692	692	Get to the side!	तरफ जाओ!	के साइड पर जाए!
693	693	693	- Yeah.	- हाँ।	जी हाँ।
694	694	694	And perhaps for the first time there is an online website called No Criminals that is geared towards educating voters about political candidates that have a criminal record and stop them from contesting elections.	एक अन्य जालस्थल नो क्रिमिनल्स में मतदाताओं को आपराधिक पृष्ठभूमि वाले प्रत्याशियों के बारे में जानकारी दी गई है।	यह निष्पक्त राज्य है
695	695	695	Why were there no people of understanding among those people of the destroyed towns of the past except for a few, whom we saved from destruction, to prevent people from committing evil in the land? The unjust among them indulged in worldly pleasures and so became guilty.	फिर तुमसे पहले जो नस्लें गुज़र चुकी है उनमें ऐसे भले-समझदार क्यों न हुए जो धरती में बिगाड़ से रोकते, उन थोड़े-से लोगों के सिवा जिनको उनमें से हमने बचा लिया। अत्याचारी लोग तो उसी सुख-सामग्री के पीछे पड़े रहे, जिसमें वे रखे गए थे। वे तो थे ही अपराधी	यह समझाने वाले लोगों के शहरों के पूरी हो कर बुराई का सामना करने में रुचि रखते थे? उसे ज़बरुरूप बुराई का सामना करने वाले लोगों को ज़रूरी तरह से समझा
696	696	696	Let's go.	चलो चलते हैं.	अरे जाना।
697	697	697	H-Help me!	मुझे एच मदद!	जैसा है!
698	698	698	"Under the new bill, media houses can be fined up to 20 million Kenyan shillings and individual journalists up to one million with the additional risk of being ""de-listed,"" or barred from receiving official press accreditation."	"नए विधेयक के अन्तर्गत मीडिया कम्पनियों पर 2 करोड़ केन्याई शिलिंग तथा अलग-अलग पत्रकारों को दस लाख केन्याई शिलिंग पर जुर्माना किया जा सकता है तथा, उसके अतिरिक्त ""सूची से हटाए जाने"" अथवा आधिकारिक प्रेस मान्यता न दिए जाने का अतिरिक्त जोखिम अलग रहेगा।"	नई दवाई के नियमों के तहत, संपत्ति के पेशिवेश के नियमों के दायरा 20 करोड़ केन्या शिल्लीखारी, और व्यक्त व्यक्त व्यक्त व्यक्त व्यक्त व्यक्त व्यक्त व्यक्त व्यक्त व्यक्त व्यक्त व्यक्त व्यक्त व्यक्त व्यक्त व्यक्त व्यक्त व्यक्त व्यक्त व्यक्त व्यक्त व्यक्त व्यक्त व्यक्त व्यक्त व्यक्त व्यक्त व्यक्त व्यक्त व्यक्त व्यक्त व्यक्त व्यक्त व्यक्त व्यक्त व्यक्त व्यक्त व्यक्त व्यक्त व्यक्त व्यक्त व्यक्त व्यक्त व्यक्त व्यक्त व्यक्त व्यक्त व्यक्त व्यक्त व्यक्त व्यक्त व्यक्त व्यक्त व्यक्त व्यक्त व्यक्त व्यक्त व्यक्त व्यक्त व्यक्त व्यक्त व्यक्त व्यक्त व्यक्त व्यक्त व्यक्त व्यक्त व्यक्त व्यक
699	699	699	Calendar	पंचांग	कैलेंडर
700	700	700	And lo, thy Lord! He is indeed the Mighty, the Merciful.	और निस्संदेह तुम्हारा रब ही है जो बड़ा प्रभुत्वशाली, अत्यन्त दयावान है	और लो, येर, आपका मिलिया, दयालु।
701	701	701	Push me out of the window, why don't you?	मुझे खिड़की से बाहर पुश, तुम क्यों नहीं करते?	दीवार से निकल कर कहें, क्यों न तो?
702	702	702	Thanks.	धन्यवाद.	Thanks।
703	703	703	Is he like unto him who resteth upon an evidence from His Lord, so and there rehearseth it a witness from Him And before it was the Book of Musa, a pattern and a mercy; these believe therein; and whosoever of the sects disbelieveth therein, the Fire is his promised place. Be then thou not in dubitation thereof, verily it is the truth from thy Lord, yet most of the mankind believe not.	फिर क्या वह व्यक्ति जो अपने रब के एक स्पष्ट प्रमाण पर है और स्वयं उसके रूप में भी एक गवाह उसके साथ-साथ रहता है - और इससे पहले मूसा की किताब भी एक मार्गदर्शक और दयालुता के रूप में उपस्थित रही है- (और वह जो प्रकाश एवं मार्गदर्शन से वंचित है, दोनों बराबर हो सकते है) ऐसे ही लोग उसपर ईमान लाते है, किन्तु इन गिरोहों में से जो उसका इनकार करेगा तो उसके लिए जिस जगह का वादा है, वह तो आग है। अतः तुम्हें इसके विषय में कोई सन्देह न हो। यह तुम्हारे रब की ओर से सत्य है, किन्तु अधिकतर लोग मानते नहीं	अस्पष्ट होने पर किसी को भी प्रायशित करने वाले रूप से तथ्य सांकित करने वाले वाक्य के अंत होते होते हैं।
704	704	704	"Their greeting on the day they meet Him will be: ""Peace;"" and He has a generous reward ready for them."	जिस दिन उसकी बारगाह में हाज़िर होंगे (उस दिन) उनकी मुरादात (उसकी तरफ से हर क़िस्म की) सलामती होगी और खुदा ने तो उनके वास्ते बहुत अच्छा बदला (बेहश्त) तैयार रखा है	"वे पैगिबो के पैगिबो के प्रति शांति के स्वर में कहेंगे: ""पूर्णता!"""
705	705	705	We recite to you some of the news of Musa (Moses) and Fir'aun (Pharaoh) in truth, for a people who believe (those who believe in this Quran, and in the Oneness of Allah).	हम उन्हें मूसा और फ़िरऔन का कुछ वृत्तान्त ठीक-ठीक सुनाते है, उन लोगों के लिए जो ईमान लाना चाहें	यहाँ सुनवाई के संस्करण हैं।
706	706	706	You'll die man!	मरना है क्या!	जी हाँ, आपको जीवन देने वाले कार्यात्मक तत्व भी मिलेंगे।
707	707	707	Don't you worry about falling out of this thing?	आप इस बात से बाहर गिरने के बारे में चिंता मत करो?	इस चीज़ से आपको चिंता नहीं हो रही कि आप इसे बेहतर बना सकती हैं?
708	708	708	"""Place of birth,"	"""जन्म स्थान,"	"""से जो स्थान है,"
709	709	709	Man, you know the dumb-ass wop supposed to be testifying against Reggie.	यार, तुम गूंगा गधा wop रेगी के खिलाफ गवाही होने की चाहिए पता है.	में, तुम जानते हो कि स्टूप्ड वॉप सsupरटेस्टिंग के लिए Reggie का टेस्ट किया गया था।
710	710	710	He has revealed to you in the Book that when you hear God’s revelations being rejected, or ridiculed, do not sit with them until they engage in some other subject. Otherwise, you would be like them. God will gather the hypocrites and the disbelievers, into Hell, altogether.	(मुसलमानों) हालॉकि ख़ुदा तुम पर अपनी किताब कुरान में ये हुक्म नाज़िल कर चुका है कि जब तुम सुन लो कि ख़ुदा की आयतों से ईन्कार किया जाता है और उससे मसख़रापन किया जाता है तो तुम उन (कुफ्फ़ार) के साथ मत बैठो यहॉ तक कि वह किसी दूसरी बात में ग़ौर करने लगें वरना तुम भी उस वक्त उनके बराबर हो जाओगे उसमें तो शक ही नहीं कि ख़ुदा तमाम मुनाफ़िक़ों और काफ़िरों को (एक न एक दिन) जहन्नुम में जमा ही करेगा	यह कहो कि जब आप भगवान की रivelations सुनते हैं तो आप उन्हें अलग-haazirik हो कर देते हैं।
711	711	711	[ BUBBLING ]	[बुदबुदाती]	जिस तरह से जानकारी डालते हुए, आप जानकारी हटा चुके बात को स्पष्ट करें कि आप जानकारी स्थानांत्यास कर चुके हैं।
712	712	712	What is your GroupWise User ID?	आपका GroupWise उपयोक्ता आईडी क्या है?	आपका ग्रुप विज यूज़ आईड?
713	713	713	Message Header	संदेश शीर्ष	मेसेज हेडर
714	714	714	"""Or (why) has not a treasure been granted to him, or why has he not a garden whereof he may eat?"" And the Zalimun (polytheists and wrong-doers, etc.) say: ""You follow none but a man bewitched."""	"या इसकी ओर कोई ख़ज़ाना ही डाल दिया जाता या इसके पास कोई बाग़ होता, जिससे यह खाता।"" और इन ज़ालिमों का कहना है, ""तुम लोग तो बस एक ऐसे व्यक्ति के पीछे चल रहे हो जो जादू का मारा हुआ है!"""	यहाँ से (क्या) कोई स्वर्ग नहीं है, जो जो स्वर्ग हो सकता है, उसे भी कह सकते हैं।
715	715	715	Go to the next image of the gallery	दीर्घा के अगली छवि पर जाएँ	Next image of the gallery
716	716	716	Come on!	चलो!	जैसे!
717	717	717	Have you read the help file?	क्या आपने मदद फ़ाइल पढ़ ली है?	हाँ, क्या आप मदद फील्ड से पढ़ रहे हैं?
718	718	718	Style	शैलीComment	पृष्ठ
719	719	719	I'm sorry, I can't remember.	मुझे माफ करना, मैं याद नहीं कर सकता हूँ.	मुझे याद नहीं हूँ।
720	720	720	The IP address as seen by the machine	मशीन द्वारा देखा गया IP पता	मachine की साइट से देखे जाने वाले आई.पी. दिए हैं
721	721	721	- Why not?	-क्यों नहीं हो?	- क्यों नहीं?
722	722	722	He said: My Lord! Give me victory over folk who work corruption.	"उसने कहास ""ऐ मेरे रब! बिगाड़ पैदा करनेवाले लोगों के मुक़ावले में मेरी सहायता कर।"""	सहा: प्रिय पूर्व! मैं संघर्ष करने के लिए संघर्ष करने वाले को त्यागने के लिए तैयार हूँ।
723	723	723	Composer Window default height	कंपोजर विंडो तयशुदा ऊंचाई	कम्पोज़ वर्ड़ default हाइट
724	724	724	What happened to Omar?	उमर को क्या हुआ?	जो हुआ ओमर के साथ?
725	725	725	I'llmakeacall.	-मैं फ़ोन कर दूंगी।	इससे जो पूछा जा सकता है, मैं उसे कॉल करूँ।
726	726	726	The unbelieving assembly of his nation said: 'This is but a human like you, who desires to gain superiority over you. Had Allah willed, He could have sent down angels. We never heard of this among our ancient forefathers.	"इसपर उनकी क़ौम के सरदार, जिन्होंने इनकार किया था, कहने लगे, ""यह तो बस तुम्हीं जैसा एक मनुष्य है। चाहता है कि तुमपर श्रेष्ठता प्राप्त करे।""""अल्लाह यदि चाहता तो फ़रिश्ते उतार देता। यह बात तो हमने अपने अगले बाप-दादा के समयों से सुनी ही नहीं"	असहमत समूह ने कहा: 'यह केवल मानव जैसे जो इष्टकाम सोचते और इष्टकाम इंसान जैसे व्यक्ति के बीच हो सकता है।
727	727	727	"[We said], ""And take in your hand a bunch [of grass] and strike with it and do not break your oath."" Indeed, We found him patient, an excellent servant. Indeed, he was one repeatedly turning back [to Allah]."	"""और अपने हाथ में तिनकों का एक मुट्ठा ले और उससे मार और अपनी क़सम न तोड़।"" निश्चय ही हमने उसे धैर्यवान पाया, क्या ही अच्छा बन्दा! निस्संदेह वह बड़ा ही रुजू रहनेवाला था"	अरे, हमने कहा था और इसका अर्थ था और हमने उसे विवरण दिया था
728	728	728	My fault, Alan.	हम Bellagio में थे?	मेरी गलती, अलान।
729	729	729	To Him is referred the knowledge of the hour, and there come not forth any of the fruits from their coverings, nor does a female bear, nor does she give birth, but with His knowledge; and on the day when He shall call out to them, Where are (those whom you called) My associates? They shall say: We declare to Thee, none of us is a witness.	"उस घड़ी का ज्ञान अल्लाह की ओर फिरता है। जो फल भी अपने कोषों से निकलते है और जो मादा भी गर्भवती होती है और बच्चा जनती है, अनिवार्यतः उसे इन सबका ज्ञान होता है। जिस दिन वह उन्हें पुकारेगा, ""कहाँ है मेरे साझीदार?"" वे कहेंगे, ""हम तेरे समक्ष खुल्लम-ख़ुल्ला कह चुके है कि हममें से कोई भी इसका गवाह नहीं।"""	इस प्रक्त्ति से न बताया जा सकता कि आप व्यक्त करने वाले हैं कि आप द्वारा नहीं कहाया गया थु (जो कुछ भूतपूर्ण है) वे द्वारा नहीं कहाया गया थु (जो कुछ भूतपूर्ण है) वे द्वारा नहीं कहाया गया थु (जो कुछ भूतपूर्ण है)) वे द्वारा नहीं कहाया गया थु (जो कुछ भूतपूर्ण है)) वे द्वारा नहीं कहाया गया थु (जो कुछ भूतपूर्ण है)) वे द्वारा नहीं कहाया गया थु (जो कुछ भूतपूर्ण है)) वे द्वारा नहीं कहाया गया थु (जो कुछ भूतपूर्ण है)) वे द्वारा नहीं कहाया गया थु (जो कुछ भूतपूर्ण है)) वे
730	730	730	We discontinued the name four years ago.	हम चार साल पहले नाम को बंद कर दिया.	हमने चार साल पहले ही नाम बदल दिया था।
731	731	731	Or do they say, 'He has forged against God a lie?' But if God wills, He will set a seal on thy heart; and God blots out falsehood and verifies the truth by His words; He knows the thoughts within the breasts.	"(क्या वे ईमान नहीं लाएँगे) या उनका कहना है कि ""इस व्यक्ति ने अल्लाह पर मिथ्यारोपण किया है?"" यदि अल्लाह चाहे तो तुम्हारे दिल पर मुहर लगा दे (जिस प्रकार उसने इनकार करनेवालों के दिल पर मुहर लगा दी है) । अल्लाह तो असत्य को मिटा रहा है और सत्य को अपने बोलों से सिद्ध कर रहा है। निश्चय ही वह सीनों तक की बात को भी भली-भाँति जानता है"	यह कह सकते हैं कि वे कहते हैं, 'हे गोद लिए बातें हैं?' लेकिन अगर गोद लिए बैठे हो कि वे लोग सच्चाई से भरे जाते हैं, तो उन्होंने ऐसा कहा और इस बात को सुनवाई दिया कि सच्चाई गोद लिए बैठे होती है, और यह सुनाई देने वाले व्यक्ति को ऐसा करने के लाभानुक्रम हैं।
732	732	732	And recall what time We vouchsafed unto Musa the Book and the distinction that haply ye may be guided.	और (वह वक्त भी याद करो) जब मूसा को (तौरेत) अता की और हक़ और बातिल को जुदा करनेवाला क़ानून (इनायत किया) ताके तुम हिदायत पाओ	और याद रखें कि मुसा ने हमें लिखा हुआ Book और निर्णय का अंतर किया है।
733	733	733	Have you not regarded that Allah knows whatever there is in the heavens and whatever there is in the earth? There dost not takes place any secret talk among three, but He is their fourth [companion], nor among five but He is their sixth, nor when they are less than that or more but He is with them wherever they may be. Then He will inform them about what they have done on the Day of Resurrection. Indeed Allah has knowledge of all things.	क्या तुमने इसको नहीं देखा कि अल्लाह जानता है जो कुछ आकाशों में है और जो कुछ धरती में है। कभी ऐसा नहीं होता कि तीन आदमियों की गुप्त वार्ता हो और उनके बीच चौथा वह (अल्लाह) न हो। और न पाँच आदमियों की होती है जिसमें छठा वह न होता हो। और न इससे कम की कोई होती है और न इससे अधिक की भी, किन्तु वह उनके साथ होता है, जहाँ कहीं भी वे हो; फिर जो कुछ भी उन्होंने किया होगा क़ियामत के दिन उससे वह उन्हें अवगत करा देगा। निश्चय ही अल्लाह को हर चीज़ का ज्ञान है	"अपने संस्करण में से:
नहीं ध्यान दिया गया कि व्याख्या इस प्रकार से सुनी जा सकती थी कि Allah के बारे में नहीं था।"
734	734	734	I'll take poison.	मैं जहर खाउंगी.	जी हूँ पॉइड का सेवन करूँ।
735	735	735	Why would I want to live anywhere else?	क्यों मैं कहीं और नहीं जीना चाहता है?	जिस जगह से तुम्हें पसंद आता है तो तुम्हें यह दुनिया से कौन सी जगह सबसे ज़्यादा पसंद आती है?
736	736	736	Bad argument	बुरा तर्क	बड़ार_argument
737	737	737	Absolutely brilliant! Thank God for you, son!	आप के िलए भगवान का शुक्र है, बेटा!	नहीं बिल्कल सच! बादमिंट के लिए धन्यवाद!
738	738	738	That too a 70 year old man	वह भी एक 70 वर्षीय व्यक्ति	सर भी
739	739	739	The innitiative is towards creating a repository of work, testimonies, video and photographs to be shared through their site before, during and after the conference.	यह पहल सम्मेलन के दौरान, उससे पूर्व व उसके बाद के किए गए कार्यों, प्रशंसा पत्रों, वीडियो व चित्रों को विविध साइटों के जरिए साझा करने रूप में है.	संबोधन के दौरान इस साइट से पूर्व, दौरान और पूर्वानुसारे विवरण इस साइट से पहले, दौरान और पूर्वानुसारे विवरण इस साइट से पहले, दौरान और पूर्वानुसारे विवरण इस साइट से पहले, दौरान और पूर्वानुसारे विवरण इस साइट से पहले, दौरान और पूर्वानुसारे विवरण इस साइट से पहले, दौरान और पूर्वानुसारे विवरण इस साइट से पहले, दौरान और पूर्वानुसारे विवरण इस साइट से पहले, दौरान और पूर्वानुसारे विवरण इस साइट से पहले, दौरान और पूर्वानुसारे विवरण इस साइट से पहले, दौरान और पूर्वानुसारे विवरण इस साइट से पहले, दौरान और पूर्वानुसारे विवरण इस साइट से पहले, दौरान और पूर्व
740	740	740	[laughter] woman:	[हंसी] महिला: क्या तुम हर संभव तरीका आज़मा रहे हो?	यहाँ सूचियाँ लिखने के लिए कोई भी विवरण देने वाले लोगों को यह बताने के लिए भी कोई भी विवरण देने वाले लोगों से यह अन्य लोगों से नहीं लेते कि विवरण देने वाले लोगों से उन्हें यह बताने के लिए भी कोई भी विवरण देने वाले लोगों को यह बताने के लिए भी कोई भी विवरण देने वाले लोगों से उन्हें यह बताने के लिए भी कोई भी विवरण देने वाले लोगों को यह बताने के लिए भी कोई भी विवरण देने वाले लोगों से यह अन्य लोगों से नहीं लेते कि विवरण देने तो देने भी विवरण देने वाले लोगों से उन्हें यह बताने
741	741	741	Display the time column in the main window.	प्रधान विंडो में समय स्तंभ दिखाएँ.	मेन वर्डिंग में समय कอลन में दिखाया जाना चाहेंट:
742	742	742	Take the needle now.	अब सुई ले लो!	अब नल के पानी लें।
743	743	743	These people respect you.	इन लोगों को आप सम्मान करते हैं।	इस तरह के लोगों के आपो ki saktar hai.
744	744	744	- Yes.	- हाँ.	जी हाँ।
745	745	745	Location of installed Qt plugins	संस्थापित क्यूटी प्लगइन्स के स्थान	INSTALLED Qt plugins के स्थान
746	746	746	"(Jacob) said, ""I shall not send him with you until you solemnly promise me before God to return him to me unless you are prevented from doing so."" When they gave their promise, he said, ""God is the Witness of what we have said""."	ये जो अबकी दफा लाए थे थोड़ा सा ग़ल्ला है याकूब ने कहा जब तक तुम लोग मेरे सामने खुदा से एहद न कर लोगे कि तुम उसको ज़रुर मुझ तक (सही व सालिम) ले आओगे मगर हाँ जब तुम खुद घिर जाओ तो मजबूरी है वरना मै तुम्हारे साथ हरगिज़ उसको न भेजूंगा फिर जब उन लोगों ने उनके सामने एहद कर लिया तो याक़ूब ने कहा कि हम लोग जो कह रहे हैं ख़ुदा उसका ज़ामिन है	यह कहें डॉक्टर, आप शायद ही बता सकते हैं, कि आपकी प्रतिज्ञता के बाद, God यह प्रतीक है कि वे विवेक्या और विवाह्या स्वरूप-रूपी प्रतिज्ञता रखते हैं, जो कि God यह प्रतीक है कि वे विवेक्या और विवाह्या स्वरूप-रूपी प्रतिज्ञता रखते हैं, जो कि God यह प्रतीक है कि वे विवेक्या और विवाह्या स्वरूप-रूपी प्रतिज्ञता रखते हैं।
747	747	747	Like an old lover they forgive, but they will never forget.	वे माफ कर एक पुराने प्रेमी, पसंद है, लेकिन वे कभी नहीं भूल जाएगा.	ऐसी पुरानी र loved one होती है, जो साथ में मिटती है।
748	748	748	O you who have believed, when you [wish to] privately consult the Messenger, present before your consultation a charity. That is better for you and purer. But if you find not [the means] - then indeed, Allah is Forgiving and Merciful.	ऐ ईमान लानेवालो! जब तुम रसूल से अकेले में बात करो तो अपनी गुप्त वार्ता से पहले सदक़ा दो। यह तुम्हारे लिए अच्छा और अधिक पवित्र है। फिर यदि तुम अपने को इसमें असमर्थ पाओ, तो निश्चय ही अल्लाह बड़ा क्षमाशील, अत्यन्त दयावान है	यह जानने योग्य लोगों के लिए, ऐसा स्पष्ट बताने योग्य लोगों के लिए, ऐसा ऐसा हो कि वे जानकारी से पूर्ण रूप से प्रेरित हो सकें।
749	749	749	O mankind! Lo! We have created you male and female, and have made you nations and tribes that ye may know one another. Lo! the noblest of you, in the sight of Allah, is the best in conduct. Lo! Allah is Knower, Aware.	लोगों हमने तो तुम सबको एक मर्द और एक औरत से पैदा किया और हम ही ने तुम्हारे कबीले और बिरादरियाँ बनायीं ताकि एक दूसरे की शिनाख्त करे इसमें शक़ नहीं कि ख़ुदा के नज़दीक तुम सबमें बड़ा इज्ज़तदार वही है जो बड़ा परहेज़गार हो बेशक ख़ुदा बड़ा वाक़िफ़कार ख़बरदार है	अस्पष्ध! ईसाई धर्म के अनुसार, हम जीवित प्राणी हैं और हमें ज्ञान के पात्रों में बदलने की इच्छा है।
750	750	750	We shall maintain proper justice on the Day of Judgment. No soul will be wronged the least. For a deed even as small as a mustard seed one will duly be recompensed. We are efficient in maintaining the account.	और हम बज़नी, अच्छे न्यायपूर्ण कामों को क़ियामत के दिन के लिए रख रहे है। फिर किसी व्यक्ति पर कुछ भी ज़ुल्म न होगा, यद्यपि वह (कर्म) राई के दाने के बराबर हो, हम उसे ला उपस्थित करेंगे। और हिसाब करने के लिए हम काफ़ी है	"अस्पष्ट हो सकते हैं कि जारी हो सकते हैं:
किसी छोटे से जैसे मूल्य हो सकते हैं:
कोई भी जारी हो सकता है और जो कुछ भी हो सकता है उसे वैध स्वीकार्य वाले भी माने जाते हैं।"
751	751	751	Spanish (Honduras)	स्पेनी (होंडुरास)	बिल्क्रीली, श्लोकात्मक और विश्वभर में विश्वभर में विश्वभार में विश्वभार में विश्वभार में
752	752	752	We must watch Rahul getting beaten up!	राहुल को पीटते देखने में मजा आएगा !	हम राहुल को मार-चलाकर किसी को भी करने वाले को देखना है!
753	753	753	Go to the home page	घर पृष्ठ पर जाएँ	"परिवहन:
आपको घर पेज पर जाने के लिए जानुशक्ता है।"
754	754	754	Certificate problem: %s Issuer: %s	प्रमाणपत्र समस्या: %s निर्गमक: %s	सहायता समस्या: %s प्रदाता: %s
755	755	755	I am not against you.	मैं आप के खिलाफ नहीं हूं.	मैं आपके प्रति नहीं हूँ।
756	756	756	Would you question your Apostle as Moses was questioned formerly? Whoever changes faith for unfaith certainly strays from the right way.	(ऐ ईमानवालों! तुम अपने रसूल के आदर का ध्यान रखो) या तुम चाहते हो कि अपने रसूल से उसी प्रकार से प्रश्न और बात करो, जिस प्रकार इससे पहले मूसा से बात की गई है? हालाँकि जिस व्यक्ति न ईमान के बदले इनकार की नीति अपनाई, तो वह सीधे रास्ते से भटक गया	आप अपने Apostles को पूछेंगे कि मoses से किस तरह से विश्वास के लिए निर्णय लिया जाता है? जो लोग ज्ञान के लिए नहीं लेते हैं, वे भी गलत साहस्य के साथ आगे बढ़ते हैं।
757	757	757	The austerity imposed by Berlin and the European Central Bank, coupled with the straitjacket imposed on national economies through adherence to the common currency, has led many people to think Project Europe has gone too far.	बर्लिन और यूरोपियन सेन्ट्रल बैंक द्वारा लगाए गए कठोर नियमों के साथ ही, समान मुद्रा का अनुपालन करने के माध्यम से राष्ट्रीय अर्थव्यवस्थाओं पर लगाई गई बाधाओं के कारण बहुत लोगों को सोचना पड़ रहा है कि प्रोजेक्ट यूरोप बहुत दूर चला गया है।	बेर्ली और यूरोपियन सेंटरल बैक, के निदान के परिणामसंगी विवाहित राष्ट्रीय अर्थात् विवाहित राष्ट्र के विवाहित राष्ट्र के विवाहित राष्ट्र के विवाहित राष्ट्र के विवाहित राष्ट्र के विवाहित राष्ट्र के विवाहित राष्ट्र के विवाहित राष्ट्र के विवाहित राष्ट्र के विवाहित राष्ट्र के विवाहित राष्ट्र के विवाहित राष्ट्र के विवाहित राष्ट्र के विवाहित राष्ट्र के विवाहित राष्ट्र के विवाहित राष्ट्र के विवाहित राष्ट्र के विवाहित राष्ट्र के विवाहित राष्ट्र के विवाहित राष्ट्र के विवाहित राष्ट्र के विवाहित
758	758	758	Ilir...	Llir...	इलर...
759	759	759	And strive hard in Allah's Cause as you ought to strive (with sincerity and with all your efforts that His Name should be superior). He has chosen you (to convey His Message of Islamic Monotheism to mankind by inviting them to His religion, Islam), and has not laid upon you in religion any hardship, it is the religion of your father Ibrahim (Abraham) (Islamic Monotheism). It is He (Allah) Who has named you Muslims both before and in this (the Quran), that the Messenger (Muhammad SAW) may be a witness over you and you be witnesses over mankind! So perform As-Salat (Iqamat-as-Salat), give Zakat and hold fast to Allah [i.e. have confidence in Allah, and depend upon Him in all your affairs] He is your Maula (Patron, Lord, etc.), what an Excellent Maula (Patron, Lord, etc.) and what an Excellent Helper!	और परस्पर मिलकर जिहाद करो अल्लाह के मार्ग में, जैसा कि जिहाद का हक़ है। उसने तुम्हें चुन लिया है - और धर्म के मामले में तुमपर कोई तंगी और कठिनाई नहीं रखी। तुम्हारे बाप इबराहीम के पंथ को तुम्हारे लिए पसन्द किया। उसने इससे पहले तुम्हारा नाम मुस्लिम (आज्ञाकारी) रखा था और इस ध्येय से - ताकि रसूल तुमपर गवाह हो और तुम लोगों पर गवाह हो। अतः नमाज़ का आयोजन करो और ज़कात दो और अल्लाह को मज़बूती से पकड़े रहो। वही तुम्हारा संरक्षक है। तो क्या ही अच्छा संरक्षक है और क्या ही अच्छा सहायक!	"विवरण:
और स्वीकृत स्वीकृत!"
760	760	760	So does Joy Behar. - We're going up, guys.	कैसे मुक्केबाज़ी कि सवारी अंदर मुझे लगता है इसलिए वे इसे सिन सिटी कहते हैं.	सही है। जो भी है।
761	761	761	- Well then get in the game.	- तो ठीक खेल में मिलता है.	- क्या तुमने खेल की शुरुआत की है।
762	762	762	"and say, ""Exaltations be to our Lord! The promise of our Lord is done.'"	"और कहते है, ""महान और उच्च है हमारा रब! हमारे रब का वादा तो पूरा होकर ही रहता है।"""	और सay, “अद्भुतियों को हमारे रिश्ते से ज्यादा प्रपल के अर्थ में किया जाता है”.
763	763	763	O O Ye who believe! prescribed unto you is retaliation for the slain; the free for the free, and a bondsman for a bondsman, and a woman for a woman; yet unto whomsoever is pardoned aught by his brother, then a serving with lenity and payments with kindness. That is an alleviation from your Lord and a mercy so whosoever shall transgress thereafter, for him there shall be a torment afflictive.	ऐ मोमिनों जो लोग (नाहक़) मार डाले जाएँ उनके बदले में तुम को जान के बदले जान लेने का हुक्म दिया जाता है आज़ाद के बदले आज़ाद और ग़ुलाम के बदले ग़ुलाम और औरत के बदले औरत पस जिस (क़ातिल) को उसके ईमानी भाई तालिबे केसास की तरफ से कुछ माफ़ कर दिया जाये तो उसे भी उसके क़दम ब क़दम नेकी करना और ख़ुश मआमलती से (ख़ून बहा) अदा कर देना चाहिए ये तुम्हारे परवरदिगार की तरफ आसानी और मेहरबानी है फिर उसके बाद जो ज्यादती करे तो उस के लिए दर्दनाक अज़ाब है	अन्न योग्य के प्रति जिम्मेदारी से जुड़ा है कि उनके Lord के प्रति व्यवाही से जुड़ा है कि उनके Lord के प्रति मिता से जुड़ा है कि उनके Lord के प्रति विविधा से जुड़ा है कि उनके Lord के प्रति विवेक भी मिलेगा कि कोई भी व्यवाही या मिता से जुड़ा है कि उसके Lord के प्रति विविधा से जुड़ा है कि उसके Lord के प्रति मिता से जुड़ा है कि उसके Lord के प्रति विविधा से जुड़ा है कि उसके Lord के प्रति मिता से जुड़ा है कि उसके Lord के प्रति विविधा से जुड़ा है कि उसके Lord के प्रति मिता से जुड़ा है कि उसके Lord क
764	764	764	Yeah, I could break this glass and use it as a cutting edge.	हाँ, मैं इस कांच तोड़ने और एक अत्याधुनिक के रूप में यह इस्तेमाल कर सकते हैं.	जी, मैं कुछ भी हटा सकता/सी और इसे काटनी के सिराले में रख सकता/सी रह सकता/सी हो सकता/सी हो सकता/सी देता/सी हो सकता/सी हो सकता/सी देता/सी हो सकता
765	765	765	I had an MRI once and the nurse talked me through the whole thing, so do you mind doing that?	मैं एक एमआरआई एक बार किया था और नर्स ने मुझे पूरी बात के माध्यम से बात की, तो आप ऐसा कर बुरा नहीं?	No worries, you're welcome
766	766	766	Abraham enjoined this [creed] upon his children, and [so did] Jacob, [saying], ‘My children! Allah has indeed chosen this religion for you; so do not die except as those who have surrendered themselves [to Allah].	"और इसी की वसीयत इबराहीम ने अपने बेटों को की और याक़ूब ने भी (अपनी सन्तानों को की) कि, ""ऐ मेरे बेटों! अल्लाह ने तुम्हारे लिए यही दीन (धर्म) चुना है, तो इस्लाम (ईश-आज्ञापालन) को अतिरिक्त किसी और दशा में तुम्हारी मृत्यु न हो।"""	"अब्राहम ने अपने बच्चों को यह सिद्ध करने के लिए कहा, ""मेरे बच्चों! ईशा का सिद्ध है।"""
767	767	767	Look. You look like you've had a really rough day.	सुनो, ऐसा लगता है कि आप दिन मुश्किल भरा था.	रोचक! आप ऐसा लग रहे हैं कि आप किसी भी तरह से दर्द का सामना कर रहे हैं।
768	768	768	In most cases, the process will slow down or stall -- something a pediatrician can monitor closely.	अधिकांश मामलों में यह प्रक्रिया धीमी हो जाएगी अथवा रुक जाएगी - जिसका बाल चिकित्सक नज़दीक से निरीक्षण कर सकते हैं।	vastu me ka process kahein slow down or stall hokar pediatrics doctor ki monitor closely.
769	769	769	This key should contain a list of XML structures specifying custom headers, and whether they are to be displayed. The format of the XML structure is &lt;header enabledgt; - set enabled if the header is to be displayed in the mail view.	कुंजी को मनपसंद शीर्षिका निर्दिष्ट करने वाली XML संरचना को समाहित करनी चाहिए, और क्या उसे निष्क्रिय किया जाना है. XML संरचना का प्रारूप &lt;header enabledgt; है - सक्रिय के रूप में सेट करें अगर हेजर को डाक दृश्य में दिखाया जाना है.	अनुसार, यह सूची का पाठ्यानुसारी खंड बनाया जाना चाहे तो मेल-इन-वाई पर दिया जाना चाहे तो इस प्रक्त्त में से एक हूँ।
770	770	770	Self-control is a lover I've known too long, Ptolemy.	मैं भी लंबे समय से जाना जाता है आत्म नियंत्रण टॉलेमी, एक प्रेमी है.	सहराज की पुत्रलिंग के लंबे समय से जुड़ी हुई, प्तोलेमी।
771	771	771	- ( Gasps )	- (हांफते हुए)	"इस प्रक्त्ति में:
- (Gasps)"
772	772	772	After the war, the French political elite saw the EU as a vehicle to keep Germany in check, and to give Paris equal billing in the world with Washington.	यूद्ध के पश्चात फ्रांस के शीर्ष राजनीतिज्ञों ने ई.यू. को जर्मनी को नियंत्रित रखने, तथा पेरिस को दुनिया में वांशिगटन के बराबर बिलिंग प्रदान करने के उपाय के रूप में देखा था।	विद्रोह के बाद, फ्रांस के संवददार संघर्वित रूप से एयU का यूनिटरी विरोध एयू का विशेषतः प्रचलित हो कर दिया है।
773	773	773	Display Images on Page	पृष्ठ पर छवि दिखाएँ	पेज पर इमेज डिस्प्ले कर
774	774	774	© P@rM! NdeR M@nkÖÖ ™	©@ पीआर एम nderएम@ NKOहे	आप, प्रेम, निर्देश में से डेंके जाना सहेजें कि डेंके जाना सहेजें
775	775	775	Selected file name in the file manager plugin	चयनित फ़ाइल नाम इंच फ़ाइल प्लगइन	फाइल मैनेजर प्लग-in
776	776	776	And We have not sent before you but men from (among) the people of the towns, to whom We sent revelations. Have they not then travelled in the land and seen what was the end of those before them? And certainly the abode of the hereafter is best for those who guard (against evil); do you not then understand?	तुमसे पहले भी हमने जिनको रसूल बनाकर भेजा, वे सब बस्तियों के रहनेवाले पुरुष ही थे। हम उनकी ओर प्रकाशना करते रहे - फिर क्या वे धरती में चले-फिरे नहीं कि देखते कि उनका कैसा परिणाम हुआ, जो उनसे पहले गुज़रे है? निश्चय ही आख़िरत का घर ही डर रखनेवालों के लिए सर्वोत्तम है। तो क्या तुम समझते नहीं? -	यह कहना आसान है कि पहले से पहले उन लोगों से कह लिया गया था जिनके प्रति उन्हें दुःसाधा माना गया था।
777	777	777	Your names	रविशंकर श्रीवास्तव, जी. करूणाकरEMAIL OF TRANSLATORS	पहचान
778	778	778	Writing leadout	लीडआउट लिख रहा है	हाँ/नहीं
779	779	779	Pelle...	पेले...	पेल...
780	780	780	Alai!	अलाई!	अलाई!
781	781	781	We could just float.	हम सिर्फ नाव सकता है.	दिए जाते पाँच हथेलों से भी चल सकता।
782	782	782	Nordic	नोर्डिक	नॉर्डिक
783	783	783	You're crazy to spend so much !	तुम पागल हो जो इतना खर्च कर रहे हो !	"जिस तरह से आप पैसे बहुत ज्यादा सpend कर रहे हैं !

कृपया कुछ भी हटा और इस प्रक्रिया में आगे बढ़ कर दें।"
784	784	784	Stop!	रुको!	बंद!
785	785	785	THAT'S THE LAST TIME I WANNA HEAR YOU SAY MY NAME.	कि पिछली बार मैं तुम्हें मेरा नाम कहते सुना है.	इस बार की आखरी बार मैं सोऊ बात करूँगे क्या?
786	786	786	O you who believe, save yourselves and your families from the Fire whose fuel is men and rocks, over which are appointed angels stern and severe as wardens who never disobey what God commands them, and do what they are commanded;	ऐ ईमान लानेवालो! अपने आपको और अपने घरवालों को उस आग से बचाओ जिसका ईधन मनुष्य और पत्थर होंगे, जिसपर कठोर स्वभाव के ऐसे बलशाली फ़रिश्ते नियुक्त होंगे जो अल्लाह की अवज्ञा उसमें नहीं करेंगे जो आदेश भी वह उन्हें देगा, और वे वही करेंगे जिसका उन्हें आदेश दिया जाएगा	यह जो भक्त हैं, उसे अपने परिवार को सुरक्षित रखने के लिए फायर से सुरक्षित रखने के स्थितिवानों को यह समझने के लिए भी उपयोग में लेने के लघुकारकों को यह समझने के लिए भी उपयोग में लेने वाले लघुकर्ताओं को यह समझने के लिए भी उपयोग में लेने वाले लघुकर्ताओं को यह समझने के लिए भी उपयोग में लेने वाले लघुकर्ताओं को यह समझने के लिए भी उपयोग में लेने वाले लघुकर्ताओं को यह समझने के लिए भी उपयोग में लेने वाले लघुकर्ताओं को यह समझने के लिए भी उपयोग में लेने वाले लघुकर्ताओं को यह समझने के लिए
787	787	787	You might have enjoyed it.	आप में बहुत मज़ा आया हो सकता है.	आपको इसके लिए अच्छा लगा.
788	788	788	We did not teach him (Muhammad) poetry, nor was he supposed to be a poet. It is only the word (of God) and the illustrious Quran	और हमने न उस (पैग़म्बर) को शेर की तालीम दी है और न शायरी उसकी शान के लायक़ है ये (किताब) तो बस (निरी) नसीहत और साफ-साफ कुरान है	अपने सिख धर्म से पूर्ण होकर: हमें ज्ञान प्रदान करने वाले और जो परंपरा से ज्यादा प्रभावकारी है वहो को विविधता देने वाले और जो विविधता का प्राधिकार है वहो को जीवन-शैली देने वाले और जो जीवन-शैली का प्राधिकार है वहो को साहस्य देने वाले और जो साहस्य देने का प्राधिकार है वहो को आत्म-विश्वास देने वाले और जो आत्म-विश्वास देने का प्राधिकार है वहो को आत्म-निर्भर होने वाले और जो आत्म-निर्भर होने का प्राधिकार है वहो को आत्म-ज्ञान देने वाले और जो आत्म-ज्ञान देने का प
789	789	789	Let's try the first floor.	चलो पहली मंजिल पर कोशिश करें.	इसने पहले दिन।
790	790	790	Autosave failed for %s	स्वतः सहेजें असफल के लिए से.	ऑटो सेव का फ़ाइल %s को फ़ाइल वापस नहीं दे सकती हूँ
791	791	791	- We've tried everything.	- हम सब कुछ कोशिश की है।	- जैसे हो सकता है।
792	792	792	"And when they are told, ""Believe as other people have believed,"" they say, ""Are we to believe just as fools believe?"" Surely they are the fools, even though they do not realize it."	और जब उनसे कहा जाता है कि जिस तरह और लोग ईमान लाए हैं तुम भी ईमान लाओ तो कहते हैं क्या हम भी उसी तरह ईमान लाएँ जिस तरह और बेवकूफ़ लोग ईमान लाएँ, ख़बरदार हो जाओ लोग बेवक़ूफ़ हैं लेकिन नहीं जानते	यह कहें तो वे सो भले नहीं समझते, क्योंनन भी नहीं समझते.
793	793	793	Give me my gold! Hey!	इस तरह के एक भीड़ में हो मत करो!	गल्टे से मेरे gold ले! हे!
794	794	794	I'll ... - Kill him.	- उसे मार डालुंगा.	यह सुनना भी ठीक नहीं है।
795	795	795	You're really tense.	तुम परेशान हो.	आप बहुत तनावविहित हैं।
796	796	796	[They say,] ‘Our Lord! Do not make our hearts swerve after You have guided us, and bestow Your mercy on us. Indeed, You are the All-munificent.	(और दुआ करते हैं) ऐ हमारे पालने वाले हमारे दिल को हिदायत करने के बाद डॉवाडोल न कर और अपनी बारगाह से हमें रहमत अता फ़रमा इसमें तो शक ही नहीं कि तू बड़ा देने वाला है	"इस से पहले कहा गया कि:
“उन्हें यह नहीं बताया जा सकता कि उनके hearts swerve after You have guided us, and bestow Your mercy on us.Indeed, You are the All-munificent.”"
797	797	797	We commanded him, “Journey with My bondmen in a part of the night – you will be pursued.”	तो ख़ुदा ने हुक्म दिया कि तुम मेरे बन्दों (बनी इसराईल) को रातों रात लेकर चले जाओ और तुम्हारा पीछा भी ज़रूर किया जाएगा	हमने उनको भी कहा, “हम अपने साथ रात के समय में उनके भांसे पीछे मिलें और उनकी पीछे से पूरी रात अपनी साथ में रहें.”
798	798	798	You're not leaving me!	तुम मुझे नहीं जा रहे हैं!	आप में से निकलने वाला भी नहीं रह सकता!
799	799	799	I know.	मुझे पता है।	जानता हूँ।
800	800	800	Assistant	सहायक	के?
801	801	801	They said: 'O Hud! You have not brought to us any clear evidence, and we are not going to forsake our gods merely because you say so. We are not going to believe you.	वह लोग कहने लगे ऐ हूद तुम हमारे पास कोई दलील लेकर तो आए नहीं और तुम्हारे कहने से अपने ख़ुदाओं को तो छोड़ने वाले नहीं और न हम तुम पर ईमान लाने वाले हैं	हुद! आपको नहीं बताया गया कि हम आपके नैतिक प्रभाव से नहीं भाग सकते हैं क्योंन्तु हम आपके धार्मिक प्रभाव से भी नहीं कह सकते हैं कि हम आपके नैतिक-धार्मिक प्रभाव से भी नहीं कह सकते हैं कि हम आपके धार्मिक-नैतिक प्रभाव से भी नहीं कह सकते हैं कि हम आपके नैतिक-धार्मिक प्रभाव से भी नहीं कह सकते हैं कि हम आपके धार्मिक-नैतिक प्रभाव से भी नहीं कह सकते हैं कि हम आपके नैतिक-धार्मिक प्रभाव से भी नहीं कह सकते हैं कि हम आपके धार्मिक-नैतिक प्रभाव से भी नहीं कह सकते हैं कि हम आपके धार्मिक-नैतिक प्रभाव से भी नहीं कह सकते हैं कि हम आपके धार
802	802	802	"Those who have said that the Messiah, son of Mary, is God, have, in fact, committed themselves to disbelief. (Muhammad), ask them, ""Who can prevent God from destroying the Messiah, his mother and all that is in the earth?"" To God belongs all that is in the heavens, the earth, and all that is between them. God creates whatever He wants and He has power over all things."	"निश्चय ही उन लोगों ने इनकार किया, जिन्होंने कहा, ""अल्लाह तो वही मरयम का बेटा मसीह है।"" कहो, ""अल्लाह के आगे किसका कुछ बस चल सकता है, यदि वह मरयम का पुत्र मसीह को और उसकी माँ (मरयम) को और समस्त धरतीवालो को विनष्ट करना चाहे? और अल्लाह ही के लिए है बादशाही आकाशों और धरती की ओर जो कुछ उनके मध्य है उसकी भी। वह जो चाहता है पैदा करता है। और अल्लाह को हर चीज़ की सामर्थ्य प्राप्त है।"""	"विषय:
जो भी कहकर भी देता है, उसे सही तरी से हटाया ज सकता ह."
803	803	803	shall be gathered to the appointed time of a known day.	एक नियत समय पर इकट्ठे कर दिए जाएँगे, जिसका दिन ज्ञात और नियत है	अनुमानित तिथि पर एक प्रत्युक्त अधिकारी को जाना जाना है |
804	804	804	Install module	माड्यूल संस्थापित करें	प्लाई
805	805	805	What if a child dreamed become other than what society intended he wonder... and what if a child spotted to something greater.	एक बच्चे के अलावा अन्य बन सपना देखा क्या अगर क्या समाज उन्होंने आश्चर्य इरादा ... एक बच्चे को देखा और क्या अगर अधिक से अधिक कुछ है.	क्या चिल्ड सोचने के लिए स्थानीय इमानी के लिए सोचने के लिए बच्चे हो सकते हैं. इसके बाद अगर चिल्ड कुछ भी सोचने के लिए तैयार हो सकते हैं तो वे सोचने के लिए तैयार हो सकते हैं.
806	806	806	_Yes, Change Status	नहीं, स्थिति बदलें	जी, चेंज स्टेट्स
807	807	807	Thanks.	- धन्यवाद.	Thanks।
808	808	808	My folks are in Palm Springs.	मेरे लोगों पाम स्प्रिंग्स में हैं.	पalm स्पिंग में मेरे माता-पिता।
809	809	809	Coolant venting. Co2 purge.	कूलेंट निकाल.	स्टीयर्टिंग. कोलैव प्रur्ट.
810	810	810	Calibration complete.	कैलिब्रेशन पूरा करें.	कैलिब्रेशन पूरी की गई है।
811	811	811	What would God do with chastising you if you are thankful, and believe? God is All-thankful, All-knowing.	अगर तुमने ख़ुदा का शुक्र किया और उसपर ईमान लाए तो ख़ुदा तुम पर अज़ाब करके क्या करेगा बल्कि ख़ुदा तो (ख़ुद शुक्र करने वालों का) क़दरदॉ और वाक़िफ़कार है	जो ईश्वर निश्चित करेंगे, गृहसंज्ञा करेंगे |
812	812	812	I've painted one each year for twenty years.	मैं पिछले 20 साल से हर साल बना रहा हूँ।	मैं हर साल एक ही वर्ष हाथों से ले लेता हूँ।
813	813	813	Excepting any who may have done wrong and thereafter changeth evil for good then verily I am Forgiving, Merciful.	(मुतमइन हो जाते है) मगर जो शख्स गुनाह करे फिर गुनाह के बाद उसे नेकी (तौबा) से बदल दे तो अलबत्ता बड़ा बख्शने वाला मेहरबान हूँ	नियमित रूप से किसी भी व्यक्ति ने गलत किया और हालांकि किसी भी व्यक्ति ने गलत किया और इस प्रक्रिया में किसी भी व्यक्ति ने गलत किया और इस प्रक्रिया में किसी भी व्यक्ति ने गलत किया और इस प्रक्रिया में किसी भी व्यक्ति ने गलत किया और इस प्रक्रिया में किसी भी व्यक्ति ने गलत किया और इस प्रक्रिया में किसी भी व्यक्ति ने गलत किया और इस प्रक्रिया में किसी भी व्यक्ति ने गलत किया
814	814	814	Science	विज्ञान	साइंस
815	815	815	- Quick as we fucking can.	जल्दी, हम कमबख्त कुछ शुरू कर सकें।	जैसा है हमें ऐसा करने की तुलना मिली।
816	816	816	Dude, you really don't want to start comparing stinks.	तुलना करने के लिए ~ शुरू मत करो.	देखो, तुम्हें यह जानकारी से भी बचावा में आती है।
817	817	817	But those for whom a good reward had been fore-ordained by Us, will be far removed from it,	ज़बान अलबत्ता जिन लोगों के वास्ते हमारी तरफ से पहले ही भलाई (तक़दीर में लिखी जा चुकी) वह लोग दोज़ख़ से दूर ही दूर रखे जाएँगे	लेकिन जो लोग जो कुछ है वो जो Us द्वारा जो कामयाबी दी जाती है, वे सभी लोगों के लिए बहुत महत्वपूर्ण होगा।
818	818	818	For them are everlasting Gardens of Eden, beneath which rivers flow – in it they will be given bracelets of gold to adorn, and shall wear green clothes made of fine silk and gold embroidery, reclining upon thrones in it; what an excellent reward; and what an excellent abode is Paradise!	ऐसे ही लोगों के लिए सदाबहार बाग़ है। उनके नीचे नहरें बह रही होंगी। वहाँ उन्हें सोने के कंगन पहनाए जाएँगे और वे हरे पतले और गाढ़े रेशमी कपड़े पहनेंगे और ऊँचे तख़्तों पर तकिया लगाए होंगे। क्या ही अच्छा बदला है और क्या ही अच्छा विश्रामस्थल!	यह उन्हें ईडेन के प्रगतिमान से जोड़ता है, ये प्रगतिमानों से उनके पास होते वे लोग gold to adorn और साथ हीgreen clothes made of fine silk and gold embroidery reclining upon thrones in it; what an excellent abode is Paradise!
819	819	819	I feel like doing the same thing sometimes.	मैं कभी कभी ही बात कर की तरह लग रहा है.	जैसा हुआ भी गुजरा भी है ये सब हमें जो होता है वह होता है।
820	820	820	St_op Animation	संजीवन रोकें (_o)	स्ट्रिप एण्टिजन
821	821	821	Unrecognized desktop file Version '%s'	अपरिचित डेस्कटॉप फ़ाइल संस्करण '%s'	अन्यान्य कंप्यूटर डेटाबेस व्यावसायिकी 15
822	822	822	Hey, baby, what are you doing?	अरे, जानेमन, क्या कर रही हो?	हे, दिल्ली, क्या तुम क्या कर रही?
823	823	823	Thanks for finding me a home.	मुझे एक घर ढूँढने के लिए धन्यवाद।	धन्यवाद! मुझे अपने घर पर ढूँढा लिया गया था।
824	824	824	How did fall down?	कैसे गिरा ये?	दिए से किस प्रक्रिया से वे गिर गए?
825	825	825	There are many idols in the hall.	वहाँ हॉल में कई मूर्तियां हैं।	हॉल में कई देवी-भदल के हैं
826	826	826	When he inhaled Speed weren't you the one who didn't notice him?	जब वह गति से साँस ... ... आप एक है जो उसे नोटिस नहीं किया था नहीं थे?	जब उसने हवा से लिया था Speed weren't you the one who didn't notice him?
827	827	827	You mean he's doing it deliberately?	आप वह जान - बूझकर यह कर रहा है मतलब है?	जी हूँ कि उसे यह इर्द्दमें बनाया ज रहा है?
828	828	828	That's the price of admission life hurts.	इससे तुम्हारा कोई संबंध नहीं है.	जिस कीमत पर जाना पड़ता है साथ ही यह पैसे का भल्ला लगता है।
829	829	829	Whoever does that, out of hostility and wrongdoing, We will cast him into a Fire. And that would be easy for God.	और जो कोई ज़ुल्म और ज़्यादती से ऐसा करेगा, तो उसे हम जल्द ही आग में झोंक देंगे, और यह अल्लाह के लिए सरल है	इस प्रकार से, जो कुछ है जो हमें असह्य और हानिकारक भावना देती है, वे असह्य और हानिकारक भावना वाले को ले लेती है, और यह उन्हें दिखाते है कि ये सारे जीवित प्राणियों के लिए कुछ भी हो सकता है, तो दूसरा भी हो सकता है, और यह सब भी हो सकता है,
830	830	830	Feed them, nurture them but still, they can turn on you.	उन्हें खिलाना, उन्हें पोषण... ... लेकिन फिर भी, वे आप पर बारी कर सकते हैं.	इससे पहले तो दो सुनना, सुनना और सचम से भी बदलन या बदलने वाले कुछ जानकारी को धोखा देने का तरीका सुनता रहूँगा
831	831	831	Valid until:	तब तक वैध:	रचित तक्टोर
832	832	832	Love desire its 4 centuries old unfulfilled desire.	कामाग्नि इच्छा... ...ये 4 शताब्दियों पुरानी इच्छा है. लगभग 400 साल पहले...	लव का सुख 4 शताब्दीय रोमांस का सुख है।
833	833	833	It is almost totally done.	यह लगभग पूरी तरह से किया जाता है.	अरे सारा काम पूरा हो चुका है।
834	834	834	Password:	पासवर्ड:	चिह्न:
835	835	835	Your emails	raviratlami@ aol. in	यॉर्स के
836	836	836	I'm gonna leak the photos of your body to the press.	मैं प्रेस करने के लिए अपने शरीर की तस्वीरें रिसाव वाला हूँ.	मैं आपकीPhysical photos of your body to the press leak.
837	837	837	Look at her features.	अपनी सुविधाओं को देखो.	इसपर देखें।
838	838	838	Thus He revealed Unto His bondman whatsoever He revealed.	ख़ुदा ने अपने बन्दे की तरफ जो 'वही' भेजी सो भेजी	इस प्रकार हे ये बताया कि वे अपने स्वामित्व वाले व्यक्तियों के बीच की साझेदारी के संबंध में वे बताये गए थे
839	839	839	Writing leadin	लीडइन लिखा जा रहा है	इससे लिखने लीडिन
840	840	840	Do they not see that Allah, who created the heavens and the earth and [who] was not exhausted by their creation, is able to revive the dead? Yes, indeed He has power over all things.	क्या उन्होंने देखा नहीं कि जिस अल्लाह ने आकाशों और धरती को पैदा किया और उनके पैदा करने से थका नहीं; क्या ऐसा नहीं कि वह मुर्दों को जीवित कर दे? क्यों नहीं, निश्चय ही उसे हर चीज़ की सामर्थ्य प्राप्त है	यह कह न हो सकती कि प्राणितों के रूपानुसार विलुप्त हो सकते हैं |
841	841	841	Those to whom We have given the Scripture recognize it as they recognize their [own] sons. Those who will lose themselves [in the Hereafter] do not believe.	मै तो उनसे बेज़र हूँ जिन लोगों को हमने किताब अता फरमाई है (यहूद व नसारा) वह तो जिस तरह अपने बाल बच्चों को पहचानते है उसी तरह उस नबी (मोहम्मद) को भी पहचानते हैं (मगर) जिन लोगों ने अपना आप नुक़सान किया वह तो (किसी तरह) ईमान न लाएंगें	यहाँ से भी हमें बताना चाहिए कि कोई व्यक्ति जो अपने परिवार के सदस्य होता है, उसे यह समझने के लिए अलग से विचार आना चाहिए.
842	842	842	- CASE: Nothing good.	कुछ भी अच्छा नहीं होगा.	- स्थिति: जो भी ठीक नहीं है.
843	843	843	I like it clean.	मुझे सफाई पसंद है.	मुझे यह साफ-चिंतित है।
844	844	844	(%s) requires a single bool result	(%s) के लिए एकल बूल परिणाम जरूरी है	(%s) को एक सingle (bool) रिजल्ट की आवश्यकता होती है
845	845	845	Fitzpatrick's photography class was soon exploring all the classical poses, naughty school girl, sexy tennis player, slutty nurse.	फिट्ज़पैट्रिक की फोटोग्राफ़ी कक्षा जल्दी खोज रही थी... सभी क्लासिक ढंग को, नटखट स्कूल जाने वाली लड़की... कामुक टेनिस खिलाड़ी, गंदी नर्स।	अगरहटने वाले पhotography क्लास ने जल्द ही सभी पारंपरिक स्थान, साहस्य वाले शिकारी, अश्लुक्त टेनिस खिलाडी, और स्लट-टू नर्स का परीक्षण किया था।
846	846	846	Navarathiri is the theme for the monthly Indian food-blog event Jihva for Ingredients (JFI).	जिव्हा फ़ॉर इनग्रेडिएंट (जेएफआई) मासिक भारतीय पकवान-ब्लॉग के लिए वर्तमान थीम नवरात्रि है.	जीह्वा जो इंडियन फूड-ब्लॉग इवेंट जिह्वा के लिए है।
847	847	847	Wherefore admonish thou; admonition hath surely profited,	तो जहाँ तक समझाना मुफ़ीद हो समझते रहो	जो आप ऐसा करना चाहते हैं, उसे करें; उपक्रम का पालन करके उपक्रम का प्रभाव गणितों ने भी किया
848	848	848	Location:	स्थान:	स्थान:
849	849	849	We have revealed to you as We revealed to Noah and to the Prophets after him, and We revealed to (Prophets) Abraham, Ishmael, Isaac, Jacob and the tribes, Jesus, Job, Jonah, Aaron, and Solomon, and We gave to David the Psalms.	हमने तुम्हारी ओर उसी प्रकार वह्यड की है जिस प्रकार नूह और उसके बाद के नबियों की ओर वह्यु की। और हमने इबराहीम, इसमाईल, इसहाक़ और याक़ूब और उसकी सन्तान और ईसा और अय्यूब और यूनुस और हारून और सुलैमान की ओर भी वह्यक की। और हमने दाउद को ज़बूर प्रदान किया	"यह स्वर्ग से आया है विवरण:
वह पवित्र ग्रंथों से भी आया है, जिनमें पावधान, पवनविद, पृथ्वीभ, पृथ्वीभ, पृथ्वीभ, पृथ्वीभ, पृथ्वीभ, पृथ्वीभ, पृथ्वीभ, पृथ्वीभ, पृथ्वीभ, पृथ्वीभ, पृथ्वीभ, पृथ्वीभ, पृथ्वीभ, पृथ्वीभ, पृथ्वीभ, पृथ्वीभ, पृथ्वीभ, पृथ्वीभ, पृथ्वीभ, पृथ्वीभ, पृथ्वीभ, पृथ्वीभ, पृथ्वीभ, पृथ्वीभ, पृथ्वीभ, पृथ्वीभ, पृथ्वीभ, पृथ्वीभ, पृथ्वीभ, पृथ्वी"
850	850	850	I thought you wanted to be a pilot.	मैं आप एक पायलट बनना चाहता था.	जिस तरह से मैंने तय किया था
851	851	851	unnamed	बेनाम	
852	852	852	But I've no need of mighty deeds	पर ज़रूरत नहीं तुम्हारे शौर्य की मुझे	लेकिन मुझे भी कोई ज़रूरत नहीं है कि ऐसा कुछ न कर
853	853	853	Forward message	अग्रेषित संदेश	जो भी हो
854	854	854	It is Yonékichi the village the other side that gives you the salt.	पड़ोसी गांव के 'योनेकिची' ने मुझे यहां भेजा है.	इसे योनेकिचि ग्राम ग्राम के बाद जो साल्टिन जल देती
855	855	855	If you guys want to die, then I will shoot you.	तुम लोगों को मरने के लिए चाहते हैं, तो मैं तुम्हें गोली मार देंगे।	अरे, अगर आप लोगों को मारना चाहते हैं, तो मैं आपको शॉट दूँा।
856	856	856	They denied him, but We delivered him, and those with him in the ship, and We made them generations replacing one after another, while We drowned those who belied Our Ayat (proofs, evidences, lessons, signs, revelations, etc.). Then see what was the end of those who were warned.	उस पर भी उन लोगों ने उनको झुठलाया तो हमने उनको और जो लोग उनके साथ कश्ती में (सवार) थे (उनको) नजात दी और उनको (अगलों का) जानशीन बनाया और जिन लोगों ने हमारी आयतों को झुठलाया था उनको डुबो मारा	इससे पहले उन्होंने उसे विदाई दी ? और हमने उन्हें विवेक्या नहीं दिखाया ? परंतु हमने उन्हें संगत नहीं दिखाया ? और हमने उन्हें प्रेरणाहाँके नहीं दिखाया ?
857	857	857	Get those numbers!	उन लोगों की संख्या प्राप्त करें!	जो भी है उसे डाउन करना!
858	858	858	Now, get in here and enjoy yourselves.	अब, यहाँ में पाने के लिए और अपने आप को आनंद.	अब, यहाँ आ करें और खुश हो करें।
859	859	859	the one hour Swedish for $95.	एक घंटे का स्वीडिश, $95 में.	कि 1 घंटे स्वीडिश के लिए 95 डॉलर
860	860	860	Wait, Mr. Chakrabarti.	रुको, श्री चक्रवर्ती	कहें, मिस्टर चक्रवाटी।
861	861	861	_Restore Default	तयशुदा का उपयोग करें (_R)	"बाटे:
_Original Sentence"
862	862	862	scroll bar	स्क्रॉल पट्टी	पेज़ से पेज़ को कोबरी स्क्रीन
863	863	863	Say: 'Come, I will recite to you what your Lord forbids you; that you shall associate anything with Him; that you shall be good to your parents, that you shall not kill your children because of poverty, We provide for you and for them, that you shall not commit foul deeds whether openly or in secret, and that you shall not kill the soul that Allah has forbidden except by right. With such Allah charges you, in order that you understand.	(ऐ रसूल) तुम उनसे कहो कि (बेबस) आओ जो चीज़ें ख़ुदा ने तुम पर हराम की हैं वह मैं तुम्हें पढ़ कर सुनाऊँ (वह) यह कि किसी चीज़ को ख़ुदा का शरीक़ न बनाओ और माँ बाप के साथ नेक सुलूक़ करो और मुफ़लिसी के ख़ौफ से अपनी औलाद को मार न डालना (क्योंकि) उनको और तुमको रिज़क देने वाले तो हम हैं और बदकारियों के क़रीब भी न जाओ ख्वाह (चाहे) वह ज़ाहिर हो या पोशीदा और किसी जान वाले को जिस के क़त्ल को ख़ुदा ने हराम किया है न मार डालना मगर (किसी) हक़ के ऐवज़ में वह बातें हैं जिनका ख़ुदा ने तुम्हें हुक्म दिया है ताकि तुम लोग समझो और यतीम के माल के करीब भी न जाओ	"विषय:
प्रस्तुति:
शिष्य:
सारांश:
ये वचन से मैं कहाँ कहूँँकि, और तो मैं समझूँ कि.
ये वचन से मैं कहाँ कहूँँकि, और तो मैं समझूँ कि।"
864	864	864	L.N. Mittal, Sachin Tendulkar, and Bollywood actors Anil Kapoor, Aamir Khan and A.R. Rahman has already arrived in Jodhpur on Thursday evening.	एल.एन.मित्तल, सचिन तेंदुलकर, फिल्म अभिनेता अनिल कपूर, आमिर खान, ए.आर.रहमान गुरुवार शाम ही जोधपुर पहुंचे गए।	यह जोधपुर में गुजरात के जोधपुर पर 24 करोड़ रुपये से अधिक राशि भारत के विभिन्न क्षेत्रों में पहुँची है।
865	865	865	Font	फ़ॉन्ट	"टेक्स्ट:
फॉन्ट"
866	866	866	Timed out trying to get lock file on %s. Try again later.	%s पर लॉक फाइल पाने के लिये कोशिश में समय समाप्त. फिर कोशिश करें.	अगले टाइम पर लॉक फाइल को खोलने की कोशिश कर रह हूँ.
867	867	867	Font	फ़ॉन्ट	"टेक्स्ट:
फॉन्ट"
868	868	868	Yahoo! I_D:	Yahoo! I_D:	यahoo! आई.डी.:
869	869	869	And he who does not find a slave (to free), shall fast for two months consecutively before they may touch each other; and he who is unable to do so shall feed sixty needy people. All this is in order that you may truly believe in Allah and His Messenger. These are the bounds set by Allah; and a grievous chastisement awaits the unbelievers.	फिर जिसको ग़ुलाम न मिले तो दोनों की मुक़ारबत के क़ब्ल दो महीने के पै दर पै रोज़े रखें और जिसको इसकी भी क़ुदरत न हो साठ मोहताजों को खाना खिलाना फर्ज़ है ये (हुक्म इसलिए है) ताकि तुम ख़ुदा और उसके रसूल की (पैरवी) तसदीक़ करो और ये ख़ुदा की मुक़र्रर हदें हैं और काफ़िरों के लिए दर्दनाक अज़ाब है	इस प्रकार से, इस बात को यहाँ स्थापित कर देता हूँ कि आप विशेषजीतनुसारे वे लोग हैं जो इस बात पर विशास्त हैं।
870	870	870	I know why you put it on.	आप उस पर डाल क्यों मुझे पता है.	यहाँ स्पष्ट रूप से कहा जाता है कि आप उस कारण को लगवा रहे थे।
871	871	871	"But when the truth came to them from Us, they said, ""Why was he not given like that which was given to Moses?"" Did they not disbelieve in that which was given to Moses before? They said, ""[They are but] two works of magic supporting each other, and indeed we are, in both, disbelievers."""	"फिर जब उनके पास हमारे यहाँ से सत्य आ गया तो वे कहने लगे कि ""जो चीज़ मूसा को मिली थी उसी तरह की चीज़ इसे क्यों न मिली?"" क्या वे उसका इनकार नहीं कर चुके है, जो इससे पहले मूसा को प्रदान किया गया था? उन्होंने कहा, ""दोनों जादू है जो एक-दूसरे की सहायता करते है।"" और कहा, ""हम तो हरेक का इनकार करते है।"""	इससे पहले उन्होंने इस बात पर पूरी ठीक-से जानकारी दी.
872	872	872	It's for Pascal and Watson!	यह पास्कल एंड वाट्सन के लिए है!	यह पास्कल और वॉट्स के लिए
873	873	873	Teacher	शिक्षक	टीचर
874	874	874	Look, I came to say sorry.	देखो, मैं माफ़ी माँगने आया हूँ।	रोते, मैंने यह कहा कि मैंने सारा संबारा से कहा है।
875	875	875	"If you could see, when the angels take the souls of those who are bent on denying the truth [at death], how they strike their faces and backs: saying ""Taste the punishment of the Burning!"	"क्या ही अच्छा होता कि तुम देखते जब फ़रिश्ते इनकार करनेवालों के प्राण ग्रस्त करते हैं! वे उनके चहरों और उनकी पीठों पर मारते जाते हैं कि ""लो अब जलने की यातना मज़ा चखो।"" (तो उनकी दुर्दशा का अन्दाजा कर सकते)"	"मूल्य:
अगर आप जानते, कैसे इंसान में झूठ बोलते हैं या जो लोग झूठ बोलते हैं या जो लोग झूठ बोलते हैं या जो लोग झूठ बोलते हैं या जो लोग झूठ बोलते हैं या जो लोग झूठ बोलते हैं या जो लोग झूठ बोलते हैं या जो लोग झूठ बोलते हैं या जो लोग झूठ बोलते हैं या जो लोग झूठ बोलते हैं या जो लोग झूठ बोलते हैं या जो लोग झूठ बोलते हैं या जो लोग झूठ बोलते हैं या जो लोग झूठ बोलते हैं या जो लोग झूठ बोलते हैं या जो लोग झूठ बोलते हैं या जो"
876	876	876	DARCY:	डार्सी '.	डार्कशिप:
877	877	877	And when We gave Musa the Book and the distinction that you might walk aright.	और (वह वक्त भी याद करो) जब मूसा को (तौरेत) अता की और हक़ और बातिल को जुदा करनेवाला क़ानून (इनायत किया) ताके तुम हिदायत पाओ	और जब हमनुसा जीवंत पुस्तक और उसकी स्पष्टता को दिया गया था तो वे जो पुस्तक लेते हैं वे सही पुस्तक हैं
878	878	878	Those who consume the wealth of orphans illicitly consume only fire into their bellies; and they will roast in a Blaze.	जो लोग अनाथों के माल अन्याय के साथ खाते है, वास्तव में वे अपने पेट आग से भरते है, और वे अवश्य भड़कती हुई आग में पड़ेगे	गलत जानकारी रखने वाले लोग जादू-धारी हैं और उन्हें अपने पैसे का फायदा है
879	879	879	We shaded you with clouds, and sent down to you manna and quails [saying]: ‘Eat of the good things We have provided for you.’ And they did not wrong Us, but they used to wrong [only] themselves.	और हमने तुम पर अब्र का साया किया और तुम पर मन व सलवा उतारा और (ये भी तो कह दिया था कि) जो सुथरी व नफीस रोज़िया तुम्हें दी हैं उन्हें शौक़ से खाओ, और उन लोगों ने हमारा तो कुछ बिगड़ा नहीं मगर अपनी जानों पर सितम ढाते रहे	"यहाँ हम शायद हैं विवरण:

हमें सँगीतित्व का राज्य बनाया गया क्योंनीति:
हमें सँगीतित्व का राज्य बनाया गया क्योंनीति:
हमें सँगीतित्व का राज्य बनाया गया क्योंनीति:
हमें सँगीतित्व का राज्य बनाया गया क्योंनीति:
हमें सँगीतित्व का राज्य बनाया गया क्योंनीति:
हमें सँगीतित्व का राज्य बनाया गया क्योंनीति:
हमें सँगीतित्व का राज्य बनाया गया क्योंनीति:
हमें सँगीतित्व का राज्य बनाया गया क्योंनीति:
हमें सँगीतित्व का राज्य बनाया गया क्योंनीति:
हमें सँगीतित्व का राज्य बनाया गया क्य"
880	880	880	Sore Bone.	गले में हड्डी.	सोरे बोने.
881	881	881	ID	आईडी	ईडी
882	882	882	Do they not see how We conduct the water to a dry land, and with it We produce vegetation, from which their livestock eat, and themselves? Do they not see?	क्या इन लोगों ने इस पर भी ग़ौर नहीं किया कि हम चटियल मैदान (इफ़तादा) ज़मीन की तरफ पानी को जारी करते हैं फिर उसके ज़रिए से हम घास पात लगाते हैं जिसे उनके जानवर और ये ख़ुद भी खाते हैं तो क्या ये लोग इतना भी नहीं देखते	अरे, वे नहीं देख सकते हैं कि हम दrying के पानी से हवा को एक dry land के तुमरे के form का स्थान देते हैं, और वह स्थान से भी बढ़कर वे स्थान व्यस्त होकर भी चलते हैं।
883	883	883	Resources	संसाधन	संसाधन
884	884	884	But stop making these absurd plans.	लेकिन इन बेतुका की योजना बना रही बंद करो।	लेकिन रुको ऐसी बिल्कुल असंभाव्य योजनों को भी लेकर आने.
885	885	885	I won't fall for your tricks now.	मैं अपनी चाल के लिए अब नहीं गिर जाएगी।	मैं आपके ट्रिक्स से रोकने की क्षमता में हूँ।
886	886	886	And according to Google Reader's statistics publishes 24.7 blog posts a week, i.e. more than 3.5 post per day.	नवारा … गूगल रीडर के आंकड़ों को मानें तो इस ब्लॉग पर प्रति सप्ताह 24.	गूगल रीडर के स्टैटिस्ट्स के अनुसार 24.7 ब्लॉग पोस्ट एक सेकडे से अधिक होते हैं.
887	887	887	Let's go.	-चलिए।	अरे जाना।
888	888	888	Fatal mail parser error near position %s in folder %s	%s फोल्डर में घातक मेल स्थिति% s के पास विश्लेषक त्रुटि	कम्प्लीट मेल पार्सिंग इंटर्वाल्यु सिरिंग फ़र्ज़ी मेल-चेक पार्सिंग इंटर्वाल्यु सिरिंग कम्प्लीट मेल-चेक पार्सिंग इंटर्वाल्यु सिरिंग कम्प्लीट मेल-चेक पार्सिंग इंटर्वाल्यु सिरिंग कम्प्लीट मेल-चेक पार्सिंग इंटर्वाल्यु सिरिंग कम्प्लीट मेल-चेक पार्सिंग इंटर्वाल्यु सिरिंग कम्प्लीट मेल-चेक पार्सिंग इंटर्वाल्यु सिरिंग कम्प्लीट मेल-चेक पार्सिंग इंटर्वाल्यु सिरिंग कम्प्लीट मेल-चेक पार्सिंग इंटर्वाल्यु सिरिंग कम्प्लीट मेल-चेक पार्सिंग इंटर्वाल्यु सिरिंग कम्प्लीट मेल-चेक
889	889	889	Paste contacts from the clipboard	क्लिपबोर्ड से कार्य चिपकाएँ	प्लीज contacts clipboard से पेस्ट कर
890	890	890	I think that is illegal.	जो वे खरीद नहीं सकते।	क्या है संभावना के साथ?
891	891	891	_Build (%s)	बिल्ड से.	कितना?
892	892	892	Cuba: Pavarotti Passes On · Global Voices	क्यूबा: पावारोती का देहांत	सिंक: पावारोट्टी पास पास ओ · ग्लोब वॉइस
893	893	893	Ready for another round?	दूसरे दौर के लिए तैयार हैं?	जैसा कि आप पहले से ही तैयार हैं?
894	894	894	You see, it came over the wire that Ellen had died.	आप देख , यह एलेन मृत्यु हो गई थी कि तार आया था.	आप देख सकते हैं, एलेन की मृतता किसी के वायर के साथ हुई थी।
895	895	895	Indeed a triumph awaits the Godwary:	निस्सदेह डर रखनेवालों के लिए एक बड़ी सफलता है,	हाँ, यह सच में एक बड़े का सामना है:
896	896	896	It is He who keeps you alive in your sleep at night and knows all that you do during the day. He wakes you up from your sleep to complete your worldly life, after which you will all return to Him. He will let you know all about what you had done in your worldly life.	वह वही (ख़ुदा) है जो तुम्हें रात को (नींद में एक तरह पर दुनिया से) उठा लेता हे और जो कुछ तूने दिन को किया है जानता है फिर तुम्हें दिन को उठा कर खड़ा करता है ताकि (ज़िन्दगी की) (वह) मियाद जो (उसके इल्म में) मुअय्युन है पूरी की जाए फिर (तो आख़िर) तुम सबको उसी की तरफ लौटना है फिर जो कुछ तुम (दुनिया में भला बुरा) करते हो तुम्हें बता देगा	"अपने संवद्भाव से और अच्छे से बोल सकते हूँ:
मेरे जो दिल है, मेरे जो सोचने तंत्र है, मेरे जो विविधत रखत है, मेरे जो रचनात्मकता रखत है, मेरे जो साहित्यिक क्षमता रखत है, मेरे जो भाषा की क्षमता रखत है।"
897	897	897	Yes.	हाँ।	जी हाँ।
898	898	898	File _type:	फ़ाइल प्रकार (_t):	कार्य _type:
899	899	899	The file you are trying to open contains an invalid byte sequence.	फ़ाइल को खोलें रखता है अवैध.	आप जिस व्यक्ति से आप चाहते हैं तो उसे खाने या पीने सहित सभी जानकारी देने वाला वह व्यक्ति होगा।
900	900	900	Available plugins	मौजूद प्लगिन	खोबरी प्लग-इन
901	901	901	But I only took the job 'cause a man needed a driver.	एक आदमी एक चालक की जरूरत है क्योंकि लेकिन मैं केवल नौकरी लिया.	लेकिन मैं बस यह काम करने 'के लिए सहेज रहा हूँ कि एक व्यक्त है जो आवश्यकता है कि एक व्यक्त हो जो आवश्यकता है कि एक व्यक्त हो जो आवश्यकता है कि एक व्यक्त हो जो आवश्यकता है कि एक व्यक्त हो जो आवश्यकता है कि एक व्यक्त हो जो आवश्यकता है कि एक व्यक्त हो जो आवश्यकता है कि एक व्यक्त हो जो आवश्यकता है कि एक व्यक्त हो जो आवश्यकता है कि एक व्यक्त हो जो आवश्यकता है कि एक व्यक्त हो जो आवश्यकता है कि एक व्यक्त हो जो आवश्यकता है कि एक व्यक्त हो जो आवश्यकता है कि एक व्यक्त हो जो आवश्यकता है कि एक व्यक्त हो जो आवश्यकता है कि एक व्यक्त हो ज
902	902	902	She slightly misunderstood the purpose of my trip to Denmark, but yeah.	वो मेरी डेनमार्क की यात्रा के उद्देश्य को ठीक से समझी नहीं, पर हाँ.	मैं अपनी यात्रा के उद्देश्य को Denmark में रखने के लिए समझती हूँ, हाल हाल से.
903	903	903	So We took him and his hosts, and dumped them into the sea, while he was to be blamed.	अन्ततः हमने उसे और उसकी सेनाओं को पकड़ लिया और उन्हें गहरे पानी में फेंक दिया, इस दशा में कि वह निन्दनीय था	इस प्रकार हमें यह याद आ गईक्ति के लिए हम उन्हें और hosts के हाथों से sea में दे दिए. जबके को blamed होने को दिया गया
904	904	904	Cassander saw to that with his fake diaries painting Alexander as a sick and bloated drunk.	Cassander कि उसकी नकली डायरी के साथ... को देखा ... .	अलेक्जेंडर ने अपनी वास्तविक डायरी से सिंहारा को देखे और उसे सिंहारा के शरीर से कुछ रोटी भेज देने का दावा करते हुए, उसे विवाहित हस्तलिखित कार्ड की किताब से भी दूर रखा है
905	905	905	They are paired with Rowan and Paul to make what we call a brick.	"उन्हें रोवान और पॉल के साथ जोड़ा गया है. ऐसे समूह को हम ""ब्रिक"" कहते हैं"	यहाँ से रोवन और पॉल को भी इस Brick के साथ लगाया जाता है.
906	906	906	"for you, so that you may walk along its wide roads""."	ताकि तुम उसके बड़े बड़े कुशादा रास्तों में चलो फिरो	आपके लिए, ताकि आप इसकी व्यस्त रूप से गति कर सकें।
907	907	907	Nor can good and evil be equal. Repel thou evil with that which is goodly then behold he between whom and thee there was enmity, will be as though he was a warm friend.	भलाई और बुराई समान नहीं है। तुम (बुरे आचरण की बुराई को) अच्छे से अच्छे आचरण के द्वारा दूर करो। फिर क्या देखोगे कि वही व्यक्ति तुम्हारे और जिसके बीच वैर पड़ा हुआ था, जैसे वह कोई घनिष्ठ मित्र है	यह अच्छे और दुसरे के बराबर होगा। यह दुसरे से पर्याप्त नहीं होगा, फिर भी यह अच्छे से अच्छे होगा।
908	908	908	Mm-hm, but if we teamed up, it could bring your career to the next level.	हम दामन थाम लिया तो मिमी ह्म, लेकिन, इसे अगले स्तर तक अपने कैरियर ले सकता है.	बिल्क्रे, लेकिन अगर हम दोनों भाई भाई हो सकते हैं, तो मैंने भी career को next level तक ले सकता हूँ।
909	909	909	Joe Kleinsmith.	जोKleinsmith.	जो क्लेन्समिथ।
910	910	910	We sent Our messengers with the clear proofs, and We sent down with them the Book and the Balance, that humanity may uphold justice. And We sent down iron, in which is violent force, and benefits for humanity. That God may know who supports Him and His messengers invisibly. God is Strong and Powerful.	निश्चय ही हमने अपने रसूलों को स्पष्ट प्रमाणों के साथ भेजा और उनके लिए किताब और तुला उतारी, ताकि लोग इनसाफ़ पर क़ायम हों। और लोहा भी उतारा, जिसमें बड़ी दहशत है और लोगों के लिए कितने ही लाभ है., और (किताब एवं तुला इसलिए भी उतारी) ताकि अल्लाह जान ले कि कौन परोक्ष में रहते हुए उसकी और उसके रसूलों की सहायता करता है। निश्चय ही अल्लाह शक्तिशाली, प्रभुत्वशाली है	अस्पष्ट होने पर, इसे स्पष्ट रूप से नहीं लिया जा सकता है कि God ज्ञान देने वाला और सुसार है।
911	911	911	He keeps on talking forever if you listen to him.	तुम उसकी बात सुनते रहो तो वह बात करता ही जाएगा।	बातें जो आप सुन रहे हैं, उनमें से कुछ लंबे समय से जाती रहते हैं।
912	912	912	It's the end of the Reich.	यह रीक का अंत है.	यह रिक्स के संबंध में अंत है.
913	913	913	Those who do not believe in it would hasten it on, and those who believe are in fear from it, and they know that it is the truth. Now most surely those who dispute obstinately concerning the hour are in a great error.	(फिर ये ग़फ़लत कैसी) जो लोग इस पर ईमान नहीं रखते वह तो इसके लिए जल्दी कर रहे हैं और जो मोमिन हैं वह उससे डरते हैं और जानते हैं कि क़यामत यक़ीनी बरहक़ है आगाह रहो कि जो लोग क़यामत के बारे में शक़ किया करते हैं वह बड़े परले दर्जे की गुमराही में हैं	यह स्पष्ट है कि समय के बारे बैठे पक्ष पातियों के बीच बहुत सारा गलत निर्देश और सार्वजन्य निर्देश में पड़ सकता है।
914	914	914	Well, you can go wherever you wanna go.	यदि आप चाहते हैं जहाँ भी जाते ठीक है, तुम जा सकते हैं.	यह रह सकता प्लीज़।
915	915	915	Those who do not invoke another deity besides Allah, and do not kill a soul [whose life] Allah has made inviolable, except with due cause, and do not commit fornication. (Whoever does that shall encounter its retribution,	और वह लोग जो ख़ुदा के साथ दूसरे माबूदों की परसतिश नही करते और जिस जान के मारने को ख़ुदा ने हराम कर दिया है उसे नाहक़ क़त्ल नहीं करते और न ज़िना करते हैं और जो शख्स ऐसा करेगा वह आप अपने गुनाह की सज़ा भुगतेगा	यह कहता है कि किसी जो मूर्�rzी से मिल सकता है, उसे प्रगतिशक्त विषय से मिल सकता है।
916	916	916	You wanna play a little free market competition, just you and me?	आप चाहते हैं एक छोटी सी मुक्त बाजार में प्रतिस्पर्धा खेलने, सिर्फ तुम और मैं?	आपको एक छोटी फ्री मार्केट कॉम्पेटिव ड्योरिंग की इज़ाज़ुरी होगी
917	917	917	- How can I live without him?	कैसे मैं उसके बिना रह सकते हैं?	- इस प्रकार से, वे कौन हो सकते कि उनसे कौन भी छुटकारूि पाती है?
918	918	918	And He it is Who sends down water from the cloud, then We bring forth with it buds of all (plants), then We bring forth from it green (foliage) from which We produce grain piled up (in the ear); and of the palm-tree, of the sheaths of it, come forth clusters (of dates) within reach, and gardens of grapes and olives and pomegranates, alike and unlike; behold the fruit of it when it yields the fruit and the ripening of it; most surely there are signs in this for a people who believe.	और वही है जिसने आकाश से पानी बरसाया, फिर हमने उसके द्वारा हर प्रकार की वनस्पति उगाई; फिर उससे हमने हरी-भरी पत्तियाँ निकाली और तने विकसित किए, जिससे हम तले-ऊपर चढे हुए दान निकालते है - और खजूर के गाभे से झुके पड़ते गुच्छे भी - और अंगूर, ज़ैतून और अनार के बाग़ लगाए, जो एक-दूसरे से भिन्न भी होते है। उसके फल को देखा, जब वह फलता है और उसके पकने को भी देखो! निस्संदेह ईमान लानेवाले लोगों को लिए इनमें बड़ी निशानियाँ है	यह स्वर्ग से पानी के पानी के पौधे हैं जो पलाश-तने के पौधे से व्याप्त होते हैं जो विविधत के प्रति उच्चतम पर्याप्त्त्व के प्रति स्वर्ग-रोग के प्रति उच्चतम पर्याप्त्त्व के प्रति स्वर्ग-रोग के प्रति उच्चतम पर्याप्त्त्व के प्रति स्वर्ग-रोग के प्रति उच्चतम पर्याप्त्त्व के प्रति स्वर्ग-रोग के प्रति उच्चतम पर्याप्त्त्व के प्रति स्वर्ग-रोग के प्रति उच्चतम पर्याप्त्त्व के प्रति स्वर्ग-रोग के प्रति उच्चतम पर्याप्त्त्व के प्रति स्वर्ग-रोग के प्रति उच्चतम पर्याप्त्त्व के प्रति स्वर्ग-रोग के
919	919	919	You know, my grandmother used to show me these pictures. Before that hospital closed down, this place really wasn't that bad.	तुम्हें पता है, मुझे इन तस्वीरों को दिखाने के लिए प्रयोग किया जाता मेरी दादी . कि अस्पताल नीचे बंद पहले, इस जगह सच है कि बुरा नहीं था.	"आप जाने, अपने ग्रैंडमा से प्रदर्शित कुछ पिक्सेज़ के बीच कुछ कहने योग्य बातें हैं:

 पहले, हॉबिट हैल्टमैन के समय से पहले इस प्रक्रिया के बारे में बताया जा सकता ह]:

 यह प्रक्रिया तब से पहले हुई थी |"
920	920	920	After the parade, the family will attend the... (TURNS RADIO OFF)	परेडकेबाद, परिवार भाग लेंगे... / मैं (रेडियो मुड़ता रवाना)	प्रदर्शन के बाद परिवार को (टाइरल रेडियो को वापस करना) विवरण का सामना करना
921	921	921	What kind of father does that make you?	- यह खेल नहीं है। विंसेंट। यह तुम्हारे शोरूम का कोई मज़ाक नहीं है।	What type of father makes that much of a father?
922	922	922	We build outpost on other planets, using great machines to reshape environments to our needs.	हम अन्य ग्रहों पर चौकी का निर्माण नयी आकृति प्रदान करने के लिए महान मशीनों का उपयोग हमारी जरूरतों के वातावरण.	हम दूसरे ग्रह पर एक outpost बनाते हैं, और विशेष मशीनों से हमारे पास वातावरण को अपने ज़रिए बदल देते हैं।
923	923	923	PHOTOS]	PHOTOS]	कृपया , लिफ़ाआफ़]
924	924	924	"They ask you about the phases of the moon. Say, ""These are signs for the people to reckon dates and fix the periods for hajj."" Also tell them, ""It is no virtue to enter your houses from their backs during the Hajj days); real virtue is that one should refrain from incurring the displeasure of Allah; so enter your houses by their proper doors. and fear Allah so that you may gain (true) success."	"वे तुमसे (प्रतिष्ठित) महीनों के विषय में पूछते है। कहो, ""वे तो लोगों के लिए और हज के लिए नियत है। और यह कोई ख़ूबी और नेकी नहीं हैं कि तुम घरों में उनके पीछे से आओ, बल्कि नेकी तो उसकी है जो (अल्लाह का) डर रखे। तुम घरों में उनके दरवाड़ों से आओ और अल्लाह से डरते रहो, ताकि तुम्हें सफलता प्राप्त हो"	"विवरण:
ये संकेतों के समय को लेने के लिए सचिवों के लिए खातिराला करने वाले लोगों के पास 10-12 दिनों तक का समय लेने के लिए कहा और इसके परिणlesi effects को सुनने के लिए भी कहा जाता है।"
925	925	925	- That's not really for me to say.	- मै उस बारेमे कुछ कह नहीं पाऊँगी।	यह मेरे लिए ठीक नहीं है कि इस बात पर मैं कह सकती हूँ.
926	926	926	Yeah.	/ हाँ, मैं करता हूँ.	जी हाँ।
927	927	927	Kettle escaped!	भाप निकल गई!	कैतर्टी एक्सप्लाई हो चुकी!
928	928	928	woman #2 speaking native language:	महिला #2 मातृभाषा में बोलती है:	
929	929	929	Source of vertex shader	शिखर shader का स्रोत	व्हीटिंग शेड्यर पर स्रोत
930	930	930	Session management options:	सत्र प्रबंधन विकल्प:	स्टेशन का प्रबंधन:
931	931	931	You did not enter a password.	आपने कूटशब्द नहीं दाखिल किया.	आपका Password नहीं है.
932	932	932	Then, after inflict-ing this grief, He sent down an inner peace upon you - a sleep which overtook some of you. Those who were concerned merely about themselves, entertaining false notions about Allah - the notions of the Age of Ignorance - asked: 'Have we any say in the matter?' Tell them: 'Truly, all power of decision rests solely with Allah.' Indeed, they conceal in their hearts what they would not reveal to you, saying: 'If we had any power of decision, we would not have been slain here.' Say: 'Even if you had been in your houses, those for whom slaying had been appointed would have gone forth to the places where they were to be slain.' And all this happened so that Allah might test your secret thoughts and purge your hearts of all impurities. Allah knows well what is in the breasts of men.	फिर ख़ुदा ने इस रंज के बाद तुमपर इत्मिनान की हालत तारी की कि तुममें से एक गिरोह का (जो सच्चे ईमानदार थे) ख़ूब गहरी नींद आ गयी और एक गिरोह जिनको उस वक्त भी (भागने की शर्म से) जान के लाले पड़े थे ख़ुदा के साथ (ख्वाह मख्वाह) ज़मानाए जिहालत की ऐसी बदगुमानियॉ करने लगे और कहने लगे भला क्या ये अम्र (फ़तेह) कुछ भी हमारे इख्तियार में है (ऐ रसूल) कह दो कि हर अम्र का इख्तियार ख़ुदा ही को है (ज़बान से तो कहते ही है नहीं) ये अपने दिलों में ऐसी बातें छिपाए हुए हैं जो तुमसे ज़ाहिर नहीं करते (अब सुनो) कहते हैं कि इस अम्र (फ़तेह) में हमारा कुछ इख़्तियार होता तो हम यहॉ मारे न जाते (ऐ रसूल उनसे) कह दो कि तुम अपने घरों में रहते तो जिन जिन की तकदीर में लड़के मर जाना लिखा था वह अपने (घरो से) निकल निकल के अपने मरने की जगह ज़रूर आ जाते और (ये इस वास्ते किया गया) ताकि जो कुछ तुम्हारे दिल में है उसका इम्तिहान कर दे और ख़ुदा तो दिलों के राज़ खूब जानता है	ये सारे जानकारी स्वीकार्य और सहायक हैं।
933	933	933	She did not come to marry Késakichi.	ये केसाकिची से शादी करने के लिए नहीं आयी है.	दिए के केसैकाची के शादा के लायक नहीं हैं।
934	934	934	Disdaining ungratefully Our gifts, and giving themselves up to (worldly) enjoyment! But soon will they know.	ताकि जो (नेअमतें) हमने उन्हें अता की हैं उनका इन्कार कर बैठें और ताकि (दुनिया में) ख़ूब चैन कर लें तो अनक़रीब ही (इसका नतीजा) उन्हें मालूम हो जाएगा	दूसरों से अपभ्रम भी दिया जा सकता हूँ और स्वाभिमुखी भी दी जा सकती हूँ।
935	935	935	"I won't see her until a fortnight on Friday, when my sweet little weasel appears at the station in her strappy blue dress."""	और मैं तुम्हें अगले हफ्ते तक नहीं मील पाऊँगा मेरी प्यारी... .	मैं उसे नहीं देखूँ तक सातवें दिन शुक्रवात के दिन मेरे स्वसत्त्वदाता को सँगीतित करने के लिए समय नहीं देगा ।
936	936	936	Make trial of orphans until they reach the age of marriage; if then ye find sound judgment in them, release their property to them; but consume it not wastefully, nor in haste against their growing up. If the guardian is well-off, Let him claim no remuneration, but if he is poor, let him have for himself what is just and reasonable. When ye release their property to them, take witnesses in their presence: But all-sufficient is Allah in taking account.	और यतीमों को कारोबार में लगाए रहो यहॉ तक के ब्याहने के क़ाबिल हों फिर उस वक्त तुम उन्हे (एक महीने का ख़र्च) उनके हाथ से कराके अगर होशियार पाओ तो उनका माल उनके हवाले कर दो और (ख़बरदार) ऐसा न करना कि इस ख़ौफ़ से कि कहीं ये बड़े हो जाएंगे फ़ुज़ूल ख़र्ची करके झटपट उनका माल चट कर जाओ और जो (जो वली या सरपरस्त) दौलतमन्द हो तो वह (माले यतीम अपने ख़र्च में लाने से) बचता रहे और (हॉ) जो मोहताज हो वह अलबत्ता (वाजिबी) दस्तूर के मुताबिक़ खा सकता है पस जब उनके माल उनके हवाले करने लगो तो लोगों को उनका गवाह बना लो और (यूं तो) हिसाब लेने को ख़ुदा काफ़ी ही है	"विवरण:
पादपाद्गण, परीक्षण के दौरान उनसे समाप्ति प्राप्त करने के लिए आवश्यक सब-के है अल्लाह!"
937	937	937	File	फ़ाइल	"टेक्स्ट:
फाइल"
938	938	938	"Your login to your server ""{0}"" as ""{0}"" failed."	"""{0}"" रूप में आपके सर्वर ""{0}"" से लॉगिन असफल."	"आपके लॉगिन ""{0}"" के रूप में से क्या हुआ?"
939	939	939	"But many of them will have feelings of vacuum in their hearts over your failure to distinguish between the right and the wrong."""	परंतु बहुतों के मन में आपके प्रति शून्य का वह भाव भी जागेगा जिसमें आपकी वो असफलता झलकेगी जिसमें आपकी सही और गलत की पहचान ही नहीं थी.	“लेकिन जिनसे भी होंके आपकी क्षमता से आपकी गलती के भावद्रिक होने के भावाविधिहीन भाष्मों से आपकी असलियत से अलग-अलस्के रहे रुखावादी होने के भावानिर्देश से प्राप्त किया गया था।
940	940	940	He said, ‘Certainly not! Indeed my Lord is with me. He will guide me.’	"उसने कहा, ""कदापि नहीं, मेरे साथ मेरा रब है। वह अवश्य मेरा मार्गदर्शन करेगा।"""	यह कहा, ‘नहीं! वास्तव में अपने राजा से साथ में हूँ। वे मेरे दिशानिर्देश का भी विवास नहीं करते। वे मेरे प्रति के तीन गुने से ज्यादा ताकी से हो सकते हैं।’
941	941	941	Display video, audio and image preview	वीडियो, ऑडियो और छवि पूर्वावलोकन दिखाएँ	दिए गए पाठ को सही से समझने, भावुक भाषा में रूप-रूप से विविधिता देना
942	942	942	Unrecognized desktop file Version '%s'	अपरिचित डेस्कटॉप फ़ाइल संस्करण '%s'	अन्यान्य कंप्यूटर डेटाबेस व्यावसायिकी 15
943	943	943	And a faking will!	और एक faking करेंगे!	और फ़िक्र फैलो!
944	944	944	Saddam rejected the demand.	सद्दाम ने मांग को अस्वीकार किया।	सद्दाम ने पीठल.
945	945	945	Is he then who is a believer like him who is a transgressor? They are not equal.	भला जो व्यक्ति ईमानवाला हो वह उस व्यक्ति जैसा हो सकता है जो अवज्ञाकारी हो? वे बराबर नहीं हो सकते	इस पर लगने वाले है ये व्यक्ति जो विवाह करने वाले हैं? वे पर न्याय मान्य हैं।
946	946	946	Install online script package	ऑनलाइन स्क्रिप्ट पैकैज संस्थापित करें	टैबलेट की कोई से कोई पूरी नहीं की सकती
947	947	947	Terrace	टेरेस	टरेक्स
948	948	948	You will all make this bunkroom, your home.	आप सभी इस bunkroom, अपने घर बनाना होगा.	आप सभें इस बunkरूम को अपनी घर पर अपने नाम से लिखते हुए अपनी घर पर रहे डॉक्टर के रूप में लिखते हुए अपना स्वास्य बना रहेगा
949	949	949	Remember my only thoughts are of you.	याद रखें ... / मैं ... मेरी केवल विचारों के हैं तुम.	दोहरें नहीं, मेरे कुछ thoughts सिर्फ मैंने ही कुछ हैं और मैंने इस बात को सुना हूँ कि हमारा इस बात सुना है कि हमारा हमें सोचने के लिए यहाँ भी हम नहीं सो सकते क्योंनीति से संबंधित नहीं हो सकते क्योंनीति से संबंधित नहीं हो सकते
950	950	950	Just like a ghost ship, huh?	वेन्डी: बस एक भूतहा जहाज की तरह, हुह?	हाँ, कुछ
951	951	951	When she heard of their sly whispers, she sent for them and prepared a banquet. To each she gave a knife, (then called Joseph saying:) 'Come and attend to them' When they saw him, they were so taken with him that they cut their hands, and said: 'Allah save us! This is no mortal, he is no other but a noble angel'	तो जब ज़ुलेख़ा ने उनके ताने सुने तो उस ने उन औरतों को बुला भेजा और उनके लिए एक मजलिस आरास्ता की और उसमें से हर एक के हाथ में एक छुरी और एक (नारंगी) दी (और कह दिया कि जब तुम्हारे सामने आए तो काट के एक फ़ाक उसको दे देना) और यूसुफ़ से कहा कि अब इनके सामने से निकल तो जाओ तो जब उन औरतों ने उसे देखा तो उसके बड़ा हसीन पाया तो सब के सब ने (बे खुदी में) अपने अपने हाथ काट डाले और कहने लगी हाय अल्लाह ये आदमी नहीं है ये तो हो न हो बस एक मुअज़िज़ (इज्ज़त वाला) फ़रिश्ता है	"अलसे, किसी भी हस्तक्षेप या हटावट कार्यकर्ता को ऐसा कहा गया था : ""देखो और सुनो कि किसी भी हस्तक्षेप या हटावट कार्यकर्ता को यह कह कर दिया जा सकता था : ""अलसे, तुम्हें तो सुनो कि तुम्हारा यह कहना है कि तुम्हारा यह कहना है कि तुम्हारा यह कहना है कि तुम्हारा यह कहना है कि तुम्हारा"
952	952	952	I never said she was cheating.	मैं वह धोखा दे रहा था कभी नहीं कहा.	नहीं कहा गया कि वह चोरी कर रही है।
953	953	953	Class-Meet?	कक्षा मिलो?	क्लास-मीट?
954	954	954	& File	फ़ाइल (F)	"Text:
& File"
955	955	955	I qu...	मैं qu -	मैं...
956	956	956	_Load Images	छवि डाउनलोड करें (_L)	"Text:
लोड़ हिंसा"
957	957	957	Unlimited	असीमित	बिलक्टू
958	958	958	South _European (ISO-8859-3)	दक्षिणी यूरोपीय (_E) (ISO-8859-3)	"टिप्प्स:
South _यूरोपीय (आई.एस.ओ.-�सी- eighty-five-डी-3)"
959	959	959	I want to spend my life with her...	I want to spend my life with her...	मैं उनके साथ अपना जीवन देूँ...
960	960	960	"Your login to your server ""{0}"" as ""{0}"" failed."	"""{0}"" रूप में आपके सर्वर ""{0}"" से लॉगिन असफल."	"आपके लॉगिन ""{0}"" के रूप में से क्या हुआ?"
961	961	961	SERGEI SOLD HER TO IVAN.	सर्गेई इवान के लिए है उसे बेचा.	सरेज़I ने आवरावले IV के हाथ में रखा था.
962	962	962	And they say: There is naught but our life of the world; we die and we live, and naught destroyeth us save time; when they have no knowledge whatsoever of (all) that; they do but guess.	और वह लोग कहते हैं कि हमारी ज़िन्दगी तो बस दुनिया ही की है (यहीं) मरते हैं और (यहीं) जीते हैं और हमको बस ज़माना ही (जिलाता) मारता है और उनको इसकी कुछ ख़बर तो है नहीं ये लोग तो बस अटकल की बातें करते हैं	यह कहें: वे कहते हैं कि ऐसा केवल वाकई है कि व्यक्तिगत जीवन विश्व में आता है और व्यक्तिगत समय के समय से भी अलग हो सकता है क्योंकि जब व्यक्तिगत जीवन के समय से अलग हो सकता है, तो ऐसा कोई भी समस्या नहीं हो सकती क्योंकि व्यक्तिगत जीवन के समय से अलग हो सकता है
963	963	963	- Yes.	- हाँ	जी हाँ।
964	964	964	Autocompletion	स्वतः समापन	कृपया सह, कृपया हटा, कृपया याद कर
965	965	965	The idea brings my defenses down.	यह विचार मेरी दलीलों को कमजोर कर देता है।	इस बात से मेरी रणनीति प्रभावित हो गई है।
966	966	966	that you may seek forgiveness of your Lord and turn to Him in repentance whereupon He will grant you a fair enjoyment of life until an appointed term, and will bestow favour on everyone who merits favour. But should you turn away (from the truth), I fear for you the chastisement of an Awesome Day.	और ये भी कि अपने परवरदिगार से मग़फिरत की दुआ मॉगों फिर उसकी बारगाह में (गुनाहों से) तौबा करो वही तुम्हें एक मुकर्रर मुद्दत तक अच्छे नुत्फ के फायदे उठाने देगा और वही हर साहबे बुर्ज़गी को उसकी बुर्जुगी (की दाद) अता फरमाएगा और अगर तुमने (उसके हुक्म से) मुँह मोड़ा तो मुझे तुम्हारे बारे में एक बड़े (ख़ौफनाक) दिन के अज़ाब का डर है	यह सुनना कि आप अपने रिश्ते की truth के साथ स्वीकार्य हो सकते हैं और इस बात के बारे में चिंता की कि आपको अपने रिश्ते की truth के साथ स्वीकार्य हो सकते हैं।
967	967	967	How could they be firing artillery?	वे तोप कैसे चला सकते हैं?	इस तरह से वे रॉकेट का फायरिंग कर रहे हैं?
968	968	968	Didn't realise who he was fucking with.	वह साथ कमबख्त था जो पता ही नहीं चला.	"जिस तरह से मैंने निर्देश नहीं दिए, निर्देश दिए गए कुछ ही नहीं।

इस प्रक्त में मैंने निर्देश नहीं दिए, निर्देश दिए गए कुछ ही नहीं।"
969	969	969	I'm clearly not a child.	मैं बच्चा नहीं हूँ।	ज़रूर स्पष्ट नहीं कहा गया कि मैं कौन हूँ?
970	970	970	I don't want Charisse or Becca.	मैं बारबरा को देखने आया था.	मैं डिसलेबिलिटी से नहीं हो सकता कि चार्लीज़ या बेका हो।
971	971	971	Pakistan: Media and restrictions · Global Voices	पाकिस्तान: मीडिया और रोकटोक	हाँ: मीडिया और नियमों के परिणाम
972	972	972	Tell me...	मुझे बताओ...	मुझे...
973	973	973	A thousand ships we'll launch from here, Hephaistion.	एक हजार जहाजों हम यहाँ से Hephaistion का शुभारंभ करेंगे.	इससे तीस हजार सीढ़ी भी भारी निकल जाएँ, हेप्हास़ित्सन।
974	974	974	Glorified be the Lord of the heavens and the earth, the Lord of the Throne! Exalted be He from all that they ascribe (to Him).	ये लोग जो कुछ बयान करते हैं सारे आसमान व ज़मीन का मालिक अर्श का मालिक (ख़ुदा) उससे पाक व पाक़ीज़ा है	इसे स्पष्ट रखें कि धर्मास्पृह बताए गए भगवान हेवान और earth के भगवान हेवान थ्रोन! राज्य में उनके राज्य! राज्य के राज्य!
975	975	975	I'm here to offer my--	मैं काम तलाश रहा हूँ ... नहीं ..	मैं यहाँ तो--
976	976	976	Next	अगला	जैसे
977	977	977	Simulation of image to CD burning	छवि की सीडी बर्निंग का सिमुलेशन	चित्र को किसी पर स्टोरेज़ टो किसी डी.डी. की ओर निर्गम करने
978	978	978	Your names	रविशंकर श्रीवास्तव, जी. करूणाकर	पहचान
979	979	979	You think that is what the great Master Oogway saw for you?	तुम्हारे खयाल से महान गुरू ऊगवे ने तुम्हारे लिए यही ख्वाब देखा था?	आपका विचार है कि ओगवा ने आपके लिए कुछ देखा?
980	980	980	♪ OH NO	♪अरेनहीं	ऑल नो
981	981	981	There are many names in Indian history with a golden glow.	भारत के इतिहास में ही स्वर्णिम आभा वाले अनेक नाम हैं।	कई नाम भारतीय इतिहास में समान हैं।
982	982	982	"""as your late Uncle's friend and attorney,"	""" अपने देर चाचा के दोस्त और वकील के रूप में,"	"""alike your late uncle's friend and attorney,"
983	983	983	Author:	लेखकः	रचिता:
984	984	984	Show _Only This Calendar	सिर्फ इस पंचांग को दिखायें (_O)	Only This Date
985	985	985	300%	300%	"texts:
300% के"
986	986	986	When chill breeze blows, come under tree shade...	When chill breeze blows, come under tree shade...	जब ठंड बार्षा चल रही है, तो वह वृक्ष में छाँले के अंधेरे में आती है।
987	987	987	Unnamed	बेनाम	जो भी
988	988	988	Talk like that, I'm gonna get myself in trouble.	कि जैसे बात करो, मैं मुसीबत में अपने आप को मिलने वाला हूँ .	बात इस तरह चलेगी, मैं भी अपनी तरफ से हिल करूँगी |
989	989	989	"(Muhammad), ask them, ""Have you thought about what you worship besides God? Show me which part of the earth they have created. Do they have a share in the creation of the heavens? Bring me a Book, revealed before this Quran, or any other proof based on knowledge to support your belief, if indeed you are truthful""."	(ऐ रसूल) तुम पूछो कि ख़ुदा को छोड़ कर जिनकी तुम इबादत करते हो क्या तुमने उनको देखा है मुझे भी तो दिखाओ कि उन लोगों ने ज़मीन में क्या चीज़े पैदा की हैं या आसमानों (के बनाने) में उनकी शिरकत है तो अगर तुम सच्चे हो तो उससे पहले की कोई किताब (या अगलों के) इल्म का बक़िया हो तो मेरे सामने पेश करो	इससे पहले के तौर पर यह कहना योग्य है कि कुछ लोगों ने इस बात पर ध्यान दिया है कि वे किस प्रकार से बने हुए हैं, और किस प्रकार से वे किस प्रकार के साझेवाले हैं।
990	990	990	but I won 50 G in a poker tournament.	लेकिन मैं एक पोकर टूर्नामेंट में 50 जी जीता.	वहाँ लेकिन मैंने पोकर टूर्नामेंट में 50 गिन्ने पाउच डालने में
991	991	991	_Statusbar	स्थिति पट्टी (_S)	स्टेटबार
992	992	992	Jim Baxford!	जिम Baxford!	जिम बैकफोर्ड!
993	993	993	"Where to accept cookies from. Possible values are ""anywhere"", ""current site"" and ""nowhere""."	"कुकीज़ कहाँ से स्वीकारें. संभावित मूल्य हैं ""कहीं से भी"", ""वर्तमान साइट"" तथा ""कहीं से नहीं""."	"किसी साइट से कुकीज़ लेने के ? संभाव्य मान्स ""anywhere"", ""current site"" और ""nowhere"" हो सकते हैं।"
994	994	994	- Jump, Pelle!	- कूदो, पेले!	- पेल!
995	995	995	Inder my love...	मेरे प्यार इंदर ...	रोमांट से बचने योग्य हूँ...
996	996	996	That-a-boy.	कि एक खास लड़का है.	आपका विवरण।
997	997	997	"- ""Brain Rapist""?"	"- ""ब्रेन बलात्कारी""."	"- ""यौन शोषण करने वाले""?"
998	998	998	It is a question of my bread and butter.	यह मेरी रोजी-रोटी का सवाल है |	के और बट्टर के पास से यह पूछने के के पन्त्स का उत्तर देने के के पन्त्स भी इसी तरह से हो सकते हैं कि वे पूछने के और संसाधनों का उपयोग कर सकते हैं।
999	999	999	Here you go, boyses.	यह लो, लड़कों।	हे ये जो आपने।
1000	1000	1000	POP3 stores have no folder hierarchy	POP3 स्टोर में कोई फ़ोल्डर पदानुक्रम नहीं है	POP3 स्टोर के बीच कोई फ़ॉल्टर निवेशन नहीं होती
1001	1001	1001	It is not for the townsfolk of Al-Madinah and for those around them of the wandering Arabs so stay behind the messenger of Allah and prefer their lives to his life. That is because neither thirst nor toil nor hunger afflicteth them in the way of Allah, nor step they any step that angereth the disbelievers, nor gain they from the enemy a gain, but a good deed is recorded for them therefor. Lo! Allah loseth not the wages of the good.	मदीने के रहने वालों और उनके गिर्दोनवॉ (आस पास) देहातियों को ये जायज़ न था कि रसूल ख़ुदा का साथ छोड़ दें और न ये (जायज़ था) कि रसूल की जान से बेपरवा होकर अपनी जानों के बचाने की फ्रिक करें ये हुक्म उसी सबब से था कि उन (जिहाद करने वालों) को ख़ुदा की रूह में जो तकलीफ़ प्यास की या मेहनत या भूख की शिद्दत की पहुँचती है या ऐसी राह चलते हैं जो कुफ्फ़ार के ग़ैज़ (ग़ज़ब का बाइस हो या किसी दुश्मन से कुछ ये लोग हासिल करते हैं तो बस उसके ऐवज़ में (उनके नामए अमल में) एक नेक काम लिख दिया जाएगा बेशक ख़ुदा नेकी करने वालों का अज्र (व सवाब) बरबाद नहीं करता है	यह न भागे, जो भागे गिने वह, भागने वे Angereth देते हैं।
1002	1002	1002	They destroyed our moon and with that, half the planet.	वे उस के साथ आधा ग्रह हमारे चाँद और नष्ट कर दिया.	वे हमारे ग्रह को भी नष्ट कर दिया और उसे भी भेद नहीं दिया।
1003	1003	1003	Disable syntax highlighting	वाक्य रचना हाइलाइटिंग निष्क्रिय करें	texts को स्ट्रिंग हिलिंग के साथ नहीं दिखाया
1004	1004	1004	“Those who spread turmoil in the earth, and do no reform.”	"जो धरती में बिगाड़ पैदा करते है, और सुधार का काम नहीं करते।"""	“जो पृध्धा क्षेत्र को परिवर्तन के लिए प्रेरित करते हैं और नहीं छोड़त.”
1005	1005	1005	Come on, that's a lot of cheese, but I could live with that!	चलो, कि पनीर, का एक बहुत कुछ है, लेकिन मैं उस के साथ रह सकता है!	दिल से यह कहूँ, वह बहुत सारा चीज़ है, लेकिन मैं उसे जितना ज़्यादा हो सकता है!
1006	1006	1006	Error while reading video DVD (%s)	वीडियो DVD पढ़ने में त्रुटि (%s)	स्पष्ट रूप से पढ़ने की हानि है कि वीडीडब्लक्स पर (%s) की स्ट्रिंग को पढ़ने की हानि है।
1007	1007	1007	Rick, in position.	रिक, स्थिति में।	आप position में थे।
1008	1008	1008	Let us toast to the future of the high table and the memory of my dear sister...	हमें उच्च तालिका के भविष्य और मेरी प्यारी बहन की स्मृति को टोस्ट करते हैं ...	हमें यह भी याद आ रही है कि उच्च स्तर की टेबल के प्रति हमारे पास और भी ऐसी जगहें हो सकती हैं जो हमें और भी ऐसी चिंता देती हैं जो हमें और भी ऐसी चिंता देती है जो हमें और भी ऐसी चिंता देती है जो हमें और भी ऐसी चिंता देती है जो हमें और भी ऐसी चिंता देती है जो हमें और भी ऐसी चिंता देती है जो हमें और भी ऐसी चिंता देती है जो हमें और भी ऐसी चिंता देती है जो हमें और भी ऐसी चिंता देती है जो हमें और भी ऐसी चिंता देती है जो हमें और भी ऐसी चिंता देती है जो हमें और भी ऐसी चिंत
1009	1009	1009	He was the only one that wanted to do this trip.	उन्होंने कहा कि इस यात्रा करना चाहता था कि एक ही था.	यह एकमात्र था जिसने इस ट्रिप को करना चाहाँ तो वह एकमात्र था जिसने इस ट्रिप को करना चाहँाँ तो वह एकमात्र था जिसने इस ट्रिप को करना चाहँाँ तो वह एकमात्र था।
1010	1010	1010	You've been sleeping for 18 hours.	आप 18 घंटे के लिए सो गया है।	आपके 18 ग्रंट्स हो गई है।
1011	1011	1011	Judith was so worried when Brice asked for her hand in marriage.	ब्राईस शादी में उसका हाथ के लिए कहा जब जूडिथ इतना चिंतित था	ब्राइस ने जुडिथ से हाथ में जोड़न के लिए जिस पान-तो-पान का सामना करना चिंता व्यक्त कर रहे थे जिससे वे शादा करने के लिए जो पान-तो-पान का सामना कर सकता था उसे विवरण देने वाले
1012	1012	1012	Melissa's not gonna know anything about this.	अरे नहीं. यह डौग है?	इस बार मेलिसा को भी नहीं पता आएगा यह.
1013	1013	1013	But in his short life, he achieved, without doubt the mythic glory of his ancestor Achilles and more.	लेकिनअपनेछोटेसेजीवन में, वह शक के बिना हासिल... / मैं ... .	लेकिन उसकी छोटी उम्र में, वह जितना यथावादी था तो उतनी यथावादी राहें के बीच से ज्यादातर जो स्पष्ट रूप से कहा जाता है कि उसे जितना यथावाधान मिल सकता था, उतना स्पष्ट रूप से और ज्यादातर जो स्पष्ट रूप से कहा जाता है कि उसे जितना यथावाधान मिल सकता था, उतना स्पष्ट रूप से और ज्यादातर जो स्पष्ट रूप से कहा जाता है कि उसे जितना यथावाधान मिल सकता था, उतना स्पष्ट रूप से और ज्यादातर जो स्पष्ट रूप से कहा जाता है कि उसे जितना यथावाधान मिल सकता था, उतना स्पष्ट रूप से और ज्यादातर जो स्पष्ट रूप से
1014	1014	1014	And there is nothing wrong if you also seek the bounty of your Lord during the pilgrimage. Moreover, when you return from 'Arafat, stay at Mash'aril-Haram (Muzdalifah) and remember Allah. And remember Him just as He has enjoined you, for you had gone astray before this.	इसमे तुम्हारे लिए कोई गुनाह नहीं कि अपने रब का अनुग्रह तलब करो। फिर जब तुम अरफ़ात से चलो तो 'मशअरे हराम' (मुज़दल्फ़ा) के निकट ठहरकर अल्लाह को याद करो, और उसे याद करो जैसाकि उसने तुम्हें बताया है, और इससे पहले तुम पथभ्रष्ट थे	यह जानकारी स्वर्ग के बौध के द्वारा दी जीषु, और जीवांस्यों के द्वारा दी जीषु, और जीवांस्यों के द्वारा दी जीषु, और जीवांस्यों के द्वारा दी जीषु, और जीवांस्यों के द्वारा दी जीषु, और जीवांस्यों के द्वारा दी जीषु, और जीवांस्यों के द्वारा दी जीषु, और जीवांस्यों के द्वारा दी जीषु, और जीवांस्यों के द्वारा दी जीषु, और जीवांस्यों के द्वारा दी जीषु, और जीवांस्यों के द्वारा दी जीषु, और जीवांस्यों के द्वारा दी जीषु, और जीवांस्यों के द
1015	1015	1015	and waymarks; and by the stars they are guided.	और मार्ग चिन्ह भी बनाए और तारों के द्वारा भी लोग मार्ग पर लेते है	और रास्ते; और उनको उनके जो तरीके से आगे बढ़ते हैं, वे उन्हें जो उन्हें देते हैं।
1016	1016	1016	The movement is also bolstered by two former U.S. Transportation secretaries, who in a 2011 report urged Congress to move in the pay-per-mile direction.	इस अभियान को दो भूतपूर्व अमेरिकी परिवहन सचिवों ने भी समर्थन दिया है, जिन्होंने वर्ष 2011 में अपनी रिपोर्ट में कांग्रेस से प्रति-मील भुगतान की दिशा में आगे बढ़ने का अनुग्रह किया था।	यह संघर्वना भी बढ़ावे देती है कि कि पैसे प्रति मील से बढ़ कर ज़्यादा बढ़ कर और संभावना से बढ़ कर ज़्यादा बढ़ कर चले रह सकता है।
1017	1017	1017	attachment	संलग्नक	सहयात
1018	1018	1018	And We taught him the art of making garments (of mail) to protect you in your daring. Are ye then thankful?	और हमने उसे तुम्हारे लिए एक परिधान (बनाने) की शिल्प-कला भी सिखाई थी, ताकि युद्ध में वह तुम्हारी रक्षा करे। फिर क्या तुम आभार मानते हो?	और हमने उनसे सिखाया कि वे लोगों से कुछ भी लेने के लिए पर्याप्त रूप से तैयार हो सकते हैं। हालाँकि, उनसे पूरी तरह से प्र्याप्त रूप से तैयार नहीं हो सकते क्यूँकि वे किसी भी तरह से पर्याप्त रूप से तैयार नहीं हो सकते हैं।
1019	1019	1019	Start	प्रारंभ	शुरुआत
1020	1020	1020	"""Jambalaya,"" ""Cheatin' Heart"" ""I Saw the Light"""	"""Jambalaya,"""" Cheatin' हार्ट' "" मैं प्रकाश देखा """	"जम्बलaya,""चेकिन हार्ट"" ""आई से है गला"""
1021	1021	1021	Mr Stevens visited nearly a dozen banks in the Portland area that morning.	उस सुबह श्री स्टीवन्स ने पोर्टलैंड के लगभग एक दर्जन से अधिक बैंकों का दौरा किया.	मॉर्स स्टीवेंट्स ने दिनचर्या के शुरुआत होने वाले बैंकों को लगभग एकदिन तक अपना सights चेक करने के लिए बोलिए।
1022	1022	1022	Invalid Server URI	अवैध सर्वर URI	अवर्याव्याप्त सेवा यू.आई.
1023	1023	1023	_Insert	प्रविष्ट करें (_I)	
1024	1024	1024	You feel safe?	आप सुरक्षित महसूस करते हैं?	हाँ, आप सुरक्षित महसूस करते हैं?
1025	1025	1025	Glory be to Him, who created all the pairs of what the earth produces, and of themselves, and of what they know not.	महिमावान है वह जिसने सबके जोड़े पैदा किए धरती जो चीजें उगाती है उनमें से भी और स्वयं उनकी अपनी जाति में से भी और उन चीज़ो में से भी जिनको वे नहीं जानते	इससे पहले कि कुछ हुआसे, हमें और हमें ज्ञान नहीं मिला था।
1026	1026	1026	You guys might not know this, but I considered myself a bit of a loner.	तुम्हें पता है कि यह नहीं हो दोस्तों, लेकिन मैं अपने आप को एक अकेले का थोड़ा विचार किया.	आप लोगों को यह भी नहीं पता हो सकता है कि आप कुछ ही नहीं लो सकते हैं।
1027	1027	1027	St_op Animation	संजीवन रोकें (_o)	स्ट्रिप एण्टिजन
1028	1028	1028	WE'RE LIKE PARTNERS IN CRIME NOW, YOU KNOW.	अब हम अपराध में भागीदार पसंद कर रहे , आप जानते हैं.	यह हमारे बीच की कोई भी हो सकती है.
1029	1029	1029	_Edit	संपादन (_E)	कोई भी विवरण जोड़ सकता है, हटा सकता है, या जिस विवरण को बदलने की कोई भी जिम्मेदारी दे सकता है
1030	1030	1030	The center of scaling	अनुमापन का केंद्र	विस्तार का केंद्र
1031	1031	1031	A generic minimal and flat project	जेनेरिक Xlib प्रोजेक्ट	अनुपालन के लिए प्रेरित मूल्य वाला एक सूक्ष्ट्रित प्रकृति
1032	1032	1032	Background Properties	पृष्ठभूमि गुण	"रूपaंदित्त:
Source Sentence:
Source Sentence:
Source Sentence:
Source Sentence:
Source Sentence:
Source Sentence:
Source Sentence:
Source Sentence:
Source Sentence:
Source Sentence:
Source Sentence:
Source Sentence:
Source Sentence:
Source Sentence:
Source Sentence:
Source Sentence:
Source Sentence:
Source Sentence:
Source Sentence:
Source Sentence:
Source Sentence:
Source Sentence:
Source Sentence:
Source Sentence:
Source Sentence:
Source Sentence:
Source Sentence:
Source Sentence:
Source Sentence:
Source Sentence:
Source Sentence:
Source Sentence:
Source Sentence:
Source Sentence:
Source Sentence:
Source Sentence:
Source Sentence:
Source Sentence:
Source Sentence:
Source Sentence:
Source Sentence:
Source Sentence:
Source Sentence:
Source Sentence:
Source Sentence:
Source Sentence:
Source Sentence:
Source Sentence:
Source Sentence:
Source Sentence:
Source Sentence:
Source Sentence:
Source Sentence:
Source Sentence:
Source Sentence:
Source Sentence:
Source Sentence:
Source Sentence:
Source Sentence:
Source Sentence:
Source Sentence:
Source Sentence:
Source Sentence:
Source Sentence:
Source Sentence:
Source Sentence:
Source Sentence:
Source Sentence:
Source Sentence:
Source Sentence:
Source Sentence:
Source Sentence:
Source Sentence:
Source Sentence:
Source Sentence:
Source Sentence:
Source Sentence:
Source Sentence:
Source Sentence:
Source Sentence:
Source Sentence:
Source Sentence:
Source Sentence:"
1033	1033	1033	Starve	तारा	जो भी हो
1034	1034	1034	"And the Book (of Deeds) will be placed (before you); and thou wilt see the sinful in great terror because of what is (recorded) therein; they will say, ""Ah! woe to us! what a Book is this! It leaves out nothing small or great, but takes account thereof!"" They will find all that they did, placed before them: And not one will thy Lord treat with injustice."	"किताब (कर्मपत्रिका) रखी जाएगी तो अपराधियों को देखोंगे कि जो कुछ उसमें होगा उससे डर रहे है और कह रहे है, ""हाय, हमारा दुर्भाग्य! यह कैसी किताब है कि यह न कोई छोटी बात छोड़ती है न बड़ी, बल्कि सभी को इसने अपने अन्दर समाहित कर रखा है।"" जो कुछ उन्होंने किया होगा सब मौजूद पाएँगे। तुम्हारा रब किसी पर ज़ुल्म न करेगा"	अरे, यह अच्छा है! इस बार तो हमें जो बताया गया है, वह ही हमारा वचन है।
1035	1035	1035	Ayomatty:	आयोमैट्टी:	
1036	1036	1036	I wanna see how this dude has you livin'.	मैं चाहता हूं कि इस दोस्त तुम जीने की है कि कैसे देखते हैं.	मैं देखूँगा कि आप लाइफ़ को इस तरह से बदल दिया है।
1037	1037	1037	Even the horoscopes are a perfect match.	यहाँ तक कि कुंडली एक परिपूर्ण मैच रहे हैं।	कोई भी विवरण जोड़ सकता है, हटा सकता है, या बदल सकता है।
1038	1038	1038	I wouldn't know what to do with it if I did.	मुझे नहीं पता है इसके साथ क्या करना है अगर मैंने छूआ.	मैं उसे करने में ज़रूरी तरह से जानता हूँ।
1039	1039	1039	(CRIES OUT)	(रोता)	जिस तरह से कोई संवातता है, उसे (स्नेहात विहित है)
1040	1040	1040	Client Information	क्लाइंट सूचना	क्लाइंट इन्फॉर्मेशन
1041	1041	1041	I've few jobs to complete.	मुझे कुछ काम पूरे करने हैं.	मुझे कुछ जॉब से संभाला है।
1042	1042	1042	Yeah, it was lucky we were still around. Yep.	हाँ, यह हम अभी भी चारों ओर थे भाग्यशाली था.	जी हाँ, हमें अभी भी जीवंत होना शानदार था।
1043	1043	1043	Yeah, that's not how opposites work.	हाँ, विपरीत यूँ काम नहीं करते।	जी हाँ, ऐसा नहीं होता कि opposites काम करते हैं।
1044	1044	1044	Wherever you may be death will overtake you, even if you were in fortified towers.’ If any good befalls them, they say, ‘This is from Allah;’ and when an ill befalls them, they say, ‘This is from you.’ Say, ‘All is from Allah.’ What is the matter with these people that they would not understand any matter?	और वहां रेशा (बाल) बराबर भी तुम लोगों पर जुल्म नहीं किया जाएगा तुम चाहे जहॉ हो मौत तो तुमको ले डालेगी अगरचे तुम कैसे ही मज़बूत पक्के गुम्बदों में जा छुपो और उनको अगर कोई भलाई पहुंचती है तो कहने लगते हैं कि ये ख़ुदा की तरफ़ से है और अगर उनको कोई तकलीफ़ पहुंचती है तो (शरारत से) कहने लगते हैं कि (ऐ रसूल) ये तुम्हारी बदौलत है (ऐ रसूल) तुम कह दो कि सब ख़ुदा की तरफ़ से है पस उन लोगों को क्या हो गया है कि र्कोई बात ही नहीं समझते	जो लोग इस बात पर चर्चा करते हैं, वो समझ नहीं पाते, इस बात पर चर्चा करते हैं?
1045	1045	1045	After this last year I have no affection for the old home	सामान सब निकाल कर बाहर रखो तो.	इस साल मुझे पुराना घर से दूर क्या लिखूँगा
1046	1046	1046	Failed to create item on a server	सर्वर पर मद बनाने में विफल	सर्वर पर इमेल बनाने की कोशिश की गई थी
1047	1047	1047	Note: Underscore in the label name is used as mnemonic identifier in menu.	नोट: इस लेबल नाम में अंडरस्कोर मेन्यू में न्यूमोनिक पहचानकर्ता के रूप में प्रयुक्त है.	"जानकारी:
Note: लेबल नाम में उड़ने के लिए एक शब्द का प्रयोग करते हैं।"
1048	1048	1048	Yes.	हाँ।	जी हाँ।
1049	1049	1049	I made the woman angry.	मैंने उस औरत को गस्सा दिलाया।	दिल देने वाले व्यक्त किया था।
1050	1050	1050	It is a meeting.	यह एक बैठक है.	इस बारे में सुनने योग्य लोगों को आयोजित करना।
1051	1051	1051	Homicide, Lebreton.	हत्या,LEBRETON	हाँ/अन्य.
1052	1052	1052	Please select a plugin to activate	कृपया a प्लगइन को सक्रिय करें	Please एक प्लान लो तो उसे सक्रिय कर
1053	1053	1053	Morocco	मोरक्कोworld. kgm	खराब
1054	1054	1054	Giant I-beam... basket with grapes... pipe bender... a billion boxes.	विशालकाय आई-बीम... अंगूरों की टोकरी... पाइप बेंडर...	गiant i-beam... grapes basket... pipe bender... billion boxes.
1055	1055	1055	Zachariah, John, Jesus, and Elijah, every one of them was righteous,	और ज़करिया व यहया व ईसा व इलियास (सब की हिदायत की (और ये) सब (ख़ुदा के) नेक बन्दों से हैं	जिस तरह से लोग जैसे हैं, वे सभी हकीकत से सही हैं।
1056	1056	1056	And for every nation have We appointed a ritual, that they may mention the name of Allah over the beast of cattle that He hath given them for food; and your god is One God, therefor surrender unto Him. And give good tidings (O Muhammad) to the humble,	और हमने तो हर उम्मत के वास्ते क़ुरबानी का तरीक़ा मुक़र्रर कर दिया है ताकि जो मवेशी चारपाए खुदा ने उन्हें अता किए हैं उन पर (ज़िबाह के वक्त) ख़ुदा का नाम ले ग़रज़ तुम लोगों का माबूद (वही) यकता खुदा है तो उसी के फरमाबरदार बन जाओ	अने और भी ल,
1057	1057	1057	Fear makes men fight better.	डर पुरुषों बेहतर लड़ने बनाता है.	बढ़ावे से लोग लड़तले वाले भी हो सकते हैं।
1058	1058	1058	Alif. Lam. Ra. These are the verses of the illustrious Book.	अलिफ़ लाम रा ये वाज़ेए व रौशन किताब की आयतें है	अलीफ़। लाम्। रा इनी दिल्ली के ग्रंथ हैं।
1059	1059	1059	And were the truth to follow their desires there would have been corrupted the heavens and the earth and whatsoever is therein. Aye! We have come to them with their admonition; so it is from their admonition that they turn away.	और अगर कहीं हक़ उनकी नफसियानी ख्वाहिश की पैरवी करता है तो सारे आसमान व ज़मीन और जो लोग उनमें हैं (सबके सब) बरबाद हो जाते बल्कि हम तो उन्हीं के तज़किरे (जिबरील के वास्ते से) उनके पास लेकर आए तो यह लोग अपने ही तज़किरे से मुँह मोड़तें हैं	यह बताया जाए, कि उनकी इच्छाओं के अनुसार उन्हें अपना स्थान नहीं रहा सकता हो क्या तो ये बातें सब्ज़िक्ट हैं।
1060	1060	1060	Yacc/Bison flags:	Yacc /बाइसन फ्लैग्स:	यैक/Bिसन flags:
1061	1061	1061	My father was working in the Held.	मेरे पिता ने खेत में काम कर रहा था.	मेरे पिताजी होल्डिंग में काम कर रहे थे।
1062	1062	1062	Those who attacked us are relentless and crazy.	जिन्होंने हम पर हमला किया था वे कठोर और बावले हैं।	ऐसे व्यक्तियों ने हमसे हत्त्वपूर्ण और हानिकारक व्यवहार किया है
1063	1063	1063	Default folder to use for the '--add' and '--extract' commands	--add और --extract कमान्ड में उपयोग हेतु डिफ़ॉल्ट फ़ोल्डर	--add
1064	1064	1064	terminal operations	टर्मिनल संचालन	कृपया सह, कृपया हटा, कृपया याद करें और निर्माते से बातों में साहसा दिखाएँ।
1065	1065	1065	TREVOR:	ट्रेवर:	स्टीफन:
1066	1066	1066	Port:	पोर्टः	हाँ:
1067	1067	1067	He never takes into account the fact that I am very busy.	वह कभी भी इस बात का खयाल नहीं करता है कि मैं कितना व्यस्थ हूँ।	इस बारे में भी वह ध्यान नहीं देता कि मैं बहुत समय से बैठे हूँ.
1068	1068	1068	Cannot create new folder '%s'	नया फ़ोल्डर `%s' नहीं बना सकता है	इसे new folder '%s' बनाने संबंधी '%s' निर्देश '%s'
1069	1069	1069	That's a different category.	यह अलग श्रेणी है.	जो भी हो सकता है,
1070	1070	1070	Bulla, who knows who I am!	बुल्ला, कौन जाने मैं कौन!	बहु, जो जानती हूँ कि मैं कौन हूँ!
1071	1071	1071	This is because they say: 'The fire of Hell shall not touch us except for a limited number of days.' The false beliefs which they have forged have deluded them in their faith.	"यह इसलिए कि वे कहते, ""आग हमें नहीं छू सकती। हाँ, कुछ गिने-चुने दिनों (के कष्टों) की बात और है।"" उनकी मनघड़ंत बातों ने, जो वे घड़ते रहे हैं, उन्हें धोखे में डाल रखा है"	यह इसलिए है क्योंकि वे कहें: 'हमhell कीfire के बाहर से हमारे पास की सीमा ज़रूरी है'। वे लोगों को ऐसी बातों के बारे में सोचने के लिए भी तो देना चाहूँ जा कर |
1072	1072	1072	- Please, somebody!	कृपया, किसी को!	- प्लीज़, कोई!
1073	1073	1073	New Game	नया खेल score-dialog	नई गेम
1074	1074	1074	O you who have faith! Indeed many of the scribes and monks wrongfully eat up the people’s wealth, and bar [them] from the way of Allah. Those who treasure up gold and silver, and do not spend it in the way of Allah, inform them of a painful punishment	ऐ ईमानदारों इसमें उसमें शक़ नहीं कि (यहूद व नसारा के) बहुतेरे आलिम ज़ाहिद लोगों के माल (नाहक़) चख जाते है और (लोगों को) ख़ुदा की राह से रोकते हैं और जो लोग सोना और चाँदी जमा करते जाते हैं और उसको ख़ुदा की राह में खर्च नहीं करते तो (ऐ रसूल) उन को दर्दनाक अज़ाब की ख़ुशखबरी सुना दो	"अस्पष्ट जानकारी:
यह स्पष्ट नहीं है कि जिस व्यक्ति को इस तरह का निर्देश दिया जा सकता है, यह भी नहीं है कि।"
1075	1075	1075	- Yes.	-हाँ।	जी हाँ।
1076	1076	1076	Ah.	आह.	अह।
1077	1077	1077	I told her to come to Sanjeevaiah Park.	मैने उसे संजीवियाह पार्क आने को कहा था.	मैंने उनसे कहा कि वे सांजीवनी ऐह के पार्क में आ करें।
1078	1078	1078	Listen, I wanna tell you something.	सुनो, मैं तुम्हें कुछ बताना चाहता हूँ.	सुनो, मैं तुम्हेंुछ बातें बताना चाहता हूँ।
1079	1079	1079	we wanted you to learn what it meant to be a human first.	हम तुम क्या सीखना चाहता था यह एक मानव पहले होने का मतलब.	हम चाहते हैं कि आप समझ सकें कि मानव जाति से जुड़ने ये क्या हो सकता है।
1080	1080	1080	(STARTS ENG I N E)	(शुरू होता है इंग्लैंड INE)	
1081	1081	1081	They disbelieve those who say, “God is the Messiah the son of Mary.” But the Messiah himself said, “O Children of Israel, worship God, my Lord and your Lord. Whoever associates others with God, God has forbidden him Paradise, and his dwelling is the Fire. The wrongdoers have no saviors.”	जो लोग उसके क़ायल हैं कि मरियम के बेटे ईसा मसीह ख़ुदा हैं वह सब काफ़िर हैं हालॉकि मसीह ने ख़ुद यूं कह दिया था कि ऐ बनी इसराईल सिर्फ उसी ख़ुदा की इबादत करो जो हमारा और तुम्हारा पालने वाला है क्योंकि (याद रखो) जिसने ख़ुदा का शरीक बनाया उस पर ख़ुदा ने बेहिश्त को हराम कर दिया है और उसका ठिकाना जहन्नुम है और ज़ालिमों का कोई मददगार नहीं	इससे पहले कि मैं कुछ भी पढ़ सकती थी, उस समय मुझे ऐसा ज्ञान नहीं थूटा कि मैं कुछ भी नहीं पढ़ सकती थी, और मुझे ऐसा ज्ञान नहीं थूटा कि मैं कुछ भी नहीं पढ़ सकती थी।
1082	1082	1082	"and say, ""All praise is due to God who has never begotten a son and who has no partner in His kingdom; nor does anyone aid Him because of any weakness of His. Proclaim His greatness."""	"और कहो, ""प्रशंसा अल्लाह के लिए है, जिसने न तो अपना कोई बेटा बनाया और न बादशाही में उसका कोई सहभागी है और न ऐसा ही है कि वह दीन-हीन हो जिसके कारण बचाव के लिए उसका कोई सहायक मित्र हो।"" और बड़ाई बयान करो उसकी, पूर्ण बड़ाई"	"इससे पहले कहा गया कि और कहा, ""और सभी को जो प्रगति करता है, उसे भी प्रगति करना चाहिए."""
1083	1083	1083	iCalendar information	आईकैलेंडर सूचना	कोई भी
1084	1084	1084	I didn't think she'd make it.	मुझे नहीं लगा था कि वह इसे सह पायेगी.	जिस तरह से आप ने नहीं कहा, वह है कि आप ने नहीं कहा।
1085	1085	1085	Your Lord is All-forgiving and All-merciful. Had He wanted to punish them for their sins, He would have been prompt to torment them. For their punishment there is an appointed time, after which there will be no way for them to escape.	तुम्हारा रब अत्यन्त क्षमाशील और दयावान है। यदि वह उन्हें उसपर पकड़ता जो कुछ कि उन्होंने कमाया है तो उनपर शीघ्र ही यातना ला देता। नहीं, बल्कि उनके लिए तो वादे का एक समय निशिचत है। उससे हटकर वे बच निकलने का कोई मार्ग न पाएँगे	अपने आपमें All-forgiving और All-merciful का संदेश है। उनसे जो छोटी-स्ट्रीट के हैं वे अपने जीवन के लिए ऐसा सुरक्षा भेंट भी हो सकते हैं।
1086	1086	1086	I'll write like chalk...	I'll write like chalk...	बिलकए लिखो...
1087	1087	1087	Description	स्थिति	"रूपांतर:
परिभाषा"
1088	1088	1088	Or say they (again): He hath invented it? Say: If I have invented it, upon me be my crimes, but I am innocent of (all) that ye commit.	(ऐ रसूल) क्या (कुफ्फ़ारे मक्का भी) कहते हैं कि क़ुरान को उस (तुम) ने गढ़ लिया है तुम कह दो कि अगर मैने उसको गढ़ा है तो मेरे गुनाह का वबाल मुझ पर होगा और तुम लोग जो (गुनाह करके) मुजरिम होते हो उससे मै बरीउल ज़िम्मा (अलग) हूँ	"इसे कहानी भी कह सकते:
अगर वो फिर से कहा हो? कहा हो अगर मैंने invented-thing को कहा? पर मैंने invented-thing को क्राइम्स पर लगा दिए? लेकिन मैंने Innocent Of फिर से कहा? (सभी) को करने के लिए कहा"
1089	1089	1089	They say: Our Lord! Twice hast Thou made us die, and twice hast Thou made us live. Now we confess our sins. Is there any way to go out?	वह लोग कहेंगे कि ऐ हमारे परवरदिगार तू हमको दो बार मार चुका और दो बार ज़िन्दा कर चुका तो अब हम अपने गुनाहों का एक़रार करते हैं तो क्या (यहाँ से) निकलने की भी कोई सबील है	स्पष्टः: दोहरा कर तुमने हमें जीवितायित्व प्रदान किया और इस बारे में हमें शिक्स हुई। अब हमें पारितीय सुख दिया गया और इस बारे में हमें शिक्स हुई।
1090	1090	1090	Add [+]	जोड़ें [+]	जिस तरह से कोई निर्देश या जानकारी देने की बात की जाती है, उसी तरह से उसे जो भी है, उसे जो भी है, उसे जो भी है, उसे जो भी है, उसे जो भी है, उसे जो भी है, उसे जो भी है, उसे जो भी है, उसे जो भी है, उसे जो भी है, उसे जो भी है, उसे जो भी है, उसे जो भी है, उसे जो भी है, उसे जो भी है, उसे जो भी है, उसे जो भी है, उसे जो भी है, उसे जो भी है, उसे जो भी है, उसे जो भी है, उसे जो भी है, उसे जो भी है, उसे जो भी है, उसे जो भी है, उसे जो भी है, उसे जो भी है, उसे जो
1091	1091	1091	Sending little notes like this with pictures, and threats and fucked-up shit.	चित्रों के साथ, और खतरों और गड़बड़ हुआ गंदगी इस तरह छोटे नोटों भेजा जा रहा है.	सब कुछ लिख कर pictures, threats और fucked-up shit से लेते हैं।
1092	1092	1092	You know I know that he would look just like you and I couldn't wish for anything more.	आप मुझे वह आप की तरह लग रहे थे कि पता और मैं ज्यादा कुछ के लिए इच्छा नहीं कर सकता.	आप जानते हैं कि मैं जानता हूँ कि वे वैस-जैसे ही जाते हैं।
1093	1093	1093	Failed to retrieve messages.	संदेश पुनर्प्राप्त करने में असमर्थ	दिए नहीं पाते कि ई-मैसेज कर सकते हैं।
1094	1094	1094	_Picture Gallery	तस्वीर दीर्घा (_P)	पिक्चर गैलरी
1095	1095	1095	It feels ridiculous to begin with, but when meetings are working, it's very effective.	शुरुआत में बड़ा अजीब लगता है, लेकिन जब मीटिंग्स आरम्भ हो जाती हैं, तो यह काफ़ी अच्छा है.	इसे असली दिखाने के लिए कोई भी कार्य करना जाता जो काम के कार्य की तैयारी की प्रक्रिया को सुनते हुए बहुत ही प्रभावशाली होता है।
1096	1096	1096	Do you not see that Allah has made what is in the heavens and what is in the earth subservient to you, and made complete to you His favors outwardly and inwardly? And among men is he who disputes in respect of Allah though having no knowledge nor guidance, nor a book giving light.	क्या तुमने देखा नहीं कि अल्लाह ने, जो कुछ आकाशों में और जो कुछ धरती में है, सबको तुम्हारे काम में लगा रखा है और उसने तुमपर अपनी प्रकट और अप्रकट अनुकम्पाएँ पूर्ण कर दी है? इसपर भी कुछ लोग ऐसे है जो अल्लाह के विषय में बिना किसी ज्ञान, बिना किसी मार्गदर्शन और बिना किसी प्रकाशमान किताब के झगड़ते है	अपने निर्देश के अनुसार, इस बात को स्पष्ट करना योग्य है कि Allah के सेवक विषयात्मकता से विषयात्मकता रखते हैं और Allah के सेवक विषयात्मकता से विषयात्मकता रखते हैं और Allah के सेवक विषयात्मकता से विषयात्मकता रखते हैं।
1097	1097	1097	Cannot add group	जोड़ें समूह	अदिति ग्रुप नहीं बन सकत
1098	1098	1098	My final class, because from now on... your training will be in the hands of the Dragon Warrior.	मेरी अंतिम कक्षा क्योंकि अब से... तुम्हारे प्रशिक्षण का काम ड्रैगन योद्धा के सुपुर्द है।	सबसे आखिरी क्लास हो गई है क्योंकि ... आपका प्रशिक्षण अब ड्रैगन वारर के हाथ में होगा।
1099	1099	1099	Kate Session Applet	केएटीई सत्र मेन्यूComment	केट सीज़न ऐप्ट
1100	1100	1100	Additional Vala compiler flags for this target.	अतिरिक्त वाला फ्लैग्स के लिए यह लक्ष्य.	इस टार्गेट के लिए कौन-से फ़्लैग क्यू पी यू को देने वाले कोअडी पी यू को स्टोरेज यू को इंटरवेली यू को डिलज़ई यू को
1101	1101	1101	Activate	सक्रिय करें	कॉन्फ़िर्मेशन
1102	1102	1102	Delete	मिटाएं	कोई भी विवरण हटा दें
1103	1103	1103	How excellent it would be, if they were pleased with what Allah and His Noble Messenger had given them and said, “Allah suffices us; Allah will now give us by His munificence, and (so will) Allah’s Noble Messenger – and towards Allah only are we inclined.”	"यदि अल्लाह और उसके रसूल ने जो कुछ उन्हें दिया था, उसपर वे राज़ी रहते औऱ कहते कि ""हमारे लिए अल्लाह काफ़ी है। अल्लाह हमें जल्द ही अपने अनुग्रह से देगा और उसका रसूल भी। हम तो अल्लाह ही की ओऱ उन्मुख है।"" (तो यह उनके लिए अच्छा होता)"	"यह विशेष रूप से कहा जाना चाहिए कि,""अल्लाह सुविधि प्रदान करेगा, अल्लाह सुनने वाला नहीं होगा, अल्लाह ने अपना मुनाफा देने वाला नहीं होगा।"
1104	1104	1104	We will extend the exemption bersyaratmu eight months.	हम छूट Bersyaratmu आठ महीने का विस्तार होगा.	हम आपसे जानकारी देने से पहले 8 महीने तक नियंत्रण में होंगे।
1105	1105	1105	"They said, ""Lot, if you do not give up preaching, you will certainly be expelled (from this town)""."	"उन्होंने कहा, ""यदि तू बाज़ न आया, ऐ लतू! तो तू अवश्य ही निकाल बाहर किया जाएगा।"""	यह कहा, “लोट, अगर आप धारणा से आगे नहीं बढ़ते हैं, तो आप इस शहर से भी निकलने नहीं रह सकते।”
1106	1106	1106	_Add Bookmark…	पुस्तचिह्न जोड़ें... (_A)	"बुकबुक से डॉक्टरअधिक्रित:
कृपया नोट, निकाल, या किसी जानकारी को जाँच लिया जाना, या किसी जानकारी को जाँच दिया जाना निर्धारित है कि किसी जानकारी को जाँच दिया जाना, या किसी जानकारी को जाँच दिया जाना निर्धारित है कि किसी जानकारी के बारे में कुछ भी कह दिया ज सक सके, तो दिया ज सक सक"
1107	1107	1107	Ken wanted a piano as a kid.	केन बचपन में एक पियानो चाहता था.	केन को कक्षा वाला एक पianा देना चाहिए.
1108	1108	1108	Lay_out	ख़ाका (_o)	transcribe
1109	1109	1109	Thanks, for the bachelor party, I guess?	धन्यवाद, स्नातक पार्टी के लिए, मुझे लगता है?	धन्यवाद, बेटल पार्टी के लिए, हाँ?
1110	1110	1110	Python support warning	पायथन समर्थन चेतावनी	
1111	1111	1111	- You will receive no more.	- आप कुछ भी प्राप्त होगा.	इस प्रकार आपसे ज़्यादातर नहीं रहेंगी.
1112	1112	1112	Error subscribing to folder	सदस्यता लिए हुए फ़ोल्डरों में त्रुटि	स्टोर करने के लिए अप्सॉर्ब करना
1113	1113	1113	Where is he?	वह कहाँ है?	जो कि है?
1114	1114	1114	Start the prayers, Guru!	पूजा शुरु करो, गुरु!	प्रार्थना शुरू करो, गुरु!
1115	1115	1115	Edit Custom Messages…	पसंदीदा संदेश संपादित करें...	बिलके बिलके...
1116	1116	1116	There was no space in the interview for any understanding of the fact that you've been living somewhere.	इंटरव्यू के दौरन इस बात को समझने की कहीं कोई गुंजाइश नहीं थी कि आप किसी जगह पर बसे हुए थे.	इंटरीव्यू में कोई समझने के जगह नहीं थकken.
1117	1117	1117	We have to find that old man!	उस बूढ़े आदमी को हमें खोजना है!	असफल हो जाने पर ऐसा व्यक्त करना
1118	1118	1118	Is he who founded his building upon duty to Allah and His good pleasure better; or he who founded his building on the brink of a crumbling, overhanging precipice so that it toppled with him into the fire of hell? Allah guideth not wrongdoing folk.	फिर क्या वह अच्छा है जिसने अपने भवन की आधारशिला अल्लाह के भय और उसकी ख़ुशी पर रखी है या वह, जिसने अपने भवन की आधारशिला किसी खाई के खोखले कगार पर रखी, जो गिरने को है। फिर वह उसे लेकर जहन्नम की आग में जा गिरा? अल्लाह तो अत्याचारी लोगों को सीधा मार्ग नहीं दिखाता	यह व्यक्ति जो अपनी इमारत को Allah की निवेश की रचना के हिस्से के बनतला हो सकता है चूँन्हें जो धन और प्रभुत्व की रचना के हिस्से को अपने पापड़ों के तौर पर लेने से पहले अनुचित और भ्रष्ट भावदृष्टि से समझ लेता है।
1119	1119	1119	(SIGHS) Tell you what.	(आह) आपको क्या करे.	सिगह्स से जानकारी बताएँगे।
1120	1120	1120	[PA announcement in native language]	[स्थानीय भाषा में पी. ए. घोषणा]	कोई भी प्रावधान से शिष्ट किया जा सकता है, हटा कर भी नहीं लिया जा सकता है।
1121	1121	1121	Microsoft Global Catalog over SSL	SSL पर माइक्रोसॉफ्ट वैश्विक कैटालॉग	सबसे बड़ी कक्षा SSL
1122	1122	1122	Total time taken: %lu secs	कुल समय नहीं	सटीकता, प्रभावशीलता, औरOriginal में स्पष्ट रूप से बदलने के लिए कोई कार्य, हटाएँ, या बदलने वाले कोई कार्य से सटीकता, प्रभावशीलता, औरOriginal में स्पष्ट रूप से बदलने के लिए कोई कार्य करने, हटाएँ, और बदलने वाले के कार्य से सटीकता, प्रभावशीलता, औरOriginal में स्पष्ट रूप से बदलने के लिए कोई कार्य करने, हटाएँ, और बदलने वाले के कार्य से सटीकता, प्रभावशीलता, औरOriginal में स्पष्ट रूप से बदलने के लिए कोई कार्य करने, हटाएँ, और बदलने वाले के कार्य से सटीकता, प्रभावशीलता, औरOriginal में स्पष्ट रूप से बदलने के लिए कोई कार्य करन
1123	1123	1123	Why is that Alan?	ऐसा क्यों?	राजा से क्या है अलान?
1124	1124	1124	This is no longer a sound strategy.	यह अब एक ठोस रणनीति है.	यह एक बीतने वाले ध्वान की कहाई है।
1125	1125	1125	Start	प्रारंभ	शुरुआत
1126	1126	1126	The Hollow is no different.	खोखले अलग नहीं है।	द्विधर होने का कोई अंतर नहीं है।
1127	1127	1127	We've got four D-Locks.	हमारे पास चार डी-लॉक्स हैं.	सही डी-लॉक्स हैं।
1128	1128	1128	So do not strike any similitudes to Allah. Allah knows whereas you do not know.	अतः अल्लाह के लिए मिसालें न घड़ो। जानता अल्लाह है, तुम नहीं जानते	यह निर्देश है कि आप मूल्यांधुर्या से जाते हैं और इसे बनाए रखने के लिए Allah की बातों को भी समझ सकते हैं।
1129	1129	1129	Merge an individual commit from another branch	मिलाएं से	दो शाखाओं से एक-एक व्यक्ति को मिलाकर भीढ़ी-तो व्यक्ति को मिलाकर भीढ़-तो व्यक्ति को मिलाकर विवेकयुक्त रूप से कहा जा सकता है।
1130	1130	1130	Viper and Tigress, do, like, a Totem Pole Poison Technique!	वाइपर और टाइग्रेस, टोटम स्तंभ विष तकनीक जैसे करो!	विपरीत और टिग्रेस, यह, लिखते हैं, टोटेम पोल सिक्रिया तकनीक का संबोधन करते हैं!
1131	1131	1131	Kontact	कॉन्टेक्ट	संपर्क
1132	1132	1132	Zero heat.	शून्य गर्मी.	कोई गर्मी नहीं।
1133	1133	1133	They shall be in a Garden lofty:	उच्च जन्नत में,	जैसा होगा वे ग्रैंड में ऊँटे की ग्रैंड में सुपरी की ग्रैंड में कोई ग्रैंड है
1134	1134	1134	Open	खोलें	आओ
1135	1135	1135	God is not ashamed to strike a similitude even of a gnat, or aught above it. As for the believers, they know it is the truth from their Lord; but as for unbelievers, they say, 'What did God desire by this for a similitude?' Thereby He leads many astray, and thereby He guides many; and thereby He leads none astray save the ungodly	"निस्संदेह अल्लाह नहीं शरमाता कि वह कोई मिसाल पेश करे चाहे वह हो मच्छर की, बल्कि उससे भी बढ़कर किसी तुच्छ चीज़ की। फिर जो ईमान लाए है वे तो जानते है कि वह उनके रब की ओर से सत्य हैं; रहे इनकार करनेवाले तो वे कहते है, ""इस मिसाल से अल्लाह का अभिप्राय क्या है?"" इससे वह बहुतों को भटकने देता है और बहुतों को सीधा मार्ग दिखा देता है, मगर इससे वह केवल अवज्ञाकारियों ही को भटकने देता है"	यह कहो कि जो भगवान की सामान्य्यता से ज्यादा ज्यादा सुसज्जित होता है, वो भी जो भगवान की स्वतंत्रता से ज्यादा ज्यादा सुसज्जित होता है,
1136	1136	1136	- HE DOESN'T USE ONE.	- वह एक का उपयोग नहीं करता.	- ज़्यादा सुरक्षित रूप से इस जानकारी को प्राप्त किया जा सकता है.
1137	1137	1137	[Captain] Mask up.	[कप्तान] ऊपर मुखौटा.	[चाप्ट्र] सावधान करें।
1138	1138	1138	And I will always stay	औरमैंकरूँगाहमेशारहना	और मैं हमेशा
1139	1139	1139	If you ask again, I'll say yes.	आप फिर से पूछो, मैं हाँ कह देंगे।	यह पूछिए और नहीं, I'll say yes.
1140	1140	1140	You promised to handover the kingdom the princess.	तुमने वचन दिया था कि ये साम्राज्य और राजकुमारी तुम मुझे सौप दोगे.	आपको राज्य को महिला के हाथ सौंपा रहे।
1141	1141	1141	Indeed the requital of those who wage war against Allah and His Apostle, and try to cause corruption on the earth, is that they shall be slain or crucified, or shall have their hands and feet cut off from opposite sides, or be banished from the land. That is a disgrace for them in this world, and in the Hereafter, there is a great punishment for them,	जो लोग ख़ुदा और उसके रसूल से लड़ते भिड़ते हैं (और एहकाम को नहीं मानते) और फ़साद फैलाने की ग़रज़ से मुल्को (मुल्को) दौड़ते फिरते हैं उनकी सज़ा बस यही है कि (चुन चुनकर) या तो मार डाले जाएं या उन्हें सूली दे दी जाए या उनके हाथ पॉव हेर फेर कर एक तरफ़ का हाथ दूसरी तरफ़ का पॉव काट डाले जाएं या उन्हें (अपने वतन की) सरज़मीन से शहर बदर कर दिया जाए यह रूसवाई तो उनकी दुनिया में हुई और फिर आख़ेरत में तो उनके लिए बहुत बड़ा अज़ाब ही है	यह कहना आसान है कि जो भी लोग war और Allah के Apostle के काम से जुड़े होते हैं, उन्हें अपने जीवन में हानि हो जाती है।
1142	1142	1142	The girl looked around.	उस लड़की ने पीछे मुड़कर देखा।	वह देख.
1143	1143	1143	It is my responsibility to send you back home safe and sound	यह मेरी जिम्मेदारी है आप वापस घर सही सलामत भेजने के लिए	अमेरिका से आपको सुरक्षित और सुरक्षित रूप से वापस लिया जा सकता ह
1144	1144	1144	To Him is your return. This is Allah's promise that will certainly come true. Surely it is He Who brings about the creation of all and He will repeat it so that He may justly reward those who believe and do righteous deeds; and that those who disbelieve may have a draught of boiling water and suffer a painful chastisement for their denying the truth.	तुम सबको (आख़िर) उसी की तरफ लौटना है ख़ुदा का वायदा सच्चा है वही यक़ीनन मख़लूक को पहली मरतबा पैदा करता है फिर (मरने के बाद) वही दुबारा जिन्दा करेगा ताकि जिन लोगों ने ईमान कुबूल किया और अच्छे अच्छे काम किए उनको इन्साफ के साथ जज़ाए (ख़ैर) अता फरमाएगा और जिन लोगों ने कुफ्र एख्तियार किया उन के लिए उनके कुफ्र की सज़ा में पीने को खौलता हुआ पानी और दर्दनाक अज़ाब होगा	अपने वादे के अनुसार
1145	1145	1145	Welcome, James.	स्वागत है, जेम्स।	जेम्स, वेलकम।
1146	1146	1146	In it We prescribed for them: a life for a life, an eye for an eye, a nose for a nose, and an ear for an ear, a tooth for a tooth, and retaliation for wounds. Yet whoever remits it out of charity, that shall be an atonement for him. Those who do not judge by what Allah has sent down—it is they who are the wrongdoers.	और हम ने तौरेत में यहूदियों पर यह हुक्म फर्ज क़र दिया था कि जान के बदले जान और ऑख के बदले ऑख और नाक के बदले नाक और कान के बदले कान और दॉत के बदले दॉत और जख्म के बदले (वैसा ही) बराबर का बदला (जख्म) है फिर जो (मज़लूम ज़ालिम की) ख़ता माफ़ कर दे तो ये उसके गुनाहों का कफ्फ़ारा हो जाएगा और जो शख्स ख़ुदा की नाज़िल की हुई (किताब) के मुवाफ़िक़ हुक्म न दे तो ऐसे ही लोग ज़ालिम हैं	इस प्रक्त्ति से निवर्तन - जो Allah से हो सकता है - को एक प्रकार से समझाने के लिए आवश्यक है कि वही जो धर्म से हो सकता है, वास्तव में गलत हो सकता है।
1147	1147	1147	We would have to drug a thousand people without their consent?	हम उनकी सहमति के बिना दवा के एक हजार लोग करना होगा?	नहीं, हम उनसे ड्रगेडुलेंट कर सकते नहीं रह सकते:
1148	1148	1148	Mr. President, sir?	अध्यक्ष महोदय, श्रीमान?	सर, सर?
1149	1149	1149	And my wife, Deborah See everything that happens.	और मेरी पत्नी, दबोरा... ... क्या होता है देखो.	"और अपनी पत्नी, डेबोराहैं कुछ होता जाता |
|"
1150	1150	1150	No, Judith, Judith, talk to me.	नहीं, जूडिथ, जूडिथ, मुझसे बात करो.	No, जुडिथ, जुडिथ, मुझको बोलें।
1151	1151	1151	Listen to what I have in mind.	मेरे मन में क्या है, सुनो.	सुनो मेरे दिमाग की सोच।
1152	1152	1152	All Battle Groups, deploy drones.	सभी लड़ाई समूह, ड्रोन की तैनाती.	दृढ़ सेना के समूह, ड्रोन का प्रक्षैलमा।
1153	1153	1153	Let you choose your new project	आपको नई परियोजना चुनने की छूट देता है	अपने नया प्रोजेक्ट चुन
1154	1154	1154	Nay! When the earth is pounded to powder,	सुन रखो कि जब ज़मीन कूट कूट कर रेज़ा रेज़ा कर दी जाएगी	नहीं! जब पृथ्वी को पट्टी से पट्टी कर देगा
1155	1155	1155	All information in this memo will be deleted and can not be restored.	इस यथारूप प्रविष्टि की सभी सूचनाएँ मिट दी जाएँगी और फिर सहेजी नहीं जा सकेगी.	इस मेमो के सभी जानकारी हट कर दी गई है और इसे वापस नहीं किया जा सकता है।
1156	1156	1156	Our house is cursed.	हमारा घर शापित है.	हमारे घर में अशुद्दगुणों के कारण यह परिवेशी भी है।
1157	1157	1157	/ Yes, I'm Doug.	/ हाँ, मैं हूँ डौग.	जिस तरह से आप नहीं भी बता सकते
1158	1158	1158	Cyrillic (_KOI8-R)	साइरिलिक (_KOI8-R)	
1159	1159	1159	Those who take disbelievers for Auliya' (protectors or helpers or friends) instead of believers, do they seek honour, power and glory with them? Verily, then to Allah belongs all honour, power and glory.	जो ईमानवालों को छोड़कर इनकार करनेवालों को अपना मित्र बनाते है। क्या उन्हें उनके पास प्रतिष्ठा की तलाश है? प्रतिष्ठा तो सारी की सारी अल्लाह ही के लिए है	यह जानने के लिए कि लोग विश्वास रखने वाले क्यों और कब हो सकते हैं वे भी हो सकते हैं लेकिन उन्हें नहीं दे सकते (रक्षा नहीं दे सकते भी) Honour, power and glory लेकर वे कौन हो सकते हैं?
1160	1160	1160	L laid with him that night in the wind, as sure as any mortal man.	मैं किसी भी नश्वर आदमी के रूप में यकीन रूप , हवा में उस रात उसके साथ रखी.	अर्थात: वायु के साथ उस रात में उन्होंने विशेष रूप से जो लोगी मात्रा से वो, सुनने के प्रति से वो, सावधानी से वो हो सकते हैं।
1161	1161	1161	translator-credits	राजेश रंजन (rranjan@redhat.com, rajeshkajha@yahoo.com) चंदन कुमार (chandankumar.093047@gmail.com)	जिस प्रक्रिया या प्रयोग के प्रतिक्रिया के समय से पहले किसी व्यक्ति से प्रतिक्रिया या प्रयोग के प्रतिक्रिया के समय से पहले किसी व्यक्ति से प्रतिक्रिया या प्रयोग के प्रतिक्रिया के समय से पहले किसी व्यक्ति से प्रतिक्रिया या प्रयोग के प्रतिक्रिया के समय से पहले किसी व्यक्ति से प्रतिक्रिया या प्रयोग के प्रतिक्रिया के समय से पहले किसी व्यक्ति से प्रतिक्रिया या प्रयोग के प्रतिक्रिया के समय से पहले किसी व्यक्ति से प्रतिक्रिया या प्रयोग के प्रतिक्रिया के समय से पहले किसी व्यक्ति से प्रतिक्रिया या प्रय
1162	1162	1162	Move ~a onto the queen of clubs.	~a को चिड़ी की बेगम पर घुमाएँ.	बार स्ट्रीट की क्लास को रॉयल पिन की है |
1163	1163	1163	Like he was two different people.	की तरह वह दो अलग अलग लोगों को था.	यह उसे दो अलग लोगों को भी हो सकता है।
1164	1164	1164	- Men and women.	- पुरुष और महिलाएँ.	- पुरुष और महिलाएँ।
1165	1165	1165	I had to work for mine.	मैं मेरे लिए काम किया था.	मेरे द्वारा काम करना पड़ा था।
1166	1166	1166	(After having revealed the Quran to you) in all truth and justice, your Lord's Word has been completed. No one can change His Words. He is All-hearing and All-knowing.	तो तुम (कहीं) शक़ करने वालों से न हो जाना और सच्चाई और इन्साफ में तो तुम्हारे परवरदिगार की बात पूरी हो गई कोई उसकी बातों का बदलने वाला नहीं और वही बड़ा सुनने वाला वाक़िफकार है	इससे पहले के भावानुसार, अपने राज्य को स्वीकार करते हुए, निषिद्ध किया गया |
1167	1167	1167	So it won't be strong enough to kill her.	तो यह काफी मजबूत उसे मारने के लिए नहीं होगा।	"यह स्ट्रेंडिंग रूप से मार्गर नहीं होगी कि यदि वे किसी बीमारी या चिंता को देखते जोड़ सकते कि तो पूरा सुरक्षित हो सकता है।

इस प्रक्त में जो भी हो सकता है, वो हो सकता है तो पूरा हो सकता है पूरी तरह से हो सकता है।

इस प्रक्त में जो भी हो सकता है, वो हो सकता है तो पूरा हो सकता है पूरी तरह से हो सकता है।

इस प्रक्त में जो भी हो सकता है, वो हो सकता है तो पूरा हो सकता है पूरी तरह से हो सकता है।"
1168	1168	1168	Unfortunate people?	दुर्भाग्यपूर्ण लोग?	ज़रूरी लोग?
1169	1169	1169	Where is your son Tatsuhei?	आपका पुत्र 'तातसुहेइ' कहाँ है?	पूछिएस your son Tatsuhei?
1170	1170	1170	- Mother, please stop it.	-माँ,अब बस करो	- माँ, यहाँ से रुक लें।
1171	1171	1171	But then he says...	लेकिन तभी वह...	लेकिन फिर वे कहते हैं...
1172	1172	1172	I'm going away from you.	मैं जा रहा हूँ यहाँ से।	मैं छुट्टी देकर आप तक नहीं जाता
1173	1173	1173	Maximum length of the text inside the actor	कर्ता के अंदर पाठ के अधिकतम लंबाई	Maximum length of the text inside the actor
1174	1174	1174	Should brasero replace symbolic links by their target files in the project. Set to true, brasero will replace symbolic links.	क्या ब्रैसेरो को परियोजना में लक्षित फाइलों के द्वारा सांकेतिक कड़ी से बदला जाना चाहिए. सही पर सेट करें, ब्रैसेरो सांकेतिक कड़ी को बदलेगा.	क्रियाकर्ता को उनके लक्ष्य फाइलों के डेटा के लिए संकेतक बनाता जाना चाहे तो तो है कि डेटा के लिए संकेतक बनाया ज सकेगा
1175	1175	1175	Their meat will not reach Allah, nor will their blood, but what reaches Him is piety from you. Thus have We subjected them to you that you may glorify Allah for that [to] which He has guided you; and give good tidings to the doers of good.	न उनके माँस अल्लाह को पहुँचते है और न उनके रक्त। किन्तु उसे तुम्हारा तक़वा (धर्मपरायणता) पहुँचता है। इस प्रकार उसने उन्हें तुम्हारे लिए वशीभूत किया है, ताकि तुम अल्लाह की बड़ाई बयान करो, इसपर कि उसने तुम्हारा मार्गदर्शन किया और सुकर्मियों को शुभ सूचना दे दो	यह साक्ष्य स्वरूप है और इसे सही मानसिक प्रभाव से रचनीय नहीं किया गया है।
1176	1176	1176	Then they brought me with them, too.	फिर वे मुझे भी साथ लाते।	कल उन्होंने मैं भी साथ ले आई थी.
1177	1177	1177	I'm still your king.	मैं अभी भी अपने राजा हूँ.	मैं अभी भी आपका राजा हूँ।
1178	1178	1178	Example: username	उदाहरण: उपयोक्तानाम	जो भी हो सकता है, उसे बदलना या रोकना नहीं देना देना
1179	1179	1179	"""Let the crazy world say..."	"""पागल दुनिया हम कहते हैं ..."	दिलचल दुनिया का कहा...
1180	1180	1180	Target properties	लक्ष्य गुण	बिंद
1181	1181	1181	We took direct action.	हमनें सीधी कार्यवाही की.	हम directly किया था।
1182	1182	1182	I am sure that we will be very happy here.	मुझे विश्वास है कि हम यहाँ अत्यंत प्रसन्न रहेंगे।	मैं सुनता हूँ कि यहाँ हमें बहुत ज़्यादा खुशी मिलेगी।
1183	1183	1183	& Delete	मिटाएँ (D)	"इससे पहले किए जाने वाले कुछ हैं:
1. & Store"
1184	1184	1184	- Any other injuries?	- कोई अन्य चोट?	जानकारी सुरक्षित रखी गई रही.
1185	1185	1185	That you blew a guy.	क्या आप अपने चेहरे को छुआ.	जिस तरह से
1186	1186	1186	"They will all be marshalled before Allah together: then will the weak say to those who were arrogant, ""For us, we but followed you; can ye then avail us to all against the wrath of Allah?"" They will reply, ""If we had received the Guidance of Allah, we should have given it to you: to us it makes no difference (now) whether we rage, or bear (these torments) with patience: for ourselves there is no way of escape."""	और (क़यामत के दिन) लोग सबके सब ख़ुदा के सामने निकल खड़े होगें जो लोग (दुनिया में कमज़ोर थे बड़ी इज्ज़त रखने वालो से (उस वक्त) क़हेंगें कि हम तो बस तुम्हारे क़दम ब क़दम चलने वाले थे तो क्या (आज) तुम ख़ुदा के अज़ाब से कुछ भी हमारे आड़े आ सकते हो वह जवाब देगें काश ख़ुदा हमारी हिदायत करता तो हम भी तुम्हारी हिदायत करते हम ख्वाह बेक़रारी करें ख्वाह सब्र करे (दोनो) हमारे लिए बराबर है (क्योंकि अज़ाब से) हमें तो अब छुटकारा नहीं	अस्पष्यक, लेकिन स्पष्ट रूप से यह कहत है कि अगर हमारे पास Guidance की सूचना मिले तो हम गुस्सोलिनी जैसा रह सकते क्योंनना?
1187	1187	1187	Luco!	Luco!	लुको!
1188	1188	1188	Qaf. [These letters (Qaf, etc.) are one of the miracles of the Quran, and none but Allah (Alone) knows their meanings]. By the Glorious Quran.	क़ाफ़ क़ुरान मजीद की क़सम (मोहम्मद पैग़म्बर हैं)	"यहाँ लिखे जाने वाले संस्करण:
क्या फ. [ये लेट्टर (क्या फे, etc.) एक ही ऐसी घटना है जो कि केवल एक बुद्ध है जो कि किस्मत के प्रतिनिधि है।]"
1189	1189	1189	Berlin, 23 April, 1945.	बर्लिन, 23 अप्रैल,	बर्लिक, 23 अप्रैल, 1945.
1190	1190	1190	for each We struck similitudes, and each We ruined utterly.	और हमने हर एक से मिसालें बयान कर दी थीं और (खूब समझाया) मगर न माना	सबसे पहले, हम सिमिलिटीज़ का सामना किया, और सबसे पहले, हम सब कुछ ही रुया दिया |
1191	1191	1191	Get a hint for your next move	अगली चाल हेतु संकेत प्राप्त करें	सब कुछ जाने के लिए सुझाव देना
1192	1192	1192	SO I'LL TELL YOU WHAT WE'RE GONNA DO:	तो मैं तुम्हें हम क्या करने वाले हैं बता दूँगा:	चूँतः मैं आपको बताऊँकि हम जो करेंगे वह है हम जो कहेंगे उसे करेंगा:
1193	1193	1193	Mr. Chow.	श्री चाउ.	कहो।
1194	1194	1194	And mention in the Book (the Quran) Isma'il (Ishmael). Verily! He was true to what he promised, and he was a Messenger, (and) a Prophet.	(ऐ रसूल) कुरान में इसमाईल का (भी) तज़किरा करो इसमें शक नहीं कि वह वायदे के सच्चे थे और भेजे हुए पैग़म्बर थे	अस्पष्टता को संदर्भ देने वाले (करोणक) Ishmael के बारे में बताते हैं। वे अस्पष्टता का संदर्भ देने वाले (कारोणक) के बारे बताते हैं।
1195	1195	1195	Terminal 2D	टर्मिनल 2डी	टर्नल 2डी
1196	1196	1196	Ignore _top level tags	शीर्ष स्तर टैग अनदेखा करें (_t)	बड़ार लेवल टैग जी सकते हैं
1197	1197	1197	General's Patience	जनरल का पेशेंस	गवर्ड्स पेटेंटी
1198	1198	1198	What is your GroupWise password?	आपका GroupWise कूटशब्द क्या है?	यours GroupWise पासवर्ड?
1199	1199	1199	He said: Rejectest thou my gods, O Abraham? If thou cease not, I shall surely stone thee. Depart from me a long while!	"उसने कहा, ""ऐ इबराहीम! क्या तू मेरे उपास्यों से फिर गया है? यदि तू बाज़ न आया तो मैं तुझपर पथराव कर दूँगा। तू अलग हो जा मुझसे मुद्दत के लिए!"""	अरे, आबू मेरे देवताओं, ओ अब्राहम? अगर तुम न भी, मैं सो कर तुम से वात करूँ।
1200	1200	1200	What, you want some help finding him?	क्या, तुम कुछ उसे ढूंढने में सहायता करना चाहते हैं?	What, आप उस व्यक्ति से जो कि आपकी मदद चाहते हैं?
1201	1201	1201	_Trigger insert	ट्रिगर घुसाएँ	Triggers insert
1202	1202	1202	'Now you have come to Us one by one, as We created you upon the first time, and you have left what We conferred on you behind your backs. We do not see with you your intercessors, those you asserted to be associates in you; the bond between you is now broken; that which you ever asserted has now gone astray from you.	और आख़िर तुम हमारे पास इसी तरह तन्हा आए (ना) जिस तरह हमने तुम को पहली बार पैदा किया था और जो (माल व औलाद) हमने तुमको दिया था वह सब अपने पस्त पुश्त (पीछे) छोड़ आए और तुम्हारे साथ तुम्हारे उन सिफारिश करने वालों को भी नहीं देखते जिन को तुम ख्याल करते थे कि वह तुम्हारी (परवरिश वगैरह) मै (हमारे) साझेदार है अब तो तुम्हारे बाहरी ताल्लुक़ात मनक़तआ (ख़त्म) हो गए और जो कुछ ख्याल करते थे वह सब तुम से ग़ायब हो गए	इससे पहले हमें यह नहीं कहा गया कि आप एक एकल रूप से विचार करेंगे इस पर चर्चा करेंगे
1203	1203	1203	_About	के बारे में (_A)	के
1204	1204	1204	Like those before you; they were stronger than you in power and more abundant in wealth and children, so they enjoyed their portion; thus have you enjoyed your portion as those before you enjoyed their portion; and you entered into vain discourses like the vain discourses in which entered those before you. These are they whose works are null in this world and the hereafter, and these are they who are the losers.	(मुनाफिक़ो तुम्हारी तो) उनकी मसल है जो तुमसे पहले थे वह लोग तुमसे कूवत में (भी) ज्यादा थे और औलाद में (भी) कही बढ़ कर तो वह अपने हिस्से से भी फ़ायदा उठा हो चुके तो जिस तरह तुम से पहले लोग अपने हिस्से से फायदा उठा चुके हैं इसी तरह तुम ने अपने हिस्से से फायदा उठा लिया और जिस तरह वह बातिल में घुसे रहे उसी तरह तुम भी घुसे रहे ये वह लोग हैं जिन का सब किया धरा दुनिया और आख़िरत (दोनों) में अकारत हुआ और यही लोग घाटे में हैं	जैसे कुछ पहले; वे stronger थे और जो धन और बच्चे, वैसे अधिकारी थे। के अधिकारी थे वे संतुष्ट थे कि उनके प्रतिभागी थे; और वे पूरी तरह से सहमत थे कि वे अपने प्रतिभागी विषय पर स्वतंत्र रूप से निर्णीत थे।
1205	1205	1205	Fwd:	अग्रेषित	"नोट:
टेक्स्ट:
फ़्रेड के"
1206	1206	1206	We were trying to go to the People's Assembly.	हम पीपुल्स असेंबली में जाने की कोशिश कर रहे थे.	हम लोगों के Assembly जाने की कोशिश कर रहे थे।
1207	1207	1207	"Hashing ""%s"""	"हैशिंग ""%s"""	"गिरने का ""%s"""
1208	1208	1208	YOU'VE GOT ALIBIS FOR THE OTHER TWO, HAVE YOU?	तुम तुम, अन्य दो के लिए alibis , है ना?	आप दो को लेकर've यू-डब्ल्क को लेकर've हैं अलाइबी
1209	1209	1209	If you were mine, you wouldn't have to work.	आप मेरे थे हैं, तो आप काम करने के लिए नहीं होता.	यदि तुम्हें थोड़ा भी बना सकती थी, तो तुम्हें नहीं थोड़ा भी काम करने पड़तक थे।
1210	1210	1210	I am tensed thinking about your life.	मैं अपने जीवन के बारे में सोच परेशान कर रहा हूँ।	मैं भ्रमित हूँ तो सुनने के लिए तैयर हूँ।
1211	1211	1211	My wallet and phone are in the flight.	मेरा फोन और पर्स फ्लाइट में रह गए हैं .	फ्लाइट पर अपने वॉइसफोन और व्हाट्सएफनी के साथ ले जाएँ
1212	1212	1212	& Printing	छपाई (P)	कृपया , लिख
1213	1213	1213	Trace Blend Strings	मिश्रण लडियाँ का पता लगायें	"क्यूँ किया जा सकता हूँ:
कोई नहीं"
1214	1214	1214	Such communities that have been connecting villages through the use of blogs also practice the same cultural practices they used to have in Guatemala, for example the Q´anjob´al Association even has their own queen, and indigenous ceremonies, as San Pedro Soloma Blog shows:	विदेश में रह रहे चिट्ठाकारों के लिये अपने गाँव की यादें ताज़ा करना तो जरूरी है हीः रात में मैंने सारे संदेशे और कवितायें पढ़ीं जो प्यारे क्युकुनसेस कुलिको के रहवासी ने लिखे और मुझे लगा ज्यों मैं उस छोटे से गाँव में पहुँच गया हूँ जहाँ हमारी जवानी बीती, जहाँ हम शनिवार को पार्टियाँ मनाया करते।	मदद दिया गया: ऐसे समूह जो गुात्रा से जुड़े हैं और जो गुात्रा से जुड़ते हैं वे भी ऐसे समूह हो सकते हैं जिनका सम्मान मैंने तो गुयार किया, और मैंने तो गुयार की
1215	1215	1215	'Surely over My servants thou shalt have no authority.' Thy Lord suffices as a guardian.	बेशक जो मेरे (ख़ास) बन्दें हैं उन पर तेरा ज़ोर नहीं चल (सकता) और कारसाज़ी में तेरा परवरदिगार काफी है	इसपरMy servants पर कोई शक हो सकती है। इसका राजकुमारी पक्ष हो सकता है।
1216	1216	1216	- Yeah, you're totally right. I'm sorry.	वेगास, बेबी.	जी हाँ, आप सही कह रहे हैं। मुझे दुसरा, शुक्रिया देने में कोई समस्या है।
1217	1217	1217	Iletyou.	मैं तुम्हें जाने।	गलतियाँ लेते पानी।
1218	1218	1218	Say: Tell me what Allah has sent down for you of sustenance, then you make (a part) of it unlawful and (a part) lawful. Say: Has Allah commanded you, or do you forge a lie against Allah?	और जो कुछ वह जमा कर रहे हैं उससे कहीं बेहतर है (ऐ रसूल) तुम कह दो कि तुम्हारा क्या ख्याल है कि ख़ुदा ने तुम पर रोज़ी नाज़िल की तो अब उसमें से बाज़ को हराम बाज़ को हलाल बनाने लगे (ऐ रसूल) तुम कह दो कि क्या ख़ुदा ने तुम्हें इजाज़त दी है या तुम ख़ुदा पर बोहतान बाँधते हो	"जी हूँ, Allah ने आपको संतुष्टि से बताया है कि आपको पाक-व्रत के बारे में बताया है और आपको ऐसी चीज़ें नहीं दिखाया दिए हैं कि आपको शाक-व्रत के बारे में नहीं बताया है, और आपको ऐसी चीज़ें नहीं दिखाया दिए हैं कि आपको शरीर-व्रत के बारे में नहीं बताया है, और आपको ऐसी चीज़ें नहीं दिखाया दिए हैं कि आपको शरीर-व्रत के बारे में नहीं बताया है।

यह ध्यान देना महत्वपूर्ण है कि आप बताया है कि आपको शरीर-व्रत के बारे में नहीं बताया है, और आपको शरीर-व्रत के बारे में नहीं बताया दिए है।

यह ध्यान देना महत्वपूर्ण है कि आप बताया है क"
1219	1219	1219	Hidden file	छुपी फ़ाइल	कहते हैं कि...
1220	1220	1220	Unable to open URI	URI खोलने में असमर्थ	उपरियोग करने के लिए संकेत को ओपन करने के लिए
1221	1221	1221	HANNAH: Well, get on. SEAN:	CHlRPlNG]	हाँहाँ: अच्छा, चलो डॉ.
1222	1222	1222	FILENAME()	FILENAME ()	जानकारी के लिंक()
1223	1223	1223	_Fetch All Headers	पूरा शीर्षक लाएँ (_F)	फ़्लिक्स वेबसाइट के हेड़र पर निर्देश देने वाले वेबसाइट के हेड़र को भी सभी हेड़रों के लिए निर्देश देने वाले वेबसाइट के हेड़रों को भी सभी हेड़रों के लिए सभी हेड़रों के लिए सभी हेड़रों के लिए सभी हेड़रों के लिए सभी हेड़रों के लिए सभी हेड़रों के लिए
1224	1224	1224	Telephone	टेलिफोन	टेलीफोन
1225	1225	1225	That's nine for the twins!	यह हो गए जुड़वों के नौ...	दोहरे के साथ कौन-सा है?
1226	1226	1226	You can say you won I'll say you taught me a lesson...	... मैं आप मुझे एक सबक सिखाया कहेंगे... नहीं, कायर!	आप कह सकते हैं कि हुआ है | मैं कह सकते हैं कि तुमन ने मुझसे एक ज्यादा हुआ या सीखा हुआ...
1227	1227	1227	- Did you brush your own teeth?	- तुमने अपने दाँत साफ़ किए?	- क्या तुम अपने own teeth भूल गए?
1228	1228	1228	And I'm Aunt Tanja.	और मैं चाची Tanja हूँ.	और मैं अंटनत्जा।
1229	1229	1229	Pass:	पास:	जो भी होता पास होता है,
1230	1230	1230	Did you see him who turned away,	भला (ऐ रसूल) तुमने उस शख़्श को भी देखा जिसने रदगिरदानी की	जिनने उसे देखा जिन्होंने कुछ ख़रज़ारी किया
1231	1231	1231	He was angry, saying that I did not understand.	वह नाराज हो गया था कह रहा था कि मैं समझ नहीं पाया.	यह दावा था कि मैंने समझने के लिए किसी भी जानकारी को हटा कर दिया है।
1232	1232	1232	What did he do with it?	उसने इसके साथ क्या किया?	जिस सामान के प्रति वे कैसे प्रतिक्रिया दिए?
1233	1233	1233	You're like Google, sir.	आप गूगल, सर की तरह हो।	आप गूगल के समान हैं।
1234	1234	1234	You cannot get married until then.	आप तब तक शादी नहीं कर सकता।	तुम नहीं तक पहुँच सकती थो
1235	1235	1235	You don't think about what you'd rather be doing?	तुम न कर रही हो क्या तुम था के बारे में नहीं सोचते हैं?	आपको ऐसी चिंता है कि आप ऐसी कुछ भी नहीं हैं?
1236	1236	1236	"""Yes, I did it! I confess!"	"""हाँ, मैंने यह किया था, मैं कबूल करता हूं!"	मैं नहीं कह सकता कि! मैंने नहीं कहा कि मैंने नहीं कहा कि मैंने नहीं कहा कि मैंने नहीं कहा कि मैंने नहीं कहा कि मैंने नहीं कहा कि मैंने नहीं कहा कि मैंने नहीं कहा कि मैंने नहीं कहा कि मैंने नहीं कहा कि मैंने नहीं कहा कि मैंने नहीं कहा कि मैंने नहीं कहा कि मैंने नहीं कहा कि मैंने नहीं कहा कि मैंने नहीं कहा कि मैंने नहीं कहा कि मैंने नहीं कहा कि मैंने नहीं कहा कि मैंने नहीं कहा कि मैंने नहीं कहा कि मैंने नहीं कहा कि मैंने नहीं कहा कि मैंने नहीं कहा कि मैंने नहीं
1237	1237	1237	"You say: ""Yes; and you will be lowly made."""	(ऐ रसूल) तुम कह दो कि हाँ (ज़रूर उठाए जाओगे)	"आप कहते: ""हाँ; और आप लोभी बनाई जाएगी."""
1238	1238	1238	If you take retribution, then do so in proportion to the wrong done to you. But if you can bear such conduct with patience, indeed that is best for the steadfast.	और हिदायत याफ़ता लोगों से भी खूब वाक़िफ है और अगर (मुख़ालिफीन के साथ) सख्ती करो भी तो वैसी ही सख्ती करो जैसे सख्ती उन लोगों ने तुम पर की थी और अगर तुम सब्र करो तो सब्र करने वालों के वास्ते बेहतर हैं	ये संबंध का सीधा जवाब देने वाला है कि जब लोग दंड लेते हैं तो उन्हें उसी के सापात्र रूप में दिया जाना चाहे तो यह भी सबसे अच्छा है कि मैंने इस बात पर पूरी तरह से निर्बाधा स्थिति में स्थिति का स्वोर्स पर साइट का स्वोर्स पर साइट का स्वोर्स पर साइट का स्वोर्स पर साइट का स्वोर्स पर साइट का स्वोर्स पर साइट का स्वोर्स पर साइट का स्वोर्स पर साइट का स्वोर्स पर साइट का स्वोर्स पर साइट का स्वोर्स पर साइट का स्वोर्स पर साइट का स्वोर्स पर साइट का स्वोर्स पर साइट का स्वोर्स पर साइट का स्वोर्स पर साइट का स्वोर्स पर साइट का
1239	1239	1239	And in the earth are regions neighbouring and gardens of vines and cornfields, and palm-trees clustered and single, watered by the same water; yet some We make to excel others in food. Verily therein are signs for a people who reflect.	और खुरमों (खजूर) के दरख्त की एक जड़ और दो याखें और बाज़ अकेला (एक ही याख़ का) हालॉकि सब एक ही पानी से सीचे जाते हैं और फलों में बाज़ को बाज़ पर हम तरजीह देते हैं बेशक जो लोग अक़ल वाले हैं उनके लिए इसमें (कुदरत खुदा की) बहुतेरी निशानियाँ हैं	इस पृष्ठ को कैसे पढ़ सकते हुए वे लोग अपने समाज के प्रतिनिधियों के रूप में प्रतिकृत हो सकते हैं।
1240	1240	1240	"""I am pleased that member states have agreed to launch and take ownership of a process to establish universal sustainable development goals - SDGs,"" he said."	"उन्होंने कहा कि ""मुझे बहुत प्रसन्नता है कि सदस्य देश सार्वभौमिक संवहनीय विकास लक्ष्य स्थापित करने हेतु प्रक्रिया आरंभ करने तथा उसका स्वामित्व लेने के लिए सहमत हो गए हैं।"""	“मैं पूरा खुशी देखी कि सदस्य स्टेट्स ने साझेबिलिटी से से संयुक्त रूप से संस्थागत रूप से विकास लक्ष्य - लक्ष्य सूची में शामिल हो कर दी गई सूची को संशोधित कर दिया गया था।
1241	1241	1241	THE ONLY REASON-- LOOK AT ME.	एक ही कारण है - मुझ पर देखो.	सिर्फ़ एक कारण—मैं देख रहा हूँ।
1242	1242	1242	All right, don't be a dick, Richie.	ठीक है, बेवकूफ मत बनो, रिची.	अल्लाह, रिच्टी डिक, रिच्ट्ट्ट्टTTT!!!
1243	1243	1243	And hold fast to the rope of Allah, all of you together, and do not be divided; and remember Allah’s favour on you, that when there was enmity between you, He created affection between your hearts, so due to His grace you became like brothers to each other; and you were on the edge of a pit of fire (hell), so He saved you from it; this is how Allah explains His verses to you, so that you may be guided.	और तुम सब के सब (मिलकर) ख़ुदा की रस्सी मज़बूती से थामे रहो और आपस में (एक दूसरे) के फूट न डालो और अपने हाल (ज़ार) पर ख़ुदा के एहसान को तो याद करो जब तुम आपस में (एक दूसरे के) दुश्मन थे तो ख़ुदा ने तुम्हारे दिलों में (एक दूसरे की) उलफ़त पैदा कर दी तो तुम उसके फ़ज़ल से आपस में भाई भाई हो गए और तुम गोया सुलगती हुईआग की भट्टी (दोज़ख) के लब पर (खडे) थे गिरना ही चाहते थे कि ख़ुदा ने तुमको उससे बचा लिया तो ख़ुदा अपने एहकाम यूं वाजेए करके बयान करता है ताकि तुम राहे रास्त पर आ जाओ	अपनी बात सीधी बात के जैसे हो सकती हूँ, वैसे हो सकते हैं आप, और वैसे हो सकते हैं आप, वैसे हो सकते हैं आप, वैसे हो सकते हैं आप, वैसे हो सकते हैं आप, वैसे हो सकते हैं आप, वैसे हो सकते हैं आप, वैसे हो सकते हैं आप, वैसे हो सकते हैं आप, वैसे हो सकते हैं आप, वैसे हो सकते हैं आप, वैसे हो सकते हैं आप, वैसे हो सकते हैं आप, वैसे हो सकते हैं आप, वैसे हो सकते हैं आप, वैसे हो सकते हैं आप, वैसे हो सकते हैं आप, वैसे हो सकते हैं आप, वैसे हो सकते हैं आप, वैसे हो सकते हैं आप, वैसे हो सकते हैं आप, वैस
1244	1244	1244	What line of kings do you descend from?	तुम राजाओं की किस खानदान से आते हो?	What kind of line of kings do you come from?
1245	1245	1245	Then He created him and (caused the angel to) breathe into him his (created) spirit. He gave you eyes and ears, and hearts, yet little do you thank.	फिर उस (के पुतले) को दुरुस्त किया और उसमें अपनी तरफ से रुह फूँकी और तुम लोगों के (सुनने के) लिए कान और (देखने के लिए) ऑंखें और (समझने के लिए) दिल बनाएँ (इस पर भी) तुम लोग बहुत कम शुक्र करते हो	यह सुनने की ताक्षस्त्व, सुनने की ताक्षस्त्व तथा सुनने की ताक्षस्त्व को उसके पाँचवें दिन उसके पिता के प्रति दिन से ज्यादा गहन और पूर्ण हो सकता है।
1246	1246	1246	- Is Axe a great guy?	- कुल्हाड़ी एक महान आदमी है?	- Axe का वह महान व्यक्ति है?
1247	1247	1247	We must pay the tax.	हमें टैक्स भरना पड़ेगा।	हमें कर से पैसे लेना होगा।
1248	1248	1248	Options include upgraded brakes, a service package providing access to Bowler Works mechanics, logistic support, and vehicle storage between events.	इसके विकल्पों में शामिल हैं - अपग्रेड किए गए ब्रेक, सर्विस पैकेज जो बॉलर वर्क्स मैकेनिक्स, लॉजिस्टिक सहायता, तथा ईवेंट के बीच वाहन संग्रह तक पहुंच प्रदान करता है।	बताए गए स्थितियों में ब्रेक अप, बॉवल वर्क मैकेनिक्स, लॉजिस्ट पॉवर, वाहन स्टोरेज और भी शामिल हो सकती हैं।
1249	1249	1249	Your emails	raviratlami@ aol. in	यॉर्स के
1250	1250	1250	Warp	रैप	वार्प
1251	1251	1251	Because the moon's moving in the opposite direction to us, we get a gravitational break in...	क्योंकि में हमारे िलए विपरीत दिशा, चाँद की चलती हम अंदर एक गुरुत्वाकर्षण ब्रेक मिलता है ..	जिस तरह से हमारे पास होता है वह, हमें ज्यादा कुछ की भी तो पता न हो कि हमें कौन सी चीज़ें कौन सी सुई की सहायत से हमें कौन सी चीज़ की सहायत से हमें कौन सी चीज़ की सहायत से हमें कौन सी चीज़ की सहायत से हमें
1252	1252	1252	"""If you do good, you will do so for your own good; if you do ill, you will do it for your own loss."" So, when the time of the second prediction comes, (We shall rouse another people) to shame you, and enter the Temple as they had done the first time, and to destroy what they conquered utterly."	अगर तुम अच्छे काम करोगे तो अपने फायदे के लिए अच्छे काम करोगे और अगर तुम बुरे काम करोगे तो (भी) अपने ही लिए फिर जब दूसरे वक्त क़ा वायदा आ पहुँचा तो (हमने तैतूस रोगी को तुम पर मुसल्लत किया) ताकि वह लोग (मारते मारते) तुम्हारे चेहरे बिगाड़ दें (कि पहचाने न जाओ) और जिस तरह पहली दफा मस्जिद बैतुल मुक़द्दस में घुस गये थे उसी तरह फिर घुस पड़ें और जिस चीज़ पर क़ाबू पाए खूब अच्छी तरह बरबाद कर दी	यह जो पहले कardo तो हुआ है, उसे लागू करने के लिए पहले से ही Temple में रहने के लिए रोशन करने वाले लोगों को उसी कारण से आकर आकर आकर आकर लोगों को उसी कारण से Temple में रहने के लिए रोशन करने वाले लोगों को उसी कारण से आकर आकर आकर आकर लोगों को उसी कारण से Temple में रहने के लिए रोशन करने वाले लोगों को उसी कारण से आकर आकर आकर आकर लोगों को उसी कारण से Temple में रहने के लिए रोशन करने वाले लोगों को उसी कारण से आकर आकर आकर आकर लोगों को उसी कारण से Temple में रहने के लिए रोशन करने वाले लोगों को उसी कारण से आकर आकर आकर आकर लोगों को उसी कारण से Temple में रहने के लिए रोश
1253	1253	1253	Obviously well educated and extremely well financed.	जाहिर है अच्छी तरह से शिक्षित और बहुत अच्छी तरह से वित्त पोषण किया.	अनुपस्थिति में बहुत शैक्षिक रूप से और बहुत आर्थिक रूप से तैयार हो सकता है।
1254	1254	1254	Build but do not install the target.	बिल्ड नहीं अधिष्ठापित करें लक्ष्य.	इसे इंस्टलेट नहीं डाला सकता है.
1255	1255	1255	Like you would be homeless, if I died.	जैसे कि तुम बेघर हो जाओगे, अगर मैं मर गया.	जैसा भी कहलोग सकता है, यदि मैं मर गया।
1256	1256	1256	Just a call to let you know we've fixed a date for your case hearing.	आपको यह बताने के लिए फ़ोन किया है कि... हमने आपके केस की हीयरिंग के लिए तारीख तय कर दी है.	सिर्फ आपको सूचित करने के लिए कॉल करने के लिए हमें सुनने वाला बना रहने वाला
1257	1257	1257	When will you drink it? The foreman says you have to work tonight!	प्रबंधक का कहना है कि आप को काम करना है.	आपको कौन से पीने वाले हैं? प्रबक्टर कहते हैं कि रात के काम करने वाले हैं!
1258	1258	1258	Simulation of data DVD copying	आँकड़ा डीवीडी की नक़ल में सिमुलेशन	"दिए गए निर्देशों का पालन:
डेटा सिम्युलेशन डेटा का डॉक्सिंग डॉक्सिंग"
1259	1259	1259	( Laughter )	(हंसी)	( हँक )
1260	1260	1260	They ask thee, (O Muhammad), of new moons, say: They are fixed seasons for mankind and for the pilgrimage. It is not righteousness that ye go to houses by the backs thereof (as do the idolaters at certain seasons), but the righteous man is he who wardeth off (evil). So go to houses by the gates thereof, and observe your duty to Allah, that ye may be successful.	"वे तुमसे (प्रतिष्ठित) महीनों के विषय में पूछते है। कहो, ""वे तो लोगों के लिए और हज के लिए नियत है। और यह कोई ख़ूबी और नेकी नहीं हैं कि तुम घरों में उनके पीछे से आओ, बल्कि नेकी तो उसकी है जो (अल्लाह का) डर रखे। तुम घरों में उनके दरवाड़ों से आओ और अल्लाह से डरते रहो, ताकि तुम्हें सफलता प्राप्त हो"	इससे पहले कहा नहीं गया कि विलक्षण के अनुसार वाकाया है।
1261	1261	1261	His daughter, Oei, of course.	अपनी बेटी से, बेशक ओएइ,.	कृपया ओई की daughter हो सकती है.
1262	1262	1262	"But when the unbelievers see you they make fun of you (and say): ""Is this the one who mentions your gods (deridingly)?"" Yet in Ar-Rahman they disbelieve!"	और (ऐ रसूल) जब तुम्हें कुफ्फ़ार देखते हैं तो बस तुमसे मसखरापन करते हैं कि क्या यही हज़रत हैं जो तुम्हारे माबूदों को (बुरी तरह) याद करते हैं हालाँकि ये लोग खुद खुदा की याद से इन्कार करते हैं (तो इनकी बेवकूफ़ी पर हँसना चाहिए)	इस बार जब लोग तुम्हारे देवताओं/ग्रंथों के प्रति पवित्र व्यवहार का वर्णन करें तो वे इस बात से विवृध्धित हो जाएँ कि वे इस व्यवहार का वर्णन करें वे इस व्यवहार का पवित्र वर्णन करें
1263	1263	1263	Turn on the radio.	रेडियो पर मुड़ें.	रेडियो को प्ले सुनने के लिए तैयार करें।
1264	1264	1264	"Hast thou not Turned thy vision to the Chiefs of the Children of Israel after (the time of) Moses? they said to a prophet (That was) among them: ""Appoint for us a king, that we May fight in the cause of Allah."" He said: ""Is it not possible, if ye were commanded to fight, that that ye will not fight?"" They said: ""How could we refuse to fight in the cause of Allah, seeing that we were turned out of our homes and our families?"" but when they were commanded to fight, they turned back, except a small band among them. But Allah Has full knowledge of those who do wrong."	(ऐ रसूल) क्या तुमने मूसा के बाद बनी इसराइल के सरदारों की हालत पर नज़र नही की जब उन्होंने अपने नबी (शमूयेल) से कहा कि हमारे वास्ते एक बादशाह मुक़र्रर कीजिए ताकि हम राहे ख़ुदा में जिहाद करें (पैग़म्बर ने) फ़रमाया कहीं ऐसा तो न हो कि जब तुम पर जिहाद वाजिब किया जाए तो तुम न लड़ो कहने लगे जब हम अपने घरों और अपने बाल बच्चों से निकाले जा चुके तो फिर हमे कौन सा उज़्र बाक़ी है कि हम ख़ुदा की राह में जिहाद न करें फिर जब उन पर जिहाद वाजिब किया गया तो उनमें से चन्द आदमियों के सिवा सब के सब ने लड़ने से मुँह फेरा और ख़ुदा तो ज़ालिमों को खूब जानता है	बच्चे अपने परिवार के सदस्यों को मुकाबला करने के लिए कहें |
1265	1265	1265	We can't lose him! My God!	आप वास्तव में, बच्चों के रूप में उन्हें देख नहीं है न?	हमें प्राणियों को परखने नहीं आना नहीं, हमें वे सार्वजनिक सेवाएं भी मिल जो हमारे प्राणियों को प्रगति करने में सहायक होंगी।
1266	1266	1266	Take Newer (last modified)	Sync Conflict Resolution	इससे पहले
1267	1267	1267	Delete the selected history link	चयनित इतिहास लिंक को मिटाएँ	चुने गए हिस्सage को हटाएँ
1268	1268	1268	Select all text	सारा पाठ चुनें	एक्स：
1269	1269	1269	Exporting key...	कुंजी निर्यात किया जा रहा है...	सही
1270	1270	1270	I... ask You, God...	आई. .. मैं तुमको प्रार्थना करना, मेरे भगवान...	"यहाँ संकेत है:
मैं... पूछता हूँ आपसे, ईसा..."
1271	1271	1271	East hallway, clear.	पूर्वदालान,स्पष्ट/मैं	गेटहॉल, साफ।
1272	1272	1272	c++-analyzer:	c++-analyzer:	इससे पहले के तौर पर:
1273	1273	1273	Lo! He, only He, is the Hearer, the Knower.	करने वालों (की जमाअत) में तुम्हारा फिरना (उठना बैठना सजदा रुकूउ वगैरह सब) देखता है	अरे, वो सिरे हैं, वो सिरे हैं, वह ही है, वह ही है, वो सिरे हैं, वो सिरे हैं, वह ही है, वह ही है, वो सिरे हैं, वो सिरे हैं, वह ही है, वह ही है, वो सिरे हैं, वो सिरे हैं, वह ही है, वह ही है, वो सिरे हैं, वो सिरे हैं, वह ही है, वह ही है, वो सिरे हैं, वो सिरे हैं, वह ही है, वह ही है, वो सिरे हैं, वो सिरे हैं, वह ही है, वह ही है, वो सिरे हैं, वो सिरे हैं, वह ही है, वह ही है, वो सिरे हैं, वो सिरे हैं, वह ही है, वह ही है, वो सिरे हैं, वो सिरे हैं, वह ही है, वह ही है, वो स
1274	1274	1274	Threads started by %1	लड़ियाँ डिफ़ॉल्ट पर खुला रखें( p)	प्रति % ने ट्रेड्स शुरू किए
1275	1275	1275	"Say, ""Perhaps some of the things which you wish to experience immediately are very close to you."""	(ऐ रसूल) तुम कह दो कि जिस (अज़ाब) की तुम लोग जल्दी मचा रहे हो क्या अजब है इसमे से कुछ करीब आ गया हो	"यह कहें, ""कुछ ऐसे हो सकते हैं जो तुम्हें अब यकीन दिलाते हैं कि तुम्हें अभी भी अच्छा अनुभव हो रहा है."""
1276	1276	1276	For the third quarter ended September 30, Bombardier's net profit fell to $147 million, or 8 cents per share, from $172 million, or 9 cents per share a year earlier.	30 सितंबर को समाप्त तीसरी तिमाही के लिए, Bombardier के शुद्ध लाभ एक साल पहले $ $147मिलियन, या प्रति शेयर 8 सेंट, $172मिलियन, या प्रति शेयर 9 सेंट तक गिर गया.	तीसरी क्वार्टर को सितंबर 30 को खत्म होने के बाद बॉम्बार्डियर का नेट प्रिट्याशुदा पैसे 147 करोड रुपये से थोड़े के तौर पर कम हो गए और इससे पहले इस बात पर ध्यान दिया ना गिला।
1277	1277	1277	Can we be traced?	हम पता लगाया जा सकता है?	जी हाँ, हमें निर्देश के संदर्भ में ट्रैकेबिली हो सकती हूँ।
1278	1278	1278	You know that movie I was telling you about? It's playing over at the campus cinema.	मैंने एक फिल्म के बारे में सुना है जो...	आप जानते हैं कि मैंने तुम्हें सारा बताया था? यह फिर तुम्हें दिखा रहा है कि यह संगीत कक्ष में ही नहीं, लेकिन अब इस संगीत कक्ष में भी!
1279	1279	1279	- I am available.	- मैं disponÃ में सक्षम हूँ.	- मैं उपलब्ध हूँ।
1280	1280	1280	It's a present from Raju	यह राजू ने दिया है.	राजू का पैसा
1281	1281	1281	_Enable	जावा सक्षम करें	बन
1282	1282	1282	Samarinda	शमनगनslovakia. kgm	सैमरिंडा
1283	1283	1283	It is He who sends down upon His Servant [Muhammad] verses of clear evidence that He may bring you out from darknesses into the light. And indeed, Allah is to you Kind and Merciful.	वही तो है जो अपने बन्दे (मोहम्मद) पर वाज़ेए व रौशन आयतें नाज़िल करता है ताकि तुम लोगों को (कुफ़्र की) तारिक़ीयों से निकाल कर (ईमान की) रौशनी में ले जाए और बेशक ख़ुदा तुम पर बड़ा मेहरबान और निहायत रहम वाला है	इस प्रकार से, हिंद में इस वाक्य का स्वरूप रूप में मिल सकता है।
1284	1284	1284	Such of you as die and leave behind them wives, they (the wives) shall wait, keeping themselves apart, four months and ten days. And when they reach the term (prescribed for them) then there is no sin for you in aught that they may do with themselves in decency. Allah is informed of what ye do.	और तुममें से जो लोग मर जाएँ और अपने पीछे पत्नियों छोड़ जाएँ, तो वे पत्नियों अपने-आपको चार महीने और दस दिन तक रोके रखें। फिर जब वे अपनी निर्धारित अवधि (इद्दत) को पहुँच जाएँ, तो सामान्य नियम के अनुसार वे अपने लिए जो कुछ करें, उसमें तुमपर कोई गुनाह नहीं। जो कुछ तुम करते हो, अल्लाह उसकी ख़बर रखता है	इस प्रक्त्ति से पहले, वे ऐसे व्यवहार करेंगे जो उन्हें कुछ भी नहीं देते।
1285	1285	1285	This is the ID of the account holding the IMAP resource folders.	यह आईमैप रिसोर्स फ़ोल्डर रखे हुए खाते का आईडी है.	इसे इ.म.एप. संसाधन के फ़ोर्स डॉट सी. com के एड.
1286	1286	1286	It's Lise's car.	यह लिसे की कार है.	इसे एलिस's कार में मिल सकती है.
1287	1287	1287	You have not heard or seen anything	आपने सुना या कुछ भी नहीं देखा है	आपको या आपके पास कोई सुनने या देखने की क्षमता हो
1288	1288	1288	...What if they could talk to us what were they thinking...	वे हमसे बात कर सकता ... क्या अगर... ... वे क्या सोच रहे थे...	...ये जो वे सोचते हैं वे क्या सोचते हैं...
1289	1289	1289	I've looked through the hole?	छेद मे से मैंने देखा था?	जैसा हुआ?
1290	1290	1290	I couldn't save you once... and that was the biggest mistake of my life.	मैं तुम्हें एक बार नहीं बचा सकता है ... ... और कहा कि मेरे जीवन की सबसे बड़ी गलती थी।	मैं आपको एक बार से बचा सकता था और यह सबसे बड़ी गलती मेरी जीवन के बारे में
1291	1291	1291	[man howling] [howling continues] [chuckles]	[पुरुष चीख रहा है] [चीख जारी है] [दबी हंसी]	रोते हैं] रोते जाते] चिंतन]
1292	1292	1292	No, you didn't tell me anything.	नहीं, तुम मुझे कुछ नहीं बताया.	No, आप ने मुझसे कुछ नहीं कहा.
1293	1293	1293	I'd even sing you poetry	-गाऊँगा तुम्हारे लिए कविता भी	ज़रूर संगीत भी सुनूँ क्यूँ
1294	1294	1294	System Monitor	तंत्र मॉनीटर	प्राथमिक चालक
1295	1295	1295	And before it there hath been the Book of Musa, a guide and a mercy. And this a Book confirming it, in Arabic speech, that it may warn those who have done wrong and as glad tidings Unto the well-doers.	और इसके क़ब्ल मूसा की किताब पेशवा और (सरासर) रहमत थी और ये (क़ुरान) वह किताब है जो अरबी ज़बान में (उसकी) तसदीक़ करती है ताकि (इसके ज़रिए से) ज़ालिमों को डराए और नेकी कारों के लिए (अज़सरतापा) ख़ुशख़बरी है	अस्पष्ट हो सकता हूँ कि इसे किस प्रकार से हटा दिया जा सकता है और इसे किस प्रकार से बदला दिया जा सकता है।
1296	1296	1296	And if he (the dying person) be of those on the Right Hand,	और यदि वह भाग्यशालियों में से है,	और अगर (दying person) वे जो लिखने वाले हैं वो राइट हैं
1297	1297	1297	[ GLASS SHATTERS ]	[कांच टूटता]	के की की की हो सकती है
1298	1298	1298	Plugins	प्लगइन्स	प्लांट
1299	1299	1299	We have sent it down with truth, and with truth has (the Qur'an) come down. And We have sent you only to give good news and to warn.	और (ऐ रसूल) हमने इस क़ुरान को बिल्कुल ठीक नाज़िल किया और बिल्कुल ठीक नाज़िल हुआ और तुमको तो हमने (जन्नत की) खुशखबरी देने वाला और (अज़ाब से) डराने वाला (रसूल) बनाकर भेजा है	"यहाँ से हमें यह बताया गया है कि वे जो भी कहलिया हैं, वो सभी सच्चाई से बताया गया है और वे सभी जो भी कहलिया हैं, वो सभी सच्चाई से बताया गया है।

कहीं इसको भी बताया गया:
हमें यह बताया गया है कि वे जो भी कहलिया हैं, वो सभी सच्चाई से बताया गया है."
1300	1300	1300	She's not our queen because she's the daughter of some king we never knew.	वह हमारी रानी क्योंकि वह बेटी है नहीं है कुछ राजा के हम कभी नहीं जानता था।	वो हमारी रानी नहीं है क्योंकि वो किसी राजा से बाहर की तरफ नहीं जाती।
1301	1301	1301	Let's go.	चलो चलो.	अरे जाना।
1302	1302	1302	7-Zip (.7z)	7-Zip (.7z)	यह 7.7 जीपी (जी.एस.पी.)
1303	1303	1303	"And when Saul marched out with his army, he warned: ""Allah is going to put you to a test by the side of a river: whoso drinks of its water shall cease to be my companion: he alone shall be~my companion who does not quench his thirst with its water: one may, however, take except a few, drank their fill of it. Afterwards when Saul, and those who had believed with him, crossed the river and advanced forward, the former said to Saul, ""We have no power left this day to fight against Goliath and his hosts."" But those who believed that one Day they shall meet Allah, declared, ""lt has often been that a small host has, by Allah's grace, overcome a big host: for Allah is with those who show fortitude."""	फिर जब तालूत लशकर समैत (शहर ऐलिया से) रवाना हुआ तो अपने साथियों से कहा देखो आगे एक नहर मिलेगी इस से यक़ीनन ख़ुदा तुम्हारे सब्र की आज़माइश करेगा पस जो शख्स उस का पानी पीयेगा मुझे (कुछ वास्ता) नही रखता और जो उस को नही चखेगा वह बेशक मुझ से होगा मगर हाँ जो अपने हाथ से एक (आधा चुल्लू भर के पी) ले तो कुछ हर्ज नही पस उन लोगों ने न माना और चन्द आदमियों के सिवा सब ने उस का पानी पिया ख़ैर जब तालूत और जो मोमिनीन उन के साथ थे नहर से पास हो गए तो (ख़ास मोमिनों के सिवा) सब के सब कहने लगे कि हम में तो आज भी जालूत और उसकी फौज से लड़ने की सकत नहीं मगर वह लोग जिनको यक़ीन है कि एक दिन ख़ुदा को मुँह दिखाना है बेधड़क बोल उठे कि ऐसा बहुत हुआ कि ख़ुदा के हुक्म से छोटी जमाअत बड़ी जमाअत पर ग़ालिब आ गयी है और ख़ुदा सब्र करने वालों का साथी है	"विवेक्षता के लिए प्रस्तुत किया गया ये वाक्य:
और जो लोग गोलिया के प्रतिस्पर्धी हैं और उनके साथ ही अपनी साहसा को देखते हैं,"
1304	1304	1304	on the day when [some] faces will turn white and [some] faces will turn black. As for those whose faces turn black [it will be said to them], ‘Did you disbelieve after your faith? So taste the punishment because of what you used to disbelieve.’	(उस दिन से डरो) जिस दिन कुछ लोगों के चेहरे तो सफैद नूरानी होंगे और कुछ (लोगो) के चेहरे सियाह जिन लोगों के मुहॅ में कालिक होगी (उनसे कहा जायेगा) हाए क्यों तुम तो ईमान लाने के बाद काफ़िर हो गए थे अच्छा तो (लो) (अब) अपने कुफ़्र की सज़ा में अज़ाब (के मजे) चखो	इस दिन को जो कुछ लोगों के चेहरे से रंग पड़ रहा है, उस दिन को जो कुछ लोगों के चेहरे से रंग पड़ रहा है, उस दिन को जो कुछ लोगों की चिंताएँ हैं, उस दिन को जो कुछ लोगों की सुरक्षा गारंटी एंवालिबियाँ हैं, उस दिन को जो कुछ लोगों की सुरक्षा गारंटी एंवालिबियाँ हैं, उस दिन को जो कुछ लोगों की सुरक्षा गारंटी एंवालिबियाँ हैं, उस दिन को जो कुछ लोगों की सुरक्षा गारंटी एंवालिबियाँ हैं, उस दिन को जो कुछ लोगों की सुरक्षा गारंटी एंवालिबियाँ हैं, उस दिन को जो कुछ लोगों की सुरक्षा गारंटी एंवालिब
1305	1305	1305	Let's go.	-चलो।	अरे जाना।
1306	1306	1306	"Believe only in those who follow your own religion."" Say to them, ""Surely, the true guidance is the guidance from God."" [But you think it is impossible that] someone else may be granted [revelation] such as you were granted -- or else that they should contend against you before your Lord. Say, ""All grace is in the hands of God; He grants it to whom He wills: for God is boundless, and all knowing,"	और तुम्हारे दीन की पैरवरी करे उसके सिवा किसी दूसरे की बात का ऐतबार न करो (ऐ रसूल) तुम कह दो कि बस ख़ुदा ही की हिदायत तो हिदायत है (यहूदी बाहम ये भी कहते हैं कि) उसको भी न (मानना) कि जैसा (उम्दा दीन) तुमको दिया गया है, वैसा किसी और को दिया जाय या तुमसे कोई शख्स ख़ुदा के यहॉ झगड़ा करे (ऐ रसूल तुम उनसे) कह दो कि (ये क्या ग़लत ख्याल है) फ़ज़ल (व करम) ख़ुदा के हाथ में है वह जिसको चाहे दे और ख़ुदा बड़ी गुन्जाईश वाला है (और हर शै को)े जानता है	यह कहा जाता है कि जो भी व्यक्त करना चाहते हैं उन्हें ऐसा जाना चाहे कि God is boundless, and all knowing,
1307	1307	1307	YOU'RE A LOUSY SHOT.	आप एक घटिया शॉट हो.	आपको जीतने के लिए बहुत सारी प्रयूर्युज़ किया गया कारण आप भी इस तरह से प्रयूर्युज़ किया सकते हैं।
1308	1308	1308	As for the ship, it belonged to certain poor men, who toiled upon the sea; and I desired to damage it, for behind them there was a king who was seizing every ship by brutal force.	वह जो नौका थी, कुछ निर्धन लोगों की थी जो दरिया में काम करते थे, तो मैंने चाहा कि उसे ऐबदार कर दूँ, क्योंकि आगे उनके परे एक सम्राट था, जो प्रत्येक नौका को ज़बरदस्ती छीन लेता था	इस साहस्य के साथ, पoor लोगों के जहाँ से वे लोग तैरने वाले जहाँ के पानी से भी ज्यादा कष्ट मिल सकता है।
1309	1309	1309	It's really silly of me.	यह मेरे सच में पागल है.	मुझे यह सुनने में भी बहुत सारी शारीरिक और मनोर्जित भी हो सकता हूँ।
1310	1310	1310	I was scared to go to India alone, that's when I found you.	मैं अकेला भारत जाने के डर गया था, कि जब मैं तुम्हें मिल गया है।	भारत वालोना सolo आया था उस समय मैं आपको ध्यान में रख रही थी।
1311	1311	1311	Then why a dragon army?	फिर तुमने एक ड्रैगन सेना क्यों तैयार की?	दूसरा क्यों है ड्रैगन आर्मी?
1312	1312	1312	Your names	रविशंकर श्रीवास्तव, जी. करूणाकरEMAIL OF TRANSLATORS	पहचान
1313	1313	1313	"Add all these together you get a Black Superpower."""	ये सब जोड़ कर देखें, आपको एक अश्वेत महाशक्ति मिल जायेगी।	तो प्ल, ये सभी साथ में आ कर देता तो प्ल,Black Superpower का सामान है।
1314	1314	1314	Certificate problem: %s Issuer: %s	प्रमाणपत्र समस्या: %s निर्गमक: %s	सहायता समस्या: %s प्रदाता: %s
1315	1315	1315	Unknown	अज्ञात	ज्ञात नहीं
1316	1316	1316	Priority:	पोर्टः	सहायता:
1317	1317	1317	And by those that swim along (i.e. angels or planets in their orbits, etc.).	और गवाह है वे जो वायुमंडल में तैरें,	और उन लोगों से जो तैरा रहता है (i.e. आकाश यंत्र, और उनके भिन्न भिन्न भिन्न भिन्न भिन्न भिन्न भिन्न भिन्न भिन्न भिन्न भिन्न भिन्न भिन्न भिन्न भिन्न भिन्न भिन्न भिन्न भिन्न भिन्न भिन्न भिन्न भिन्न भिन्न भिन्न भिन्न भिन्न भिन्न भिन्न भिन्न भिन्न भिन्न भिन्न भिन्न भिन्न भिन्न भिन्न भिन्न भिन्न भिन्न भिन्न भिन्न भिन्न भिन्न भिन्न भिन्न भिन्न भिन्न भिन्न भिन्न भिन्न भिन्न भिन्न भिन्न भिन्न भिन्न भिन्न भिन्न भिन्न भिन्न भिन्न भिन्न भिन्न भिन्न भिन्न भिन्न भिन्न भिन्न भिन्न भिन्न भिन्न भिन्न भिन्न भिन्न भिन्न भिन
1318	1318	1318	They will never be denied the rewards of their good deeds. God knows well about the pious.	और वह जो कुछ नेकी करेंगे उसकी हरगिज़ नाक़द्री न की जाएगी और ख़ुदा परहेज़गारों से खूब वाक़िफ़ है	यह उनसे कभी भी रिव्यू न करेंगे। ईशा ने अच्छा सोचा
1319	1319	1319	O People who Believe! Do not make lawful the symbols of Allah nor the sacred months nor the sacrificial animals sent to Sacred Territory (around Mecca) nor the animals marked with garlands, nor the lives and wealth of those travelling towards the Sacred House (Kaa’bah) seeking the munificence and pleasure of their Lord; and when you have completed the pilgrimage, you may hunt; and let not the enmity of the people who had stopped you from going to the Sacred Mosque tempt you to do injustice; and help one another in righteousness and piety – and do not help one another in sin and injustice – and keep fearing Allah; indeed Allah’s punishment is severe.	ऐ ईमानदारों (देखो) न ख़ुदा की निशानियों की बेतौक़ीरी करो और न हुरमत वाले महिने की और न क़ुरबानी की और न पट्टे वाले जानवरों की (जो नज़रे ख़ुदा के लिए निशान देकर मिना में ले जाते हैं) और न ख़ानाए काबा की तवाफ़ (व ज़ियारत) का क़स्द करने वालों की जो अपने परवरदिगार की ख़ुशनूदी और फ़ज़ल (व करम) के जोयाँ हैं और जब तुम (एहराम) खोल दो तो शिकार कर सकते हो और किसी क़बीले की यह अदावत कि तुम्हें उन लोगों ने ख़ानाए काबा (में जाने) से रोका था इस जुर्म में न फॅसवा दे कि तुम उनपर ज्यादती करने लगो और (तुम्हारा तो फ़र्ज यह है कि ) नेकी और परहेज़गारी में एक दूसरे की मदद किया करो और गुनाह और ज्यादती में बाहम किसी की मदद न करो और ख़ुदा से डरते रहो (क्योंकि) ख़ुदा तो यक़ीनन बड़ा सख्त अज़ाब वाला है	यह संस्करण शुल्क रूप से मिलेगा |
1320	1320	1320	Move ~a onto the king of clubs.	~a को चिड़ी का बादशाह पर ले जाएँ	बारी-बारी से उस व्यक्ति को क्लब में कोई राजकुमारी के रूप में आना चाहिए।
1321	1321	1321	10 grand, that's all I got from that lawyer.	10 हज़ार, मैं उस वकील से मिला है वह सब है.	जैसा कि कोई भी लिख रहा है...
1322	1322	1322	Blue Squares	नीला वर्ग	क्या स्वर्ण क्षेत्र
1323	1323	1323	I'm not rich right now.	अब मैं अमीर नहीं हूँ.	जी हूँ मुझे अभी भी धन्यवाद।
1324	1324	1324	It's lunch, Probies!	यह दोपहर के भोजन है, Probies!	यह प्रोसेस लंच है, प्रोसेस बेट!
1325	1325	1325	Add	जोड़ें	रह
1326	1326	1326	Those meetings are bullshit!	उन बैठकों बकवास कर रहे हैं!	इस तरह के संघटन के परिणाम सिवास भारत के
1327	1327	1327	The manager that created this data	प्रबंधक जो इस डेटा को निर्मित किया हैdefault:RTLpredefinito:LTR	इस डेटा के विकारक को क्या हुआ
1328	1328	1328	Move contacts to	संपर्कों को यहाँ खिसकाएँ	रेफ़र के रूप में
1329	1329	1329	Other	अन्य	जैसा
1330	1330	1330	X	एक्स	कोई
1331	1331	1331	- Yeah, I wasn't talking to you.	- मैं तुमसे बात नहीं कर रहा था?	- हाँ, मैं तुमसे बात नह कर रहा था।
1332	1332	1332	He wanted me to thank you for that.	उसने मुझे उस के लिए धन्यवाद करना चाहता था.	यह चाहते हैं कि वे आपके लिए धन्यवाद देन.
1333	1333	1333	Automatically update the file's symbols without saving. The update occurs after 10 seconds without keypresses by the user.	स्वचालित प्रकार से फ़ाइल से. सहेजन रहा है पश्चात सेकण्ड द्वारा प्रयोक्ता.	फ़ाइल के स्यम को बिना सaved के ही अपडेट किया तो बिना कुछ भी हो गया । और 10 सेकंड के बाद बिना कुछ भी हो गया ।
1334	1334	1334	The Race Laws require me to ask you this:	तुम से यह पूछने को:	सरसों के कानूनों के द्वारा मुझे यह पूछना पड़ रहा है कि तुम्हें इस पूछने की ज़रूरत है।
1335	1335	1335	He's coming up the back stairs.	वह वापस सीढ़ियों से ऊपर आ है.	वो पीछे के स्टairs में आयेगा।
1336	1336	1336	Copy...	नक़ल...	कॉपी...
1337	1337	1337	Here is the real European news: the great, post-war plan to unite Europe has finally stalled.	यहां वास्तविक यूरोपीय समाचार हैः यूरोप को संगठित करने की महान, युद्ध-पश्चात योजना अंततः रुक गई है।	यह सच है यूरोपीय संघ के एक पूरक योजना का पालन के लिए यह बताया गया कि यह योजना अब से स्थिर नहीं है जिससे इस बात को स्थायी रूप से बताया जा सके कि यह योजना अब से स्थिर नहीं है जिससे इस बात को स्थायी रूप से बताया जा सके कि यह योजना अब से स्थिर नहीं है जिससे इस बात को स्थायी रूप से बताया जा सके कि यह योजना अब से स्थिर नहीं है जिससे इस बात को स्थायी रूप से बताया जा सके कि यह योजना अब से स्थिर नहीं है जिससे इस बात को स्थायी रूप से बताया जा सके कि यह योजना अब से स्थिर नहीं है जिससे इस बात को स्थायी
1338	1338	1338	Dr. Gottlieb and dr.	डा. Gottlieb और डॉ.	
1339	1339	1339	Manju Lakshmi won first prize and Shilpa won second prize.	मंजू लक्ष्मी प्रथम व शिल्पा ने द्बितीय स्थान प्राप्त किया।	मान्जू लक्ष्मी ने पहले पुरस्कार और शिल्प पुरस्कार मिले।
1340	1340	1340	You do not have read/ write permission to your sent-mail folder.	आपके पास आपकी भेजी- डाक फ़ोल्डर पर पढ़ने/ लिखने की अनुमतियाँ नहीं है.	आप के हाथों में अपने संदेश-मेल के क्षेत्र को पढ़ने की कोई पाती नहीं है.
1341	1341	1341	Krishnadev sir.	Krishnadev सर।	क्रिश्णन सिर।
1342	1342	1342	Please have mercy!	दया कर देते हैं!	कृप्यों के लिए!
1343	1343	1343	Microsoft?	माइक्रोसॉफ्ट?	मिस्ट्री?
1344	1344	1344	A tech bomb.	एक तकनीक बम.	एक टेक बॉम्ब.
1345	1345	1345	What are you doing?	आप क्या कर रहे हो?	आप क्या कर रहे?
1346	1346	1346	It is naught but revelation that is revealed,	वह तो बस एक प्रकाशना है, जो की जा रही है	अरे स्वर्ग की जानकारी स्वर्ग से जानकारी है
1347	1347	1347	The title is a loose translation for “Inventive Dobromir”.	"इसका शीर्षक ""आविष्कारशील दोब्रोमीर"" का अमूमन अनुवाद है।"	"चित्र:
चित्र का संबंध “इनवेटिव डब्रोमिर” से है।"
1348	1348	1348	About ten days ago, I took him there and buried.	करीब दस दिन हुये. मैं उसे वहाँ ले गयी और दफन कर दिया.	बीस दिन पहले मैंने उससे मिलवाई और कब्रे।
1349	1349	1349	That was me who took a fucking bullet in the gut.	कि पेट में एक कमबख्त गोली ले लिया, जो मैं था.	जिस के यह मेरा नाम है वह व्हा की बिल्टन है व्हा की बिल्टन है।
1350	1350	1350	Export Dictionary	शब्दकोश निर्यात करें (E)...	बोलते समय डिक्शनर
1351	1351	1351	Bella, you've to understand Your safety is everything to me.	बेला है, तो आप सुरक्षा है अपने को समझने के लिए मेरे पास सब कुछ है.	बेल्ला, तुम्हें तो सुनना होगा कि मेरी सुरक्षा सबसे ज़्यादा है.
1352	1352	1352	DARREN:	DARREN:	नहीं अडी:
1353	1353	1353	Or He Who answers the prayer of the helpless when he invokes Him and removes the evil, and makes you inheritors of the earth? Is there a God along with Allah?! Very little do they ponder!	या वह जो व्यग्र की पुकार सुनता है, जब वह उसे पुकारे और तकलीफ़ दूर कर देता है और तुम्हें धरती में अधिकारी बनाता है? क्या अल्लाह के साथ कोई और पूज्य-प्रभु है? तुम ध्यान थोड़े ही देते हो	यह स्वर्ग से बचने के लिए पूछने के लिए और रोग के क्रियात्मक होने के लिए वे सोचने से छह गुने भी हो सकता है
1354	1354	1354	And We have sent down the Book unto thee with truth; and confirming that which hath preceded it of the Book, and a guardian thereof. Wherefrom judge thou between them by that which Allah hath sent down, and follow thou not away from that which hath their desires come to thee of the truth. Unto each of you We appointed law and a way. And had Allah listed, He would have made you all a single community, but He willed not in order that he may prove you by that which He hath vouchsafed unto you. Hasten wherefore to the virtues; unto Allah is the return of you all; then He shall declare unto you concerning that wherein ye have been disputing.	और हमने तुम्हारी ओर यह किताब हक़ के साथ उतारी है, जो उस किताब की पुष्टि करती है जो उसके पहले से मौजूद है और उसकी संरक्षक है। अतः लोगों के बीच तुम मामलों में वही फ़ैसला करना जो अल्लाह ने उतारा है और जो सत्य तुम्हारे पास आ चुका है उसे छोड़कर उनकी इच्छाओं का पालन न करना। हमने तुममें से प्रत्येक के लिए एक ही घाट (शरीअत) और एक ही मार्ग निश्चित किया है। यदि अल्लाह चाहता तो तुम सबको एक समुदाय बना देता। परन्तु जो कुछ उसने तुम्हें दिया है, उसमें वह तुम्हारी परीक्षा करना चाहता है। अतः भलाई के कामों में एक-दूसरे से आगे बढ़ो। तुम सबको अल्लाह ही की ओर लौटना है। फिर वह तुम्हें बता देगा, जिसमें तुम विभेद करते रहे हो	अरे, यह तो बहुत अच्छा हो सकता हूँ कि वे सभी स्पष्ट रूप से बता सकते हैं कि उन्हें जो विवरण चाहते हैं, वह स्पष्ट रूप से बता सकते हैं कि वे उसके संबंध में नहीं हैं।
1355	1355	1355	God is He that looses the winds, that stir up clouds; and He spreads them in heaven how He will, and shatters them; then thou seest the rain issuing out of the midst of them, and when He smites with it whomsoever of His servants He will, lo, they rejoice,	ख़ुदा ही (क़ादिर तवाना) है जो हवाओं को भेजता है तो वह बादलों को उड़ाए उड़ाए फिरती हैं फिर वही ख़ुदा बादल को जिस तरह चाहता है आसमान में फैला देता है और (कभी) उसको टुकड़े (टुकड़े) कर देता है फिर तुम देखते हो कि बूँदियां उसके दरमियान से निकल पड़ती हैं फिर जब ख़ुदा उन्हें अपने बन्दों में से जिस पर चहता है बरसा देता है तो वह लोग खुशियाँ माानने लगते हैं	अरे, यह तो अच्छी बात है।
1356	1356	1356	You (believers) will certainly be tested by the loss of your property and lives and you will hear a great many grieving words from the People of the Book and the pagans. If you will have patience and piety, it will be a sign of firm determination and steadfastness (in life).	(मुसलमानों) तुम्हारे मालों और जानों का तुमसे ज़रूर इम्तेहान लिया जाएगा और जिन लोगो को तुम से पहले किताबे ख़ुदा दी जा चुकी है (यहूद व नसारा) उनसे और मुशरेकीन से बहुत ही दुख दर्द की बातें तुम्हें ज़रूर सुननी पड़ेंगी और अगर तुम (उन मुसीबतों को) झेल जाओगे और परहेज़गारी करते रहोगे तो बेशक ये बड़ी हिम्मत का काम है	"अस्पष्ट:
आप (विश्वदाताओं) के दिल में थोड़ा स्पष्ट भी हो सकता है कि आप जो लोग आपके साथ होते हैं वे भी आपके साथ होते हैं, अगर आप जो लोग आपके साथ होते हैं वे भी आपके साथ होते हैं, अगर आप जो लोग आपके साथ होते हैं वे भी आपके साथ होते हैं, अगर आप जो लोग आपके साथ होते हैं वे भी आपके साथ होते हैं, अगर आप जो लोग आपके साथ होते हैं वे भी आपके साथ होते हैं, अगर आप जो लोग आपके साथ होते हैं वे भी आपके साथ होते हैं, अगर आप जो लोग आपके साथ होते हैं वे भी आपके साथ होते हैं, अगर आप जो लोग आपके साथ होते हैं वे भी आपके साथ ह"
1357	1357	1357	They're probably already there.	वे शायद पहले से ही कर रहे हैं.	इससे पहले किसी ऐसी जगह हो सकती है.
1358	1358	1358	[imitates gunfire]	[गोलियां चलाने का अभिनय]	अन्यथा
1359	1359	1359	_Reply style:	जवाब शैली: (_R)	"आवेदार:
_Answer style:"
1360	1360	1360	Run the configuration assistant	विन्यास सहायक चलाएँ	प्राथमिक रूप से स्थापित करने के लिए कॉन्फीर्मेशन असिस्टेंट
1361	1361	1361	I work at city hall, actually.	मैं वास्तव में, शहर के हॉल में काम करते हैं.	कि हॉल में मैं काम करता हूँ।
1362	1362	1362	Who's the king of pranks now, then, eh? You were never up for an award, you silly tosser.	खैर, वह जीवंत टीवी का जादू है, अंदाज़ा है।	राजा कौन है प्ले बॉटी वाला कौन है ? आप जो हो बिना जीते जाने वाले साहस्ता थे।
1363	1363	1363	Cameron is Niles' son.	कैमरून नाइल्स 'बेटा है.	कैमरन निल्स का बच्चा है।
1364	1364	1364	Document License	लेखपत्र प्रदर्शक	मार्केटिंग लाइसेंस
1365	1365	1365	Worthless people live only to eat and drink.	निकम्मे लोग सिर्फ खाने पीने के लिए जीते हैं	जो भी लिख सकता है उसे जो भी हो सकता है उसे जो भी हो सकता है उसे जो भी हो सकता है उसे
1366	1366	1366	Our job is not to remember.	हमारा काम याद करने के लिए नहीं है.	हमें याद रखने की जिम्मादारी है।
1367	1367	1367	The Missus said I wasn't to show it to anyone.	मालकिन ने कहा कि किसी को दिखाना नहीं.	मिसससी कहीं के कहा कि किसी को इसका प्रदर्शन करना नहीं है।
1368	1368	1368	Sudan	सूडान	सुदान
1369	1369	1369	"And O my people, this is the she-camel of Allah - [she is] to you a sign. So let her feed upon Allah 's earth and do not touch her with harm, or you will be taken by an impending punishment."""	"ऐ मेरी क़ौम के लोगो! यह अल्लाह की ऊँटनी तुम्हारे लिए एक निशानी है। इसे छोड़ दो कि अल्लाह की धरती में खाए और इसे तकलीफ़ देने के लिए हाथ न लगाना अन्यथा समीपस्थ यातना तुम्हें आ लेगी।"""	इस प्रकार से, आप मेरी धार्मिक ग्रुप (शेर-कमेल) को सूचित कर रहे हूँ कि यदि वे किसी हानि से प्रभावित हों या ऐसा हों कि वे हानि से प्रभावित हों, तो ऐसा फायदा भी होगा कि वे ऐसा नहीं हों।
1370	1370	1370	There is a Tanaka in my class, too.	मेरी कक्षा में भी एक तानाका है।	मेरे क्लास में टानाका भी है।
1371	1371	1371	I DON'T THINK I'LL BE OUT HERE AGAIN.	मैं मैं यहाँ फिर से बाहर हो जाएगा नहीं लगता..	मुझे यहाँ आने के बाद भी इस तरह से बाहर आने ज़ारूरी है।
1372	1372	1372	As much as I'd love to kill you, I'm glad she's warm.	बेटी को मारने के लिए चाहेंगे के रूप में ज्यादा के रूप में आप मुझे है कि वह गर्म है.	मैं तुम्हें जितना ज्यादा हो सकता है, उतनी हो सकती भी।
1373	1373	1373	"That is God, your true Lord. What is there, besides the truth, but error? How then can you turn away?"""	फिर यही अल्लाह तो है तुम्हारा वास्तविक रब। फिर आख़िर सत्य के पश्चात पथभ्रष्टता के अतिरिक्त और क्या रह जाता है? फिर तुम कहाँ से फिरे जाते हो?	यह बुद्ध है, आपका सच्चा पिता। यह सच्चाई, आपकी सच्चाई, लेकिन गलती का स्रोत नहीं है।
1374	1374	1374	Did he threaten your sister?	क्या उसने तुम्हारी बहन को धमकी दी?	जिसने यह सवाल किया था वह आपकी बेटी को धमकी भरी नतृत्व वाली महिला के डर के साथ किया गया था
1375	1375	1375	_Reply style:	जवाब शैली: (_R)	आवेदार से जवाब देने के लिए रिपोर्टिंग स्टाइल का उपयोग करना योग्य है।
1376	1376	1376	Sent	गई डाक	बात
1377	1377	1377	Pharaoh exalted himself in the land, and divided its people into factions. He persecuted a group of them, slaughtering their sons, while sparing their daughters. He was truly a corrupter.	बेशक फिरऔन ने (मिस्र की) सरज़मीन में बहुत सर उठाया था और उसने वहाँ के रहने वालों को कई गिरोह कर दिया था उनमें से एक गिरोह (बनी इसराइल) को आजिज़ कर रखा थ कि उनके बेटों को ज़बाह करवा देता था और उनकी औरतों (बेटियों) को ज़िन्दा छोड़ देता था बेशक वह भी मुफ़सिदों में था	अर्थ: किंतु फिरो फिर कुछ जानकारी हटा कर देते हैं।
1378	1378	1378	- Berlin's in uproar!	- बर्लिन में हाहाकार मचा हुआ है!	- बेर्लिन के लोगों को असहजता से व्यवस्थित होना चाहे तो चिंतन से भी ज्यादा असह्य हो सकता है।
1379	1379	1379	You already like the boy.	आप पहले से ही लड़के को पसंद करती हैं.	जैसा हुआ भी हो सकता है।
1380	1380	1380	Isn't violence the official solution of our government in Iraq,	हिंसाआधिकारिक समाधान नहीं है इराक में हमारी सरकार की,	नहीं कैसे है, इसे हमारे सरकार का इराक में संघर्व किया गया है,
1381	1381	1381	it'll cost you.	और तुम्हें खर्च आएगा.	इससे ज़्यादा नहीं.
1382	1382	1382	that's what you can bring them.	कि आप उन्हें क्या ला सकता है.	इस बारे में आपको भी लेना चाहिए.
1383	1383	1383	What's a webis...?	एक webis क्या है	कौन स...?
1384	1384	1384	It will keep you from getting sick in this damp bunker.	यह तुमको इस नम बंकर में बीमार होने से बचायेगी.	इस ठंड बUNKर के साथ साथ आप संक्षेत्र से संक्षेत्र में जा सकते हैं.
1385	1385	1385	Louis goes down, you make it out.	लुई नीचे चला जाता है , आप इसे बाहर.	लुई को नीचे, आप इसे निकला ले.
1386	1386	1386	You're gonna turn right on Maple Street.	आप मेपल सड़क पर सही बारी करने वाले हैं.	आप मैपल स्ट्रीट पर राइट पर होकर चलेंगे।
1387	1387	1387	Moses said, 'Our Lord, Thou hast given to Pharaoh and his Council adornment and possessions in this present life. Our Lord, let them go astray from Thy way; Our Lord, obliterate their possessions, and harden their hearts so that they do not believe, till they see the painful chastisement.'	और मूसा ने अर्ज़ की ऐ हमारे पालने वाले तूने फिरऔन और उसके सरदारों को दुनिया की ज़िन्दगी में (बड़ी) आराइश और दौलत दे रखी है (क्या तूने ये सामान इस लिए अता किया है) ताकि ये लोग तेरे रास्तें से लोगों को बहकाएं परवरदिगार तू उनके माल (दौलत) को ग़ारत (बरबाद) कर दे और उनके दिलों पर सख्ती कर (क्योंकि) जब तक ये लोग तकलीफ देह अज़ाब न देख लेगें ईमान न लाएगें	अर्थ: मोसे said, 'हमरा तुम्होंने फ़रोशियों को और संबंधित लोगों की संपारी और संपत्ति, और कड़ी हिंसा के कारण उनके मन में बदल जाती है।
1388	1388	1388	It wouldn't be improper for me to forward Ellen some money.	यह मेरे एलेन कुछ पैसे को आगे करने के लिए अनुचित नहीं होगा.	इससे पहले Ellen से कुछ पैसे भेजने ज़रूरी होगी सुनें।
1389	1389	1389	translator-credits	राजेश रंजन (rranjan@redhat.com, rajeshkajha@yahoo.com) रविशंकर श्रीवास्तव (raviratlami@yahoo.com)	जिस प्रक्रिया या प्रयोग के प्रतिक्रिया के समय से पहले किसी व्यक्ति से प्रतिक्रिया या प्रयोग के प्रतिक्रिया के समय से पहले किसी व्यक्ति से प्रतिक्रिया या प्रयोग के प्रतिक्रिया के समय से पहले किसी व्यक्ति से प्रतिक्रिया या प्रयोग के प्रतिक्रिया के समय से पहले किसी व्यक्ति से प्रतिक्रिया या प्रयोग के प्रतिक्रिया के समय से पहले किसी व्यक्ति से प्रतिक्रिया या प्रयोग के प्रतिक्रिया के समय से पहले किसी व्यक्ति से प्रतिक्रिया या प्रयोग के प्रतिक्रिया के समय से पहले किसी व्यक्ति से प्रतिक्रिया या प्रय
1390	1390	1390	Sorry, hoss.	क्षमा करें, Hoss.	पहुच, होस।
1391	1391	1391	If their town had been stormed, and they had been incited to sedition, they would have rebelled with little hesitation.	और यदि उसके चतुर्दिक से उनपर हमला हो जाता, फिर उस समय उनसे उपद्रव के लिए कहा जाता, तो वे ऐसा कर डालते और इसमें विलम्ब थोड़े ही करते!	अगर उनके शहर विद्रोह हो जाए और वे लोग विद्रोह करने के लिए प्रेरित हो जाए, तो वे कुछ ही रुकने के कारण हो जाएँ।
1392	1392	1392	Go.	चलो.	जो!
1393	1393	1393	Maybe they'll give room and board at lvanovo.	शायद वे इवानवा में कमरे और बोर्ड दे देंगे.	जैसे वे जगह और भालो वालो के लिए स्थान और भalon की सुविधा दे सकते हैं।
1394	1394	1394	Well, that's fantastic!	वैसे, यह शानदार है!	हाँ, ठीक से!
1395	1395	1395	They will say nay! it is ye, for whom there is no welcome: it is ye who have brought it upon us. Evil shall be the resting-place.	"वे कहेंगे, ""नहीं, तुम नहीं। तुम्हारे लिए कोई आवभगत नहीं। तुम्ही यह हमारे आगे लाए हो। तो बहुत ही बुरी है यह ठहरने की जगह!"""	यह कहें द्वारा निययित्व मिलेगा: यह यकीने से नहीं कहा जा सकता है कि evil का स्थानांतरित रूप से होगा।
1396	1396	1396	I helped my father water the flowers.	मैंने अपने पापा को फूलों को पानी डालने में मदद करी थी।	मैंने अपने पिताजी के साथ पानी डालने की मदद दी.
1397	1397	1397	Layout style	अभिन्यास शैली	केडी स्टाइल
1398	1398	1398	- You've got to help me, Baiocco.	- मेरी मदद करो, बाइओक्को.	- आप मुझसे मदद चाहते हैं, बायोकॉल्टो।
1399	1399	1399	Nothing like whom?	िकस जैसे?	Nothing like whom?
1400	1400	1400	The people of the Pharaoh picked him up (without realizing) that he would become their enemy and a source of their sorrow. The Pharaoh, Haman, and their army were sinful people.	(ग़रज़ मूसा की माँ ने दरिया में डाल दिया) वह सन्दूक़ बहते बहते फिरऔन के महल के पास आ लगा तो फिरऔन के लोगों ने उसे उठा लिया ताकि (एक दिन यही) उनका दुश्मन और उनके राज का बायस बने इसमें शक नहीं कि फिरऔन और हामान उन दोनों के लश्कर ग़लती पर थे	पहूँ: फाराओ के लोग हैमन के पास उन्हें उठा लिए.
1401	1401	1401	Unicode (UTF-_8)	यूनिकोड (UTF-_8)	अन्य भाषा (यू.टी.ए. 8)
1402	1402	1402	You're a father now!	आप एक पिता अब कर रहे हैं!	आप एक पिता हो मात्रा से!
1403	1403	1403	And the day He shall muster them, as if they had not tarried but an hour of the day, mutually recognizing one another; lost will be those who cried lies to the encounter with God, and were not guided.	और जिस दिन ख़ुदा इन लोगों को (अपनी बारगाह में) जमा करेगा तो गोया ये लोग (समझेगें कि दुनिया में) बस घड़ी दिन भर ठहरे और आपस में एक दूसरे को पहचानेंगे जिन लोगों ने ख़ुदा की बारगाह में हाज़िर होने को झुठलाया वह ज़रुर घाटे में हैं और हिदायत याफता न थे	अस्पष्यता वे लोग जो ईशा के साथ नहीं बलि 1 मिनट के भीतर समझ सकते हैं, वे लोग ईशा के साथ नहीं बलि 1 मिनट के भीतर समझ सकते हैं, वे लोग ईशा के साथ नहीं बलि 1 मिनट के भीतर समझ सकते हैं, वे लोग ईशा के साथ नहीं बलि 1 मिनट के भीतर समझ सकते हैं, वे लोग ईशा के साथ नहीं बलि 1 मिनट के भीतर समझ सकते हैं, वे लोग ईशा के साथ नहीं बलि 1 मिनट के भीतर समझ सकते हैं, वे लोग ईशा के साथ नहीं बलि 1 मिनट के भीतर समझ सकते हैं, वे लोग ईशा के साथ नहीं बलि 1 मिनट के भीतर समझ सकते हैं, वे लोग ईशा के साथ नहीं बलि 1 मिनट के भीतर समझ सकत
1404	1404	1404	Whether or not to use the notification tray for display reminders	अनुस्मारक दिखाने के लिए क्या सूचना ट्रे का प्रयोग करना है या नहीं	परीक्षण ट्रay का उपयोग डिस्लिप के रूप में क्या हो सकता हैं
1405	1405	1405	Section where are installed the man pages. Valid section names are the digits ‘0’ through ‘9’, and the letters ‘l’ and ‘n’.	विभाग पृष्ठों खंड नाम के जरिए और अक्षर और नहीं	मान सheetों में स्थित मान सheetों का संख्या प्रणाली स्थानांत्यास
1406	1406	1406	There is none among the People of the Book but will surely believe in him before his death; and on the Day of Resurrection, he will be a witness against them.	और (जब ईसा मेहदी मौऊद के ज़हूर के वक्त आसमान से उतरेंगे तो) अहले किताब में से कोई शख्स ऐसा न होगा जो उनपर उनके मरने के क़ब्ल ईमान न लाए और ख़ुद ईसा क़यामत के दिन उनके ख़िलाफ़ गवाही देंगे	यहाँ लोगों के बीच में नहीं बल्कि उसे देने वाले हो सकते हैं लेकिन यहाँ से उन्हें नहीं भी बताया जा सकेगा कि उस दिन Resurrection के समय पर उनका साक्ष्य होगा।
1407	1407	1407	You gonna come down from there or what?	तुम वहाँ या क्या से नीचे आने वाला है?	आप वहाँ से क्या आने वाला है?
1408	1408	1408	Walshy won't sell, it's his nest egg.	वॉल्शी बेचेगा नहीं, वही तो उसका चारा है।	वाल्शी ने नहीं, यह उसकी राशि नहीं है.
1409	1409	1409	- I'll take the pictures, Brendan.	- मैं तस्वीरें लूँगा, ब्रेंडन।	- ब्रेन्ड के लिए पिक्सेल टॉक कर लूँगा।
1410	1410	1410	"""This is what life is. This is why we're here, to connect."	"""यह जीवन क्या है हम यहाँ हैं यही कारण है , कनेक्ट करने के लिए"	इसे जो भी है वैसा है। इसे हमारे यहाँ, हमारे यहाँ से जो भी है वैसा है।
1411	1411	1411	So what the hell am I supposed to tell O'Keefe?	तोक्यानरकमैं ओ'कीफेबताने वाला हूँ	सबसे जो है मुझे सबसे जो है, ओ'केफे को बताना
1412	1412	1412	GENERAL HELMUTH WEIDLING died in Soviet captivity in 1955.	जनरल हेलमथ विल्डिंग की 1955 में सोवियत कैद में मृत्यु हो गई.	सोवियत नियंत्रण में 1955 में जस्पेंट के साथ विवादात्व के स्थिति में उनकी मृत्यु हुई।
1413	1413	1413	- What?	ट्रेवर : क्या?	-
1414	1414	1414	Add a new file/directory to the Subversion tree	जोड़ें a नया फ़ाइल निर्देशिका को सबवर्सन ट्री	इस प्रकार के जानकारी को अस्थित नहीं किया गया माध्यम से निर्दिष्ट नहीं किया जा सकता
1415	1415	1415	I'm excited and happy about your arrival.	तुम्हारे आने से मैं बहुत खुश हूँ.	मैं उत्साहित और खुश हूँ कि आप से तो ही ज़्यादातर्निर्गत्कृत्व के साथ आपने मुझे बहुत सारा जानकारी दी है.
1416	1416	1416	Even if it was the wish of your heart...	यह आपके दिल की इच्छा थी यहां तक ​​कि अगर... यह एक झूठ है!	अगरा यकीने कि...
1417	1417	1417	LOOK AT ME OR GET IT RIGHT IN YOUR BALLS.	सही अपनी गेंदों में मुझे देखो या इसे जाओ.	"डब्ल्यू:
मैं देख सकता हूँ या सही से कह सकता हूँ कुछ लोग ऐसी बातें कह सकते हैं जो वे ही नहीं हो सकती।"
1418	1418	1418	Start	प्रारंभ	शुरुआत
1419	1419	1419	We intercepted a Kaiju and saved everyone on that boat.	हम एक Kaiju रोक दिया और कहा कि नाव पर सभी को बचा लिया.	कईज़ी और उस boat पर कौन सी लोगों की सुरक्षा कर रहे कaiju का बचाव कर रहे
1420	1420	1420	Our species has never been, but Increases In the first seven months of life.	हमारी प्रजाति लेकिन कभी नहीं रही है, बढ़ जाती है जीवन के पहले सात महीनों में.	हमारे समूह ने पहले सात महीनों में नहीं हो सकता कि क्या हो सकता.
1421	1421	1421	He who obeys the Messenger, obeys Allah: But if any turn away, We have not sent thee to watch over their (evil deeds).	जिसने रसूल की आज्ञा का पालन किया, उसने अल्लाह की आज्ञा का पालन किया और जिसने मुँह मोड़ा तो हमने तुम्हें ऐसे लोगों पर कोई रखवाला बनाकर तो नहीं भेजा है	अवे जो कोई भी बदलने या रोकने के लिए जाता है, उसे देखें नहीं दिया जाता है।
1422	1422	1422	General	सामान्य	जस्ट
1423	1423	1423	%F %T	%F %T	आपका कोई फ़ॉल/टी
1424	1424	1424	But Kai wanted the power all to himself.	पर काई सारी शक्ति पर अपना ही अधिकार जमाना चाहता था।	लेकिन के को सिर्फ़ अपने हाथों में लाना चाहे तो थोड़ा असह्य है।
1425	1425	1425	Hey, you mind?	अरे, तुम बुरा है?	हाय, यार?
1426	1426	1426	That was good of her.	यही कारण है कि उसके बारे में अच्छा था।	उनके बारे में कुछ भी हो सकता है लेकिन वो हो सकती है वह भी हो सकती है।
1427	1427	1427	- Laban, of course.	- बेशक लाबान.	यहाँ सुनना चाहिए.
1428	1428	1428	Am I running around in circles?	मैं हलकों में चारों ओर चल रहा है?	हाँ, मैं चकित महसूस करता हूँ।
1429	1429	1429	Did you not see the hypocrites say to their brethren, the unbelievers among the People of the Book: “If you are banished we too will go with you and will not listen to anyone concerning you; and if war is waged against you, we will come to your aid.” But Allah bears witness that they are liars.	"क्या तुमने उन लोगों को नहीं देखा जिन्होंने कपटाचार की नीति अपनाई हैं, वे अपने किताबवाले उन भाइयों से, जो इनकार की नीति अपनाए हुए है, कहते है, ""यदि तुम्हें निकाला गया तो हम भी अवश्य ही तुम्हारे साथ निकल जाएँगे और तुम्हारे मामले में किसी की बात कभी भी नहीं मानेंगे। और यदि तुमसे युद्ध किया गया तो हम अवश्य तुम्हारी सहायता करेंगे।"" किन्तु अल्लाह गवाही देता है कि वे बिलकुल झूठे है"	अरे, यह वचन सुनने वाले से होता है कि वे लोग विवाहित नहीं हैं और उन लोगों का सहयक्ति नहीं होता है।
1430	1430	1430	file chooser	फ़ाइल-चयनक	फाइल चुनाव
1431	1431	1431	Those to whom We have given the Book rejoice in what is sent down to you, while some factions reject a part of it. Say: 'I am commanded to worship Allah and to associate none with Him. To Him I supplicate, and to Him I turn'	"जिन लोगों को हमने किताब प्रदान की है वे उससे, जो तुम्हारी ओर उतारा है, हर्षित होते है और विभिन्न गिरोहों के कुछ लोग ऐसे भी है जो उसकी कुछ बातों का इनकार करते है। कह दो, ""मुझे पर बस यह आदेश हुआ है कि मैं अल्लाह की बन्दगी करूँ और उसका सहभागी न ठहराऊँ। मैं उसी की ओर बुलाता हूँ और उसी की ओर मुझे लौटकर जाना है।"""	यहाँ से जो लिखता हूँ वो सुनने के लिए भेजा गया हूँ. कुछ समूह ने भी इस हिस्से को वैध ठहराया है.
1432	1432	1432	If We give the human being a taste of mercy from Us, and then withdraw it from him, he becomes despairing and ungrateful.	यदि हम मनुष्य को अपनी दयालुता का रसास्वादन कराकर फिर उसको छीन लॆं, तॊ (वह दयालुता कॆ लिए याचना नहीं करता) निश्चय ही वह निराशावादी, कृतघ्न है	अस्पष्ट हो सकता हूँ कि इस सामग्री को अक्सर सांकित्व और विश्वास में परिवर्तन देने के लिए प्रेरित करने वाले शब्दों के ज़रिए इस प्रकार से संप्रथ की गई थी।
1433	1433	1433	Did you know that Mr. sly Wheaton has a legal document proving that every cent of that estate was intended for Ellen and nobody else, period?	आप श्री धूर्त व्हीटॉन एक कानूनी दस्तावेज है कि पता था साबित करना है कि वह संपत्ति का हर प्रतिशत एलेन और कोई नहीं, इस अवधि के लिए करना चाहता था?	आप जानते हैं कि मिस्टर सिल्वेट ने एक लेख पत्र प्राप्त की है जिसमें उसका निर्देश किया गया था कि हर एक पैसे जो वह व्यक्त करने वाले थे वह व्यक्त करने वाले थे, जिन्हें वह निर्देश किया गया था कि वह व्यक्त करने वाले थे।
1434	1434	1434	_Image	चित्र (_I)Disc Image	कृपया ध्यान से आगे न लें या गलत जानकारी दें।
1435	1435	1435	But I had it earlier and now it's gone.	लेकिन मैं यह पहले था और अब वह चला गया है.	लेकिन मैंने पहले time था और अब भी नहीं
1436	1436	1436	The adulterer and the adulteress, scourge ye each one of them (with) a hundred stripes. And let not pity for the twain withhold you from obedience to Allah, if ye believe in Allah and the Last Day. And let a party of believers witness their punishment.	़ज़िना करने वाली औरत और ज़िना करने वाले मर्द इन दोनों में से हर एक को सौ (सौ) कोडे मारो और अगर तुम ख़ुदा और रोजे अाख़िरत पर ईमान रखते हो तो हुक्मे खुदा के नाफिज़ करने में तुमको उनके बारे में किसी तरह की तरस का लिहाज़ न होने पाए और उन दोनों की सज़ा के वक्त मोमिन की एक जमाअत को मौजूद रहना चाहिए	"इस प्रकार के सार्वजनीय तथा पारितीय रूप से रंगित कार्ड के प्रतिनिधियों को निर्देश के अनुसार ये कार्यों को जारी रखने के लिए मजबूर किया जा सकता है।

इस प्रकार के अनुसार, ये कार्यों को जारी रखने के लिए मजबूर किया जा सकता है:

1. प्रतिभा को प्रभावित करेगा, जिससे यह देखा योग्य होगा कि ये कार्यों को जारी रखने के लिए मजबूर किया जा सकता ह%.

2. ये कार्यों को जारी रखने के लिए मजबूर किया जा सकता है:
ये कार्यों को जारी रखने के लिए मजबूर किया जा सकता है:
ये कार्यों को जारी रखने के लिए मजबूर किया जा सकत"
1437	1437	1437	Come on, you've got more than that.	चलो, मैं चोट कर रहा हूँ, है ना?	दिलचल साहस्य, आप में से ज़्यादातर कुछ हाँस्ट्री हो सकते हैं।
1438	1438	1438	English (Canada)	इंग्लिश (कॅनडा)	अन्य भाषाएं (कनाडा)
1439	1439	1439	Disable use of the fixed function pipeline backend	निश्चित फ़ंक्शन पाइपलाइन बैकएंड का उपयोग निष्क्रिय करें	स्थायी कार्य प्रकल्पन पृष्ठभूमि प्रदान करना बंद करना
1440	1440	1440	Yeah, same coffee shop.	हाँ, एक ही कॉफी की दुकान.	हाँ, सीआरसी का स्ट्रीट फ़ॉर कॉफ़ी शॉप
1441	1441	1441	O Romeo, Romeo, wherefore art thou Romeo?	हे रोमियो, रोमियो, किस कला तू रोमियो?	रोमो, रोमो, व्हरोथ यू रोमो?
1442	1442	1442	Turn it off please, John.	जॉन, कृपया इसे बंद कर दो।	राइट टurn it off please, जॉन.
1443	1443	1443	I just need to eat something.	कुछ खाने के लिए मैं सिर्फ जरूरत है.	मुझे खाने को तैयार हूँ।
1444	1444	1444	"And were you to wonder, then wondrous indeed is the saying of those who say: ""What! After we have been reduced to dust, shall we be created afresh?"" They are the ones who disbelieved in their Lord; they are the ones who shall have shackles around their necks. They shall be the inmates of the Fire, wherein they will abide for ever."	"अब यदि तुम्हें आश्चर्य ही करना है तो आश्चर्य की बात तो उनका यह कहना है कि ,""क्या जब हम मिट्टी हो जाएँगे तो क्या हम नए सिरे से पैदा भी होंगे?"" वही हैं जिन्होंने अपने रब के साथ इनकार की नीति अपनाई और वही है, जिनकी गर्दनों मे तौक़ पड़े हुए है और वही आग (में पड़ने) वाले है जिसमें उन्हें सदैव रहना है"	अस्पष्ट हो सकता हूँ कि इस संसाधन के दायरुमे गिनतम
1445	1445	1445	We got into a fight...	हम एक लड़ाई में मिला...	हमने लड़ाई शुरू कर दी...
1446	1446	1446	, why did you send me here?	क्यों तुम मुझे यहाँ भेजा है?	, क्यों तुमने मुझे यहाँ से कह दिया?
1447	1447	1447	♪ COULD BE FOREVER BOUND	♪हमेशाके लिएबाध्यकिया जासकताहै	प्रिया, को बिल्क्रUIT रोगन से बिल्क्रUIT रगन से बिल्क्रUIT रह सकती हूँ
1448	1448	1448	Maldives Health blog has discussed the issue here. This is it.	मालदीव हेल्थ ब्लॉग ने मामले का ज़िक्र करते हुये लिखा	इस बारे में मल्दिया स्वास्थ्य ब्लॉग ने चर्चा की। यह चर्चा यहाँ सो चालू है।
1449	1449	1449	That's good, Jacobs.	अच्छा यही है, याकूब.	जैस्क्स ने बेहतर!
1450	1450	1450	You cowards.	आप डरपोक.	आप गोलरूप से निशाने से लग सकते हैं।
1451	1451	1451	If Kim Woo-jing becomes the regent,	किम वू जिंग रीजेंट हो जाता है,	रेगन के रूप में किम वू-जिंग से पहले कौन हो जाएगा
1452	1452	1452	Ignored	नज़रअंदाज़ कियाBoolean True - Yes	माफ़ किया जाएगा
1453	1453	1453	The law firm Leman Brothers currently in bankruptcy billed over 850 million in legal fees, in addition for billing in massage and lobster dinners.	वर्तमान में दिवालियापन में कानून फर्म Leman ब्रदर्स कानूनी फीस में दस लाख 850 से अधिक बिल भेजा, मालिश और समुद्री झींगा रात्रिभोज में बिलिंग के लिए इसके अलावा में.	अधिकारी वक्ता एलमन बROTHER्स के बकिंत्री के लिए 850 करमी पैसे भी बिलाए हैं ,और ज़रूरी तरह से विवाहित होकर ।
1454	1454	1454	Till you reach the grave.	यहाँ तक कि तुम क़ब्रिस्तानों में पहुँच गए	आप तक सार्वजनिक हक्या भी है?
1455	1455	1455	Pointer	छापें	पॉइंट
1456	1456	1456	My wealth did not avail me.	(अफ़सोस) मेरा माल मेरे कुछ भी काम न आया	मेरी अमीरी से मैंने भी नहीं).
1457	1457	1457	The guests will be arriving at the front gate and directed to the valet.	मेहमानों के सामने गेट पर आने वाला है और सेवक को निर्देश दिया।	"विवरण:
वे गेस्ट्स फ्रंट गेट एंड डिर्टेड टू वैल्ट."
1458	1458	1458	Because we couldn't have done it alone.	क्योंकि हम यह सब अकेले नहीं कर सकते थे.	क्योंकि हमें इसे अकेले नहीं कर पाते थे।
1459	1459	1459	Toggles whether the BCC field is displayed	यदि BCC क्षेत्र प्रदर्शित है तो टॉगल करें	बीसीसी फ़िल्ड को दिखाने वाले स्थान को टॉगल करने देता ह
1460	1460	1460	User:	प्रयोक्ता:UserAuthentication User	प्राप्ता:
1461	1461	1461	That they should bring to you every skillful magician.	"कि वे प्रत्येक प्रवीण जादूगर को आपके पास ले आएँ।"""	यह है कि वे आपको हर चाल-चल रचनाका हर्टी-हरंटी व्यक्त करने देना चाहेंगे।
1462	1462	1462	Cheese Webcam Booth	चीज वेबकैम बूथ	चीज़ वीडियो बूटो
1463	1463	1463	Clockwise Bottom Left Out	घड़ी की दिशा में नीचे बाएं से बाहर	सिलाई से
1464	1464	1464	_Stop	रोकें(_S)	स्टॉप
1465	1465	1465	Not a launchable item	चलाने वाली वस्तु नहीं	लाँच-रिलीज़ इमेल
1466	1466	1466	"The solicitor, who was nicknamed ""Bash"" and hailed by criminals as a ""top brief,"" was arrested at his home in 2011 following a police surveillance operation into Scarborough, who he had represented in a previous narcotics trial."	"इस अधिवक्ता को, जिसे ""बैश"" का उपनाम दिया गया था, तथा जिसकी अपराधियों द्वारा ""टॉप ब्रीफ"" के रूप में प्रशंसा की गई थी, स्कारबोरो में पुलिस निगरानी संचालन के पश्चात वर्ष 2011 में उसके घर से गिरफ्तार किया गया था, जिसका उसने पिछले नारकोटिक्स ट्रायल में प्रतिनिधित्व किया था।"	सुपोर्ट्री किस्म के किसी को 2011 में अपने घर के होटल में गिरफ्त कर दिया गया था।
1467	1467	1467	Brain starts working with 10 times increased capacity	मस्तिष्क में 10 बार वृद्धि की क्षमता के साथ काम शुरू होता है	जीव नस्लात्मक रूप से विभाजित होता है
1468	1468	1468	Simon, you don't have to do this.	साइमन, आप ऐसा करने के लिए नहीं है.	सिमोन, आप इसे नहीं करते नहीं नहीं प्रायज़ कर सकते.
1469	1469	1469	"Indeed, Allah is my Lord and your Lord, so worship Him. That is the straight path."""	पस तुम ख़ुदा से डरो और मेरी इताअत करो बेशक ख़ुदा ही मेरा और तुम्हारा परवरदिगार है	सच में, अल्लाह का मैं और आपका मैं हूँ, इसलिए शिकागिरी का मैं और आपका मैं हूँ, इसलिए स्पष्ट रूप से कहें सकूँ कि यह पूरी तरह से सही है।
1470	1470	1470	Set Bac_kground Properties	पृष्ठभूमि गुण सेट करें (_k)	देने वाले
1471	1471	1471	I however... would be willing to accept the responsibility...	मैं फिर भी ... जिम्मेदारी स्वीकार करने को तैयार हो जाएगा ...	मैं हालांकि... अपनी जिम्मेदारी से सहमत हूँ
1472	1472	1472	"Moses chose seventy of his people for the appointment (on Mount Sinai). When they arrived they were seized by a tremor. (Moses) said: ""O Lord, if You had so pleased You could have annihilated them and me before this. Will You destroy us for something the foolish among us have done? This is but a trial from You whereby You will lead whom You will astray and guide whom You please. You are our saviour, so forgive us and have mercy on us, for You are the best of forgivers."	और मूसा ने अपनी क़ौम से हमारा वायदा पूरा करने को (कोहतूर पर ले जाने के वास्ते) सत्तर आदमियों को चुना फिर जब उनको ज़लज़ले ने आ पकड़ा तो हज़रत मूसा ने अर्ज़ किया परवरदिगार अगर तू चाहता तो मुझको और उन सबको पहले ही हलाक़ कर डालता क्या हम में से चन्द बेवकूफों की करनी की सज़ा में हमको हलाक़ करता है ये तो सिर्फ तेरी आज़माइश थी तू जिसे चाहे उसे गुमराही में छोड़ दे और जिसको चाहे हिदायत दे तू ही हमारा मालिक है तू ही हमारे कुसूर को माफ कर और हम पर रहम कर और तू तो तमाम बख्शने वालों से कहीें बेहतर है	विषयः इस में से सबसे ज्यादा लिखे गए थे और सबसे ज्यादा लिखे गए विषयों में से सबसे ज्यादा काम करने वाले थे और सबसे ज्यादा काम करने वाली थीं
1473	1473	1473	Passengers trying to avoid those fees have been stuffing as much as they can into carry-on baggage stashed in overhead bins, meaning those bins often run out of space.	जो जो यात्री शुल्क से बचने की कोशिश कर रहे हैं भराई कर रहे हैं जितना वे कर सकते हैं कैरी - ऑन बैगेज में जो ओवरहेड डिब्बे में स्टैश है , इसका मतलब है इस डिब्बे में अक्सर कम जगह है.	इस प्रक्रिया से जो कुछ भी हो सकता है वह उस कंटेनर-बैग को जो सारी सारी सारी सारी सारी सारी सारी सारी सारी सारी सारी सारी सारी सारी सारी सारी सारी सारी सारी सारी सारी सारी सारी सारी सारी सारी सारी सारी सारी सारी सारी सारी सारी सारी सारी सारी सारी सारी सारी सारी सारी सारी सारी सारी सारी सारी सारी सारी सारी सारी सारी सारी सारी सारी सारी सारी सारी सारी सारी सारी सारी सारी सारी सारी सारी सारी सारी सारी सारी सारी सारी सारी सारी सारी स
1474	1474	1474	Group Box	समूह बक्सा	"पाठ:
ग्रुप बॉक्स"
1475	1475	1475	Whatsoever has been given you is the stuff this life is made of, and only its embellishment. What is with your Lord is better and abiding. Will you not understand?	और तुम लोगों को जो कुछ अता हुआ है तो दुनिया की (ज़रा सी) ज़िन्दगी का फ़ायदा और उसकी आराइश है और जो कुछ ख़ुदा के पास है वह उससे कही बेहतर और पाएदार है तो क्या तुम इतना भी नहीं समझते	यह सब जो हुआ आपका यह सब जो हुआ सिविल जीवंते से बेहतर है और अब अभी भ तक नहीं आतो
1476	1476	1476	Bogofilter child process does not respond, killing...	बोगोफिल्टर संतति प्रक्रिया अनुक्रिया नहीं देती है, नष्ट कर रहा है...	ब्लॉॉॉआई फिल्टर कॉलर process नहीं जवाब देते हैं, और जिसने भी जवाब दिया है, उसे नहीं कहed।
1477	1477	1477	You will train to compete as a team against other teams.	आप अन्य टीमों के खिलाफ एक टीम रूप में प्रतिस्पर्धा करने के िलए प्रशिक्षित करेंगे.	आपको दूसरे दलों के खिलाड़ियों के साथ ट्राईबल प्रतिस्पर्धा करना है।
1478	1478	1478	The time to execute this query exceeded the server limit or the limit configured for this address book. Please make your search more specific or raise the time limit in the directory server preferences for this address book.	इस प्रश्न के लिए समय सर्वर सीमा से अधिक हो गया या सीमा जो कि इस पता पुस्तिका के लिए विन्यस्त किया था. कृपया सुनिश्चित करें कि आपकी खोज अधिक विशिष्ट हो या समय सीमा को निर्देशिका सर्वर वरीयता इस पता पुस्तिका के लिए बढ़ाए.	यह सुनने से अच्छी तरह नहीं है कि server सीमा या इस पत्रिकी खात्री से लिया गया विशिष्ट समय से अधिक भाषण की कोई भी फ्री फ़ॉलो या यह सुनने से अच्छी तरह नहीं है कि आप इसे और सटीक रूप से कर सकते हैं
1479	1479	1479	Hayley's got the means.	हेले के साधन मिल गया।	हैली का पैसा है।
1480	1480	1480	They're chewing us up!	वे हमें चबा रहे हैं!	यह हमें नष्ट कर रहा है!
1481	1481	1481	And unto (the tribe of) A'ad (We sent) their brother, Hud. He said: O my people! Serve Allah. Ye have no other Allah save Him. Will ye not ward off (evil)?	और (हमने) क़ौम आद की तरफ उनके भाई हूद को (रसूल बनाकर भेजा) तो उन्होनें लोगों से कहा ऐ मेरी क़ौम ख़ुदा ही की इबादत करो उसके सिवा तुम्हारा कोई माबूद नहीं तो क्या तुम (ख़ुदा से) डरते नहीं हो	"असंख्या लोगों ने हूद को अपने भाई हूद के घर में रख लिया और उनसे निम्नलिखित हस्तपात्र विवरण हैं:

- ये लोगों ने हूद को अपने भाई हूद के घर में रख लिया और उनसे निम्नलिखित हस्तपात्र विवरण हैं:

- ये लोगों ने हूद को अपने भाई हूद के घर में रख लिया और उनसे निम्नलिखित हस्तपात्र विवरण हैं:

- ये लोगों ने हूद को अपने भाई हूद के घर में रख लिया और उनसे निम्नलिखित हस्तपात्र विवरण हैं:

- ये लोगों ने हूद को अपने भाई हूद के घर में रख लिया और उनसे निम्नलिखित हस्तपात्र विवरण हैं:

- ये लोगों ने ह"
1482	1482	1482	(Chris, Echoing) Hello!	हैलो!	चिंटz, ईकोइंग) हैलो!
1483	1483	1483	Like, it don't make sense.	तरह, यह मतलब नहीं है.	इससे ज़्यादता है कि नहीं।
1484	1484	1484	The stuff's out of your system.	यह लड़का है उसके दिमाग से बाहर.	अगराजसे की सूचना दी गई है।
1485	1485	1485	Or have they taken to themselves guardians other than Him? But Allah, He is the Guardian. He revives the dead and has power over all things.	क्या उन लोगों ने ख़ुदा के सिवा (दूसरे) कारसाज़ बनाए हैं तो कारसाज़ बस ख़ुदा ही है और वही मुर्दों को ज़िन्दा करेगा और वही हर चीज़ पर क़ुदरत रखता है	यह सुनने या सुनने में सक्षम अन्य लोग हो सकते हैं लेकिन Allah, वे रावण के जीव को जीव-मृत हो कर देते हैं।
1486	1486	1486	And they said, “O you magician! Pray for us to your Lord, by the means of His covenant which is with you; we will certainly come to guidance.”	"उनका कहना था, ""ऐ जादूगर! अपने रब से हमारे लिए प्रार्थना कर, उस प्रतिज्ञा के आधार पर जो उसने तुझसे कर रखी है। निश्चय ही हम सीधे मार्ग पर चलेंगे।"""	और वे कहा, “ओ आप प्रज्ञ! सो जो पुस्तक वाला है जो आपकी तो प्रतिभा है जो आपकी साझेज की है”.
1487	1487	1487	I'm going to be leading them to great things.	पर आने वाले दिनों में मैं उन्हें ऊँचाइयों की ओर ले जाऊँगा।	मैं उन्हें बहुत कुछ लाने जा रहा हूँ।
1488	1488	1488	Know that Allah gives life to the earth after its death! Indeed We have made clear the Ayat (proofs, evidences, verses, lessons, signs, revelations, etc.) to you, if you but understand.	जान लो, अल्लाह धरती को उसकी मृत्यु के पश्चात जीवन प्रदान करता है। हमने तुम्हारे लिए आयतें खोल-खोलकर बयान कर दी है, ताकि तुम बुद्धि से काम लो	अल्लाह की जीवन को मृत के बाद विलक्षण दे सकते हैं! वही स्पष्ट करते हैं कि आयातों तथ्यों से जो स्पष्ट है उसे भी समझा जा सकता ह!
1489	1489	1489	To every community We sent a messenger: “Worship God, and avoid idolatry.” Some of them God guided, while others deserved misguidance. So travel through the earth, and see what the fate of the deniers was.	और हमने तो हर उम्मत में एक (न एक) रसूल इस बात के लिए ज़रुर भेजा कि लोगों ख़ुदा की इबादत करो और बुतों (की इबादत) से बचे रहो ग़रज़ उनमें से बाज़ की तो ख़ुदा ने हिदायत की और बाज़ के (सर) पर गुमराही सवार हो गई तो ज़रा तुम लोग रुए ज़मीन पर चल फिर कर देखो तो कि (पैग़म्बराने ख़ुदा के) झुठलाने वालों को क्या अन्जाम हुआ	"यहाँ से हमें एक प्रसारित ज्ञान है कि ग्रेट स्टोरी विचार के लिए सावधान रहना और स्वतंत्रता प्राप्त करना है कि व्यक्तिगत ज्ञान को साझेदारी से नहीं, बल्कि संयुक्त प्रयोग से नहीं भी लिखा दिया जा सकता है।

इस प्रक्त रूप से ज्ञान का विचार किया जा सकता है,"
1490	1490	1490	And lo, thy Lord! He is indeed the Mighty, the Merciful.	और निश्चय ही तुम्हारा रब ही है जो बड़ा प्रभुत्वशाली, अत्यन्त दयावान है	और लो, येर, आपका मिलिया, दयालु।
1491	1491	1491	A state of mind.	दिमाग की एक स्थिति।	बहु-स्वभाव।
1492	1492	1492	Repository origin; Drop or type a different revision here	रेपोसिटरी छोडें या क़िस्म a	जिस तरहे जानकारी रखी जा सकती है उसे भी DROP या टाइप किया हो सकता ह
1493	1493	1493	A power station is on high alert tonight as environmental campaigners have vowed to shut it down.	बिजली संयंत्र पर आज रात कड़ी निगरानी रखी गई है क्योंकि पर्यावरण कार्यकर्ताओं ने इसे बंद करने की योजना बनाई है.	प्रदूषण के निंदकों के यहाँ तक जो बयान दिए हैं वे वचन के बाद भी हैं।
1494	1494	1494	It is Allah Who sends the Winds, and they raise the Clouds: then does He spread them in the sky as He wills, and break them into fragments, until thou seest rain-drops issue from the midst thereof: then when He has made them reach such of his servants as He wills behold, they do rejoice!-	अल्लाह ही है जो हवाओं को भेजता है। फिर वे बादलों को उठाती हैं; फिर जिस तरह चाहता है उन्हें आकाश में फैला देता है और उन्हें परतों और टुकड़ियों का रूप दे देता है। फिर तुम देखते हो कि उनके बीच से वर्षा की बूँदें टपकी चली आती है। फिर जब वह अपने बन्दों में से जिनपर चाहता है, उसे बरसाता है। तो क्या देखते है कि वे हर्षित हो उठे	अरे, यह तो हॉलीवुड से है कि जो है वो भी ऐसा है जैसा वे हैं।
1495	1495	1495	Enough with the coffee.	कॉफी के साथ बहुत हो गया.	कॉफ़ी से अब तक।
1496	1496	1496	Some kid I have.	कुछ ही बच्चे है मेरे.	कहूँ, मेरे पास स्टूडेंट्स हैं।
1497	1497	1497	“O Yusuf! O truthful one! Explain for us the seven healthy cows which seven lean cows were eating and the seven green ears of corn and seven others dry, so I may return to the people, possibly they may come to know.”	(ग़रज़ वह गया और यूसुफ से कहने लगा) ऐ यूसुफ ऐ बड़े सच्चे (यूसुफ) ज़रा हमें ये तो बताइए कि सात मोटी ताज़ी गायों को सात पतली गाय खाए जाती है और सात बालियॉ हैं हरी कचवा और फिर (सात) सूखी मुरझाई (इसकी ताबीर क्या है) तो मैं लोगों के पास पलट कर जाऊँ (और बयान करुँ)	यह कहें: “युसफ! सच्चे लोग! इस बात को स्पष्ट करें कि जो लोग सात सांसारिक जाने वाले शोभी कुत्ते के पुत्ता हैं वे भी वे भी भले लोग सात जाने वाले शोभी कुत्ते के पुत्ता हैं वे भी वे भी भले लोग सात जाने वाले शोभी कुत्ते के पुत्ता हैं वे भी वे भी भले लोग सात जाने वाले शोभी कुत्ते के पुत्ता हैं वे भी वे भी भले लोग सात जाने वाले शोभी कुत्ते के पुत्ता हैं वे भी वे भी भले लोग सात जाने वाले शोभी कुत्ते के पुत्ता हैं वे भी वे भी भले
1498	1498	1498	Certainly We created above you seven levels and We have not been oblivious of the creation.	और हम ही ने तुम्हारे ऊपर तह ब तह आसमान बनाए और हम मख़लूक़ात से बेखबर नही है	बिल्क्रीली हमने आपको सात स्तरों में विभागित कर रखा है और हमने इस विभागित करने के लिए भी निगरानी रखी है।
1499	1499	1499	Name	नाम	नाम
1500	1500	1500	Had any love affairs before meeting Indu?	इंदु से मिलने से पहले तुम्हारा कोई लव अफ़ेयर था?	जिस पुरुष की Indu के साथ पहली बार यौन संबंध हुआ था उसे जो पुरुष है, उसे Indu के साथ पहली बार यौन संबंध हो सकता है।
1501	1501	1501	No shots have been fired.	कोई गोली नहीं चली है.	शॉट्स की फिर्माई हुई है.
1502	1502	1502	It's a very hard surface to be sleeping on.	सोने के लिए यह काफ़ी कठोर जगह है.	बिल्क्रीली और शांत जगह सोने के समय के लिए यह बहुत ही ज़रूरी है।
1503	1503	1503	Copy Folder To	फ़ोल्डर की नक़ल यहाँ लें	
1504	1504	1504	Your life hangs in the balance.	अपने जीवन अधर में लटका हुआ है.	आपका जीवन काफी है कि नहीं।
1505	1505	1505	Say thou: look ye were Allah to take away your hearing and your sight and seal up your hearts, what god, other than Allah, shall bring them unto you? Behold! how variously We propound the signs, yet they turn aside.	"कहो, ""क्या तुमने यह भी सोचा कि यदि अल्लाह तुम्हारे सुनने की और तुम्हारी देखने की शक्ति छीन ले और तुम्हारे दिलों पर ठप्पा लगा दे, तो अल्लाह के सिवा कौन पूज्य है जो तुम्हें ये चीज़े लाकर दे?"" देखो, किस प्रकार हम तरह-तरह से अपनी निशानियाँ बयान करते है! फिर भी वे किनारा ही खींचते जाते है"	अरे, आप कह रहे थे Allah को अपने सुनने का अधिकार देने वाले हमारे सights को देने वाले हमारे signs को देने वाले अन्य हो सकते हैं।
1506	1506	1506	You do n't seem to have write access to this root album. Without this access, image and metadata editing will not work.	डिज़ीकैम के लिए छवि में चारों ओर किनारा जोड़ें प्लगइन.	आप इस ग्रुप ऐपल की ग्रुप ऐपल से लिखने के लिए राइट एसेस नहीं दे सकते
1507	1507	1507	- We're with you, Alexander!	- हम तुम्हारे साथ सिकंदर हैं!	- हमारा प्रभाव आपके परिवेशे!
1508	1508	1508	[goat bleats] man speaking native language:	[बकरी मिमयाती है] पुरुष अपनी मातृभाषा में बोल रहा है: मेरी कहानी यह है कि मैं काम नहीं कर सकता,	विभिन्न भाषा में स्वर्ग के व्यक्ति:
1509	1509	1509	You can try to get through.	तुम बीच से निकलने की कोशिश कर सकते हो.	आप कोशिश कर सकते हैं कि आप जानकारी प्राप्त कर सकें।
1510	1510	1510	The day Allah will gather the apostles and say, ‘What was the response to you?’ They will say, ‘We have no knowledge. Indeed You are knower of all that is Unseen.’	(उस वक्त क़ो याद करो) जिस दिन ख़ुदा अपने पैग़म्बरों को जमा करके पूछेगा कि (तुम्हारी उममत की तरफ से तबलीग़े एहकाम का) क्या जवाब दिया गया तो अर्ज क़रेगें कि हम तो (चन्द ज़ाहिरी बातों के सिवा) कुछ नहीं जानते तू तो खुद बड़ा ग़ैब वॉ है	अल्लाह का आजीवन नमस्तान गिवावाद करने वे apostles क्या प्रतिक्रिया पानगी?
1511	1511	1511	& Search	ढूंढें (S) @ label Type of file	"जैसा हुआ:
& पूछ"
1512	1512	1512	Server Settings	सर्वर विन्यास	सेवा सेटिंग्स
1513	1513	1513	And it has already come down to you in the Book that when you hear the verses of Allah [recited], they are denied [by them] and ridiculed; so do not sit with them until they enter into another conversation. Indeed, you would then be like them. Indeed Allah will gather the hypocrites and disbelievers in Hell all together -	वह 'किताब' में तुमपर यह हुक्म उतार चुका है कि जब तुम सुनो कि अल्लाह की आयतों का इनकार किया जा रहा है और उसका उपहास किया जा रहा है, तो जब तब वे किसी दूसरी बात में न लगा जाएँ, उनके साथ न बैठो, अन्यथा तुम भी उन्हीं के जैसे होगे; निश्चय ही अल्लाह कपटाचारियों और इनकार करनेवालों - सबको जहन्नम में एकत्र करनेवाला है	यह कहें तो अच्छा, शुक्रिया होगी कि वे वाकई वचन कर रहे हैं!
1514	1514	1514	Is it not that whenever they made a covenant, a part of them would cast it away? Rather, the majority of them do not have faith.	क्या यह एक निश्चित नीति है कि जब कि उन्होंने कोई वचन दिया तो उनके एक गिरोह ने उसे उठा फेंका? बल्कि उनमें अधिकतर ईमान ही नहीं रखते	इस बार तो कभी covenant नहीं किया क्यों ना castावले आ? ज्या भाई बहुत सारे लोगों के पास नहीं आ सकते छोटे सी भारत की सांस्कृतिक भारत की सांस्कृतिक भारत की सांस्कृतिक भारत की सांस्कृतिक भारत की सांस्कृतिक भारत की सांस्कृतिक भारत की सांस्कृतिक भारत की सांस्कृतिक भारत की सांस्कृतिक भारत की सांस्कृतिक भारत की सांस्कृतिक भारत की सांस्कृतिक भारत की सांस्कृतिक भारत की सांस्कृतिक भारत की सांस्कृतिक भारत की सांस्कृतिक भारत की सांस्कृतिक भारत की सांस्कृतिक भारत की सांस्कृतिक भारत की सांस्कृतिक भारत की स
1515	1515	1515	Custom	मनपसंद (u)	"Text:
कंस"
1516	1516	1516	Please do not use the elevators.	लिफ्ट का प्रयोग न करें	कृप्या कर!).
1517	1517	1517	You making me good money.	तुम मुझे अच्छा पैसा बना रही है।	आप मुझसे बहुत कुछ पैसे ले रहे हैं।
1518	1518	1518	I'M THE ONE WITH A FUCKING GUN HERE!	मैं यहाँ एक बंदूक के साथ एक हूँ!	मैं यहाँ से हूँ और यहाँ से कुछ भी नहीं लूँA
1519	1519	1519	...it's the difference between a tenth and a half second but in battle, that's a long time... Aim. Fire.	... यह एक दसवें और एक दूसरी छमाही के बीच का अंतर है लेकिन लड़ाई में, कि एक लंबे समय है...	"अगरहटने का विवरण:
...तो और half से अधिक काल लेता है लेकिन सेना में उस समय का प्रभाव व्यापक होता है"
1520	1520	1520	That was because they were averse to what Allah had revealed; so He let their works go to waste.	यह इसलिए कि उन्होंने उस चीज़ को नापसन्द किया जिसे अल्लाह ने अवतरित किया, तो उसने उनके कर्म अकारथ कर दिए	यह इसलिए हुआ कि उन लोगों की प्रेमता है कि भगवान ने उन्हें ज्ञान दिलाया था; और अब वे काम के कारण भी हो सकते थे।
1521	1521	1521	_Delivered	दिया गया (_D)	डेली
1522	1522	1522	What's wrong with that cop?	कि पुलिस वाले के साथ क्या गलत है?	ये लिखे के नुकसान हो गए?
1523	1523	1523	Rotor	रोटर	कम्प्लीट
1524	1524	1524	When We provide comfort for the human being, he withdraws and distances himself; but when adversity befalls him, he starts lengthy prayers.	(वह अलग) और जब हम इन्सान पर एहसान करते हैं तो (हमारी तरफ से) मुँह फेर लेता है और मुँह बदलकर चल देता है और जब उसे तकलीफ़ पहुँचती है तो लम्बी चौड़ी दुआएँ करने लगता है	दिया प्रायोग से प्रायोग के परिणाम प्राप्त होते हैं, लेकिन परिणाम प्राप्त करने वाले व्यक्ति को जो दिया प्रायोग से प्रायोग के परिणाम प्राप्त होते हैं, वे परिणाम प्राप्त करने वाले व्यक्ति को जो दिया प्रायोग से प्रायोग के परिणाम प्राप्त होते हैं, वे परिणाम प्राप्त करने वाले व्यक्ति को जो दिया प्रायोग से प्रायोग के परिणाम प्राप्त होते हैं, वे परिणाम प्राप्त करने वाले व्यक्ति को जो दिया प्रायोग से प्रायोग के परिणाम प्राप्त होते हैं, वे परिणाम प्राप्त करने वाले व्यक्ति को जो दिया प्रायोग से प
1525	1525	1525	"The register function hasn't been found automatically in the following pretty printer files: %s You need to fill yourself the register function columns before enabling the rows. Most of the time the register function name contains the word ""register""."	फंक्शन पाया इंच अनुसरण कर रहा है फ़ाइल नहीं से. को भरें फंक्शन स्तम्भ पहले सक्रिय कर रहा है पंक्तियाँ का समय फंक्शन नाम रखता है शब्द.	अगले साफ़ तो कर लिया हो कि रिकॉर्ड फ़ैक्टर नाम से रिकॉर्ड की सुविधा प्रदान करें।
1526	1526	1526	Leave it to me to prepare lunch.	खाना बनाना मुझपर छोड़ दो।	बारीकी से उसे तैयार करना है।
1527	1527	1527	Do they feel secure against God's devising? No one feels secure against God's devising except for those doomed to ruin.	आख़िर क्या वे अल्लाह की चाल से निश्चिन्त हो गए थे? तो (समझ लो उन्हें टोटे में पड़ना ही था, क्योंकि) अल्लाह की चाल से तो वही लोग निश्चित होते है, जो टोटे में पड़नेवाले होते है	हाँ वे सुरक्षित महसूस करते हैं जो भगवान की योजना से बाहर हैं। केवल उन लोगों को भी समझने की क्षमता में उनसे पूर्ण सुरक्षा महसूस करना चिह्नित है।
1528	1528	1528	Type	क़िस्म	क्या
1529	1529	1529	He challenges people.	उन्होंने कहा कि लोगों को चुनौती दी.	इससे लोगों को तोज़रा से ऐसी बात समझाई जाए कि वे ऐसी बातों से दूर हो करें
1530	1530	1530	I have done everything you said.	मैं सब कुछ किया है तुमने कहा था।	मैं कुछ नहीं कह सकता।
1531	1531	1531	- Bharti.	भारती।	- भारती।
1532	1532	1532	They said: If he steal, a brother of his did indeed steal before; but Yusuf kept it secret in his heart and did not disclose it to them. He said: You are in an evil condition and Allah knows best what you state.	(ग़रज़) इब्ने यामीन रोक लिए गए तो ये लोग कहने लगे अगर उसने चोरी की तो (कौन ताज्जुब है) इसके पहले इसका भाई (यूसुफ) चोरी कर चुका है तो यूसुफ ने (उसका कुछ जवाब न दिया) उसको अपने दिल में पोशीदा (छुपाये) रखा और उन पर ज़ाहिर न होने दिया मगर ये कह दिया कि तुम लोग बड़े ख़ाना ख़राब (बुरे आदमी) हो	यह कहें: अगर यूसेफ का कृत्य कर रहा है, तो उसके भाई के ने पहले से ही कृत्य कर रखा था; लेकिन यूसेफ के दिल से जो कुछ कहा था, उसने नहीं बताया कि कि यूसेफ का कृत्य कर रहा था। उसने नहीं बताया कि कि यूसेफ का कृत्य करने के लिए उसका कृत्य करने वाले एक ऐसे व्यक्ति के हो सकते थे जिनके पास ऐसा कृत्य किया था
1533	1533	1533	A swordsman came.	एक तलवारबाज आया...	एक साहस्पंजी का साहस्पंजी तो came.
1534	1534	1534	That's real great.	कि असली महान है.	क्या सच में ग्रेट।
1535	1535	1535	NTV PROFIT presents coproduction NTV PROFIT = Russia	एन टी वी लाभ प्रस्तुत करता है सहनिर्माण एन टी वी प्रॉफिट= रूस	ट्रैबलाइनटी प्राइवेट प्रिटी नीटवी प्रिटिव
1536	1536	1536	Stung by the Supreme Court decision the Rural Development Minister, Jairam Ramesh, said that the practice of exceeding their powers by the court is dangerous.	सुप्रीम कोर्ट के एक फैसले से तिलमिलाए केंद्रीय ग्रामीण विकास मंत्री जयराम रमेश ने अदालतों के लक्ष्मण रेखा लांघने को खतरनाक चलन बताया है।	सरकीय कोर्ट द्वारा जिस निर्देश है वह किसी को भी ज्यादा करने के लिए खतरनाक है।
1537	1537	1537	Image Burning Setup	छवि बर्निंग सेटअप	रीडिंग बurning सेटअप
1538	1538	1538	I got a lot to do before the family gets here.	मैं परिवार यहाँ हो जाता पहले करने के लिए एक बहुत कुछ मिला है.	जैसा है कि परिवार आने तक मुझे कुछ करने थे।
1539	1539	1539	Damn, niggah, a red hat!	अरे, niggah, एक लाल टोपी!	अरे, ना, व्हाट्स यू, नू, व्हाट्स यू स!
1540	1540	1540	Key	कुंजी	जानकारी
1541	1541	1541	Better wait here.	बेहतर होगा कि यहीं इंतज़ार करो।	बेहतर तुम्हें यह स्थान में रहे।
1542	1542	1542	1st to 10th	1ला से 10वां	इससे पहले
1543	1543	1543	A few good nights' rest will do it.	कुछ अच्छा रात 'बाकी क्या करेंगे.	कुछ अच्छी रातों के रहने से भी ये हो सकते हैं।
1544	1544	1544	Daddy don't get scared.	पिताजी डरो मत।	पिता भूखा नहें बचते.
1545	1545	1545	Czech (cs)	चेक (सीएस)	कृपया (hr)
1546	1546	1546	Engage drop, Mr. Choi.	बूंद व्यस्त हैं, श्री चोई.	दिए से पूछिए, म्र. चॉइ.
1547	1547	1547	Your mother too will soon turn 70.	तुम्हारी माँ भी, जल्द ही हो जाएगी.	आपका पिता भी जल्द ही 70 वा कर लेंगे।
1548	1548	1548	Show Contacts	संपर्क	बढ़ावे स्थिति
1549	1549	1549	Accessible Color Scheme	आसान- पहुँच रंग योजना	आयुक्त रंग का संयोजन
1550	1550	1550	- Nothing can happen to us here, can it?	क्यों? - हमें यहाँ कुछ भी नहीं हो सकता है, क्या हो सकता है?	जो भी हो सकता है, यहाँ हो सकता है, नहीं?
1551	1551	1551	Pakistan: Women and the workplace · Global Voices	पाकिस्तानः कार्यस्थल और महिलायें	हाँ: महिलाओं और कार्यस्थल
1552	1552	1552	Warp	लपेटें	वार्प
1553	1553	1553	And you're not gonna apologize, are you?	और तुम्हारा माफी मांगने का इरादा नहीं है?	और आपोंनेApologize की है?
1554	1554	1554	Okay, let's just track this thing.	ठीक है, तो बस इस बात पर नज़र रखने चलो.	यहाँ सिर्फ इस बात पर ध्यान दिया जाएगा।
1555	1555	1555	a recompense for all that they did.	ये बदला है उनके (नेक) आमाल का	दिए गए लिए का पूरा प्रतिसाद दिया जाना चाहे तो नहीं।
1556	1556	1556	Now who is exaggerating?	अब जो अतिशयोक्ति है?	यह स्पष्ट है कि अतीत से भी ज्यादा समय से पहले लिखी गई सूचना से अलग है।
1557	1557	1557	Olympus has fallen.	ओलिंप गिर गया है.	कुछ नहीं हो पाया.
1558	1558	1558	No, otherwise I wouldn't be here.	नहीं, नहीं तो मैं यहाँ नहीं होता.	जैसा हुआ कि वे यहाँ हैं wouldn't be here।
1559	1559	1559	Personal Information	निजी सूचना	सेल्फी इंफॉर्मेशन
1560	1560	1560	Lest you should say, ‘The Book was sent down only to two communities before us, and we were indeed unaware of their studies,’	"कि कहीं ऐसा न हो कि तुम कहने लगो, ""किताब तो केवल हमसे पहले के दो गिरोहों पर उतारी गई थी और हमें तो उनके पढ़ने-पढ़ाने की ख़बर तक न थी।"""	“तुम्हें यह कह देने से पहले “सह-वह” तो सaying “इस ब्रिक सेन को सेंट डाउनेवल only तो साझा हुआ था”
1561	1561	1561	Nothing prevented the people from believing, when guidance has come to them, except that they said, “Did God send a human messenger?”	"लोगों को जबकि उनके पास मार्गदर्शन आया तो उनको ईमान लाने से केवल यही चीज़ रुकावट बनी कि वे कहने लगे, ""क्या अल्लाह ने एक मनुष्य को रसूल बनाकर भेज दिया?"""	यह निर्धारित नहीं था कि लोग ईमानदारी से निष्कर्षण करे, जब दिए गए निर्देश से उन्हें आगे बढ़ाया जा सकता था,
1562	1562	1562	There was a strong wind that day.	उस दिन हवा बहुत तेज़ थी।	कल एक तेज़ हवा थी उस दिन।
1563	1563	1563	If the boy and the girl are both in agreement then I'm in agreement, too	अगर लड़का और लड़की दोनों राजी हों तो... ...तो मेरी भी रजामंदी है	अगरामें दोनों भी सहमत हैं
1564	1564	1564	(Carly) It works.	- काम कर रहा है.	इस प्रक्त्ति से हो सकता है.
1565	1565	1565	You are not always here and sometimes I'm so depressed	तुम हमेशा यहाँ नहीं रहते और कभी कभी मैं बहुत उदास हो जाती हूं.	आप कभी नहीं रह रहे और कभी ऐसा महसूस हो रहा है कि मैं बहुत सारा पैसे भी छोड़ सकता हूँ
1566	1566	1566	Khan's blog post has created quite a bit of reaction from the bloggers.	आमिर के इस चिट्ठे में चिट्ठाकारों की प्रतिक्रियाओं की बौछारें लग गईं.	कहानी के ब्लॉइड पोस्ट ने इनसiders से कितना कार्य की रेस्टिंग की तार्क्टिफ़ायरिंग की भावना से?
1567	1567	1567	"Has he invented about Allah a lie or is there in him madness?"" Rather, they who do not believe in the Hereafter will be in the punishment and [are in] extreme error."	क्या उसने अल्लाह पर झूठ घड़कर थोपा है, या उसे कुछ उन्माद है? नहीं, बल्कि जो लोग आख़िरत पर ईमान नहीं रखते वे यातना और परले दरजे की गुमराही में हैं	अरे, वे लोग जो मृत्यु के प्रतिनिध्यमाने व्यवहार करते हैं, वे अपने जीवन के दिन को जो दिन हो सकता है, उसी दिन हो सकता है।
1568	1568	1568	Either python path is wrong or python-rope (http://rope.sf.net) libraries aren't installed. Both are required for autocompletion in python files. Please install them and check the python path in the preferences.	python है या pythonhttp://rope.sf.net दोनों जरूरी के लिए इंच python फ़ाइल अधिष्ठापित करें और python इंच पसंद.	"यह निर्देशित प्रोग्राम रूप से निर्देशित किया ज सकता है।

यह निर्देशित प्रोग्राम व्युत्पन्न जानकारी से भी निर्देशित किया ज सकता है।

इस प्रक्यासे जानकारी से भी निर्देशित किया ज सकता है।

इस प्रक्या से जानकारी से भी निर्देशित किया ज सकता है।"
1569	1569	1569	( Moaning )	(कराह रही)	"जैसा हुआ :
( मोइए )"
1570	1570	1570	So glad that the 2019 Pan American Games will be held in Lima!	बहुत खुश हूँ कि 2019 के पैन अमेरिकी खेल लीमा में होगें।	2019 के पनामी एशियाई खेलों का आयोजन लिम्बो में हो रहे साझea एशिया खेलों का परीक्षण है।
1571	1571	1571	It is He Who has made for you the stars that you may follow the right direction in the darkness of the land and the sea. We have indeed spelled out signs for the people who have knowledge.	और वह वही (ख़ुदा) है जिसने तुम्हारे (नफे के) वास्ते सितारे पैदा किए ताकि तुम जॅगलों और दरियाओं की तारिक़ियों (अंधेरों) में उनसे राह मालूम करो जो लोग वाक़िफकार हैं उनके लिए हमने (अपनी क़ुदरत की) निशानियाँ ख़ूब तफ़सील से बयान कर दी हैं	यह किसी के लिए ग्रंथ हैं जो लोगों को सही दिशान में जो चल रहे नियमों को समझने में मदद कर सकते हैं।
1572	1572	1572	This is 21.	यह 21.	कौन से 21 ग्रैंडस्टेशन के हैं
1573	1573	1573	- No, I know you don't, Jane.	- नहीं, मैं तुम्हें नहीं पता, जेन.	जेन, न, मैं जानता हूँ, जेन।
1574	1574	1574	I'm sorry I ever thought you--	मैं मैं कभी तुमने सोचा माफी चाहता हूँ.	मैं माफी चाहता हूँ कि आप मुझसे सोचने के लिए
1575	1575	1575	- No, let's hit it head-on!	नहीं, के सिर पर मारा!	- कोई भी न, हमारे इस हैरान-टू हो सकते कि जिस बात पर हमारा ध्यान दिया जा सकता है!
1576	1576	1576	So off they went, whispering to one another:	ग़रज़ वह लोग चले और आपस में चुपके चुपके कहते जाते थे	दलचला सुनने वाले:
1577	1577	1577	Delete	मिटाएँ	कोई भी विवरण हटा दें
1578	1578	1578	Say, “It is He Who has spread you out in the earth, and towards Him you will be raised.”	कह दो कि वही तो है जिसने तुमको ज़मीन में फैला दिया और उसी के सामने जमा किए जाओगे	यह कहें, “यह व्यक्त है जो आप पर निर्मित होकर तुम्हारे सामने है राज्य तुम्हारे सामने है, तो तुम्हें भी तैयार हो कि तुम उसके सामने ह.”
1579	1579	1579	KFormula	के- फॉर्मूला	क Formula
1580	1580	1580	No. Urn...	सं कलश...	नहीं, उर्न...
1581	1581	1581	"Really delete folder ""{0}"" and all of its subfolders?"	"फ़ोल्डर ""{0}"" और इसके सभी उपफोल्डरों को वास्तव में विलोपित करना चाहते हैं?"	"अरे वॉल्ट डॉक्टर ""{0}"" और उसके सभी उप-पृष्ठों पर सो कर?"
1582	1582	1582	Details	विवरण	रूपानिर्देश
1583	1583	1583	That was twice and I was out of line.	वह दो बार गया था और मैं रेखा के बाहर था.	दोहरा हुआ था और मैं कि की मैं से थी।
1584	1584	1584	"The fools among the people will say, 'What has turned them from the direction they were facing in their prayers aforetime?' Say: ""To God belong the East and the West; He guides whomsoever He will to a straight path.'"	"मूर्ख लोग अब कहेंगे, ""उन्हें उनके उस क़िबले (उपासना-दिशा) से, जिस पर वे थे किस ची़ज़ ने फेर दिया?"" कहो, ""पूरब और पश्चिम अल्लाह ही के है, वह जिसे चाहता है सीधा मार्ग दिखाता है।"""	"इस बात से बेअफ़ाइल है कि पूरी जानकारी याद करने, फिर करे और उसे वैध से व्याख्यित किया ज सके कि ""जो कोई भी स्पष्ट रूप से कह सकता है कि वह दिशा से पूर्ण है और उसे वैध से व्याख्यित किया जा सकता ह"")"
1585	1585	1585	As for those who work against Our Signs so as to frustrate them, they shall be arraigned into the chastisement.	और जो लोग हमारी आयतों (की तोड़) में मुक़ाबले की नीयत से दौड़ द्दूप करते हैं वही लोग (जहन्नुम के) अज़ाब में झोक दिए जाएॅगे	इस बारे में जो चलेगा कि वे दुःस्पृष्यों से विरोध करने के प्रत्यावरण के प्रति हमें कुछ नहीं दिलाई?
1586	1586	1586	Now, I'll notify Cameron.	अब, मैं कैमरून को सूचित करेंगे.	जैसा, कैमरन को नोटिस भेज दूँगा।
1587	1587	1587	From Syria, Mustafa Hamido explains what Ramadhan means for him.	सीरिया से मुस्तफा हमीदो स्पष्ट कर रहे हैं कि उनके लिए रमजान का क्या महत्व है.	सीरिया, मुस्ताफा हैमिद ने अपने जीवन के लिए रामदहन का अर्थ बताया।
1588	1588	1588	How was the bride?	दुल्हन कैसी थी?	जैसा हुआ कि प्रियतम विवाहित व्यक्ति का हुआ था?
1589	1589	1589	"""who's got, like, bomb moves, right?"	"मैं ""कौन सही है, जैसे, बम चाल मिल गया है?"	"जोपनी के क्या है,
लोग कौन-से कर सकते हैं|"
1590	1590	1590	I'm gonna start looking at him. Will you give us a second, please, Ryan?	रायन ?	मैं तुमसे उसके बारे में सोच रहा हूँ। तुम दूसरे तुम्हें भी देखो।
1591	1591	1591	You're not getting away with it, understand?	तुम इसे लेकर बच नहीं सकते हो, समझ में आया?	आप जिसे नहीं लेते, समझ?
1592	1592	1592	Cannot create MAPI source in offline mode	ऑफलाइन मोड में MAPI स्रोत नहीं बना सकता है	ऑफलाइन मोड में MAPI स्रोत नहीं बन सकतें
1593	1593	1593	I mean, suddenly, I just got some more school spirit.	मेरा मतलब है, अचानक, मैं बस कुछ अधिक स्कूल की भावना मिल गया.	जिस तरह से आप ने पूछा है, उसी तरह से आप ने आगे कहा।
1594	1594	1594	Just that one moment and then eternal peace.	और मैंने जर्मन भूमि को यहूदी जहर से शुद्ध किया.	सिर्फ एक सेकंड और फिर अटलantic प्रेग्स के बाद शांति।
1595	1595	1595	Beer, I guess.	बीयर, मुझे लगता है.	जी हाँ, बियर लोगों के बीच भी।
1596	1596	1596	Location:	स्थानः	स्थान:
1597	1597	1597	- Ready, Petra?	- 60 सेकंड!	- तैयार हो पेट्रा?
1598	1598	1598	If you do vomiting sensation will go.	अगर आप कर दो,तो उल्टी आना बंद हो जाएगी.	यदि आप पेट का प्रभाव होता है तो आप पेट का प्रभाव होते जाते
1599	1599	1599	Pharaoh said, ‘Do you profess faith in Him before I may permit you? It is indeed a plot you have devised in the city to expel its people from it. Soon you will know [the consequences]!	फिरऔन ने कहा (हाए) तुम लोग मेरी इजाज़त के क़ब्ल (पहले) उस पर ईमान ले आए ये ज़रूर तुम लोगों की मक्कारी है जो तुम लोगों ने उस शहर में फैला रखी है ताकि उसके बाशिन्दों को यहाँ से निकाल कर बाहर करो पस तुम्हें अन क़रीब ही उस शरारत का मज़ा मालूम हो जाएगा	परहित का कहावता है कि पहले से सहज्ञता से पूरा हो सकता है कि इस शहर में उसके लोगों से विवाद करने से पहले इसके बारे में जो पता है, उसे स्वीकार्य किया ज सकता है।
1600	1600	1600	They will hear no nonsense there or talk of sin,	वहाँ न तो बेहूदा बात सुनेंगे और न गुनाह की बात	"दिए गए following text from English to Hindi.
यहाँ पर वे कुछ भी नापसंद कर सकते हैं और वे व्यक्तिगत रूप से इसका ध्यान रखने के लिए भी जारी कर सकते हैं।"
1601	1601	1601	and when Allah's servant stood up to call on Him, they well-nigh swarmed him.	और ये कि जब उसका बन्दा (मोहम्मद) उसकी इबादत को खड़ा होता है तो लोग उसके गिर्द हुजूम करके गिर पड़ते हैं	और जब अल्लाह के सेवक स्वरूप से अल्लाह के सेवक की ओर से कॉल करने वाले लोगों निकटतमात्राएँ।
1602	1602	1602	Balbir Singh from the Registrar Office (East) has fled from the scene.	रजिस्ट्रार दफ्तर (पूर्वी) का बलबीर सिंह मौके से फरार हो गया है।	रजिस्टर्ड ऑफिस (ईस्ट) के बलिव सिंगह फ़्लीट से स्कीन हो गया।
1603	1603	1603	without [adding], ‘God willing.’ And when you forget, remember your Lord, and say, ‘Maybe my Lord will guide me to [something] more akin to rectitude than this.’	मगर इन्शा अल्लाह कह कर और अगर (इन्शा अल्लाह कहना) भूल जाओ तो (जब याद आए) अपने परवरदिगार को याद कर लो (इन्शा अल्लाह कह लो) और कहो कि उम्मीद है कि मेरा परवरदिगार मुझे ऐसी बात की हिदायत फरमाए जो रहनुमाई में उससे भी ज्यादा क़रीब हो	"नहीं दिए “लंबाई वाले.” और जब आप भूल जाते हैं, तो उन्हें याद लेते हैं कि उनका पालन करना है, और उनसे कहा जाता कि “अगर प्रगति वाले भी ऐसा हो सकता.”

शरीर:
“ये सुनने योग्य है।"
1604	1604	1604	Your names	रविशंकर श्रीवास्तव, जी. करूणाकरEMAIL OF TRANSLATORS	पहचान
1605	1605	1605	And are you, Frau Braun, of pure Aryan descent?	और क्या तुम, फ्रॉ ब्रौन, शुद्ध आर्य वंश के हो?	और हाँ, आपका फ़्रैंक ब्राउ, एरियन के है?
1606	1606	1606	- Albert Weinselstein.	- अल्बर्ट Weinselstein.	- अल्बर्ट वाइंसेलstein.
1607	1607	1607	attachment.dat	संलग्नक	अन्यथन.
1608	1608	1608	Why?	क्यों?	क्यों?
1609	1609	1609	Found the appointment in the calendar '%s'	'%s' पंचांग में मुलाकात मिली.	दिए हूँ कार्यक्रम में दी हुई '%s'
1610	1610	1610	You're right on top of it.	आप यह की चोटी पर सही हैं.	यह सही है।
1611	1611	1611	But I couldn't even touch her.	लेकिन मैं उसे छू तक नहीं पाया.	परीक्षण के परिणाम को लेना योग्य क नहीं हो सकता।
1612	1612	1612	They say: Why hath no portent been sent down upon him from his Lord? Say: Lo! Allah is Able to send down a portent. But most of them know not.	"वे यह भी कहते है, ""उस (नबी) पर उसके रब की ओर से कोई निशानी क्यों नहीं उतारी गई?"" कह दो, ""अल्लाह को तो इसकी सामर्थ्य प्राप्त है कि कोई निशानी उतार दे; परन्तु उनमें से अधिकतर लोग नहीं जानते।"""	यह कहाने: क्या वे लोग जो उनके राजा हैं उनसे भी एक पोर्टेंट भेजे गए हैं? कह: नहीं, वे सभी जो वे लोग हैं जो उनके राजा हैं, उनसे भी एक पोर्टेंट भेजे गए हैं?
1613	1613	1613	You have a prescription?	आप एक नुस्खा है?	नहीं?
1614	1614	1614	Now, these pirate recordings do not only feature the lovable alien, there's also a rather bizarre intermission featuring a conventionally pretty young lady.	अब ये पायरेटेड रेकोर्डिंग केवल प्यारे एलियन्स को ही नहीं फिल्माते... बल्कि वहाँ एक विचित्र मध्यांतर में... एक पारंपरिक सुंदर युवा लड़की को दिखाते हैं।	यहाँ, ये पिरट रिकॉर्डिंग्स में भी एक बेटी presence presence presence presence presence presence presence presence presence presence presence presence presence presence presence presence presence presence presence presence presence presence presence presence presence presence presence presence presence presence presence presence presence presence presence presence presence presence presence presence presence presence presence presence presence presence presence presence presence presence presence presence presence presence presence presence presence presence presence presence presence presence presence presence presence presence presence presence presence presence presence presence presence presence presence presence presence presence presence presence presence presence presence presence presence presence presence presence presence presence presence presence presence presence presence presence presence presence presence presence presence presence presence presence presence presence presence presence presence presence presence presence presence presence presence presence presence presence presence presence presence presence presence presence presence presence presence presence presence presence presence presence presence presence presence presence presence presence presence presence presence presence presence presence presence presence presence presence presence presence presence presence presence presence presence presence presence presence presence presence presence presence presence presence presence presence presence presence presence presence presence presence presence presence presence presence presence presence presence presence presence presence presence presence presence presence presence presence presence presence presence presence presence presence presence presence presence presence presence presence presence presence presence presence presence presence presence presence presence presence presence presence presence presence presence presence presence presence presence presence presence presence presence presence presence presence presence presence presence presence presence presence presence
1615	1615	1615	Vietnamese	विएतनामी	हाँ
1616	1616	1616	If I unite you with your sweetheart, all my sins would vanish into thin air.	अगर मैं तुम्हे तुम्हारी प्रियतम से मिला सकू, तो मेरे सारे पाप इस हवा में उड जायेंगे.	अगर आप अपने साथी के साथ मिल कर रहे हैं, तो मेरे स्वास्थ्य से ठीक ऐसा नहीं होगा।
1617	1617	1617	And Ishmael, and Enoch, and Ezekiel; each was one of the steadfast.	और (ऐ रसूल) इसमाईल और इदरीस और जुलकिफ्ल (के वाक़यात से याद करो) ये सब साबिर बन्दे थे	और इश्मील, और इक्वील, each was one of the steadfast.
1618	1618	1618	Nigh unto which is the Garden of Abode.	उसी के पास तो रहने की बेहिश्त है	इस तक के बीच से जो भी है वो की गार्डन ऑफ़ एबॉड से भी ज़्यादातरने वाली है
1619	1619	1619	Of what do they question one another?	किस चीज़ के विषय में वे आपस में पूछ-गच्छ कर रहे है?	जो पूछने के बारे में हैं वे क्या हैं?
1620	1620	1620	I don't know what you are, or where you're from, but I'd like to tell you about something I read.	जैक: मैं तुम्हें क्या कर रहे हैं पता नहीं है, या आप कहाँ से हैं, लेकिन मैं तुम्हें मैं पढ़ने के बारे में कुछ बताना चाहूँगा.	मुझे नहीं पता कि आप, या आप भारत में हैं, लेकिन मैं आपके पास पढ़ने के बारे में बता सकता हूँ.
1621	1621	1621	This message is not available in offline mode.	ऑफ़लाइन मोड में यह संदेश उपलब्ध नहीं है.	ऑफलाइन मोड में इस संदेश को नहीं दिया जा सकता है।
1622	1622	1622	They're on the northern outskirts between Frohnau and Pankow.	वे जौसेन को दक्षिण की ओर ले गये है और स्टांसडॉर्फ की ओर बढ़ रहे हैं.	वे उत्तरी क्षेत्र के फ्रोहनहाउ और पंकोवर के भीतर हैं।
1623	1623	1623	She was a good mother to you, wasn't she?	वह एक अच्छी माँ थी न?	यह तुम्हारी मातृभूत गुण की तरह है।
1624	1624	1624	India: The Advent of Citizen-Driven Election Monitoring · Global Voices	आम चुनावों में लगी जनता की पैनी नज़र	सटिन: भारत में नागरिक-आह्वान की दिलचलसी से लोकप्रिय होता है
1625	1625	1625	FOUR SPIRITS OF THE RIVER	Constellation name (optional)	गंगा के स्पिरिट्स
1626	1626	1626	CalDAV	CalDAV	कलएडव
1627	1627	1627	I will get Nathan out.	मैं नाथन बाहर निकलना होगा.	मैं नेटन को व्यक्त करने वाले के बाहर ले जाऊने वाले को प्राप्त करूँ।
1628	1628	1628	I'm asking... man:	मैं पूछ रही हूं- - पुरुष:	मैं पूछताअाँ... है:
1629	1629	1629	The months for Hajj are well known to all; whoever makes up his mind to perform Hajj during these fixed months, let him totally abstain from all sorts of sexual indulgence, wickedness and wrangling during the Hajj and remember that Allah knows whatever good you do. Take necessary provisions for Hajj, and piety is the best of all provisions: so refrain from disobeying Me, O men of understanding!	हज के महीने जाने-पहचाने और निश्चित हैं, तो जो इनमें हज करने का निश्चय करे, को हज में न तो काम-वासना की बातें हो सकती है और न अवज्ञा और न लड़ाई-झगड़े की कोई बात। और जो भलाई के काम भी तुम करोंगे अल्लाह उसे जानता होगा। और (ईश-भय) पाथेय ले लो, क्योंकि सबसे उत्तम पाथेय ईश-भय है। और ऐ बुद्धि और समझवालो! मेरा डर रखो	यह स्पष्ट है कि हaji के महीने और उनके दौरान पवित्र प्रार्थी पूर्ण विवरण के लिए आवश्यक है कि piety the best of all provisions है: इसलिए बचने योग्य लोगों को Hajj और पवित्र के बारे में जानकारी देने वाले संसाधनों से बचने योग्य लोगों को Hajjal और पवित्र के बारे में जानकारी देने वाले संसाधनों से बचने योग्य लोगों को सावधानी से याद रखना चिह्नित करने के लिए विशेष रूप से उपयोग में लाया जाना यादारा है कि जो लोगों को Hajjal और पवित्र के बारे जानकारी देने वाले संसाधनों से बचने योग्य लोगों को सावधानी से याद रखना चिह
1630	1630	1630	So I suppose my tears were more for the sadness that there's so much to overcome.	इसलिए मुझे लगता है कि मेरे आंसू दुख की वजह से आए थे कि कितना सब कुछ सहना पड़ता है.	सो मैं सोच रही थी कि पूरी जिंद्दादुरी से जीतने के लिए भी मुझे तो रिलैक्स करने वाले की तरह हूँ।
1631	1631	1631	O you who believe, if you confer with the Prophet in private, give alms in the name of God before you go to confer. This is better for you and becoming. If you do not have the means, then surely God is forgiving and kind.	ऐ ईमानदारों जब पैग़म्बर से कोई बात कान में कहनी चाहो तो कुछ ख़ैरात अपनी सरगोशी से पहले दे दिया करो यही तुम्हारे वास्ते बेहतर और पाकीज़ा बात है पस अगर तुमको इसका मुक़दूर न हो तो बेशक ख़ुदा बड़ा बख्शने वाला मेहरबान है	यह सुनने व्यक्ति के लिए बेहतर है कि God की सहायता Him/Her in में प्राप्त करने के लिए कहें।
1632	1632	1632	Thanks.	तुम सही हो.	Thanks।
1633	1633	1633	Whether to show the address column in the history window.	क्या इतिहास विंडो में पता स्तंभ को दिखायें	जिस कोई विवरण जोड़ना चाहिए, वह शायद है।
1634	1634	1634	"And they will say, ""Praise to Allah, who has fulfilled for us His promise and made us inherit the earth [so] we may settle in Paradise wherever we will. And excellent is the reward of [righteous] workers."""	"और वे कहेंगे, ""प्रशंसा अल्लाह के लिए, जिसने हमारे साथ अपना वादा सच कर दिखाया, और हमें इस भूमि का वारिस बनाया कि हम जन्नत में जहाँ चाहें वहाँ रहें-बसे।"" अतः क्या ही अच्छा प्रतिदान है कर्म करनेवालों का!-"	"और वे कहेंगे, ""पूजा को पूरा करने वे लोग हमसे कहेंगे, 'हमारा प्रतिज्ञान, हमें यह बताता है कि हमारा वचन पूरा करने वे लोग हमसे कहेंगे, 'हमारा प्रतिज्ञान, हमें यह बताता है कि हमारा वचन पूरा करने वे लोग हमसे कहेंगे, 'हमारा प्रतिज्ञान, हमें यह बताता है कि हमारा वचन पूरा करने वे लोग हमसे कहेंगे, 'हमारा प्रतिज्ञान, हमें यह बताता है कि हमारा वचन पूरा करने वे लोग हमसे कहेंगे, 'हमारा प्रतिज्ञान, हमें यह बताता है कि हमारा वचन पूरा करने वे लोग हमसे कहेंगे, 'हमारा प्रतिज्ञान, हमें यह बताता है कि हमार"
1635	1635	1635	Have the (pagans) not seen that We have made the holy precinct a safe place while all the people around are suffering terror. Do they believe in falsehood and disbelieve in God's bounties?	क्या उन्होंने देखा नही कि हमने एक शान्तिमय हरम बनाया, हालाँकि उनके आसपास से लोग उचक लिए जाते है, तो क्या फिर भी वे असत्य पर ईमान रखते है और अल्लाह की अनुकम्पा के प्रति कृतघ्नता दिखलाते है?	नहीं ऐसे लोगों को न दिया हो ऐसा सिद्ध हो ऐसा व्यवहार करते हैं ?
1636	1636	1636	Cannot rename MAPI folder '%s' to '%s'	MAPI फ़ोल्डर `%s' का नाम `%s' में नहीं बदल सकता है	प्रदान करने वाले एमएआई फ़ोल्ड '%s' को '%s' में देना संभावित रूप से गलत
1637	1637	1637	I mean, I could probably move a few clients around, make some space.	क्लाइंट्स को संभाल सकता हूं.	"Translate:
मैं समझता हूँ, कुछ परिवहन कर सकता हूँ, कुछ जगह कर सकता हूँ।"
1638	1638	1638	No. Sustained post hypnotic suggestion is more difficult.	सं पोस्ट कृत्रिम निद्रावस्था सुझाव और अधिक कठिन है निरंतर.	"सहिनिधीय प्रकाशन के मूल्य:
1. स्थायी पूर्वाग्रह प्रभाव विचार के कठिन समय में स्पष्ट किए गए कि यह सार्वजनिक रूप से सुनिश्चित किया गया कि इस प्रकाशन को स्पष्ट रूप से सुनिश्चित किया गया कि इस प्रकाशन को स्पष्ट रूप से सुनिश्चित किया गया कि इस प्रकाशन को स्पष्ट रूप से सुनिश्चित किया गया कि इस प्रकाशन को स्पष्ट रूप से सुनिश्चित किया गया कि इस प्रकाशन को स्पष्ट रूप से सुनिश्चित किया गया कि इस प्रकाशन को स्पष्ट रूप से सुनिश्चित किया गया कि इस प्रकाशन को स्पष्ट रूप से सुनिश्चित किया गया कि इस प्रकाश"
1639	1639	1639	Yeah, Doug. His wallet and his room key is in there.	अपने घर और चारों ओर देखिए देखना अगर हमारे दोस्त के लिए कोई सुराग है?	जी हाँ दॉग.
1640	1640	1640	And of His signs are your sleep by night and day, and your pursuit of His bounty. In this are signs for people who listen.	और रात और दिन को तुम्हारा सोना और उसके फज़ल व करम (रोज़ी) की तलाश करना भी उसकी (क़ुदरत की) निशानियों से है बेशक जो लोग सुनते हैं उनके लिए इसमें (क़ुदरते ख़ुदा की) बहुत सी निशानियाँ हैं	अपने सिद्धांतों के सिद्धांतों को रोते हैं और अपनी प्रगति को सुनत हो
1641	1641	1641	Must be hard being between children's and grown-up sizes, eh? Well, it was a pleasure meeting you, Sam.	जो रोज इसके साथ सोता है।	अरे, क्लासिक से स्टाइल वाले, बच्चों और वयस्तों के बीच होने वाले सizes, के बीच होने वाला आराम से, आपके कुछ प्रश्न
1642	1642	1642	What are you gonna do with the fucking painting? !	आप कमबख्त चित्रकला के साथ क्या करोगे?	माफ़ किया जाता हूँ कि आप के कुछ हाल ही से साझा किए गए पेनिंज़ले से
1643	1643	1643	Right	दायाँ	कह
1644	1644	1644	Active plugins	प्लगिन सक्रिय	
1645	1645	1645	_Use custom command to connect to server	सर्वर से जुड़ने के लिए कस्टम कमांड का प्रयोग करें (_U)	उसे कCustom command to connect to server
1646	1646	1646	Jacob do to your side agreed with the deal?	याकूब ने अपने पक्ष करने के लिए सहमत सौदा के साथ?	जेब पारसी के साथ समझौता करने के लिए सहमत थे?
1647	1647	1647	By Allah, We indeed sent (Messengers) to the nations before you (O Muhammad SAW), but Shaitan (Satan) made their deeds fair-seeming to them. So he (Satan) is their Wali (helper) today (i.e. in this world), and theirs will be a painful torment.	(ऐ रसूल) ख़ुदा की (अपनी) कसम तुमसे पहले उम्मतों के पास बहुतेरे पैग़म्बर भेजे तो शैतान ने उनकी कारस्तानियों को उम्दा कर दिखाया तो वही (शैतान) आज भी उन लोगों का सरपरस्त बना हुआ है हालॉकि उनके वास्ते दर्दनाक अज़ाब है	अल्लाह, अल्लाह, वे जो संदेश देते हैं वे पहले से ही उनके हाथों से बाहर हैं।
1648	1648	1648	The image...	छवि...	चित्र...
1649	1649	1649	Your life is now fulfilled.	अपने जीवन अब पूरी हो जाती है।	आपका जीवन पूरा हो गया है।
1650	1650	1650	One or two days at most.	सरकार जिले भी?	अन्यथन तो सुनना चाहिए।
1651	1651	1651	Somewhere... perhaps.	कहीं... शायद.	जो भी हो सकता है, वह शायद है।
1652	1652	1652	If we could just talk...	अगर हम बात कर सकें--	अरे, अगर हम बस बात कर सकते हैं...
1653	1653	1653	Know that Allah is severe in punishment, but that Allah (also) is Forgiving, Merciful.	जान लो अल्लाह कठोर दड देनेवाला है और यह कि अल्लाह बड़ा क्षमाशील, दयावान है	"यह सुनिश्चित करें कि वे कुछ भी गलत नहीं कह सकते और वे की जानकारी से संतुष्ट नहीं हो सकते और ऐसी कोई भी चिंत नहीं हो सकती.

यदि आप ऐसी स्थिति से संतुष्ट नहीं हो सकते तो आप ऐसी स्थिति से अस्तुष्ट नहीं हो सकते हो"
1654	1654	1654	Swearing by Allah their strongest oaths they claimed that if a warner came to them they would be better-guided than any other people. But when a warner did come to them, his coming only increased their aversion (to the Truth).	और ये लोग तो खुदा की बड़ी-बड़ी सख्त क़समें खा (कर कहते) थे कि बेशक अगर उनके पास कोई डराने वाला (पैग़म्बर) आएगा तो वह ज़रूर हर एक उम्मत से ज्यादा रूबसह होंगे फिर जब उनके पास डराने वाला (रसूल) आ पहुँचा तो (उन लोगों को) रूए ज़मीन में सरकशी और बुरी-बुरी तद्बीरें करने की वजह से	यहाँ स्वॉर्निमिता से व्यक्त किए गए strongest oaths, उन लोगों का हवालिंग किया गया कि यदि वे अपना स्वाल्पवादी विवाह करते हैं तो वे सभी लोगों के लिए सबसे ज़्यादा विशिष्ट विवाह कर सकते हैं |
1655	1655	1655	It's open here.	यह खुला है.	इस पर खुला है।
1656	1656	1656	Move up the ladder.	सीढ़ी ऊपर ले जाएँ.	बार स्ट्रीट के ऊपर लोडिंग की तरफ जाता है।
1657	1657	1657	Show offline contacts	ऑफलाइन संपर्क दिखाएँ	ब्लॉक ऑफ़ इंटरटाईब्लॉक ऑफ़ इंटरटाईब्लॉक ऑफ़ इंटरटाईब्लॉक ऑफ़ इंटरटाईब्लॉक ऑफ़ इंटरटाईब्लॉक ऑफ़ इंटरटाई
1658	1658	1658	A twelve year old girl will be so freaking terrified to utter a sound. Arrrgh…	एक बारह साल की बच्ची तो इतना सहम जायेगी कि उसके मुंह से आवाज़ क्या निकलेगी।	दो साल की लड़की को ऐसी बात सुनने वाला दुर्भाग्य होना याद दिलचल है।
1659	1659	1659	This really is Patton's gun, isn't it?	यह वास्तव में यह पैटन की बंदूक है, है न?	यह पटनसन की निशानी है, नहीं इसका कोई असर है?
1660	1660	1660	Ex-wife, Leroy!	पूर्व पत्नी, लेरॉय!	लेरॉय से है!
1661	1661	1661	It is not their meat or blood that reaches God: It is the fealty of your heart that reaches him. That is why He has subjugated them to you that you may glorify God for having shown you the way. So give glad tidings to those who are doers of good.	खुदा तक न तो हरगिज़ उनके गोश्त ही पहुँचेगे और न खून मगर (हाँ) उस तक तुम्हारी परहेज़गारी अलबत्ता पहुँचेगी ख़ुदा ने जानवरों को (इसलिए) यूँ तुम्हारे क़ाबू में कर दिया है ताकि जिस तरह खुदा ने तुम्हें बनाया है उसी तरह उसकी बड़ाई करो	यह उनके मेट और ब्लड को जो God पर पहुँचता है, वह है जो God दिखाता है। यह इसलिए है क्योंकि God दिखाता है, और यह इसलिए है क्योंकि God दिखाता है।
1662	1662	1662	The true religion with Allah is Islam. The People of the Book adopted many different ways rather than follow the true way of Islam even after the knowledge of truth had reached them, and this merely to commit excesses against one another. Let him who refuses to follow the ordinances and directives of Allah know that Allah is swift in His reckoning.	दीन (धर्म) तो अल्लाह की स्पष्ट में इस्लाम ही है। जिन्हें किताब दी गई थी, उन्होंने तो इसमें इसके पश्चात विभेद किया कि ज्ञान उनके पास आ चुका था। ऐसा उन्होंने परस्पर दुराग्रह के कारण किया। जो अल्लाह की आयतों का इनकार करेगा तो अल्लाह भी जल्द हिसाब लेनेवाला है	इससे पहले जिसे भी समझ आया कि हकीकत से भी अलग नहीं हो सकता हैकि उसे जो ज्ञान है उसे समझने के लिए भी आवश्यक समझ-वाल के पैमाने से भी ज़्यादा समझ-वाल के पैमाने से ज़्यादा हो सकता है कि आप समझ-वाल के पैमाने से ज़्यादा हो सकता है
1663	1663	1663	Harley, I already feel so bad though, about what we're doing.	हार्ले, मैं पहले से ही हम क्या कर रहे हैं के बारे में है, हालांकि बहुत बुरा लगता है.	हार्लey, मैं पहले भी इस तरह से दुखी हो करत्ना से हो रहा हूँ।
1664	1664	1664	Failed to connect to SMTP server %s in secure mode: %s	सुरक्षित मोड़ में %s SMTP सर्वर से जुड़ने में असफल: %s	सुरक्षा मोड से एसएमसी से ईमेल पर सुरक्षा मोड से ईमेल करने के लिए प्रार्थी किया जा सकता है।
1665	1665	1665	Earlier this evening online server trackers noted the NSA's website had been down for at least six hours, and the site continues to be inaccessible for some users.	शाम को ऑनलाइन सर्वर ट्रैकर्स ने पाया था कि एन.एस.ए. की वेबसाइट कम से कम छह घंटों के लिए बंद थी, तथा कुछ उपयोगकर्ताओं के लिए साइट अभी भी पहुंच में नहीं है।	अगली यह रात निजी स्टेशन के सूचनार्ड वेबसाइट को दौर से खाली किया गया था और इस साइट को भी दौर से खाली किया गया था।
1666	1666	1666	Did you hear somebody?	आप किसी को सुना है?	क्या तुमने सुना?
1667	1667	1667	I didn't even know about Ellen's money until I found that letter!	इसके अलावा, इस अपने कमबख्त योजना है	जिस प्रकार से भी ऐसा हो जाता है उसी प्रकार से हो सकता है विवरण।
1668	1668	1668	Your emails	raviratlami@ aol. in	यॉर्स के
1669	1669	1669	- This pool of slave labour you've got, you can underbid any contractor in town?	- तुम्हारे पास दासों का समूह है, तुम शहर के किसी भी ठेकेदार से कम बोली लगा सकते हो.	- क्या आप कोई किरदार शहर के बाईड वाले कोई हैं?
1670	1670	1670	All right, the parole board has received...	सब ठीक है, पैरोल बोर्ड प्राप्त हुआ है...	सभी सहमति, सभी जानकारी प्राप्त, सभी अद्यता प्राप्त, सभी सार्वजनिक जानकारी प्राप्त।
1671	1671	1671	the current time	मौजूदा समय	जो समय है
1672	1672	1672	/nick <nickname>: change your nickname on the current server	/nick <nickname>: मौजूदा सर्वर पर अपना प्रचलित नाम बदलें	नए <नामक>: current सर्वर पर अपना नाम बदलवाएँ
1673	1673	1673	They said: O ruler of the land! Lo! he hath a very aged father, so take one of us instead of him. Lo! we behold thee of those who do kindness.	और जो (उसके भाई की चोरी का हाल बयान करते हो ख़ुदा खूब बवाक़िफ है (इस पर) उन लोगों ने कहा ऐ अज़ीज़ उस (इब्ने यामीन) के वालिद बहुत बूढ़े (आदमी) हैं (और इसको बहुत चाहते हैं) तो आप उसके ऐवज़ (बदले) हम में से किसी को ले लीजिए और उसको छोड़ दीजिए	यह कहा: राजकुमार, वाह! वह वयस्, तो विदेन्. विदेन्, तो विदेन्, विदेन्, तो विदेन्, विदेन्, तो विदेन्, विदेन्, तो विदेन्, विदेन्, तो विदेन्, विदेन्, तो विदेन्, विदेन्, तो विदेन्, विदेन्, तो विदेन्, विदेन्, तो विदेन्, विदेन्, तो विदेन्, विदेन्, तो विदेन्, विदेन्, तो विदेन्, विदेन्, तो विदेन्, विदेन्, तो विदेन्, विदेन्, तो विदेन्, विदेन्, तो विदेन्, विदेन्, तो विदेन्, विदेन्, तो विदेन्, विदेन्, तो विदेन्, विदेन
1674	1674	1674	"Have you been to the ""new home"" last night?"	"कल रात तुम ""नया घर"" गये थे?"	नहीं, आपको नहीं लगा कि क्या विवरण से जुड़े हैं?
1675	1675	1675	A big fat fucking zero.	एक बहुत बड़ा शून्य।	अरे बोलते हैं तो भी नहीं।
1676	1676	1676	This will blind you.	यदि यह आँख में गया, अंधे हो जाओगे.	इसे देखें से तुम ज्यादा सोच से भी सोच-समज़ार से ज्यादा रचनामय हो जोगे।
1677	1677	1677	Poorer but wiser.	गरीब लेकिन समझदार.	दूसरा लेक कर सकता भी है।
1678	1678	1678	It promised that if they could distinguish between good and evil.	उसने वादा किया था कि अगर वे अच्छाई और बुराई के बीच भेद कर लेंगे.	ये वादा किया गया कि अगर वे दोनों के बीच भेद-भाव का संकेत लगा सकते थे।
1679	1679	1679	That's when we're at our most uncontrollable, vicious, insane with thirst.	~ क्रूर, प्यास से पागल ~.	जैसे हमें अपनी सबसे ज़्यादीगर्दी वाले रूप से असहनशील होने पर विचालीन होना हो सकता है।
1680	1680	1680	Hi-Test.	हाय टेस्ट.	जिस तरह से हमें कोई भी जानकारी मिल सकती है, उसे हमें कोई भी जानकारी मिल सकती है,उसका हमें कोई भी जानकारी मिल सकती है.
1681	1681	1681	And his plaint: ‘My Lord! Indeed these are a people who will not have faith!’	और (उसी को) रसूल के उस क़ौल का भी इल्म है कि परवरदिगार ये लोग हरगिज़ ईमान न लाएँगे	और विवाहित: ‘राजा! यहाँ वे लोग हैं जो विवाह के प्रति सच्चा है! वे लोग जो इस बात पर विवाह के प्रति सच्चा है!
1682	1682	1682	I want it sorted.	मैंइसेहल चाहते	जैसा हुआ सorted हुआ।
1683	1683	1683	Only 1?	केवल 1?	एक से नहीं?
1684	1684	1684	God desires to make clear to you, and to guide you in the institutions of those before you, and to turn towards you; God is All-knowing, All-wise;	ख़ुदा तो ये चाहता है कि (अपने) एहकाम तुम लोगों से साफ़ साफ़ बयान कर दे और जो (अच्छे) लोग तुमसे पहले गुज़र चुके हैं उनके तरीक़े पर चला दे और तुम्हारी तौबा कुबूल करे और ख़ुदा तो (हर चीज़ से) वाक़िफ़ और हिकमत वाला है	"यह कहें:
देव को यह स्पष्ट करने के लिए तुम्हें और परिसंघातार अनसारी से बचाव में तुम्हें तोय का निर्देश देने के लिए तुम्हें तोय का परिसंघातान्त्यु भाष्यों को सांप्रदायण में ले कर तैयार कर"
1685	1685	1685	Select the personal data you want to clear	निजी आंकड़ा चुनें जिसे आप साफ़ करना चाहते हैं	सही देना
1686	1686	1686	And We divided them throughout the earth into nations. Of them some were righteous, and of them some were otherwise. And We tested them with good [times] and bad that perhaps they would return [to obedience].	और हमने उनको रूए ज़मीन में गिरोह गिरोह तितिर बितिर कर दिया उनमें के कुछ लोग तो नेक हैं और कुछ लोग और तरह के (बदकार) हैं और हमने उन्हें सुख और दुख (दोनो तरह) से आज़माया ताकि वह (शरारत से) बाज़ आए	और हम उन्हें राष्ट्र बनाए रखे रहे. उनमें कुछ ऐसे थे जिन्हें यह साबित हो सके कि वे वापस कर लेंगाना |
1687	1687	1687	Could not register	पंजीयन नहीं कर सका	रजिस्ट्रिबल नहीं रजिस्ट्रिबल के लिए
1688	1688	1688	Weidling, former Commanding Officer of the Berlin Defense Force.	बर्लिन डिफेंस फोर्स के पूर्व कमांडिंग आफीसर, विल्डिंग.	बर्ली डिफेंस फोर्स के किंद्रपत्र का नेतृत्व करते हुए बर्ली का विद्यार्थी
1689	1689	1689	As for the wall, it belonged to two orphan lads in the city, and under it was a treasure belonging to them. Their father was a righteous man; and thy Lord desired that they should come of age and then bring forth their treasure as a mercy from thy Lord. I did it not of my own bidding. This is the interpretation of that thou couldst not bear patiently.'	"और रही यह दीवार तो यह दो अनाथ बालकों की है जो इस नगर में रहते है। और इसके नीचे उनका ख़जाना मौजूद है। और उनका बाप नेक था, इसलिए तुम्हारे रब ने चाहा कि वे अपनी युवावस्था को पहुँच जाएँ और अपना ख़जाना निकाल लें। यह तुम्हारे रब की दयालुता के कारण हुआ। मैंने तो अपने अधिकार से कुछ नहीं किया। यह है वास्तविकता उसकी जिसपर तुम धैर्य न रख सके।"""	"इसे स्पष्ट रूप से नहीं लिया जा सके:
इसे सही अर्थ में नहीं लिया जा सके:
टेक्स्ट:
शासित रूप से नहीं लिया जा सके,"
1690	1690	1690	The resource '%s' is busy during the selected time period.	संसाधन '%s' चयनित समय काल में व्यस्त.	'%s' selected time period during the working hours.
1691	1691	1691	- - I don't know, brother, ask him.	- मैं नहीं जानता, भाई, उससे पूछो.	जो भी जाँचना या जो हटा सकता/सी भूमिका निभा सकता/सी जानकारी के लिए भारत के भले ग्राम ले
1692	1692	1692	Enabled	draw separator	बाध्यता
1693	1693	1693	- That's true enough.	- काफी हद तक सच है.	जैसा भी कहें तो सही है।
1694	1694	1694	Do you think that you will be left [as you are] while Allah has not yet made evident those among you who strive [for His cause] and do not take other than Allah, His Messenger and the believers as intimates? And Allah is Acquainted with what you do.	क्या तुमने ये समझ लिया है कि तुम (यूं ही) छोड़ दिए जाओगे और अभी तक तो ख़ुदा ने उन लोगों को मुमताज़ किया ही नहीं जो तुम में के (राहे ख़ुदा में) जिहाद करते हैं और ख़ुदा और उसके रसूल और मोमेनीन के सिवा किसी को अपना राज़दार दोस्त नहीं बनाते और जो कुछ भी तुम करते हो ख़ुदा उससे बाख़बर है	यह निर्देश सुनने के संयुक्त रूप से प्रस्तुत किया जाना योग्य है।
1695	1695	1695	"They say: ""Why does he not bring us a sign (proof) from his Lord?"" Has there not come to them the proof of that which is (written) in the former papers [Scriptures, i.e. the Taurat (Torah), and the Injeel (Gospel), etc. about the coming of the Prophet Muhammad SAW]."	"और वे कहते है कि ""यह अपने रब की ओर से हमारे पास कोई निशानी क्यों नहीं लाता?"" क्या उनके पास उसका स्पष्ट प्रमाण नहीं आ गया, जो कुछ कि पहले की पुस्तकों में उल्लिखित है?"	यह कहें: “क्या है इस बात के प्रमाण? कि प्राप्त करने वाले इस प्रस्तुतन्तु ग्रंथ (श्रीग्रंथ), साहिल (साहिल ग्रंथ), और साहित (साहित ग्रंथ) के बारे में हो सकता है कि प्राप्त करने वाले इस प्रस्तुतन्तु ग्रंथ (श्रीग्रंथ), साहिल (साहिल ग्रंथ), और साहित (साहित ग्रंथ) के बारे में हो सकता है कि प्राप्त करने वाले इस प्रस्तुतन्तु ग्रंथ (श्रीग्रंथ), साहिल (साहिल ग्रंथ), और साहित (साहित ग्रंथ) के बारे में हो सकता है कि प्राप्त करने वाले इस प्रस्तुतन्तु ग्रंथ (श्रीग्रंथ
1696	1696	1696	In Reggie's pain?	रेगी के दर्द में ?	जिसे दर्द के लिए दिया जा सकता है?
1697	1697	1697	GEAC:	जीईएसी:	कृपया (जी.पी.):
1698	1698	1698	Move ~a onto an empty corner slot.	खाली अस्थायी खाँचा पर पत्ता ले जाएँ	स्थानांतरित करें ~एक खाली चिह्नरी स्लॉट में.
1699	1699	1699	Believers, obey Allah and obey the Messenger and those in authority among you. Should you dispute about anything refer it to Allah and the Messenger, if you believe in Allah and the Last Day. That is better and the best interpretation.	ऐ ईमान लानेवालो! अल्लाह की आज्ञा का पालन करो और रसूल का कहना मानो और उनका भी कहना मानो जो तुममें अधिकारी लोग है। फिर यदि तुम्हारे बीच किसी मामले में झगड़ा हो जाए, तो उसे तुम अल्लाह और रसूल की ओर लौटाओ, यदि तुम अल्लाह और अन्तिम दिन पर ईमान रखते हो। यदि उत्तम है और परिणाम की स्पष्ट से भी अच्छा है	अस्पष्ट तथ्यों को स्पष्ट करने, पूर्वाग्य करने, और ईमानदारी से बताने वाले शब्दों को संश्लिष्ट करने वाले लोगों के प्रति विवेक्या और सहमत्या से बताया गया
1700	1700	1700	All right, man, look.	ठीक है, आदमी, देखो.	सर, मन, लुका।
1701	1701	1701	And that He (Allah) is the Lord of Sirius (the star which the pagan Arabs used to worship);	और ये कि वही योअराए का मालिक है	और वो सिरस (एक खगोलीय ग्रह जिसे पagan अरब विभागों द्वारा समर्थित ग्रह है) का प्रकट होने वाला है ।
1702	1702	1702	Two weeks is nothing, we need two months at least.	दो हफ्ते कुछ भी नहीं है, हम दो महीने में कम से कम जरूरत है.	दो हफ़्टी भी कुछ हद्यात नहीं हो सकता कि अगले महीने से ज़्यादता से तुम्हें अगले महीने से ज़्यादता से तुम्हें अगले महीने से ज़्यादता से तुम्हें अगले महीने से ज़्यादता से तुम्हें अगले महीने से ज़्यादता से तुम्हें अगले महीने से ज़्यादता से तुम्हें अगले महीने से ज़्यादता से तुम्हें अगले महीने से ज़्यादता से तुम्हें अगले महीने से ज़्यादता से तुम्हें अगले महीने से ज़्यादता से तुम्हें अगले महीने से ज़्यादता से तुम्हें अगले महीने से ज़्यादता से तुम्हें अगले महीने
1703	1703	1703	First of all, Samurai is Japanese, I'm Korean.	सभी के पहले, समुराई जापानी है, मैं कोरियाई हूँ.	सर्विस्ट भारतीय, मैं चीनी।
1704	1704	1704	I believe we just had a cancellation.	मैं हम सिर्फ एक रद्द किया था विश्वास करते हैं.	मुझे यकीन है कि हाल ही में कुछ हुआ था.
1705	1705	1705	According the information from our spies,	हमारे गुप्तचर विभाग के अनुसार,	हमारी सpyों के अनुसार,
1706	1706	1706	"(Allah) said:""Get you down (from the Paradise to the earth), both of you, together, some of you are an enemy to some others. Then if there comes to you guidance from Me, then whoever follows My Guidance shall neither go astray, nor fall into distress and misery."	फिर उनकी तौबा कुबूल की और उनकी हिदायत की फरमाया कि तुम दोनों बेहश्त से नीचे उतर जाओ तुम में से एक का एक दुशमन है फिर अगर तुम्हारे पास मेरी तरफ से हिदायत पहुँचे तो (तुम) उसकी पैरवी करना क्योंकि जो शख्स मेरी हिदायत पर चलेगा न तो गुमराह होगा और न मुसीबत में फँसेगा	"सारे अर्थ यह है:
(सर्वशकारी) ने कहा, “जो तुम्हें भी संतान बन, तो जो तुम्हें भी दिलचल करने वाला हो तो जो तुम्हें भी नशिरा बन, तो जो तुम्हें भी चिंतनकेंद्रित महसूस करान वाला हो तो जो तुम्हें भी विवेक दिलचिया संवेदनाहान हो तो जो तुम्हें भी मूल स्वाभाव्यता दिलचल करने वाला हो तो जो तुम्हें भी भावाभरी भावानिर्माण का भावानिर्माण का भावानिर्माण का भावानिर्माण का भावानिर्माण का भावानिर्माण का भावानिर्माण का भावानिर्माण का भावानिर्माण का भावानिर्माण का भावानिर्माण क"
1707	1707	1707	I WANT TO HEAR IT.	मैं यह सुनना चाहता हूँ.	मैं इंतज़ार करता हूँ कि आप इसको सुनना चाहते हैं।
1708	1708	1708	And you really love her?	और तुम सच में उससे प्यार करता हूँ?	जी हाँ ये लोग बहुत सारे लोगों को प्यार करने वाले हैं |
1709	1709	1709	Let's make them suspicious.	की उन्हें शक करते हैं	इस प्रक्यासे नशीलता डालने के लिए इन्हें देखा लगा सकते हैं।
1710	1710	1710	It's a lot easier for you. Your life is all ahead of you.	यह आसान है, पेले.	आपके जीवन का बहुत सारा आसान बना दिया है।
1711	1711	1711	Not bothering a soul.	एक आत्मा परेशान नहीं.	बस मत भी करूँ।
1712	1712	1712	No. No, it ain't serious.	नहीं, नहीं, यह गंभीर नहीं है.	इस बार जो है, वह सिर्फ़ एक मजाक है।
1713	1713	1713	Other	अन्य	जैसा
1714	1714	1714	INFO	INFO	"बिलके बिलके:
आईफ़ो"
1715	1715	1715	I sure do apologize for that.	मुझे यकीन है कि के लिए माफ़ी चाहता हूं.	ज़रूर हूँ।
1716	1716	1716	It was nine months before Nat was born.	मैं बार में जा रहा हूँ।	जिस समय से नत का पुत्र था
1717	1717	1717	Is Kaveri happy?	कावेरी खुश है?	जानकारी दें: कaveri की संतुष्टि?
1718	1718	1718	Extraction not performed	निकाला नहीं गया	
1719	1719	1719	When you do a trick, it's like you're 80 again.	आप एक चाल करते हैं, इसे आप फिर 8O हैं की तरह है.	कल जब तुम कुछ ट्रिक्स कर रही हो तो मुझे 80 वर्तमान दिख रही लगती।
1720	1720	1720	You're telling me Richard Addison of Addison Industries murdered your family.	आदमी: तुम मुझे कह रहे हैं रिचर्ड एडिसन के एडिसन इंडस्ट्रीज अपने परिवार की हत्या कर दी।	आप Richard Addison के समय में दे रहे हैं।
1721	1721	1721	Start	प्रारंभ	शुरुआत
1722	1722	1722	The proxy host does not support SOCKS5	प्रॉक्सी होस्ट SOCKS4 का समर्थन नहीं करता है	सॉक्स5 स्ट्रेट फॉर्स्ट हॉटस्टार
1723	1723	1723	- Huh. - Hannah?	कि क्या है?	- हर. - हरनाम?
1724	1724	1724	"Units for a birthday or anniversary reminder, ""minutes"", ""hours"" or ""days"""	"जन्मदिन और वर्षगांठ संसूचक के लिए ईकाई, ""मिनट"", ""घंटे"" या ""दिन""."	कल, इसे सही तरी से समझा
1725	1725	1725	"David blames the South African government for the recent xenophobic attacks in South Africa: ""No one hates foreigners like South Africans do."	"दक्षिण अफ्रीका में विदेशी व बाहरी लोगों पर हुये हालिया हमलों के लिये डेविड सरकार को दोषी ठहराते हैं: ""विदेशियों से जितनी नफरत दक्षिण अफ्रीकी करते हैं उतना शायद कोई नहीं करता।"	"देखा:
देव का दिल दरबारों में शासन की हिंसा के कारण भारतीयों के प्रति भारत के भारत के भारत के भारत के भारत के भारत के भारत के भारत के भारत के भारत के भारत के भारत के भारत के भारत के भारत के भारत के भारत के भारत के भारत के भारत के भारत के भारत के भारत के भारत के भारत के भारत के भारत के भारत के भारत के भारत के भारत के भारत के भारत के भारत के भारत के भारत के भारत के भारत के भारत के भारत के भारत के भारत के भारत के भारत के भारत के भारत के भारत के भारत के भारत के भारत के भारत के भारत के भारत के भारत के भारत क"
1726	1726	1726	And there's the Empire.	और यह साम्राज्य है.	और हमारा राज्य है।
1727	1727	1727	Permission level	अनुमति स्तर	प्राप्ति स्तर
1728	1728	1728	- No, I didn't drug you.	/ अपनी भाषा आक्रामक है. भाड़ में जाओ तुम.	जी हाँ, मैंने आपको कुछ या भी कुछ दवाएँ लेने के लिए कहा।
1729	1729	1729	Say goodbye to the debugger	कहें को	"गति से डिबगर से कहा है कि कैसा होता है, उसे बता सकते कि कैसा होता है, और उसे बताया गया कि कैसे से कुछ होता है, और कैसे से कुछ हो सकता है।

डिबग्रेटिव रिट्री:
डिबग्रेटिव रिट्री का पूरी तरह से प्राप्त किया गया था डिबग्रेटिव रिट्री का पूरी तरह से प्राप्त किया गया था डिबग्रेटिव रिट्री का पूरी तरह से प्राप्त किया गया था डिबग्रेटिव रिट्री का पूरी तरह से प्राप्त किया गया था डिबग्रेटिव रिट्री का पूरी तरह से प्राप्त किया गया था डिबग्रेटिव रिट्री का पूरी तरह से प्राप्त क"
1730	1730	1730	I tried to get an appointment... but there's a three month waiting list.	मैं एक नियुक्ति पाने की कोशिश की ... ... लेकिन वहाँ एक तीन महीने की प्रतीक्षा सूची है।	मैं किसी के कार्यकलियों के लिए कोई समय दे सकता हूँ... लेकिन ऐसी तारीखें हैं कि मैंने कुछ भी नहीं किया है।
1731	1731	1731	About 11130.	11130 के बारे में.	11,130.
1732	1732	1732	Description contains	विवरण में समाहित है	"रूपांतर:
पूर्वांतरण:
विवरण में"
1733	1733	1733	Large font	बड़ा फॉन्ट	कम-कम की तारीख
1734	1734	1734	So, you're my son-in-law.	तो तुम मेरे दामाद हो.	आपके पूर्वज पर विवाह है।
1735	1735	1735	You hit too hard.	तुम जरा जोर से मार रहे हो.	आप बहुत हिंसक रहे क्योंने?
1736	1736	1736	In the days that follows I got them to at least work together	दिनों के बाद मैं उन्हें कम से कम एक साथ काम करने के लिए मिला में	अन्य लोगों ने उनसे कुछ करने के लिए काम करने के लिए प्रेरित किया
1737	1737	1737	Good lord...101%	हे भगवान ... 101%	बहुत अच्छी बात...पूरी तौर से सही
1738	1738	1738	- Merry Christmas, Mike.	- मेरी क्रिसमस, माइक.	मेरी चिंटल स्ट्रीट पर मेरी स्ट्रीट स्ट्रीट है!
1739	1739	1739	Let's go.	चलो चलते हैं.	अरे जाना।
1740	1740	1740	If the comparative results would come out, the question of whether the BJP government should rule or not would not arise in the country.	अगर इसका तुलनात्मक नतीजा आए तो देश के सामने यह सवाल नहीं आएगा कि बीजेपी की सरकार आनी चाहिए या नहीं।	अगर compsैरियन की जानकारी होती तो क्या देश में ऐसी स्थिति उत्पन्न होती तो
1741	1741	1741	Yeah, I kind of put that together, son.	हाँ,मैंएक तरहसे, किएकसाथबेटाडालदिया .	जैसा हुआ, पूरा हुआ, पादु हुई कि वे बात सीधे सीधे बता रहे, तो वे कुछ भी नहीं लिख रहे, लिख रहे के सारे हुआ हैं,
1742	1742	1742	Show the date and time column	तिथि एवं समय कॉलम दोनों दिखाएँ	"दिखाएँ:
डेटा एंड टाइम कोलम"
1743	1743	1743	You got no right! Please don't let them kill Hermann.	कृपया उन्हें हर्मन को मारने मत दो.	आपको जो है वो न भले तो Hermann.
1744	1744	1744	If it were not for the grace of God and His mercy to you, some of them had resolved to lead you astray but they lead astray no one but themselves. Nor can they do you any harm. God has sent down to you the Book and Wisdom and has taught you what you did not know. God's favour to you has been great indeed.	और (ऐ रसूल) अगर तुमपर ख़ुदा का फ़ज़ल (व करम) और उसकी मेहरबानी न होती तो उन (बदमाशों) में से एक गिरोह तुमको गुमराह करने का ज़रूर क़सद करता हालॉकि वह लोग बस अपने आप को गुमराह कर रहे हैं और यह लोग तुम्हें कुछ भी ज़रर नहीं पहुंचा सकते और ख़ुदा ही ने तो (मेहरबानी की कि) तुमपर अपनी किताब और हिकमत नाज़िल की और जो बातें तुम नहीं जानते थे तुम्हें सिखा दी और तुम पर तो ख़ुदा का बड़ा फ़ज़ल है	"दिए गए कुछ भाषा के अनुसार हुआ कुछ रूपरीति से हुआ वचन:
यदि कृग्ण गुणा और मेरी देखी गुणा तो सो गा, तो सो गा; और यदि मेरी देखी गुणा और मेरी देखी गुणा तो सो गा, तो सो गा; nor can they do me any harm. God's favour to me has been great indeed."
1745	1745	1745	Your Lord is the Best Knower of you; if He willeth He will have mercy upon you, or if He willeth He will torment you. And We have not sent thee over them as a trustee.	तुम्हारा परवरदिगार तुम्हारे हाल से खूब वाक़िफ है अगर चाहेगा तुम पर रहम करेगा और अगर चाहेगा तुम पर अज़ाब करेगा और (ऐ रसूल) हमने तुमको कुछ उन लोगों का ज़िम्मेदार बनाकर नहीं भेजा है	अपने राजा के सबसे ज्यादा जाने वाले हैं और जो उन्हें वैसा नहीं हो सकता है वैसा हो सकता है।
1746	1746	1746	Blu-ray disc	Blu-ray डिस्क	ब्लू-रay डिस्क
1747	1747	1747	How many generations living before them did We destroy? Do you find anyone of them around or do you even hear any word from them?	उनसे पहले कितनी ही नसलों को हम विनष्ट कर चुके है। क्या उनमें किसी की आहट तुम पाते हो या उनकी कोई भनक सुनते हो?	राजकुमारी जो राज्य से पहले किसी से जूफरी हो वे किस अनसहज स्थिति में हो कि उन्होंने आपसे ज़रूरी की नहीं की हो?
1748	1748	1748	These guys had military training.	इन लोगों के पास सैन्य प्रशिक्षण था।	यह लोग सेना से ताल्लबित हो चुके थे।
1749	1749	1749	Satan wants to induce hostility and hatred among you through wine and gambling and to prevent you from remembering God and prayer. Will you then avoid such things?	शैतान तो बस यही चाहता है कि शराब और जुए के द्वारा तुम्हारे बीच शत्रुता और द्वेष पैदा कर दे और तुम्हें अल्लाह की याद से और नमाज़ से रोक दे, तो क्या तुम बाज़ न आओगे?	ये गलियों और खेलों में भी शामिल हो कर सकते हैं और प्रार्थक हो कर आपको याद आने और समझने के लिए ऐसे चीज़ें बनाने से पर्याप्त्त्व वादा करता है।
1750	1750	1750	Channel View	चैनल दृश्य	चैनल व्यू
1751	1751	1751	Encoding	एनकोडिंग	स्ट्रिंग
1752	1752	1752	I do not want to change his bed.	मैं अपने बिस्तर बदलने के लिए नहीं करना चाहती.	मैं अपने पड़ोसी के साथ नियमों के बिना
1753	1753	1753	But he who says to his father and his mother, 'Fie on you! Do you promise me that I shall be brought forth, when entire generations have passed away before me' Yet they supplicate to Allah for help 'Woe to you! Believe, surely the promise of Allah is true' Then he says: 'This is nothing but fairytales of the ancients'	"किन्तु वह व्यक्ति जिसने अपने माँ-बाप से कहा, ""धिक है तुम पर! क्या तुम मुझे डराते हो कि मैं (क़ब्र से) निकाला जाऊँगा, हालाँकि मुझसे पहले कितनी ही नस्लें गुज़र चुकी है?"" और वे दोनों अल्लाह से फ़रियाद करते है - ""अफ़सोस है तुमपर! मान जा। निस्संदेह अल्लाह का वादा सच्चा है।"" किन्तु वह कहता है, ""ये तो बस पहले के लोगों की कहानियाँ है।"""	"अस्पष्यक से स्पष्ट करने योग्य कदम:
इस प्रकार से स्पष्ट करने वाले शब्दों को इस प्रकार से समझाने देनसे मान्य भी किया जा सकता है।"
1754	1754	1754	You're aware that curses are not supported by science. - Neither the ghosts.	आपके शाप के विज्ञान का समर्थन नहीं है	"ज़रूरी तौर पर बताएँकि ज्ञान के अनुसार कोई भी प्रकार की गड़भांस (गर्भी) सहित जातकों को नुकसान पहुँच सकती है, लेकिन ज्ञान के अनुसार यह सुनिश्चित किया ज सकता है कि कोई भी ऐसी स्थिति प्राप्त न करे जिससेंटा प्राप्त न करे गड़भांस (गर्भी) के प्रत्युत्त प्रभाव को कम करने से पूर्ण रूप से प्रेरित नहीं किया जा सकता है।

इस प्रक्त्र में जो भी हो सकता है, उसे इस प्रकार से प्रभावित किया ज सकता है।

इस प्रक्त्र में जो भी हो सकता है, उसे इस प्रकार से प्रभावित किया ज सकता है।

इस प्रक्त्र में जो भी हो सकता है, उसे इस"
1755	1755	1755	And now God, bends to my will.	और अब भगवान, मेरी मर्जी के लिए झुकता है।	और अब ज़बरवाटे में, मेरी इच्छा को अपने रूप में रखते हैं।
1756	1756	1756	You're driving like a maniac!	तुम किसी सनकी की तरह गाड़ी चला रहे हो!	आप ड्राइविंग कैसे करते हैं?
1757	1757	1757	And he had over them no authority except [it was decreed] that We might make evident who believes in the Hereafter from who is thereof in doubt. And your Lord, over all things, is Guardian.	और शैतान का उन लोगों पर कुछ क़ाबू तो था नहीं मगर ये (मतलब था) कि हम उन लोगों को जो आख़ेरत का यक़ीन रखते हैं उन लोगों से अलग देख लें जो उसके बारे में शक में (पड़े) हैं और तुम्हारा परवरदिगार तो हर चीज़ का निगरॉ है	यह कहें कि उनसे उनसे कोई अधिकार नहीं है कि उनसे उनसे कोई अहंकारी हो सकता है भली तौर पर, आपका अधिकार है कि आपका अधिकार हो सकता है भली तौर से,
1758	1758	1758	Recording audio tracks on a rewritable disc is not advised.	फिर लिखने योग्य डिस्क में ऑडियो ट्रैक की रिकॉर्डिंग सलाहकारी नहीं है.	एक रिकॉर्डेड ऑडियo ट्रैक को एक रिकॉर्डेड डिस्क पर रिकॉर्ड किया गया संग्रह का सुझाव नहीं है।
1759	1759	1759	But depressed and knowing something was wrong, he demanded medical records.	लेकिन अवसादग्रस्त तथा कुछ गड़बड़ महसूस करते हुए, उसने चिकित्सकीय अभिलेखों की मांग की।	लेकिन डिप्रेशन से जागरूक और जो गलत था, उस से डॉक्टर के रिकॉर्ड डें।
1760	1760	1760	You've got to ask why.	पूछिए क्यों.	आपको यह पूछने के लिए कोई भी जवाब देने के लिए यही नहीं है।
1761	1761	1761	Whereupon she said: 'Now you see, this is he on whose account you blamed me. Yes, I sought to seduce him, but he was unyielding. If he declines to do what I command, he shall be imprisoned and be one of the humiliated'	"वह बोली, ""यह वही है जिसके विषय में तुम मुझे मलामत कर रही थीं। हाँ, मैंने इसे रिझाना चाहा था, किन्तु यह बचा रहा। और यदि इसने न किया जो मैं इससे कहती तो यह अवश्य क़ैद किया जाएगा और अपमानित होगा।"""	मूल्यांदीयता निर्देश के अनुसार की जाने का संकेत देते हैं कि कार्य करना अनुचित है और इसके परिणामस्वरूप कार्यवाही की जाती है।
1762	1762	1762	We'll go and see the train when I'm better, shall we?	जब मैं ठीक हो जाऊंगी हम जाकर ट्रेन देखने जाएंगे, ठीक है न?	हमें जब मैं बेहतर हो जाऊँ तो हमें ट्रेन देखी जा सकती हूँ क्या ?
1763	1763	1763	You gotta put it down.	तुम इसे नीचे रखना होगा.	आपोन करें, ये करें, या नहीं हो सकता.
1764	1764	1764	But this is not all, some Indian Hockey Team players seem to be considering going on a hunger strike in protest against lack of awards for them after their recent win in Asia Cup while the cricket team got a truckload of goodies from state governments!	बात अभी पूरी नहीं हुई. भारतीय हॉकी टीम के कुछ सदस्यों ने उनकी हाल ही की एशिया कप विजय पर पुरस्कारों के टोटे, जबकि राज्य सरकारों द्वारा क्रिकेटरों को पुरस्कारों से लादने के विरोध में अनशन की चेतावनी दी!	राज्य सरकारों से Cricket के खिलाड़ी को जीत का उपाधिग्र भी दिया गया!
1765	1765	1765	I wasn't talking about hers, I was talking about yours.	मैं मैं तुम्हारा के बारे में बात कर रहा था उसका, के बारे में बात नहीं कर रहा था.	"कृपया ध्यान से पढ़:
मैं अपने खाते में में था।"
1766	1766	1766	(Girls Laughing and Chattering)	(लड़कियों हंसता और बकबक)	खात्र!). (लड्स Laughing and Chattering))
1767	1767	1767	Line up parentheses	पंक्ति ऊपर	बोलते समय अंक के बीच पारदर्शित किया जाएगा
1768	1768	1768	Yeah, I mean, that sounds amazing.	हाँ। काफ़ी अच्छा विचार है।	जी, ये सुनने वाले से भी हो सकता हूँ कि ऐसा सुनने में कोई समस्या हो सकती हूँ।
1769	1769	1769	- Lucy must be thrilled.	- लूसी बहुत खुश होगी।	- लुकी को उत्साह देना चाहिए।
1770	1770	1770	However, its cartoon industry managed to transcend both the national and the Soviet bloc borders, and became popular all over Central and Eastern Europe, including the non-aligned Yugoslavia.	हालांकि, इसका कार्टून उद्योग राष्ट्रीय और सोवियत ब्लॉक की सीमाओं पार करने में कामयाब रहा और गैर गठबंधन यूगोस्लाविया सहित सभी मध्य और पूर्वी यूरोप में लोकप्रियता हासिल कर सका।	हाल, इसका कार्टून उद्येश्य भी था जो राष्टीय और सोवियत ब्लॉक की सीमाओं से बाहर भी था और इसे दुनिया भर में लोकप्रिय भी हो गई।
1771	1771	1771	So, when you meet (in fight Jihad in Allah's Cause), those who disbelieve smite at their necks till when you have killed and wounded many of them, then bind a bond firmly (on them, i.e. take them as captives). Thereafter (is the time) either for generosity (i.e. free them without ransom), or ransom (according to what benefits Islam), until the war lays down its burden. Thus [you are ordered by Allah to continue in carrying out Jihad against the disbelievers till they embrace Islam (i.e. are saved from the punishment in the Hell-fire) or at least come under your protection], but if it had been Allah's Will, He Himself could certainly have punished them (without you). But (He lets you fight), in order to test you, some with others. But those who are killed in the Way of Allah, He will never let their deeds be lost,	अतः जब इनकार करनेवालो से तुम्हारी मुठभेड़ हो तो (उनकी) गरदनें मारना है, यहाँ तक कि जब उन्हें अच्छी तरह कुचल दो तो बन्धनों में जकड़ो, फिर बाद में या तो एहसान करो या फ़िदया (अर्थ-दंड) का मामला करो, यहाँ तक कि युद्ध अपने बोझ उतारकर रख दे। यह भली-भाँति समझ लो, यदि अल्लाह चाहे तो स्वयं उनसे निपट ले। किन्तु (उसने या आदेश इसलिए दिया) ताकि तुम्हारी एक-दूसरे की परीक्षा ले। और जो लोग अल्लाह के मार्ग में मारे जाते है उनके कर्म वह कदापि अकारथ न करेगा	"Source:
So, when you have to fight in the way of Allah, then you have to be ready to face any consequences that may come your way, but if it had been Allah's Will, He Himself could certainly have punished them (without you). But (He lets you fight), in order to test you, some with others."
1772	1772	1772	ICQ Work ID 2	आईसीक्यू कार्य ID 2	आई.स.स. कोर्स ID 2
1773	1773	1773	Could not create thread for populating cache	कैश भरने के लिये थ्रेड नहीं बना सका	कैसे की स्ट्रीट फॉर पॉपुलेटिंग कैसे किया स्टेप 1 के लिए
1774	1774	1774	Earth is still my home.	पृथ्वीअभीभी मेराघरहै	पृथ्वी मेरी घर्षण भी।
1775	1775	1775	Banks:	Banks:	स्टॉक्स:
1776	1776	1776	You always thought you were right...	तुम हमेशा मैं सही था...	आप हमेशा सहेजते, हमेशा बदल नहीं सकते, हमेशा आपकी thoughts सही थीं...
1777	1777	1777	Server, username and domain name cannot be empty. Please fill them with correct values.	सर्वर, उपयोक्तानाम, और डोमेन नाम रिक्त नहीं हो सकता है. कृपया उन्हें सही मान से भरें.	सर्वर, उपयुक्त username और domain name को सुनवाई देना चाहिए. इन्हें सही मान्यता और मान्यता के साथ-साथ सुरक्षा के साथ-संग्रहीत किए जाने योग्य डेटा को सुनवाई देना चाहिए.
1778	1778	1778	It's a skill and I'm good at it.	यह एक कौशल है और मैं इसे अच्छा हूँ.	बिल्क्रीली और मैं चाहूँगी इसके बारे में।
1779	1779	1779	Calendar authentication request	पंचांग सत्यापन आग्रह	कैलेंडर की गैरिफ़ायर की पुष्टि के लिए कोई प्रश्न है
1780	1780	1780	You think you can do as you please, living with us.	तुम्हें लगता है कि तुम जो मर्जी कर सकती हो, हमारे साथ रहकर	आपका विचार है कि आप जैसे चाहेंगे, हमें अपने साथ रहना।
1781	1781	1781	_Fetch All Headers	पूरा शीर्षक लाएँ (_F)	फ़्लिक्स वेबसाइट के हेड़र पर निर्देश देने वाले वेबसाइट के हेड़र को भी सभी हेड़रों के लिए निर्देश देने वाले वेबसाइट के हेड़रों को भी सभी हेड़रों के लिए सभी हेड़रों के लिए सभी हेड़रों के लिए सभी हेड़रों के लिए सभी हेड़रों के लिए सभी हेड़रों के लिए
1782	1782	1782	Constraints the panning to an axis	प्रतिबन्ध किसी अक्ष को पैन करने के लिए	सहनि साहस्य के लिए
1783	1783	1783	"The type ""%s"" is not a valid type."	%s नियमित फाइल नहीं है	गलत जानकारी.
1784	1784	1784	But I can still do a man's work, both here and there.	लेकिन मैं अभी भी एक मर्द का काम कर सकता हूं, यहाँ और वहाँ दोनों जगह.	जिस तरह से मैं शीकर का काम कर सकता हूँ, वे भी हो सकते हैं जो शीकर का काम करते हैं।
1785	1785	1785	Save Image	छवि सहेजें	जिस तरह से जानकारी दी जाना चाहेंटा चिंता भी हो सकती है.
1786	1786	1786	"that thereof you may thread ways, ravines."""	"""ताकि तुम उसके विस्तृत मार्गों पर चलो।"""	अगर आप उस संदर्भ को समझ सकते हैं, आप उसे फ़्रीडेम के रावन के मार्ग को समझ सकते हैं।
1787	1787	1787	%a %l:%M %p	%a %l:%M %p	यह सट्टी ली जा सक सकती हूँ
1788	1788	1788	They shall recline on couches lined with brocade, and within reach shall hang the fruits of the two Gardens.	यह लोग उन फ़र्शों पर जिनके असतर अतलस के होंगे तकिये लगाकर बैठे होंगे तो दोनों बाग़ों के मेवे (इस क़दर) क़रीब होंगे (कि अगर चाहे तो लगे हुए खालें)	वे सोढ़े पलटी-बट्टी वाले चम्मच पर, और उस पर सोने वाले चम्मच के प्रति प्रति होंस्टीयर वाले कोठी पर सोढ़े साथ में लिए गए किसी भी समय पर वास्तविकता से भरी हुई रहीगा।
1789	1789	1789	And help dragon riders sneak into Drago's camp?	और ड्रागो के शिविर में घुसने में ड्रैगन-सवारों की मदद करूँ?	और ड्रैगो के गुप्त संग्रह को छुपाने के लिए ड्रैगो के पास आने का पोस्ट भेज दें।
1790	1790	1790	On the Day when We raise up a witness from every people, those who were bent on denying the truth will not be permitted to put forward excuses, or to make amends.	और जिस दिन हम एक उम्मत में से (उसके पैग़म्बरों को) गवाह बनाकर क़ब्रों से उठा खड़ा करेगे फिर तो काफिरों को न (बात करने की) इजाज़त दी जाएगी और न उनका उज्र (जवाब) ही सुना जाएगा	यह दिन होगा जब हमें से हर लोग संघर्ष से मुक्त होगा और हमें से संघर्थ से मुक्त होगा |
1791	1791	1791	enter My Paradise!	और मेरे बेहिश्त में दाख़िल हो जा	मेरी पारिस्थितिका!
1792	1792	1792	_Manager:	प्रबंधक: (_M)	ट्रीटर:
1793	1793	1793	By the declining star,	गवाह है तारा, जब वह नीचे को आए	जिस तरह से
1794	1794	1794	Brace indentation size in spaces:	आकार इंच:	ब्रेस इंडENTेशन साइंस में:
1795	1795	1795	They (the souls) are then returned towards their True Lord – Allah; pay heed! Only His is the command; and He is the Swiftest At Taking Account.	फिर सब अल्लाह की ओर, जो उसका वास्तविक स्वामी है, लौट जाएँगे। जान लो, निर्णय का अधिकार उसी को है और वह बहुत जल्द हिसाब लेनेवाला है	यहाँ (जो) है वो वो वो वो वो वो वो वो वो वो वो वो वो वो वो वो वो वो वो वो वो वो वो वो वो वो वो वो वो वो वो वो वो वो वो वो वो वो वो वो वो वो वो वो वो वो वो वो वो वो वो वो वो वो वो वो वो वो वो वो वो वो वो वो वो वो वो वो वो वो वो वो वो वो वो वो वो वो वो वो वो वो वो वो वो वो वो वो वो वो वो वो वो वो वो वो वो वो वो वो वो वो वो वो वो वो वो वो वो वो वो वो वो वो वो वो वो वो वो वो वो वो वो वो
1796	1796	1796	Cherry pick	Cherry pick	चेरी पिक क्या
1797	1797	1797	Assistant	सहायक	के?
1798	1798	1798	Thought travel agents were a thing of the past thanks to the internet?	तो आपको ट्रैवेल एजेन्ट बीती हुई सदी के लगते थे, इन्टरनेट को धन्यवाद कहिए?	ऐथेरिया नेटवर्क के कारण विचार-विमर्शी के पूरक के कारण हो सकता है|
1799	1799	1799	She comes, and she kneels down every day?	वह हर दिन आती है, और घुटनों पर बैठ जाती है?	वो आती है, और वो हर दिन सो कर रही है?
1800	1800	1800	I_nclude remote tests	दूरस्थ परीक्षण को शामिल करें (_n)	जानकारी से जुड़े टेस्ट
1801	1801	1801	1st to 10th	1ला से 10वां	इससे पहले
1802	1802	1802	Organization	संगठन	संगठन
1803	1803	1803	"So you gonna tell us now what your ""big deal"" with Flag was?"	तो तुम हमें बताओ कि क्या अब ध्वज के साथ अपने 'बड़ा सौदा' था?	सो तो आप हमें बताएंगे कि आपका फ़्ैग यूड से क्या है?
1804	1804	1804	And I, no longer queen, will be put to death with your sister and the remaining members of our family.	... मवेशियों के ऊपर एक और व्यर्थ लड़ाई में विकृत किया जाना है. और मैं अब कोई रानी, मौत के लिए रखा जाएगा... ... अपनी बहन और हमारे परिवार के शेष सदस्यों के साथ.	और मैं अब राजकुमार नहीं हूँ, लेकिन मैं अपने भाई और remaining सदस्यों के साथ मेरा मृत्य दिया जा रहेगा।
1805	1805	1805	PAXTON:	PAXTON:	पैक्सटन:
1806	1806	1806	A generic python project using automake project management	A python प्रयोग कर रहा है	"Translate following English to Hindi text to Hindi. 
Ensure the translation is accurate, fluent, and faithful to the original meaning. 
Do not add, remove, or change any information."
1807	1807	1807	Encoding	एनकोडिंग	स्ट्रिंग
1808	1808	1808	Copy...	नक़ल करें...	कॉपी...
1809	1809	1809	Amandine Poulain likes: Figure skaters' costumes on TV.	Amandine Poulain को टीवी पर स्केटरों वेशभूषा पसंद है	एकामिंड पॉलायेन के शौक: टेलीविजन में फिगर स्कैटर्स के कपड़े के बारे में
1810	1810	1810	How dare he plays me using my dad!	उसकी हिम्मत कैसे हुई कि मेरे डैड का इस्तेमाल करके मेरे साथ खेले!	क्या हैरानी है कि उसने मेरे डादे का प्रयोग करते हुए अपना पैसा दिया!
1811	1811	1811	Did she at least say where she was going?	वह कहाँ जा रहा था वह कम से कम कहा?	जिसने तो बताया कि वह कहाँ जा रही है?
1812	1812	1812	O ye who believe! save yourselves and your families from a Fire whose fuel is Men and Stones, over which are (appointed) angels stern (and) severe, who flinch not (from executing) the Commands they receive from Allah, but do (precisely) what they are commanded.	ऐ ईमान लानेवालो! अपने आपको और अपने घरवालों को उस आग से बचाओ जिसका ईधन मनुष्य और पत्थर होंगे, जिसपर कठोर स्वभाव के ऐसे बलशाली फ़रिश्ते नियुक्त होंगे जो अल्लाह की अवज्ञा उसमें नहीं करेंगे जो आदेश भी वह उन्हें देगा, और वे वही करेंगे जिसका उन्हें आदेश दिया जाएगा	अरे, वे सुनने वाले! अपने परिवार और परिवर्षों को फायर से जलने की बार करने से लेकर, कुछ को याद नहीं करने from (performing) the Commands they receive from Allah, but do (precisely) what they are commanded.
1813	1813	1813	And then, shortly thereafter, three.	एक डबल घटना नहीं होगी.	औरज़रूर shortly thereafter three.
1814	1814	1814	_Debug	डिबग करें (_D)	बनावट
1815	1815	1815	I think I found Liedenbrock's notebook.	एल लगता है कि मैं Liedenbrock नोटबुक पाया. देखो .	मुझे लग रहा लेडेनब्रॉक्की नेपल में एक पुस्तक का ख़ाज़ाक़़ीा देखा.
1816	1816	1816	And to you We have revealed the Book containing the truth, confirming the earlier revelations, and preserving them (from change and corruption). So judge between them by what has been revealed by God, and do not follow their whims, side-stepping the truth that has reached you. To each of you We have given a law and a way and a pattern of life. If God had pleased He could surely have made you one people (professing one faith). But He wished to try and test you by that which He gave you. So try to excel in good deeds. To Him will you all return in the end, when He will tell you of what you were at variance.	और हमने तुम्हारी ओर यह किताब हक़ के साथ उतारी है, जो उस किताब की पुष्टि करती है जो उसके पहले से मौजूद है और उसकी संरक्षक है। अतः लोगों के बीच तुम मामलों में वही फ़ैसला करना जो अल्लाह ने उतारा है और जो सत्य तुम्हारे पास आ चुका है उसे छोड़कर उनकी इच्छाओं का पालन न करना। हमने तुममें से प्रत्येक के लिए एक ही घाट (शरीअत) और एक ही मार्ग निश्चित किया है। यदि अल्लाह चाहता तो तुम सबको एक समुदाय बना देता। परन्तु जो कुछ उसने तुम्हें दिया है, उसमें वह तुम्हारी परीक्षा करना चाहता है। अतः भलाई के कामों में एक-दूसरे से आगे बढ़ो। तुम सबको अल्लाह ही की ओर लौटना है। फिर वह तुम्हें बता देगा, जिसमें तुम विभेद करते रहे हो	यह स्पष्ट है कि जिसे गिवीडी, जिस की वैलिडी और जिस की पैरिडो के लिए प्राविडो से जुड़ता है (जैसे कि डिकेन, जैसे कि ओस्ट्रेन).
1817	1817	1817	So you're pleading guilty to the trooper's charge?	आप जवान के आरोप में दोषी विनती कर रहे हैं तो क्या?	हाँ, आप ट्रूपर की चोरी के आरोप में हैं?
1818	1818	1818	(Unknown Filename)	(अज्ञात फ़ाइलनाम)	जानकारी के लिए जिम्मेदार व्यक्ति)
1819	1819	1819	'Cause whoever's doing this is taking it seriously enough now to let us know that the loans to you, they're not secure.	जो कोई भी यह कर रहा है अब काफी गंभीरता से ले रही है क्योंकि हमें अपने आप को ऋण , वे सुरक्षित नहीं हैं कि यह बताने के लिए.	यह निर्माता यह कि आपको यह जाने के लिए कि आपके पैसे सुरक्षित हैं, यह सब एक संक्षित प्रकार से बता सकता हूँ.
1820	1820	1820	_View	दृश्य_(V)	देख
1821	1821	1821	Text	पाठ	Text:
1822	1822	1822	Restart the game	वर्तमान खेल पुनःप्रारंभ करें	गेम को फिर से शुरू कर
1823	1823	1823	Lodge them where ye dwell, according to your wealth, and harass them not so as to straiten life for them. And if they are with child, then spend for them till they bring forth their burden. Then, if they give suck for you, give them their due payment and consult together in kindness; but if ye make difficulties for one another, then let some other woman give suck for him (the father of the child).	मुतलक़ा औरतों को (इद्दे तक) अपने मक़दूर मुताबिक दे रखो जहाँ तुम ख़ुद रहते हो और उनको तंग करने के लिए उनको तकलीफ न पहुँचाओ और अगर वह हामेला हो तो बच्चा जनने तक उनका खर्च देते रहो फिर (जनने के बाद) अगर वह बच्चे को तुम्हारी ख़ातिर दूध पिलाए तो उन्हें उनकी (मुनासिब) उजरत दे दो और बाहम सलाहियत से दस्तूर के मुताबिक बात चीत करो और अगर तुम बाहम कश म कश करो तो बच्चे को उसके (बाप की) ख़ातिर से कोई और औरत दूध पिला देगी	यह सुननेे देनेे जाँचेंडे है कि बच्चे अपने बच्चे होने पर से सीधतः उसके होणे के लिए जिम्मेदार व्यक्त करने वाले व्यक्ति को ऐसा करने पर सहयोगी व्यक्त करने वाले व्यक्ति।
1824	1824	1824	THIS IS THE ONLY TIME-- IT'S THE FIRST TIME	यह केवल समय है - आईटी पहली बार है	इस बार यह एक बार ही मामला है | यह एक बार ही समय है | यह एक बार ही first है |
1825	1825	1825	Unexpected reply from server	सर्वर से अप्रत्याशित जवाब	सर्वर से अपेक्षाकुल उत्तर देने वाले
1826	1826	1826	Opening calendar	पंचांग खोल रहा है	कैलेंडर खोलन
1827	1827	1827	The file '{0}' is not a regular file and cannot be sent in a message.	फ़ाइल `{0}' एक सामान्य फ़ाइल नहीं है और संदेश में भेजी नहीं जा सकती है.	यह संग्रहशीर्षक और निर्देशिका के रूप में नहीं हो सकता और नहीं सेंड किया जा सकता
1828	1828	1828	You can forgive Kal any lapses in our quorum..	आप किसी भी काल माफ कर सकते हैं हमारे कोरम में खामियों ..	आप काल की कृप्यांदेशी हो सकते हैं..
1829	1829	1829	As for the children, God decrees that the share of the male is equivalent to that of two females. If they consist of women only, and of them more than two, they will get two-thirds of the inheritance; but in case there is one, she will inherit one half. The parents will each inherit a sixth of the estate if it happens the deceased has left a child; but if he has left no children, and his parents are his heirs, then the mother will inherit one-third; but if he has left brothers, the mother will inherit one-sixth after payment of legacies and debts. Of parents and children you do not know who are more useful to you. These are the decrees of God who knows all and is wise.	अल्लाह तुम्हारी सन्तान के विषय में तुम्हें आदेश देता है कि दो बेटियों के हिस्से के बराबर एक बेटे का हिस्सा होगा; और यदि दो से अधिक बेटियाँ ही हो तो उनका हिस्सा छोड़ी हुई सम्पत्ति का दो तिहाई है। और यदि वह अकेली हो तो उसके लिए आधा है। और यदि मरनेवाले की सन्तान हो जो उसके माँ-बाप में से प्रत्येक का उसके छोड़े हुए माल का छठा हिस्सा है। और यदि वह निस्संतान हो और उसके माँ-बाप ही उसके वारिस हों, तो उसकी माँ का हिस्सा तिहाई होगा। और यदि उसके भाई भी हो, तो उसका माँ का छठा हिस्सा होगा। ये हिस्से, वसीयत जो वह कर जाए पूरी करने या ऋण चुका देने के पश्चात है। तुम्हारे बाप भी है और तुम्हारे बेटे भी। तुम नहीं जानते कि उनमें से लाभ पहुँचाने की दृष्टि से कौन तुमसे अधिक निकट है। यह हिस्सा अल्लाह का निश्चित किया हुआ है। अल्लाह सब कुछ जानता, समझता है	करने वाले से जो भाषण करता है, उसे सही तरी से समझा जाना चाहे जा सके,
1830	1830	1830	I'm sorry, I'll never do this again.	मैं माफी चाहता हूँ , मैं फिर से ऐसा कभी नहीं होगा.	मैं सॉर्स नहीं करता कि भी नहीं।
1831	1831	1831	Commit on fast-forward merges	कमिट पर तेज आगे	देर से करने
1832	1832	1832	Use revision:	रिवीजन का उपयोग करें:	बदल न करें:
1833	1833	1833	Select name of the Evolution backup file to restore	पुनर्भंडारण के लिए एवोल्यूशन बैकअप फ़ाइल का नाम चुनें	पुनः किए गए इवॉल्ट बैकअप फ़ाइल का नाम लें
1834	1834	1834	(Remember) When the wife of Imran said, “My Lord! I pledge to you what is in my womb – that it shall be dedicated purely in Your service, so accept it from me; indeed You only are the All Hearing, the All Knowing.”	(ऐ रसूल वह वक्त याद करो) जब इमरान की बीवी ने (ख़ुदा से) अर्ज़ की कि ऐ मेरे पालने वाले मेरे पेट में जो बच्चा है (उसको मैं दुनिया के काम से) आज़ाद करके तेरी नज़्र करती हूं तू मेरी तरफ़ से (ये नज़्र कुबूल फ़रमा तू बेशक बड़ा सुनने वाला और जानने वाला है	यहाँ) जब उम्मीद से यह कह सुनाई दिया गया कि प्रेमी की बोली से सुनाई जाना है - यह उसे सुनने योग्य है; तथा पूरी तरह से उसके सेवा में है।
1835	1835	1835	in its long columns of flames.	जाएँगे	प्राकृतिक वाहिनी के पानी के पानी।
1836	1836	1836	Hey, look, you don't have to listen to him.	अरे, देखो, तुम उसे सुनने के लिए नहीं है .	यह कहें: हे, लो, आप उससे सुनने के बाद भी नहीं कह सकते हैं.
1837	1837	1837	SSL Certificate Authority	SSL प्रमाणपत्र प्राधिकार	एसएसएस कार्यक्रम
1838	1838	1838	I have a bogey incoming! Oh, shit.	मैं आने वाले एक दलदली है!	मेरे बोगी आने वाले!Oh, शिट।
1839	1839	1839	The patient needs ventilator.	मरीज को वेंटीलेटर की जरूरत है।	पatient की सहारी होनी योग्य है।
1840	1840	1840	Error performing IDLE	IDLE ढूंढ़ने में त्रुटि	ऑप-रिलायट के लिए कोई कार्य किया नहीं सकता
1841	1841	1841	Messages with Attachments	संलग्नक के साथ संदेश	सहायता
1842	1842	1842	Yes.	हाँ.	जी हाँ।
1843	1843	1843	That is because those who disbelieve follow falsehoods, while those who believe follow the truth from their Lord. God thus cites for the people their examples.	ये इस वजह से कि काफिरों ने झूठी बात की पैरवी की और ईमान वालों ने अपने परवरदिगार का सच्चा दीन एख्तेयार किया यूँ ख़ुदा लोगों के समझाने के लिए मिसालें बयान करता है	"वहाँ क्यों हो सकता है:
क्योंकि जो लोग भले हो जाते हैं, उन्हें भलाई हो जाती है, और वे भलाई हो जाती हैं।"
1844	1844	1844	I came to tell you that your life is in danger and I need your help.	बताने आया हूँ कि तुम्हारी जान खतरे में है और मुझे तुम्हारी मदद चाहिए।	मैं आपको बताने के लिए यहाँ आया हूँ कि आपकी ज़ल्लियस्ते हैं और आपकी सुरक्षा की आवश्यकता है।
1845	1845	1845	Accessible Table Row Description	पहुँच योग्य सारणी पंक्ति वर्णन	करने योग्य पनका विवरण
1846	1846	1846	You got to cover 360.	आप 360 कवर करने के लिए मिला है.	आपने 360 को देखा।
1847	1847	1847	Private	निजीiCalImp	प्राइवेट
1848	1848	1848	If it didn't hurt...	अगर दुखता न होता ...	अगरा नहीं हुआ...
1849	1849	1849	Take it, Raleigh!	, रैले यह लो!	टेक से न, रैली!
1850	1850	1850	This drug isn't new to our world	यह दवा हमारी दुनिया के लिए नया नहीं है	इस ड्रग के जोखिम हैं तो हमें नहीं
1851	1851	1851	Beast, havok, back him up.	द बीस्ट! Havok! उन्हें वापस ऊपर!	"इससे कहिए:
अभय, अवसामर्य, विविधता के बारे में बताएँ."
1852	1852	1852	Make sure you double-bag like the lady says.	जैसा महिला कहती है, डबल बैग जरूर लगना.	इसे सुनने के लिए भी बनाना चाहे तो प्यार है।
1853	1853	1853	"And he says, ""I believe this boy's about to have himself an accident? """	"और कहता था, ""मेरा मानना ​​है कि इस लड़के के साथ कोई दुर्घटना होगी."""	और वह कहते हैं, “मैं विश्वास से कहता हूँ कि इस लड़के को एक दुर्घटन से बचने के लिए चिंता है कि उसे यह समझने में भी रुचि है”.
1854	1854	1854	It's the 25th. man #2: 24th.	आज 25 है. पुरुष #2: 24 है.	सर्वोत्तर। मैन #2: 24th।
1855	1855	1855	And his plaint: ‘My Lord! Indeed these are a people who will not have faith!’	"और उसका कहना हो कि ""ऐ मेरे रब! निश्चय ही ये वे लोग है, जो ईमान नहीं रखते थे।"""	और विवाहित: ‘राजा! यहाँ वे लोग हैं जो विवाह के प्रति सच्चा है! वे लोग जो इस बात पर विवाह के प्रति सच्चा है!
1856	1856	1856	"When they returned to their father they said: ""Father! We have been denied further supply of corn. So send with us our brother that we may bring the supplies. We shall be responsible for his protection."""	(और इस लालच में) यायद फिर पलट के आएं ग़रज़ जब ये लोग अपने वालिद के पास पलट के आए तो सब ने मिलकर अर्ज़ की ऐ अब्बा हमें (आइन्दा) गल्ले मिलने की मुमानिअत (मना) कर दी गई है तो आप हमारे साथ हमारे भाई (बिन यामीन) को भेज दीजिए	मूल्यांधकनिष्ठ के भावदंड के अवसर सेंड कर वे व्यावहारी जिम्मे के कार्यनिष्ठक के भावदंड के अवसर से जुड़े हों |
1857	1857	1857	Get us close to him.	हमें उसके पास जाओ.	गेट us के पास him के पास हो.
1858	1858	1858	Yes.	हाँ।	जी हाँ।
1859	1859	1859	Migrating...	उत्प्रवासित हो रहा है...	जाने...
1860	1860	1860	Elias isolates himself a lot.	एलियास खुद को बहुत अलग रखता है.	इसे अलग रखना जरूरी है।
1861	1861	1861	Scoot back.	वापस भागो.	रोक लो।
1862	1862	1862	And that is to do this..	ऐसा करने के लिए है और कहा कि ..	और इस पर अहाबिल्लाह!
1863	1863	1863	Besides the BJP and the Congress, the National People's Party and two independent candidates, a total of 7 candidates filed nominations on Thursday.	भाजपा व कांग्रेस के अलावा नेशनल पीपुल्स पार्टी के एक एवं दो निर्दलीय प्रत्याशियों सहित कुल 7 प्रत्याशियों ने गुरुवार को नामांकन दाखिल किया।	अन्य दलों के भाजपा और कांग्रेस सहित नागरिकों के पार्टी के नाम भी रह सकते हैं।
1864	1864	1864	A flycam video showed security police blocking off the surrounding streets.	एक फ्लाईकैम वीडियो ने सुरक्षा पुलिस को आसपास की सड़कों को अवरुद्ध करते दिखाया।	बच्चे कैम्यू वीडियो दिखाते थे.
1865	1865	1865	Being niggardly with respect to you; but when fear comes, you will see them looking to you, their eyes rolling like one swooning because of death; but when the fear is gone they smite you with sharp tongues, being niggardly of the good things. These have not believed, therefore Allah has made their doing naught; and this is easy to Allah.	और चल दिए और जब (उन पर) कोई ख़ौफ (का मौक़ा) आ पड़ा तो देखते हो कि (आस से) तुम्हारी तरफ देखते हैं (और) उनकी ऑंखें इस तरह घूमती हैं जैसे किसी शख्स पर मौत की बेहोशी छा जाए फिर वह ख़ौफ (का मौक़ा) जाता रहा और ईमानदारों की फतेह हुई तो माले (ग़नीमत) पर गिरते पड़ते फौरन तुम पर अपनी तेज़ ज़बानों से ताना कसने लगे ये लोग (शुरू) से ईमान ही नहीं लाए (फक़त ज़बानी जमा ख़र्च थी) तो खुदा ने भी इनका किया कराया सब अकारत कर दिया और ये तो खुदा के वास्ते एक (निहायत) आसान बात थी	यह कहें कि आप और भी इस तरह व्यवहार करेंगे?
1866	1866	1866	Demon dog!	दानव कुत्ता!	दDemon dog!
1867	1867	1867	WHETSTONE	Constellation name (optional)	जैसा।
1868	1868	1868	It went through the hull!	यह पतवार के माध्यम से चला गया!	इसे नौका में ले लिया!
1869	1869	1869	Miss Waco, I didn't...	मिस वाको, मैंने नहीं किया...	वैसे, वोक्स,
1870	1870	1870	I spoke to Walker.	मैंने वॉकर से बात की थी।	मैं वाल्टर के साथ बातचीत की थी।
1871	1871	1871	Neither their flesh reaches Allah nor their blood; it is your piety that reaches Him. He has subjected these animals (to you) that you may magnify Allah for the guidance He has bestowed upon you. Give glad tidings, (O Prophet), to those who do good.	खुदा तक न तो हरगिज़ उनके गोश्त ही पहुँचेगे और न खून मगर (हाँ) उस तक तुम्हारी परहेज़गारी अलबत्ता पहुँचेगी ख़ुदा ने जानवरों को (इसलिए) यूँ तुम्हारे क़ाबू में कर दिया है ताकि जिस तरह खुदा ने तुम्हें बनाया है उसी तरह उसकी बड़ाई करो	"कृपयोग्य सूचना:
इस जानकारी को सुनकर और समझकर, इसे प्राप्त करके और भी इसे बढ़ावा दे सकते हैं।"
1872	1872	1872	Whatsoever is in the heavens and the earth belongs to Him, and His the judgement for ever. So will you fear any other than God?	जो कुछ आकाशों और धरती में है सब उसी का है। उसी का दीन (धर्म) स्थायी और अनिवार्य है। फिर क्या अल्लाह के सिवा तुम किसी और का डर रखोगे?	अस्पष्ट हो सकता हूँ, क्योंकि इस बात को जारी रखना होग कि वहheल्ला ईसा विचार से नहीं हो सकता है
1873	1873	1873	You spoil my daughter and I get the blame for it	तुम मेरी बेटी को खराब कर रही हो और दोष मुझे मिलता है	आप मुझे डराते हैं और मैंने भी जिम्मेदारी से व्याप्त कार्य के लिए
1874	1874	1874	Allah! There is none worthy of worship except Him; He will surely gather you all on the Day of Resurrection in which there is no doubt; and whose Words are more true than those of Allah? (Allah does not lie.)	अल्लाह के सिवा कोई इष्ट -पूज्य नहीं। वह तुम्हें क़ियामत के दिन की ओर ले जाकर इकट्ठा करके रहेगा, जिसके आने में कोई संदेह नहीं, और अल्लाह से बढ़कर सच्ची बात और किसकी हो सकती है	अरे, अल्लाह! जो कोई भी ईमानदार हो तो उसे जो कोई भी उपहित हो तो उसे जो कोई भी बयान करने योग्य हो तो उसे जो कोई भी बयान करने योग्य हो तो उसे जो कोई भी विवरण देने योग्य हो तो उसे जो कोई भी विवरण देने योग्य हो तो उसे जो कोई भी विवरण देने योग्य हो तो उसे जो कोई भी विवरण देने योग्य हो तो उसे जो कोई भी विवरण देने योग्य हो तो उसे जो कोई भी विवरण देने योग्य हो तो उसे जो कोई भी विवरण देने योग्य हो तो उसे जो कोई भी विवरण देने योग्य हो तो उसे जो कोई भी विवरण देने
1875	1875	1875	Wonderful party, thank you!	अद्भुत पार्टी, धन्यवाद!	बहुत शानदार पार्टी, धन्यवाद!
1876	1876	1876	So, if thou art in doubt regarding what We have sent down to thee, ask those who recite the Book before thee. The truth has come to thee from thy Lord; so be not of the doubters,	पस जो कुरान हमने तुम्हारी तरफ नाज़िल किया है अगर उसके बारे में तुम को कुछ शक़ हो तो जो लोग तुम से पहले से किताब (ख़ुदा) पढ़ा करते हैं उन से पूछ के देखों तुम्हारे पास यक़ीनन तुम्हारे परवरदिगार की तरफ से बरहक़ किताब आ चुकी तो तू न हरगिज़ शक़ करने वालों से होना	"यह स, यदि तुम्हारे डर से या निश्चय से या किसी भी चीज़ से यकीन नहीं हो कि तुम्हारे डर से या यकीन नहीं हो गै।

यह स, यदि तुम्हारे डर से या यकीन नहीं हो गो तो यकीन नहीं हो कि तुम्हारे डर से या यकीन नहीं हो"
1877	1877	1877	So how could you produce a fetching creature such as that?	आप उस सुंदर प्राणी को पैदा कर सकते हैं जो वहां है?	जिस तरह से आप निर्माता हैं तो आप ऐसी प्राणी को भी बना सकती हैं कि वह ऐसी किसी भी चीज़ भी हो सकती हूँ।
1878	1878	1878	This event has been deleted.	यह घटना मिटायी जा चुकी है.	इस घटना को हटा दिया गया है।
1879	1879	1879	_Burn Image...	छवि लिखें (_B)...	ब्लूट ऑ॑र डर्ट इमेज...
1880	1880	1880	All right, look, we're not going to let a couple of seagulls ruin our moment.	ठीक हम किसी भी सीगल को इन पलों को बरबाद करने नहीं देंगे।	अल्लाह, लुक, हमें यहाँ तक जो है, हमें यहाँ तक जाना नहीं होगा कि हमें यहाँ तक जो जानकारी है, उसे सावधानी से संभित होगा।
1881	1881	1881	I'd always thought that...	मैंने हमेशा सोचा था...	मुझे हमेशा सोचा तो...
1882	1882	1882	If you close the document anyway, you will lose that information.	यदि आप जैसे भी हो, दस्तावेज़ चुनते हैं, आप जानकारियाँ खो देंगे.	अगर आप डॉक्युलाइन को बिना कामयाबी के छोड़ सकते हैं, वे ही information को खो देते हैं।
1883	1883	1883	You'd make a good trapper.	तुम अच्छे बहेलिए बनोगे।	आप ट्रैपर के रूप में अच्छी तरह से काम करें
1884	1884	1884	We ate and ate at a hot dog stand.	हू हू!	हमने और हमने स्टैंड में स्नैक किया।
1885	1885	1885	We bestowed upon Lot sound judgement and knowledge, and We delivered him from the city that was immersed in foul deeds. They were indeed a wicked people, exceedingly disobedient.	और लूत को भी हम ही के फ़हमे सलीम और नबूवत अता की और हम ही ने उस बस्ती से जहाँ के लोग बदकारियाँ करते थे नजात दी इसमें शक नहीं कि वह लोग बड़े बदकार आदमी थे	अर्थात: हम Lot को सुनने वाले और ज्ञान प्राप्त करने वाले ने भी दिया था, और हमें उस शहर से बचने वाले बहुत बुरे लोगों के बचावे में थे।
1886	1886	1886	Not true, I have never done that!	नहीं, मैं ऐसा कभी किया!	ज़रूरी शब्दों में!
1887	1887	1887	But the plot didn't end there.	लेकिन साजिश यहीं खत्म नहीं हुई.	परीक्षण के परिणामों को भी छोड़ नहीं सकतीं
1888	1888	1888	You're a receptionist.	तुम रिसेप्शनिस्ट हो।	आप एक रिसेप्शनिस्ट हैं।
1889	1889	1889	General	सामान्य	जस्ट
1890	1890	1890	Tiger Two's hit.He's going down.	टाइगर दो की hit.He नीचे जा रहा है.	कौन से राजधानी हैं? वे सभी से निपटें
1891	1891	1891	Leave them to eat, and enjoy, and be lulled by hope. They will find out.	छोड़ो उन्हें खाएँ और मज़े उड़ाएँ और (लम्बी) आशा उन्हें भुलावे में डाले रखे। उन्हें जल्द ही मालूम हो जाएगा!	बच्चे उन्हें खानो, और आनो, और उन्हें ध्यान दो, और आशा दो. वे जिन्हें पता है वो भी पूरी तरह जिनसे जिन्हें पता है वो सारा जिनसे जिन्हें पता है वो भी सारा
1892	1892	1892	Who do you think broke the window?	तुम्हें क्या लगता है? खिड़की किसने तोड़ी है?	जो आपने दरवाजe को ब्रेक्ड कर दिया है?
1893	1893	1893	I love you so much, Madi	मादी, हम तुम्हें बहुत चाहते हैं	मैडी
1894	1894	1894	Cannot create folder in offline mode.	ऑफ़लाइन मोड में फ़ोल्डर नहीं बना सकता.	ऑफलाइन मोड में फ़ोल्डर निर्मित हो सकते है।
1895	1895	1895	GTK+ (Application)	GTK अनुप्रयोग	एप्लिकेशन
1896	1896	1896	Because Grandma is telling me-- all the grandmas, all the friends are saying what a great boy you are.	क्योंकि दादी मां मुझसे कहती हैं-- सभी दादी मां, सभी दोस्त कहते हैं कि तुम कितने अच्छे लड़के हो.	अगम के ग्राम-ग्राम लोग तो देते हैं कि वे विशेष रूप से व्यक्त-विधि के अनुसार उत्तेजित हैं |
1897	1897	1897	_Company:	कंपनी (_C):	प्रसार:
1898	1898	1898	He's lost in the mountains with no army.	वह कोई सेना के साथ पहाड़ों में खो जाता है.	वे पर्वतों में अकेले पड़ रहे हैं.
1899	1899	1899	It's good...	ये प्यारा है...	बढ़िया...
1900	1900	1900	- I'll fax this down the first thing - Thank you.	~ ~ पहली बात मैं हूँ फैक्स यह नीचे धन्यवाद.	- मैं इसे सबसे पहले thing से फैक्स कर डालती - धन्यवाद.
1901	1901	1901	"The event ""%1"" includes other people. Do you want to email the invitation to the attendees?"	यह% 1 अन्य व्यक्तियों को भी सम्मिलित करता है. क्या उपस्थिति को ई- मेल भेजा जाना चाहिए?	"रिजल्ट ""%1"" में दूसरे लोग हैं कि आप ईमेल से सम्मेलन के लिए प्रतिक्रिया देना चाहें तो"
1902	1902	1902	Mouse-based interactive map widget for selecting timezone. Keyboard users should instead select the timezone from the drop-down combination box below.	समय क्षेत्र के लिए माउस आधारित अंतःक्रियात्मक मैप विजेट. कुंजीपटल उपयोक्ता को समय क्षेत्र को लटकते संयुक्त बॉक्स से चुनना चाहिए.	"माइक्रोसॉफ्ट के आधिकारिक इंटरैक्टिव मैप विज़ुलेट के लिए विकल्प हैं:

1. कीबोर्ड उपयोगकर्ताओं को विकल्प देने योग्य हैं:
2. ड्रॉप-डाउन कॉम्बिनेड बॉक्स के माध्यम से टाइमेज़ को चुनने वाले कीबोर्ड उपयोगकर्ताओं को विकल्प देने योग्य हैं:
3. ड्रॉप-डाउन कॉम्बिनेड बॉक्स के माध्यम से टाइमेज़ को चुनने वाले कीबोर्ड उपयोगकर्ताओं को विकल्प देने योग्य हैं:
4. ड्रॉप-डाउन कॉम्बिनेड बॉक्स के माध्यम से टाइमेज़ को चुनने वाले कीबोर्ड उपयोगकर्ताओं को विकल्प देने योग्य हैं:
5. ड्रॉप-डाउन कॉम्ब"
1903	1903	1903	Next	अगला	जैसे
1904	1904	1904	Welcome aboard, dragon rider.	स्वागत हो, ड्रैगन-सवार!	हैलो, ड्रैगन राइडर.
1905	1905	1905	Do you have one that's cheaper?	इससे सस्ता वाला है क्या?	जी हूँ कि आपके पास एक ऐसी है जो कम लागत चाल्टी हूँ?
1906	1906	1906	Comment	टिप्पणी	"आपको कोई प्रतिक्रिया या प्रश्न यहाँ पूछा जा सकते हैं:
-क्या आप इस पृष्ठ के नीचे जा सकते हैं?"
1907	1907	1907	Your possessions and your offspring are nothing but a trial for you. And there awaits a great reward for you with Allah.	तुम्हारे माल और तुम्हारी सन्तान तो केवल एक आज़माइश है, और अल्लाह ही है जिसके पास बड़ा प्रतिदान है	आपके पास और आपके बच्चे भी कुछ जैसे हो सकते हैं लेकिन भविष्य का दुर्भावुक होगा क्योंकि भविष्य का दुर्द्रविहीन होगा।
1908	1908	1908	One of those 26 farms to decide who will be invited to the Best Super Pig Fest in New York City, where it will be unveiled to the world.	उन 26 फ़ार्मों में यह तय करने के लिए कि किसे न्यू यॉर्क सिटी आमंत्रित किया जाए श्रेष्ठतम सूपर सूअर उत्सव के लिए, जहाँ उसे दुनिया के सामने पेश किया जाएगा।	बिल्कुल 26 फार्म्स को चुनो जिनमें व्यक्तिग्रह का निर्णय किया ज सकेगा |
1909	1909	1909	Allow Ekiga to fall back to software scaling the picture-in-picture if hardware support is not available. If this is set to false, Ekiga will not try to open the PIP if hardware support is not available.	एकिगा को सॉफ्टवेयर अनुमापन तस्वीर में तस्वीर की ओर ले जाता है यदि हार्डवेयर समर्थन उपलब्ध नहीं है. यदि इसे गलत पर सेट किया जाता है, एकिगा खोलने की कोशिश नहीं करेगा PIP को यदि हार्डवेयर समर्थन अनुपलब्ध है.	यदि यह निर्धारित है तो हेकागा पीइम्बार को सॉफ़्टवेयर स्कैलिंग देने की कोशिश करेगा यदि हेकागा hardware support उपलब्ध नहीं है तो पीइम्बार द्वारा सॉफ़्टवेयर स्कैलिंग प्रभावित कार्यक्षमता में सुधार का प्रयोग किया हो सकता है।
1910	1910	1910	%B %e, %Y at %R UTC	%R UTC पर %B %e, %Y	राज्य को UTC+07 (भारतीय समय को UTC+05:30 (पूर्वीय भारतीय समय को UTC+05:30 (पूर्वीय भारतीय समय को UTC+05:30 (पूर्वीय भारतीय समय को UTC+05:30 (पूर्वीय भारतीय समय को UTC+05:30 (पूर्वीय भारतीय समय को UTC+05:30 (पूर्वीय भारतीय समय को UTC+05:30 (पूर्वीय भारतीय समय को UTC+05:30 (पूर्वीय भारतीय समय को UTC+05:30 (पूर्वीय भारतीय समय को UTC+05:30 (पूर्वीय भारतीय समय को UTC+05:30 (पूर्वीय भारतीय समय को UTC+05:30 (पूर्वीय भारतीय समय को UTC+05:30 (पूर्वीय भारतीय समय को UTC+05:30 (पूर्वीय भारतीय समय को UTC+05:30 (पूर्वीय भारतीय समय को UTC
1911	1911	1911	Loading…	लोड किया जा रहा है...	लोडिंग...
1912	1912	1912	In Cameroon, there is only one doctor for every 5,000 people, according to the World Health Organization.	विश्व स्वास्थ्य संगठन के अनुसार, कैमरून में प्रत्येक 5000 व्यक्ति के लिए केवल एक चिकित्सक है।	कैमूरिया में, प्रति 5 लाख लोगों के लिए एक डॉक्टर केवल एक है।
1913	1913	1913	Command parameter not implemented	कमांड पैरामीटर लागू नहीं किया गया	कमांड पैरामीटर न किया जाना चाहेंटा बदलाव करने योग्य हूँ
1914	1914	1914	It was the decision of the house that departmental representatives were attending the meeting just to complete the quorum and were not equipped with complete information.	सदन का फैसला था कि विभागीय प्रतिनिधि सिर्फ कोरम पूरा करने के लिए बैठक में आते हैं उन्हें पूरी जानकारी नहीं रहती है।	यह निर्णय घर के विभाग के प्रतिविदेशीय प्रतिनिधियों के लिए आयोजित किए जाने के लिए कोई राज्य पूरी नहीं हुआ |
1915	1915	1915	"We said, ""David, We have given you mastery over the land. Judge fairly between people. Do not follow your desires, lest they divert you from God's path: those who wander from His path will have a severe punishment, because they ignore the Day of Reckoning."""	"""ऐ दाऊद! हमने धरती में तुझे ख़लीफ़ा (उत्तराधिकारी) बनाया है। अतः तू लोगों के बीच हक़ के साथ फ़ैसला करना और अपनी इच्छा का अनुपालन न करना कि वह तुझे अल्लाह के मार्ग से भटका दे। जो लोग अल्लाह के मार्ग से भटकते है, निश्चय ही उनके लिए कठोर यातना है, क्योंकि वे हिसाब के दिन को भूले रहे।-"	यह कहते कि डेविड, हमने आपको सार्वजनिक रूप से अपने पूरक के लिए जिम्मेदार ठीक है वह आप अपने सार्वजनिक के साथ अपने पूरक के साथ भी अपने सार्वजनिक के साथ ही अपने सार्वजनिक के साथ भी अपने सार्वजनिक के साथ ही अपने सार्वजनिक के साथ भी अपने सार्वजनिक के साथ ही अपने सार्वजनिक के साथ भी अपने सार्वजनिक के साथ ही अपने सार्वजनिक के साथ भी अपने सार्वजनिक के साथ ही अपने सार्वजनिक के साथ भी अपने सार्वजनिक के साथ ही अपने सार्वजनिक के साथ भी अपने सार्वजनिक के साथ ही अपने सार्वजनिक के साथ भी अपने सार्वजनिक के
1916	1916	1916	- [ RIFLE SHOT ] - [ SCREAMS ]	- [राइफल शॉट] - [चिल्लाती]	"इस प्रक्त्ति से न:
- [रिफ़्ल शॉट] - [स्क्रीम शॉट]"
1917	1917	1917	Prev mesg	पिछला संदेश	
1918	1918	1918	Mute	मूक	प्रतिकर्षीय
1919	1919	1919	New _Incognito Window	नई गुप्त विंडो (_I)	नई - इंफ्लिगंट विंडन
1920	1920	1920	Name	नाम	नाम
1921	1921	1921	Remove current view of the document	हटाएँ का दस्तावेज़	द document के current पाठ को हटा देना
1922	1922	1922	- Help her out.	- उसकी मदद से बाहर.	- जिसे सहायता देनी हो.
1923	1923	1923	"When Moses had fulfilled the term and was journeying with his family, he perceived a fire in the direction of the Mount (Sinai). He said to his family: ""Wait here; I have observed a fire. Maybe I will bring to you some news or a brand of fire from there that you may warm yourselves."""	ग़रज़ मूसा का छोटी लड़की से निकाह हो गया और रहने लगे फिर जब मूसा ने अपनी (दस बरस की) मुद्दत पूरी की और बीवी को लेकर चले तो अंधेरीरात जाड़ों के दिन राह भूल गए और बीबी सफ़ूरा को दर्द ज़ेह शुरु हुआ (इतने में) कोहेतूर की तरफ आग दिखायी दी तो अपने लड़के बालों से कहा तुम लोग ठहरो मैने यक़ीनन आग देखी है (मै वहाँ जाता हूँ) क्या अजब है वहाँ से (रास्ते की) कुछ ख़बर लाऊँ या आग की कोई चिंगारी (लेता आऊँ) ताकि तुम लोग तापो	राजदान करने के बाद, मoses को पता हो कि सिनाई के पास एक आग थी और वह आग शायद ही छोटी थी जो उस समय के लिए बहुत महत्वपूर्ण थी ।
1924	1924	1924	Your emails	raviratlami@ aol. in, rajesh@ indlinux. in	यॉर्स के
1925	1925	1925	Specify file containing saved configuration	सहेजा विन्यास समाहित करता फ़ाइल निर्दिष्ट करें	दिए गए फ़ाइल में संसाद किए गए फ़ाइल में से saved configuration को वापस लेने के लिए वो फ़ाइल है
1926	1926	1926	Are you sure you want to debug a program not using the Debug configuration? When optimizations are enabled, the debugger cannot always identify the source code corresponding to the instructions, so some commands can perform in a strange way, especially steps.	को डिबग a प्रोग्राम नहीं प्रयोग कर रहा है दोषसुधार विन्यास नहीं सक्षम श्रोत कोड को कुछ कमांड इंच a चरण.	नहीं, आपको पर्याप्त ज्ञान होगा कि आप किस प्रकार सेprogram को डीबेज़ किया जा सकता है और किस प्रकार से उसे प्राप्त किया जा सकता है।
1927	1927	1927	- It happens. - Whoa.	थोड़ा रुको.	- - - -
1928	1928	1928	Drop the sensor. TREVOR: What?	लेफ्टिनेंट बिजली को आकर्षित कर रहा है!	देने को छोड़. टREVॉइड: क्या?
1929	1929	1929	Next month	अगला माह	बादल
1930	1930	1930	Then we'll go. Baby, what if this place belongs to some kind of cult?	बेबी, अगर यह जगह किसी विचित्र-पंथियों की हुई तो?	यहाँ से हम जा सकते हैं. छोटा, यहाँ संबंधित कुछ प्रकार का हो सकता है.
1931	1931	1931	Sort of like humongous fungus.	humongous कवक की तरह के आधार पर छाँटें.	बिल्क्रUIT वॉल्की।
1932	1932	1932	- Another £200.	- और 200 पाउंड।	- और £200.
1933	1933	1933	Don't...don't do anything to me	... मेरे पास कुछ भी नहीं है नहीं है	नहीं...नहीं किसी को मैंने भी ऐसी चीज़ें कर नहीं प्रदान की गईं
1934	1934	1934	"Say: ""Who is (the) Lord of the seven heavens, and (the) Lord of the Great Throne?"""	"कहो, ""सातों आकाशों का मालिक और महान राजासन का स्वामीकौन है?"""	"से: ""जिस व्यक्त (है) जो सातों देवताओं का दर्शन करता है और जिसे (है) जो विश्व का विशालु थorne है, उसे (है) जिस व्यक्त (है) जो सातों देवताओं का दर्शन करता है और जिसे (है) जो विश्व का विशालु थorne है, उसे (है) जिस व्यक्त (है) जो सातों देवताओं का दर्शन करता है और जिसे (है) जो विश्व का विशालु थorne है, उसे (है) जिस व्यक्त (है) जो सातों देवताओं का दर्शन करता है और जिसे (है) जो विश्व का विशालु थorne है, उसे (है) जिस व्यक्त (है) जो सातों देवताओं का दर्शन करता है और"
1935	1935	1935	No burner specified	कोई बर्नर निर्दिष्ट नहीं	बटन सpecिफाई किया नहीं
1936	1936	1936	Oh, my God.	ओह, मेरे भगवान.	हाँ ही नहीं।
1937	1937	1937	Publishing Author	प्रकाशक लेखकPermissionsLevel	प्रकाशन प्रदाता
1938	1938	1938	I can't change what I did.	मैं नहीं बदल सकते कि मैं क्या किया।	मैं डालने ये कुछ नहीं कर सकता।
1939	1939	1939	Background Color Set	पृष्ठभूमि रंग नियत है	रंग
1940	1940	1940	You know what that key is for?	आप कुंजी के लिए है कि क्या जानते हैं?	ज़रूर बताओ कि क्या यह कीबोर्ड के डिवाइस के लिए उपयुक्त है?
1941	1941	1941	OI, DON'T BE MAD.	ओय, पागल मत बनो.	ओ, न भाग्य न हो.
1942	1942	1942	Rimgale's gonna wanna talk to Swayzak about this.	इस बारे में Swayzak को Rimgale वाला बात करना चाहता हूँ.	रिम्जेल को स्वायज़ाक से इस बात के बारे तो मिलेगा।
1943	1943	1943	Attack him from behind.	पीछे से मार.	इससे पीछे ही स्टीट!
1944	1944	1944	Select all visible contacts	सभी दृश्य संपर्कों को चुनें	से अधिक स्पष्ट संपर्कों को चुनें
1945	1945	1945	Have you not considered that Allah knows what is in the heavens and what is on the earth? There is in no private conversation three but that He is the fourth of them, nor are there five but that He is the sixth of them - and no less than that and no more except that He is with them [in knowledge] wherever they are. Then He will inform them of what they did, on the Day of Resurrection. Indeed Allah is, of all things, Knowing.	क्या तुमको मालूम नहीं कि जो कुछ आसमानों में है और जो कुछ ज़मीन में है (ग़रज़ सब कुछ) ख़ुदा जानता है जब तीन (आदमियों) का ख़ुफिया मशवेरा होता है तो वह (ख़ुद) उनका ज़रूर चौथा है और जब पाँच का मशवेरा होता है तो वह उनका छठा है और उससे कम हो या ज्यादा और चाहे जहाँ कहीं हो वह उनके साथ ज़रूर होता है फिर जो कुछ वह (दुनिया में) करते रहे क़यामत के दिन उनको उससे आगाह कर देगा बेशक ख़ुदा हर चीज़ से ख़ूब वाक़िफ़ है	"अपने मूल्यानुसार, इस प्रकार से, और इस प्रक्त्त्र में तथा (और) निम्नलिखित है:
1. वे जो Allah के ज्ञान से जुड़े हुए हैं, उसे भी बताया जा सकता है कि वे जो Allah के ज्ञान से जुड़े हुए हैं, वे भी इस बात को सुनिश्चित करें कि वे जो Allah के ज्ञान से जुड़े हुए हैं, वे भी इस बात को सुनिश्चित करें कि वे जो Allah के ज्ञान से जुड़े हुए हैं, वे भी इस बात को सुनिश्चित करें कि वे जो Allah के ज्ञान से जुड़े हुए हैं, वे भी इस बात को सुनिश्चित करें कि वे जो Allah के ज्ञान से जुड़े हुए हैं, वे भी इस बात को सुनिश्चित"
1946	1946	1946	They're trying to burn us out.	हमें जलाकर मारने में लगे हैं.	यहाँ पर हमें आगे नहीं बढ़ाना चाहते हैं.
1947	1947	1947	"We would be inventing lies against God if we returned to your faith after God has delivered us from it. It is not for us to return to it unless God our Lord so willed. Our Lord encompasses all things in His knowledge. We have put our trust in God. Our Lord, expose the truth [and judge] between us and our people, You are the best judge."""	"""हम अल्लाह पर झूठ घड़नेवाले ठहरेंगे, यदि तुम्हारे पन्थ में लौट आएँ, इसके बाद कि अल्लाह ने हमें उससे छुटकारा दे दिया है। यह हमसे तो होने का नहीं कि हम उसमें पलट कर जाएँ, बल्कि हमारे रब अल्लाह की इच्छा ही क्रियान्वित है। ज्ञान की स्पष्ट से हमारा रब हर चीज़ को अपने घेरे में लिए हुए है। हमने अल्लाह ही पर भरोसा किया है। हमारे रब, हमारे और हमारी क़ौम के बीच निश्चित अटल फ़ैसला कर दे। और तू सबसे अच्छा फ़ैसला करनेवाला है।"""	"विषय:
ये हमें बताना चाहे नहीं कि जो भी कहें हमें नहीं बताए, लेकिन हमें बताएँ कि जो भी कहा वह विविध हो सकता है।"
1948	1948	1948	[shrieks and laughter]	[चिल्‍लाहट और हंसी]	असल में
1949	1949	1949	Bring me my gun! Riflemen, assemble here!	वे दूर नहीं मिलेगा!	ब्रिंग मैं मेरो गन! रिफीलन, यहेर लाईन असेम्ली!
1950	1950	1950	Yourjob will be done, you go!	तुम्हारा काम हो जाएगा, तुम जाओ!	आपका job done है यू गो!
1951	1951	1951	For all that they used to do.	जो कुछ वे करते रहे।	यह सब उन्होंने पहले किया था।
1952	1952	1952	Maybe we can help his family out.	शायद हम उसके परिवार की मदद कर सकते हैं.	यह सुनने में भी अच्छी तरह से जानकारी दी जाती है.
1953	1953	1953	America/ Argentina/ Buenos_Aires	अमेरिका/ अरजेटीना/ बुएनॉस_ एरिस	
1954	1954	1954	You've found a baby before?	तुम से पहले एक बच्चे को देखा है?	हाँ, आप दो before कौन?
1955	1955	1955	Resign	छोड़ें	साइन
1956	1956	1956	RAY?	रे?	राय?
1957	1957	1957	(VALENTINE HUMMING)	(वेलेंटाइन गुनगुना)	वैलेंटाइन हुम्मिंग
1958	1958	1958	LORD	दोरादोConstellation name (optional)	रॉबर्ट
1959	1959	1959	"God said, ""The land is forbidden to them for forty years, while they wander around the earth, bewildered; do not grieve over these wicked people."""	हमारा उनका साथ नहीं हो सकता (ख़ुदा ने फ़रमाया) (अच्छा) तो उनकी सज़ा यह है कि उनको चालीस बरस तक की हुकूमत नसीब न होगा (और उस मुद्दते दराज़ तक) यह लोग (मिस्र के) जंगल में सरगरदॉ रहेंगे तो फिर तुम इन बदचलन बन्दों पर अफ़सोस न करना	"गॉड ने कहा, ""इस स्थल पर उन लोगों को forty वर्ष तक अवैध नहीं बनाया देता है, जबकि वे स्थल पर बार-बार उलट-जीत कर बेचूके लोगों को यह भी नहीं बताया देता है कि वे लोगों को इस स्थल पर अवैध नहीं बनाया देता है कि वे लोगों को इस स्थल पर अवैध नहीं बनाया देता है।

(यहाँ स्पष्ट है कि इस स्थल पर अवैध नहीं बनाया देता है कि वे लोगों को इस स्थल पर अवैध नहीं बनाया देता है कि वे लोगों को इस स्थल पर अवैध नहीं बनाया देता है।"
1960	1960	1960	No, no, do not shoot him.	नहीं, नहीं, उसे गोली मार नहीं है!	नो, ना, क्या हुआ उसके साथ संघर्ष हो सकता है.
1961	1961	1961	Of course not, but you do need someone to set up the tax-free gift?	बेशक नहीं. लेकिन किसी की जरूरत है जो तुम्हारे कर मुफ्त उपहार की व्यवस्था करे.	ज़रूर नहीं, लेकिन कुछ को टैक्स फ़्री गिफ़्ट सेटअप को लगवा देना चाहूँ?
1962	1962	1962	- Yeah.	- हाँ.	जी हाँ।
1963	1963	1963	That was the best I've ever had.	मैंने इससे बेहतर गोश्त कभी नहीं खाया।	इससे पहले मैंने भी ऐसा खाना अनुभव किया है।
1964	1964	1964	Whole project; Drop a file here or type a path to view a file or folder log	छोडें a फ़ाइल या क़िस्म a को a फ़ाइल या	इस प्रोजेक्ट से; छोठे डॉक्यल हूने के लिए;
1965	1965	1965	Role	भूमिका	रोल
1966	1966	1966	- You should be grateful, right?	- तुम सही, आभारी होना चाहिए?	- जिस कोई भी जवाब देना ठीक है, जो सही माना और सहमति से मार्ग्यात भावुक है।
1967	1967	1967	Is it wrong for me to touch you?	Is it wrong for me to touch you?	जी हाँ, मुझे यह पूछना पड़ता कि आप मुझे कुछ कर रही हूँ?
1968	1968	1968	Thank you. - I'd like to explain...	धन्यवाद, मैं ऐसा करने के लिए समझाने के लिए चाहते हैं...	थank यू। - जस्तो हाँ।
1969	1969	1969	Have they not travelled in the land and seen what was the end of those who were before them? They were superior to them in strength, and in the traces (which they left) in the land. But Allah seized them with punishment for their sins. And none had they to protect them from Allah.	क्या उन लोगों ने रूए ज़मीन पर चल फिर कर नहीं देखा कि जो लोग उनसे पहले थे उनका अन्जाम क्या हुआ (हालाँकि) वह लोग कुवत (शान और उम्र सब) में और ज़मीन पर अपनी निशानियाँ (यादगारें इमारतें) वग़ैरह छोड़ जाने में भी उनसे कहीं बढ़ चढ़ के थे तो ख़ुदा ने उनके गुनाहों की वजह से उनकी ले दे की, और ख़ुदा (के ग़ज़ब से) उनका कोई बचाने वाला भी न था	यह कह न हो कि वे पहले से ही land पर रहे और उन्हें देखा भी पकड़ लिया था.
1970	1970	1970	- my name is doctor..	- मेरा नाम डॉक्टर है ..	- मेरा नाम डॉक्टर है।
1971	1971	1971	"Each messenger said, ""What if I should bring you better guidance than what you found your forefathers had?"" They replied, ""We reject any message you have been sent with!"""	(इस पर) उनके पैग़म्बर ने कहा भी जिस तरीक़े पर तुमने अपने बाप दादाओं को पाया अगरचे मैं तुम्हारे पास इससे बेहतर राहे रास्त पर लाने वाला दीन लेकर आया हूँ (तो भी न मानोगे) वह बोले (कुछ हो मगर) हम तो उस दीन को जो तुम देकर भेजे गए हो मानने वाले नहीं	यह कहेंगे कि प्रत्याशन कहें थे कि यदि वे आपको बेहतर हेल्प के रूप में बताते थे कि वे आपके म messेज को बेहतर हेल्प के रूप में बताते थे।
1972	1972	1972	AUTOMATED VOICE:	मैं स्वचालित आवाज:	क्या चालित्व से जुड़ाई:
1973	1973	1973	User:	उपयोक्ता:	प्राप्ता:
1974	1974	1974	Number	क्रमांक	एक संख्या
1975	1975	1975	Little unnatural.	लिटिल अप्राकृतिक.	कुछ अजीब है।
1976	1976	1976	Thanks a lot, Bin Laden.	क्या कोई payphone बैंक?	बिन सेलबानी के क्यूज़़ ने टिप्प्स स्टेंसली को धन्यवाद दिया?
1977	1977	1977	“O my people! I fear for you a day on which will be a great outcry!”	और ऐ हमारी क़ौम मुझे तो तुम्हारी निस्बत कयामत के दिन का अन्देशा है	“मेरी लोगों! मैं चिंतित हूँ कि आप जिन संघर्षों का विवरण यह है कि मैं बहुत ज़्यादा चिंतित हूँ और मैं इस जानकारी का बहुत सारा प्रयोग करूँगा।
1978	1978	1978	Enter Passphrase for %s	%s के लिए कूटशब्द डालें	जिस तरह से आप चाहेंगे
1979	1979	1979	Then on the Day of Resurrection you will contend before your Lord.	और ये लोग भी यक़ीनन मरने वाले हैं फिर तुम लोग क़यामत के दिन अपने परवरदिगार की बारगाह में बाहम झगड़ोगे	तो पूरा स्वर्ग से मुक्ति प्राप्त करके और भी आपके Lord से मुक्ति प्राप्त करके आप बताएँ कि आप का स्वर्ग से मुक्ति प्राप्त करके और भी प्रगति में हो सकते हैं।
1980	1980	1980	But I can't help falling in love with you.	लेकिन मैं तुमसे प्‍यार करने के लिए मजबूर हूं.	जिस तरह से मैं नहीं कह सकता कि मैं तुमसे तुमसे नहीं सह सकत़ कि मैं तुमसे तुमसे नहीं रुक सकत़ कि मैं तुमसे से रुकने के कोई भी जोखिम हो सकते कि मैं तुमसे नहीं रुक सकत़
1981	1981	1981	Well, lots of people saw him or claimed that they saw him.	या वे उसे देखा कि दावा किया ठीक है, बहुत से लोग उसे देखा.	"यह अच्छा है, लोगों ने उनसे सुना | | | 

सहेजें |"
1982	1982	1982	Beautified for men is the love of things they covet; women, children, much of gold and silver (wealth), branded beautiful horses, cattle and well-tilled land. This is the pleasure of the present world's life; but Allah has the excellent return (Paradise with flowing rivers, etc.) with Him.	मनुष्यों को चाहत की चीजों से प्रेम शोभायमान प्रतीत होता है कि वे स्त्रिमयाँ, बेटे, सोने-चाँदी के ढेर और निशान लगे (चुने हुए) घोड़े हैं और चौपाए और खेती। यह सब सांसारिक जीवन की सामग्री है और अल्लाह के पास ही अच्छा ठिकाना है	इसे स्पष्ट रूप से असादा नहीं किया जा सकता हूँ.
1983	1983	1983	"Aaron said, ""Son of my mother! Do not seize me by my beard nor by my head. I was afraid that you would say, 'You have caused dissension among the Children of Israel and did not pay heed to my words.'"""	"उसने कहा, ""ऐ मेरी माँ के बेटे! मेरी दाढ़ी न पकड़ और न मेरा सिर! मैं डरा कि तू कहेंगा कि तूने इसराईल की सन्तान में फूट डाल दी और मेरी बात पर ध्यान न दिया।"""	अरोन ने कहा, “पुत्र पूरे Israel के बेटे हूँ! तुम्हें यह नहीं कहा है कि तुम्हें मैं यह नहीं कहाता हूँ कि मैं अपने विचारों और शब्दों का पालन करूँगा।
1984	1984	1984	Miss you a lot.	आपकी बहुत याद आती है।	मैं तुम्हें बहुत ज़्यादा लग रहा है।
1985	1985	1985	Are they jealous of the favors that God has done to some people? We have given to the family of Abraham the Book, Wisdom, and a great Kingdom.	या ख़ुदा ने जो अपने फ़ज़ल से (तुम) लोगों को (कुरान) अता फ़रमाया है इसके रश्क पर चले जाते हैं (तो उसका क्या इलाज है) हमने तो इबराहीम की औलाद को किताब और अक्ल की बातें अता फ़रमायी हैं और उनको बहुत बड़ी सल्तनत भी दी	अस्पषहता से अपने प्यारे पापड़ों को ऐसी किसी भी बात के बारे में बताया गया कि कौन है, और कौन से बातें महत्वपूर्ण हैं?
1986	1986	1986	He was on the president's protection detail for a few years.	वह कुछ साल के लिए राष्ट्रपति की सुरक्षा विस्तार पर था.	कई सालों के लिए राष्ट्रीय सुरक्षा विभाग के डिटेल पर राष्ट्रीय सुरक्षा विभाग के डिटेल पर कोई राशि दिए जाती है।
1987	1987	1987	Keep rowing man.	रेमा आदमी, तेजी से...	जितना रो कर रहे हैं वे भी पानी पर उतना धैर्य रखते हैं।
1988	1988	1988	Unicode (UTF-3_2 LE)	यूनिकोड (UTF-3_2 LE)	इसप्रक्त सूचना सहायत से मिली जाती ह
1989	1989	1989	No, no, Let it be!	नहीं, नहीं, रहने दो!	नहीं, नहीं, लेट It बीत जैब!
1990	1990	1990	- LOLA: No!	- लोला नहीं!	आपको कोई भी जवाब नहीं देना चिंता नहीं, क्योंकि LOLA का अर्थ है नियमित रूप से कोई भी जवाब नहीं देना।
1991	1991	1991	He said to his slaves, “Place their means back into their sacks, perhaps they may recognise it when they return to their homes, perhaps they may come again.”	"उसने अपने सेवकों से कहा, ""इनका दिया हुआ माल इनके सामान में रख दो कि जब ये अपने घरवालों की ओर लौटें तो इसे पहचान लें, ताकि ये फिर लौटकर आएँ।"""	यह कहते डॉभी और बच्चों के लिए कहा जाता है कि उनके मेन और सामान तो कर दिए, ये पल भी हो सकते हैं कि वे वापस अपने घर वापस कर दिए, और वे फिर से हो सकते।
1992	1992	1992	After them We sent Moses with Our signs to Pharaoh and his chiefs. But they willfully rejected them. Consider the end of the evil-doers.	फिर उनके पश्चात हमने मूसा को अपनी निशानियों के साथ फ़िरऔन और उसके सरदारों के पास भेजा, परन्तु उन्होंने इनकार और स्वयं पर अत्याचार किया। तो देखो, इन बिगाड़ पैदा करनेवालों का कैसा परिणाम हुआ!	following them हमने अपने संकेतों के साथ फ़ायदात्व प्राप्त करने वाले मoses को फ़ायदात्व प्राप्त हुआ था। लेकिन वे स्वय्नीति से सहमत थे।
1993	1993	1993	I don't understand how you can work for Steve Gray.	मैं आप स्टीव ग्रे के लिए कैसे काम कर सकते समझ में नहीं आता.	इस प्रकार से, मैं समझ नहीं पाता कि शेफ ग्रैy के काम से वे क्या करते हैं?
1994	1994	1994	Do you feel like that?	- क्या ऐसा लग रहा है? - नहीं.	जी हूँ कि मैं ऐसा नहीं महसूस करता हूँ?
1995	1995	1995	Do they not see that Allah enlarges the provision for whom He wills and straitens (it for whom He wills). Verily, in that are indeed signs for a people who believe.	क्या उन लोगों ने (इतना भी) ग़ौर नहीं किया कि खुदा ही जिसकी रोज़ी चाहता है कुशादा कर देता है और (जिसकी चाहता है) तंग करता है-कुछ शक नहीं कि इसमें ईमानरदार लोगों के वास्ते (कुदरत ख़ुदा की) बहुत सी निशानियाँ हैं	जिन्होंने भी नहीं देखा है वही संकेत हैं लिए संकेत हैं जो लिए संकेत हैं वे भी हैं जो लिए संकेत हैं।
1996	1996	1996	"Say: 'Who is the Lord of the heavens and the earth' Say: 'Allah' Say: 'Why then have you chosen guardians other than Him, even though they have neither the power to benefit nor harm themselves' Say: 'Are the blind and the seeing equal? Are darkness and light equal? Or, have they ascribed to Allah associates who create as He creates so that all creation is alike to them?"" Say: 'Allah is the Creator of everything. He is the One, the Conqueror'"	"कहो, ""आकाशों और धरती का रब कौन है?"" कहो, ""अल्लाह"" कह दो, ""फिर क्या तुमने उससे हटकर दूसरों को अपना संरक्षक बना रखा है, जिन्हें स्वयं अपने भी किसी लाभ का न अधिकार प्राप्त है और न किसी हानि का?"" कहो, ""क्या अंधा और आँखोंवाला दोनों बराबर होते है? या बराबर होते हो अँधरे और प्रकाश? या जिनको अल्लाह का सहभागी ठहराया है, उन्होंने भी कुछ पैदा किया है, जैसा कि उसने पैदा किया है, जिसके कारण सृष्टि का मामला इनके लिए गडुमडु हो गया है?"" कहो, ""हर चीज़ को पैदा करनेवाला अल्लाह है और वह अकेला है, सब पर प्रभावी!"""	अपनी मात्रा से निर्मित, स्वाभांग, स्वेच्छाचक, तथा संयुक्त रूप से बने तथा स्वीकृत करने वाले रचनाकार को तथा इस प्रकार स्वीकृत करना होगा
1997	1997	1997	-(CELL PHONE RINGING)	(सेल फोन बज)	-(हाँ, कell फ़ोन रिंगना)
1998	1998	1998	Yeah, smoke it up there, uh, Skippy.	- हाँ, धूंए में उड़ा दो, मेरे शेर.	माफ़ किया नहीं कहा कि स्किप्पी के बारे में ये हैं कि वे कुछ भी न करें.
1999	1999	1999	Ctrl-click to open a link	लिंक को खोलने के लिए Ctrl क्लिक करें	कंट-क्लिक किया ले करके लिंक को खोलने का प्रार्थ किया गया
