Source_Dialogue	Reference	MT	BERTScore_F1	COMET	COMTAIL
Give shots of injections or pills, but he must be alright soon.	सुई लगाओ या गोली खिलाओ लेकिन इसे जल्दी से ठीक करो.	इंजेक्शन दें या दवाइयाँ दें, लेकिन वह जल्दी ठीक होने चाहिए।	0.7923567891120911	0.7357346415519714	0.852180004119873
They said, “O Shuaib, we do not understand much of what you say, and we see that you are weak among us. Were it not for your tribe, we would have stoned you. You are of no value to us.”	और वह लोग कहने लगे ऐ शुएब जो बाते तुम कहते हो उनमें से अक्सर तो हमारी समझ ही में नहीं आयी और इसमें तो शक नहीं कि हम तुम्हें अपने लोगों में बहुत कमज़ोर समझते है और अगर तुम्हारा क़बीला न होता तो हम तुम को (कब का) संगसार कर चुके होते और तुम तो हम पर किसी तरह ग़ालिब नहीं आ सकते	उन्होंने कहा, “शूअब, हम समझते नहीं कि तुम कहते हो, और हम देखते हैं तुम्हारे साथ हमारी तुलना में तुम कम हो। अगर तुम कोई ट्रिब्यू नहीं हो, तो तुम्हें हमें चारों तरफ घेर लिया जाना चाहिए था। तुम कितनी मूल्यवान हो, यह हमारे लिए तुम्हारी कुछ भी महत्व नहीं है।”	0.7392565011978149	0.3805970847606659	0.397978812456131
- Yeah.	- हाँ.	- हाँ।	0.941323459148407	0.9756079316139221	0.8946219086647034
If evil befalls him he is perturbed;	जि उसे तकलीफ़ पहुँचती है तो घबरा उठता है,	अगर दुष्टा हो जाता है तो उसे परेशानी होती है	0.7436383366584778	0.5511658787727356	0.7500311732292175
♪ BE FOREVER BOUND	♪हमेशाके लिएबाध्यहोने	♪ बरसों से अपने करीबी रहूँगा	0.6696356534957886	0.394589900970459	0.24580763280391693
Trying to movemail a non-mbox source '%s'	एक गैर-mbox स्रोत '%s' में डाक भेजने की कोशिश	'मैसेज में मैक्स को स्थानांतरित करने की कोशिश' '%s' का स्थान	0.7702307105064392	0.4136985242366791	0.2780485153198242
Image histogram adjust levels plugin for digiKam	डिज़ीकैम के लिए इमेज़ हिस्टोग्राम एडजस्ट लेवल्स प्लगइन	दिगी कैम के लिए इमेज हिस्ट्रोज़म जैड के लिए व्युत्पन्न प्लग-in के लिए	0.7958680987358093	0.6117591261863708	0.3582422733306885
She took every able-bodied man and went to kill the Forest Spirit.	- लेडी Eboshi कहां है? हर आदमी है जो स्थानांतरित कर सकता लिया और हिरण भगवान को मारने के लिए चला गया.	उसने हर सक्षम लड़के को जंगल के प्राणपातक के रूप में ले जाकर उसे मार दिया।	0.7050651907920837	0.4814271032810211	0.7282198071479797
My mother's from Sweden.	वो मेरी माँ है.	मेरी माँ स्वीडन से हैं।	0.7594910860061646	0.7224531173706055	0.7530364990234375
Say: Shall I tell you what is better than these? For those who guard (against evil) are gardens with their Lord, beneath which rivers flow, to abide in them, and pure mates and Allah's pleasure; and Allah sees the servants.	(ऐ रसूल) उन लोगों से कह दो कि क्या मैं तुमको उन सब चीज़ों से बेहतर चीज़ बता दूं (अच्छा सुनो) जिन लोगों ने परहेज़गारी इख्तेयार की उनके लिए उनके परवरदिगार के यहॉ (बेहिश्त) के वह बाग़ात हैं जिनके नीचे नहरें जारी हैं (और वह) हमेशा उसमें रहेंगे और उसके अलावा उनके लिए साफ सुथरी बीवियॉ हैं और (सबसे बढ़कर) ख़ुदा की ख़ुशनूदी है और ख़ुदा (अपने) उन बन्दों को खूब देख रहा हे जो दुआऐं मॉगा करते हैं	क्या मैं आपको इनमें से कुछ बेहतर है? जो सुरक्षा करते हैं उन्हें उनके राज्य में पेड़ हैं, जिनमें नदियाँ बहती हैं, जहाँ वे लोग अपने राज्य में रहें और उनमें अच्छे मित्र और राजा के प्रसन्नता; और राजा को देखते हैं।	0.6922780275344849	0.35071316361427307	0.361674427986145
Is it cool like Phil's?	यह अच्छा है फिल की तरह है?	फिल का तापमान कितना है?	0.802332878112793	0.5570681691169739	0.5251463651657104
Whether the current stream is seekable	क्या मौजूदा स्ट्रीम seekable है	आशा है कि आप जानना चाहेंगे कि क्या इस समय का पान-योग्य है	0.679364025592804	0.5032522082328796	0.505347728729248
You let two unknown men enter this house uninvited.	आप दो अज्ञात पुरुषों इस घर बिन बुलाए दर्ज करें.	तुमने दो अज्ञात लोगों को इस घर में बिना आमंत्रण के दिया।	0.8006669282913208	0.5936448574066162	0.641122043132782
This whole situation is completely fucked.	यह पूरी स्थिति पूरी तरह से गड़बड़ है.	पूरी स्थिति तो फ़ुक्त करने वाली है।	0.7821749448776245	0.5136673450469971	0.4839286804199219
Google Talk Home Name 3	गूगल टाक होम नाम 3	गूगल टॉक लाइन होम नाम 3	0.9307786822319031	0.8167645931243896	0.8919929265975952
All prisoners report for Lockdown.	सभी कैदी लॉकडाउन के लिए रिपोर्ट करो.	सभी कैदियों ने लॉकडाउन के लिए आवाज़ उड़ाई है।	0.8475196957588196	0.6358239650726318	0.5139649510383606
Did not the disbelievers observe that the heavens and the earth were together, so We parted them, and we made every living thing from water? So will they not accept faith?	जो लोग काफिर हो बैठे क्या उन लोगों ने इस बात पर ग़ौर नहीं किया कि आसमान और ज़मीन दोनों बस्ता (बन्द) थे तो हमने दोनों को शिगाफ़ता किया (खोल दिया) और हम ही ने जानदार चीज़ को पानी से पैदा किया इस पर भी ये लोग ईमान न लाएँगे	नहीं थे अस्वीकार्यों ने देखा था कि हम heavens और पृथ्वी एक साथ थीं और हमने उन्हें अलग कर दिया और हमारे पास हर जीव भी है जो पानी से बना है? ऐसा क्या उन्हें समझेंगे कि हमने ईमानदारी प्राप्त की?	0.6956448554992676	0.41962307691574097	0.3812137246131897
Turn the siren off.	आप ठीक हो जाएगा रहे हैं, अरे नहीं;	सीनर को बंद कर दें।	0.6626425385475159	0.41656026244163513	0.442929208278656
Name:	नाम: Refresh every [NUMERIC_ENTRY] [TIME_UNITS_COMBO]	नाम:	0.6241247057914734	0.3399714529514313	0.525112509727478
We should go to a hospital.	हम एक अस्पताल जाना चाहिए।	हमें अस्पताल जाना चाहिए।	0.9462459087371826	0.9403135776519775	0.914667010307312
Whoa! So... What is your...	तो तुम्हारी योजना क्या है?	अहा! तो... आपका...	0.659412682056427	0.6419039368629456	0.37272560596466064
I'm not going to drink it.	मैं इसे पीने के लिए नहीं जा रहा हूँ।	मैं उसे पीने से पहले नहीं पीती।	0.8641335964202881	0.548313558101654	0.5236077904701233
Do they say: “He has forged a lie against Allah?” If Allah so wanted He could seal up your heart. Allah blots out falsehood and confirms the truth by His Words. He is well aware of all the secrets hidden in the breasts (of people).	क्या ये लोग (तुम्हारी निस्बत कहते हैं कि इस (रसूल) ने ख़ुदा पर झूठा बोहतान बाँधा है तो अगर (ऐसा) होता तो) ख़ुदा चाहता तो तुम्हारे दिल पर मोहर लगा देता (कि तुम बात ही न कर सकते) और ख़ुदा तो झूठ को नेस्तनाबूद और अपनी बातों से हक़ को साबित करता है वह यक़ीनी दिलों के राज़ से ख़ूब वाक़िफ है	हाँ, कहा है कि उन्होंने यह कहा है कि “अल्लाह ने इस तरह का झूठा बयान दिया है” ? अगर अल्लाह चाहता है तो वे आपका दिल छूट देते हैं। अल्लाह झूठ को खत्म करता है और सत्य को अपनी बातों से तुम्हें यह बताता है तो अल्लाह तुम्हारी बुद्धि के सभी रहस्यों को हटा देता है। वह सभी लोगों की चालों के बारे में जानकारी जानता है।	0.7165292501449585	0.5346553921699524	0.5883951783180237
No, but I traded the BMW in for a Mercedes four fucking weeks ago, remember?	लेकिन मर्सिडीज़ के लिए उसका सौदा किया था। याद है चार हफ़्ते पहले।	नहीं, लेकिन मैं बीस फोर प्लस साल पहले एम्ब्रेज़र के लिए बीएमवी की ट्रेड की थी, याद हो लोगों को?	0.7163621187210083	0.5265846848487854	0.5610596537590027
- No. Not here!	- यहाँ नहीं नहीं!	- नंबर? नहीं यहीं!	0.8307101726531982	0.7019529342651367	0.545305609703064
It shall insistently summon him who turned his back and retreated,	(और) उन लोगों को अपनी तरफ बुलाती होगी	इसे लगातार उसे प्रेरित करके आकर्षित करना चाहिए जो अपने पीछे चली गई या वापस नहीं आ रहा हूँ	0.6943979859352112	0.5445753931999207	0.33273565769195557
And we've gathered around for that.	और हम उसके लिए चारों ओर इकट्ठा किया है।	और हमें इकट्ठा होकर बैठा रहे हैं इस पर।	0.8249686360359192	0.5562755465507507	0.3270662724971771
MURPH:	MURPH:	एम.पी.एफ. (एम.यू.आर.पी):	0.6262944936752319	0.4222653806209564	0.582077145576477
And the mountains – how they have been established?	और पहाड़ों की तरफ़ कि किस तरह खड़े किए गए हैं	और पहाड़ियाँ - कैसे बनाई गईं?	0.7760155200958252	0.6818549036979675	0.7763057351112366
Bold	गाढ़ा	बोल्ड	0.8317222595214844	0.47544559836387634	0.7307277321815491
And he is going to say the word that I have prepared for you.	और वह मैं आप के लिए तैयार किया है कि शब्द कहने जा रहा है.	और वह वाक्य है जिसे मैं आपके लिए तैयार कर रहा हूँ।	0.8145946860313416	0.6861374974250793	0.638276994228363
Configure external packages	कॉन्फ़िगर संकुल	बाहरी पैकेज को निर्धारित करना	0.6367760896682739	0.5257845520973206	0.685210645198822
The bank, which declined to comment on the suspensions, confirmed this month that it has received requests for information from regulators.	बैंक ने निलम्बन के बारे में टिप्पणी करने से इन्कार करते हुए पुष्टि की है कि बैंक को इस महीने विनियामकों से सूचना के लिए अनुरोध प्राप्त हुआ है।	इस बारे में बैंक ने कोई टिप्पणी नहीं दी है कि निर्गमों से इनकार कर रहा है. इस महीने बैंक ने सुना है कि नियामकों से पूछताछ के लिए इसकी पुष्टि की है.	0.8277475237846375	0.5823243260383606	0.6719857454299927
What! Do those who seek after evil ways think that We shall hold them equal with those who believe and do righteous deeds,- that equal will be their life and their death? Ill is the judgment that they make.	जो लोग बुरा काम किया करते हैं क्या वह ये समझते हैं कि हम उनको उन लोगों के बराबर कर देंगे जो ईमान लाए और अच्छे अच्छे काम भी करते रहे और उन सब का जीना मरना एक सा होगा ये लोग (क्या) बुरे हुक्म लगाते हैं	अरे! जो लोग बुरे तरीकों की तलाश में हैं उन्हें सोचता है कि हम उन्हें good ways के लोगों की तुलना में बराबर स्थान देने वाले हैं -क्या यह उनके जीवन और मृत्यु में बराबर स्थान वास्तव में होगा? यह निर्णय वे ठीक से नहीं बनाते हैं.	0.7076170444488525	0.5245795845985413	0.6155730485916138
Ignore him. He's senile.	ये तो सठीया गए हैं	उसे छोड़ दें. वे सेनिल हैं।	0.6780574917793274	0.5205339789390564	0.6045280694961548
Failed to get the DN for user '%s'	DN को उपयोक्ता '%s' के लिए पाने में विफल	यूज़र के लिए डी.एन. को प्राप्त करने में असफल रहा	0.7510432600975037	0.5836675763130188	0.5865918397903442
Your names	EMAIL OF TRANSLATORS	आपके नाम	0.6161524653434753	0.38300755620002747	0.6594940423965454
translator-credits	राजेश रंजन (rajeshkajha@yahoo.com, rranjan@redhat.com)%d hit(s) on this page	ट्रांस्लेटर-श्रेयदान	0.5576050281524658	0.3383314609527588	0.4974527955055237
Worldly desires, wives, children, accumulated treasures of gold and silver, horses of noble breed, cattle, and farms are all made to seem attractive to men. All these are the bounties of the worldly life but in the life to come God has the best place for people to dwell.	मनुष्यों को चाहत की चीजों से प्रेम शोभायमान प्रतीत होता है कि वे स्त्रिमयाँ, बेटे, सोने-चाँदी के ढेर और निशान लगे (चुने हुए) घोड़े हैं और चौपाए और खेती। यह सब सांसारिक जीवन की सामग्री है और अल्लाह के पास ही अच्छा ठिकाना है	संसारिक इच्छाएँ, पत्नी, बच्चे, तांबे और चाँदी वाले स्वर्णिम भेड़, समुद्री भेड़, गाँव और उसकी देखभाल है जो मेंने आकर्षक लगते हैं, ये संसारिक जीवन की बounties हैं लेकिन आने वाली जीवन में हे इंसान के लिए सर्वश्रेष्ठ स्थान है है प्रहस्य।	0.728610098361969	0.47557708621025085	0.3674847483634949
"And pray: ""O my Lord, let my entry be with honour, and let my exit be with honour, and grant me power from You which would help (sustain) me."""	"और कहो, ""मेरे रब! तू मुझे ख़ूबी के साथ दाख़िल कर और ख़ूबी के साथ निकाल, और अपनी ओर से मुझे सहायक शक्ति प्रदान कर।"""	"और प्रार्थना करें: ""हे मेरे राजा, मेरी प्रवेश को सम्मान से और मेरी निकास को सम्मान से स्वीकार करो, और मुझे से जो शक्ति मिल जाती है उससे मुझे संघर्ष करने की शक्ति मिले तो मुझे से उसे संभालने की शक्ति मिलेगी जो मुझे सेवा करने की शक्ति दे देगी."""	0.7550473213195801	0.5874009728431702	0.5405164957046509
There are no songs to write to disc	डिस्क में लिखने के लिए कोई गीत नहीं है	लिखने के लिए गाने नहीं हैं जो डिस्क पर रखें	0.8691301941871643	0.65867680311203	0.6275687217712402
An ordinary citizen writes about the rich culture of celebrating the Bangla New Year, Pahela Baishakh in Bangladesh.	एन आर्डिनेरी सिटिज़न ने बांग्लादेश में बांग्ला नववर्ष पोएला बोइशाख के पारंपरिक उत्सव और सांस्कृतिक धरोहर के बारे में पोस्ट लिखी है।	बांग्लादेश में बंगाली नववर्ष मनाने की समारोह की समृद्ध संस्कृति को लिखने वाले आम नागरिक ने बताया है।	0.7511060833930969	0.5818967819213867	0.7821391820907593
Can nothing be done? !	कुछ भी नहीं किया जा सकता है?	क्या कुछ हो सकता है? नहीं!	0.8254716396331787	0.7956017851829529	0.6911682486534119
- You hit him with a bicycle pump?	- तुमने उसे एक साइकिल पंप से मारा?	- क्या तुमने गाड़ी से ही उसे मारसल से मार कर दिया है?	0.8097007870674133	0.5722300410270691	0.6258395314216614
I worried they take you away from me.	मुझे लगता है वे मुझे से दूर ले चिंतित है.	मैं चिंता करता हूँ कि वे तुम्हें मुझसे दूर ले जाएँगे।	0.7909201383590698	0.7817723751068115	0.6855926513671875
Y-you're gonna wear out the spring coil.	छल्लेदार स्प्रिंग घिस जाएगी।	जो तुम्हें लगा दिया गया है वह तुम्हें कई दिनों तक चल नहीं सकता।	0.650139570236206	0.2991165220737457	0.22852887213230133
I don't know.	मैं नहीं जानता.	मुझे नहीं पता।	0.8498220443725586	0.9020084738731384	0.9306613206863403
Korean (_UHC)	कोरियाई (_UHC)	कोरियाई (_यू.एच.सी.)	0.8394536972045898	0.85418701171875	0.9067567586898804
No. You know what I'm gonna do for you?	नहीं, तुम्हें पता है मैं तुम्हारे लिए क्या कर रहा हूँ पता है क्या?	नो. तुम्हें क्या मैं आपके लिए करने जा रहा हूँ?	0.8072414994239807	0.5651783347129822	0.39893007278442383
If you ask them, ‘Who created the heavens and the earth?’ they will surely say, ‘Allah.’ Say, ‘Have you considered what you invoke besides Allah? Should Allah desire some distress for me, can they remove the distress visited by Him? Or should He desire some mercy for me, can they withhold His mercy?’ Say, ‘Allah is sufficient for me. In Him let all the trusting put their trust.’	"यदि तुम उनसे पूछो कि ""आकाशों और धरती को किसने पैदा किया?"" को वे अवश्य कहेंगे, ""अल्लाह ने।"" कहो, ""तुम्हारा क्या विचार है? यदि अल्लाह मुझे कोई तकलीफ़ पहुँचानी चाहे तो क्या अल्लाह से हटकर जिनको तुम पुकारते हो वे उसकी पहुँचाई हुई तकलीफ़ को दूर कर सकते है? या वह मुझपर कोई दयालुता दर्शानी चाहे तो क्या वे उसकी दयालुता को रोक सकते है?"" कह दो, ""मेरे लिए अल्लाह काफ़ी है। भरोसा करनेवाले उसी पर भरोसा करते है।"""	अगर आप उनसे पूछते हैं, 'कैसे आकाश और पृथ्वी बनी हुई है?' उन्होंने सुनने पर सुनिश्चितता से कहा, 'अल्लाह.' से कहें, 'क्या आपको अल्लाह से जो कुछ भी हो रहा है, उसकी सोच-विचार है? अल्लाह से क्या आपको किस तरह की दर्द है, अल्लाह के लिए क्या दर्द उसे हटा देगा? या अल्लाह से क्या दया है, अल्लाह के लिए क्या दया मेरे लिए है, ? से कहें, 'अल्लाह पर्याप्त है। इनमें से सभी विश्वास करने वालों को इनमें से अल्लाह पर विश्वास करने को कहना चाहिए।'	0.717480480670929	0.4956652820110321	0.4002670645713806
"So when her husband saw his shirt torn from the back, he said, ""Indeed, it is of the women's plan. Indeed, your plan is great."	"फिर जब देखा कि उसका कुर्ता पीछे से फटा है तो उसने कहा, ""यह तुम स्त्रियों की चाल है। निश्चय ही तुम्हारी चाल बड़े ग़ज़ब की होती है"	तो जब उनके पति ने अपने खूबसूरत से घिसे पेटे से व्यक्ति का कपड़ा निकाला, तो उसने कहा, “सच है, यह महिलाओं की योजना है। सच है, यह व्यक्ति की योजना भी बहुत अच्छी है।”	0.7286951541900635	0.5633566379547119	0.6669086217880249
Show field i_n View	दृश्य में क्षेत्र दिखायें (_n)	प्रदर्शन का क्षेत्र क्या है	0.71769118309021	0.49222299456596375	0.467535138130188
Thanks. I think.	शुक्रिया, मेरे खयाल से।	थanks। मुझे लग रहा था।	0.7017844915390015	0.47879648208618164	0.5327961444854736
Maybe the even the shroud itself, everything.	शायद यह भी कफन ही, सब कुछ.	शायद यही है जो हो सकता है, वो भी सब कुछ।	0.8433830738067627	0.510545551776886	0.5133002400398254
I've seen pushing carts around army camps making grand claims about jars full of pig shit...	मैं सेना शिविरों के आसपास गाड़ियां धक्का देखा है सुअर गंदगी से भरा जार के बारे में भव्य दावा कर ...	मैंने देखा है कि मैंने सामान को आर्मी स्टेशन पर घुमाते हुए, बड़े-बड़े झूठे कह रहे हैं कि पigs के खून से भरे जारों में...	0.7382513284683228	0.45679351687431335	0.3692960739135742
Add	जोड़ें	अड	0.8035731315612793	0.5776737928390503	0.2912181317806244
As an example I have handed over my blog posting rights to a free speech	अपने ब्लॉग अंतर्राष्ट्रीय रिपोर्टरों और चिट्ठाकारों के सुपुर्द कर उन्हें जारी रखें।	एक उदाहरण के रूप में मैंने अपनी ब्लॉग पोस्ट की राइट्स फ्री स्पीच को सौंपा है।	0.7049025893211365	0.531390368938446	0.6360406279563904
_Next	अगला (_N)	अगला	0.7769408226013184	0.7227048277854919	0.8972481489181519
You are in Cape Canaveral and you are Head of Mission Control.	आप केप केनवरल में हैं और आप मिशन कंट्रोल के प्रमुख हैं.	तुम केप कैनेवारल में है और तुम मिशन कंट्रोल की हेड हो।	0.8264808654785156	0.8003031015396118	0.7281947135925293
It produces its fruit all the time, by permission of its Lord. And Allah presents examples for the people that perhaps they will be reminded.	अपने रब की अनुमति से वह हर समय अपना फल दे रहा हो। अल्लाह तो लोगों के लिए मिशालें पेश करता है, ताकि वे जाग्रत हों	यह हमेशा फल बनता है, अपने पिता की अनुमति से उनके लिए। और अल्लाह उन लोगों के उदाहरण प्रस्तुत करता है जो शायद वे सोचने के लिए प्रेरित होंगे |	0.7721378207206726	0.6132544875144958	0.6404224038124084
All that is in the heavens and the earth glorify God. He is Majestic and All-wise.	जो जो चीज़ सारे आसमान व ज़मीन में है सब ख़ुदा की तसबीह करती है और वही ग़ालिब हिकमत वाला है	अग्रहों और पृथ्वी पर सभी पवित्र गणेश चित्त को सम्मान देते हैं। वह शानदार और सभ्य है।	0.6826480627059937	0.42357686161994934	0.7112486362457275
- It does not matter where she is.	- यह कोई फर्क नहीं पड़ता है जहाँ वह है।	- यह तो बस यही है कि वह कहाँ है।	0.805157482624054	0.5500048995018005	0.5735373497009277
Reload current file	री-लोड फ़ाइल	रिलोड़ हाल ही से अपलोड किया गया फ़ाइल	0.7968921065330505	0.49734488129615784	0.2959086298942566
Ignorance is not the same... as innocence.	अज्ञान में ही नहीं है ... मासूमियत के रूप में।	अनजानी ना और न्यायिक न होना किसी के लिए भी सही नहीं है।	0.707088053226471	0.5201658606529236	0.3903087377548218
Proceed	आगे बढ़ें	प्रोसेस करें	0.7696375250816345	0.5420426726341248	0.8392776250839233
But to your Lord is the return.	निश्चय ही तुम्हारे रब ही की ओर पलटना है	लेकिन आपके पास वापसी है।	0.6529661417007446	0.50784832239151	0.5381158590316772
- Did you file the football yet?	- अगर आप अभी तक फुटबॉल दायर की थी?	क्या तुम फुटबॉल का फ़ैसला दे दी है?	0.793472170829773	0.5286220908164978	0.6661534309387207
Clock	घड़ीName	स्टॉप	0.6536267399787903	0.49442270398139954	0.502252995967865
Dumpling Squad!	डंपलिंग दल!	डम्पलिंग स्क्विड!	0.8813877105712891	0.5325782895088196	0.5715328454971313
And say: We (now) believe therein. But how can they reach (faith) from afar off,	"और कहेंगे, ""हम उसपर ईमान ले आए।"" हालाँकि उनके लिए कहाँ सम्भव है कि इतने दूरस्थ स्थान से उसको पास सकें"	और कहें: अब हमें ये मानता है कि यहाँ (फर्क) से उन्हें ईमानदारी से प्राप्त है कि कैसे वे निकटता से संपर्क में रह पाएँ।	0.7196348905563354	0.4854256808757782	0.4141053855419159
Yahoo! Japan	Yahoo! Japan	यॉहू! जापान	0.7214155793190002	0.6181597709655762	0.5901366472244263
SciDev.Net's conference blog reports that:	नेट के सम्मेलन ब्लॉग ने रपट दी:	सी.आई.डी.।ई. नेट के सम्मेलन के ब्लॉग में बताया गया है कि:	0.793464720249176	0.6788780093193054	0.7524638175964355
_Contents	विषय सूची (_C)	_कंटेंट_	0.6992844343185425	0.7251877188682556	0.8813679814338684
WITH THAT, THEY COULD PUT HIM AT THE JOB.	उस के साथ, वे काम पर उसे डाल सकता है.	इसलिए उन्होंने उसे नौकरी में रखा सकते हैं।	0.7680482864379883	0.6304572224617004	0.5440611839294434
Attachment Reminder	संलग्नक स्मारक	अडह्यता की याद दिलाने के लिए संकेत	0.7064896821975708	0.4165283739566803	0.41260701417922974
What rifles? You got a Chink with a sword and a buncha juggling idiots.	आप एक तलवार और जादू बेवकूफों का एक गुच्छा के साथ एक झनझन मिला.	आप कौन-से राइफल चुकी हैं? वो एक चिंक है जिसमें किसी ख़ड़ी को भी दिखाया है और किसी भी तरह के अज्ञात व्यक्ति को हिला-फलसा दिखाया है।	0.6784060001373291	0.3774728775024414	0.3533250093460083
He will send down abundant rain from the sky for you,	(और) तुम पर आसमान से मूसलाधार पानी बरसाएगा	तुम्हें आरामदायक और ताज़ागी देने वाली बारिश होगी जो तुम्हें अच्छी लगेगी	0.7001774907112122	0.5385164618492126	0.35994094610214233
There are no songs to write to disc	डिस्क में लिखने के लिए कोई गीत नहीं है	लिखने के लिए गाने नहीं हैं जो डिस्क पर रखें	0.8691301941871643	0.65867680311203	0.6275687217712402
I've tried thinking and reading about all sorts of different things.	मैंने बहुत-सी चीज़ों के बारे में सोचने और पढ़ने की कोशिश की है.	मैंने सोच रहा है था और सभी तरह की अलग-अलग चीज़ों के बारे में पढ़ रहा हूँ।	0.8284547924995422	0.6222874522209167	0.5116108059883118
The event could not be deleted due to an error: %s	एक त्रुटि के कारण कार्यक्रम विलोपित नहीं किया जा सका: %s	इस आयोजन को किसी तरह से हटा सकते नहीं: %s	0.7481945157051086	0.5744524598121643	0.5710434317588806
The past three have seen hundreds of new blogs and forums.	पिछले तीन वर्षों में सैकड़ों नए ब्लॉग और फ़ोरम बने हैं.	पिछले तीनों में हज़ारों नए ब्लॉग और फ़ोरम आई हैं.	0.9202709794044495	0.9139614701271057	0.8921730518341064
The door was open, and he saw this crazy woman in the bathtub.	दरवाजा खुला था, और उसने बाथ टब में उस पागल औरत को देखा.	डोर पर लाल चाकू रखा था और वह बाथटब में बिल्कुल सहज महिला देख रहा था।	0.7653825879096985	0.5098292231559753	0.5680683851242065
You're late, pretty boy.	तुम देर से, सुंदर लड़के हैं.	तुम बहुत पीछे आ रहे हो, यार?	0.7581422924995422	0.48196718096733093	0.562080442905426
And I don't want to work with you.	और मैं तुम्हारे साथ काम करने के लिए नहीं करना चाहती.	और मुझे तुमसे काम करने नहीं चाहिए।	0.851093053817749	0.658955991268158	0.6951329708099365
Battery at warning level	बैटरी चेतावनी स्तर पर हैComment	अड़ीशी स्तर पर बैटरी	0.7936904430389404	0.45413392782211304	0.5427594184875488
Let me hear a massive cheer for getting Climate Camp 2009 started!	मुझे ज़ोर से हर्षध्वनी सुनाई देनी चाहिए, क्लाइमेट कैम्प 2009 को आरम्भ करने के लिए	क्लाइमेट कैंप 2009 शुरू करने के लिए एक बड़े उत्साह के लिए एक मोटा चेरी चलाए!	0.7821317315101624	0.50942462682724	0.5749894976615906
_Image	छवि (_I)	इमेज	0.6999936699867249	0.6327412128448486	0.8689494729042053
Open the selected image with a different application	चयनित छवि भिन्न अनुप्रयोग से खोलें	चुने गए इमेज को किसी और ऐप्प्लिकेशन के साथ ओपन कर	0.7165426015853882	0.6942317485809326	0.8330895304679871
Your creation and your upraising are as but as a single soul. God is All-hearing, All-seeing.	तुम सबका पैदा करना और फिर (मरने के बाद) जिला उठाना एक शख्स के (पैदा करने और जिला उठाने के) बराबर है बेशक ख़ुदा (तुम सब की) सुनता और सब कुछ देख रहा है	आपकी रचना और प्रेमनिर्माण को एक ही आत्मा के रूप में माना जाना चाहिए। ईश्वर सभी सुनना, सभी देख सकता है।	0.6670073866844177	0.5099702477455139	0.7276574373245239
"""And O my people! I fear for you a Day when there will be Mutual calling (and wailing),-"	और ऐ मेरी क़ौम के लोगो! मुझे तुम्हारे बारे में चीख़-पुकार के दिन का भय है,	और मेरे लोगों! मैं आपको ऐसा डराने वाला दिन चाहता हूँ कि जब आप एक दूसरे को आभार और आँसू देखेंगे,	0.7028942704200745	0.4182743430137634	0.36877477169036865
If Hasan Khan's security has been compromised, then it is a very serious matter.	अगर हसन खान की सुरक्षा के साथ समझौता किया गया है तो यह बहुत गंभीर बात है।	अगर हसैन खान की सुरक्षा कम हो गई हो, तो यह बहुत गंभीर मामला होगा।	0.839725136756897	0.8645692467689514	0.8791975975036621
He said: Lo! I fain would marry thee to one of these two daughters of mine on condition that thou hirest thyself to me for (the term of) eight pilgrimages. Then if thou completest ten it will be of thine own accord, for I would not make it hard for thee. Allah willing, thou wilt find me of the righteous.	(और इनमें दोनों बातें पायी जाती हैं तब) शुएब ने कहा मै चाहता हूँ कि अपनी दोनों लड़कियों में से एक के साथ तुम्हारा इस (महर) पर निकाह कर दूँ कि तुम आठ बरस तक मेरी नौकरी करो और अगर तुम दस बरस पूरे कर दो तो तुम्हारा एहसान और मै तुम पर मेहनत मशक्क़त भी डालना नही चाहता और तुम मुझे इन्शा अल्लाह नेको कार आदमी पाओगे	उन्होंने कहा: अल्लाह का सुकून है! मैं तुम्हें इन दो बेटियों में से एक को मेरी तरफ से विवाह करने का वादा करता हूँ, पर तुम मेरे लिए आठ यात्राओं के लिए अपने स्वयं को मेरे साथ ले आएगी तो तुम तो पूरी तौर पर मेरी इच्छा करोगी होंगी। अगर तुम पूरी यात्रा पूरा करोगी तो मेरे लिए यह तुम्हारी freewill होगी क्योंकि मैं तुम्हारे लिए इसे बाध्यकारी नहीं बना सकता। अल्लाह का सुकून है कि तुम मेरे पास पवित्र होगी।	0.7263918519020081	0.5906146764755249	0.5397944450378418
You got paint on you.	तुम्हारे रंग लग गया है.	तुम्हें रंग लगा है।	0.8728969693183899	0.828499972820282	0.8389866948127747
Hello, my name is Dick Hallorann.	नमस्ते, मेरा नाम डिक हैलोरन है.	हैलो, मेरा नाम डिक हॉलरन्न है।	0.8867684006690979	0.9258843064308167	0.8924902677536011
We are the best Knower of that which they say, and thou art not over them over them tyrant. Wherefore admonish thou by the Qur'an him who feareth My threat.	हम जानते है जो कुछ वे कहते है, तुम उनपर कोई ज़बरदस्ती करनेवाले तो हो नहीं। अतः तुम क़ुरआन के द्वारा उसे नसीहत करो जो हमारी चेतावनी से डरे	हम उन्हें कह रहे हैं कि वे कह रहे हैं जो वे कह रहे हैं, और तुम उन पर उन पर शासन करती हो। इसलिए उन पर संदेश दो कि क्योंगा ये लोग तुम पर डरते हैं, ये ग़लती हैं।	0.7268848419189453	0.5023615956306458	0.4309616684913635
Bhairava!	भैरवा!	भैरवा!	0.9999997615814209	0.9873753190040588	0.8911903500556946
If my dad could see me now...	यदि मेरे पिता अब मुझे देख सकता था...	अगर मेरे पिताजी को अब मैं दिखा सकता था...	0.875844419002533	0.7959010004997253	0.667319655418396
Tet's offline in 15 minutes.	15मिनटमेंTet केऑफ़लाइन	टेट 15 मिनट में ऑफलाइन है।	0.7131863236427307	0.5702617764472961	0.6947357058525085
..that we're going to be blessed with a girl instead of useless boys.	..that हम बेकार लड़के के बजाय एक लड़की के साथ धन्य हो जा रहे हैं।	. हमें लड़कियों के बजाय लड़कों की जगह दी जाने वाली लड़की में बैठ जाने की शुभकामना है।	0.7873021364212036	0.43281090259552	0.4574976861476898
Add	जोड़ें (d)	अड	0.7258222699165344	0.49289125204086304	0.21765561401844025
L have your child.	मैं अपने बच्चे है.	मेरे पास तुम्हारे बच्चे की है।	0.8209077715873718	0.5029241442680359	0.5374013185501099
Tweedledee and Tweedledum went out the door, and in came Tweedle Dumb and Dumber.	दोनों नाकारा लोगों को दरवाज़ा दिखाया गया... और आए दो और नाकारा लोग।	त्वेड़लdee और त्वेड़ल्डुम तोड़ी डोर से निकले और त्वेड़ल्डुम निकले हुए थे।	0.6553066968917847	0.3580440580844879	0.1806824505329132
And glorify His Praises morning and afternoon [the early morning (Fajr) and 'Asr prayers].	और प्रातःकाल और सन्ध्या समय उसकी तसबीह करते रहो -	और उनकी प्रशंसा दिन के शुरुआती समय (फजर) और 'अस्र prayers' के दौरान की जानी चाहिए।	0.6839083433151245	0.5520643591880798	0.34156352281570435
2O million pounds.	2O लाख पाउंड.	2 करोड़  लाख पाउंड।	0.9133388996124268	0.9088254570960999	0.887298583984375
Exaltations be to the Lord of the heavens and the earth, the Lord of the Throne, above that which they describe'	"आकाशों और धरती का रब, सिंहासन का स्वामी, उससे महान और उच्च है जो वे बयान करते है।"""	अभिव्यक्ति के अनुसार उन्हें आकाशों और पृथ्वी के भगवान, राज्य के भगवान को अभिव्यक्त करना है जो उन्हें वर्णित विवरण से ऊपर'	0.7172225713729858	0.5312859416007996	0.4689691960811615
- You need a time-out!	- तुम्हें अकेले रहना चाहिए!	- तुम्हें थोड़ी देर के लिए रुकना होगा!	0.8586643934249878	0.6227624416351318	0.6677361726760864
%s (%s)	%s (%s)	%. से से ? (सही संख्या में से)	0.7574023008346558	0.4930729568004608	0.40414005517959595
I have been expecting you Captain. Perhaps you would like some tea.	मैं तुम्हारे लिए इंतजार कर रहा था कप्तान- शायद आपको कुछ चाय पसंद है?	मैंने तुम्हें इंतज़ार किया है। शायद तुम्हें कुछ चाय पाने की इच्छा हो सकती है।	0.7897400259971619	0.793030858039856	0.8404507637023926
Allah and His angels praise and venerate the Prophet. Believers, praise and venerate him and pronounce peace upon him in abundance.	इसमें भी शक नहीं कि खुदा और उसके फरिश्ते पैग़म्बर (और उनकी आल) पर दुरूद भेजते हैं तो ऐ ईमानदारों तुम भी दुरूद भेजते रहो और बराबर सलाम करते रहो	अल्लाह और उनकेएंजेल पैगामा पैगामा पैगामा पैगामा पैगामा पैगामा पैगामा पैगामा पैगामा पैगामा पैगामा पैगामा पैगामा पैगामा पैगामा पैगामा पैगामा पैगामा पैगामा पैगामा पैगामा पैगामा पैगामा पैगामा पैगामा पैगामा पैगामा पैगामा पैगामा पैगामा पैगामा पैगामा पैगामा पैगामा पैगामा पैगामा पैगामा पैगामा पैगामा पैगामा पैगामा पैगामा पैगामा पैगामा पैगामा पैगामा पैगामा पैगामा पैगामा पैगामा पैगामा पैगामा पैगामा पैगामा पैगामा पैगामा पैगामा पैगामा पैगामा पैगामा पैगामा पैग	0.5421817302703857	0.2354505956172943	0.02884027175605297
No, I'm in the middle of something.	नहीं, मैं कुछ के बीच में हूँ.	नहीं, मैं कुछ और में हूँ।	0.9366480708122253	0.805241584777832	0.6730576753616333
The action, 16th of December, where NGOs and small nations and countries, all sorts of people from inside the conference...	16 दिसम्बर की कार्यवाही जिसमें एन. जी.	दिए गए आदेश, 16 दिसंबर को एक सम्मेलन में एनजीओ और छोटी देशों और देशों सहित सभी प्रकार के लोगों ने बाहर आए थे, अंदर के सभी लोगों से भी...	0.6837788224220276	0.4519284665584564	0.205868199467659
After that, surely, you will die.	फिर तुम अवश्य मरनेवाले हो	अगले में, तो तुम मर जाओगी।	0.7723003625869751	0.6764829754829407	0.5751988887786865
[man speaking native language]	[पुरुष अपनी मातृभाषा में बोल रहा है]	मान से मान सpeak नातिव्या भाषा में	0.6578403115272522	0.37787532806396484	0.12465763092041016
#As the earth turns and the summer's all gone#	# दिखाएँ # पर चला जाता है पृथ्वी बदल जाता है और गर्मियों के सभी # रूप में चला गया	#जैसे ग्रह घूम रहा है और स्ट्रीमर का सामयिक होना बंद हो गया है#	0.7240964770317078	0.48181816935539246	0.37934496998786926
Do they wait for any thing but the Hour (of change), that it may come upon them suddenly? Its signs have already appeared. How then will they be warned when it has come upon them?	तो क्या ये लोग बस क़यामत ही के मुनतज़िर हैं कि उन पर एक बारगी आ जाए तो उसकी निशानियाँ आ चुकी हैं तो जिस वक्त क़यामत उन (के सर) पर आ पहुँचेगी फिर उन्हें नसीहत कहाँ मुफीद हो सकती है	क्या वे किसी चीज़ का इंतज़ार करते हैं जैसा हाल हो रहा है, कि वह उन पर आये तभी नहीं बल्कि किसी अन्य समय में आये और वे किसी सूचना से सावधान होंगे कि क्या हुआ आया? इसके संकेत पहले से ही आये हैं क्यों तब वे सावधान नहीं होंगे जब वे आये होंगे?	0.6996689438819885	0.5166628360748291	0.5496585369110107
"""In rhapsody that day As a whiplash today"""	"""धुन में उस दिन एक चोट आज के रूप में"""	"कल के दिन जैसा रोज़ना है"""	0.7702655792236328	0.41615068912506104	0.3843487799167633
Start date invalid.	आरंभिक तारीख अवैध है.	स्टार्ट डेटा अस्पेक्ट है गलत।	0.7043691277503967	0.49094557762145996	0.28629037737846375
"William Long posted some spoofing videos produced by Google and Baidu, in which, Google called Baidu ""hundred poisons"" and Baidu mocked google as a foreign / alien company (zh)."	"विलियम लाँग ने गूगल और बायडू द्वारा निर्मित कुछ पैरोडी विडियो पोस्ट किये हैं जिनमें गूगल ने बायडू को ""हंड्रेड पॉयज़न"" यानि ज़हरीला पुकारा तो बायडू ने गूगल को विदेशी बाहरी कंपनी कह कर चिढ़ाया।"	"विलियम लॉन्ग ने गूगल और बीड़ू की ओर से बनाई गई स्पॉयिंग वीडियो को पोस्ट किया है, जिसमें गूगल ने बीड़ू को ""100 पोइज़न्स"" के रूप में घोषित किया था और बीड़ू ने गूगल को एक विदेशी / अंतर्निहित कंपनी (जी हिना) के रूप में मजाक उड़ाता था।"	0.7989349961280823	0.6411254405975342	0.7546733021736145
It's not a rat!	यह एक चूहा नहीं है!	ये किसी रेट नहीं है!	0.8517784476280212	0.4310719668865204	0.4092525541782379
Unicode (UTF-3_2 LE)	यूनिकोड (UTF-3_2 LE)	यूनिक्स (यू.टी.एफ-3_2. एल.ई.)	0.7793728113174438	0.575659453868866	0.7447652816772461
I left the apartment this morning so mad.	मैं आज सुबह तो पागल घर छोड़ दिया.	मैं सुबह इस अपार्टमेंट से निकल गई थी।	0.772474467754364	0.6207365393638611	0.598028838634491
It is Allah Who made out of the things He created, some things to give you shade; of the hills He made some for your shelter; He made you garments to protect you from heat, and coats of mail to protect you from your (mutual) violence. Thus does He complete His favours on you, that ye may bow to His Will (in Islam).	और अल्लाह ने तुम्हारे लिए अपनी पैदा की हुई चीज़ों से छाँवों का प्रबन्ध किया और पहाड़ो में तुम्हारे लिए छिपने के स्थान बनाए और तुम्हें लिबास दिए जो गर्मी से बचाते है और कुछ अन्य वस्त्र भी दिए जो तुम्हारी लड़ाई में तुम्हारे लिए बचाव का काम करते है। इस प्रकार वह तुमपर अपनी नेमत पूरी करता है, ताकि तुम आज्ञाकारी बनो	अल्लाह ने तुम्हें रोशनी के लिए कुछ चीज़ें बना दीं; पहाड़ों में तुम्हें शelter देने के लिए कुछ बना दिया; तुम्हें सिक्कों से सुरक्षा देने के लिए कुछ बना दिया है और तुम्हारे बीच की भेद्यता से सुरक्षित होने के लिए तुम्हें कोट्स लगा दी हैं। इस तरह से अल्लाह ने तुम्हारे लिए अपने प्रस्तावों को पूरा किया है।	0.753604531288147	0.5956389307975769	0.6196533441543579
CSV Import Filter for KSpread	केस्प्रेड के लिए सीएसवी आयात फ़िल्टरName	की.एस.डी.पी. फ़ाइल्टर के लिए सी.एस.वी. इम्पोर्ट	0.7310368418693542	0.5856861472129822	0.7871053218841553
To this he himself shall bear witness.	और निश्चय ही वह स्वयं इसपर गवाह है!	इसे वही देखेंगे।	0.6640090942382812	0.4845733642578125	0.5194898247718811
Say, “Who is it who will shield you from God, if He intends adversity for you, or intends mercy for you?” Besides God, they will find for themselves neither friend nor helper.	(ऐ रसूल) तुम उनसे कह दो कि अगर खुदा तुम्हारे साथ बुराई का इरादा कर बैठे तो तुम्हें उसके (अज़ाब) से कौन ऐसा है जो बचाए या भलाई ही करना चाहे (तो कौन रोक सकता है) और ये लोग खुदा के सिवा न तो किसी को अपना सरपरस्त पाएँगे और न मद्दगार	क्या आप कहते हैं, “कौन सा व्यक्ति आपको धर्म के लिए God से छिपाने की रक्षा करेगा यदि God आपके लिए कठिनाई की या आपके लिए कृया की यात्रा की योजना करता है, या किसी और से भी उनके साथ मदद नहीं पानेगा”? God के बाद उनके पास कोई दोस्त नहीं होगा और किसी भी अन्य से भी आपकी मदद नहीं मिलेगी।	0.671232283115387	0.4883559048175812	0.5982031226158142
How does a tiger get in the bathroom?	कैसे एक शेर में प्राप्त करता है बाथरूम?	बाथरूम में टाइगर कैसे जाता है?	0.8557133674621582	0.4968828856945038	0.6105550527572632
“%s” Properties	“%s” गुण	“%s” संपत्ति	0.9105287194252014	0.8417440056800842	0.8911077976226807
Is a watchtower.	यह गुम्मट है.	व्हाट्सटॉवर है।	0.7572374939918518	0.4360029995441437	0.22082309424877167
If only he could have given me a child.	काश वह मुझे एक बच्चा दिया होता.	अगर वो मुझे बच्चा दे सकता था तो पड़ता।	0.8068739175796509	0.6211961507797241	0.684214174747467
My son, be steadfast in prayer. Make others do good. Prevent them from doing evil. Be patient in hardship. Patience comes from faith and determination.	"""ऐ मेरे बेटे! नमाज़ का आयोजन कर और भलाई का हुक्म दे और बुराई से रोक और जो मुसीबत भी तुझपर पड़े उसपर धैर्य से काम ले। निस्संदेह ये उन कामों में से है जो अनिवार्य और ढृढसंकल्प के काम है"	मेरे बेटा, अपने प्रार्थना में स्थिर रहें। दूसरों को अच्छा करना है। उनसे उन्हें बुरा करना भी होना चाहिए। दुर्घटनाओं में रहेंगे तो प्रयास दृढ़ होने से मिल जाता है। दृढ़ होने का प्रयास ईमान और निर्णय से होता है।	0.6907354593276978	0.43397873640060425	0.45634186267852783
Shut up, Alan.	/ अच्छा है. वह सिर्फ भूखा था.	अलान, शट अप।	0.6794993877410889	0.287191778421402	0.324957937002182
We made our pledge to the Führer.	हमने फ्यूरर के लिए प्रतिज्ञा ली है.	फ़्यूरर की प्रतिज्ञा लेने के लिए हमने अपनी प्रतिज्ञा दी थी।	0.8726407885551453	0.7781632542610168	0.7215179204940796
_Save Draft	मसौदा सहेजें (_S)	सावधानी से रिपोर्ट	0.6943926215171814	0.4260702133178711	0.3749231696128845
Size	आकार	बड़ाई	0.6747944355010986	0.6257628202438354	0.8984257578849792
General	सामान्य	ज़्यादातर	0.8069338798522949	0.5798709392547607	0.7137141227722168
We're on our way to the basement.	हम हमारे तहखाने की तरफ जा रहे हैं.	हमट की गली में जा रहे हैं।	0.7985313534736633	0.5714887976646423	0.43706971406936646
The packed out venue last night attests to this, as does the fact that finalists and interested parties flew in from around the country to be there.	भीड़ से सराबोर समारोह स्थल तथा देश भर से आए हुए अंतिम दौर के प्रतिभागी व इसमें रुचि रखने वाले चिट्ठाकार इस बात के गवाह हैं.	रात पूरी होने वाले स्थान से दिखाता है कि यह तथ्य भी है कि प्रतिस्पर्धी वाले और राष्ट्र के आस-पास रहने के लिए उड़ान भरे गए हैं।	0.6765395402908325	0.37676388025283813	0.37609368562698364
And they forgive you because you make them proud of themselves.	और आप खुद के बारे में उन्हें गर्व करते हैं क्योंकि वे तुम्हें माफ.	और वे तुम्हें प्यार करते हैं क्योंकि तुम उन्हें अपनी तरह से प्रोत्साहित करती हो।	0.7923131585121155	0.6002052426338196	0.6830592155456543
These grapes are so sour that I can't eat them.	ये अंगूर इतने खट्टे हैं कि मुझसे खाए नहीं जा रहे।	ये जूसी ग्रीन्स सोर से होती हैं जो मुझे भी नहीं खा सकती।	0.7631189823150635	0.34400954842567444	0.2278282195329666
Two suits for dry-clean and a bag of whatnot.	- दो सूट ड्राई-क्लीन के लिए और जो-सो का एक बैग. - हां, महोदय.	ड्राई-क्लीन करने के लिए दो सेट और कुछ नहट का बैग।	0.7851526141166687	0.5040006041526794	0.6791348457336426
In that old rust bucket of yours?	तुम मेरे लिए रक्षा चलाने वाला आदमी है जो कर रहे हैं?	तुम्हारे पुराने रॉट बट्टे में?	0.7313917875289917	0.2810625433921814	0.27613160014152527
God shall surely admit those who believe and do righteous deeds into gardens underneath which rivers flow. As for the unbelievers, they take their enjoyment and eat as cattle eat; and the Fire shall be their lodging.	निश्चय ही अल्लाह उन लोगों को जो ईमान लाए और उन्होंने अच्छे कर्म किए ऐसे बागों में दाख़िल करेगा जिनके नीचे नहरें बह रही होंगी। रहे वे लोग जिन्होंने इनकार किया, वे कुछ दिनों का सुख भोग रहे है और खा रहे है, जिसे चौपाए खाते है। और आग उनका ठिकाना है	हे ईश्वर ने जो लोग सोच-विचार करते हैं और सही काम करते हैं उन्हें उनके पास जो पानी की नदियों के बीच का मैदान है, वहाँ gardens में ले जायेगा जहाँ नदियाँ प्रवाह करती हैं। नदी के लोग नदियों से पीने की प्रवृत्ति रखते हैं और आग भी उनके रुकने का स्थान होगा।	0.7303973436355591	0.4643946588039398	0.4466383457183838
What's happened?	क्या हुआ?	क्या हुआ?	1.000000238418579	0.9911630749702454	0.8739717602729797
- ( gunshot )	- (गोली)	- (बुलबुला)	0.8052461743354797	0.7842276096343994	0.8595485687255859
_Save Draft	मसौदा सहेजें (_S)	सावधानी से रिपोर्ट	0.6943926215171814	0.4260702133178711	0.3749231696128845
Yes, but now you are the problem.	हाँ, लेकिन अब आप समस्या हैं .	हाँ लेकिन अब तुम प्रॉब्लम हो।	0.8064926266670227	0.717499852180481	0.6506652235984802
Your emails	raviratlami@ aol. in	आपके ईमेल	0.5827445983886719	0.4576343297958374	0.7083845138549805
"(Muhammad), tell him, ""He who gave them life in the first place will bring them back to life again. He has the best knowledge of all creatures."	"कह दो, ""उनमें वही जाल डालेगा जिसने उनको पहली बार पैदा किया। वह तो प्रत्येक संसृति को भली-भाँति जानता है"	(मुहम्मद) उसे कहते हैं, “जिन्हें जीवित रहने दिया गया है, वे वापस जीवित रहने की प्राप्ति प्राप्त करेंगे। वे सबसे ज़्यादा चीज़ों को जाने में साहसिकज्ञ हैं।”	0.6716055870056152	0.5650692582130432	0.4498276114463806
♪ I've always held on to ♪	♪ मैं हमेशा पर आयोजित है ♪	♪ मैंने हमेशा ♪	0.8265239596366882	0.5995153784751892	0.5574848055839539
Formatting disc	डिस्क संरूपित कर रहा है	फॉर्मेटिंग डिस्क	0.7529354095458984	0.5256660580635071	0.7293984889984131
Hello?	हैलो?	हैलो?	1.0000001192092896	0.9933330416679382	0.6785483360290527
Yeah.	हाँ.	जी हाँ।	0.8535235524177551	0.8957571387290955	0.9202189445495605
What happened when you attacked here?	- आप एक पाते हैं?	आपको यहाँ हमला किसने किया?	0.7716544270515442	0.6311692595481873	0.6559640169143677
Text	पाठ	टेक्स्ट	0.7612824440002441	0.5634567141532898	0.6342853903770447
Luckily, I had a soft landing.	सौभाग्य से, मैं एक नरम लैंडिंग था.	बिलकुल, मुझे सॉफ़ लैंडिंग हुई.	0.798441469669342	0.66050124168396	0.5817880630493164
Do you--do you know what this is?	आप क्या - क्या तुम यह क्या है जानते हो?	क्या आप -क्या आपने इसे समझा है?	0.8329523205757141	0.7130374312400818	0.5451081395149231
And We gave to Dawood Sulaiman, most excellent the servant! Surely he was frequent in returning (to Allah).	और हमने दाऊद को सुलैमान प्रदान किया। वह कितना अच्छा बन्दा था! निश्चय ही वह बहुत ही रुजू रहनेवाला था।	और हमने डॉवood सुलयमान, सबसे अच्छे सेवक! सुनिश्चित है कि वह अल्लाह को नियमित रूप से वापस लेने में लगा रहता था।	0.7257256507873535	0.4536169767379761	0.3317255973815918
Get the deal closed.	सौदा बंद करें.	डील को समाप्त कर दें।	0.7988021373748779	0.806632936000824	0.8653669357299805
_Edit	संपादन (_E)	डिस्प्ले	0.6497544050216675	0.39871397614479065	0.2497895061969757
Jayashree Govindarajan, Mumbai shares some of the traditional recipes.	जयश्री गोविंदराजन, मुम्बई कुछ पारंपरिक रसोई के नुसखों को सभी से साझा कर रही हैं.	जयश्री गोविंदारजन, मुंबई के कुछ पारंपरिक व्यंजन हैं।	0.7945423126220703	0.5134193301200867	0.4313458800315857
(Pagans) has your Lord given you preference over Himself by granting you sons and taking the angels as His own daughters? What you say is a monstrous utterance.	(ऐ मुशरेकीन मक्का) क्या तुम्हारे परवरदिगार ने तुम्हें चुन चुन कर बेटे दिए हैं और खुद बेटियाँ ली हैं (यानि) फरिश्ते इसमें शक़ नहीं कि बड़ी (सख्त) बात कहते हो	पागनों के प्रति आपके पूर्वासा होने का आपका पूर्वासा आपके पास संतान हैं और आप आकाश की अपनी बेटियों के रूप में हुए हैं? आपके जो कहा है, उसका कोई स्वीकार्य नहीं है।	0.6717929840087891	0.39479056000709534	0.43023166060447693
Couple hours later, you walk into some type of double cross.	युगल घंटे बाद, आप डबल क्रॉस के कुछ प्रकार में चल .	दोहरी खींच का एक प्रकार हो सकता है जो समय के साथ आता है.	0.7183395624160767	0.3689945638179779	0.3851536512374878
Hermann, these are human beings.	हरमन, ये इंसान हैं.	हर्मान, ये इंसान हैं।	0.9489716291427612	0.8833388686180115	0.8902530670166016
_Restart Evolution after restore	पुनर्भंडारण के लिए एवोल्यूशन फिर शुरू करें (_R)	रestore इवोल्यूशन को फिर से शुरू करो	0.7853653430938721	0.5783531665802002	0.41026610136032104
Those [believers] who responded to Allah and the Messenger after injury had struck them. For those who did good among them and feared Allah is a great reward -	निहाल हो रहे हैं (जंगे ओहद में) जिन लोगों ने जख्म खाने के बाद भी ख़ुदा और रसूल का कहना माना उनमें से जिन लोगों ने नेकी और परहेज़गारी की (सब के लिये नहीं सिर्फ) उनके लिये बड़ा सवाब है	जिनमें [मानकर्ताओं] ने अल्लाह और मेजबानी का जवाब दिया था या उन्होंने चोट लगने के बाद उनसे कुछ कर्म किया था उनमें से उन्हें जो बेहतरी किया था और अल्लाह का पालन करना चाहिए था उसे बहुत बड़ी पुरस्कार का सामना करना पड़ता था	0.7324231266975403	0.5458471179008484	0.4604051113128662
Do you not know that Allah knows what is in the heaven and the earth? Surely this is in a book; surely this is easy to Allah.	क्या तुम्हें नहीं मालूम कि अल्लाह जानता है जो कुछ आकाश और धरती मैं हैं? निश्चय ही वह (लोगों का कर्म) एक किताब में अंकित है। निस्संदेह वह (फ़ैसला करना) अल्लाह के लिए अत्यन्त सरल है	अपने पास नहीं है कि अल्लाह ना है इसे आकाश में और धरती में? यह इस किताब में है? यह अल्लाह के लिए आसान है?	0.7508957386016846	0.37641891837120056	0.23245374858379364
And indeed the news which had a lot of deterrence, came to them.	उनके पास अतीत को ऐसी खबरें आ चुकी है, जिनमें ताड़ना अर्थात पूर्णतः तत्वदर्शीता है।	और हाँ, जो बहुत डरावनी खबर थी, उन्हें अब तक उन्हें प्रभाव डालने में राजी हो गया।	0.6722855567932129	0.43602219223976135	0.3241460919380188
We just made a point.	हमने केवल एक बात कही.	हम बस एक बात कह कर दिया है।	0.8193253874778748	0.6798638105392456	0.5822576880455017
Say, “Come, let me tell you what your Lord has forbidden you: that you associate nothing with Him; that you honor your parents; that you do not kill your children because of poverty—We provide for you and for them; that you do not come near indecencies, whether outward or inward; and that you do not kill the soul which God has sanctified—except in the course of justice. All this He has enjoined upon you, so that you may understand.”	(ऐ रसूल) तुम उनसे कहो कि (बेबस) आओ जो चीज़ें ख़ुदा ने तुम पर हराम की हैं वह मैं तुम्हें पढ़ कर सुनाऊँ (वह) यह कि किसी चीज़ को ख़ुदा का शरीक़ न बनाओ और माँ बाप के साथ नेक सुलूक़ करो और मुफ़लिसी के ख़ौफ से अपनी औलाद को मार न डालना (क्योंकि) उनको और तुमको रिज़क देने वाले तो हम हैं और बदकारियों के क़रीब भी न जाओ ख्वाह (चाहे) वह ज़ाहिर हो या पोशीदा और किसी जान वाले को जिस के क़त्ल को ख़ुदा ने हराम किया है न मार डालना मगर (किसी) हक़ के ऐवज़ में वह बातें हैं जिनका ख़ुदा ने तुम्हें हुक्म दिया है ताकि तुम लोग समझो और यतीम के माल के करीब भी न जाओ	अरे, “अरे, मैं तुम्हें अपने राज्य के बारे में बताना चाहती हूँ: तुम अपने परिवार का सम्मान करो; तुम उन बच्चों की हत्या को नहीं करो जो धन की वजह से हो; हमें तुम्हारे और उनके लिए जीवन दे रहे हैं; तुम उन लोगों से परेशानी न करो, चाहे जो बाहरी या आंतरिक हो, और तुम अपने प्रति किसी अश्लीलता को नहीं आकर्षित करो, और तुम अपने जीवन के दौरान होने वाली अश्लीलताओं को भी नहीं करो; तुम्हें उन राज्यों का पालन करना चाहिए जिन्हें हमने जो तुम्हें ज्ञान दिया है, उन्हें तुम ज्ञान के द्वारा सुनी जाने लायक हैं। ये सब हमने त	0.6804261207580566	0.4046640694141388	0.35790908336639404
You told them that we're married, I told them I'm 3 months pregnant!	तुमने कहा कि हम शादीशुदा हैं, मैनें कहा कि मैं 3 महीने की गर्भवती हूँ.	तुमने उन्हें बताया कि हम विवाहित हैं, और मैंने तुमने उन्हें 3 महीने की गर्भावस्था बताई!	0.8250284194946289	0.7731195092201233	0.824128270149231
India: All about the Theatre! · Global Voices	भारतः रंगमंच का जादू	इंडिया: थिएटर के बारे में जानकारी!	0.7777858972549438	0.5211867094039917	0.5590528249740601
Cannot subscribe folder in offline mode.	ऑफ़लाइन मोड में फ़ोल्डर सदस्यता नहीं ले सकता.	ऑफलाइन मोड में सिंक्रिबर फ़ोर्डर नहीं कर सकता है।	0.8701515793800354	0.6973727345466614	0.7526236176490784
When you find the beads I hope you'll return them.	जब माला मिल जाये तो मुझे आशा है कि तुम उन्हें वापस कर दोगी.	तुम्हें जब भी पानी पड़ेगा तो पैसों के बदले पैसे देने की कोशिश करोगी।	0.6971985697746277	0.3793298304080963	0.25561073422431946
_View	देखें (_V)	_	0.7129454612731934	0.6762202978134155	0.09043197333812714
He'll no longer lead us.	कभी नहीं!	उनका अब हमारे लिए नेतृत्व नहीं रहेगा।	0.6796905994415283	0.5288774967193604	0.564861536026001
Say to them: 'People of the Book! Do you hate us for anything else except that we believe in Allah, and in the teaching which has been revealed to us and in the teaching which was revealed before? Indeed most of you are transgressors.'	(ऐ रसूल अहले किताब से कहो कि) आख़िर तुम हमसे इसके सिवा और क्या ऐब लगा सकते हो कि हम ख़ुदा पर और जो (किताब) हमारे पास भेजी गयी है और जो हमसे पहले भेजी गयी ईमान लाए हैं और ये तुममें के अक्सर बदकार हैं	लोगों का सुझाव दें: 'बक्तियों को! तुम हमें कुछ और नहीं पसंद करते हो केवल इस बात में से कि हम अल्लाह की सुनने वाली हैं और हमारी जानकारी से जो जो पहले हुई, हमारी जानकारी से जो पहले जानकारी से तुम्हारे पास नहीं रही है... तुम्हारे पास बहुत कम है।'	0.7086808681488037	0.44875916838645935	0.3047131299972534
He said: Surely in it is Lut. They said: We know well who is in it; we shall certainly deliver him and his followers, except his wife; she shall be of those who remain behind.	(ये सुन कर) इबराहीम ने कहा कि इस बस्ती में तो लूत भी है वह फरिश्ते बोले जो लोग इस बस्ती में हैं हम लोग उनसे खूब वाक़िफ़ हैं हम तो उनको और उनके लड़के बालों को यक़ीनी बचा लेंगे मगर उनकी बीबी को वह (अलबता) पीछे रह जाने वालों में होगीं	उन्होंने कहा: यहाँ लुत के बारे में कहा गया है; वे कहते हैं कि हमें वहाँ किसी को भी नहीं मिलेगा वहाँ से कोई भी नहीं आएगा; वही लोग वहाँ रहेंगे जो वहाँ रहेंगे, और वही लोग वहीं रहेंगे जो वहीं रहेंगे।	0.6929109692573547	0.4259106516838074	0.3649313151836395
That's how many villagers died	इसी तरह कई गाँव वाले मारे गए हैं	कितने गांववाले मर गए?	0.754840075969696	0.8389780521392822	0.8577234745025635
Your emails	raviratlami@ aol. in	आपके ईमेल	0.5827445983886719	0.4576343297958374	0.7083845138549805
Nearby Sites	निकटस्थ साइट	स्थानीय स्थल	0.7482174038887024	0.7209945321083069	0.9312554001808167
On the Day when it arrives, no soul will speak without His permission. Some will be miserable, and some will be happy.	जिस दिन वह आएगा, तो उसकी अनुमति के बिना कोई व्यक्ति बात तक न कर सकेगा। फिर (मानवों में) कोई तो उनमें अभागा होगा और कोई भाग्यशाली	इस बारे में एक दिन आए तो कोई भी बिना प्राधिकरण के बोलेगा नहीं | कुछ लोग दर्दनाक रहेंगे, और कुछ लोग हासिल रहेंगे |	0.693007230758667	0.46511682868003845	0.45273900032043457
Thanks for that, Jack.	इसके लिए धन्‍यवाद, जैक.	ठीक है, जैक।	0.7555472254753113	0.7201054692268372	0.5644963979721069
Select all text	सारा पाठ चुनें	चुनो सभी टेक्स्ट	0.7206878066062927	0.6135130524635315	0.8665395975112915
Compact contact list	संकुचित संपर्क सूची	कम्पैक्ट कॉन्टैक्ट लिस्ट	0.6326247453689575	0.4204111397266388	0.550719141960144
So will it be; and whoever retaliates with the like of what he has been made to suffer, and is aggressed against [again] thereafter, Allah will surely help him. Indeed Allah is all-excusing, all-forgiving.	और खुदा तो बेशक बड़ा वाक़िफकार बुर्दवार है यही (ठीक) है और जो शख्स (अपने दुश्मन को) उतना ही सताए जितना ये उसके हाथों से सताया गया था उसके बाद फिर (दोबारा दुशमन की तरफ़ से) उस पर ज्यादती की जाए तो खुदा उस मज़लूम की ज़रूर मदद करेगा	इस बात को सुनिश्चित करूँगा कि मैं मूल में होने वाली जानकारी को सही तरीके से अनुवाद करूँगी और असली में सच्चाई, सच्चारी हूँ।	0.6419454216957092	0.2997983992099762	0.21809296309947968
God has given us freedom.	भगवान ने हमें आजादी दे दी है.	गोद का हमें स्वतंत्रता दी है।	0.8406638503074646	0.4530346095561981	0.39083176851272583
- You see how busy we are.	- तुम देखो हम कितने व्यस्त हैं.	- तुम्हें दिखाई देता है कि हमें कितना समय लग रहा है।	0.7864964008331299	0.6325355172157288	0.6823922991752625
Add the files stored in the clipboard	क्लिपबोर्ड में जमा फाइल जोड़ें	क्लिपबार में रखे गए फ़ाइलों को भी जोड़ें	0.8389756083488464	0.862064003944397	0.8857632279396057
Save the current file with a different name	वर्तमान फ़ाइल एक भिन्न नाम से सहेजें	एक अलग नाम दे दें save करें दूसरे के लिए	0.7104054093360901	0.5675973296165466	0.25400587916374207
Retrieving quota information for '%s'	%s में नए संदेश के लिये सारांश सूचना ला रहा है	'से कितना' की जानकारी प्राप्त करने के लिए	0.699579119682312	0.42314276099205017	0.4185786843299866
"""...and we are slaves no longer..."""	"""... और अब हम दास नहीं हैं ..."""	"""...और हम अब अपने अपने जीवन में नहीं रहते..."""	0.9161670207977295	0.5282824635505676	0.5526922941207886
Select all messages in the same thread as the selected message	चयनित संदेश की तरह सभी संदेश एक जगह अंतःसूत्रित करें	वही ट्रैडलाइन में से सभी मैसेज़ चुन करें	0.709220826625824	0.49758830666542053	0.4009862244129181
Everybody's passing us.	सब लोग हमें गुजर रहा है.	हर किसी का हमारे पास जाना ही चला जाता है।	0.7638683915138245	0.41528648138046265	0.5436275005340576
Do Nothing	कुछ नहीं करें	डो नो हैं	0.7241876721382141	0.3809559643268585	0.20495696365833282
There are four of us but we are frightened of you.	वहाँहममेंसेचार हैं लेकिन हम आप से डर रहे हैं	हमारे चार हैं लेकिन हम आपकी वजह से डर रहे हैं।	0.79957515001297	0.6391386389732361	0.8283125162124634
And (there are) others who have acknowledged their faults. They mixed a righteous action with another that was bad. It may be that Allah will relent toward them. Lo! Allah is Forgiving, Merciful.	और दूसरे कुछ लोग है जिन्होंने अपने गुनाहों का इक़रार किया। उन्होंने मिले-जुले कर्म किए, कुछ अच्छे और कुछ बुरे। आशा है कि अल्लाह की कृपा-स्पष्ट उनपर हो। निस्संदेह अल्लाह अत्यन्त क्षमाशील, दयावान है	और (हो सकता है कि) ऐसे लोग हैं जो अपने कमियाँ स्वीकार करते हैं | वे निष्ठावान कार्य को दूसरा बता रहे हैं जो दुर्भाग्यपूर्ण था | यह संभव हो सकता है कि Allah उन्हें सहायता करेगा | अल्लाह सही करने वाला, दयालु, राजी है।	0.7190535664558411	0.6554635167121887	0.6315053701400757
Thanks for helping out the other day, too.	दूसरे दिन बाहर की मदद करने के लिए धन्यवाद भी.	दूसरे दिन मदद करने में आपकी सहायता के लिए धन्यवाद।	0.8980982899665833	0.8228742480278015	0.8478628396987915
Open the selected image with a different application	चयनित छवि भिन्न अनुप्रयोग से खोलें	चुने गए इमेज को किसी और ऐप्प्लिकेशन के साथ ओपन कर	0.7165426015853882	0.6942317485809326	0.8330895304679871
The heavens are about to be rent apart from above them, while the angels celebrate the praise of their Lord and plead for forgiveness for those [faithful] who are on the earth. Indeed, Allah is the All-forgiving, the All-merciful!	लगता है कि आकाश स्वयं अपने ऊपर से फट पड़े। हाल यह है कि फ़रिश्ते अपने रब का गुणगान कर रहे, और उन लोगों के लिए जो धरती में है, क्षमा की प्रार्थना करते रहते है। सुन लो! निश्चय ही अल्लाह ही क्षमाशील, अत्यन्त दयावान है	अभिव्यक्ति जो धर्मप्रिय भगवान की सराहना करते हैं और उनके प्रस्ताव के लिए प्रस्तुत पूजा-पाठ के लिए उपस्थित हैं उन लोगों के लिए प्रार्थना करते हैं जो धर्मानु के पास हैं | वास्तव में, अल्लाह दयालु, दयाप्रिय है |	0.7163811326026917	0.4475494921207428	0.37525883316993713
There is no fault in the blind, or the lame, or the sick. He who obeys Allah and His Messenger He shall admit him to Gardens underneath which rivers flow; but he who turns away shall be punished with a painful punishment.	न अन्धे के लिए कोई हरज है, न लँगडे के लिए कोई हरज है और न बीमार के लिए कोई हरज है। जो भी अल्लाह और उसके रसूल की आज्ञा का पालन करेगा, उसे वह ऐसे बाग़ों में दाख़िल करके, जिनके नीचे नहरे बह रही होगी, किन्तु जो मुँह फेरेगा उसे वह दुखद यातना देगा	अच्छा नहीं है रोगी, या दुर्बल, या अस्वस्थ। Allah और उसका दर्जा का कोई अपराध नहीं है। वह क़बूल करना और उसका मिस्त्री से मिल जाता है वह उसे गार्डन में प्राकृति के तल पर स्थित हिस्सों का दर्जा देता है जहाँ नदियाँ बहती हैं लेकिन वह जो दूर जाता है, उसे उसे दंड से जाने लगेगा।	0.717263400554657	0.38066431879997253	0.34133580327033997
Why didn't you come with me.	क्यों तुम मेरे साथ नहीं आया था.	क्यों तुम मुझे ले नहीं गए थे।	0.8913813233375549	0.7959576845169067	0.656284511089325
Yeah, 7,000 people.	हाँ, 7,000 लोग.	हाँ, 7,000	0.8864499926567078	0.8693669438362122	0.5676824450492859
King me. -Chess.	राजा मैं.	राजा। -चेसी।	0.8119819760322571	0.6034941077232361	0.5789656639099121
_Open	खोलें (_O)	एक	0.7389014363288879	0.4567275047302246	0.22547298669815063
Anyway, art moved on, as it must, it has to.	वैसे भी, कला पर ले जाया गया, केरूपमेंयहचाहिए ,यहकरनेके लिएहै.	अगर तो, कला का आगे बढ़ा दिया गया, क्यों न कि उसे आगे बढ़ा दिया जाना चाहिए, वह उसकी जरूरत है, वह तो तो तो तो ज़रूरी है।	0.6695353984832764	0.3978610932826996	0.2198663204908371
Do you have prior experience?	आप पहले अनुभव है?	क्या आपके पहले किसी भी तरह से इस परामर्श किया गया था?	0.7631889581680298	0.555312991142273	0.5502796173095703
Send the drone.	गबन भेजें.	ड्रोन भेज दो।	0.8452652096748352	0.5773410201072693	0.8318676948547363
If you want to be alone, we understand.	आप अकेले रहना चाहते हैं, हम समझते हैं.	अगर तुम अलाइना चाहती हो तो समझते हैं कि हम समझते हैं।	0.8139262199401855	0.4625711739063263	0.3218103051185608
O My bondmen who believe! Indeed My earth is spacious – therefore worship Me alone.	ऐ मेरे बन्दों, जो ईमान लाए हो! निस्संदेह मेरी धरती विशाल है। अतः तुम मेरी ही बन्दगी करो	मेरे बंधों को आश्वासन! वास्तव में, मैं अपने भूमि पर वास्तव में व्यस्त हूँ – इसलिए अपने परिवेश पर ध्यान दें और मुझे अल्पकालिक रूप से पूजा करें।	0.6742985844612122	0.4245298504829407	0.46390533447265625
All information in this memo will be deleted and can not be restored.	इस यथारूप प्रविष्टि की सभी सूचनाएँ मिट दी जाएँगी और फिर सहेजी नहीं जा सकेगी.	इस मेमो में सभी जानकारी हट दी जाएगी और उसे वापस नहीं करा सकते हैं।	0.7722161412239075	0.6599953770637512	0.8496023416519165
Later I will pluck for you twice.	बाद में ... दोबारा... मैं तुम्हारे लिए तोड़ दुंगा.	बाद में मैं तुम्हें दो बार पका लूँगा।	0.7797760963439941	0.5704768896102905	0.5966488122940063
O Romeo, Romeo, wherefore art thou Romeo?	हे रोमियो, रोमियो, किस कला तू रोमियो?	रोमो, रोमो, वाह थou रोमो क्यों?	0.8509078025817871	0.5690105557441711	0.5600847005844116
Hath there come Unto thee the story of Musa!	(ऐ रसूल) क्या तुम्हारे पास मूसा का किस्सा भी पहुँचा है	क्या आपको मुसा की कहानी आई है?	0.7279620170593262	0.6900659799575806	0.6165199875831604
YOU'RE MAKING A SPEECH ABOUT FITTING KITCHENS?	आप फिटिंग रसोई बारे में एक भाषण बना रहे हैं?	आप किचन के लिए फिट होने के बारे में बोलनेा आये हैं?	0.8080601692199707	0.6223778128623962	0.5246704816818237
Believers! If any of you should ever turn away from your faith, remember that Allah will raise up a people whom He loves, and who love Him; a people humble towards the believers, and firm towards the unbelievers; who will strive hard in the way of Allah and will not fear the reproach of the reproacher. This is the favour of Allah which He grants to whom He wills. Allah is vast in resources, All-Knowing.	ऐ ईमानदारों तुममें से जो कोई अपने दीन से फिर जाएगा तो (कुछ परवाह नहीं फिर जाए) अनक़रीब ही ख़ुदा ऐसे लोगों को ज़ाहिर कर देगा जिन्हें ख़ुदा दोस्त रखता होगा और वह उसको दोस्त रखते होंगे ईमानदारों के साथ नर्म और मुन्किर (और) काफ़िरों के साथ सख्त ख़ुदा की राह में जेहाद करेंगे और किसी मलामत करने वाले की मलामत की कुछ परवाह न करेंगे ये ख़ुदा का फ़ज़ल (व करम) है वह जिसे चाहता हे देता है और ख़ुदा तो बड़ी गुन्जाइश वाला वाक़िफ़कार है	लोगों को यकीन होने की जगह देंगे कि अगर आपका धर्म भी चला जाए तो आपको भी Allah का धर्म भूल जाना चाहिए ना? यकीन रखें कि Allah आपके धर्म के लोगों को प्यार करते हैं, और जो आपके धर्म के लोग प्यार करते हैं; जो लोग आपके धर्म के लोगों के सामने मेहनती होते हैं और अस्वीकारी के सिर पर नहीं खड़े रहते हैं; जो कड़ी मेहनत करके Allah के तरीके में जाते हैं और नहीं भागते हैं कि अस्वीकारी असली उसे दखल दे देगा; यह Allah का सही है कि वह सभी को जो चाहे वह वह सब सारे के लिए सहायक है, और वह सभी को जो चाहे वह वह सारे के लिए सहायक ह	0.6702879667282104	0.4582248032093048	0.39375022053718567
"Then they will have no excuse but to say, ""By God our Lord, we have never been polytheists."""	"फिर उनका कोई फ़िला (उपद्रव) शेष न रहेगा। सिवाय इसके कि वे कहेंगे, ""अपने रब अल्लाह की सौगन्ध! हम बहुदेववादी न थे।"""	तो उन्हें तो कहते हुए God, हमारे राजा, हमने कभी पॉलिथियास्ट नहीं होने का आरोप नहीं कहा होगा।	0.6690040230751038	0.37845471501350403	0.22200976312160492
There was just a stop. maybe someone's coming.	सिर्फ एक ही स्टॉप पार हुआ है, शायद कोई आ जाए.	कुछ ही था वह रुकावट. शायद कोई आ रहा है।	0.7892749905586243	0.6206517815589905	0.5384103059768677
Allah created you from dust, then from a drop of sperm, then He made you into pairs. No female conceives, nor delivers (a child) except with His knowledge. None is given a long life nor is any diminished in his life but it is written in a Book. Surely that is quite easy for Allah.	अल्लाह ने तुम्हें मिट्टी से पैदा किया, फिर वीर्य से, फिर तुम्हें जोड़े-जोड़े बनाया। उसके ज्ञान के बिना न कोई स्त्री गर्भवती होती है और न जन्म देती है। और जो कोई आयु को प्राप्ति करनेवाला आयु को प्राप्त करता है और जो कुछ उसकी आयु में कमी होती है। अनिवार्यतः यह सब एक किताब में लिखा होता है। निश्चय ही यह सब अल्लाह के लिए अत्यन्त सरल है	अल्लाह ने तुम को मिट्टी से बनाया, तो उसमें एक छोटी मात्रा में सemen से बनाया, तो उन्होंने तुमों को दो-दो बना दिया। महिला तुम्हें प्रसूति नहीं कराती और बच्चा नहीं देती (यकीनान तो है कि) केवल उनके साथ ही जीवन में तुम्हारी संख्या नहीं बदली गई लेकिन उनके जीवन में एक निश्चित पाठ में बताया गया है कि तुम्हारी संख्या निर्धारित हुई है। यह अल्लाह के साहस्य का है।	0.7226517796516418	0.5089541077613831	0.39034879207611084
SEAN: Yeah.	तीन , दो, एक जाने के लिए,!	एस.एएन: हाँ।	0.627696692943573	0.332846075296402	0.4307631254196167
Quarterback's gonna tell you where he's going with the ball.	क्वार्टरबैकवहगेंदकेसाथजारहा है जहांआप बताने वाला	बॉल के साथ गेंद के साथ क्वार्टरबैक क्या चल रहा है।	0.6955809593200684	0.413610577583313	0.40561896562576294
But they denied him, and We seized them with the torment of the Day of Shadowing (when the cloud had rained down fire). It was indeed the torment of a terrible day!	किन्तु उन्होंने उसे झुठला दिया। फिर छायावाले दिन की यातना ने आ लिया। निश्चय ही वह एक बड़े दिन की यातना थी	लेकिन वे उसे नकारात्मक रूप से दे दिया और दुसरे दिन की छाया (जिसमें आग ने बारिश की थी) की भयानक परिस्थिति से उन्हें पकड़ लिया । यह सच है कि उस दिन की परेशानी एक बहुत ही गंभीर दिन थी!	0.7180998921394348	0.5435119271278381	0.5887953639030457
Extraction not performed	निकाला नहीं गया	अपरिवर्तन नहीं किया गया	0.8118804097175598	0.48730823397636414	0.44370803236961365
Muhammad is not the father of [any] one of your men, but [he is] the Messenger of Allah and last of the prophets. And ever is Allah, of all things, Knowing.	(लोगों) मोहम्मद तुम्हारे मर्दों में से (हक़ीक़तन) किसी के बाप नहीं हैं (फिर जैद की बीवी क्यों हराम होने लगी) बल्कि अल्लाह के रसूल और नबियों की मोहर (यानी ख़त्म करने वाले) हैं और खुदा तो हर चीज़ से खूब वाक़िफ है	अगर आपके लोगों के मेनों में मुहम्मद का कोई पिता नहीं है, तो मुहम्मद देवी का मेसेजगार है और दूसरे prophets का आखिरी है। मुहम्मद एक सब कुछ जानता है, राजा है।	0.7070921659469604	0.4401606619358063	0.3414108157157898
"The value ""%s"" is not part of the enum ""%s"""	%s नियमित फाइल नहीं है	"येन-येन ""%s"" का प्रतिनिधित्व नहीं है ""%s"" में"	0.7239411473274231	0.4182063639163971	0.23094236850738525
As we are experiencing some really nice above seasonal weather.	.. हम मौसमी मौसम के ऊपर वास्तव में अच्छा कुछ सामना कर रहे हैं के रूप में	जैसा कि हम कुछ बारिश वाली मौसमी में हो रही अच्छी स्थिति में हैं।	0.7310181856155396	0.5265112519264221	0.5842790603637695
We should go get in a batting cage.	हम बल्लेबाजी के पिंजरे में मिल जाना चाहिए.	हमें एक बैटिंग के कक्ष में जाना चाहिए।	0.7783533930778503	0.6741156578063965	0.6014934778213501
This is Vegas.	इस वेगास है.	ये वेजस.	0.8210647106170654	0.668016254901886	0.5919126272201538
You're the one gonna need to take care.	तुम ध्यान रखना.	तुम्हें उसकी देखभाल करनी होगी।	0.740879476070404	0.6910153031349182	0.6894111037254333
If you played a gig for striking double-glazing salesmen,	यदि तुमने कुछ सेल्समैन के लिए गिग परफ़ॉर्म किया है...	अगर तुमने श्रीक्षित डबल-लाइजिंग व्यापारियों के गिटन प्लेगिंग कराया था	0.754945695400238	0.46577292680740356	0.49481627345085144
And to (the tribe of) Thamud (We sent) their brother Salih. He said: O my people! Serve Allah. Ye have no other Allah save Him. A wonder from your Lord hath come unto you. Lo! this is the camel of Allah, a token unto you; so let her feed in Allah's earth, and touch her not with hurt lest painful torment seize you.	"और समूद की ओर उनके भाई सालेह को भेजा। उसने कहा, ""ऐ मेरी क़ौम के लोगो! अल्लाह की बन्दगी करो। उसके अतिरिक्त तुम्हारा कोई पूज्य नहीं। तुम्हारे पास तुम्हारे रब की ओर से एक स्पष्ट प्रमाण आ चुका है। यह अल्लाह की ऊँटनी तुम्हारे लिए एक निशानी है। अतः इसे छोड़ दो कि अल्लाह की धरती में खाए। और तकलीफ़ पहुँचाने के लिए इसे हाथ न लगाना, अन्यथा तुम्हें एक दुखद यातना आ लेगी।-"	और थमुड़ के लोगों के भाई सलih को हमने उनके भाई बना दिया। सलih ने कहा: मेरे पूर्वजों! अल्लाह को पूजा करो। तुम्हारे पास अल्लाह के अलावा कोई नहीं है जो अल्लाह का नहीं है। तुम्हारे पास अल्लाह की धरती पर सलाह का चम्मच है, और उस पर उनकी आँखें न लगा दो।	0.7803971171379089	0.571159303188324	0.4694129228591919
& Image	छवि (I) Image/ Selection Menu caption - make sure that translation has the same accel as the & Image translation	& इमेज	0.6258506178855896	0.3835285007953644	0.5631850957870483
Next/Previous Message	अगला पिछला संदेश	नीचे/पिछला मैसेज	0.7987570762634277	0.5540803074836731	0.6006958484649658
Cannot delete folder: %s: No such folder	फ़ोल्डर विलोपित नहीं कर सकता है: %s:कोई ऐसा फ़ोल्डर नहीं	इस फ़ोल्डर को डिलीट करने की संभावना नहीं है: %s: ऐसी कोई फ़ोल्डर भी नहीं है	0.8471836447715759	0.7282178997993469	0.7305007576942444
He wiped the sweat from his forehead.	उसने अपने माथे से पसीना पोंछा।	उसके चेहरे पर आँखों के नीचे आँसू छिड़क रहे थे।	0.7461368441581726	0.5302050113677979	0.6738811731338501
He has forbidden you carrion, and blood, and the flesh of swine, and anything consecrated to other than God. But if anyone is compelled by necessity, without being deliberate or malicious, then God is Forgiving and Merciful.	उसकी नेअमत का शुक्र अदा किया करो तुम पर उसने मुरदार और खून और सूअर का गोश्त और वह जानवर जिस पर (ज़बाह के वक्त) ख़ुदा के सिवा (किसी) और का नाम लिया जाए हराम किया है फिर जो शख़्श (मारे भूक के) मजबूर हो ख़ुदा से सरतापी (नाफरमानी) करने वाला हो और न (हद ज़रुरत से) बढ़ने वाला हो और (हराम खाए) तो बेशक ख़ुदा बख्शने वाला मेहरबान है	उन्होंने जानवरों को भोजन के रूप में उपयोग करना, रक्त और ऐसी सामग्री को भी प्राप्त करना अनिवार्य बना दिया है जो अन्य को पूजा की गई है । लेकिन यदि किसी को आवश्यकता होने चाहिए, बिना स्दन्न या दुर्भावना के, तो भगवान का दयालु और दयालु बन जाना अनिवार्य है।	0.6426867246627808	0.35093286633491516	0.3996778726577759
Rabak	रबातusa. kgm	राबak	0.7244827151298523	0.7539911866188049	0.6819854378700256
_Work Online	ऑनलाइन कार्य करें (_W)	ऑनलाइन काम करें	0.8681714534759521	0.8514482378959656	0.919220507144928
Is this guy clean?	हैइसआदमीकोस्वच्छ	क्या वो साफ़ है?	0.6424365639686584	0.6522766351699829	0.6449812650680542
The command key I have entered is revoking your authority, this ship is now under my control.	मैंने दर्ज किया कमांड कुंजी , अपने अधिकार पलट है इस जहाज को अपने नियंत्रण में अब है.	मैंने इंटरनेट की कुंजी इस्तेमाल की है, आपकी शक्ति को रोक देना यह जहाज मेरे नियंत्रण में है।	0.7899298071861267	0.5485921502113342	0.6885517835617065
I gotta tell 'em something.	मैं उन्हें कुछ बताना होगा.	मुझे उन्हें बताना होगा कि...	0.8156062364578247	0.796315610408783	0.6564923524856567
Unrecognized desktop file Version '%s'	अपरिचित डेस्कटॉप फ़ाइल संस्करण '%s'	अनजाने से डेस्कटॉप फ़ाइल वेरिएशन '%s'	0.86925208568573	0.682826042175293	0.5712648034095764
- 19 years...	- 19 साल ...	- 19 साल...	0.9999998211860657	0.9789980053901672	0.9089033603668213
I might just stay in Vegas.	मैं सिर्फ वेगास में रह सकता है.	मैं वेजास में रहने की सोच रहा हूँ।	0.8009691834449768	0.7698668837547302	0.722004234790802
They told me not to get involved with the Nazis.	उन्होंने मुझे बताया था कि नाजियों के साथ शामिल मत होना.	उन्होंने मुझे बताया कि नाज़ियों के साथ जुड़ने को मेरे साथ नहीं होना चाहिए।	0.8609002232551575	0.6186274886131287	0.5564213395118713
O you who have believed, do not take your fathers or your brothers as allies if they have preferred disbelief over belief. And whoever does so among you - then it is those who are the wrongdoers.	ऐ ईमानदारों अगर तुम्हारे माँ बाप और तुम्हारे (बहन) भाई ईमान के मुक़ाबले कुफ़्र को तरजीह देते हो तो तुम उनको (अपना) ख़ैर ख्वाह (हमदर्द) न समझो और तुममें जो शख़्स उनसे उलफ़त रखेगा तो यही लोग ज़ालिम है	आप जो विश्वास रखने वाले हैं उनसे अपने पिता, अपने भाई, या अन्य को नहीं मिलाना चाहिए यदि वे धोखे से विश्वास रखने वालों की तुलना में विश्वास रखते हैं। और जो किसी भी में ऐसा करता है - वह उन लोगों में से है जो गलत काम करते हैं।	0.6575355529785156	0.4149029552936554	0.5709463953971863
L know, but you will be 19 this summer and the girls already say you don't like them.	मुझे पता है, लेकिन आप इस गर्मी में 19 हो जाएगा... ... और लड़कियों को पहले से ही आप उन्हें पसंद नहीं है.	मैं जानता हूँ, लेकिन इस सीज़न में तुम 19 होोगी और लड़कियों ने तुमसे पहले से कह दिया है कि तुम उनसे ज़्यादा न पसंद करती हो।	0.7614794969558716	0.5413725972175598	0.5470678806304932
Easily sleeps two dozen adults.	आसानी से दो दर्जन से अधिक वयस्कों सोता है.	एक दो दशक के लोग आसानी से नींद में रहते हैं।	0.7715793251991272	0.4576496183872223	0.6044036149978638
(SCATTERED LAUGHTER)	(बिखरेहंसी)	(चुटकी में हंसी)	0.8390365839004517	0.4945928752422333	0.475466251373291
She likes cracking bones.	उसे हाथ की हड्डियाँ तोड़ने में मज़ा आता है	वो किसी को भी नहीं टकराती जब तक कि उसके किसी भी हड्डी टूट न जाए।	0.726548433303833	0.41390368342399597	0.3764053285121918
I would love a cup of tea.	मैं एक कप चाय लूंगी.	पानी की एक चम्मच के साथ टाई करने के लिए धन्यवाद।	0.7064940333366394	0.3690873682498932	0.41802600026130676
What disturbs me most is not your lack of respect for my judgment.	क्या मुझे सबसे ज्यादा परेशान मेरे फैसले के प्रति सम्मान की अपनी कमी नहीं है.	मुझे सबसे ज्यादा परेशानी होती है कि आप मेरी निर्णय के लिए मेरे सम्मान की कमी को देखते हैं।	0.835932731628418	0.7355474829673767	0.7101798057556152
Fri	शुक्रwind direction - wind speed is too low to measure	फ्राइड	0.6477649807929993	0.37437477707862854	0.5093048810958862
and when you seize [someone for punishment], you seize [him] like tyrants.	और जब किसी पर हाथ डालते हो तो बिलकुल निर्दय अत्याचारी बनकर हाथ डालते हो!	और जब तुम [किसी को दंड लेने के लिए] ले जाते हो, तो तुम्हें उसे तरह की राजकुमार की तरह पकड़ लेते हो।	0.7170111536979675	0.4552663564682007	0.4149723947048187
Take a look at this frame.	इस फ्रेम पर नज़र डालना.	इस फ़्रेम को देखें।	0.781024694442749	0.7924109101295471	0.8939000964164734
I will be in my office, darling.	मैं अपने कार्यालय में होगा, प्रिय.	मैं अपने ऑफिस में रहूँगी।	0.7854794859886169	0.7139836549758911	0.6039707660675049
Tuesday	मंगलवार	मंगलवार	0.9999997019767761	0.9874928593635559	0.9104126691818237
The driver Yakub and constable Arvind, Ravindra and Ram Naresh were injured.	चालक याकूब और सिपाही अरविंद, रविंद्र व रामनरेश घायल हो गए।	ड्राइवर याकूब और कॉन्स्टेबल आरविंद राविंद्र और राम नारेश घायल हुए थे।	0.8149471282958984	0.7969398498535156	0.8798551559448242
Cogl Texture	Cogl संरचना	कॉगल टेक्स्चर	0.7024564743041992	0.5252128839492798	0.6180111765861511
photo;video;webcam;	photo;video;webcam;	फोटो;वीडियो;वेबकैम	0.7408673167228699	0.7960431575775146	0.9231153726577759
And how many have We destroyed from the generations after Noah. And sufficient is your Lord, concerning the sins of His servants, as Acquainted and Seeing.	और नूह के बाद से (उस वक्त तक) हमने कितनी उम्मतों को हलाक कर मारा और (ऐ रसूल) तुम्हारा परवरदिगार अपने बन्दों के गुनाहों को जानने और देखने के लिए काफी है	और नोएब से जिन सारे पीढ़ियों को हमने अपराधों का नुकसान हुआ है? और उसके सेवकों की बुराई के बारे में तुम्हारी राजदान और देख-रेख है।	0.7247976660728455	0.4540799558162689	0.5512092113494873
Contact Details	संपर्क विवरण	संपर्क जानकारी	0.9335756301879883	0.9405251145362854	0.9352309703826904
This option corresponds to the -N diff option.	यह विकल्प - I diff से संबंधित है.	-एन (डिफ) ऑप्शन से समान है।	0.765375018119812	0.5959110260009766	0.6347618699073792
Unknown	अज्ञात	अज्ञा	0.9495270252227783	0.6745769381523132	0.564918041229248
_Restore	फिर जमा करें (_R)	रिवाज़ का अर्थ है पुनः रखा या पुनः करना।	0.6548800468444824	0.44394388794898987	0.20260602235794067
Keep on the sunny side, always on the sunny side	धूपपक्षपर रखें,हमेशाधूपओर	सूर्य की ओर, सूर्य की ओर, हमेशा सूर्य की ओर stay रखें	0.7123358249664307	0.42950841784477234	0.46637028455734253
- Ask him what happened.	- उससे पूछो क्या हुआ.	- किस बारे में पूछें कि क्या हुआ?	0.8407467007637024	0.7637166380882263	0.7157225608825684
But if you use them to melt castles and burn cities, you're not different.	लेकिन आप उन्हें प्रयोग महल पिघल और शहरों में जला है, आप अलग अलग नहीं कर रहे हैं।	लेकिन अगर आप उन्हें किसी का गढ़ बना देते हैं या शहरों को जला देते हैं, तो आप नहीं अलग हैं।	0.8127473592758179	0.5227378010749817	0.579574465751648
Landover Park.	Landover पार्क.	लैंडोवर पार्क.	0.8543072938919067	0.8497380614280701	0.8861619234085083
Really, Anatolij, please tell us.	सच में, अनातोलिज, कृपया हमें बतांए.	अनाटोलिज, प्लीज़ बताएं कि क्या?	0.7883465886116028	0.7826534509658813	0.5645399689674377
File is not a valid .desktop file	फ़ाइल वैध .desktop फ़ाइल नहीं है	.डेस्कटॉप का फ़ाइल वैध नहीं है	0.8064125180244446	0.7635177969932556	0.8812936544418335
We at GV would love to see your posts on that day too, so do feel free to leave a comment and we will definitely check with you on October 12th to cover what you say on that day (and any day) about the environment.	अतः आपसे गुजारिश है कि टिप्पणी में अवश्य बताएँ और फिर हम निश्चित रूप से 12 अक्तूबर को यह देखेंगे कि उस दिन (और अन्य किसी भी दिन,) आपने पर्यावरण पर अपने क्या विचार व्यक्त किए .	गी वी से आपकी पोस्ट देखना भी पसंद होगी, तो फिर आप दिन 12 अक्टूबर को उसी दिन के बारे में लिखने वाले के बारे में टिप्पणी करेंगे और हम आपको दिखाएंगे कि क्या आप पार्क की स्थिति के बारे में 12 अक्टूबर को उसी दिन के बारे में लिखने वाले के साथ मिल-मिल करेंगे।	0.7018284797668457	0.44558534026145935	0.32619160413742065
Then I announced to them and [also] confided to them secretly	और उनकी पोशीदा भी फ़हमाईश की कि मैंने उनसे कहा	तो मैंने उन्हें बता दिया और उन्हें गुप्त रूप से साझा किया	0.6751213073730469	0.5792666077613831	0.7833799123764038
Glory be to your Lord: the Lord of Glory is far above what they attribute to Him.	ये लोग जो बातें (खुदा के बारे में) बनाया करते हैं उनसे तुम्हारा परवरदिगार इज्ज़त का मालिक पाक साफ है	अपने राज्य को शुक्र के नाम से जपें: शुक्र का राज्य बहुत बड़ा है जो उन्होंने अपने राज्य के नाम से जो कि कुछ भी है उसी के बराबर है।	0.6640713214874268	0.4306856691837311	0.4939107596874237
And your movements among those who bow in homage to God.	और सजदा करनेवालों में तुम्हारे चलत-फिरत को भी वह देखता है	और आप जो लोग ईश्वर को प्रणाम्य बनाते हैं उन लोगों में अपनी यात्रा।	0.6915897130966187	0.3835591971874237	0.3397134840488434
Who are you to ask me that?	तुम मुझे उस से पूछने के लिए कौन हैं?	आप मुझसे ऐसी कौन सी जानकारी पूछ रहे हैं?	0.8151881694793701	0.7849212884902954	0.7153955698013306
- ( clicks, tunes )	- (क्लिक करता है, धुनों)	- ( बजाते हैं , गाते हैं )	0.7978504300117493	0.534890353679657	0.4009207785129547
_Refresh Registry	पंजी ताजा करें (_R)	रिफ्रेश रेजिस्ट्री	0.6644729375839233	0.622807502746582	0.7795149683952332
Enables random Tux explosions.	टक्स को बेतरतीब विस्फोटित होने देता है.	स्प्रेंडली ट्यूट बमबार्टन को ट्रैक करते समय रोलरकross करने की अनुमति देता है।	0.7336312532424927	0.39629319310188293	0.4629766345024109
This business is killing him.	यह व्यापार उसे मार रहा है.	इस बिज़नेस का यह हाल बहुत दर्दनाक है।	0.7320585250854492	0.6184117197990417	0.5969351530075073
It does not work with our feelings.	यह भावनाओं से काम नहीं करता.	उसका हमारे भावनाओं के साथ काम नहीं करता।	0.9068397283554077	0.6988189816474915	0.7646615505218506
A clan where a man dies only after killing 100 men.	एक कुल जहाँ पुरुष 100 को मार कर मरता है.	100 पुरुषों को मारने के बाद भी लड़ाई में मर जाते हैं।	0.8023874759674072	0.506533682346344	0.4244386553764343
They'll race behind you. They will stumble. They will fall.	वे, आप के पीछे आराम करेंगे ठोकर होगा, वे गिर जाएगी.	उनको आपके पीछे चलाएँगा. वे झटके में चलेंगे. वे आपको गिरेंगे.	0.7776549458503723	0.47551897168159485	0.4093356728553772
© P@rM! NdeR M@nkÖÖ ™	©पी@RM nder एम@nkÖÖ 	@प@रएम! न्दर म@ंकोऍऋ	0.7298341393470764	0.6699909567832947	0.7562944889068604
Somebody has filed an injunction.	किसी ने एक आदेश दायर किया है.	जिस व्यक्ति ने एक निर्देशिका लगा दी होगी।	0.751142680644989	0.43348565697669983	0.49689704179763794
Not yet, there's still one more.	अभी नहीं, अभी एक और बाकीं है.	अभी एक और है।	0.7765134572982788	0.7885645627975464	0.5968682765960693
Which they will enjoy for ever. Indeed God has greater rewards with Him.	उनमें वे सदैव रहेंगे। निस्संदेह अल्लाह के पास बड़ा बदला है	उन्हें कभी मना नहीं आएगा। वे यह देखेंगे कि जो है। गोद के साथ ज़्यादा पुरस्कार हैं।	0.7309324145317078	0.4380415678024292	0.42825567722320557
Select name of the Evolution backup file	एवोल्यूशन बैकअप फ़ाइल का नाम चुनें	इवोल्यूशन बैकअप फ़ाइल का चयन करें	0.9292848706245422	0.8920530676841736	0.8583118915557861
-Crane, Mantis?	-क्रेन, मैंटिस?	क्रेन, मैंन्टिस?	0.9276555776596069	0.8264318108558655	0.8642148375511169
Yeah, well you smell like aquarium rocks.	हाँ, अच्छी तरह से आप मछलीघर चट्टानों की तरह बू आ रही है.	हाँ, अच्छी तरह से तुम्हारे सिर से आरकैबरी रॉक्स लग रहे हैं हैं।	0.7779106497764587	0.41455766558647156	0.55253666639328
I dived into the river.	मैंने नदी में छलाँग लगाकर डुबकी ली।	रीऐर में डूब गई।	0.7605170011520386	0.39842894673347473	0.272286981344223
%s min	%s min	से मिनट	0.7280939817428589	0.5741256475448608	0.4765768051147461
An link to the project web page if provided.	लिंक को पृष्ठ यदि.	यदि प्रोजेक्ट वेब पेज का लिंक दिया गया हो।	0.7794939279556274	0.6142006516456604	0.7342619895935059
Tomorrow %l:%M:%S %p	कल %l:%M:%S %p	अगले दिन 12 बजे 30 मिनट पर	0.5396973490715027	0.3652121126651764	0.22438396513462067
Transfer the current call	वर्तमान कॉल हस्तांतरित करें	सबसे नया सॉलूशन कॉल करें	0.7812163829803467	0.401277631521225	0.35332223773002625
Work Week View: %s. %s	कार्य साप्ताहिक दृश्य: %s. %s	काम दिन: %s. %s	0.8681437373161316	0.8927372097969055	0.8410362005233765
Only common people believe these tales, as they believe most anything.	केवल आम लोगों को वे सबसे अधिक कुछ भी विश्वास के रूप में , इन कहानियों का मानना ​​है.	इन कहानियों को सुनने वाले आम लोगों को लगता है कि, जो लोग चाहे तो सब कुछ सुनना चाहते हैं।	0.7415517568588257	0.5054900646209717	0.5776311159133911
Using this, people can get cold water in the summer.	इससे लोगों को गर्मी के दिनों में ठंडा पानी मिल सकेगा।	इसे इस्तेमाल करके गर्मियों में पानी को ठंडा करने के लिए इस्तेमाल किया जा सकता है।	0.778439462184906	0.700767457485199	0.7913743257522583
We're pulling clear of them.	उनमें से cIear खींच रहे हैं.	उन्हें धीरे-धीरे निकाल रहे हैं।	0.7124776840209961	0.546801745891571	0.5486090183258057
chart	चार्ट	चार्ट	1.0000004768371582	0.982192873954773	0.8859236836433411
Contact connected	संपर्क कनेक्टेड	संपर्क स्थित	0.8224982619285583	0.6455170512199402	0.5046451091766357
A_vailable Fields:	उपलब्ध क्षेत्र (_v):	आवालू Fields:	0.6961208581924438	0.5576252341270447	0.24983440339565277
Like those who lately preceded them, they have tasted the evil result of their conduct; and (in the Hereafter there is) for them a grievous Penalty;-	उनका हाल उन लोगों का सा है जो उनसे कुछ ही पेशतर अपने कामों की सज़ा का मज़ा चख चुके हैं और उनके लिए दर्दनाक अज़ाब है	उसी वर्तमान के लोगों के समान, वे अपने कार्यों से प्राप्त हुई निर्दोषता की तरह की बुराई का सामना किया है; और (अनुसार अनुभव होता है कि भविष्य में उनके लिए) उनके लिए एक गंभीर दंड है	0.7371370196342468	0.5174837112426758	0.5782139301300049
Folder _Size	फ़ोल्डर आकार (_S)	पैकेज साइज़	0.6923127770423889	0.5900395512580872	0.8462927341461182
That was the same show, just without Anton!	कि सिर्फ एंटोन बिना ही दिखा रहा था!	क्या था वह शो, बस एंटोन को बाहर लाने के बाद!	0.7511842846870422	0.5956526398658752	0.5178148150444031
Cameron is Niles' son.	कैमरून नाइल्स 'बेटा है.	कैमरन निल्स का बेटा है।	0.9035915732383728	0.8494827151298523	0.7499973177909851
"(Jesus had said): ""Indeed Allah is my Lord and your Lord, so serve Him alone. This is the Straight Way."""	"""और निस्संदेह अल्लाह मेरा रब भी है और तुम्हारा रब भी। अतः तुम उसी की बन्दगी करो यही सीधा मार्ग है।"""	(ये कहा है जीसस्): “असली अल्लाह तुम्हारा राजा और तुम्हारा राजा है, तो अपने पर अल्लाह पर से तुम्हारा राजा बनो।” यह एक सटीक रास्ता है।”	0.7570798397064209	0.5644328594207764	0.3488098978996277
They know the outward of this world's life, but of the hereafter they are absolutely heedless.	वे सांसारिक जीवन के केवल वाह्य रूप को जानते है। किन्तु आख़िरत की ओर से वे बिलकुल असावधान है	उनको यह ज्ञात है दुनिया का इस्तेमाली दुनिया, लेकिन उन्हें यह जानते हैं कि भविष्य में क्या है उन्हें यह ज्ञात है कि वे अडर से बाहर हैं।	0.6918057203292847	0.4324878752231598	0.35751932859420776
And it is He Who has created man from water, and has appointed for him kindred by blood, and kindred by marriage. And your Lord is Ever All-Powerful to do what He will.	और वही तो वह (ख़ुदा) है जिसने पानी (मनी) से आदमी को पैदा किया फिर उसको ख़ानदान और सुसराल वाला बनाया और (ऐ रसूल) तुम्हारा परवरदिगार हर चीज़ पर क़ादिर है	और वे लोग आपको पानी से बने हैं, वे लोग आपको अपने रक्षात्मक भाई-बहनों से बने हैं, और वे लोग आपको अपने प्रेम में बने हैं। आपका राजा सभी काम करने के लिए तैयार है जो उसना चाहता हो।	0.642928957939148	0.34482571482658386	0.34764331579208374
You saw it:	आपने देखा:	तुमने देखा था:	0.8545308709144592	0.9141733050346375	0.8811085224151611
Just tell me if he had a knife.	बस मुझे बताओ कि क्या उसके पास चाकू था.	क्या उसने किला हुआ है?	0.7515129446983337	0.44574907422065735	0.33478569984436035
Importing Outlook Express data	आउटलुक एक्सप्रेस आंकड़ा आयात कर रहा है	ऑक्टूबर के लिए संग्रहीत किए गए ईमेल के डेटा इंफॉर्मेटिंग करना	0.6630754470825195	0.4485929608345032	0.3420966565608978
There is no blame against him who avenges himself after he has been wronged.	और जो कोई अपने ऊपर ज़ु्ल्म होने के पश्चात बदला ले ले, तो ऐसे लोगों पर कोई इलज़ाम नहीं	इससे ज़्यादा किसी को दोषी नहीं माना जाना चाहिए, जो गलत हुआ हो।	0.6833535432815552	0.5451716780662537	0.5696234703063965
Before them is Hell; naught will avail them of that which they earned, nor those whom they took for patrons beside Allah. Theirs shall be a torment mighty.	उनके आगे जहन्नम है, जो उन्होंने कमाया वह उनके कुछ काम न आएगा और न यही कि उन्होंने अल्लाह को छोड़कर अपने संरक्षक ठहरा रखे है। उनके लिए तो बड़ी यातना है	इनमें से पीछे हell है जो उन्हें प्राप्त करने वाले कुछ भी नहीं है जो वे प्राप्त कर चुके हैं या उन्हें Allah के दर्जे वाले लोगों के लिए प्रोत्साहित करते थे। उनके लिए इसकी भयंकर परेशानी होगी।	0.7216136455535889	0.5002641081809998	0.3413199186325073
No home...	कोई घर नहीं...	नहीं का घर...	0.8997421264648438	0.8552761673927307	0.41400134563446045
"The register function hasn't been found automatically in the following pretty printer files: %s You need to fill yourself the register function columns before enabling the rows. Most of the time the register function name contains the word ""register""."	फंक्शन पाया इंच अनुसरण कर रहा है फ़ाइल नहीं से. को भरें फंक्शन स्तम्भ पहले सक्रिय कर रहा है पंक्तियाँ का समय फंक्शन नाम रखता है शब्द.	"अगले सुंदर प्रिंटर फ़ाइलों में रजिस्टर की प्राप्ति के लिए खोज नहीं हुई है: %s आप खुद को रजिस्टर की कॉलम भरनी चाहेंगे। ज़्यादातर मामलों में रजिस्टर की कॉलम में शब्द ""रजिस्टर"" शामिल होता है।"	0.6784256100654602	0.44688543677330017	0.3864487409591675
We'll pack the abdomen with tissues and examine him thoroughly.	हम ऊतकों से पेट पैक करते हैं और उसे अच्छी तरह से जांच करते हैं.	हम उसके आंत को कपड़े से भर देंगे और उसकी जाँच करने के लिए बहुत समय लगाएगी।	0.7515512108802795	0.5948445200920105	0.759520411491394
Thumbnail	लघु छवि	छोटा चित्र	0.8008348345756531	0.7529770731925964	0.9098712205886841
"There was evidence (of the truth) for the people of Sheba in their homeland. (We gave them) two gardens, one on the left and one on the right and (told them), ""Consume the sustenance which your Lord has given to you and give Him thanks. You have a blessed land and an All-forgiving Lord""."	और (क़ौम) सबा के लिए तो यक़ीनन ख़ुद उन्हीं के घरों में (कुदरते खुदा की) एक बड़ी निशानी थी कि उनके शहर के दोनों तरफ दाहिने बाएं (हरे-भरे) बाग़ात थे (और उनको हुक्म था) कि अपने परवरदिगार की दी हुई रोज़ी Âाओ (पियो) और उसका शुक्र अदा करो (दुनिया में) ऐसा पाकीज़ा शहर और (आख़ेरत में) परवरदिगार सा बख्शने वाला	शेवा के लोगों के लोगों के देश में सच्चाई के लिए प्रमाण था। उन्हें दो खेत, एक पर और एक पर, हम उन्हें बताए और उन्हें कहा, “आपके पिता को प्यार करने के लिए अपने आप पर भोजन निकालें और पिता के प्यार से धन धन्यवाद दें। आपका देश सुखद और सभी शुभकारी है।”	0.6554585695266724	0.3454124629497528	0.35853224992752075
It was surprisingly a televised event as the news of the arrest was leaked and the media people were trailing the security forces convoy rolling to her house.	आश्चर्यजनक रूप से यह टीवी प्रधान घटना रही चूंकि गिरफ़्तारी का समाचार पहले ही लीक हो गया था और मीडिया के लोग समाचार को कवर करने के लिए खालिदा जिया के घर की ओर जा रही सुरक्षा दस्ते के पीछे हो लिये थे.	इस बारे में भी आश्चर्यजनक है कि इस मामले में गिरफ्तारी की खबर से जुड़ी खबर टेलीविजन पर हुआ था और मीडिया लोगों ने सुरक्षा कर्मियों की वाहन रोड पर तेजी से आगे बढ़ने की सूचना दी.	0.7672395706176758	0.5740644335746765	0.608338475227356
The drones will handle this.	ड्रोन इस संभाल लेंगे.	ड्रोन चलाएँगे।	0.8232940435409546	0.6519259810447693	0.4403878450393677
Messages	पसंदीदा फ़ोल्डर में डाक देखें	संदेश	0.6834171414375305	0.3266281187534332	0.22431987524032593
Do you have a reservation with us this evening?	आप इस शाम को हमारे साथ एक आरक्षण है?	क्या तुमने आज शाम को हमारे कक्ष में बुक कर ली है?	0.7762933969497681	0.4882707893848419	0.7703934907913208
Separator	अलगानेवाला	सेप्टरेटर	0.7563143968582153	0.37825632095336914	0.5745779275894165
Take a chance! All life is a chance.	जोखिम उठाइये! पूरी जिंदगी एक जोखिम है।	जिस चीज़ को आप जीतने का चाहिए उसी को जीत लेना होगा। जैसा कि हम जानते हैं वह हमारी जिंदगी की एक चुनौती है।	0.7038242816925049	0.5114701986312866	0.35561320185661316
- They blame me behind my back!	- वे मेरी पीठ पीछे मुझे दोष!	- लोग मुझे पीछे की सीटों से निशाना लगाते हैं!	0.7968188524246216	0.6548715233802795	0.5636476874351501
The Führer would never approve. We swore to obey his will.	हम कभी आत्मसमर्पण नहीं कर सकते हैं.	फ़्रैंर को कभी भी ठीक से अनुमान नहीं लगा जाता है. हम उसका सामना करते हैं | हम उसकी इच्छा का पालन करने का वादा करते हैं.	0.6987490057945251	0.3972668945789337	0.3889666199684143
Found the appointment in the calendar '%s'	'%s' पंचांग में मुलाकात मिली.	कैलेंडर में '%s' की अपॉर्टनमेंट लगाई गई	0.7167484760284424	0.5730899572372437	0.31887030601501465
Copying messages to '%s'	'%s' में संदेश नक़ल कर रहा है	'%'से कॉपी करने के बारे में क्या होता है?	0.7483183145523071	0.4496522843837738	0.6412328481674194
Don't know where	पता नहीं कहाँ	नहीं जानता	0.8068415522575378	0.6807942986488342	0.8742254972457886
Scientific	वैज्ञानिक	वैज्ञानिक	0.9999998807907104	0.9830702543258667	0.8656525611877441
Currently, passengers are required to turn off their smartphones, tablets and other devices once a plane's door closes.	फ़िलहाल, यात्रियों को विमान का द्वार बंद होने पर अपने स्मार्टफोन, टेब्लेट, तथा अन्य डिवाइस को बंद करने की आवश्यकता होती है।	आजकल यात्रियों को जब प्लेन के अंदर बंद होने के बाद अपने स्मार्टफ़ोन, टेबलेट और अन्य डिवाइस को बंद कर देना पड़ता है।	0.877865195274353	0.7599782943725586	0.8087128400802612
And linked to that monster.	और वह राक्षस से जुड़ा हुआ।	और उस दुश्मन के साथ जुड़ा हुआ है।	0.8262143731117249	0.7487398982048035	0.7885844707489014
Or who is this that shall provide for you if He withholds His provision? No, but they persist in disdain and aversion.	मगर ये कुफ्फ़ार तो सरकशी और नफ़रत (के भँवर) में फँसे हुए हैं भला जो शख़्श औंधे मुँह के बाल चले वह ज्यादा हिदायत याफ्ता होगा	या ये है कि वे आपके लिए पैसे देने की पेशकश करेंगे अगर वे अपने पैसे से बचत हैं। नहीं, लेकिन वे निराशा और दूरी से दिखावते रहते हैं।	0.656502902507782	0.4353674352169037	0.4374791085720062
Everything is so chaotic, and now I'm in trouble.	सब कुछ इतनी अराजक, है और अब मैं मुसीबत में हूँ.	हर चीज़ इतनी भड़कती है और मुझे अब मुश्किल है।	0.7778502702713013	0.6717541813850403	0.699569821357727
Tanzania: Tanzanian search engine · Global Voices	तंज़ानिया: तंज़ानियाई खोज इंजन	तनाज़ानिया: तंजानिया की सेक्र्च साइटेंप्रेस इंफॉर्मेशन · ग्लोब वाइज़	0.7520341873168945	0.5491722226142883	0.2596122920513153
Well, where I get hazy is where the cleaning woman shows up the following morning and finds your wife in bed with her lover, riddled with?	ठीक गड़बड़ी वहां है जहाँ अगली सुबह सफाई वाली महिला आती है ...	अरे, वहाँ मुझे ज़्यादा ज़्यादा ज़्यादा नहीं पता है कि वहाँ किसी को किस तरह से पीटा जा सकता हूँ, लेकिन अगली सुबह की छुट्टी के दिन उसी समय की सास-नाहिनी अपनी रानी के साथ सेक्स से रूप से रगड़ती हूँ, जो कि तुम्हारे साथ भी रगड़ती है?	0.6805312633514404	0.34310218691825867	0.16884689033031464
"""Then, eat of all fruits, and follow the ways of your Lord made easy (for you)."" There comes forth from their bellies, a drink of varying colour wherein is healing for men. Verily, in this is indeed a sign for people who think."	"फिर हर प्रकार के फल-फूलों से ख़ुराक ले और अपने रब के समतम मार्गों पर चलती रह।"" उसके पेट से विभिन्न रंग का एक पेय निकलता है, जिसमें लोगों के लिए आरोग्य है। निश्चय ही सोच-विचार करनेवाले लोगों के लिए इसमें एक बड़ी निशानी है"	तो, पूरे फलों को खाओ और अपने राजा के तरीके को अपना करें। अपने तालुकेदारों की बेली से निकलने वाला एक पेय है जिसमें लोगों के लिए स्वास्थ्य की चीजें होती हैं। सच में, इसे उन लोगों के लिए एक संकेत भी है जो सोच-विचार करते हैं।	0.756148636341095	0.5431514382362366	0.5657756328582764
God: there is no god but He, the Lord of the Mighty Throne.'	"अल्लाह कि उसके सिवा कोई इष्ट -पूज्य नहीं, वह महान सिंहासन का रब है।"""	देवता: कोई देवता नहीं है लेकिन वह, शक्तिशाली सितारे वाला राज्य.'	0.7381353974342346	0.39273855090141296	0.4110615849494934
This has come upon you because when God alone was invoked you disbelieved; but when partners were associated with Him, you believed. But judgement belongs to God, the all-high and supreme.	वह (बुरा परिणाम) तो इसलिए सामने आएगा कि जब अकेला अल्लाह को पुकारा जाता है तो तुम इनकार करते हो। किन्तु यदि उसके साथ साझी ठहराया जाए तो तुम मान लेते हो। तो अब फ़ैसला तो अल्लाह ही के हाथ में है, जो सर्वोच्च बड़ा महान है। -	जब आप किसी और से अल्लाह से अनुरोध किया था तो आप उसे विश्वासघात करने वाले थे लेकिन जब दूसरों के साथ अल्लाह से विश्वासघात किया गया था तो आपके लिए निर्णय अल्लाह के है जो सबसे ऊँचे और सबसे सम्मानित है।	0.710793673992157	0.539810836315155	0.6150944828987122
Toggles whether the RSVP field is displayed	टॉगल करें कि क्या RSVP श्रेत्र दिखाया गया है	आरएसपी फील्ड को दिखाने का स्विच डिस्लाइबिलिटी है	0.7117308378219604	0.39293912053108215	0.3004038333892822
- General Nearchus to you, boy.	- आप को जनरल Nearchus, लड़का.	- आपसे सामान्य नर्चस को बोलते हुए, बच्चा।	0.7253985404968262	0.37660709023475647	0.43642815947532654
Please feed the dog every day.	कुत्ते को रोज़ खिलाईएगा।	कलकत्ता में आपको किसी भी समय डॉग को खाने के लिए ज़रूरी है।	0.6936357021331787	0.36014923453330994	0.4322080612182617
I have no such blood on my hands.	मैं अपने हाथों पर ऐसी कोई खून है.	मेरे पास इस तरह का हिंसा नहीं है।	0.7791069746017456	0.4862035810947418	0.5718215703964233
_Previous	पिछला (_P)	पिछला	0.8516423106193542	0.7852715849876404	0.9323166608810425
Each of you will clear out his nuclear closet immediately.	आप में से हर तुरंत उसके परमाणु कोठरी से बाहर साफ हो जाएगा.	आप सभी को तुरंत अपने परमाणु क्लोस्टर को निकालना है।	0.7958866357803345	0.6067362427711487	0.7047978639602661
a revelation from Him Who created the earth and the high heavens.	भली-भाँति अवतरित हुआ है उस सत्ता की ओर से, जिसने पैदा किया है धरती और उच्च आकाशों को	पृथ्वी और उच्च आकाश की बनी हुई बात हिम की गवाही है।	0.7031763195991516	0.459697425365448	0.5975977182388306
_Port:	पोर्ट (_P):	पोर्ट:	0.789386510848999	0.8131054043769836	0.6415224671363831
(LOUD BOOM)	(ज़ोर बूम)	(लoud बूम)	0.893691897392273	0.6151329874992371	0.4930170178413391
_Time divisions:	काल विभाजन (_T):	समय विभाग:	0.740471363067627	0.6492658257484436	0.7446078062057495
This is the seventh incident in the past few days.	हाल के दिनों में हुई यह सातवीं घटना है।	पिछले कुछ दिनों में सातवीं बार है।	0.798041045665741	0.6936467289924622	0.8408739566802979
They're well-trained and they're well-organized.	वे अच्छी तरह से प्रशिक्षित हैं और वे अच्छी तरह से आयोजित कर रहे हैं.	वे बहुत प्रशिक्षित हैं और वे बहुत अच्छी तरह से संगठन हैं।	0.8815803527832031	0.7894895672798157	0.7998338341712952
O you who have faith! Should any of you desert his religion, Allah will soon bring a people whom He loves and who love Him, [who will be] humble towards the faithful, stern towards the faithless, waging jihad in the way of Allah, not fearing the blame of any blamer. That is Allah’s grace, which He grants to whomever He wishes, and Allah is all-bounteous, all-knowing.	ऐ ईमानदारों तुममें से जो कोई अपने दीन से फिर जाएगा तो (कुछ परवाह नहीं फिर जाए) अनक़रीब ही ख़ुदा ऐसे लोगों को ज़ाहिर कर देगा जिन्हें ख़ुदा दोस्त रखता होगा और वह उसको दोस्त रखते होंगे ईमानदारों के साथ नर्म और मुन्किर (और) काफ़िरों के साथ सख्त ख़ुदा की राह में जेहाद करेंगे और किसी मलामत करने वाले की मलामत की कुछ परवाह न करेंगे ये ख़ुदा का फ़ज़ल (व करम) है वह जिसे चाहता हे देता है और ख़ुदा तो बड़ी गुन्जाइश वाला वाक़िफ़कार है	आप जो मानते हैं! ऐसे लोगों को भी छोड़ने की जरूरत नहीं होगी जो आपकी धार्मिक भावना छोड़ देते हैं, Allah की यह भावना आपको पसंद होगी, आपको यह भावना आपको पसंद होगी, आपको इस धर्म के लोगों के साथ कड़ी जागरूकता रखनी चाहिए, कड़ी जबरदस्ती आपको इस धर्म के लोगों की ओर बढ़ने की ताकत बनाएगी, उन्हें किसी का भलाई होने का डर नहीं रहेगा, किसी का भलाई होने का डर भी आपको देगा, आप सभी मानते हैं और मानते हैं, Allah सभी को ज्ञान देता है, सभी को अच्छाई देता है,	0.6580650210380554	0.4081268608570099	0.3122994899749756
We can't afford it. It's up to you	ये हमारी पहुँच के बाहर है अब सब कुछ तुमाहरे ऊपर है	इसका पैसा नहीं रख सकते हैं. तुम्हें इसके लिए तैयार होना होगा	0.6732814311981201	0.399554580450058	0.4394485354423523
I am quite exciting to show you something	मैं काफी आप कुछ दिखाने के लिए रोमांचक हूँ	मैं आपको कुछ ऐसा दिखाने में उत्साहित हूँ	0.8338304758071899	0.8442093729972839	0.8365027904510498
I THINK YOU SHOULD TAKE MORE RESPONSIBILITY.	मैं आप अधिक जिम्मेदारी लेनी चाहिए.	मुझे लग रहा है कि तुम अधिक जिम्मेदारी लेने के लिए तैयार हो!	0.7930383086204529	0.7078651785850525	0.7334282994270325
No contacts	कोई संपर्क नहीं	नहीं के	0.7404882907867432	0.4680384695529938	0.08101551234722137
Gnome Calendar's calendar import done	ग्नोम पंचांग से पंचांग को आयात किया गया	ग्रोमन कैलेंडर का कैलेंडर इंपोर्ट कर दिया	0.7359015941619873	0.4925241768360138	0.44332534074783325
[children chattering]	[बच्चे गपशप करते हैं]	[लोग चाटते हुए]	0.7862431406974792	0.4322441518306732	0.5477895736694336
Let's take him to the hospital.	इन्हें अस्पताल ले चलो.	चलो उसे अस्पताल ले जाएँगे।	0.8388312458992004	0.8782042860984802	0.8617193698883057
Verily they found their fathers gone astray.	उन लोगों ने अपन बाप दादा को गुमराह पाया था	सच में उन्होंने अपने पिताजी को भागने के लिए देखा।	0.7177655100822449	0.43649527430534363	0.5451430082321167
When you return, they will swear to you by God so that you may leave them alone, so leave them alone. They are unclean, and Hell will be their home as a reward for their actions --	जब तुम पलटकर उनके पास जाओगे तो वे तुम्हारे सामने अल्लाह की क़समें खाएँगे, ताकि तुम उन्हें उनकी हालत पर छोड़ दो। तो तुम उन्हें छोड़ ही दो। निश्चय ही वे गन्दगी है और उनका ठिकाना जहन्नम है। जो कुछ वे कमाते रहे है, यह उसी का बदला है	जब तुम वापस आएगो तो वे तुम्हें गोद के स्वोर के रूप में कहेंगे कि तुम उन्हें अल्पसंख्या में छोड़ो , तुम उन्हें अल्पसंख्या में छोड़ो. वे अशुद्ध हैं, और हिला हुई दुनिया में वे उनकी घर होंगी , जो उनकी कार्यों के लिए हिला हुई दुनिया का पुरस्कार होगा	0.7593439221382141	0.37296757102012634	0.28816819190979004
Lao-Tsé.	लाओ त्से.	लाओ-ट्सé.	0.8877145051956177	0.7308971285820007	0.8169752359390259
Tell them we need more time!	हम समय से बाहर हैं.	बकवाइयों को बताएं कि हमें समय की ज़रूरत है!	0.733652651309967	0.5627750754356384	0.5956975221633911
Moses said: Speak ye (so) of the Truth when it hath come unto you? Is this magic? Now magicians thrive not.	"मूसा ने कहा, ""क्या तुम सत्य के विषय में ऐसा कहते हो, जबकि यह तुम्हारे सामने आ गया है? क्या यह कोई जादू है? जादूगर तो सफल नहीं हुआ करते।"""	मोसेस ने कहा: आपने ज्ञान की बात सुनी है जब तुम्हें आई है? यह क्या मagic है? अब मगिकों का कोई राज्य नहीं है।	0.7633712291717529	0.45730525255203247	0.33157211542129517
How can a queen who can't defend herself rule this kingdom, King?	एक रानी जो अपनी रक्षा नहीं कर सकती वो कैसे इस साम्राज्य पर शासन करेगी महाराजा?	रानी जो अपनी रक्षा नहीं कर सकती कैसे राज्य को सुरक्षित कर सकती है?	0.851241409778595	0.8325077295303345	0.8591203093528748
And Noah cried unto his Lord and said: My Lord! Lo! my son is of my household! Surely Thy promise is the truth and Thou are the Most Just of Judges.	"नूह ने अपने रब को पुकारा और कहा, ""मेरे रब! मेरा बेटा मेरे घरवालों में से है और निस्संदेह तेरा वादा सच्चा है और तू सबसे बड़ा हाकिम भी है।"""	और नोएह क्रियामलि ने अपने लोभी को संवादित और कहा: मेर लोभी! नोएह! नोएह! मेरा यह वचन सही है और तुम्हारी यह वचन सही है कि तुम सबसे न्यायी हो।	0.7440417408943176	0.4958573877811432	0.45521998405456543
Its my name.	इसका मेरे नाम.	मेरा नाम है।	0.8606782555580139	0.8252184987068176	0.771888792514801
Created they the heavens and the earth! Aye! they will not be convinced.	या उन्होंने आकाशों और धरती को पैदा किया?	उन्होंने आकाश और पृथ्वी बनाई है! हाँ! उन्हें समझाने की कोशिश नहीं होगी।	0.7373105883598328	0.623294472694397	0.5764938592910767
That's all from me.	मेरी तरफ से यही.	मैं कहाँ जा रही हूँ।	0.7176129817962646	0.515139102935791	0.38920116424560547
God is the guardian of even those who have chosen others (idols) besides Him as their guardians (Muhammad), you will not have to answer for them.	और जिन लोगों ने उससे हटकर अपने कुछ दूसरे संरक्षक बना रखे हैं, अल्लाह उनपर निगरानी रखे हुए है। तुम उनके कोई ज़िम्मेदार नहीं हो	हे पूजा करने वाले लोगों के अलावा भी है जो कि आप अपने लिए भगवान के बजाय उनके पीठ पर रखेंगे (देवी-देवताएं) हैं (मुहम्मद), ऐसे लोगों के लिए आपको उनके लिए प्रतिकूल कार्य नहीं करने होंगे।	0.6916643977165222	0.4398892819881439	0.4273567199707031
[ CAR HORNS HONK ]	[कार सींग हार्न]	[ कार हॉर्न होंक ]	0.9017079472541809	0.5175033211708069	0.6272659301757812
The application no longer exists	अनुप्रयोग अब मौजूद नहीं है	ऑप्शनली अब ही है	0.7459936141967773	0.4370470345020294	0.2710030674934387
Fuck this tiger. Oh, my God.	मैंने कहा था कि.	इस टाइगर से फ़ुक्टा करना।हूँ, मैंGod से हूँ।	0.6415650248527527	0.2846250832080841	0.23106585443019867
- Yes.	- हाँ.	जी हाँ।	0.8145981431007385	0.8962923884391785	0.9312915802001953
All I ever wanted was to protect you!	सभी मैं कभी भी चाहते थे आप की रक्षा के लिए था!	मेरा एकमात्र इरादा तुम्हारी सुरक्षा करना था!	0.7425136566162109	0.7562771439552307	0.8575037717819214
And We taught him the fashioning of coats of armor to protect you from your [enemy in] battle. So will you then be grateful?	और हमने उसे तुम्हारे लिए एक परिधान (बनाने) की शिल्प-कला भी सिखाई थी, ताकि युद्ध में वह तुम्हारी रक्षा करे। फिर क्या तुम आभार मानते हो?	और हमने उसे तोपों से आपको लड़ाई में सुरक्षित करने के लिए कोट्स बनाने का तरीका सिखाया ताकि आप अपने लिए भी खुश हों?	0.7463736534118652	0.5091190934181213	0.6388093829154968
Could not scan folder '%s': %s	'%s' फ़ोल्डर स्कैन नहीं कर सकता है: %s	इस फ़ोल्डर स्कैन करने के लिए कोई स्कैनर नहीं है: '%s'	0.8733041286468506	0.7225910425186157	0.7392552495002747
Location at (date)	स्थान (तिथि) पर	स्थान (देटा)	0.7305699586868286	0.713409960269928	0.7905150651931763
/ No, I'm not good with that.	/ नहीं, मैं अच्छा है कि के साथ नहीं हूँ.	नहीं, मैं उसे करने में अच्छा नहीं हूँ।	0.8565647602081299	0.5904631614685059	0.8005763292312622
If we do the job , we are on the dry in two or three years.	हम काम करते हैं , हम दो या तीन वर्षों में, सूखे में हैं.	यदि हम करते हैं तो हमें कुछ सालों में सूखे में पड़ते हैं।	0.7789515256881714	0.5263186097145081	0.27875715494155884
Then We set you upon a pathway of faith, so follow it, and do not follow the inclinations of those who do not know.	फिर हमने तुम्हें इस मामलें में एक खुले मार्ग (शरीअत) पर कर दिया। अतः तुम उसी पर चलो और उन लोगों की इच्छाओं का अनुपालन न करना जो जानते नहीं	तदनुसार हमने तुम्हें ईमानदारी से पाठ्यज्ञान दिया है, तो उसे पालना शुरू करो, और उन लोगों से पीछे होने का प्रयास न करो जो ज्ञान के बिना नहीं जानते हैं।	0.7302284240722656	0.7007179856300354	0.7467454075813293
/clear: clear all messages from the current conversation	/clear: मौजूदा वार्तालाप से सभी संदेशों को रिक्त करें	/दलचसपा: वर्तमान चर्चा के सभी संदेशों को हटा दें	0.7719045281410217	0.5367032885551453	0.7225222587585449
_Discard Changes	परिवर्तन को छोड़ें (_D)	चाहे किसी भी बदलाव को हटा दें	0.7205145955085754	0.480460524559021	0.5390735268592834
_Type an email address or drag a contact into the list below:	ईमेल पता टाइप करें या निम्न सूची में संपर्क लाएँ (_T):	ईमेल पता या नीचे दिए गए सूची में एक संपर्क करें:	0.8246594071388245	0.6984482407569885	0.7360305786132812
Ellipsize	एल्लिप्साइज	इलिप्सीज़ करना	0.8178907632827759	0.5766868591308594	0.8323975801467896
And when our verses are recited to him, he turns away arrogantly as if he had not heard them, as if there was in his ears deafness. So give him tidings of a painful punishment.	जब उसे हमारी आयतें सुनाई जाती हैं तो वह स्वयं को बड़ा समझता हुआ पीठ फेरकर चल देता है, मानो उसने उन्हें सुना ही नहीं, मानो उसके काम बहरे है। अच्छा तो उसे एक दुखद यातना की शुभ सूचना दे दो	और जब हम उनका चितारा करते हैं, तो उन्होंने असम्मानजनक रूप से देखा है और यह देख सकते हैं कि उनकी आंखों में बिना सुने की तरह त्रासद है । तो उन्हें दर्द की खबर दें ।	0.7091147303581238	0.4101678431034088	0.3987632989883423
A value to be used to override sans-serif desktop font when use-gnome-fonts is set.	सॉ सेरिफ़ डेस्कटॉप फ़ॉन्ट ओवरराइड जब सूक्ति फोंट का उपयोग करने के लिए इस्तेमाल किया जा मान सेट कर दिया जाता है.	सेन्सर-रीज़र फ़ॉन्ट जब उपयोग-ज़मीनी-रीज़र फ़ॉन्ट को लगाया जाता है तो उसे परिवर्तित करने के लिए इस्तेमाल किया जाने वाला मूल्य होगा।	0.7447959780693054	0.5263202786445618	0.553797721862793
At the moment things are very calm, very relaxed.	इस समय सब कुछ बहुत शांत है, शिथिल हैं.	आज की स्थिति बहुत शांत, बहुत आरामदायक है।	0.7948801517486572	0.8128400444984436	0.9025574922561646
[ DOOR OPENS, CLOSES ]	[दरवाजा खोलता है, बंद]	डोर ओपन करता है करता है और बंद करता है करता है (या नहीं)	0.7279935479164124	0.42574676871299744	0.29225391149520874
realm	रियल्म	क्षेत्र	0.6904329657554626	0.5850933194160461	0.7923175096511841
"And [mention, O Muhammad], when Allah took a covenant from those who were given the Scripture, [saying], ""You must make it clear to the people and not conceal it."" But they threw it away behind their backs and exchanged it for a small price. And wretched is that which they purchased."	"याद करो जब अल्लाह ने उन लोगों से, जिन्हें किताब प्रदान की गई थी, वचन लिया था कि ""उसे लोगों के सामने भली-भाँति स्पट् करोगे, उसे छिपाओगे नहीं।"" किन्तु उन्होंने उसे पीठ पीछे डाल दिया और तुच्छ मूल्य पर उसका सौदा किया। कितना बुरा सौदा है जो ये कर रहे है"	"और [मुस्तफा का नाम लिखें], जब अल्लाह ने उन लोगों से साहित्य का संकेत लिया था, ""आपको लोगों को स्पष्ट रूप से उनसे संपर्क करना चाहिए न ही छुपाएं।""लेकिन वे इसे पीछे हटने के लिए छोड़ दिया और एक छोटी कीमत पर इसे बदल दिया। वही लोगों के लिए हुआ जो खरीदने के लिए तैयार हैं।"	0.7564953565597534	0.5237984657287598	0.576850414276123
Heh.	हेह...	हे।	0.8257778286933899	0.797629177570343	0.5955064296722412
DOKE:	DOKE:	डॉक:	0.8063404560089111	0.7468315958976746	0.7493917942047119
- It's pretty awesome. - We'll take it.	नहीं, यह बहुत शांत है.	- ये कुछ हैरान करने वाला है. - हमें लेने की इच्छा है।	0.7285974025726318	0.536176860332489	0.4846488833427429
Name	नाम	नाम	0.9999998807907104	0.9830414652824402	0.8558700084686279
MINUS ONE XBOX, £150, EQUALS?	शून्य से एक Xbox, £ 150 के बराबर होती है?	मिनस्टोन एक XBOX, 150, किसी से ?	0.7280110716819763	0.4071105122566223	0.2643859088420868
Ellen's wallet.	एलेन का बटुआ. .	एलेन का पैसा	0.8362409472465515	0.6518380045890808	0.7559694051742554
Cumulative	क्युमुलेटिव	सामान्य	0.7212401628494263	0.4444655478000641	0.43716663122177124
An image of a petrol bomb exploding - which is ludicrous, because we use biodiesel, not petrol!	एक पेट्रोल बम विस्फोट की तस्वीर छपी है जो कि एक बिल्कुल बेतुकी बात है, क्योंकि हम तो बायोडीज़ल प्रयोग करते हैं!	पेट्रोल बम की तस्वीऱ - जो अजीब है, क्योंकि हम बायोडीज़ई का उपयोग करते हैं, न कि पेट्रोल!	0.8238326907157898	0.7626743316650391	0.7803108096122742
man #2:	पुरुष #2:	मैन #2:	0.8350690007209778	0.8834577202796936	0.913166880607605
"So We have taught thee the inspired (Message), ""Follow the ways of Abraham the True in Faith, and he joined not gods with Allah."""	"फिर अब हमने तुम्हारी ओर प्रकाशना की, ""इबराहीम के तरीक़े पर चलो, जो बिलकुल एक ओर का हो गया था और बहुदेववादियों में से न था।"""	"इसलिए हमने तुम्हें ईसाई धर्म के रूप में अपना Message सिखाया है,""अबूबराबु के अनुसार ईमान रखना है, और वे ईसा ईमानी से gods को अल्लाह से अलग नहीं कर दिया."""	0.723599374294281	0.5648536086082458	0.4195510745048523
"The people of Noah denied before them, and they denied Our servant and said, ""A madman,"" and he was repelled."	"उनसे पहले नूह की क़ौम ने भी झुठलाया। उन्होंने हमारे बन्दे को झूठा ठहराया और कहा, ""यह तो दीवाना है!"" और वह बुरी तरह झिड़का गया"	नोए हुए के लोग पहले उन्हें माफ नहीं करे, और उन्होंने हमारे सेवक को माफ नहीं करा और कहा, “नस्लवी” और वह उनसे दूर हो गया था।	0.7314364314079285	0.5080284476280212	0.5368331670761108
Aunty..you joined hands with the enemy and betrayed me.	Aunty.. you दुश्मन के साथ हाथ मिलाया और मुझे धोखा दिया।	अन्नी..आपनी दुश्मन से हाथ जोड़ कर मेरा विश्वास छोड़ दिया।	0.8004817366600037	0.6428132057189941	0.6305031776428223
"When they reached David, he took fright, but they said, ""Do not be afraid. We are two disputants, one of whom has wronged the other: judge between us fairly, do not be unjust, and guide us to the right path."	"जब वे दाऊद के पास पहुँचे तो वह उनसे सहम गया। वे बोले, ""डरिए नहीं, हम दो विवादी हैं। हममें से एक ने दूसरे पर ज़्यादती की है; तो आप हमारे बीच ठीक-ठीक फ़ैसला कर दीजिए। और बात को दूर न डालिए और हमें ठीक मार्ग बता दीजिए"	जब वे डेविड पर पहुँचे, तो डेविड पर डर गया, लेकिन वे कहते हैं, “कृपया चिंता न करें. हम दो विवादियाँ हैं: एका व्यक्ति डूसरा व्यक्ति ने दूसरे का नुकसान किया है: निचोड़ें हमारे बीच सौहार्दपूर्वक सुनिश्चित करें, न जाने दें कि असभ्य न हो, और हमें सही सार्थम्यी मार्ग पर जाने दो।	0.7118069529533386	0.4635750949382782	0.39366430044174194
Now stop and listen.	अब बंद करो और सुनने।	अब सो करें और सुनें |	0.8371721506118774	0.575730562210083	0.7069994211196899
Save the current file	वर्तमान फ़ाइल सहेजें	वर्तमान फ़ाइल को सेव कर	0.8181514143943787	0.8455525040626526	0.927147388458252
The believers must not establish friendship with the unbelievers in preference to the faithful. Whoever does so has nothing to hope for from God unless he does it out of fear or taqiyah (pious dissimulation). God warns you about Himself. To God do all things return.	ईमानवालों को चाहिए कि वे ईमानवालों से हटकर इनकारवालों को अपना मित्र (राज़दार) न बनाएँ, और जो ऐसा करेगा, उसका अल्लाह से कोई सम्बन्ध नहीं, क्योंकि उससे सम्बद्ध यही बात है कि तुम उनसे बचो, जिस प्रकार वे तुमसे बचते है। और अल्लाह तुम्हें अपने आपसे डराता है, और अल्लाह ही की ओर लौटना है	लोगों को विश्वासी से अपने प्रति दोस्ती नहीं बनानी चाहिए। जो कोई ऐसा करता है तो वह निराधारी से अपने प्रति दोस्ती बना लेता है और निराधारी से निश्चित नहीं होता कि बाद में ईसा प्रेम में डूब जाएगा (पवित्र अभिव्यक्ति से बचना। ईसा प्रेम ईसा प्रेस को चेतावनी देता है। ईसा प्रेस को सभी चीज़ें पाते हैं।	0.6846124529838562	0.39495712518692017	0.48904675245285034
Assistant Engineer, Jagat Ram Chaudhary, has been sent from Guglada (Kangra) to the Kangra sub-division.	असिस्टेंट इंजीनियर जगत राम चौधरी को गुगलाड़ा (कांगड़ा) से कांगड़ा सब डिवीजन भेजा है।	जागत राम चौहान, एसिस्टेंट इंजीनियर के रूप में गुगलादा (कांग्रा ) से कांग्रा उप-विभाग में जाने वाले हैं।	0.8287425637245178	0.7538291215896606	0.7489683628082275
Let me look at ya.	मुझे फिर देखो.	मैं तुम्हें देख लूँगा।	0.8056612610816956	0.6752634644508362	0.7624727487564087
What reason do I have to lie?	वन और नहीं कच्चे लोहे का ढलाई खाना एक साथ रह सकते हैं?	मुझे झूठा करने का क्या कारण होगा?	0.7118093371391296	0.4099005460739136	0.5271641612052917
except those to whom Allah shows mercy. He is the Most Mighty, the Most Compassionate.	मगर जिन पर ख़ुदा रहम फरमाए बेशक वह (ख़ुदा) सब पर ग़ालिब बड़ा रहम करने वाला है	अनुसार मेरी मूल में जानकारी देने वाले किसी भी व्यक्ति के लिए हैं। वह सबसे शक्तिशाली है, सबसे दयालु है।	0.6346960663795471	0.3542836308479309	0.18546314537525177
Lewis able to pick up.	लुईसलेनेमेंसक्षम.	लेविस जो मिल सका।	0.7342661023139954	0.4138294756412506	0.23487545549869537
And (it is) for the poor fugitives who have been driven out from their homes and their belongings, who seek bounty from Allah and help Allah and His messenger. They are the loyal.	(इस माल में) उन मुफलिस मुहाजिरों का हिस्सा भी है जो अपने घरों से और मालों से निकाले (और अलग किए) गए (और) ख़ुदा के फ़ज़ल व ख़ुशनूदी के तलबगार हैं और ख़ुदा की और उसके रसूल की मदद करते हैं यही लोग सच्चे ईमानदार हैं और (उनका भी हिस्सा है)	और (यह) उन लोगों के लिए है जो अपने घरों से भाग कर के अपनी संपत्तियों को भी भाग गई है, जो अल्लाह से बountी माँग रहे हैं और अल्लाह के इस मessenger से मार्ग में मदद चाहते हैं। वे वफादार हैं।	0.7454438209533691	0.549771785736084	0.3512082099914551
Delete _expunged from local Inbox	स्थानीय इनबॉक्स से मिटाकर हटाएँ (_e)	स्थानीय ई-मेल में _अपरिवर्तित कर दें_	0.7249501943588257	0.573998212814331	0.6987299919128418
Automated test to store bluetooth device information in checkbox report	स्वचालित परीक्षण चेकबॉक्स रिपोर्ट में ब्लूटूथ डिवाइस की जानकारी डालनें के लिये	ब्लूट्यूस्ट डिवाइस के सूचना को चेकबॉक स्टोर करने वाले टेस्ट को संस्करण द	0.7844088673591614	0.5378013253211975	0.16688692569732666
Ten clams, it's yours.	दस क्लेम, यह तुम्हारा है.	डब्ल्यू.10 क्लैम्स तुम्हारे लिए हैं।	0.8012882471084595	0.5440934300422668	0.59071946144104
Ninety five!	पिंचानवें!	नौ पाँच!	0.7854005098342896	0.5031338334083557	0.4486934244632721
Yeah.	हाँ.	जी हाँ।	0.8535236120223999	0.8957571387290955	0.9202189445495605
Attachment Reminder	संलग्नक स्मारक	अडह्यता की याद दिलाने के लिए संकेत	0.7064896821975708	0.4165283739566803	0.41260701417922974
We were far from each other.	हम एक दूसरे से दूर थे.	हम एक-दूसरे से बहुत दूर थे।	0.956072986125946	0.9106539487838745	0.9015035629272461
And maybe we'll get coffee in bed on Sunday mornings even.	और शायद हमें कॉफी मिलेगी बिस्तर में रविवार की सुबह.	और शुक्रवार की सुबह बेड पर कॉफ़ी लेना हो सकता है या नहीं?	0.7951705455780029	0.6156516671180725	0.5647161602973938
[TV] He's been identified as Alan Seagrave, a prominent Chicago C.P.A.	[वी] उन्होंने एलन Seagrave, एक प्रमुख शिकागो सीपीए के रूप में पहचान की गई है	टी.वी. के उन्होंने अलान सेग्राव, एक प्रमुख चिकाजो सी.पी.ए. बताया है.	0.735592246055603	0.6018053889274597	0.5667526721954346
So this is it, I'm literally down on my knees.	तो अभी मैं अपने घुटनों पर हूं.	इसलिए ये है यह मेरे लिए सिर्फ़ एक तो है। मैं वाकई अपने पैरों से कूद रहा हूँ।	0.7765935659408569	0.46480152010917664	0.25262555480003357
Most of them are dead already.	उनमें से अधिकांश पहले से ही मर चुके हैं।	जिनमें से अधिकांश मर चुके हैं।	0.9237455725669861	0.9357370734214783	0.9037165641784668
Create a search folder for this sender	इस प्रेषक के लिए खोज फ़ोल्डर बनाएँ	इस प्रेषक का खोज फ़ोर्डर बनाएँ	0.9362758994102478	0.7798909544944763	0.8260012865066528
File transfer not supported by remote contact	फाइल हस्तांतरण दूरस्थ संपर्क द्वारा समर्थित नहीं	रिमोट कॉनेक्ट से फ़ाइल ट्रांसफ़र नहीं किया जा सकता है	0.7316506505012512	0.6700872778892517	0.7705060243606567
Shutter sound	शटर आवाज	शटर साउन	0.7911961674690247	0.5305483937263489	0.49503907561302185
Error renaming tag	टैग का नाम बदलने में त्रुटि	अनाम रखने का प्रयोग संबंधित टैग को किसी अन्य टैग से अनुपमित करने के लिए नहीं किया जा सकता है	0.7020018696784973	0.5151535272598267	0.4180639982223511
Let me what the hell can you do!	चलो देखता हूँ तुम क्या कर सकते हो.	मैं क्या कर सकती है आपने!	0.765507161617279	0.48227548599243164	0.42963045835494995
I'll hold it!	मैं यह आयोजन करेगा!	मैं लेगा!	0.8144726157188416	0.6238602995872498	0.5613231658935547
What is your business then?	आपके व्यापार तो क्या है?	आपका व्यवसाय क्या है?	0.8973575234413147	0.95126873254776	0.934509813785553
Who's Madi?	मादी कौन है?	मैडी कौन है?	0.9176262617111206	0.8962928056716919	0.8039515018463135
He is less impatient than his father.	उसमें उसके पिता जितनी बेसब्री नहीं थी।	उन्हें उनके पिता से कम इंतज़ार करने की वजह है।	0.6999411582946777	0.4569760859012604	0.4990388751029968
In doing that, hopefully, you hoped that... ..governments would seek another path to solving climate change, which wouldn't be a capital-based money system.	ऐसा करने से, आशा है आप आशावान हुए होंगे कि सरकारें जलवायु परिवर्तन को सुलझाने के लिए कोई दूसरा रास्ता ढूंढेगीं, जो कि एक धन-आधारित आर्थिक व्यवस्था नहीं होगी.	इसलिए, आशा है कि... सरकारें ताज़ारी परिवर्तन को हल करने के लिए एक और मार्ग तलाशेंगी, जो कि कैपिटल-बेसित पैसा सिस्टम से मुक्त नहीं रहेगा।	0.7693382501602173	0.6204200387001038	0.6360596418380737
Contact ID already exists	वस्तु ID पहले से मौजूद	संपर्क आई.डी. ने पहले से ही रहा है	0.7182908058166504	0.5530152916908264	0.3696381449699402
Close	#-#-#-#-# balsa.HEAD.hi.po (Balsa 2.x) #-#-#-#-# बन्द करें #-#-#-#-# gedit.gnome-2-2.hi.po (gedit VERSION) #-#-#-#-# बंद करें	कहता है	0.5513355731964111	0.1953611969947815	0.016230612993240356
Dennis Jones reflects on the nation's progress.	डेनिस जोन्स इस देश की प्रगति का जायजा ले रहे हैं।	देश की प्रगति पर डेनिस जोन्स का विचार है।	0.8566140532493591	0.7743127942085266	0.6921074390411377
All further errors shown only on terminal.	आगे की सभी त्रुटियां सिर्फ टर्मिनल पर दिखाएँ.	अगले सभी गलतियाँ टर्मिनल पर ही दिखाई देंगी।	0.8194759488105774	0.7393251061439514	0.7402065396308899
"Have you not seen those who were told to hold back their hands (from fighting) and perform As-Salat (Iqamat-as-Salat), and give Zakat, but when the fighting was ordained for them, behold! a section of them fear men as they fear Allah or even more. They say: ""Our Lord! Why have you ordained for us fighting? Would that you had granted us respite for a short period?"" Say: ""Short is the enjoyment of this world. The Hereafter is (far) better for him who fears Allah, and you shall not be dealt with unjustly even equal to the Fatila (a scalish thread in the long slit of a date-stone)."	(ऐ रसूल) क्या तुमने उन लोगों (के हाल) पर नज़र नहीं की जिनको (जेहाद की आरज़ू थी) और उनको हुक्म दिया गया था कि (अभी) अपने हाथ रोके रहो और पाबन्दी से नमाज़ पढ़ो और ज़कात दिए जाओ मगर जब जिहाद (उनपर वाजिब किया गया तो) उनमें से कुछ लोग (बोदेपन में) लोगों से इस तरह डरने लगे जैसे कोई ख़ुदा से डरे बल्कि उससे कहीं ज्यादा और (घबराकर) कहने लगे ख़ुदाया तूने हमपर जेहाद क्यों वाजिब कर दिया हमको कुछ दिनों की और मोहलत क्यों न दी (ऐ रसूल) उनसे कह दो कि दुनिया की आसाइश बहुत थोड़ा सा है और जो (ख़ुदा से) डरता है उसकी आख़ेरत उससे कहीं बेहतर है	"क्या तुमने ऐसे लोगों को देखा है जिन्हें लड़ाई के लिए अपने हाथों से हटना और असलात करना और जाज़टान करना बताया था, लेकिन लड़ाई तय की गई थी, तो क्या वे डरते हैं कि वे अल्लाह से डरते हैं या अल्लाह से भी अधिक डरते हैं? वे कहते हैं: ""अल्लाह! तुमने हमें लड़ाई को बताया? क्या तुमने हमें कुछ कुछ की आशा दिलाई? "" कहते हुए कहते हैं: ""यह दुनिया का आनंद कम है । यहीं भविष्य बेहतर है जो अल्लाह का डर है और तुमने हमें न्याय से बराबर किसी को नहीं रखा है (किसी चट्टान के में एक लंबी खट्टी म"	0.6738381385803223	0.45424970984458923	0.38292932510375977
Sorry, I can't pick you up.	सॉरी, मैं तुम्हें कॉलेज लेने नहीं आ पाया.	मुझे नहीं ले सकता हूँ।	0.7478324770927429	0.3878786563873291	0.20599667727947235
What today?	आज क्या चाहीये?	आज क्या है?	0.8881576061248779	0.8420047163963318	0.9068635702133179
X-Mailer:	एक्स- मेलर:	ई-मेल क्रैपर है:	0.7856336832046509	0.45112910866737366	0.27488386631011963
"When We said to you: ""Verily your Lord circumscribes mankind,"" and showed you the vision and the accursed tree of the Qur'an, it was as a bone of contention for men. Thus do We (instil) fear in them; but they only transgress the more."	और (ऐ रसूल) वह वक्त याद करो जब तुमसे हमने कह दिया था कि तुम्हारे परवरदिगार ने लोगों को (हर तरफ से) रोक रखा है कि (तुम्हारा कुछ बिगाड़ नहीं सकते और हमने जो ख्वाब तुमाको दिखलाया था तो बस उसे लोगों (के ईमान) की आज़माइश का ज़रिया ठहराया था और (इसी तरह) वह दरख्त जिस पर क़ुरान में लानत की गई है और हम बावजूद कि उन लोगों को (तरह तरह) से डराते हैं मगर हमारा डराना उनकी सख्त सरकशी को बढ़ाता ही गया	जब हमने तुम्हें कहा: “सच में तुम्हारा राजा सभी मनुष्यों को घेरता है”, और तुम्हें यह देखा कि कुरान का एक ऐसा पत्थर है जो सभी को भयभीत करता है, यह तो एक पुरानी बात है। ऐसा हम उन्हें डराने की हमारी तरीका है; लेकिन वे अधिक भेदजाति करते हैं।	0.6965470910072327	0.4713670015335083	0.5680935382843018
Those who ward off (evil) are not accountable for them in aught, but the Reminder (must be given them) that haply they (too) may ward off (evil).	उनके हिसाब के प्रति तो उन लोगो पर कुछ भी ज़िम्मेदारी नहीं, जो डर रखते है। यदि है तो बस याद दिलाने की; ताकि वे डरें	जो कुछ भी बुरा होता है, उन्हें स्वीकार करने के लिए उन पर ज़िम्मेदार नहीं होते हैं, लेकिन उन्हें याद दिलाना चाहिए कि शायद वे भी सुरक्षित होने के लिए (कुछ भी बुरा भी हो सकता है) कुछ भी कर सकते हैं।	0.7229648232460022	0.5582032799720764	0.547397255897522
But we could hold our own in a fight.	लेकिन हम एक लड़ाई में हमारी अपनी पकड़ सकता है.	लेकिन हम लड़ाई में भी अपना हिस्सा रख सकते थे।	0.836003839969635	0.6186360716819763	0.7626824378967285
"And they say: ""Our hearts are enfolded in covers."" In fact God has cursed them for their unbelief; and only a little do they believe."	"वे कहते हैं, ""हमारे दिलों पर तो प्राकृतिक आवरण चढ़े है"" नहीं, बल्कि उनके इनकार के कारण अल्लाह ने उनपर लानत की है; अतः वे ईमान थोड़े ही लाएँगे"	और लोग कहते हैं: “हमारे दिलों में छिपे हुए हैं लोग”. वास्तव में ईसा कहते हैं कि उनके असलियत के लिए इनका दंड लगा दिया गया है। और उन्हें असलियत से कुछ नहीं लगता है।	0.7354611158370972	0.5384636521339417	0.587258517742157
Add Breakpoint…	ब्रेकपाइंट जोड़ें...	ब्रेकब्पॉइंट...	0.8651331663131714	0.6661821007728577	0.27025777101516724
Royal priest had predicted this calamity only.	राजगुरू इस त्रासदी की गणना कर चुके है.	राजा के पुजाने वाले ने इस दुखद काल की संभावना का अनुमान लगाया है.	0.7422345876693726	0.6278242468833923	0.6991680860519409
I have managed to preserve Royce to end so that he knew would be coming.	मैं आ रहा होगा की रक्षा करने में कामयाब रहे कि Royce समाप्त करने के लिए इतना पता था वह.	मैंने रॉयसी को ऐसा होने से रोकने के लिए बचा लिया है कि वह जान पाएगा कि वे आने वाले हैं।	0.7252089977264404	0.5120928883552551	0.6254158020019531
The memo could not be deleted due to a dbus error: %s	dbus त्रुटि के कारण मेमो विलोपित नहीं किया जा सका: %s	मेमो को डब्ल्यू.डब्ल्यू.ई. के कारण डिलक्ट किया जा सकता है: %s	0.767650842666626	0.5000165104866028	0.5148677825927734
which is why we're seeing a recurrence of your symptoms.	हम आपके लक्षणों की एक पुनरावृत्ति क्यों देख रहे हैं जो है.	इसलिए हम आपकी सामान्य लक्षणों की वापसी को देखते हुए संकेतों को पढ़ रहे हैं।	0.8144081234931946	0.5686647891998291	0.7589017152786255
And then, among the fishes, a whale!	और फिर, मछलियों के बीच, एक व्हेल!	और फ़िश के में से एक व्हाल!	0.7804619669914246	0.4605298936367035	0.4173775911331177
Installed on:	इस पर संस्थापित:	स्थापित किया गया है:	0.7539466023445129	0.6394433379173279	0.7190454006195068
And he drew forth his hand, and lo, it was white to the beholders.	और (जेब से) अपना हाथ बाहर निकाला तो यकायक देखने वालों के वास्ते बहुत सफेद चमकदार था	और उसने अपनी हाथ को निकाला, और देखा, तो उसकी आँखें दूसरों के लिए रंगी थीं।	0.7433308959007263	0.5011127591133118	0.39006152749061584
They assign daughters to Allah - glory be to Him - whereas they assign to themselves what they truly desire!	और वे अल्लाह के लिए बेटियाँ ठहराते है - महान और उच्च है वह - और अपने लिए वह, जो वे चाहें	वे अपनी तोियत से चाहते हैं कि वे - अल्लाह को शुक्र है! - यहाँ के यहाँ अपनी इच्छाओं में रखें लेकिन वे यहाँ ही अपनी तोियत से रखें - राज्य करते हैं!	0.7234054803848267	0.4026066064834595	0.2018590122461319
What would be the quickest way to find a-- some kind of solution?	एक खोजने के लिए तेज तरीका होगा क्या - समाधान की किसी तरह का?	किसी ऐसे समाधान की खोज करने के लिए सबसे तेज़ तरीका क्या होगी?	0.8509225845336914	0.8050006031990051	0.8153132796287537
This was not a choice between You and Jacob.	इस याकूब और आप के बीच एक विकल्प नहीं था.	यह तो आपके और जैकब के बीच की तुलना नहीं थी।	0.7813772559165955	0.6807389855384827	0.7498490810394287
This version of mkisofs is not supported	mkisofs का संस्करण समर्थित नहीं है	mkisofs का इस्तेमाल करने के लिए समर्थ नहीं है	0.9080349206924438	0.6378086805343628	0.7033024430274963
"""Shipr."""	"""शिप्रा"""	शिपर्।	0.8072583675384521	0.745011031627655	0.7393969297409058
Hypnotherapy is a means of altering unwanted or dysfunctional behavior.	सम्मोहन फेरबदल करने का एक साधन है अवांछित या बेकार व्यवहार.	यूपी थेरेपी एक ऐसा तरीका है जिससे अस्वीकार्य या अस्वस्थ व्यवहार को परिवर्तित किया जा सकता है।	0.7497862577438354	0.5916661024093628	0.7108575105667114
Address Book	पता पुस्तिका	अड्रेसबुक	0.6898149847984314	0.5619532465934753	0.8161972761154175
String	स्ट्रिंग	स्ट्रिंग	0.9999998807907104	0.964097797870636	0.8301359415054321
_End time:	अंत्य समय (_E):	"_अंत समय:_

अधिकार:"	0.7164605259895325	0.6749321818351746	0.7808387279510498
No space	कोई ऐसा स्थान नहीं	नहीं क्षेत्र	0.7806329131126404	0.5599381923675537	0.279850572347641
You see, that's fine.	देखा, ठीक है.	जैसा ही है।	0.7854518890380859	0.6219293475151062	0.3920210003852844
Last thing we were thinking about was radiation shielding.	हम के बारे में सोच रहे थे अंतिम बात विकिरण परिरक्षण था.	रेडियोधर्मी संरक्षण के बारे में हमारी पहली सोची थी ऐसी बात।	0.7882480025291443	0.584151029586792	0.5796099901199341
These things have been extinct for over 150 million years.	हन्ना: वे कहाँ जा रहे हैं? ट्रेवर:	150 करोड़ साल पहले इनमें से कुछ चीज़ें भी खत्म हो चुकी हैं।	0.6428683996200562	0.4103710353374481	0.5146479606628418
Eret, son of Eret!	एरेट, एरेट का पुत्र!	येर्ट, सिन्हा ऑफेर्ट!	0.7494461536407471	0.4853675961494446	0.39483344554901123
What have you got there?	आप वहां क्या मिला है?	वहाँ क्या है?	0.8585658669471741	0.8642374873161316	0.6732848882675171
I'm sorry, Erik, but I've seen what Shaw did to you.	मैं माफी चाहता हूँ, एरिक. लेकिन मैंने देखा है शॉ तुम्हारे साथ क्या किया.	मुझे माफी चाहती हूँ एरिक, लेकिन मैंने देखा है कि शेव की तरह आपने मेरे साथ किया है।	0.8564609885215759	0.5343188643455505	0.5761513113975525
If you're staying here, stop begging, otherwise, go away.	अगर तुम्हें यहाँ रहना हैं, भीख माँगना बंद करो; अन्यथा, जाओ यहां से.	यदि तुम यहाँ रह रहे हो, तो रुको बेगाना नहीं बनो और भी चलो जाना।	0.7704325914382935	0.4685857594013214	0.37711429595947266
Use revision:	रिवीजन का उपयोग करें:	रिव्यूज़न:	0.7662616968154907	0.7387784123420715	0.6927077770233154
In the stinking rice paddies, it will decompose faster.	बदबूदार धान में यह तेजी से सड़ जाएगा.	सूजन बाड़े में ज़्यादा तेज़ हो जाएगी।	0.7872390747070312	0.543984591960907	0.5144574642181396
But those who fear Allah and keep their duty to their Lord (Allah), for them are built lofty rooms; one above another under which rivers flow (i.e. Paradise). (This is) the Promise of Allah: and Allah does not fail in (His) Promise.	जो आग में (पड़ा) हो मगर जो लोग अपने परवरदिगार से डरते रहे उनके ऊँचे-ऊँचे महल हैं (और) बाला ख़ानों पर बालाख़ाने बने हुए हैं जिनके नीचे नहरें जारी हैं ये खुदा का वायदा है (और) वायदा ख़िलाफी नहीं किया करता	लेकिन उन लोगों को जो अल्लाह से डरते हैं और उनका अपने राज्य का पालन करते हैं (अल्लाह का राज्य), उन्हें एक से बढ़े हुए प्रतिदिनों में ज़्यादा कमरे बना लेते हैं; जिनमें नदियाँ भी गिरती हैं (ये) अल्लाह की प्रतिज्ञा है और अल्लाह की प्रतिज्ञा में कोई कमी नहीं है।	0.7236742973327637	0.6131621599197388	0.6895319223403931
Verily, to thy Lord is the return (of all).	बेशक तुम्हारे परवरदिगार की तरफ (सबको) पलटना है	सच में, तुम्हारे पास (सभी के लिए) वापसी है।	0.7546324133872986	0.5109201073646545	0.6811078190803528
Faces on that Day will be shamed.	उस दिन बहुत से चेहरे ज़लील रूसवा होंगे	उस दिन के चेहरे से दुख होने वाला होगा।	0.7543945908546448	0.5349000096321106	0.5040375590324402
http://www.google.com/search?q=%sie=UTF-8oe=UTF-8	http://www.google.co.in/search?q=%sie=UTF-8oe=UTF-8	गूगल पर क्या स्ट्रीट साइज़ 8 ओएम से क्या है?	0.5707384347915649	0.29190024733543396	0.1451086550951004
You must never confuse your feelings with your duties, Alexander.	आप अपनी भावनाओं को भ्रमित नहीं करना चाहिए... ... अपने कर्तव्यों के साथ, सिकंदर.	एलेक्जेंडर, तुम्हें अपनी भावनाओं को अपनी ज़िम्मेदारियों से भटकाने से बचना चाहिए।	0.7379181981086731	0.7471213936805725	0.8740634918212891
With festivals can food be far behind? .:Myfriend:. from Malaysia shares information about Ketupat, an integral part of Eid ul-Fitr in Malaysia.	:माइफ्रेंड:. केतुपत, के बारे में बता रहे हैं जो कि मलेशिया में ईद-उल-फित्र त्यौहार का प्रमुख हिस्सा है.	फ़ेस्टिवल के बाद खाना भी पीछा हो जाता है ? :मेरे दोस्त मालेशिया से खुद के अनुभव के माध्यम से बताता है कि ईद उल फ़र्ट में मालेशिया के केटुपाट के बारे में है |	0.7123685479164124	0.559474527835846	0.4365379214286804
SOMEBODY WHO MIGHT HAVE YOUR NUMBER?	आपका नंबर हो सकता है डब्ल्यूएचओ किसी को?	कोई भी कौन ये नंबर आपके?	0.7574999928474426	0.5083379149436951	0.24559633433818817
I find this whole concept of interviewing very flawed.	मुझे इंटरव्यू लेने के इस पूरे विचार में कमी लगती है।	मुझे पूछने के लिए बैठने की प्रक्रिया बहुत गलत है।	0.7880280017852783	0.5019767880439758	0.40188610553741455
Honky-tonk up the 56 outside of Mount Hope.	होंकी-टोंक माउंट होप के बाहर 56 ऊपर.	माउंट होप के बाहर होन्क-टक का इंजन चलाएँ।	0.800274670124054	0.6246193647384644	0.57025545835495
All this stuff is really...	यह सब चीज़े...	असल में...	0.8153122663497925	0.6478250622749329	0.5714137554168701
She is busy preparing for the trip.	वह सफ़र की तैयारी में लगी हुई है।	उसका ट्रिप ले जाने के लिए तैयारी चल रही है।	0.7929288744926453	0.6384614109992981	0.4877219498157501
(COUGHS) home	(खांसी) घर	(कॉ.एच.ओ.) घर	0.7633326649665833	0.5139481425285339	0.8407988548278809
Brazil	ब्राझील	ब्राज़ील	0.9465028643608093	0.9396132826805115	0.9373398423194885
[ ENGINE GRINDING, SQUEALING ]	[इंजन पीस, चिल्ला]	[ इंजीनियरिंग ग्रिंडिंग, स्वेलिंग ]	0.7620720267295837	0.4611256420612335	0.35691896080970764
You are so smart. Right.	तुम बहुत ही स्मार्ट हो।	तुम तो बहुत बुद्धिमान हो। ठीक है।	0.8449691534042358	0.8789607286453247	0.9070139527320862
This year in April a trial was held in the federal court in Oklahoma.	इस साल अप्रैल में ओकलाहोमा शहर स्थित संघीय अदालत में उस पर मुकदमा चला था।	अप्रैल में ओकलाहा में संघीय अदालत में एक मुकदमा हुआ था।	0.886665403842926	0.8592846989631653	0.8279998302459717
Today	आज	आज	0.9999998807907104	0.9812211394309998	0.8859634399414062
No, Raleigh, listen to me.	नहीं, रैले, मेरी बात सुनो.	नो, रैली सुनो।	0.8311878442764282	0.6259065866470337	0.5131324529647827
No, but his is so..	नहीं, लेकिन उसकी तो है ..	नहीं, लेकिन ऐसा है..	0.9184660315513611	0.7158088684082031	0.7387901544570923
All their time.	उनका पूरा समय।	सभ्रोत।	0.7590419054031372	0.46042299270629883	0.08763992786407471
Tower, we're going offline soon, but drones are already mobile and executing.	टॉवर,हमजल्दहीऑफ़लाइनजारहे , लेकिनराजापहलेसेही मोबाइल और क्रियान्वित कर रहे हैं	टॉवर, हम जल्द ही ऑफलाइन हो जाएंगे, लेकिन ड्रोन पहले से ही मोबाइल हैं और कर रहे हैं।	0.7583609223365784	0.5975586771965027	0.5925807952880859
"Say, ""Call upon Allah or call upon the Most Merciful. Whichever [name] you call - to Him belong the best names."" And do not recite [too] loudly in your prayer or [too] quietly but seek between that an [intermediate] way."	"कह दो, ""तुम अल्लाह को पुकारो या रहमान को पुकारो या जिस नाम से भी पुकारो, उसके लिए सब अच्छे ही नाम है।"" और अपनी नमाज़ न बहुत ऊँची आवाज़ से पढ़ो और न उसे बहुत चुपके से पढ़ो, बल्कि इन दोनों के बीच मध्य मार्ग अपनाओ"	क्या आप अल्लाह पर सोचना या उसका सबसे दयालु है या जिस नाम पर आप सोच रहे हैं - उस पर अपने सर्वश्रेष्ठ नामों का संग्रह है। और अपने दिव्याग में इतना ध्यान दें कि वह आपको जितना भी गहराई से सुनता हो और उतना ही कम भी निष्क्रिय न दो।	0.7097963094711304	0.40769895911216736	0.3786277174949646
You need not do it if you don't want to	आप इसे करते जरूरत नहीं है अगर आप नहीं करना चाहते हैं	अगर आप नहीं करना चाहते हैं तो आपको ऐसा करने की ज़रूरत नहीं है	0.8632113933563232	0.9001191258430481	0.9007548093795776
When Kotranka Tehsildaar reached the P.H.E department, he found it locked.	तहसीलदार कोटरंका स्थित पीएचई विभाग के कार्यालय पहुंचे तो वहां ताला लगा हुआ था।	जब कोटरनका थीसिल्डार राज्य परिषद में पहुँचे, तो उसने पी.ए.ई. द्वारा पाया कि यह बंद है।	0.725954532623291	0.5279403924942017	0.6347718238830566
Filtering options	फिल्टरिंग विकल्प	फिल्टरिंग विकल्प	0.9999999403953552	0.989364504814148	0.8983141183853149
Durkin's Garage.	डर्किन का गराज.	डर्किन की गारेज़.	0.9086770415306091	0.7016288638114929	0.7047543525695801
Yes.	हाँ।	हाँ।	1.000000238418579	0.9754428863525391	0.8433920741081238
Just give us back our dragon, and we'll go...	बस हमें हमारा ड्रैगन वापस कर दो और हम चले जाएँगे...	कुछ ही ज़रिए अपना ड्रैगन वापस दे दो, और हम...	0.7893380522727966	0.5818065404891968	0.45981931686401367
And maybe we'll get coffee in bed Sunday mornings.	और शायद हमें कॉफी मिलेगी बिस्तर में रविवार की सुबह.	और शुक्रवार को सुबह बेड में कॉफ़ी पीना।	0.7994311451911926	0.627271294593811	0.615118682384491
Book URI	पुस्तक URI	बुक यू.आई.आर.	0.6199827194213867	0.4320794641971588	0.7270923256874084
"Could not find relationships file ""%1"""	फ़ाइल से पढ़ नहीं सका.	%1 से संबंध रखने का फ़ाइल नहीं मिला	0.7831317782402039	0.5321088433265686	0.620599091053009
- [Fire Bell]	- [आग बेल]	- फायर बेल्ल	0.7644575238227844	0.5770120024681091	0.7253417372703552
The angels along with the Spirit descend in it by the permission of their Lord with all kinds of decrees.	उसमें फ़रिश्तें और रूह हर महत्वपूर्ण मामलें में अपने रब की अनुमति से उतरते है	उन्हें अपने राजा की अनुमति से यहाँ से आकाश के स्पिरिट के साथ ही सभी तरह के आदेशों के साथ निचले स्थान पर आते हैं।	0.730129599571228	0.4350094497203827	0.5783870816230774
Sending message %d of %d	%d के %d संदेश को भेज रहा है	मैसेज भेजना %d से %d	0.8002647161483765	0.5978314876556396	0.7167957425117493
It's just a dream of a farmer from Kansas.	यह सिर्फ कान्सास से एक किसान की एक सपना है।	कैन्सास के फार्मर की एक ड्रीम है।	0.7683227062225342	0.6136538982391357	0.5822370052337646
Surely those who believe, and those who are Jews, and the Christians, and the Sabians, whoever believes in Allah and the Last day and does good, they shall have their reward from their Lord, and there is no fear for them, nor shall they grieve.	बेशक मुसलमानों और यहूदियों और नसरानियों और ला मज़हबों में से जो कोई खुदा और रोज़े आख़िरत पर ईमान लाए और अच्छे-अच्छे काम करता रहे तो उन्हीं के लिए उनका अज्र व सवाब उनके खुदा के पास है और न (क़यामत में) उन पर किसी का ख़ौफ होगा न वह रंजीदा दिल होंगे	बिल्कुल ऐसे लोग होंगे जो सिद्ध होते हैं, और जो ईसाइयाँ, ईसाई धर्म होते हैं, और साबियाँ, जो ईसा मसीह पर विश्वास करते हैं और इस दिन पर अच्छाई में रहते हैं और अच्छा करते हैं वे सभी लोगों को उनके राज्य में उनके लिए फलदस्ताल से मिलेगा, और उन्हें किसी भी डर नहीं आएगा और उन्हें किसी भी दर्द नहीं होगा।	0.7213534712791443	0.4653167426586151	0.3936769962310791
Page	पृष्ठ	पेज	0.7841480374336243	0.828387439250946	0.8813238143920898
Valid signature, but cannot verify sender	वैध हस्ताक्षर, प्रेषक को नहीं जांच सकता है	वैध हस्ताक्षर, लेकिन संदेश का वैध हस्ताक्षर नहीं कर सकता	0.8265698552131653	0.5661994814872742	0.5214040875434875
* (C) find my home again afterwards.	* (स) उसके बाद मुझे घर वापस आने में कोई परेशानी नहीं हुई.	* (D) मेरी घर से फिर से जाना लूँगा।	0.7512201070785522	0.4517802894115448	0.20509959757328033
"""And ordain for us that which is good, in this life and in the Hereafter: for we have turned unto Thee."" He said: ""With My punishment I visit whom I will; but My mercy extendeth to all things. That (mercy) I shall ordain for those who do right, and practise regular charity, and those who believe in Our signs;-"	"""और हमारे लिए इस संसार में भलाई लिख दे और आख़िरत में भी। हम तेरी ही ओर उन्मुख हुए।"" उसने कहा, ""अपनी यातना में मैं तो उसी को ग्रस्त करता हूँ, जिसे चाहता हूँ, किन्तु मेरी दयालुता से हर चीज़ आच्छादित है। उसे तो मैं उन लोगों के हक़ में लिखूँगा जो डर रखते और ज़कात देते है और जो हमारी आयतों पर ईमान लाते है"	“हमें इस जीवन में और भविष्य में अच्छे लिए होने वाले ऐसा कुछ भी आदान-मदाद करना चाहिए, जो अच्छा हो।” उन्होंने कहा: “मेरी दंड के समय में उन लोगों की देखभाल करूँगी, लेकिन मेरी सहायता सभी चीज़ों के लिए करेगी। जो हमारे संकेतों का सही तरीका बताते हैं, उन लोगों के लिए मेरी मेरज़ को करना चाहूँगा; और जो हमारे संकेतों का सही तरीका बताते हैं, उन लोगों के लिए हमें नियमित रूप से दयालु होना चाहूँगा।”	0.6862152218818665	0.4982071816921234	0.4966042637825012
I'd been in the army less than a year when that unholy Tet arrived.	. कि अपवित्र Tet पहुंचे जब मैं सेना में कम से कम एक वर्ष किया जाएगा.	तेरे बारे में बताना चाहूंगा कि मैं आरम्भ से कम एक साल पहले इस तरह का त्यागने वाला था कि वह तेरे लिए आ रहा था।	0.6912926435470581	0.38252753019332886	0.2391425222158432
'Cause you're gonna make a phone call for us.	आप हमारे लिए एक फोन करने वाले हैं है.	क्योंकि तुम हमारे लिए फ़ोन कॉल कर रहे हो।	0.8219823241233826	0.7350086569786072	0.8832969665527344
He called me boatsman Olsen's second wife.	उसने मुझे केवट ऑलसेन की दूसरी पत्नी कहा.	उन्होंने I को बोट्समैन ओल्स के दूसरे विवाही पति से कॉल किया।	0.7488494515419006	0.48819661140441895	0.45417866110801697
"Hashing ""%s"""	"हैशिंग ""%s"""	"""%s"" को हैश करना"	0.8214940428733826	0.7252171039581299	0.7899577617645264
The color that is used to fill the area behind the image. If the use-background-color key is not set, the color is determined by the active GTK+ theme instead.	रंग कि छवि के पीछे क्षेत्र को भरने के लिए प्रयोग किया जाता है.यदि कुंजी उपयोग पृष्ठभूमि रंग सेट नहीं है, रंग सक्रिय GTK + बजाय विषय द्वारा निर्धारित किया जाता है.	इमेज़ के पीछे फिल करने वाले कोलर का रंग होता है. अगर यूज़-बैकग्राउंड-कोलर की की की की की की की की की की की की की की की की की की की की की की की की की की की की की की की की की की की की की की की की की की की की की की की की की की की की की की की की की की की की की की की की की की की की की की की की की की की की की की की की की की की की की की की की की की की की की की की की की की की की की की की की की की	0.5946089029312134	0.18813958764076233	0.03446143865585327
And We grew a tree of gourd (as a shelter) above him.	हमने उसपर बेलदार वृक्ष उगाया था	और हमने उसमें गुड़ का एक पेड़ा लगाया ताकि वह सुरक्षित हो सके।	0.7679730653762817	0.6675702929496765	0.6977680921554565
This matter is not for you to decide – whether He guides them to repent or punishes them, for they are the unjust.	(ऐ रसूल) तुम्हारा तो इसमें कुछ बस नहीं चाहे ख़ुदा उनकी तौबा कुबूल करे या उनको सज़ा दे क्योंकि वह ज़ालिम तो ज़रूर हैं	यह मामला तुम्हें निर्णय लेने से बचने के लिए नहीं है कि उन्हें शांति दिलाना या उन्हें गलती करना, क्योंकि वे गलती करने वाले हैं।	0.6969994902610779	0.431060791015625	0.4917297959327698
- Yeah.	-हाँ।	- हाँ।	0.9999998211860657	0.9484283328056335	0.9156523942947388
Using LDAP	LDAP का प्रयोग करें	ए.ल.डी.ई.पी. का उपयोग करना	0.6932938694953918	0.5113247036933899	0.8001731634140015
At least %1 points are needed for that spline type	उस स्प्लाइन क़िस्म के लिए कम से कम% 1 बिन्दु आवश्यक हैं	स्प्लाइन टाइप के लिए कम से कम %1 पॉइंट्स होने चाहिए	0.8531355857849121	0.7290939688682556	0.8427186012268066
- No.	- नंबर	- नो	0.8168365359306335	0.7810723185539246	0.880307137966156
Error on rollback transaction	रोलबैक ट्रांजेक्शन में त्रुटि	रोलबैक ट्रांजैक्शन में होने वाला मूल्यांकन में ख़राब हो	0.821478545665741	0.510448157787323	0.4167118966579437
& Tools	औज़ार (T)	& टूल्स	0.7019063830375671	0.4663166403770447	0.2554592192173004
Are we gonna fight, or you plan on boring me to death?	हम लड़ाई, वाला या आप मुझे मृत्यु को बोरिंग पर योजना कर रहे हैं?	फाइट करना या तुम कितने दिनों से मुझे बोर करना चाहते हो?	0.7626489400863647	0.4537709653377533	0.4847996234893799
O ye who believe! Take your precautions, and either go forth in parties or go forth all together.	ऐ ईमानवालों (जिहाद के वक्त) अपनी हिफ़ाज़त के (ज़राए) अच्छी तरह देखभाल लो फिर तुम्हें इख्तेयार है ख्वाह दस्ता दस्ता निकलो या सबके सब इकट्ठे होकर निकल खड़े हो	ये जो भी लिखा है ये सुनो को देना है। सुनो को तो ध्यान रखना होगा और फिर भी वे लोगों के साथ कुछ व्यवहार करना होगा या फिर एक साथ ही निकलना होगा।	0.6378867626190186	0.39847758412361145	0.3922165036201477
How dare you say it's unlikely?	तुम्हारी हिम्मत कैसे हुई असंभव कहने की?	आपका यह कहना कितना अजीब है कि यह संभावना से कम है?	0.705231785774231	0.5964195132255554	0.7673569917678833
“We only feed you for the sake of God. We want from you neither compensation, nor gratitude.	"""हम तो केवल अल्लाह की प्रसन्नता के लिए तुम्हें खिलाते है, तुमसे न कोई बदला चाहते है और न कृतज्ञता ज्ञापन"	“हम आप को भगवान के लिए खाना चाहते हैं। हम आपको किसी भी पुरस्कार या शुक्रगृहण की इच्छा नहीं करते हैं।”	0.716733455657959	0.5625092387199402	0.6855266094207764
Yoare no AL0	कोई AL0 Yoare	यो 18 वर्ष से अधिक उम्र का हो सकता है	0.6350512504577637	0.4636490046977997	0.48329275846481323
No, Alexander.	नहीं, सिकंदर.	नो, एलेक्जेंडर।	0.6956821084022522	0.7105491757392883	0.8785738945007324
- Margarethe Lorenz.	- मार्गरेथ लौरेंज.	- मार्गरेट लोरेंज।	0.9616401791572571	0.8807643055915833	0.9205551743507385
They said, ‘O Moses, we will never enter it so long as they remain in it. Go ahead, you and your Lord, and fight! We will be sitting right here.’	वह कहने लगे एक मूसा (चाहे जो कुछ हो) जब तक वह लोग इसमें हैं हम तो उसमें हरगिज़ (लाख बरस) पॉव न रखेंगे हॉ तुम जाओ और तुम्हारा ख़ुदा जाए ओर दोनों (जाकर) लड़ो हम तो यहीं जमे बैठे हैं	उन्होंने कहा, 'मोज़ेस में, हमेशा इसे नहीं देखेंगे ताकि वहां रहेंगे वे लोग. आगे बढ़िया, तुम और तुम्हारा राजा और हम फ़िल्माएंगे! हम यहाँ सitting करेंगे न कि यहाँ आ रहे वे लोगों को हराने के लिए।'	0.6813369393348694	0.44115206599235535	0.3314765691757202
Scale Center Y	स्केल सेंटर Y	स्केल सेंट्रल य	0.8900275826454163	0.6052287220954895	0.4774681627750397
Select the calendars to search for meeting conflicts	बैठक विरोध के लिए ढ़ूंढ़ने के लिए पंचांग चुनें	सही कैलेंडर खोजें conflict के लिए समूह बनाएँ	0.7185242772102356	0.5394980311393738	0.2667064964771271
He cares more about me than his work.	वे अपने काम से अधिक मेरी परवाह करते हैं.	उन्हें मेरे बारे में अधिक है कि वे काम की से ज़्यादा मुझे ध्यान में रखते हैं।	0.777475893497467	0.5918393731117249	0.5274751782417297
"Surely, disbelievers are those who said: ""Allah is the third of the three (in a Trinity)."" But there is no ilah (god) (none who has the right to be worshipped) but One Ilah (God -Allah). And if they cease not from what they say, verily, a painful torment will befall the disbelievers among them."	जो लोग इसके क़ायल हैं कि ख़ुदा तीन में का (तीसरा) है वह यक़ीनन काफ़िर हो गए (याद रखो कि) ख़ुदाए यकता के सिवा कोई माबूद नहीं और (ख़ुदा के बारे में) ये लोग जो कुछ बका करते हैं अगर उससे बाज़ न आए तो (समझ रखो कि) जो लोग उसमें से (काफ़िर के) काफ़िर रह गए उन पर ज़रूर दर्दनाक अज़ाब नाज़िल होगा	"बिल्कुल, विश्वासघाती लोग हैं जो ने कहा: ""अल्लाह तीनों (तुलसा) का है."" लेकिन तीन तुलसा नहीं है (किसी को भी अल्लाह का पूजन अधिकार नहीं है) एक तुलसा है। और अगर वे कहते नहीं रुकते तो वे उन्हें जो कहते हैं, उनसे भी दुःख का जाल से उन्हें अल्लाह का तुलसा (देव) हो जाएगा।"	0.6875780820846558	0.41476404666900635	0.37627363204956055
So that the People of the Book may know that they have no power over any of the favors of Allah; that the favors are in the Hand of Allah; He gives it towhom He will. The Favor of Allah is the Great.	(ये इसलिए कहा जाता है) ताकि अहले किताब ये न समझें कि ये मोमिनीन ख़ुदा के फज़ल (व क़रम) पर कुछ भी कुदरत नहीं रखते और ये तो यक़ीनी बात है कि फज़ल ख़ुदा ही के कब्ज़े में है वह जिसको चाहे अता फरमाए और ख़ुदा तो बड़े फज़ल (व क़रम) का मालिक है	इस बात को सुनिश्चित करें कि पुस्तकवादी ज्ञानी के लिए पता है कि उनके पास अल्लाह के कोई भी उपहित नहीं है; अल्लाह का उपहित है; उसे जो अल्लाह देता है, उसे जो अल्लाह देता है, वह उसे देता है। अल्लाह का उपहित है ग्रंथ है।	0.6639662384986877	0.4497845470905304	0.3867023289203644
What kind of trouble, Silas?	मुसीबत, सीलास के किस तरह का?	सिलस का क्या मुश्किल है?	0.7671414017677307	0.6096950769424438	0.5253088474273682
Keywords:	बीजशब्द:	शीर्षक:	0.756292998790741	0.758962094783783	0.7945624589920044
It's Mithravinda Devi, who'll be the next queen...	मित्राविन्दा देवी, जो कि अगली महारानी होगी...	अरे, ये मिथ्रविंद्दी देवी, अगली रानी होगी...	0.8410661816596985	0.7525380253791809	0.8016378879547119
Come on, come and have a shower, get the day going.	चलो आओ, अब शॉवर ले लो, और दिन शुरू करो.	रुको, शौचालय जाएँ, दिन चलाने के लिए शुरू हो जाए।	0.7251348495483398	0.4426096975803375	0.22019244730472565
Description	वर्णन	परिभाषा	0.7673262357711792	0.6712164282798767	0.9104841947555542
"""In an ideal world, Franck, he'd kill us all."""	"""एक आदर्श दुनिया में, फ्रैंक, वह हम सभी को मार डालेंगे ."""	अदालत में फ़्रैंक के यहाँ इस तरह की बात कही जाती है कि हमें उनका हत्या करना चाहिए।	0.7126568555831909	0.549085795879364	0.5698732137680054
Jasper has experience with a newborn.	नवजात शिशु के साथ है एक अनुभव.	जस्पर का प्रसव प्राप्त करने वाले बच्चे के साथ अनुभव है।	0.8002480268478394	0.5090998411178589	0.5743412971496582
I had mine in a turnip patch.	लेकिन मेरा एक शलजम के बगीचे में हुआ था.	मेरी के लिए एक टर्निप पैच में थी।	0.7449924945831299	0.44806426763534546	0.3301265835762024
Indeed there was a sign for you in the two hosts (which) met together in encounter; one party fighting in the way of Allah and the other unbelieving, whom they saw twice as many as themselves with the sight of the eye and Allah strengthens with His aid whom He pleases; most surely there is a lesson in this for those who have sight.	बेशक तुम्हारे (समझाने के) वास्ते उन दो (मुख़ालिफ़ गिरोहों में जो (बद्र की लड़ाई में) एक दूसरे के साथ गुथ गए (रसूल की सच्चाई की) बड़ी भारी निशानी है कि एक गिरोह ख़ुदा की राह में जेहाद करता था और दूसरा काफ़िरों का जिनको मुसलमान अपनी ऑख से दुगना देख रहे थे (मगर ख़ुदा ने क़लील ही को फ़तह दी) और ख़ुदा अपनी मदद से जिस की चाहता है ताईद करता है बेशक ऑख वालों के वास्ते इस वाक़ये में बड़ी इबरत है	सच है, आपके लिए दो मित्र एक साथ मिले थे; एक तरफ़ अल्लाह के पथ में लड़ते हुए थे और दूसरी तरफ़ इंसानियत के लोग, जिन्हें दोहरी संख्या में उनकी आँख से देखा था, वही उन्हें मजबूर करते हैं कि वे अल्लाह को प्राथमिकता दें; अल्लाह ने उन्हें जो इच्छा रखता है, उसे संतुष्ट करने के लिए मित्रों में से एक को अधिक बल दिया है; यह सुनिश्चित है कि जो लोग चश्मे की देखभाल करते हैं, वे इस सबमिति में सीखने वाले लोगों के लिए आगे हैं।	0.6737616658210754	0.5049883127212524	0.5824114084243774
Can he ride with me?	क्या यह मेरे साथ आ सकता है?	क्या वो मेरे साथ सवार हो सकता है?	0.9022048711776733	0.7523533701896667	0.6876574754714966
But I'm gonna tell you, that's dumb.	लेकिन मैं कर रहा हूँ तुम्हें कहता हूं, कि मूर्ख है.	लेकिन मैं आपको बताऊँगा, ये बिल्कुल सही नहीं है।	0.7349311709403992	0.5781529545783997	0.6149128675460815
And if anyone of the polytheists asks you for protection, give him protection so that he may hear the Word of God; then escort him to his place of safety. That is because they are a people who do not know.	और (ऐ रसूल) अगर मुशरिकीन में से कोई तुमसे पनाह मागें तो उसको पनाह दो यहाँ तक कि वह ख़ुदा का कलाम सुन ले फिर उसे उसकी अमन की जगह वापस पहुँचा दो ये इस वजह से कि ये लोग नादान हैं	और अगर कोई पॉलिथियत भी आपको सुरक्षा की माँग करता है, तो उसे सुरक्षा दें ताकि वह ईसा यार्ड में सुने हुए गुरु के स्वर को सुन सके; फिर उसे सुरक्षित स्थान तक नियुक्त कर दें क्योंकि वे लोग जानते नहीं हैं।	0.7264845371246338	0.49025583267211914	0.6055042743682861
A drone picked up voiceprints in the Indus Valley.	एक ड्रोन सिंधु घाटी में voiceprints उठाया.	इंडस वैली में वॉयस प्रिंट्स को लेकर ड्रोन चालू हुआ था।	0.7431045174598694	0.6584936380386353	0.6032856106758118
B3/ Modification of B2	B3 / B2 का संशोधनName	बी.2 का परिवर्तन बी.3/किया जाता है	0.6961765885353088	0.6914324164390564	0.5452327132225037
Keywords:	की- वर्डस:	शीर्षक:	0.7251759171485901	0.6221562027931213	0.570385217666626
What's that supposed to mean?	क्या मतलब है?	क्या उसे समझाना है?	0.8214450478553772	0.7514933943748474	0.5795598030090332
I had a fight with my old friends because of you.	मैं तुम्हारी वजह से मेरे पुराने दोस्तों के साथ झगड़ा हुआ था।	मैं तुमसे अपने पुराने दोस्तों के साथ लड़ने के कारण मेरे साथ लड़ाई कर रही थी।	0.8459072709083557	0.5656375288963318	0.5591650605201721
Oh, Zeus.	ओह, ज़ीउस.	ओह जीज़।	0.7932714223861694	0.8111816048622131	0.6074571013450623
Firstly, that he didn't find the photo.	पहला, की उसे फोटो ही नहीं मिला।	पहले, यह कहा जाता है कि उसे फ़ोटो नहीं मिली।	0.8267492651939392	0.7727005481719971	0.8124892711639404
or to one who places obstacles in the way of good being done or to the wicked transgressor,	हद से बढ़ने वाला गुनेहगार तुन्द मिजाज़	या किसी ऐसे व्यक्ति को किGood करने या करने वाले को रोक-रोकता है, या किसी बुरे कृत्यकर व्यक्ति को	0.634506344795227	0.3292778730392456	0.19532616436481476
_View	देखें (_V)	_	0.7129454612731934	0.6762202978134155	0.09043197333812714
Even wind touching you would say I love you... ln the smile of my sulking lover, I see my love... did my life seek help from you?	Even wind touching you would say l love you... ln the smile of my sulking lover, l see my love... did my life seek help from you?	अपनी हवा भी आपको कह दे रही है कि मुझे प्यार है... मेरे सुल्क वाले प्रेमी की मुस्कान में मैं आपको मेरा प्यार देख पाता हूँ... मेरी जिंदगी से कैसे मदद ली?	0.6054494976997375	0.3956189751625061	0.5048999190330505
I'm still with Emily, and we're still hanging out in Chicago.	मैं अब भी एमिली के साथ हूं, और हम अब भी शिकागो में ही हैं.	मैं अभी सेमी से यहाँ हूँ, और हम चिकाजो में जा रहे हैं।	0.8327029943466187	0.4604262411594391	0.49245280027389526
LUCIUS:	Lucius:	ल्यूकस:	0.7580701112747192	0.6158764958381653	0.7262581586837769
Just in case we caught you in the background.	सिर्फ मामले में हम पृष्ठभूमि में आप फंस गए.	अगर I हमेशा बैकग्राउंड में ही आपको पकड़ लेता।	0.7267041802406311	0.44925978779792786	0.2449205219745636
See, Judah is turning, um...	देखें, यहूदा बदल रहा है, उम...	जैसे, युधा परिवर्तित हो रहा है, ...	0.7616591453552246	0.5839146375656128	0.5854587554931641
And one thing about direct action, I suppose, the target is meant to have an immediate effect.	सीधी कार्यवाही के बारे में एक बात ये है कि इसका प्रमुख लक्ष्य तुरंत असर डालना होता है	और सीधे कार्यवाही के बारे में, मेरे अनुसार, लक्ष्य कुछ के लिए तुरंत प्रभाव में होना चाहिए।	0.7686135172843933	0.5964933037757874	0.758476972579956
And appoint goodness for us in this world and the Hereafter, for indeed we have come back to You.’ Said He, ‘I visit My punishment on whomever I wish, but My mercy embraces all things. Soon I shall appoint it for those who are Godwary and give the zakat and those who believe in Our signs	और तू ही इस दुनिया (फ़ानी) और आख़िरत में हमारे वास्ते भलाई के लिए लिख ले हम तेरी ही तरफ रूझू करते हैं ख़ुदा ने फरमाया जिसको मैं चाहता हूँ (मुस्तहक़ समझकर) अपना अज़ाब पहुँचा देता हूँ और मेरी रहमत हर चीज़ पर छाई हैं मै तो उसे बहुत जल्द ख़ास उन लोगों के लिए लिख दूँगा (जो बुरी बातों से) बचते रहेंगे और ज़कात दिया करेंगे और जो हमारी बातों पर ईमान रखा करेंगें	इस संसार में और भविष्य में हमें न्याय दिलाने के लिए मेरा प्रस्ताव तैयार करेंगे ,क्योंकि सच में हमें आपके पीछे आया है । कहा, मेरा दंड मेरे लिए उन पर जिस पर मैं चाहूँगी, लेकिन मेरी करुणा सभी चीज़ों के लिए है। जल्द ही मैं उन लोगों के लिए तैयार करूँगा जो ईश्वर-विश्वास रखते हैं, और जो हमारी धाराएँ स्वीकार करते हैं।	0.6894688606262207	0.47927823662757874	0.5048377513885498
I didn't know any criminals so I thought Riz might.	मैंने नहीं किया. मैं रिज़ हो सकता है तो मैंने सोचा कि किसी भी अपराधियों को पता है.	मुझे पता नहीं था कि कौन अपराधी है तो मैंने रिज़ समझा था कि वह हो सकता है।	0.8088222742080688	0.6206521987915039	0.5479048490524292
And your Lord is Rich (Free of all wants), full of Mercy, if He will, He can destroy you, and in your place make whom He will as your successors, as He raised you from the seed of other people.	और जो कुछ वह लोग करते हैं तुम्हारा परवरदिगार उससे बेख़बर नहीं और तुम्हारा परवरदिगार बे परवाह रहम वाला है - अगर चाहे तो तुम सबके सबको (दुनिया से उड़ा) ले लाए और तुम्हारे बाद जिसको चाहे तुम्हार जानशीन बनाए जिस तरह आख़िर तुम्हें दूसरे लोगों की औलाद से पैदा किया है	और आपके पिता आपके प्रति दयालु हैं, और यदि वे चाहते हैं कि वे तुम क्षत्री हो वे भी तुम को तुम्हारे स्थान से भेज सकते हैं और तुम को उनके से संबंध रखने वाले सभी लोगों की जगह ले लेंगे।	0.7358691692352295	0.4453185796737671	0.4905664920806885
Or He may seize them by diminishing their portion. Yet your Lord is compassionate and kind.	या वह अज़ाब से डरते हो तो (उसी हालत में) धर पकड़ करे इसमें तो शक नहीं कि तुम्हारा परवरदिगार बड़ा शफीक़ रहम वाला है	या वे ले ले आपके पैसों से छुटकारा पाने के लिए हो सकते हैं। फिर आपके राजा का दयालु और सहज्ञानवान है।	0.6945170760154724	0.37307339906692505	0.32650256156921387
He didn't have any kids of his own.	वो अपने खुद के किसी भी बच्चों को नहीं था.	उन्होंने अपने खुद के बच्चे नहीं हैं।	0.8715908527374268	0.6967414617538452	0.6050460934638977
Failure reason: %s	विफलता कारण: %s	फ़ैलने का कारण: %s	0.8227624297142029	0.7171233296394348	0.8431671857833862
_Delete %s	%s मिटाएँ (_D)	"स्थानांतरण करने के लिए English से हिन्दी में following का पालन करें:
रद्द करने का %s"	0.6754773259162903	0.3527783453464508	0.07022403180599213
Marshaller	मार्शलर	मार्शलर	1.0	0.9774926900863647	0.8974100351333618
Telephone	टेलिफोन	टेलीफोन	0.8997400403022766	0.9603922963142395	0.9257662296295166
"""We aspire to a better tomorrow, a new Egypt and a second republic,"" Morsi said during a solemn ceremony shown live on state television."	"राष्ट्रीय टेलीविज़न पर सजीव प्रसारण में दिखाए गए औपचारिक समारोह के दौरान मोरसी ने कहा कि ""हम बेहतर भविष्य, नए मिस्र तथा दूसरे गणराज्य की आकांक्षा कर रहे हैं।"""	मोसरी ने कहा, “हम एक बेहतर कल्पना के कल्शन में संयुक्त राज्य की पावनी में अपनी भावना व्यक्त करते हुए यह कहा” एक गहन उपवाह के दौरान.	0.7163586020469666	0.42684853076934814	0.4345914125442505
I tried to give her some money, but she would not take any.	मैंने उसको पैसे देने की कोशिश करी पर उसने इनकार कर दिया।	मैंने उसे कुछ भी देने की कोशिश की लेकिन वो कुछ लेने के लिए तैयार नहीं थी।	0.7846013903617859	0.7550119757652283	0.8701861500740051
After squeezing 25 kilos of grapes..you get one bottle of juice.	grapes.. you का 25 किलो निचोड़ के बाद रस की एक बोतल मिलता है।	अरे! 25 किलो ग्रीन्स को दबाकर एक बोतल में जूस मिल जाता है।	0.8037522435188293	0.6249067187309265	0.711579442024231
I done what she asked.	... मैं उसने पूछा क्या किया.	मैंने उससे कहा था और उसने किया था।	0.8101063370704651	0.720788300037384	0.7322584986686707
Q.921TM	Q. 921TM	जी.वी.1	0.7299628853797913	0.6458784341812134	0.5490434169769287
The height of the window	विंडो की ऊँचाई	पैनल की ऊँचाई	0.8809939622879028	0.8981044888496399	0.9292107820510864
Do they not see that Allah enlarges the provision for whom He wills and straitens (it for whom He wills). Verily, in that are indeed signs for a people who believe.	क्या उन्होंने विचार नहीं किया कि अल्लाह जिसके लिए चाहता है रोज़ी कुशादा कर देता है और जिसके लिए चाहता है नपी-तुली कर देता है? निस्संदेह इसमें उन लोगों के लिए निशानियाँ है, जो ईमान लाएँ	क्यों नहीं देखते हैं ये लोग कि अल्लाह उस व्यक्ति के लिए प्राप्ति के लिए जो वह चाहता है, उसे सीमित बना देता है या उसे चाहता है तो वह उसे जो चाहता है, सारा प्राप्त करता है। वे ऐसे लोगों के लिए स्पष्ट रूप से संकेत देते हैं जो सिद्ध होते हैं कि उनके अनुसार अल्लाह की कोई सीमा निर्मित है।	0.743522584438324	0.5185587406158447	0.5727603435516357
Connect to remote target	कनेक्ट को रिमोट लक्ष्य	रिमोट टार्जेट से कनेक्ट करें	0.7883492112159729	0.7077584266662598	0.7519489526748657
Whether the main stage should be rendered offscreen	क्या मुख्य स्टेज को ऑफस्क्रीन प्रदान की जानी चाहिए	क्या मुख्य चरण स्क्रीन से हटा दिया जाना चाहिए	0.8286186456680298	0.6880561709403992	0.768517017364502
Port	पोर्ट	पोर्ट	1.0000004768371582	0.9725098609924316	0.830944299697876
Now a sharp look in your eye.	अब आंखों में एक तेज नजर.	अब तुम्हारी आँख में सख्त दृष्टि है।	0.7977778315544128	0.8121160268783569	0.8368489742279053
-	कुछ नहीं	नहीं	0.8994451761245728	0.8135290741920471	0.6662000417709351
"(Muhammad), if they turn away from you, say, ""God is Sufficient (support) for me. There is no God but He. In Him do I trust and He is the Owner of the Great Throne."""	ऐ रसूल अगर इस पर भी ये लोग (तुम्हारे हुक्म से) मुँह फेरें तो तुम कह दो कि मेरे लिए ख़ुदा काफी है उसके सिवा कोई माबूद नहीं मैने उस पर भरोसा रखा है वही अर्श (ऐसे) बुर्जूग (मख़लूका का) मालिक है	"(मुहम्मद), यदि वे आपको भी वापस नहीं लेते तो कहते हैं, ""हैGod का समर्थन (सहायता) मेरे लिए। नहीं हैGod, बल्कि हैजा मेरे पास का कोई कोई Throne नहीं है। मुझे इस में विश्वास है और हैजा मेरा मालिक है।"""	0.6760711073875427	0.47926396131515503	0.30352792143821716
This road isn't on here.	यह सड़क यहाँ पर नहीं है.	इस रोड़ पर यहाँ नहीं लिखा गया है।	0.7961466312408447	0.6206362843513489	0.6218904256820679
Name	नाम	नाम	0.9999998807907104	0.9830414652824402	0.8558700084686279
Not funny, I guess.	न अजीब बात है, मुझे लगता है.	नहीं हंसता हूँ, लगता है ये |	0.7681534886360168	0.48419323563575745	0.4448992609977722
%s has canceled the following shared memo:	%s ने निम्न साझा ज्ञापन रद्द कर दिया है:	%. निम्नलिखित शेयर्ड मेमो को वापस कर दिया गया है	0.7654635906219482	0.5912256836891174	0.648297131061554
German Male	"अज्ञात आवाज ""% 1"""	जर्मन मैल	0.6958100199699402	0.4475114047527313	0.6014280319213867
Pelungsur cake to indicate that the ceremony has ended.	महिला #2:	कार्यक्रम समाप्त होने को संकेत करने के लिए पेलुंसरस केक डालना।	0.6035344004631042	0.33938488364219666	0.15557923913002014
Who is more wicked than he who invents a lie about Allah or belies His verses? The harmdoers shall never prosper.	और उससे बढ़कर अत्याचारी कौन होगा, जो अल्लाह पर झूठ गढ़े या उसकी आयतों को झुठलाए। निस्सन्देह अत्याचारी कभी सफल नहीं हो सकते	उन्हें यकीन नहीं है कि अल्लाह ने ऐसा क्या कहा है या उनके प्रस्तुतीकरण से उनका मकसद टूट गया है? इन्हें कभी सफलता नहीं मिलेगी।	0.6979239583015442	0.6240977644920349	0.6024482250213623
You are going to be on the hot seat in there, June bun.	तुम वहाँ में हॉट सीट जून रोटी पर होने जा रहे हैं।	तुम जून बून के उस जगह पर होट सीट पर रहोगे,	0.793093204498291	0.5796459913253784	0.5090336799621582
GType	क़िस्म	जी.टी.पी	0.6966126561164856	0.46006783843040466	0.7444028854370117
Never! Indeed, it is a blazing fire,	(मगर) ये हरगिज़ न होगा	नहीं! बिल्कुल, यह एक भयानक आग है,	0.684948742389679	0.4850562512874603	0.582872748374939
First, I want out of here.	सबसे पहले, मैं यहाँ से बाहर करना चाहते हैं।	मुझे यहाँ से निकलना चाहती हूँ।	0.8126757144927979	0.6302047371864319	0.5802561640739441
Seven round capacity.	सात दौर क्षमता।	सातों की तरह क्षमता	0.7289854884147644	0.5941599011421204	0.3805401921272278
I am the hero who's been recognize today.	मैं नायक, जो आज हो गया है समझते हैं पुरूष।	मैं हूँ जो कि आज का हीरो हूँ।	0.7104290723800659	0.5330491662025452	0.4361445903778076
Is it not a guidance to them, how many generations We destroyed before them in whose dwelling places they walk? Surely, in this there are signs for thoseof reason.	फिर क्या उनको इससे भी मार्ग न मिला कि हम उनसे पहले कितनी ही नस्लों को विनष्ट कर चुके है, जिनकी बस्तियों में वे चलते-फिरते है? निस्संदेह बुद्धिमानों के लिए इसमें बहुत-सी निशानियाँ है	यह उन्हें निर्देश नहीं है, कि उन्हें क्या है वे प्रगति करने वाले उन्हें पहले कितने कितने निर्विक्षित रहे? वहाँ उन्हें दिखाने वाले संकेत यहाँ भी हैं जो उन्हें समझने में मदद करेंगे।	0.6996524333953857	0.4017283618450165	0.41281837224960327
Gifts and sweets were distributed among the students and teachers by the organisers of this program.	कार्यक्रम में प्रबंधक समिति की ओर से शिक्षकों व विद्यार्थियों को उपहार व मिठाई वितरित की गई।	इस प्रोग्राम के आयोजकों द्वारा शिक्षकों और छात्रों को गिफ्ट और स्वीट्स दिए गए थे।	0.7917283177375793	0.7872996926307678	0.8703821897506714
Cannot create folder '%s'	नया फ़ोल्डर `%s' नहीं बना सकता है	इसे बनाने के लिए  '%n' का फ़ोल्डर नाम बनाए रखना चाहिए	0.7670828104019165	0.6578467488288879	0.6817328333854675
I need you no longer.	अब मुझे तुम्हारी कोई ज़रूरत नहीं है.	मुझे अब नहीं लेना चाहता।	0.783403217792511	0.5430595874786377	0.3927951753139496
Tell Karna good-bye.	कर्ण को नमस्ते कहना मेरे लिए .	केआर्ण को अच्छा-चलो goodbye कहो।	0.7197213172912598	0.4228661060333252	0.1413349062204361
_Board size:	बिसात आकार (_B):	पट्टी का आकार:	0.7161433696746826	0.6733331084251404	0.790854811668396
We were 18.	हम 18 थे.	हम 18.	0.7990546822547913	0.6304340362548828	0.5157002210617065
Go tell him yourself.	उसको अपने-आप जाकर बताओ।	अपने सelves को बताने दो।	0.7508938312530518	0.45280030369758606	0.3829774260520935
They will surely perish who kill their offspring in ignorance foolhardily, and forbid the food that God has given them by fabricating lies against God. Misguided are they surely, and will never come to guidance.	बेशक जिन लोगों ने अपनी औलाद को बे समझे बूझे बेवकूफी से मार डाला और जो रोज़ी ख़ुदा ने उन्हें दी थी उसे ख़ुदा पर इफ़तेरा (बोहतान) बाँध कर अपने ऊपर हराम कर डाला और वह सख्त घाटे में है ये यक़ीनन राहे हक़ से भटक गऐ और ये हिदायत पाने वाले थे भी नहीं	जो उनके पुत्रों को मार देते हैं जो ज्ञान की कमजोरी, भूलकर भी नहीं हैं, और उनके पास दिए गए खाने से वे बेइज़रता से चलने वाले हैं; वे ईश्वर के खिलाफ झूठों से लोगों को राज़ देते हैं, और कभी सुधार नहीं करेंगे। वे गलत दिशा में हैं, और कभी आगे बढ़ने जा सकते हैं।	0.6803039312362671	0.45448124408721924	0.5086029767990112
[ BUBBLING ]	[बुदबुदाती]	बूब्बलिंग	0.7672469615936279	0.4981549084186554	0.21526111662387848
Strict	स्क्रिप्ट्स	स्ट्रीट	0.8450533151626587	0.46602663397789	0.5402032136917114
When you lay hands upon anyone, you do so as tyrants.	और जब तुम (किसी पर) हाथ डालते हो तो सरकशी से हाथ डालते हो	तुम जब किसी पर हाथ डाल लेते हो, तो यकीन तो राजा हो जाते हैं।	0.7882766127586365	0.4959520399570465	0.6741381883621216
Artist	कलाकार	ऐक्टर	0.7238777875900269	0.5732173919677734	0.7373731136322021
Worry about yourself, kiddo!	बच्चे, अपने बारे में चिंता!	आपको अपने बारे में चिंता मत करो!	0.8379909992218018	0.6391101479530334	0.5548926591873169
It's mathilda.	यह Mathilda है.	ये मैटिल्डा।	0.7378361821174622	0.5831867456436157	0.5445681810379028
I must know where I stand in your heart.	मै जानना चाहती हूँ कि तुम्हारे दिल में मेरी क्या जगह है.	मुझे अपने दिल में आपका क्या स्थान है।	0.8004752993583679	0.5359846949577332	0.3905048668384552
He hears the revelations of God which are recited to him, then persists in his arrogance as if he had not even heard them. Tell him that he will suffer a painful torment.	कि ख़ुदा की आयतें उसके सामने पढ़ी जाती हैं और वह सुनता भी है फिर ग़ुरूर से (कुफ़्र पर) अड़ा रहता है गोया उसने उन आयतों को सुना ही नहीं तो (ऐ रसूल) तुम उसे दर्दनाक अज़ाब की ख़ुशख़बरी दे दो	उसे देव की साक्षात्कार सुने जिन्हें उसने अपने अस्तित्व के बारे में बताया है, तब उसे इन साक्षात्कारों को सुनने में विश्वास नहीं होता और ऐसा लगता है कि उसने उन्हें नहीं सुना है। उसे बता दें कि उसे दर्द से जुकार आना होगा।	0.7079012393951416	0.4256379306316376	0.5317544341087341
"Then, on the Day of Judgment, He will cover them with shame, and say: ""Where are My 'partners' concerning whom ye used to dispute (with the godly)?"" Those endued with knowledge will say: ""This Day, indeed, are the Unbelievers covered with shame and misery,-"	(फिर उसी पर इकतिफा नहीं) उसके बाद क़यामत के दिन ख़ुदा उनको रुसवा करेगा और फरमाएगा कि (अब बताओ) जिसको तुमने मेरा यशरीक बना रखा था और जिनके बारे में तुम (ईमानदारों से) झगड़ते थे कहाँ हैं (वह तो कुछ जवाब देगें नहीं मगर) जिन लोगों को (ख़ुदा की तरफ से) इल्म दिया गया है कहेगें कि आज के दिन रुसवाई और ख़राबी (सब कुछ) काफिरों पर ही है	तो, कल की ताज़ाकता में जब ये लोग ताज़ाकता में रहेंगे, उन्हें शामिल करने के लिए कहेंगे और कहेंगे : “मेरी पार्टनरों के बारे में जो तुम्हें ईसाई के साथ मत मत मत मत पूछा था, वे अब तुम्हारे पास होंगे ?” उन लोगों को जो ज्ञानी हैं, वे कहेंगे : “कल, सच में, ये लोग शामिल करने में शामिल हैं- शामिल होने का दिन है, और दुख और नाश्ता की तरह से तुम्हारा नाश है”	0.6796082258224487	0.3262732923030853	0.380103200674057
View	दृश्य	देख	0.7863091826438904	0.7881429195404053	0.9169179797172546
Show offline contacts	ऑफलाइन संपर्क दिखाएँ	ऑफलाइन कॉन्टैक्ट दिखाएँ	0.8894696831703186	0.8959773778915405	0.9205836057662964
"Seriously I do not find a good reason to all what the Israelis are doing whether from leading the world against Iran or attacking Egypt and KSA for their announcement that they would start a peaceful nuclear program,"" writes Egyptian blogger Zeinobia."	मुझे कोई तार्किक कारण नहीं नज़र आता जो इज़्राइली कर रहे हैं चाहे हो इरान के खिलाफ विश्व को बरगलाने की बात हो या मिस्र या KSA की शांतिपूर्ण परमाणु कार्यक्रम शुरु करने की घोषणा करने पर निंदा हो।	असल में ईज़राइल क्या कर रहे हैं या इरान से दुनिया के नेतृत्व के रूप में या ईज़राइल की किसी भी घोषणा पर किसी शांति से परमाणु कार्यक्रम शुरू करने के लिए क्यों नहीं हैं इस बारे में ईग्यPTो ब्लॉगर जीनॉबा ने लिखा है।	0.7520887851715088	0.5357204079627991	0.534294605255127
Niggah, go clean that shit up, man.	Niggah, स्वच्छ जाना कि गंदगी, आदमी.	निग्गह, गो चुटकी से उसे साफ करो, मैन।	0.665198564529419	0.461932510137558	0.3345239460468292
I told you, I'm claustrophobic.	मैंने आपको बताया था, मैं क्लॉस्टेरोफोबिया हूँ।	मैंने बताया, मैं क्लौस्ट्रोफोबिक हूँ।	0.9366065859794617	0.8175004124641418	0.7100943326950073
But they're on a ration.	लेकिन वे एक राशन पर कर रहे हैं.	लेकिन वे परतनी रखते हैं।	0.8334119915962219	0.46157702803611755	0.36511605978012085
B_ackground color:	पृष्ठभूमि रंग (_a)	आश्चर्यजनक रंग:	0.6829919219017029	0.5627368092536926	0.5692960023880005
Don't mistake me for what had happened on the other day.	उस दिन जो हुआ वो भूल जाओ.	अन्य दिन हो सकता है कि क्या हुआ था लेकिन मैं नहीं कह रही हूँ।	0.7223200798034668	0.5080349445343018	0.443479061126709
It is not a sin if you try to make a profit out of the bounty of your Lord (by trading during hajj). When you leave Arafah, commemorate the name of your Lord in Mash'ar, the sacred reminder of God. Commemorate His name as He has given you guidance while prior to that you had been in error.	इस में कोई इल्ज़ाम नहीं है कि (हज के साथ) तुम अपने परवरदिगार के फज़ल (नफ़ा तिजारत) की ख्वाहिश करो और फिर जब तुम अरफात से चल खड़े हो तो मशअरुल हराम के पास ख़ुदा का जिक्र करो और उस की याद भी करो तो जिस तरह तुम्हे बताया है अगरचे तुम इसके पहले तो गुमराहो से थे	अगर तुम हाज़ के दौरान धन का प्रयोग करके अपने रब की बountी से साधना करना चाहते हो तो यह गलत नहीं है। हाज़ में पैसा कमाने की कोशिश करने पर ध्यान दो। जब तुम आराफ़ाहा से निकलते हो, तो अपने रब के नाम को माशार के रूप में याद रखो। अपने रब के नाम से ही तुम्हारे प्रगति का संकेत है, और पहले तुम्हें गलती हुई थी।	0.7546630501747131	0.5964688658714294	0.5458755493164062
Mr. Speaker?	मि. स्पीकर ?	मिस्टर स्पीकर?	0.8838930130004883	0.8880120515823364	0.8780431747436523
But if adrenalin which works only for a few seconds acts for 5 minutes won't the body be affected?	लेकिन adrenalin जो कुछ सेकंड के लिए ही काम करता है 5 मिनट के लिए कार्य करता है, तो ... ... शरीर प्रभावित नहीं होगा?	लेकिन अगर कुछ समय के लिए काम करने वाला एड्रेनालिन 5 मिनट के लिए काम नहीं करता है तो शरीर पर प्रभाव पड़ेगा?	0.797682523727417	0.7351506948471069	0.7616264224052429
He said, “Yes, and you will be among my favorites.”	फिरऔन ने कहा (हॉ इनाम ही नहीं) बल्कि फिर तो तुम हमारे दरबार के मुक़र्रेबीन में से होगें	उन्होंने कहा, “हाँ, और तुम मेरे फेवरिट से भी शामिल होगे।”	0.7369267344474792	0.5418978333473206	0.5882618427276611
Remember I told you if there was anything left you still cared about,	अगर मैंने तुमसे कहा था याद वहाँ आप अभी भी परवाह के बारे में कुछ भी छोड़ दिया थी	तुम्हें मैंने बताया था कि यदि वहाँ कुछ छोड़ा गया था तुम अभी भी चिंतित हैं,	0.7716638445854187	0.5607358813285828	0.6063367128372192
new server	नया सर्वर	नए सर्वर	0.8595001101493835	0.947443962097168	0.9259726405143738
In the doing, never the thinking.	करने में, कभी नहीं सोच रही है.	करने के दौरान सोचने से बचें।	0.7761322259902954	0.48977863788604736	0.53126460313797
Pidgin address book source	पिडगिन पता पुस्तिका स्रोत	पीड़िगिन पत्रिका स्रोत	0.8318185806274414	0.6699226498603821	0.8224672079086304
The only way is to strike.	एक ही रास्ता हड़ताल करने के लिए है.	सिर्फ़ इस्तेमाल करना है ।	0.7580425143241882	0.4702349603176117	0.2217821627855301
- Yeah, as you said the last time.	जैसा कि आप समय कहा पिछले.	- हाँ, जैसा ही आपने पहली बार कहा।	0.7794052362442017	0.6565040946006775	0.7661421298980713
And you're gonna eat it.	और आप इसे खाने वाले हैं.	और आपको ये खाना खाना है।	0.8423133492469788	0.6742326617240906	0.696519672870636
- NO, I'M JUST A KID.	- नहीं, मैं सिर्फ एक बच्चा हूँ.	- नो , मैं बस एक बच्चा हूँ।	0.8824873566627502	0.9601377248764038	0.9045571088790894
Cannot append message to maildir folder: %s:	maildir फ़ोल्डर में संदेश नहीं जोड़ सकता: %s:	मेलड्रिड फ़ोल्डर में मैसेज को जोड़ने की संभावना नहीं है: %s	0.8213669657707214	0.6631309390068054	0.7647454738616943
[For them are] gardens of perpetual residence which they will enter. They will be adorned therein with bracelets of gold and pearls, and their garments therein will be silk.	(और उसका सिला बेहिश्त के) सदा बहार बाग़ात हैं जिनमें ये लोग दाख़िल होंगे और उन्हें वहाँ सोने के कंगन और मोती पहनाए जाएँगे और वहाँ उनकी (मामूली) पोशाक ख़ालिस रेशमी होगी	उनके लिए] वे लंबी रहस्यमय निवास हैं जहाँ वे प्रवेश करेंगे। वहाँ उन्हें सोने की ब्रेड्स और चाँदी के कुरकुरे दाने की आँलियाँ लगाए जाएँगी, और उनके शर्ट वहाँ आँलियों में रखी जाएँगी।	0.7512445449829102	0.4920946955680847	0.5091528296470642
And the trumpet is blown. This is the threatened Day.	और नरसिंघा फूँक दिया गया। यही है वह दिन जिसकी धमकी दी गई थी	और ट्रुपेट को ध्वनि प्रदान की जा रही है. इस दिन का खतरा है.	0.7342773079872131	0.3682425022125244	0.33479976654052734
What a little miracle you are!	तुम एक छोटे चमत्कार जैसे हो!	आपके पास कितनी सुंदर शक्ति है!	0.7409336566925049	0.6646087765693665	0.5585522651672363
♪ I only know it's a matter of time ♪	तुम बेकार, गिरे हुए इंसान!	"रिकॉर्डिंग:
  - मैं जानता हूँ कि यह मामला समय पर ही है"	0.6227198839187622	0.33934879302978516	0.21133677661418915
Pursue second mark.	सेकंड का चिह्न को आगे बढ़ाना है.	दूसरा मार्क पर नज़र डालें।	0.7071785926818848	0.4387812316417694	0.4784625768661499
"Leaving the consorts your Lord has made for you? But you are a people who exceed the bounds."""	और तुम्हारे वास्ते जो बीवियाँ तुम्हारे परवरदिगार ने पैदा की है उन्हें छोड़ देते हो (ये कुछ नहीं) बल्कि तुम लोग हद से गुज़र जाने वाले आदमी हो	"आपके लिए अपने संसकारी प्रेमियों को छोड़ देना? लेकिन आप एक समुदाय हैं जो सीमाओं को पार कर चुके हैं?"""	0.6595683097839355	0.4780457615852356	0.5263811349868774
So do not follow the unbelievers, and strive against them a mighty striving with it.	अतः इनकार करनेवालों की बात न मानता और इस (क़ुरआन) के द्वारा उनसे जिहाद करो, बड़ा जिहाद! (जी तोड़ कोशिश)	इसलिए इन लोगों से भी अलग न रहें और उनसे उनसे संघर्ष करना अपनी बारीकी से निर्णय लें।	0.6908590197563171	0.43632492423057556	0.5404049754142761
Core developer	कोर डेवलपर	कोर क्रोड डेवलपर	0.9388192296028137	0.8218342065811157	0.8784857988357544
(And it was said unto him): O David! Lo! We have set thee as a viceroy in the earth; therefor judge aright between mankind, and follow not desire that it beguile thee from the way of Allah. Lo! those who wander from the way of Allah have an awful doom, forasmuch as they forgot the Day of Reckoning.	"""ऐ दाऊद! हमने धरती में तुझे ख़लीफ़ा (उत्तराधिकारी) बनाया है। अतः तू लोगों के बीच हक़ के साथ फ़ैसला करना और अपनी इच्छा का अनुपालन न करना कि वह तुझे अल्लाह के मार्ग से भटका दे। जो लोग अल्लाह के मार्ग से भटकते है, निश्चय ही उनके लिए कठोर यातना है, क्योंकि वे हिसाब के दिन को भूले रहे।-"	(और इस बात को सुनाया गया डेविड को): डेविड! यह कहा कि हम तुम्हें पृथ्वी पर वीजर के रूप में रख चुके हैं तुम्हें मानवों के बीच न्याय सुनना चाहिए और उनसे अपना तरीका न भूलना चाहिए. यह सच है कि जो लोग Allah के मार्ग से दूर रह कर रहे हैं, वे किसी भी तरह की दुख या दुख का सामना नहीं कर पाते हैं क्योंकि वे मार्ग को भूल गए हैं।	0.7518554329872131	0.5349379181861877	0.5690755844116211
Except for the East Assembly seat, candidates from the other seats are sitting MLAs of their respective seats.	ज्ञात हो कि पूर्व विधानसभा को छोड़कर सभी सीटों के प्रत्याशी वर्तमान में संबंधित क्षेत्रों से वर्तमान में विधायक हैं।	अधिनियम के मुताबिक, पूर्व विधानसभा के सीटों से नहीं है और दूसरी सीटों से चुनी गई किसी भी अन्य तालुकेदार पूर्व तालुकेदार हैं।	0.7235866785049438	0.42723509669303894	0.4281434118747711
'World Habitat Day' Celebration in Cambodia · Global Voices	कंबोडिया मे 'वर्ल्ड हैबिटैट डे' समारोह	कम्बोडिया में विश्व आवास दिवस की मनावाई।	0.7227787971496582	0.7050904035568237	0.6100016832351685
)	)	)	1.0000001192092896	0.9864729046821594	0.4319026470184326
Sudden Winds	अचानक तेज हवा	सड़कों से ज़्यादा तेज़ हवा आने पर	0.7649674415588379	0.40335723757743835	0.43582388758659363
The odd Whispering Death or two in the rocks?	पत्थरों में एक-दो अनोखे विस्परिंग डेथ दिख सकेंगे?	रूपांतरित किए जाने की आवश्यकता है ना, अंग्रेज़ी को सटीकता, सुसज्जितता और मूल अर्थ को अनुसरण करने की आवश्यकता।	0.6521551012992859	0.36862167716026306	0.2168988734483719
Collapse All _Threads	सभी लड़ियाँ समेटें (_T)	कॉलप्स को सभी ट्रैब्स को भी रोक दें	0.7134871482849121	0.34237799048423767	0.31770893931388855
He did not believe in Allah, the Great,	(क्यों कि) ये न तो बुज़ुर्ग ख़ुदा ही पर ईमान लाता था और न मोहताज के खिलाने पर आमादा (लोगों को) करता था	अल्लाह, ग्रेट को अल्लाह से किसी को भी प्रेम नहीं दिखाता	0.6610360741615295	0.36363711953163147	0.25270599126815796
Rename...	नाम बदलें...	रीनेम...	0.8111523389816284	0.6325662732124329	0.4510802626609802
Oh, my God.	ओह, मेरे भगवान.	हाहा।	0.7412124872207642	0.49255672097206116	0.4113296568393707
So I knew I must have stayed clean.	मैं मैं साफ रह चाहिए पता था तो.	तो मुझे पता था कि मैंने साफ रहना ही था।	0.8134396076202393	0.7393508553504944	0.7357220649719238
For some of us are upright and some otherwise: Surely we follow different ways.	"""और यह कि हममें से कुछ लोग अच्छे है और कुछ लोग उससे निम्नतर है, हम विभिन्न मार्गों पर है"	कुछ लोगों के लिए हमारी पीढ़ी की तरह खड़े हैं और कुछ ऐसे भी हैं जो ऐसा नहीं है। शायद हम अलग-अलग तरीकों का पालन करते हैं।	0.7194356918334961	0.5394359827041626	0.6261966228485107
"Mac (""\\r"")"	"मैक (""\\ r"")"	मैक (\\r)	0.9357433319091797	0.9225415587425232	0.8702720403671265
Those who do wrong will have their turn, like the turn of their counterparts, so let them not rush Me.	अतः जिन लोगों ने ज़ुल्म किया है उनके लिए एक नियत पैमाना है; जैसा उनके साथियों का नियत पैमाना था। अतः वे मुझसे जल्दी न मचाएँ!	जो गलत करें उनका अपना समय होगा, उनके साथी के रूप में ऐसा ही चलेगा, इसलिए मुझे प्राथमिक रूप से ध्यान नहीं देना चाहिए।	0.699414849281311	0.5412025451660156	0.5658291578292847
- THERE'S CLOTHES IN THE VAN.	- वैन में कपड़े नहीं है.	- वान में कपड़े हैं।	0.8901262283325195	0.5308275818824768	0.4302980899810791
S15: Keep away from heat	S15: गर्मी से दूर रखेंPlease take the official translations! You find them here: http: // europa. eu. int/ eur- lex/ lex/ LexUriServ/ LexUriServ. do? uri=CELEX: 32001L0059: EN: HTML	स15: गर्मी से दूर रखें	0.6542676091194153	0.29358842968940735	0.41082414984703064
And whoever is on earth entirely [so] then it could save him.	और उन सभी लोगों को जो धरती में रहते है, फ़िदया (मुक्ति-प्रतिदान) के रूप में दे डाले फिर वह उसको छुटकारा दिला दे	और जो पूरी तरह से धरती पर है उसे उसे बचाया जा सकता है।	0.7169265747070312	0.4380488693714142	0.6418836116790771
- They don't let us in the class.	- वे हमें क्लास में ऐसा नहीं करते।	- क्लास में हमें नहीं आ सकते हैं।	0.8804738521575928	0.4873698651790619	0.41710853576660156
Copy the selection	मौजूदा चयन	चयन चॉप कर लें	0.7198020815849304	0.5359074473381042	0.3751492500305176
Use Alpha	अल्फा का उपयोग करें	अल्फ़ा का इस्तेमाल करें	0.9623836278915405	0.880524218082428	0.901528000831604
(SPEAKING IN RUSSIAN)	(रूसी में बोल)	(रूसी में बोलते हुए)	0.9335671067237854	0.9038613438606262	0.9194883108139038
It was really fun actually.	यह सच में मज़ा था वास्तव में.	वास्तव में मज़े आया।	0.8716654777526855	0.7604286074638367	0.5931799411773682
Or, were you witnesses when death came to Jacob! He said to his children: 'What will you worship after me' They replied: 'We will worship your God and the God of your forefathers, Abraham, Ishmael, and Isaac, the One God. To Him, we are submissive'	"(क्या तुम इबराहीम के वसीयत करते समय मौजूद थे? या तुम मौजूद थे जब याक़ूब की मृत्यु का समय आया? जब उसने बेटों से कहा, ""तुम मेरे पश्चात किसकी इबादत करोगे?"" उन्होंने कहा, ""हम आपके इष्ट-पूज्य और आपके पूर्वज इबराहीम और इसमाईल और इसहाक़ के इष्ट-पूज्य की बन्दगी करेंगे - जो अकेला इष्ट-पूज्य है, और हम उसी के आज्ञाकारी (मुस्लिम) हैं।"""	या आपने जैकब की मृत्यु की घोषणा की थी? वे अपने बच्चों को कहते: 'क्या हम आपके God को भी पूजा करेंगे' वे कहते हुए प्रतिक्रिया करेंगे: 'हम आपके पूर्वज के God और आभूर्वा के इश्मील, इसाक के God, एक God होंगे हम एक God होंगे' हम आभोर्वा के प्रति पूरी तरह से समर्पित होंगे	0.7169980406761169	0.4687785804271698	0.362919420003891
He destroys our self-control.	वह हमारे आत्म - नियंत्रण नष्ट कर देता है.	वे हमारी नियंत्रण क्षमता को तोड़ देते हैं।	0.8413336277008057	0.8260181546211243	0.8732665777206421
fashioning for him whatsoever he would -- places of worship, statues, porringers like water-troughs, and anchored cooking-pots. 'Labour, O House of David, in thankfulness; for few indeed are those that are thankful among My servants.'	ग़रज़ सुलेमान को जो बनवाना मंज़ूर होता ये जिन्नात उनके लिए बनाते थे (जैसे) मस्जिदें, महल, क़िले और (फरिश्ते अम्बिया की) तस्वीरें और हौज़ों के बराबर प्याले और (एक जगह) गड़ी हुई (बड़ी बड़ी) देग़ें (कि एक हज़ार आदमी का खाना पक सके) ऐ दाऊद की औलाद शुक्र करते रहो और मेरे बन्दों में से शुक्र करने वाले (बन्दे) थोड़े से हैं	उसके लिए किसी भी रूप में लगा होगा - मंदिर, वाटर-ट्रॉफ़, पोररिंग़र्स जैसे पानी के ट्रॉफ़, या सुदृढ़ कुकिंग-टैंट। 'ज़रूर, हाउस ऑफ डेविड, मज़ादारों की शुक्रगार में; केवल कुछ ही शुक्रगारी मेरे सेवकों में हैं'।	0.6582678556442261	0.3614574074745178	0.3643559217453003
Aimed at you, my golden goose!	Aimed at you, my golden goose!	तुम्हारे लिए बनाई गई, मेरी सोनी गुड़!	0.6963087320327759	0.41042402386665344	0.5623295307159424
But, what's the meaning of it?	लेकिन, इसका मतलब क्या है?	लेकिन इसका अर्थ क्या है?	0.8756570816040039	0.97013920545578	0.9244170188903809
You crap!	तुम छी!	यू क्रैप!	0.7549095749855042	0.5036435723304749	0.5142116546630859
A bridge, right? Of course.	एक पुल है, है ना?	क्या ब्रिज है? बिल्कुल।	0.7118316888809204	0.7044877409934998	0.554276704788208
_Debug	डिबग	डब्बा	0.8147403001785278	0.5510057806968689	0.8602647185325623
_Fast blanking	तेज रिक्तिकरण (_F)	फास्ट ब्लैंकिंग	0.714328944683075	0.42563989758491516	0.5308076739311218
The oceans have turned to blood. Best to stay on dry land, where it's safe.	महासागरों ने वापस खून लौटा है...	अत्यंत चिंताजनक है ये संदेश। तुम्हें ऐसी जगहों से बचना चाहिए जहाँ वहां पानी रंग बदल गया हुआ हो। वहाँ से जाना सबसे अच्छा होगा।	0.6449973583221436	0.5024890303611755	0.43374669551849365
The wickedness of all this is hateful with your Lord.	इनमें से प्रत्येक की बुराई तुम्हारे रब की स्पष्ट में अप्रिय ही है	इस सब कुछ से आपके पिताजी की हृदयभरी खुशी में है कि वे निंदनीय हैं।	0.7067126631736755	0.40812280774116516	0.34271103143692017
Okay, pay attention because I'm only gonna go over this ten more times.	ठीक है, ध्यान से सुनो क्योंकि सिर्फ़ दस बार और बताऊँगा।	ठीक है, ध्यान रखें कि मैं इस बारे में केवल दोहरा रहा हूँ. मैं इसे दस बार सुनूँगी।	0.7879636287689209	0.6908897757530212	0.8203219771385193
[cheers]	[हर्षध्वनि]	चेयर्स!	0.6292260885238647	0.3596384525299072	0.2599271833896637
You grew a conscience.	तुम्हारा ज़मीर जाग गया।	तुमने अपना मान-विश्वास बढ़ाया है।	0.7408483624458313	0.4578365385532379	0.45415934920310974
Artist	कलाकारः	ऐक्टर	0.7111186981201172	0.4996396601200104	0.5476888418197632
He says all the things that Brad doesn't.	उन्होंने ब्राड नहीं करता है कि सब बातें कहते हैं.	बोलते हुए, कहता है कि वे Brad से अलग हैं।	0.73472660779953	0.4446863830089569	0.5129207968711853
- The Führer is the Führer!	- फ्यूरर फ्यूरर है!	फ़्रीगर फ़्रीगर!	0.8453217148780823	0.5662155747413635	0.5150386691093445
O ye who believe! Kill not game while in the sacred precincts or in pilgrim garb. If any of you doth so intentionally, the compensation is an offering, brought to the Ka'ba, of a domestic animal equivalent to the one he killed, as adjudged by two just men among you; or by way of atonement, the feeding of the indigent; or its equivalent in fasts: that he may taste of the penalty of his deed. Allah forgives what is past: for repetition Allah will exact from him the penalty. For Allah is Exalted, and Lord of Retribution.	ऐ ईमान लानेवालो! इहराम की हालत में तुम शिकार न मारो। तुम में जो कोई जान-बूझकर उसे मारे, तो उसने जो जानवर मारा हो, चौपायों में से उसी जैसा एक जानवर - जिसका फ़ैसला तुम्हारे दो न्यायप्रिय व्यक्ति कर दें - काबा पहुँचाकर क़ुरबान किया जाए, या प्रायश्चित के रूप में मुहताजों को भोजन कराना होगा या उसके बराबर रोज़े रखने होंगे, ताकि वह अपने किए का मज़ा चख ले। जो पहले हो चुका उसे अल्लाह ने क्षमा कर दिया; परन्तु जिस किसी ने फिर ऐसा किया तो अल्लाह उससे बदला लेगा। अल्लाह प्रभुत्वशाली, बदला लेनेवाला है	ईहो जो ईमानी से लोग! ऐसे जानवरों को मारें नहीं जाएँ जो धार्मिक स्थलों में या पilgrim के रूप में हों. यदि कोई ऐसा करता है तो उसे निश्चित रूप से एक ऐसा जानवर चुनना होता है जिसका उसे मारा गया हो, जिसे दो सुसज्जित लोग आपस में समझ कर या चारों से एक निष्पक्ष व्यक्ति ने निर्धारित करते हैं; या उसके लिए भोजन देने से निश्चितता से वह उसे पीड़ा से मुक्ति दे सकता है; या उसके लिए उसी की बर्तावु का भाव; जो उसे करने वाले का बर्तावु होगा। अल्लाह पिछले कुछ किए के लिए छिपा लेता है; अल्लाह का	0.7163882255554199	0.41863951086997986	0.30175602436065674
Make sure 'gdb' is installed on the system.	मेक gdb है पर सिस्टम नहीं	सुनिश्चित करें कि 'गडब' जैसा सिस्टम के लिए इंस्टॉल है।	0.7446809411048889	0.46232959628105164	0.22902347147464752
Aerial threat!	एरियल खतरा!	आवासीय खतरा!	0.8556497693061829	0.8238343596458435	0.8525403738021851
Sister Sarah, you tried.	बहन सारा, आप की कोशिश की.	सिस्टर सारा ने ट्राई किया।	0.7609980702400208	0.5762494802474976	0.5408005118370056
What, have they not journeyed in the land and beheld how was the end of those before them? They were stronger than themselves in might and left firmer traces in the earth; yet that they earned did not avail them.	तो क्या ये लोग रूए ज़मीन पर चले फिरे नहीं, तो देखते कि जो लोग इनसे पहले थे उनका क्या अंजाम हुआ, जो उनसे (तादाद में) कहीं ज्यादा थे और क़ूवत और ज़मीन पर (अपनी) निशानियाँ (यादगारें) छोड़ने में भी कहीं बढ़ चढ़ कर थे तो जो कुछ उन लोगों ने किया कराया था उनके कुछ भी काम न आया	क्या, उन्होंने क्या यात्रा की है और उन्होंने उस युग की भूमि पर कैसी थी उसकी समीक्षा की? वे अपनी शक्ति में अधिक थे और गहरे पटों को छोड़कर उस युग का निर्माण कैसा था? लेकिन उन्हें प्राप्त करने में उनसे कुछ हुआ नहीं था।	0.7137948870658875	0.4233782887458801	0.5634121298789978
Get to the side!	तरफ जाओ!	साइड पर जाएँ!	0.7989380359649658	0.6219308972358704	0.571806788444519
- Yeah.	- हाँ।	- हाँ।	0.9999997615814209	0.9841221570968628	0.8787904977798462
And perhaps for the first time there is an online website called No Criminals that is geared towards educating voters about political candidates that have a criminal record and stop them from contesting elections.	एक अन्य जालस्थल नो क्रिमिनल्स में मतदाताओं को आपराधिक पृष्ठभूमि वाले प्रत्याशियों के बारे में जानकारी दी गई है।	और शायद पहली बार ही एक ऑनलाइन वेबसाइट नाम क्राइम-रिकॉर्ड वाले राजनीतिक उम्मीदवारों के बारे में लोगों को शिक्षित करने का एक साइट है जिसे मतदाताओं को संबंधित राजनीतिक उम्मीदवारों के बारे में जानकारी देने, और उनसे चुनाव लड़ने से इनकार करने जैसी बातों के बारे में बताता हो।	0.7251546382904053	0.6778541207313538	0.661903977394104
Why were there no people of understanding among those people of the destroyed towns of the past except for a few, whom we saved from destruction, to prevent people from committing evil in the land? The unjust among them indulged in worldly pleasures and so became guilty.	फिर तुमसे पहले जो नस्लें गुज़र चुकी है उनमें ऐसे भले-समझदार क्यों न हुए जो धरती में बिगाड़ से रोकते, उन थोड़े-से लोगों के सिवा जिनको उनमें से हमने बचा लिया। अत्याचारी लोग तो उसी सुख-सामग्री के पीछे पड़े रहे, जिसमें वे रखे गए थे। वे तो थे ही अपराधी	पूरी तरह से अनुकूलता वाले कोई भी लोग उस समय के नष्ट शहरों के लोग नहीं थे, बस कुछ थे, जिन्हें हम दुर्भाग्य से दुर्व्यवहार से बचा लिया गया था, ऐसा रोकने के लिए नहीं था कि लोग भूमि पर बुरा काम करें. दुर्भाग्यानबोध वाले में व्यस्त जीवन की सुख-दुख की वजह से निर्णायक थे और इसलिए हो गया कि वे अपराधी हो गए।	0.7006226778030396	0.5028412938117981	0.4845520853996277
Let's go.	चलो चलते हैं.	अरे चलो जाएँगे।	0.809522271156311	0.8318524956703186	0.6465672254562378
H-Help me!	मुझे एच मदद!	एच-हेल्प मे!	0.7515154480934143	0.648591935634613	0.649346113204956
"Under the new bill, media houses can be fined up to 20 million Kenyan shillings and individual journalists up to one million with the additional risk of being ""de-listed,"" or barred from receiving official press accreditation."	"नए विधेयक के अन्तर्गत मीडिया कम्पनियों पर 2 करोड़ केन्याई शिलिंग तथा अलग-अलग पत्रकारों को दस लाख केन्याई शिलिंग पर जुर्माना किया जा सकता है तथा, उसके अतिरिक्त ""सूची से हटाए जाने"" अथवा आधिकारिक प्रेस मान्यता न दिए जाने का अतिरिक्त जोखिम अलग रहेगा।"	"नए बिल के तहत, मीडिया घराने 20 करोड़ केन्या शिल्ली तक जुर्माना लगा सकते हैं और एकल पत्रकारों को 1 करोड़ से अधिक तक जुर्माना लगा सकते हैं जिसके साथ वे ""द्वितीयक शुल्क"" या आधिकारिक प्रेस प्राधिकरण को प्रतिबंधित हो सकते हैं."	0.782715380191803	0.6258288621902466	0.7590177059173584
Calendar	पंचांग	कैलेंडर	0.695405900478363	0.5013129115104675	0.6892332434654236
And lo, thy Lord! He is indeed the Mighty, the Merciful.	और निस्संदेह तुम्हारा रब ही है जो बड़ा प्रभुत्वशाली, अत्यन्त दयावान है	और लो, तुम्हारे राजा! वे सचमुच ज्यादा, दयालु हैं, ऐसा कहो।	0.7074059247970581	0.4678220748901367	0.3554653525352478
Push me out of the window, why don't you?	मुझे खिड़की से बाहर पुश, तुम क्यों नहीं करते?	वह मुझे खिड़की से निकाल देगी क्यों नहीं?	0.8621976375579834	0.714407742023468	0.6088794469833374
Thanks.	धन्यवाद.	थanks।	0.7614049315452576	0.7121737599372864	0.5783716440200806
Is he like unto him who resteth upon an evidence from His Lord, so and there rehearseth it a witness from Him And before it was the Book of Musa, a pattern and a mercy; these believe therein; and whosoever of the sects disbelieveth therein, the Fire is his promised place. Be then thou not in dubitation thereof, verily it is the truth from thy Lord, yet most of the mankind believe not.	फिर क्या वह व्यक्ति जो अपने रब के एक स्पष्ट प्रमाण पर है और स्वयं उसके रूप में भी एक गवाह उसके साथ-साथ रहता है - और इससे पहले मूसा की किताब भी एक मार्गदर्शक और दयालुता के रूप में उपस्थित रही है- (और वह जो प्रकाश एवं मार्गदर्शन से वंचित है, दोनों बराबर हो सकते है) ऐसे ही लोग उसपर ईमान लाते है, किन्तु इन गिरोहों में से जो उसका इनकार करेगा तो उसके लिए जिस जगह का वादा है, वह तो आग है। अतः तुम्हें इसके विषय में कोई सन्देह न हो। यह तुम्हारे रब की ओर से सत्य है, किन्तु अधिकतर लोग मानते नहीं	क्या वह उसी है जो उसके राजा से शेष परिवेश पर निश्चित रहता है, तो और वह वह सुनिश्चितता से उससे उसे सुनता है और उससे पहले उस किताब में मुसा का साहित्य, एक प्रतिमा और सहन्नता थी; ये लोग उसे स्वीकार करते हैं और जो इस प्रणाली से भागते हैं, वह उस आग का स्थान है जो उसकी वादा की गई थी। तो क्या तुम इनमें से किसी भी निर्णय में मुसा के उस स्थान पर रूढ़िवादी नहीं हो? यह सच है उसके राजा से, और सबसे अधिक मानव जाति ने इसे स्वीकार नहीं किया।	0.7302493453025818	0.4911234378814697	0.4813177287578583
"Their greeting on the day they meet Him will be: ""Peace;"" and He has a generous reward ready for them."	जिस दिन उसकी बारगाह में हाज़िर होंगे (उस दिन) उनकी मुरादात (उसकी तरफ से हर क़िस्म की) सलामती होगी और खुदा ने तो उनके वास्ते बहुत अच्छा बदला (बेहश्त) तैयार रखा है	"उनका मिलने वे दिन का शुभकामना व्यक्त करने के लिए उनसे ""प्रिय्यता"" कहेंगे. वे उन्हें प्रिय्यता दे रहे हैं और उनके लिए सौगती तैयार हैं।"	0.6827921271324158	0.3594506084918976	0.21987909078598022
We recite to you some of the news of Musa (Moses) and Fir'aun (Pharaoh) in truth, for a people who believe (those who believe in this Quran, and in the Oneness of Allah).	हम उन्हें मूसा और फ़िरऔन का कुछ वृत्तान्त ठीक-ठीक सुनाते है, उन लोगों के लिए जो ईमान लाना चाहें	आपको मुसा (मोइसा ) और फिरौन (फ़ारोआ) के कुछ खबरें सुनाने की बात है, सच्चाई में, जो लोग इस कुरान को समझते हैं या इस अल्लाह की एकता को समझते हैं।	0.7138916254043579	0.6034552454948425	0.6926193833351135
You'll die man!	मरना है क्या!	तुम्हारा जाना मर जाएगा!	0.7955064177513123	0.5263071060180664	0.5187392234802246
Don't you worry about falling out of this thing?	आप इस बात से बाहर गिरने के बारे में चिंता मत करो?	फिलहसिले तुम worry मत करो की इस चीज़ से निकल जाओ?	0.747755765914917	0.49864789843559265	0.4109085202217102
"""Place of birth,"	"""जन्म स्थान,"	जन्म स्थान	0.8913760185241699	0.8993640542030334	0.9375299215316772
Man, you know the dumb-ass wop supposed to be testifying against Reggie.	यार, तुम गूंगा गधा wop रेगी के खिलाफ गवाही होने की चाहिए पता है.	आप जानते हैं कि रेज़ीगी के खिलाफ एक टेस्ट में उसके खिलाफ टिप्पणी करने वाला व्यक्ति कौन है?	0.7005833983421326	0.44787368178367615	0.6042665243148804
He has revealed to you in the Book that when you hear God’s revelations being rejected, or ridiculed, do not sit with them until they engage in some other subject. Otherwise, you would be like them. God will gather the hypocrites and the disbelievers, into Hell, altogether.	(मुसलमानों) हालॉकि ख़ुदा तुम पर अपनी किताब कुरान में ये हुक्म नाज़िल कर चुका है कि जब तुम सुन लो कि ख़ुदा की आयतों से ईन्कार किया जाता है और उससे मसख़रापन किया जाता है तो तुम उन (कुफ्फ़ार) के साथ मत बैठो यहॉ तक कि वह किसी दूसरी बात में ग़ौर करने लगें वरना तुम भी उस वक्त उनके बराबर हो जाओगे उसमें तो शक ही नहीं कि ख़ुदा तमाम मुनाफ़िक़ों और काफ़िरों को (एक न एक दिन) जहन्नुम में जमा ही करेगा	उन्होंने तुम्हें लिखी गई बुक में बताया है कि जब तुम ईसा वचन सुनते हो जो गलती से या मजाक से कहा जाता हो, तो तुम उन्हें सुनते समय उनके साथ न रहो. इन्हें किसी और विषय पर चर्चा करना होगा बाकी हो तो तुम उनकी तरह हो जोग. ईसा वचन में बताया गया है कि ईसा व्यक्ति हिंसक लोगों को इकट्ठा कर देगा और असत्य लोगों को हिलाल देगा हिला दिया जाएगा।	0.6692195534706116	0.3728136718273163	0.346809983253479
[ BUBBLING ]	[बुदबुदाती]	बूब्बलिंग	0.7672469615936279	0.4981549084186554	0.21526111662387848
What is your GroupWise User ID?	आपका GroupWise उपयोक्ता आईडी क्या है?	आपका ग्रुपवीज़ यूज़र आई.डी. क्या है?	0.771021842956543	0.8699719309806824	0.9024941325187683
Message Header	संदेश शीर्ष	मैसेज हेडर	0.7154860496520996	0.4560585021972656	0.5310651063919067
"""Or (why) has not a treasure been granted to him, or why has he not a garden whereof he may eat?"" And the Zalimun (polytheists and wrong-doers, etc.) say: ""You follow none but a man bewitched."""	"या इसकी ओर कोई ख़ज़ाना ही डाल दिया जाता या इसके पास कोई बाग़ होता, जिससे यह खाता।"" और इन ज़ालिमों का कहना है, ""तुम लोग तो बस एक ऐसे व्यक्ति के पीछे चल रहे हो जो जादू का मारा हुआ है!"""	“लेकिन (क्यों) किसे धन प्राप्त हुआ है उसमें नहीं या उसे किसे एक खेत है जहाँfrom जो उसे खाने के लिए है वही उसे चिड़िया बना सकती है” और जालिमों (दोहरते-दोहराने वाले, गलत काम करने वाले, आदि जैसे लोग) कहते हैं: “तुम्हारे पास किसी और कोई नेता है जिस पर तुम उसका पालन करती हो”.	0.6873313784599304	0.49033746123313904	0.4754405915737152
Go to the next image of the gallery	दीर्घा के अगली छवि पर जाएँ	गैलरी में अगली तस्वीर देखें	0.7367002964019775	0.6566000580787659	0.9117791056632996
Come on!	चलो!	अरे! आओ गेंद को पकड़ो!	0.7669677734375	0.5973878502845764	0.667121171951294
Have you read the help file?	क्या आपने मदद फ़ाइल पढ़ ली है?	क्या आपने मदद फ़ाइल पढ़ी है?	0.9849172234535217	0.9648484587669373	0.9090375900268555
Style	शैलीComment	स्टाइल	0.6870217323303223	0.7262117266654968	0.8822693228721619
I'm sorry, I can't remember.	मुझे माफ करना, मैं याद नहीं कर सकता हूँ.	मुझे खेद है, मैंने याद नहीं रखा।	0.8607811331748962	0.7623428106307983	0.7070145606994629
The IP address as seen by the machine	मशीन द्वारा देखा गया IP पता	राज्य से माना जाने वाला पता मैकीन की देखरेख में	0.7619720697402954	0.4497751295566559	0.36661189794540405
- Why not?	-क्यों नहीं हो?	क्यों नहीं?	0.8967430591583252	0.8848868012428284	0.919041633605957
He said: My Lord! Give me victory over folk who work corruption.	"उसने कहास ""ऐ मेरे रब! बिगाड़ पैदा करनेवाले लोगों के मुक़ावले में मेरी सहायता कर।"""	उन्होंने कहा: हे राजा! मुझे लोगों से लालच का जीतना-जीतना दिलाना चाहते हैं।	0.7056940793991089	0.42091307044029236	0.27989476919174194
Composer Window default height	कंपोजर विंडो तयशुदा ऊंचाई	कॉम्पोज़र विंडो का डिफ़ॉर्मेट हाइट	0.7750706672668457	0.5277442336082458	0.5349665880203247
What happened to Omar?	उमर को क्या हुआ?	ओमार का क्या हुआ?	0.9365384578704834	0.8906535506248474	0.8658614158630371
I'llmakeacall.	-मैं फ़ोन कर दूंगी।	मैं फोन कर लूँगा।	0.8844262361526489	0.8585533499717712	0.8555301427841187
The unbelieving assembly of his nation said: 'This is but a human like you, who desires to gain superiority over you. Had Allah willed, He could have sent down angels. We never heard of this among our ancient forefathers.	"इसपर उनकी क़ौम के सरदार, जिन्होंने इनकार किया था, कहने लगे, ""यह तो बस तुम्हीं जैसा एक मनुष्य है। चाहता है कि तुमपर श्रेष्ठता प्राप्त करे।""""अल्लाह यदि चाहता तो फ़रिश्ते उतार देता। यह बात तो हमने अपने अगले बाप-दादा के समयों से सुनी ही नहीं"	उनकी धर्मभेदी सभा ने कहा: 'यह एक मानव है, जो आपसे प्राप्त करना चाहता है कि वे आपसे ऊपर हो। अगर अल्लाह चाहता था तो वह आकाशियों में दान किए हुए Angels को नीचे कर देता था। हमने अपने पूर्वजों के साथ इस तरह की किसी बात को कभी नहीं सुना है।	0.7259429097175598	0.5706925988197327	0.6809043884277344
"[We said], ""And take in your hand a bunch [of grass] and strike with it and do not break your oath."" Indeed, We found him patient, an excellent servant. Indeed, he was one repeatedly turning back [to Allah]."	"""और अपने हाथ में तिनकों का एक मुट्ठा ले और उससे मार और अपनी क़सम न तोड़।"" निश्चय ही हमने उसे धैर्यवान पाया, क्या ही अच्छा बन्दा! निस्संदेह वह बड़ा ही रुजू रहनेवाला था"	हमने कहा, “और इस बारे में सुनें कि आप अपने हाथ में कुछ पौधे लेकर और उसे चोट न दें और अपनी ईमानदारी को टूटने दें.” हाँ, हमने इस व्यक्ति की नज़रें देखी कि वह शांत, अच्छा सेवक था। हाँ, हमने उसका एक बार वापस देखना देखा कि वह हमेशा Allah की ओर देखने में सक्षम था।	0.7174988985061646	0.4772320091724396	0.46461623907089233
My fault, Alan.	हम Bellagio में थे?	मेरी गलती अलान।	0.6307565569877625	0.39073413610458374	0.4692591726779938
To Him is referred the knowledge of the hour, and there come not forth any of the fruits from their coverings, nor does a female bear, nor does she give birth, but with His knowledge; and on the day when He shall call out to them, Where are (those whom you called) My associates? They shall say: We declare to Thee, none of us is a witness.	"उस घड़ी का ज्ञान अल्लाह की ओर फिरता है। जो फल भी अपने कोषों से निकलते है और जो मादा भी गर्भवती होती है और बच्चा जनती है, अनिवार्यतः उसे इन सबका ज्ञान होता है। जिस दिन वह उन्हें पुकारेगा, ""कहाँ है मेरे साझीदार?"" वे कहेंगे, ""हम तेरे समक्ष खुल्लम-ख़ुल्ला कह चुके है कि हममें से कोई भी इसका गवाह नहीं।"""	उनके प्रति युद्ध है ज्ञान, और इन्हें उनके चपटे कवर से फल नहीं उगाते, न ही महिलाएँ होती हैं, न ही वे जिनका पालन करती हैं, वे ज्ञान से चारजोर करते हैं; और जब वे अपना नाम आजमाएँगे, तो क्या वे आजमाएँगे कि नहीं हैं वे (आपका नाम) अपने साथी हैं? वे कहते हैं: हमें आपका नाम आजमाते हुए, हमें आपकी प्रशंसा करते हैं; आप हमारे साथ प्यार करते हैं, और आप हमें किसी का पालन नहीं करते हैं, आप हमारे पालन के लिए हमेशा तैयार हैं;	0.6543969511985779	0.39852091670036316	0.26203611493110657
We discontinued the name four years ago.	हम चार साल पहले नाम को बंद कर दिया.	पाँच साल पहले हमने नाम बंद कर दिया था।	0.8736276626586914	0.8573905229568481	0.8580180406570435
Or do they say, 'He has forged against God a lie?' But if God wills, He will set a seal on thy heart; and God blots out falsehood and verifies the truth by His words; He knows the thoughts within the breasts.	"(क्या वे ईमान नहीं लाएँगे) या उनका कहना है कि ""इस व्यक्ति ने अल्लाह पर मिथ्यारोपण किया है?"" यदि अल्लाह चाहे तो तुम्हारे दिल पर मुहर लगा दे (जिस प्रकार उसने इनकार करनेवालों के दिल पर मुहर लगा दी है) । अल्लाह तो असत्य को मिटा रहा है और सत्य को अपने बोलों से सिद्ध कर रहा है। निश्चय ही वह सीनों तक की बात को भी भली-भाँति जानता है"	या उन्होंने कहा कि 'उसे गोद का झूठ बनाया है?' लेकिन अगर गोद का वफादारी हो, तो वह तुम्हारे दिल में एक संकेत रखेगी; और गोद को यकीन होते हुए, झूठ को भूलता है और सत्यता को अपने शब्दों से जाँचता है; वह चेतना के बीच से जानता है।	0.7447313666343689	0.36500656604766846	0.4854913651943207
And recall what time We vouchsafed unto Musa the Book and the distinction that haply ye may be guided.	और (वह वक्त भी याद करो) जब मूसा को (तौरेत) अता की और हक़ और बातिल को जुदा करनेवाला क़ानून (इनायत किया) ताके तुम हिदायत पाओ	और मुसा को ये बुक और हम आपको अलग-अलग निर्देश बता रहे थे कि क्या आप निर्देशों के बारे में सोचने लगे।	0.6309093236923218	0.39339154958724976	0.49715033173561096
Have you not regarded that Allah knows whatever there is in the heavens and whatever there is in the earth? There dost not takes place any secret talk among three, but He is their fourth [companion], nor among five but He is their sixth, nor when they are less than that or more but He is with them wherever they may be. Then He will inform them about what they have done on the Day of Resurrection. Indeed Allah has knowledge of all things.	क्या तुमने इसको नहीं देखा कि अल्लाह जानता है जो कुछ आकाशों में है और जो कुछ धरती में है। कभी ऐसा नहीं होता कि तीन आदमियों की गुप्त वार्ता हो और उनके बीच चौथा वह (अल्लाह) न हो। और न पाँच आदमियों की होती है जिसमें छठा वह न होता हो। और न इससे कम की कोई होती है और न इससे अधिक की भी, किन्तु वह उनके साथ होता है, जहाँ कहीं भी वे हो; फिर जो कुछ भी उन्होंने किया होगा क़ियामत के दिन उससे वह उन्हें अवगत करा देगा। निश्चय ही अल्लाह को हर चीज़ का ज्ञान है	क्या तुमने ने नहीं सोचा है कि अल्लाह कुछ भी हवाई में और कुछ भी पृथ्वी में है? वह उन्हें तीन के बीच की किसी रहस्यमय बात नहीं है, लेकिन वह उनके चौथे के रूप में है या पाँच के बीच है लेकिन वह उनके सातवें के रूप में है, या जब वे कम हों या ज़्यादा हों लेकिन वह उनके साथ कहीं भी है; तब भी वह उन्हें रज़ा की दिनचर्या के बारे में जानता है। तो यह सच है कि अल्लाह सब कुछ जानता है।	0.7541220784187317	0.535772442817688	0.6577199697494507
I'll take poison.	मैं जहर खाउंगी.	मैं कोहरे का सेवन करूँगी।	0.8005938529968262	0.5028560757637024	0.7024489641189575
Why would I want to live anywhere else?	क्यों मैं कहीं और नहीं जीना चाहता है?	क्यों मुझे ऐसा भी रहना चाहिए?	0.8101373910903931	0.6305367946624756	0.5743623375892639
Bad argument	बुरा तर्क	बड़ा तर्क	0.9135832786560059	0.8370696306228638	0.8847322463989258
Absolutely brilliant! Thank God for you, son!	आप के िलए भगवान का शुक्र है, बेटा!	बिल्कुल शानदार! ताना के लिए भगवान का शुक्र!	0.7541501522064209	0.8203514218330383	0.6798681020736694
That too a 70 year old man	वह भी एक 70 वर्षीय व्यक्ति	बहुत छोटे से बचता हूँ	0.6709240078926086	0.3276326656341553	0.1290547102689743
The innitiative is towards creating a repository of work, testimonies, video and photographs to be shared through their site before, during and after the conference.	यह पहल सम्मेलन के दौरान, उससे पूर्व व उसके बाद के किए गए कार्यों, प्रशंसा पत्रों, वीडियो व चित्रों को विविध साइटों के जरिए साझा करने रूप में है.	कॉन्फ़्रेंस पर आधारित सभा के लिए एक निर्मातावाद का प्रयास है जिसमें उनकी साइट पर पहले, दौरान और उसके बाद के समय में उनके संपूर्ण कार्य, परीक्षाएँ और फोटो शामिल करना।	0.7456451654434204	0.5886809229850769	0.6098163723945618
[laughter] woman:	[हंसी] महिला: क्या तुम हर संभव तरीका आज़मा रहे हो?	लव:	0.6734808087348938	0.32198676466941833	0.24670755863189697
Display the time column in the main window.	प्रधान विंडो में समय स्तंभ दिखाएँ.	मेन्वाइज़ विज़ुअलाइज़ कर दें टाइम कॉलम।	0.6546499729156494	0.4354579746723175	0.27738460898399353
Take the needle now.	अब सुई ले लो!	नेड ले ले।	0.7597658038139343	0.5181277394294739	0.2454109936952591
These people respect you.	इन लोगों को आप सम्मान करते हैं।	ये लोग आपको सम्मान देते हैं।	0.8994905948638916	0.861725389957428	0.8935606479644775
- Yes.	- हाँ.	जी हाँ।	0.8145982027053833	0.8962923884391785	0.9312915802001953
Location of installed Qt plugins	संस्थापित क्यूटी प्लगइन्स के स्थान	स्थित क्वीट प्लग-इन्स की स्थान	0.8323349356651306	0.6374735236167908	0.39334118366241455
"(Jacob) said, ""I shall not send him with you until you solemnly promise me before God to return him to me unless you are prevented from doing so."" When they gave their promise, he said, ""God is the Witness of what we have said""."	ये जो अबकी दफा लाए थे थोड़ा सा ग़ल्ला है याकूब ने कहा जब तक तुम लोग मेरे सामने खुदा से एहद न कर लोगे कि तुम उसको ज़रुर मुझ तक (सही व सालिम) ले आओगे मगर हाँ जब तुम खुद घिर जाओ तो मजबूरी है वरना मै तुम्हारे साथ हरगिज़ उसको न भेजूंगा फिर जब उन लोगों ने उनके सामने एहद कर लिया तो याक़ूब ने कहा कि हम लोग जो कह रहे हैं ख़ुदा उसका ज़ामिन है	जाब ने कहा, “मैं तुम्हें इस बारे में सुनिश्चित करने के लिए तुम्हें वादा करना चाहता हूँ कि ब्रह्म में तुम्हें प्रतिज्ञा देना।” जब तुम उनका वादा कर गए थे, तो उन्होंने कहा, “गोद का प्रतीक है जो हमने कहा है”.	0.6649104952812195	0.44298163056373596	0.3159145712852478
Like an old lover they forgive, but they will never forget.	वे माफ कर एक पुराने प्रेमी, पसंद है, लेकिन वे कभी नहीं भूल जाएगा.	किसी भी तरह के प्रेमी के रूप में उनका विश्वास है, लेकिन वे कभी भी याद नहीं रखेंगे।	0.7790946364402771	0.4671649634838104	0.5890346765518188
O you who have believed, when you [wish to] privately consult the Messenger, present before your consultation a charity. That is better for you and purer. But if you find not [the means] - then indeed, Allah is Forgiving and Merciful.	ऐ ईमान लानेवालो! जब तुम रसूल से अकेले में बात करो तो अपनी गुप्त वार्ता से पहले सदक़ा दो। यह तुम्हारे लिए अच्छा और अधिक पवित्र है। फिर यदि तुम अपने को इसमें असमर्थ पाओ, तो निश्चय ही अल्लाह बड़ा क्षमाशील, अत्यन्त दयावान है	आप जो लोगों ने विश्वास कर लिया है, वे आप अपने संवेदनशीलता से मेसेजर के साथ बात करने के लिए तैयार हैं कि कि कोई भी आप अपने संवेदनशीलता से आप तक पहुँचेंगे, वह बेहतर है कि आप उस में धन्यवाद देते हैं | लेकिन अगर आपको उस चीज़ का माध्यम नहीं मिले तो यह भी सच है कि अल्लाह ने माफी देने वाला और दयालु है।	0.7004092335700989	0.4443775415420532	0.4332674741744995
O mankind! Lo! We have created you male and female, and have made you nations and tribes that ye may know one another. Lo! the noblest of you, in the sight of Allah, is the best in conduct. Lo! Allah is Knower, Aware.	लोगों हमने तो तुम सबको एक मर्द और एक औरत से पैदा किया और हम ही ने तुम्हारे कबीले और बिरादरियाँ बनायीं ताकि एक दूसरे की शिनाख्त करे इसमें शक़ नहीं कि ख़ुदा के नज़दीक तुम सबमें बड़ा इज्ज़तदार वही है जो बड़ा परहेज़गार हो बेशक ख़ुदा बड़ा वाक़िफ़कार ख़बरदार है	मानव! ज्यादातर लोगों को देखने में तुम मूल रूप से पुरुष और महिलाएं हैं, और तुम इन्हें समुदायों और जातियों के रूप में बना है जिससे तुम एक-दूसरे को जानो। ज्यादातर लोगों के लिए, तुम सबसे अच्छे व्यवहार से दूसरों को जानने के लिए इस तरह बनाए गए हैं। जो सबसे अच्छा तुम्हारा व्यवहार है, उसमें तुम सबसे अच्छा हो। जो तुम्हारा ज्ञान है, उसे तुम जानते हो।	0.6600009202957153	0.40688177943229675	0.5934942960739136
We shall maintain proper justice on the Day of Judgment. No soul will be wronged the least. For a deed even as small as a mustard seed one will duly be recompensed. We are efficient in maintaining the account.	और हम बज़नी, अच्छे न्यायपूर्ण कामों को क़ियामत के दिन के लिए रख रहे है। फिर किसी व्यक्ति पर कुछ भी ज़ुल्म न होगा, यद्यपि वह (कर्म) राई के दाने के बराबर हो, हम उसे ला उपस्थित करेंगे। और हिसाब करने के लिए हम काफ़ी है	आलेखा के दिन के दिन हम न्याय सुनिश्चित रखेंगे। किसी को जो कुछ हो सकता है, वो कम से कम होगा। किसी को भी किसी तरह का दंड नहीं दिया जाएगा। एक छोटी चम्मच का दिलचस्पी से जुटा किया गया व्यक्ति को उसका सही भुगतान होगा। हम जिम्मेदार हैं उसके लिए खाता रिकॉर्ड बनाए रखने में	0.7008879780769348	0.5258352756500244	0.459384560585022
Spanish (Honduras)	स्पेनी (होंडुरास)	स्पेन (होंडुरास)	0.9678808450698853	0.9258170127868652	0.9241674542427063
We must watch Rahul getting beaten up!	राहुल को पीटते देखने में मजा आएगा !	राहुल को मार-चल कर देते हैं तो देखें!	0.7895730137825012	0.6258198618888855	0.5519260168075562
Go to the home page	घर पृष्ठ पर जाएँ	घर पर लॉगिन करें	0.79994797706604	0.6612251400947571	0.7572613954544067
Certificate problem: %s Issuer: %s	प्रमाणपत्र समस्या: %s निर्गमक: %s	सेर्टिफ़िकेट प्रॉब्लम: %s इज़रोलर: %s	0.7647911310195923	0.6280429363250732	0.6542901992797852
I am not against you.	मैं आप के खिलाफ नहीं हूं.	मैं तुम्हारे खिलाफ नहीं हूँ।	0.9042069315910339	0.9496150612831116	0.9369648694992065
Would you question your Apostle as Moses was questioned formerly? Whoever changes faith for unfaith certainly strays from the right way.	(ऐ ईमानवालों! तुम अपने रसूल के आदर का ध्यान रखो) या तुम चाहते हो कि अपने रसूल से उसी प्रकार से प्रश्न और बात करो, जिस प्रकार इससे पहले मूसा से बात की गई है? हालाँकि जिस व्यक्ति न ईमान के बदले इनकार की नीति अपनाई, तो वह सीधे रास्ते से भटक गया	आप मोज़ेस के पहले से जैसे पूछा क्या वह अपना Apostle पूछा था? ऐसा बदलने वाला लोग असफल रास्ते से हो जाता है |	0.6840313673019409	0.3508020341396332	0.39189282059669495
The austerity imposed by Berlin and the European Central Bank, coupled with the straitjacket imposed on national economies through adherence to the common currency, has led many people to think Project Europe has gone too far.	बर्लिन और यूरोपियन सेन्ट्रल बैंक द्वारा लगाए गए कठोर नियमों के साथ ही, समान मुद्रा का अनुपालन करने के माध्यम से राष्ट्रीय अर्थव्यवस्थाओं पर लगाई गई बाधाओं के कारण बहुत लोगों को सोचना पड़ रहा है कि प्रोजेक्ट यूरोप बहुत दूर चला गया है।	बेर्लिन और यूरोपीय सेंट्रल बैंक द्वारा लगाए गए आर्थिक सख्तता और राष्ट्रीय अर्थव्यवस्था पर पालन करने पर संयुक्त रूप से एक सख्ती से निर्धारित व्यावसायिक रूप से सख्ती से प्रतिबंध लगाया गया है, जिससे कई लोगों का सोचा है कि प्रोजेक्ट यूरोप ने इतनी ज़्यादा दूर जाने पर लगाए गए प्रतिबंध हैं |	0.8022066354751587	0.48804759979248047	0.5591074824333191
Ilir...	Llir...	इलिर...	0.8307778835296631	0.6778940558433533	0.7201693058013916
And strive hard in Allah's Cause as you ought to strive (with sincerity and with all your efforts that His Name should be superior). He has chosen you (to convey His Message of Islamic Monotheism to mankind by inviting them to His religion, Islam), and has not laid upon you in religion any hardship, it is the religion of your father Ibrahim (Abraham) (Islamic Monotheism). It is He (Allah) Who has named you Muslims both before and in this (the Quran), that the Messenger (Muhammad SAW) may be a witness over you and you be witnesses over mankind! So perform As-Salat (Iqamat-as-Salat), give Zakat and hold fast to Allah [i.e. have confidence in Allah, and depend upon Him in all your affairs] He is your Maula (Patron, Lord, etc.), what an Excellent Maula (Patron, Lord, etc.) and what an Excellent Helper!	और परस्पर मिलकर जिहाद करो अल्लाह के मार्ग में, जैसा कि जिहाद का हक़ है। उसने तुम्हें चुन लिया है - और धर्म के मामले में तुमपर कोई तंगी और कठिनाई नहीं रखी। तुम्हारे बाप इबराहीम के पंथ को तुम्हारे लिए पसन्द किया। उसने इससे पहले तुम्हारा नाम मुस्लिम (आज्ञाकारी) रखा था और इस ध्येय से - ताकि रसूल तुमपर गवाह हो और तुम लोगों पर गवाह हो। अतः नमाज़ का आयोजन करो और ज़कात दो और अल्लाह को मज़बूती से पकड़े रहो। वही तुम्हारा संरक्षक है। तो क्या ही अच्छा संरक्षक है और क्या ही अच्छा सहायक!	अपने पिता इब्राहिम (अबू लबाब) (इस्लाम की धर्म-विधि) से चुने जाने (सincerाई और अपनी सभी प्रयासों के साथ) है और इस धर्म की इस religion में आपको कठोरता नहीं लगाई है (लेकिन इस धर्म का धर्म-नाम आपके पिता इब्राहिम (अबू लबाब) का इब्राहिम (इस्लाम का धर्म-विधि) है), यह धर्म आपके पिता इब्राहिम (अबू लबाब) से चुना गया है (इस्लाम का धर्म-विधि) और इस धर्म का धर्म-नाम आपके दादा इब्राहिम (मुहम्मद सAW) से पहला और इसे आपके दादा इब्राहिम (मुहम्मद सAW) से अब तो यह धर्म-	0.6692971587181091	0.37980732321739197	0.25630947947502136
So does Joy Behar. - We're going up, guys.	कैसे मुक्केबाज़ी कि सवारी अंदर मुझे लगता है इसलिए वे इसे सिन सिटी कहते हैं.	जोय बराह भी कहती हैं। - हमारे लिए आग बढ़ रहे हैं।	0.6492209434509277	0.4004131555557251	0.31946229934692383
- Well then get in the game.	- तो ठीक खेल में मिलता है.	- फिर गेम में जाना।	0.7935910224914551	0.6542322635650635	0.5827348828315735
"and say, ""Exaltations be to our Lord! The promise of our Lord is done.'"	"और कहते है, ""महान और उच्च है हमारा रब! हमारे रब का वादा तो पूरा होकर ही रहता है।"""	"और कहें, ""अरे हमारे राजा को प्रशंसा! हमारे राजा की प्रतिज्ञा हमारी प्रतिज्ञा से संगत है।”"	0.7569746375083923	0.6200888156890869	0.5693410634994507
O O Ye who believe! prescribed unto you is retaliation for the slain; the free for the free, and a bondsman for a bondsman, and a woman for a woman; yet unto whomsoever is pardoned aught by his brother, then a serving with lenity and payments with kindness. That is an alleviation from your Lord and a mercy so whosoever shall transgress thereafter, for him there shall be a torment afflictive.	ऐ मोमिनों जो लोग (नाहक़) मार डाले जाएँ उनके बदले में तुम को जान के बदले जान लेने का हुक्म दिया जाता है आज़ाद के बदले आज़ाद और ग़ुलाम के बदले ग़ुलाम और औरत के बदले औरत पस जिस (क़ातिल) को उसके ईमानी भाई तालिबे केसास की तरफ से कुछ माफ़ कर दिया जाये तो उसे भी उसके क़दम ब क़दम नेकी करना और ख़ुश मआमलती से (ख़ून बहा) अदा कर देना चाहिए ये तुम्हारे परवरदिगार की तरफ आसानी और मेहरबानी है फिर उसके बाद जो ज्यादती करे तो उस के लिए दर्दनाक अज़ाब है	ओ ईसा भाई जो विश्वासी हैं! उसे अपने मारे जाने के लिए आपको सलाह दी गई है; वह तो पूर्णरूप से पूरे पापों का प्रतिस्थापन करता है, पूर्णरूप से मुक्त होता है, एक स्व-विन्यात्नी के साथ एक स्व-विन्यात्नी के रूप में होता है, और एक महिला एक महिला के रूप में होती है; लेकिन जो किसी को अपने मारे जाने वाले को किसी की छूट देने देता है, तो उसे सौहार्द के साथ अपने साथ देना और दया के साथ धन देना चाहिए; ऐसी छूट व्यक्ति के लिए उसे दुख से सहन करना होगा।	0.6684266924858093	0.42354586720466614	0.545138955116272
Yeah, I could break this glass and use it as a cutting edge.	हाँ, मैं इस कांच तोड़ने और एक अत्याधुनिक के रूप में यह इस्तेमाल कर सकते हैं.	हाँ, मैं इस ग्लास को काटने के बाद इस्तेमाल कर सकता हूँ।	0.7955377697944641	0.5642285943031311	0.7160203456878662
I had an MRI once and the nurse talked me through the whole thing, so do you mind doing that?	मैं एक एमआरआई एक बार किया था और नर्स ने मुझे पूरी बात के माध्यम से बात की, तो आप ऐसा कर बुरा नहीं?	मैंने पहले एमआरआई कराई थी और नurse ने पूरे प्रक्रिया को मैंने तुम्हें समझाने के लिए बोला। तुम मुझे यह समझाने में रुचि रखती हो, क्या?	0.764491856098175	0.5870088934898376	0.4856390058994293
Abraham enjoined this [creed] upon his children, and [so did] Jacob, [saying], ‘My children! Allah has indeed chosen this religion for you; so do not die except as those who have surrendered themselves [to Allah].	"और इसी की वसीयत इबराहीम ने अपने बेटों को की और याक़ूब ने भी (अपनी सन्तानों को की) कि, ""ऐ मेरे बेटों! अल्लाह ने तुम्हारे लिए यही दीन (धर्म) चुना है, तो इस्लाम (ईश-आज्ञापालन) को अतिरिक्त किसी और दशा में तुम्हारी मृत्यु न हो।"""	अभ्राम ने अपने बच्चों पर इस [विशिष्ट धर्म] को लागू कर दिया और जैकब ने कहा, “मेरे बच्चे! अल्लाह ने यह धर्म तुम्हारे लिए चुना है; तुम नहीं मरोगे जो अल्लाह से समर्पित होते हो।	0.764331579208374	0.6220673322677612	0.6715160012245178
Look. You look like you've had a really rough day.	सुनो, ऐसा लगता है कि आप दिन मुश्किल भरा था.	जो लो। तुम्हारी तरह का दिन कैसा रहा होगा?	0.7085886001586914	0.44976118206977844	0.28638142347335815
In most cases, the process will slow down or stall -- something a pediatrician can monitor closely.	अधिकांश मामलों में यह प्रक्रिया धीमी हो जाएगी अथवा रुक जाएगी - जिसका बाल चिकित्सक नज़दीक से निरीक्षण कर सकते हैं।	आमतौर पर, प्रसारी के अनुसार, प्रक्रिया धीमी हो जाएगी या बाधित हो जाएगी - एक प्रसारी के लिए यह निगरानी करने में मदद मिलेगी।	0.7690357565879822	0.4982663691043854	0.6394231915473938
This key should contain a list of XML structures specifying custom headers, and whether they are to be displayed. The format of the XML structure is &lt;header enabledgt; - set enabled if the header is to be displayed in the mail view.	कुंजी को मनपसंद शीर्षिका निर्दिष्ट करने वाली XML संरचना को समाहित करनी चाहिए, और क्या उसे निष्क्रिय किया जाना है. XML संरचना का प्रारूप &lt;header enabledgt; है - सक्रिय के रूप में सेट करें अगर हेजर को डाक दृश्य में दिखाया जाना है.	यह कुंजी XML प्रारूप को बताने के लिए रखेंगी जिसमें सुविधाएँ हैं और वह किस प्रकार से दिखाया जाएगा। XML प्रारूप का प्रकार &lt;header> - यह प्रारूप में से है कि का निर्धारण किया जाएगा कि यह ईमेल देखा जाने वाला प्रारूप है या नहीं।	0.7461577653884888	0.5458918213844299	0.5095235109329224
Self-control is a lover I've known too long, Ptolemy.	मैं भी लंबे समय से जाना जाता है आत्म नियंत्रण टॉलेमी, एक प्रेमी है.	प्टोलेम के अनुसार, मैं आपको अपनी पसंद का स्वामी हूँ, सेल्सियू।	0.6974967122077942	0.3920004069805145	0.36598852276802063
- ( Gasps )	- (हांफते हुए)	- (Gasps)	0.801396906375885	0.42975154519081116	0.23776684701442719
After the war, the French political elite saw the EU as a vehicle to keep Germany in check, and to give Paris equal billing in the world with Washington.	यूद्ध के पश्चात फ्रांस के शीर्ष राजनीतिज्ञों ने ई.यू. को जर्मनी को नियंत्रित रखने, तथा पेरिस को दुनिया में वांशिगटन के बराबर बिलिंग प्रदान करने के उपाय के रूप में देखा था।	युद्ध के बाद, फ़्रेंच राजनीतिक नेता यूरोपीय संघ को जर्मनी को नियंत्रित करने और वाशिंगटन के साथ दुनिया में बराबर होने का साधन देखते हैं.	0.7862558364868164	0.7527579665184021	0.8101370334625244
Display Images on Page	पृष्ठ पर छवि दिखाएँ	पेज पर दिखाने वाले चित्र	0.7817749977111816	0.7452098727226257	0.9083144664764404
© P@rM! NdeR M@nkÖÖ ™	©@ पीआर एम nderएम@ NKOहे	@प@रएम! न्दर म@ंकोऍऋ	0.6807031035423279	0.6278632283210754	0.654689610004425
Selected file name in the file manager plugin	चयनित फ़ाइल नाम इंच फ़ाइल प्लगइन	फाइल मैनेजर प्लग-इन के चुने जाने वाले फ़ाइल का नाम	0.8104401230812073	0.6250155568122864	0.4598035216331482
And We have not sent before you but men from (among) the people of the towns, to whom We sent revelations. Have they not then travelled in the land and seen what was the end of those before them? And certainly the abode of the hereafter is best for those who guard (against evil); do you not then understand?	तुमसे पहले भी हमने जिनको रसूल बनाकर भेजा, वे सब बस्तियों के रहनेवाले पुरुष ही थे। हम उनकी ओर प्रकाशना करते रहे - फिर क्या वे धरती में चले-फिरे नहीं कि देखते कि उनका कैसा परिणाम हुआ, जो उनसे पहले गुज़रे है? निश्चय ही आख़िरत का घर ही डर रखनेवालों के लिए सर्वोत्तम है। तो क्या तुम समझते नहीं? -	और हमने आपको पहले से नहीं भेजा है लेकिन सारे शहरों के लोग जो में से एक हैं उनमें से कुछ हैं जिनमें हमने रहस्य भेजे हैं उन्होंने भी इस देश में घूम कर उसे देखा है और उससे पहले उनमें से कौन-कौन से थे उसका पता तो उन्होंने भी उससे पूछा: और यह सुनने वालों के लिए भी सबसे अच्छा है कि यह स्थान अपनी नज़र में है जिस पर विलासा रखने वाले को रोकने की जगह है क्योंकि आपने इस बात पर ध्यान नहीं दिया?	0.748751699924469	0.4378478229045868	0.4649580121040344
Your names	रविशंकर श्रीवास्तव, जी. करूणाकरEMAIL OF TRANSLATORS	आपके नाम	0.5942171812057495	0.3651972711086273	0.7777803540229797
Writing leadout	लीडआउट लिख रहा है	लिखना लोडआउट	0.779355525970459	0.5669154524803162	0.3915169835090637
Pelle...	पेले...	पेल...	0.9337989091873169	0.9061558842658997	0.9219532012939453
Alai!	अलाई!	अलाई!	0.9999999403953552	0.9911060929298401	0.8543210625648499
We could just float.	हम सिर्फ नाव सकता है.	हम बस फ़्लोट सकते हैं।	0.8124966621398926	0.5481247901916504	0.633012056350708
Nordic	नोर्डिक	नॉर्डिक	0.851030707359314	0.9629270434379578	0.9297705888748169
You're crazy to spend so much !	तुम पागल हो जो इतना खर्च कर रहे हो !	आप इतने पैसे खर्च करने के लिए इतना भावुक हैं ?	0.786657989025116	0.6149736642837524	0.563197135925293
Stop!	रुको!	अरे!	0.8924893736839294	0.683380663394928	0.5080658793449402
THAT'S THE LAST TIME I WANNA HEAR YOU SAY MY NAME.	कि पिछली बार मैं तुम्हें मेरा नाम कहते सुना है.	ऐसा था एक बार से मैं तुम्हारे से याद रखना चाहता हूँ कि मेरा नाम तुम कह रही थी।	0.7814350724220276	0.45098677277565	0.18534503877162933
O you who believe, save yourselves and your families from the Fire whose fuel is men and rocks, over which are appointed angels stern and severe as wardens who never disobey what God commands them, and do what they are commanded;	ऐ ईमान लानेवालो! अपने आपको और अपने घरवालों को उस आग से बचाओ जिसका ईधन मनुष्य और पत्थर होंगे, जिसपर कठोर स्वभाव के ऐसे बलशाली फ़रिश्ते नियुक्त होंगे जो अल्लाह की अवज्ञा उसमें नहीं करेंगे जो आदेश भी वह उन्हें देगा, और वे वही करेंगे जिसका उन्हें आदेश दिया जाएगा	आप जो विश्वासी हैं, उस तरह से अपने और अपने परिवार से इस आग को भी बचाने की आवश्यकता है जिसकी पेट्टियों में लोग और पत्थरों से बनी होती है, जिनमें से एक वे पादरी हैं जो कड़ी और दृढ़ हैं जो किसी भी जो इस command में कहता है, उसे भी नहीं अवज्ञता देते हैं और जो उन्हें कहते हैं वही करना चाहते हैं।	0.7132435441017151	0.4532035291194916	0.4903240501880646
You might have enjoyed it.	आप में बहुत मज़ा आया हो सकता है.	जैसा कि आप जान सकते हैं कि इसका आपको पसंद आया।	0.7618653178215027	0.5767862200737	0.560722827911377
We did not teach him (Muhammad) poetry, nor was he supposed to be a poet. It is only the word (of God) and the illustrious Quran	और हमने न उस (पैग़म्बर) को शेर की तालीम दी है और न शायरी उसकी शान के लायक़ है ये (किताब) तो बस (निरी) नसीहत और साफ-साफ कुरान है	हमने उसे कविता सिखाने की कोई जानकारी नहीं दी थी ना ही उसे कवि के रूप में स्थापित किया जाना चाहिए था। इसका सिर्फ ब्रह्म की शब्दावली और पवित्र कुरानी है	0.6717333197593689	0.5488028526306152	0.616759181022644
Let's try the first floor.	चलो पहली मंजिल पर कोशिश करें.	चलो प्रथम फ्लोर पर जाएँगे।	0.8298282027244568	0.7269710898399353	0.5965782999992371
Autosave failed for %s	स्वतः सहेजें असफल के लिए से.	%s को ऑटो सेवा के लिए फ़ाइलों को सave करने की कोशिश की गई है लेकिन यह फ़ाइलों को सave करने में असफल रही है	0.6582901477813721	0.37098389863967896	0.1358060985803604
- We've tried everything.	- हम सब कुछ कोशिश की है।	- हमने जो कुछ भी हुआ है, वो हमने उसे संभालने की कोशिश की है।	0.8064097762107849	0.6218945384025574	0.3706073760986328
"And when they are told, ""Believe as other people have believed,"" they say, ""Are we to believe just as fools believe?"" Surely they are the fools, even though they do not realize it."	और जब उनसे कहा जाता है कि जिस तरह और लोग ईमान लाए हैं तुम भी ईमान लाओ तो कहते हैं क्या हम भी उसी तरह ईमान लाएँ जिस तरह और बेवकूफ़ लोग ईमान लाएँ, ख़बरदार हो जाओ लोग बेवक़ूफ़ हैं लेकिन नहीं जानते	और जब उन्हें कहा जाता है कि “जैसा कि दूसरे लोगों ने सोचा है,” वे कहते हैं, “क्या हम जैसे कुछ भी सोचे बिना सोचेंगे?” हाँ, वे जो भी समझ नहीं जाता है, वे भी ऐसे ही सोचेंगे।	0.7197206616401672	0.469777375459671	0.558883786201477
Give me my gold! Hey!	इस तरह के एक भीड़ में हो मत करो!	मुझे अपना गोल दे! हे!	0.7440366148948669	0.375185489654541	0.27473562955856323
I'll ... - Kill him.	- उसे मार डालुंगा.	मैं... हत्या करूँगा।	0.7299438714981079	0.7565703988075256	0.6589902639389038
You're really tense.	तुम परेशान हो.	तुम बहुत चिंतित हो रहे हो?	0.828735888004303	0.8236986994743347	0.8479635715484619
[They say,] ‘Our Lord! Do not make our hearts swerve after You have guided us, and bestow Your mercy on us. Indeed, You are the All-munificent.	(और दुआ करते हैं) ऐ हमारे पालने वाले हमारे दिल को हिदायत करने के बाद डॉवाडोल न कर और अपनी बारगाह से हमें रहमत अता फ़रमा इसमें तो शक ही नहीं कि तू बड़ा देने वाला है	[उनके भाषण से] ‘हमारे पिताजी! हमें आपके निर्देश के अनुसार नहीं चलने को कहाना चाहिएँ और हमें आपकी राहाबदिलता दीजिएँ। हमें यह महसूस हो जाता है कि आप सभी के लिए विशाल मित्रवत्ता रखती हैं।	0.6876680254936218	0.5097954273223877	0.5510700345039368
We commanded him, “Journey with My bondmen in a part of the night – you will be pursued.”	तो ख़ुदा ने हुक्म दिया कि तुम मेरे बन्दों (बनी इसराईल) को रातों रात लेकर चले जाओ और तुम्हारा पीछा भी ज़रूर किया जाएगा	हमने उन्हें कहते हुए, “मेरे साथ अपने साथ रात को मेरे साथ जाएं - तुम पर लग रही चोरियों की तलाश में होगी।”	0.6896522641181946	0.37013307213783264	0.2857907712459564
You're not leaving me!	तुम मुझे नहीं जा रहे हैं!	तुम मुझे भी छोड़ने नहीं रहोगी!	0.8775989413261414	0.683844268321991	0.5889443159103394
I know.	मुझे पता है।	जानता हूँ।	0.7573300004005432	0.8325569033622742	0.7803698778152466
Assistant	सहायक	असिस्टेंट	0.66973876953125	0.6121482849121094	0.6600834131240845
They said: 'O Hud! You have not brought to us any clear evidence, and we are not going to forsake our gods merely because you say so. We are not going to believe you.	वह लोग कहने लगे ऐ हूद तुम हमारे पास कोई दलील लेकर तो आए नहीं और तुम्हारे कहने से अपने ख़ुदाओं को तो छोड़ने वाले नहीं और न हम तुम पर ईमान लाने वाले हैं	उन्होंने कहा: 'हूद! तुमने हमसे कोई स्पष्ट सबूत नहीं लाया है और हम तो तुम्हें बस अपने देवताओं पर ध्यान देने के लिए नहीं चल रहे हैं बस तुम्हारे निर्देश के कारण हम तुम्हारे बारे में विश्वास नहीं कर रहे हैं।	0.7349743247032166	0.5701862573623657	0.5841631889343262
"Those who have said that the Messiah, son of Mary, is God, have, in fact, committed themselves to disbelief. (Muhammad), ask them, ""Who can prevent God from destroying the Messiah, his mother and all that is in the earth?"" To God belongs all that is in the heavens, the earth, and all that is between them. God creates whatever He wants and He has power over all things."	"निश्चय ही उन लोगों ने इनकार किया, जिन्होंने कहा, ""अल्लाह तो वही मरयम का बेटा मसीह है।"" कहो, ""अल्लाह के आगे किसका कुछ बस चल सकता है, यदि वह मरयम का पुत्र मसीह को और उसकी माँ (मरयम) को और समस्त धरतीवालो को विनष्ट करना चाहे? और अल्लाह ही के लिए है बादशाही आकाशों और धरती की ओर जो कुछ उनके मध्य है उसकी भी। वह जो चाहता है पैदा करता है। और अल्लाह को हर चीज़ की सामर्थ्य प्राप्त है।"""	"जो कहते हैं कि यीशु मारिया का पुत्र है वास्तव में यीशु को विश्वास से विपरीत कहते हैं। उन्हें मुहम्मद से पूछताछ करते हुए, ""यीशु को विश्वास से किसे नुकसान पहुँचा सकता है, यीशु की माँ और सब कुछ जो पृथ्वी पर है?"" विश्व को यीशु द्वारा किया जा सकता है, यीशु के द्वारा किया जा सकता है, और सब कुछ जो यीशु द्वारा किया जा सकता है।"	0.697797954082489	0.46193987131118774	0.46135854721069336
shall be gathered to the appointed time of a known day.	एक नियत समय पर इकट्ठे कर दिए जाएँगे, जिसका दिन ज्ञात और नियत है	एक ज्ञात दिन को समय के निर्धारित तिथि पर इकट्ठा की जानी चाहिए।	0.7805562615394592	0.6306126117706299	0.7969616055488586
Install module	माड्यूल संस्थापित करें	मोड्यूल इंस्टॉल करें	0.8470516800880432	0.662357747554779	0.9156515598297119
What if a child dreamed become other than what society intended he wonder... and what if a child spotted to something greater.	एक बच्चे के अलावा अन्य बन सपना देखा क्या अगर क्या समाज उन्होंने आश्चर्य इरादा ... एक बच्चे को देखा और क्या अगर अधिक से अधिक कुछ है.	अगर कोई बच्चा सामाजिक संदर्भ में किसी तरह का सपना देखा या खोजा तो क्या होगा...और अगर कोई बच्चा किसी बigger चीज़ में सो सकता हो?	0.7326083779335022	0.47807472944259644	0.3731958866119385
_Yes, Change Status	नहीं, स्थिति बदलें	हाँ, चेंज स्टेट्स	0.6968626379966736	0.5411005616188049	0.6530685424804688
Thanks.	- धन्यवाद.	थanks।	0.7310826182365417	0.6894306540489197	0.5772318840026855
My folks are in Palm Springs.	मेरे लोगों पाम स्प्रिंग्स में हैं.	मेरे पापा पैल्मस्प्रिंग में हैं।	0.8667290210723877	0.7366659045219421	0.8622592687606812
Coolant venting. Co2 purge.	कूलेंट निकाल.	कूलेंट वेंटिंग. सी2 वायर पुरे.	0.8188954591751099	0.47525060176849365	0.48074406385421753
Calibration complete.	कैलिब्रेशन पूरा करें.	कैलिब्रेशन पूरा हो गई है।	0.8965511918067932	0.8411068320274353	0.6905329823493958
What would God do with chastising you if you are thankful, and believe? God is All-thankful, All-knowing.	अगर तुमने ख़ुदा का शुक्र किया और उसपर ईमान लाए तो ख़ुदा तुम पर अज़ाब करके क्या करेगा बल्कि ख़ुदा तो (ख़ुद शुक्र करने वालों का) क़दरदॉ और वाक़िफ़कार है	आपको चट्टानों से तोड़ने वाले जैसी सज़ा दे रहे होगे अगर आप धन्यवाद देते हैं और विश्वास करते हैं | भगवान सभी पवित्र हैं, सभी ज्ञानी |	0.6336606740951538	0.3807384967803955	0.5004339218139648
I've painted one each year for twenty years.	मैं पिछले 20 साल से हर साल बना रहा हूँ।	मैंने पिछले दो दशक में एक-एक करके चित्र बनाए हैं।	0.7924951910972595	0.5722925662994385	0.7515107989311218
Excepting any who may have done wrong and thereafter changeth evil for good then verily I am Forgiving, Merciful.	(मुतमइन हो जाते है) मगर जो शख्स गुनाह करे फिर गुनाह के बाद उसे नेकी (तौबा) से बदल दे तो अलबत्ता बड़ा बख्शने वाला मेहरबान हूँ	अन्य लोग जो गलत किया है और इससे आगे चल करे तो भी मेरी दयालु, सहानुभूति वाली हूँ।	0.6746879816055298	0.5178208947181702	0.41007179021835327
Science	विज्ञान	विज्ञान	1.0000001192092896	0.9865797162055969	0.8968744874000549
- Quick as we fucking can.	जल्दी, हम कमबख्त कुछ शुरू कर सकें।	- जितना तो हो सकता है हम उतना ही जल्दी कर सकते हैं।	0.7227650284767151	0.57381272315979	0.7453804016113281
Dude, you really don't want to start comparing stinks.	तुलना करने के लिए ~ शुरू मत करो.	राजा, तुम्हारे मन में यही सोचना नहीं चाहिए कि तुम्हारा कोई साथी कितना स्ट्रैंग है।	0.6605222821235657	0.4769068658351898	0.37561923265457153
But those for whom a good reward had been fore-ordained by Us, will be far removed from it,	ज़बान अलबत्ता जिन लोगों के वास्ते हमारी तरफ से पहले ही भलाई (तक़दीर में लिखी जा चुकी) वह लोग दोज़ख़ से दूर ही दूर रखे जाएँगे	लेकिन उन लोगों के लिए जिनके लिए हमने कोई अच्छी पुरस्कार तय किया था, वे काफी दूर यहाँ रहेंगे	0.665981650352478	0.44994744658470154	0.47428178787231445
For them are everlasting Gardens of Eden, beneath which rivers flow – in it they will be given bracelets of gold to adorn, and shall wear green clothes made of fine silk and gold embroidery, reclining upon thrones in it; what an excellent reward; and what an excellent abode is Paradise!	ऐसे ही लोगों के लिए सदाबहार बाग़ है। उनके नीचे नहरें बह रही होंगी। वहाँ उन्हें सोने के कंगन पहनाए जाएँगे और वे हरे पतले और गाढ़े रेशमी कपड़े पहनेंगे और ऊँचे तख़्तों पर तकिया लगाए होंगे। क्या ही अच्छा बदला है और क्या ही अच्छा विश्रामस्थल!	उनके लिए एडेन के पवित्र जंगल हैं जहां नदियाँ गिरती हैं - इनमें उन्हें सोने की जड़ें भी होंगी जिनमें से परदादलों को चढ़ाया जाएगा और परदादल पर चमकती हुई सफेद रंग की कपड़े बने हुए सोने की चित्रकारी से ढकी होंगी, उन्हें सोचने वाले लोगों को बैठने के लिए भी ऐसी स्थानीय throne दिए जाएंगे, जो उन्हें एक उत्कृष्ट उपहार भी देंगी और उन्हें एक सुंदर स्थान के रूप में प्रस्तुत किया जाएगा!	0.730125904083252	0.4799725413322449	0.48456090688705444
I feel like doing the same thing sometimes.	मैं कभी कभी ही बात कर की तरह लग रहा है.	मुझे ऐसा ही करने की भावना होती है कभी-कभी।	0.773441731929779	0.5325739979743958	0.7104459404945374
St_op Animation	संजीवन रोकें (_o)	स्टॉप ऐनिमेशन	0.6997397541999817	0.466581255197525	0.681596040725708
Unrecognized desktop file Version '%s'	अपरिचित डेस्कटॉप फ़ाइल संस्करण '%s'	अनजाने से डेस्कटॉप फ़ाइल वेरिएशन '%s'	0.86925208568573	0.682826042175293	0.5712648034095764
Hey, baby, what are you doing?	अरे, जानेमन, क्या कर रही हो?	अरे, बेटी, तुम क्या कर रही हो?	0.8832120299339294	0.9114424586296082	0.9014066457748413
Thanks for finding me a home.	मुझे एक घर ढूँढने के लिए धन्यवाद।	मुझे खोजने में आपकी मदद करना।	0.7682086825370789	0.4744681119918823	0.5044757723808289
How did fall down?	कैसे गिरा ये?	फॉल्ट डाउन कैसे हुई?	0.7896657586097717	0.6286726593971252	0.6052619218826294
There are many idols in the hall.	वहाँ हॉल में कई मूर्तियां हैं।	हॉल में कई मंदिर हैं।	0.8739116191864014	0.8004714846611023	0.8579155206680298
When he inhaled Speed weren't you the one who didn't notice him?	जब वह गति से साँस ... ... आप एक है जो उसे नोटिस नहीं किया था नहीं थे?	जब तुमने स्पीड को साँस लेने के लिए ले आए थे, तो तुमने उसे देखा नहीं?	0.7057007551193237	0.4903695285320282	0.5573099255561829
You mean he's doing it deliberately?	आप वह जान - बूझकर यह कर रहा है मतलब है?	तुम्हें यह कहना है कि वे उस तरह से कर रहे हैं?	0.744724690914154	0.6289508938789368	0.6424182653427124
That's the price of admission life hurts.	इससे तुम्हारा कोई संबंध नहीं है.	आम तौर पर ये बात समझाना होगा कि एडमिशन का पैसा जीव को देना दर्द देता है।	0.6659666299819946	0.37507790327072144	0.22330538928508759
Whoever does that, out of hostility and wrongdoing, We will cast him into a Fire. And that would be easy for God.	और जो कोई ज़ुल्म और ज़्यादती से ऐसा करेगा, तो उसे हम जल्द ही आग में झोंक देंगे, और यह अल्लाह के लिए सरल है	अरे, जो ऐसा करता है, हमेशा की तरह द्वेष और गलती से उसे फायर में डालेंगे। और यह हो God के लिए आसान होगा।	0.770047664642334	0.43481674790382385	0.5116052627563477
Feed them, nurture them but still, they can turn on you.	उन्हें खिलाना, उन्हें पोषण... ... लेकिन फिर भी, वे आप पर बारी कर सकते हैं.	उनको खिलाना, उन्हें पोषण देना लेकिन अभी भी वे आपके साथ जैसे हो सकते हैं.	0.8450518250465393	0.49934056401252747	0.5672004222869873
Valid until:	तब तक वैध:	अस्तित्वारा:	0.7395808696746826	0.5546994209289551	0.276272177696228
Love desire its 4 centuries old unfulfilled desire.	कामाग्नि इच्छा... ...ये 4 शताब्दियों पुरानी इच्छा है. लगभग 400 साल पहले...	प्यार की 4 शताब्दी सालों की इच्छा है।	0.7145754098892212	0.5111747980117798	0.4387300908565521
It is almost totally done.	यह लगभग पूरी तरह से किया जाता है.	लगभग पूरा हो चुका है।	0.7659058570861816	0.6721460819244385	0.8119176030158997
Password:	पासवर्ड:	पासवर्ड:	1.0000001192092896	0.9910704493522644	0.8829213976860046
Your emails	raviratlami@ aol. in	आपके ईमेल	0.5827446579933167	0.4576343297958374	0.7083845138549805
I'm gonna leak the photos of your body to the press.	मैं प्रेस करने के लिए अपने शरीर की तस्वीरें रिसाव वाला हूँ.	मैं तुम्हारे शरीर की फ़ोटो लेकर प्रेस को मिलाऊँगा।	0.7639329433441162	0.606171190738678	0.6261204481124878
Look at her features.	अपनी सुविधाओं को देखो.	देखिए उसकी सामान्यता।	0.7108381390571594	0.6101197600364685	0.6247307062149048
Thus He revealed Unto His bondman whatsoever He revealed.	ख़ुदा ने अपने बन्दे की तरफ जो 'वही' भेजी सो भेजी	तदनुसार उनके सेवक को जो ज्ञान मिला वह जो ज्ञान है उनसे उन्होंने बताया।	0.6741690039634705	0.43123504519462585	0.5079959630966187
Writing leadin	लीडइन लिखा जा रहा है	लिखना लीडिंग के लिए	0.7589307427406311	0.6066029071807861	0.4413638412952423
Do they not see that Allah, who created the heavens and the earth and [who] was not exhausted by their creation, is able to revive the dead? Yes, indeed He has power over all things.	क्या उन्होंने देखा नहीं कि जिस अल्लाह ने आकाशों और धरती को पैदा किया और उनके पैदा करने से थका नहीं; क्या ऐसा नहीं कि वह मुर्दों को जीवित कर दे? क्यों नहीं, निश्चय ही उसे हर चीज़ की सामर्थ्य प्राप्त है	क्यों नहीं देखते हैं कि अल्लाह, जो आकाशों और पृथ्वी की निर्माण को स्थापित करता है और जिसे उनका निर्माण सीमित नहीं हुआ था, प्रलय से जीवित होने की क्षमता रखता है, पुष्टि करता है कि वे सभी चीज़ों पर उसका नियंत्रण है।	0.7769428491592407	0.5292903780937195	0.5486990213394165
Those to whom We have given the Scripture recognize it as they recognize their [own] sons. Those who will lose themselves [in the Hereafter] do not believe.	मै तो उनसे बेज़र हूँ जिन लोगों को हमने किताब अता फरमाई है (यहूद व नसारा) वह तो जिस तरह अपने बाल बच्चों को पहचानते है उसी तरह उस नबी (मोहम्मद) को भी पहचानते हैं (मगर) जिन लोगों ने अपना आप नुक़सान किया वह तो (किसी तरह) ईमान न लाएंगें	जिसे हमारा धर्म पढ़ाया गया है, उसे वे जानते हैं कि वे अपने पुत्रों का पालन करते हैं। जो अगलते हैं उनमें अपनी खुद की ख़तरनाकी से बाहर जाते हैं, उसे वे नहीं समझते।	0.687934160232544	0.425841748714447	0.43060070276260376
- CASE: Nothing good.	कुछ भी अच्छा नहीं होगा.	- केस: कुछ भी अच्छा नहीं है।	0.8760167956352234	0.713880717754364	0.7972044944763184
I like it clean.	मुझे सफाई पसंद है.	मुझे यह साफ़ लगता है।	0.8202850222587585	0.60004061460495	0.5706517696380615
(%s) requires a single bool result	(%s) के लिए एकल बूल परिणाम जरूरी है	(से) एक सिरा वाला फ़ॉल्ट result चाहिए	0.7494250535964966	0.4485451877117157	0.26240527629852295
Fitzpatrick's photography class was soon exploring all the classical poses, naughty school girl, sexy tennis player, slutty nurse.	फिट्ज़पैट्रिक की फोटोग्राफ़ी कक्षा जल्दी खोज रही थी... सभी क्लासिक ढंग को, नटखट स्कूल जाने वाली लड़की... कामुक टेनिस खिलाड़ी, गंदी नर्स।	फिटज़ेप्ट्रिक्स की फ़ोटोग्राफ़ी क्लास जल्द ही सभी शास्त्रीय पोज़़़़़़़़़़़़़़़़़़़़़़़़़़़़़़़़़़़़़़्ड़़़़़़़़़़़़़़़़़़़़़़़़़़़़़़़़़़़़़़़़़़़़़़़़़़़़़़़़़़़़़़़़़़़़़़़़़़़़़़़़़़़़़़़़़़़़़़़़़़़़़़़़़़़़़़़़़़़़़़़़़़़़़़़़़़़़़़़़़़़़़़़़़़़़़़़़़़़़़़़़़़़़़़़़़़़़़़़़़़़़़़़	0.7604144215583801	0.1530149281024933	0.23833663761615753
Navarathiri is the theme for the monthly Indian food-blog event Jihva for Ingredients (JFI).	जिव्हा फ़ॉर इनग्रेडिएंट (जेएफआई) मासिक भारतीय पकवान-ब्लॉग के लिए वर्तमान थीम नवरात्रि है.	जीव्हा फ़ॉर इंफ़्रट्रीट (जी.एफ़.आई.) का माहान भारतीय खाना-संग्रह समारोह है। Navarathiri इस महीने का विषय है।	0.7634299397468567	0.7349056601524353	0.44229599833488464
Wherefore admonish thou; admonition hath surely profited,	तो जहाँ तक समझाना मुफ़ीद हो समझते रहो	तद्दूरप्रिय: कारण बताना चाहिए कि; अभ्यास से ही शिक्षित होने की प्रगति हुई है	0.626387894153595	0.5003533959388733	0.33229270577430725
Location:	स्थान:	स्थान:	1.000000238418579	0.9893785119056702	0.863493800163269
We have revealed to you as We revealed to Noah and to the Prophets after him, and We revealed to (Prophets) Abraham, Ishmael, Isaac, Jacob and the tribes, Jesus, Job, Jonah, Aaron, and Solomon, and We gave to David the Psalms.	हमने तुम्हारी ओर उसी प्रकार वह्यड की है जिस प्रकार नूह और उसके बाद के नबियों की ओर वह्यु की। और हमने इबराहीम, इसमाईल, इसहाक़ और याक़ूब और उसकी सन्तान और ईसा और अय्यूब और यूनुस और हारून और सुलैमान की ओर भी वह्यक की। और हमने दाउद को ज़बूर प्रदान किया	हमने तुम्हें नोएब और उसके प्रप्ता नोएब से ज्ञान दिया है, और उसके बाद ज्ञान-दाताओं के बीच (जैसे कि ज्ञान-दाता, प्रप्ता जैकब, इश्मील, इसाकी के अलावा, जैकब, ऑरॉन, सोलमान, और देव) से, जैकब, जोनाह, और अरॉन, और सोलमान के लोगों को भी ज्ञान दिया है, और डेविड को पसाल्म के लोग दिया है।	0.7304685711860657	0.45180264115333557	0.39081960916519165
I thought you wanted to be a pilot.	मैं आप एक पायलट बनना चाहता था.	मुझे लगा कि तुम पायलट बनना चाहती थी?	0.8333628177642822	0.7807984948158264	0.8793697357177734
unnamed	बेनाम	अनाम	0.8215208649635315	0.7642890810966492	0.8239626884460449
But I've no need of mighty deeds	पर ज़रूरत नहीं तुम्हारे शौर्य की मुझे	लेकिन मुझे भी ऐसी कोई भी क्रूरी कृतियाँ नहीं करनी चाहिए	0.6763084530830383	0.6522172689437866	0.465603232383728
Forward message	अग्रेषित संदेश	फॉरवर्ड मैसेज	0.7162675857543945	0.6031840443611145	0.6121450662612915
It is Yonékichi the village the other side that gives you the salt.	पड़ोसी गांव के 'योनेकिची' ने मुझे यहां भेजा है.	योनीकिची गाँव में से है जो तुम्हें नमक देता है।	0.7359132170677185	0.46334370970726013	0.3455800414085388
If you guys want to die, then I will shoot you.	तुम लोगों को मरने के लिए चाहते हैं, तो मैं तुम्हें गोली मार देंगे।	यदि आप लोगों को मार देना चाहते हैं, तो मैं आपको निशाना लगा दूँगा।	0.8208053708076477	0.7410755753517151	0.8084436058998108
They denied him, but We delivered him, and those with him in the ship, and We made them generations replacing one after another, while We drowned those who belied Our Ayat (proofs, evidences, lessons, signs, revelations, etc.). Then see what was the end of those who were warned.	उस पर भी उन लोगों ने उनको झुठलाया तो हमने उनको और जो लोग उनके साथ कश्ती में (सवार) थे (उनको) नजात दी और उनको (अगलों का) जानशीन बनाया और जिन लोगों ने हमारी आयतों को झुठलाया था उनको डुबो मारा	उन्होंने उन्हें नहीं बताया लेकिन हम उन्हें दिया और जहाँ जहाँ तुम्हारे लोग थे, जहाँ तुम्हारे प्रतिनिधियों के साथ थे, और जहाँ तुम्हें दृढ़ता से नहीं बताया गया कि तुम ज़मीन पर रहोगे, हमारी आयतें (सिद्धिये, सबूत, शिक्षाएं, चिह्न, साक्ष्य, अनुस्मारक, आदि), और साक्ष्य, आदि के साथ तुम्हारे प्रति थे और जो लोग हमें झूठ बोलेंगे हमारी आयतों को दूर कर देंगे, तो देखो कि क्या हुआ कि जिन लोगों को हमने चेतावनी दी थी, उन्हें क्या हुआ।	0.6948749423027039	0.4615444540977478	0.46884220838546753
Get those numbers!	उन लोगों की संख्या प्राप्त करें!	उसे दिए गए नंबर को लो!	0.7576435208320618	0.6015780568122864	0.4417908191680908
Now, get in here and enjoy yourselves.	अब, यहाँ में पाने के लिए और अपने आप को आनंद.	अब आइए ये लॉबी में जाएँ और मज़ाक करें।	0.7058979272842407	0.46165773272514343	0.5088417530059814
the one hour Swedish for $95.	एक घंटे का स्वीडिश, $95 में.	एक घंटा स्वीडन फॉर 95 डॉलर है।	0.7952672839164734	0.6003307700157166	0.565489649772644
Wait, Mr. Chakrabarti.	रुको, श्री चक्रवर्ती	रुको, मैम चाक्रबटी।	0.8269491791725159	0.5266577005386353	0.5058861374855042
_Restore Default	तयशुदा का उपयोग करें (_R)	रिफ़ार्म Restor Default	0.5656545758247375	0.49910786747932434	0.44135504961013794
scroll bar	स्क्रॉल पट्टी	स्क्रॉल बार	0.8923476934432983	0.7550545930862427	0.8305128216743469
Say: 'Come, I will recite to you what your Lord forbids you; that you shall associate anything with Him; that you shall be good to your parents, that you shall not kill your children because of poverty, We provide for you and for them, that you shall not commit foul deeds whether openly or in secret, and that you shall not kill the soul that Allah has forbidden except by right. With such Allah charges you, in order that you understand.	(ऐ रसूल) तुम उनसे कहो कि (बेबस) आओ जो चीज़ें ख़ुदा ने तुम पर हराम की हैं वह मैं तुम्हें पढ़ कर सुनाऊँ (वह) यह कि किसी चीज़ को ख़ुदा का शरीक़ न बनाओ और माँ बाप के साथ नेक सुलूक़ करो और मुफ़लिसी के ख़ौफ से अपनी औलाद को मार न डालना (क्योंकि) उनको और तुमको रिज़क देने वाले तो हम हैं और बदकारियों के क़रीब भी न जाओ ख्वाह (चाहे) वह ज़ाहिर हो या पोशीदा और किसी जान वाले को जिस के क़त्ल को ख़ुदा ने हराम किया है न मार डालना मगर (किसी) हक़ के ऐवज़ में वह बातें हैं जिनका ख़ुदा ने तुम्हें हुक्म दिया है ताकि तुम लोग समझो और यतीम के माल के करीब भी न जाओ	ऐसा कहा: 'आइए, मैं आपको बताती हूँ कि आपके राजा ने आपको ऐसा कुछ भी नहीं कहना दिया है जो आपके लिए अच्छा नहीं हो; ऐसा कुछ किसी से भी आपको चुनना होगा; ऐसा आपके पिता से होगा कि आप उनके साथ अच्छा रहें; ऐसा आपके लिए होगा कि हमारे पुत्रों की हत्या की जाए न कि हमारी कमी के कारण, हम आपके लिए भी आपको प्रदान करते हैं कि आप बाहर भी ऐसे कुछ नहीं करें जो आम तौर पर गलत हैं, और ऐसा कोई भी ऐसा हो जो आम तौर पर बाहर भी न करें; और ऐसा आपके लिए होगा कि हमारी आत्मा को किसी को भी नहीं घृणित करके छोड़ दे दे।	0.6274901032447815	0.377956360578537	0.28806933760643005
L.N. Mittal, Sachin Tendulkar, and Bollywood actors Anil Kapoor, Aamir Khan and A.R. Rahman has already arrived in Jodhpur on Thursday evening.	एल.एन.मित्तल, सचिन तेंदुलकर, फिल्म अभिनेता अनिल कपूर, आमिर खान, ए.आर.रहमान गुरुवार शाम ही जोधपुर पहुंचे गए।	एन.एल. मिताल, सचिन तेंदुलार्क, और बॉलीवुड अभिनेता अनिल कपूर, आमिर खान और आर. रामन का जोधपुर में शुक्रवार रात को पहुंचा है।	0.8266887664794922	0.6676494479179382	0.6524382829666138
Font	फ़ॉन्ट	फ़ॉन्ट	1.000000238418579	0.9786588549613953	0.8351082801818848
Timed out trying to get lock file on %s. Try again later.	%s पर लॉक फाइल पाने के लिये कोशिश में समय समाप्त. फिर कोशिश करें.	%s पर लॉक फ़ाइल को प्राप्त करने का प्रयास करने के बाद समय सीमित हो गई. कुछ समय बाद इसे फिर से आज़माएँ।	0.7756294012069702	0.7933831810951233	0.7627390623092651
Font	फ़ॉन्ट	फ़ॉन्ट	1.000000238418579	0.9786588549613953	0.8351082801818848
Yahoo! I_D:	Yahoo! I_D:	यॉहू! आई. ड.:	0.7361276149749756	0.5567396283149719	0.571827232837677
And he who does not find a slave (to free), shall fast for two months consecutively before they may touch each other; and he who is unable to do so shall feed sixty needy people. All this is in order that you may truly believe in Allah and His Messenger. These are the bounds set by Allah; and a grievous chastisement awaits the unbelievers.	फिर जिसको ग़ुलाम न मिले तो दोनों की मुक़ारबत के क़ब्ल दो महीने के पै दर पै रोज़े रखें और जिसको इसकी भी क़ुदरत न हो साठ मोहताजों को खाना खिलाना फर्ज़ है ये (हुक्म इसलिए है) ताकि तुम ख़ुदा और उसके रसूल की (पैरवी) तसदीक़ करो और ये ख़ुदा की मुक़र्रर हदें हैं और काफ़िरों के लिए दर्दनाक अज़ाब है	और उन्हें जो किसी श्वासी (स्वतंत्र) को मुक्त करने की ताकत नहीं देता |, उसे दो महीने लगे संघर्ष करने के बाद उनसे एक-दूसरे का स्पर्श करना होगा; और जो किसी को इसे संभालने में भी असमर्थ है, उसे सौ needy लोगों को भोजन देना होगा। यह सब इसलिए है कि आप अल्लाह और उसके मिस्टर की सच्चाई में विश्वास करेंँ | ये अल्लाह की सीमाएं हैं; और अस्वीकारी लोगों का भयंकर दंड है।	0.6944587230682373	0.427986204624176	0.4980587661266327
I know why you put it on.	आप उस पर डाल क्यों मुझे पता है.	मैं जानता हूँ कि क्यों तुम्हने उसे लगाया है।	0.7937004566192627	0.6310510635375977	0.7030823826789856
"But when the truth came to them from Us, they said, ""Why was he not given like that which was given to Moses?"" Did they not disbelieve in that which was given to Moses before? They said, ""[They are but] two works of magic supporting each other, and indeed we are, in both, disbelievers."""	"फिर जब उनके पास हमारे यहाँ से सत्य आ गया तो वे कहने लगे कि ""जो चीज़ मूसा को मिली थी उसी तरह की चीज़ इसे क्यों न मिली?"" क्या वे उसका इनकार नहीं कर चुके है, जो इससे पहले मूसा को प्रदान किया गया था? उन्होंने कहा, ""दोनों जादू है जो एक-दूसरे की सहायता करते है।"" और कहा, ""हम तो हरेक का इनकार करते है।"""	लेकिन जब सच्चाई उन्हें हमने बताई, तो उन्होंने कहा, “वह किसी ऐसे से नहीं है जिस पर मिस्र का मिस्त्री दिया गया था” ? उन्होंने यह कहा कि उन्हें मिस्र का मिस्त्री में पहले कौन-कौन विश्वास करने के लिए प्रेरित करता था ? वे कहते हैं, “हम दोनों में बिलकुल सही हैं, और वे दोनों में बुरे हैं.”	0.7123911380767822	0.5729485154151917	0.6419482231140137
It's for Pascal and Watson!	यह पास्कल एंड वाट्सन के लिए है!	यह पासकल और वॉटसन के लिए है!	0.9032080173492432	0.853751003742218	0.8824849128723145
Teacher	शिक्षक	शिक्षक	1.0	0.9857898354530334	0.8672247529029846
Look, I came to say sorry.	देखो, मैं माफ़ी माँगने आया हूँ।	अरे, मैं यह कहने के लिए आया कि माफी चाहता हूँ।	0.8188455104827881	0.8824080228805542	0.9042277932167053
"If you could see, when the angels take the souls of those who are bent on denying the truth [at death], how they strike their faces and backs: saying ""Taste the punishment of the Burning!"	"क्या ही अच्छा होता कि तुम देखते जब फ़रिश्ते इनकार करनेवालों के प्राण ग्रस्त करते हैं! वे उनके चहरों और उनकी पीठों पर मारते जाते हैं कि ""लो अब जलने की यातना मज़ा चखो।"" (तो उनकी दुर्दशा का अन्दाजा कर सकते)"	अगर तुम जानते थे, जब मृत्यु पर सच्चाई का झूठा कहने वालों के लोगों के लिए सांसारिक रूप से झूठ बोलते हुए उनके चेहरे और पीछे की ओर कहते हैं: “बुखार की सजा सुनो!	0.7053768634796143	0.4742952287197113	0.6368126273155212
DARCY:	डार्सी '.	डार्की	0.7997843623161316	0.7847486138343811	0.744507908821106
And when We gave Musa the Book and the distinction that you might walk aright.	और (वह वक्त भी याद करो) जब मूसा को (तौरेत) अता की और हक़ और बातिल को जुदा करनेवाला क़ानून (इनायत किया) ताके तुम हिदायत पाओ	और जब हमousा को बुक दे दिया और जो तुम्हें सही तरीके से चलना चाहिए।	0.6612749099731445	0.31895801424980164	0.2701398432254791
Those who consume the wealth of orphans illicitly consume only fire into their bellies; and they will roast in a Blaze.	जो लोग अनाथों के माल अन्याय के साथ खाते है, वास्तव में वे अपने पेट आग से भरते है, और वे अवश्य भड़कती हुई आग में पड़ेगे	अर्थात जो लोग बेरहमी से चली आ रही गरीबियों की देखभाल करने वाली लड़कियों का धन पीठासन करके पीते हैं, वे अपने पेट में आग लगा देते हैं और एक भयानक भट्ट में जलते हैं।	0.7694848775863647	0.590391993522644	0.7383692264556885
We shaded you with clouds, and sent down to you manna and quails [saying]: ‘Eat of the good things We have provided for you.’ And they did not wrong Us, but they used to wrong [only] themselves.	और हमने तुम पर अब्र का साया किया और तुम पर मन व सलवा उतारा और (ये भी तो कह दिया था कि) जो सुथरी व नफीस रोज़िया तुम्हें दी हैं उन्हें शौक़ से खाओ, और उन लोगों ने हमारा तो कुछ बिगड़ा नहीं मगर अपनी जानों पर सितम ढाते रहे	हमने तुम्हें चाँद के आकार से ढक दिया है और तुम्हें मanna और यक्ष [नमस्ते] करने के लिए भेजा है: ‘अपने लिए हमने अच्छी चीजें तुम्हें दी हैं.’ और वे गलततो से चल रहे थे, पर वे अपने लिए गलततो से चल रहे थे।	0.7267828583717346	0.4145940840244293	0.43127983808517456
Sore Bone.	गले में हड्डी.	सोर बोन।	0.7780299782752991	0.3104496896266937	0.17993755638599396
ID	आईडी	आई.डी.	0.6779786944389343	0.8926519751548767	0.9255259037017822
Do they not see how We conduct the water to a dry land, and with it We produce vegetation, from which their livestock eat, and themselves? Do they not see?	क्या इन लोगों ने इस पर भी ग़ौर नहीं किया कि हम चटियल मैदान (इफ़तादा) ज़मीन की तरफ पानी को जारी करते हैं फिर उसके ज़रिए से हम घास पात लगाते हैं जिसे उनके जानवर और ये ख़ुद भी खाते हैं तो क्या ये लोग इतना भी नहीं देखते	क्यों नहीं देखते हैं कि हम पानी को सूखे की जगह पर ले जाते हैं, और से उसी से जंगल को जीवित पौधे उत्पन्न करते हैं, जो उनके पशुओं को खाते हैं और वे खाते हैं?	0.7168579697608948	0.49107587337493896	0.5713300704956055
Resources	संसाधन	संसाधन	1.0000001192092896	0.9877728223800659	0.883674681186676
But stop making these absurd plans.	लेकिन इन बेतुका की योजना बना रही बंद करो।	लेकिन इन बिल्कुल ऐसी बातें न करो।	0.7455610036849976	0.5412818789482117	0.491498738527298
I won't fall for your tricks now.	मैं अपनी चाल के लिए अब नहीं गिर जाएगी।	मैं तुम्हारे ट्रिक्स से अब ध्यान देने में असमर्थ हूँ।	0.7725396752357483	0.44967687129974365	0.4754233956336975
And according to Google Reader's statistics publishes 24.7 blog posts a week, i.e. more than 3.5 post per day.	नवारा … गूगल रीडर के आंकड़ों को मानें तो इस ब्लॉग पर प्रति सप्ताह 24.	गूगल डिटेक्टर रीडर की स्टैटिस्टिक्स के अनुसार, साल के हर 7 दिन में 24.7 ब्लॉग पोस्ट प्रकाशित करते हैं, जिसका अर्थ है कि हर दिन 3.5 से ज़्यादा पोस्ट होती हैं।	0.6983892321586609	0.6216283440589905	0.6895663738250732
Let's go.	-चलिए।	अरे चलो जाएँगे।	0.7495279312133789	0.7322352528572083	0.46126633882522583
Fatal mail parser error near position %s in folder %s	%s फोल्डर में घातक मेल स्थिति% s के पास विश्लेषक त्रुटि	स्थान %s में होने वाला मैल पार्सलर अनुमान जटिल है - फ़ोल्डer %s में	0.73468416929245	0.4887113869190216	0.26732027530670166
Paste contacts from the clipboard	क्लिपबोर्ड से कार्य चिपकाएँ	क्लिपबार से कुछ डेटा पेस्ट कर	0.7967873811721802	0.6511067152023315	0.6611745357513428
I think that is illegal.	जो वे खरीद नहीं सकते।	मुझे लगता है कि इससे गलत होगा |	0.6665221452713013	0.4531753361225128	0.5548116564750671
_Build (%s)	बिल्ड से.	बनावट (%s)	0.679916501045227	0.4423873722553253	0.616209864616394
Cuba: Pavarotti Passes On · Global Voices	क्यूबा: पावारोती का देहांत	चीन: पावर्टी पास पर्स्ट ऑन · ग्लोब वॉइस	0.7049314975738525	0.30950435996055603	0.327248215675354
Ready for another round?	दूसरे दौर के लिए तैयार हैं?	अरे फिर से राउंड करना चाहते हैं?	0.7475311756134033	0.5975594520568848	0.5675832629203796
You see, it came over the wire that Ellen had died.	आप देख , यह एलेन मृत्यु हो गई थी कि तार आया था.	तो देखते हैं कि वह इंटरफ़ेस से एलेन की मृत्यु हो गई थी।	0.8011757731437683	0.44942358136177063	0.4466857612133026
Indeed a triumph awaits the Godwary:	निस्सदेह डर रखनेवालों के लिए एक बड़ी सफलता है,	सच में यह कहा जाना चाहिए कि गोदवारी का आगाज तैयार है भविष्य का आनंद लेने के लिए!	0.6981253027915955	0.47348856925964355	0.4816567301750183
It is He who keeps you alive in your sleep at night and knows all that you do during the day. He wakes you up from your sleep to complete your worldly life, after which you will all return to Him. He will let you know all about what you had done in your worldly life.	वह वही (ख़ुदा) है जो तुम्हें रात को (नींद में एक तरह पर दुनिया से) उठा लेता हे और जो कुछ तूने दिन को किया है जानता है फिर तुम्हें दिन को उठा कर खड़ा करता है ताकि (ज़िन्दगी की) (वह) मियाद जो (उसके इल्म में) मुअय्युन है पूरी की जाए फिर (तो आख़िर) तुम सबको उसी की तरफ लौटना है फिर जो कुछ तुम (दुनिया में भला बुरा) करते हो तुम्हें बता देगा	यह ज्ञानी है जो तुम्हारे शव पर रात के समय को भी जागृत करता है और तुम्हारे दिन के बीच की किसी गतिविधि को भी जानता है. ज्ञानी है तुम्हारे शव पर रात के समय को जागृत करने को और तुम्हारे सामाजिक जीवन की पूर्ति के लिए उसे तुम्हारे दिन की गतिविधि को भी जानता है. ज्ञानी है तुम्हारे शव पर तुम्हारे सामाजिक जीवन की पूर्ति के बाद पर आपको जो ज्ञान देता है, उसे तुम जानते होगे।	0.6881012916564941	0.4513155519962311	0.3343588709831238
Yes.	हाँ।	हाँ।	1.000000238418579	0.9754428863525391	0.8433920741081238
File _type:	फ़ाइल प्रकार (_t):	फ़ाइल का प्रकार:	0.8330965042114258	0.8846818804740906	0.9256184697151184
The file you are trying to open contains an invalid byte sequence.	फ़ाइल को खोलें रखता है अवैध.	आप जिस फ़ाइल को ओपन करना चाहते हैं उसमें गलत बाइट सीक्र�सी नंबर है.	0.7608307003974915	0.5471075177192688	0.5254750847816467
Available plugins	मौजूद प्लगिन	आवश्य प्लग-इन	0.8011630773544312	0.6065344214439392	0.8419474363327026
But I only took the job 'cause a man needed a driver.	एक आदमी एक चालक की जरूरत है क्योंकि लेकिन मैं केवल नौकरी लिया.	लेकिन मैं बस इस जॉब के लिए ही काम करना चाहता था क्योंकि एक आदमी ड्राइवर की ज़रूरत थी।	0.7959580421447754	0.6875317096710205	0.6462417244911194
She slightly misunderstood the purpose of my trip to Denmark, but yeah.	वो मेरी डेनमार्क की यात्रा के उद्देश्य को ठीक से समझी नहीं, पर हाँ.	लेकिन वह डेनमार्क के लिए मेरी यात्रा का उद्देश्य थोड़ा गलत समझ गई.	0.8214244842529297	0.8174647688865662	0.7721264362335205
So We took him and his hosts, and dumped them into the sea, while he was to be blamed.	अन्ततः हमने उसे और उसकी सेनाओं को पकड़ लिया और उन्हें गहरे पानी में फेंक दिया, इस दशा में कि वह निन्दनीय था	तो हमें उनका इस तरह से ले कर रखा और उनके मालिकों को इस तरह से छोड़ दिया, जबकि वे दोषी थे।	0.7133589386940002	0.4354665279388428	0.520211398601532
Cassander saw to that with his fake diaries painting Alexander as a sick and bloated drunk.	Cassander कि उसकी नकली डायरी के साथ... को देखा ... .	कासेंडर ने अपनी नकली डायरी से अलेक्ज़रियो को एक बीमार और घावित होने वाले लोग के रूप में दिखाने का प्रयास किया।	0.6980822086334229	0.5846357941627502	0.590844452381134
They are paired with Rowan and Paul to make what we call a brick.	"उन्हें रोवान और पॉल के साथ जोड़ा गया है. ऐसे समूह को हम ""ब्रिक"" कहते हैं"	उन्हें रोवन और पॉल के साथ बनाकर ब्रिक बनाया जाता है।	0.8136845231056213	0.6379076242446899	0.7872998714447021
"for you, so that you may walk along its wide roads""."	ताकि तुम उसके बड़े बड़े कुशादा रास्तों में चलो फिरो	"आपके लिए, ताकि आप इसकी व्यस्त रोड्स पर चल सकें"""	0.7285988330841064	0.5367916226387024	0.7483713626861572
Nor can good and evil be equal. Repel thou evil with that which is goodly then behold he between whom and thee there was enmity, will be as though he was a warm friend.	भलाई और बुराई समान नहीं है। तुम (बुरे आचरण की बुराई को) अच्छे से अच्छे आचरण के द्वारा दूर करो। फिर क्या देखोगे कि वही व्यक्ति तुम्हारे और जिसके बीच वैर पड़ा हुआ था, जैसे वह कोई घनिष्ठ मित्र है	न्यायिक और न्यायिक नहीं हो सकता है। जो अच्छा है उसे जो अच्छी चीज़ें हैं साथ में रोको उसे रोको तो देखो कि आप के बीच थी नैतिकता, वह आपके बीच में ऐसा है जैसे आप एक गर्म दोस्त हों.	0.7251278758049011	0.4115894138813019	0.2939167618751526
Mm-hm, but if we teamed up, it could bring your career to the next level.	हम दामन थाम लिया तो मिमी ह्म, लेकिन, इसे अगले स्तर तक अपने कैरियर ले सकता है.	एम.एम. है, लेकिन अगर हम टीम में जुड़ कर चला देते, तो तुम्हारी कैरियर की स्तर पर ये सुधार आ सकता है।	0.7448093295097351	0.6185831427574158	0.478638619184494
Joe Kleinsmith.	जोKleinsmith.	जो क्लाइन्समिथ।	0.6558300852775574	0.7049830555915833	0.6539989709854126
We sent Our messengers with the clear proofs, and We sent down with them the Book and the Balance, that humanity may uphold justice. And We sent down iron, in which is violent force, and benefits for humanity. That God may know who supports Him and His messengers invisibly. God is Strong and Powerful.	निश्चय ही हमने अपने रसूलों को स्पष्ट प्रमाणों के साथ भेजा और उनके लिए किताब और तुला उतारी, ताकि लोग इनसाफ़ पर क़ायम हों। और लोहा भी उतारा, जिसमें बड़ी दहशत है और लोगों के लिए कितने ही लाभ है., और (किताब एवं तुला इसलिए भी उतारी) ताकि अल्लाह जान ले कि कौन परोक्ष में रहते हुए उसकी और उसके रसूलों की सहायता करता है। निश्चय ही अल्लाह शक्तिशाली, प्रभुत्वशाली है	हमारे भाषणकर्ताओं ने स्पष्ट प्रमाण दिए और हमने उन्हें लिखा कि धर्म को बनाए रखने के लिए मानवता के लिए पुस्तक और संतुलन का संकेत है, जो न्याय को बनाए रखने के लिए रखा गया है। मानवता को इस बलगम में से उस बलगम को हटा दें जिसमें भयावह शक्ति है और उसे धर्म के लिए लाभ देने वाले सामान को भेजें जो कि आत्मा का शक्तिशाली है। आत्मा ज्ञानी है।	0.6619209051132202	0.45641395449638367	0.6208863258361816
He keeps on talking forever if you listen to him.	तुम उसकी बात सुनते रहो तो वह बात करता ही जाएगा।	वो जब सुनें तो जितना जितना बोलता है	0.6893503069877625	0.40689563751220703	0.24462537467479706
It's the end of the Reich.	यह रीक का अंत है.	रिक्स के अंत हो चुका है।	0.8020626306533813	0.8416106104850769	0.8026934862136841
Those who do not believe in it would hasten it on, and those who believe are in fear from it, and they know that it is the truth. Now most surely those who dispute obstinately concerning the hour are in a great error.	(फिर ये ग़फ़लत कैसी) जो लोग इस पर ईमान नहीं रखते वह तो इसके लिए जल्दी कर रहे हैं और जो मोमिन हैं वह उससे डरते हैं और जानते हैं कि क़यामत यक़ीनी बरहक़ है आगाह रहो कि जो लोग क़यामत के बारे में शक़ किया करते हैं वह बड़े परले दर्जे की गुमराही में हैं	जो इस बात से इनकार करते हैं उन्हें जल्दी इस बारे में सुनवाई देता है, और जो इसके बारे में संदेह रखते हैं उन्हें यह सुनिश्चित करने के लिए यह देखते हैं कि यह सच है। अब ज़्यादातर स्पष्ट रूप से यह बताता है कि समय के बारे में विवाद जो हो वह सच्चाई से बाहर है।	0.7322515845298767	0.4808167517185211	0.6044273376464844
Well, you can go wherever you wanna go.	यदि आप चाहते हैं जहाँ भी जाते ठीक है, तुम जा सकते हैं.	हाँ, तुम जो भी चाहे तुम वही जाओ.	0.7589028477668762	0.6597322225570679	0.6002238988876343
Those who do not invoke another deity besides Allah, and do not kill a soul [whose life] Allah has made inviolable, except with due cause, and do not commit fornication. (Whoever does that shall encounter its retribution,	और वह लोग जो ख़ुदा के साथ दूसरे माबूदों की परसतिश नही करते और जिस जान के मारने को ख़ुदा ने हराम कर दिया है उसे नाहक़ क़त्ल नहीं करते और न ज़िना करते हैं और जो शख्स ऐसा करेगा वह आप अपने गुनाह की सज़ा भुगतेगा	अल्लाह के अलावा अन्य देवी को पूजा न करना, और जो लोग एक जीव की जान को जो अल्लाह द्वारा निर्मित है, उसे अपराधात्मक बना रखते हैं, (जिसे जो कारण है उसमें से) एक उचित कारण के साथ किसी को यौन विवाह करना (जिस व्यक्ति को होता है, वह) उसे प्राप्त करने वाले लोग को चुनाव में उसके प्रति प्रतिबंधित होता है।	0.7066622376441956	0.3994896709918976	0.4793493449687958
You wanna play a little free market competition, just you and me?	आप चाहते हैं एक छोटी सी मुक्त बाजार में प्रतिस्पर्धा खेलने, सिर्फ तुम और मैं?	तुम्हें कुछ लाइट फ़्री मार्केट स्पर्धा खेलना है, बस तुम और मैं?	0.7877650260925293	0.6919386386871338	0.6900640726089478
- How can I live without him?	कैसे मैं उसके बिना रह सकते हैं?	- मैं इसे खोने के बिना कैसे रह सकता हूँ?	0.8327457904815674	0.8610092997550964	0.8117912411689758
And He it is Who sends down water from the cloud, then We bring forth with it buds of all (plants), then We bring forth from it green (foliage) from which We produce grain piled up (in the ear); and of the palm-tree, of the sheaths of it, come forth clusters (of dates) within reach, and gardens of grapes and olives and pomegranates, alike and unlike; behold the fruit of it when it yields the fruit and the ripening of it; most surely there are signs in this for a people who believe.	और वही है जिसने आकाश से पानी बरसाया, फिर हमने उसके द्वारा हर प्रकार की वनस्पति उगाई; फिर उससे हमने हरी-भरी पत्तियाँ निकाली और तने विकसित किए, जिससे हम तले-ऊपर चढे हुए दान निकालते है - और खजूर के गाभे से झुके पड़ते गुच्छे भी - और अंगूर, ज़ैतून और अनार के बाग़ लगाए, जो एक-दूसरे से भिन्न भी होते है। उसके फल को देखा, जब वह फलता है और उसके पकने को भी देखो! निस्संदेह ईमान लानेवाले लोगों को लिए इनमें बड़ी निशानियाँ है	और वह जो पानी के गाढ़े गुलाब से निकलता है, उसे हम पौधों के पंखों से निकलते हैं; पौधों के पंखों से निकलते हैं हैं पीले पंख से निकलते हैं वे पौधे चारों प्रकार के (सेब, काजू, अंगूर और पपीते के) बन सकते हैं; चारों प्रकार के फल चढ़ते हैं जो फल चढ़ते हैं और चौबीसों के चम्मचों में से चारों चम्मच जो फल के चम्मच चढ़ते हैं; और चौबीसों के चम्मच से चारों चम्मच जो फल के चम्मच चढ़ते हैं चूँतो चूँतो चढ़ते हैं; देखो जब फल छूटता है और जब फल का फल छूटता है; सबसे ज़्यादा	0.6822265386581421	0.3467181622982025	0.18231205642223358
You know, my grandmother used to show me these pictures. Before that hospital closed down, this place really wasn't that bad.	तुम्हें पता है, मुझे इन तस्वीरों को दिखाने के लिए प्रयोग किया जाता मेरी दादी . कि अस्पताल नीचे बंद पहले, इस जगह सच है कि बुरा नहीं था.	तुम्हें याद है कि मेरी ग्रैंडमाँ इस चित्रों को मैंने दिखाती थी। पहले हॉस्पिटल ने बंद हो गया था, इस स्थान के पहले यह कितना खराब नहीं था इसका कोई फर्क नहीं रहा था।	0.7686094045639038	0.5500790476799011	0.5558788776397705
After the parade, the family will attend the... (TURNS RADIO OFF)	परेडकेबाद, परिवार भाग लेंगे... / मैं (रेडियो मुड़ता रवाना)	पारेडी के बाद, परिवार ने ... (टर्न्स रेडियो ऑफ़) में ध्यान देने के लिए वापस आएँगे।	0.7050088047981262	0.44789740443229675	0.24477578699588776
What kind of father does that make you?	- यह खेल नहीं है। विंसेंट। यह तुम्हारे शोरूम का कोई मज़ाक नहीं है।	आपके फ़र्ज़ का कौन है?	0.6956416368484497	0.30068033933639526	0.09620197862386703
We build outpost on other planets, using great machines to reshape environments to our needs.	हम अन्य ग्रहों पर चौकी का निर्माण नयी आकृति प्रदान करने के लिए महान मशीनों का उपयोग हमारी जरूरतों के वातावरण.	हम अन्य ग्रहों पर outpost बनाते हैं , जैविक मशीनों का उपयोग करके परिस्थिति को अपनी ज़रूरतों के अनुसार बदलते हुए.	0.7782219052314758	0.6554791331291199	0.5340914130210876
PHOTOS]	PHOTOS]	फ़ोटो]	0.7660340070724487	0.7209414839744568	0.6102135181427002
"They ask you about the phases of the moon. Say, ""These are signs for the people to reckon dates and fix the periods for hajj."" Also tell them, ""It is no virtue to enter your houses from their backs during the Hajj days); real virtue is that one should refrain from incurring the displeasure of Allah; so enter your houses by their proper doors. and fear Allah so that you may gain (true) success."	"वे तुमसे (प्रतिष्ठित) महीनों के विषय में पूछते है। कहो, ""वे तो लोगों के लिए और हज के लिए नियत है। और यह कोई ख़ूबी और नेकी नहीं हैं कि तुम घरों में उनके पीछे से आओ, बल्कि नेकी तो उसकी है जो (अल्लाह का) डर रखे। तुम घरों में उनके दरवाड़ों से आओ और अल्लाह से डरते रहो, ताकि तुम्हें सफलता प्राप्त हो"	वे तुमसे सौरमंडल के चरणों के बारे में पूछते हैं। कहते हैं, “इन चिह्न हैं जो लोग तारीखों को समझने और हज़ारे के समय के समय के लिए अवधि निर्धारित करने में मदद कर सकते हैं.” तथा उन्हें भी बताते हैं, “हज़ाई के दिनों में अपने घरों से पीछे निकलना ना है; सच्ची ताकत है कि अल्लाह से डरो कि आप हज़ाई के दिन अपने घरों को सही तरीके से प्रवेश करने से मिल सकें; और अल्लाह से डर करें कि तुम्हारे पास सच्ची सफलता मिले।”	0.7108691334724426	0.553866982460022	0.576938271522522
- That's not really for me to say.	- मै उस बारेमे कुछ कह नहीं पाऊँगी।	- ये मेरे लिए नहीं है कुछ कह सकता हूँ।	0.7845094203948975	0.6443458199501038	0.496184766292572
Yeah.	/ हाँ, मैं करता हूँ.	जी हाँ।	0.7338161468505859	0.6623162627220154	0.7022077441215515
Kettle escaped!	भाप निकल गई!	कैथल को छोड़ दिया गया!	0.7675172686576843	0.509377121925354	0.5169751644134521
woman #2 speaking native language:	महिला #2 मातृभाषा में बोलती है:	पत्नी द्वितीय निष्ठावान भाषा:	0.6683157086372375	0.44280335307121277	0.34939444065093994
Source of vertex shader	शिखर shader का स्रोत	वर्च्यस हैंडश्रेड सोर्स	0.5971249341964722	0.4380980134010315	0.5909160375595093
Session management options:	सत्र प्रबंधन विकल्प:	सीज़न मैनेजमेंट ऑप्शन:	0.7573079466819763	0.6472206711769104	0.8428075313568115
You did not enter a password.	आपने कूटशब्द नहीं दाखिल किया.	आपका पासवर्ड नहीं दर्ज कराया है।	0.7759335041046143	0.5246630311012268	0.8084584474563599
Then, after inflict-ing this grief, He sent down an inner peace upon you - a sleep which overtook some of you. Those who were concerned merely about themselves, entertaining false notions about Allah - the notions of the Age of Ignorance - asked: 'Have we any say in the matter?' Tell them: 'Truly, all power of decision rests solely with Allah.' Indeed, they conceal in their hearts what they would not reveal to you, saying: 'If we had any power of decision, we would not have been slain here.' Say: 'Even if you had been in your houses, those for whom slaying had been appointed would have gone forth to the places where they were to be slain.' And all this happened so that Allah might test your secret thoughts and purge your hearts of all impurities. Allah knows well what is in the breasts of men.	फिर ख़ुदा ने इस रंज के बाद तुमपर इत्मिनान की हालत तारी की कि तुममें से एक गिरोह का (जो सच्चे ईमानदार थे) ख़ूब गहरी नींद आ गयी और एक गिरोह जिनको उस वक्त भी (भागने की शर्म से) जान के लाले पड़े थे ख़ुदा के साथ (ख्वाह मख्वाह) ज़मानाए जिहालत की ऐसी बदगुमानियॉ करने लगे और कहने लगे भला क्या ये अम्र (फ़तेह) कुछ भी हमारे इख्तियार में है (ऐ रसूल) कह दो कि हर अम्र का इख्तियार ख़ुदा ही को है (ज़बान से तो कहते ही है नहीं) ये अपने दिलों में ऐसी बातें छिपाए हुए हैं जो तुमसे ज़ाहिर नहीं करते (अब सुनो) कहते हैं कि इस अम्र (फ़तेह) में हमारा कुछ इख़्तियार होता तो हम यहॉ मारे न जाते (ऐ रसूल उनसे) कह दो कि तुम अपने घरों में रहते तो जिन जिन की तकदीर में लड़के मर जाना लिखा था वह अपने (घरो से) निकल निकल के अपने मरने की जगह ज़रूर आ जाते और (ये इस वास्ते किया गया) ताकि जो कुछ तुम्हारे दिल में है उसका इम्तिहान कर दे और ख़ुदा तो दिलों के राज़ खूब जानता है	तब, जो दुःसुख का दर्जा दे रहा हूँ, आपको दिया गया था - उसे आप पर बैठे हुए आपको शांति दे रहा हूँ, जो कि कुछ लोगों को थका देता था। जो चिंतित थे अपने बारे में, इस युग की बुद्धिमत्ता की बातों से अवगत नहीं थे - इस युग की बुद्धिमत्ता की बातों को बताते जो कि इस युग की बुद्धिमत्ता इस प्रकार थी: 'हमारे पास इस बात को किसी के पास नहीं ले सकता है' - आपको यह बताते हुए उन्हें कहते हैं: 'सच बताएँ नहीं, हमें इस मामले पर किसी ने किसी ने किसी को क्या कह कर नहीं दिया है?' उन्हें कहते हैं: '	0.6302266120910645	0.3267636001110077	0.19909292459487915
She did not come to marry Késakichi.	ये केसाकिची से शादी करने के लिए नहीं आयी है.	उसने केजाकिची के विवाह पर विचार नहीं किया।	0.8118561506271362	0.6823161840438843	0.7002068758010864
Disdaining ungratefully Our gifts, and giving themselves up to (worldly) enjoyment! But soon will they know.	ताकि जो (नेअमतें) हमने उन्हें अता की हैं उनका इन्कार कर बैठें और ताकि (दुनिया में) ख़ूब चैन कर लें तो अनक़रीब ही (इसका नतीजा) उन्हें मालूम हो जाएगा	असभरीय मनोरंजन की ओर बढ़ते हुए हमारी उपहारों का अपभाव करना और हमें ही होने के लिए समर्पित होना! लेकिन जल्द ही उन्हें समझ पाएगा।	0.6639560461044312	0.40619051456451416	0.4045173227787018
"I won't see her until a fortnight on Friday, when my sweet little weasel appears at the station in her strappy blue dress."""	और मैं तुम्हें अगले हफ्ते तक नहीं मील पाऊँगा मेरी प्यारी... .	मैं उसे फ़रवारे की अवधि के बाद शुक्रवार को स्टेशन पर मिलेंगा जब मेरी दिलचस्प लिटल वेजेल ने ब्लू ड्रेस में अपना स्टेशन में आगे बढ़ाया होगा।	0.6678771376609802	0.37233707308769226	0.2520899772644043
Make trial of orphans until they reach the age of marriage; if then ye find sound judgment in them, release their property to them; but consume it not wastefully, nor in haste against their growing up. If the guardian is well-off, Let him claim no remuneration, but if he is poor, let him have for himself what is just and reasonable. When ye release their property to them, take witnesses in their presence: But all-sufficient is Allah in taking account.	और यतीमों को कारोबार में लगाए रहो यहॉ तक के ब्याहने के क़ाबिल हों फिर उस वक्त तुम उन्हे (एक महीने का ख़र्च) उनके हाथ से कराके अगर होशियार पाओ तो उनका माल उनके हवाले कर दो और (ख़बरदार) ऐसा न करना कि इस ख़ौफ़ से कि कहीं ये बड़े हो जाएंगे फ़ुज़ूल ख़र्ची करके झटपट उनका माल चट कर जाओ और जो (जो वली या सरपरस्त) दौलतमन्द हो तो वह (माले यतीम अपने ख़र्च में लाने से) बचता रहे और (हॉ) जो मोहताज हो वह अलबत्ता (वाजिबी) दस्तूर के मुताबिक़ खा सकता है पस जब उनके माल उनके हवाले करने लगो तो लोगों को उनका गवाह बना लो और (यूं तो) हिसाब लेने को ख़ुदा काफ़ी ही है	अर्थात जब तक विधवाओं को वयस्क होने की उम्र में न पहुंच न जाए तो उनमें अपनी आय का उपयोग न करें लेकिन उन्हें अपनी संपत्ति दें; लेकिन उन्हें पर्याप्त रूप से नष्ट न करें और उन्हें बड़े होने पर परेशानी में न करो। यदि रक्षक धनवाना हो तो उन्हें धनवाना का भुगतान नहीं लेने दो, लेकिन यदि रक्षक गरीब हो तो उन्हें धनवाना के लिए जो मूल्य उचित और सामान्य हो वह लें. जब विधवाओं की आयु पूरी हो जाती है तो उन्हें सब कुछ दे दो। लेकिन सब कुछ सब सufficient है अल्लाह में लिखना।	0.6357632875442505	0.4813592731952667	0.49234718084335327
File	फ़ाइल	फ़ाइल	0.9999998211860657	0.9851563572883606	0.8687533140182495
"Your login to your server ""{0}"" as ""{0}"" failed."	"""{0}"" रूप में आपके सर्वर ""{0}"" से लॉगिन असफल."	"आपके सेवा पर संकल्प ""{0}"" के रूप में फ़ैल हो जाने पर।"	0.8198082447052002	0.41734519600868225	0.40196871757507324
"But many of them will have feelings of vacuum in their hearts over your failure to distinguish between the right and the wrong."""	परंतु बहुतों के मन में आपके प्रति शून्य का वह भाव भी जागेगा जिसमें आपकी वो असफलता झलकेगी जिसमें आपकी सही और गलत की पहचान ही नहीं थी.	लेकिन उनमें आपके निर्णय में गलती करने के बीच निर्णायकता के बारे में उनके दिल में एक अंतर्निहित भावना होगी कि कि क्या वे सही या गलत थी।	0.7433721423149109	0.4995345175266266	0.6544924974441528
He said, ‘Certainly not! Indeed my Lord is with me. He will guide me.’	"उसने कहा, ""कदापि नहीं, मेरे साथ मेरा रब है। वह अवश्य मेरा मार्गदर्शन करेगा।"""	यह कहते हुए कहा कि उसने कहा, ‘नहीं, पूरी तरह से! मेरे भगवान से मुझे यह कहा जा रहा है कि वे मुझे सही रास्ते पर चलने में मदद करेंगे।’	0.7327768206596375	0.6705078482627869	0.5892102718353271
Display video, audio and image preview	वीडियो, ऑडियो और छवि पूर्वावलोकन दिखाएँ	डिस्प्ले वीडियो, ऑडियो और इमेज प्रीव्यू प्रदर्शन	0.8018856644630432	0.6258987784385681	0.7822473049163818
Unrecognized desktop file Version '%s'	अपरिचित डेस्कटॉप फ़ाइल संस्करण '%s'	अनजाने से डेस्कटॉप फ़ाइल वेरिएशन '%s'	0.86925208568573	0.682826042175293	0.5712648034095764
And a faking will!	और एक faking करेंगे!	और फ़िक्स करना भी!	0.7772019505500793	0.5388998985290527	0.5359765291213989
Saddam rejected the demand.	सद्दाम ने मांग को अस्वीकार किया।	सद्दाम ने इस माँग का खंडन किया।	0.8666428923606873	0.8829253315925598	0.9072138667106628
Is he then who is a believer like him who is a transgressor? They are not equal.	भला जो व्यक्ति ईमानवाला हो वह उस व्यक्ति जैसा हो सकता है जो अवज्ञाकारी हो? वे बराबर नहीं हो सकते	अगर उसे जानते हैं कि वे जिन्होंने इस तरह विश्वास किया है, वे जिन्होंने इस तरह अपराध किया है, वे नहीं हैं उन्हें जो अपराधी हैं?	0.6856349110603333	0.4210413694381714	0.3391207456588745
Install online script package	ऑनलाइन स्क्रिप्ट पैकैज संस्थापित करें	ऑनलाइन स्क्रिप्ट पैकेज इंस्टॉल करें	0.8967721462249756	0.8298715353012085	0.9074804782867432
Terrace	टेरेस	पर्वतीय इलाका	0.738416850566864	0.5856030583381653	0.792235791683197
You will all make this bunkroom, your home.	आप सभी इस bunkroom, अपने घर बनाना होगा.	तुम सभी को बूँकरूम में बनना होगा, तुम्हारा घर।	0.7254550457000732	0.5159454345703125	0.46703749895095825
Remember my only thoughts are of you.	याद रखें ... / मैं ... मेरी केवल विचारों के हैं तुम.	तुम्हारे बारे मैं याद रखना चाहता हूँ।	0.6888255476951599	0.5224441289901733	0.6683788895606995
Just like a ghost ship, huh?	वेन्डी: बस एक भूतहा जहाज की तरह, हुह?	क्या है ऐसा तो कुछ नहीं?	0.6709048748016357	0.4427103102207184	0.4207112789154053
When she heard of their sly whispers, she sent for them and prepared a banquet. To each she gave a knife, (then called Joseph saying:) 'Come and attend to them' When they saw him, they were so taken with him that they cut their hands, and said: 'Allah save us! This is no mortal, he is no other but a noble angel'	तो जब ज़ुलेख़ा ने उनके ताने सुने तो उस ने उन औरतों को बुला भेजा और उनके लिए एक मजलिस आरास्ता की और उसमें से हर एक के हाथ में एक छुरी और एक (नारंगी) दी (और कह दिया कि जब तुम्हारे सामने आए तो काट के एक फ़ाक उसको दे देना) और यूसुफ़ से कहा कि अब इनके सामने से निकल तो जाओ तो जब उन औरतों ने उसे देखा तो उसके बड़ा हसीन पाया तो सब के सब ने (बे खुदी में) अपने अपने हाथ काट डाले और कहने लगी हाय अल्लाह ये आदमी नहीं है ये तो हो न हो बस एक मुअज़िज़ (इज्ज़त वाला) फ़रिश्ता है	जब सुनी गई उनके छोटे-छोटे शब्दों की बात, उसने उन्हें बुलाया और एक बारेंका तैयार कर दिया था। प्रत्येक को एक तलवार दे दी थी (जिसे जोया कहा गया था जब उन्होंने उन्हें कहा था:) 'आ कर उन्हें ध्यान दें' जब उन्हें देखा, तो वे उसकी ओर आकर्षित हो जाते थे और कहें: 'अल्लाह की रक्षा करो! ये कोई मortal नहीं हैं, वे किसी अन्य की नहीं हैं'	0.6779353618621826	0.47255051136016846	0.4213515818119049
I never said she was cheating.	मैं वह धोखा दे रहा था कभी नहीं कहा.	मैंने कहा नहीं कि वह चोरी कर रही थी।	0.8236120939254761	0.5512165427207947	0.6001449823379517
Class-Meet?	कक्षा मिलो?	क्लास मीट करें?	0.8029659390449524	0.7561842799186707	0.8419833183288574
& File	फ़ाइल (F)	& फाइल	0.7934958934783936	0.5996735692024231	0.36681440472602844
I qu...	मैं qu -	मैं...	0.699642539024353	0.7656314969062805	0.8966714143753052
_Load Images	छवि डाउनलोड करें (_L)	लोड इमेजेज	0.6830370426177979	0.46471717953681946	0.7078171372413635
Unlimited	असीमित	असीमित	1.0000003576278687	0.987516462802887	0.8985532522201538
South _European (ISO-8859-3)	दक्षिणी यूरोपीय (_E) (ISO-8859-3)	दक्षिण यूरोपीय (आई.एस.ओ.-८५-९-3)	0.7760086059570312	0.6546265482902527	0.8391873240470886
I want to spend my life with her...	I want to spend my life with her...	मुझे उनके साथ अपना जीवन रहना चाहता हूँ...	0.7279726266860962	0.5811089873313904	0.5667721033096313
"Your login to your server ""{0}"" as ""{0}"" failed."	"""{0}"" रूप में आपके सर्वर ""{0}"" से लॉगिन असफल."	"आपके सेवा पर संकल्प ""{0}"" के रूप में फ़ैल हो जाने पर।"	0.8198082447052002	0.41734519600868225	0.40196871757507324
SERGEI SOLD HER TO IVAN.	सर्गेई इवान के लिए है उसे बेचा.	सरेजी ने इवान से 100 डॉलर का सीरियल कार बेचा था।	0.7794923186302185	0.5037049651145935	0.5034177303314209
And they say: There is naught but our life of the world; we die and we live, and naught destroyeth us save time; when they have no knowledge whatsoever of (all) that; they do but guess.	और वह लोग कहते हैं कि हमारी ज़िन्दगी तो बस दुनिया ही की है (यहीं) मरते हैं और (यहीं) जीते हैं और हमको बस ज़माना ही (जिलाता) मारता है और उनको इसकी कुछ ख़बर तो है नहीं ये लोग तो बस अटकल की बातें करते हैं	और कहलाते हैं: केवल वास्तव है दुनिया का जीवन; हम मरते हैं और जीवते हैं, और किसी को भी न तो रुकता है और किसी को भी समझ न आता कि (कभी भी) हमारे पास (कोई भी) कुछ भी है; वे बस सुझाव देते हैं।	0.7224006056785583	0.4916999042034149	0.40219759941101074
- Yes.	- हाँ	जी हाँ।	0.793872058391571	0.9047736525535583	0.9326626062393188
Autocompletion	स्वतः समापन	अटोकॉम्प्लेंटेशन	0.6742055416107178	0.46161070466041565	0.7017055749893188
The idea brings my defenses down.	यह विचार मेरी दलीलों को कमजोर कर देता है।	यह विचार मेरी रक्षा की साजिश को कम कर देता है।	0.8800396919250488	0.6679603457450867	0.8323736786842346
that you may seek forgiveness of your Lord and turn to Him in repentance whereupon He will grant you a fair enjoyment of life until an appointed term, and will bestow favour on everyone who merits favour. But should you turn away (from the truth), I fear for you the chastisement of an Awesome Day.	और ये भी कि अपने परवरदिगार से मग़फिरत की दुआ मॉगों फिर उसकी बारगाह में (गुनाहों से) तौबा करो वही तुम्हें एक मुकर्रर मुद्दत तक अच्छे नुत्फ के फायदे उठाने देगा और वही हर साहबे बुर्ज़गी को उसकी बुर्जुगी (की दाद) अता फरमाएगा और अगर तुमने (उसके हुक्म से) मुँह मोड़ा तो मुझे तुम्हारे बारे में एक बड़े (ख़ौफनाक) दिन के अज़ाब का डर है	जिससे आप अपने राजा से शुक्र माँग सकें और शुक्र से पलित हो जाएँ, जहाँ पर आप शुक्र से पलित होने के बाद रिहज्या प्राप्त करेंगे जहाँ पर आप एक निर्धारित काल के दौरान जीव को समृद्धि प्राप्त करने में ले जायेगा और जहाँ पर हर कोई जो शुभत्व पाता है, उसे प्राप्त करने वाले लोग आपको समृद्धि प्राप्त करने वाले लोग होंगे। लेकिन अगर तुम सच्चाई से दूर रहोगे तो मुझे आशा नहीं है कि तुम Awesome Day की दंड को सामने आने दोगे।	0.683991014957428	0.37964460253715515	0.34194326400756836
How could they be firing artillery?	वे तोप कैसे चला सकते हैं?	इससे कैसे आरटी फायरिंग हो रही है?	0.7904496192932129	0.44774341583251953	0.5327959060668945
Didn't realise who he was fucking with.	वह साथ कमबख्त था जो पता ही नहीं चला.	अभी तो मुझे पता नहीं था उनसे कौन सा व्यवहार कर रहा था।	0.708386242389679	0.5838800072669983	0.6392459869384766
I'm clearly not a child.	मैं बच्चा नहीं हूँ।	मुझे लगता है कि मैं किसी बच्चे की नहीं हूँ।	0.8586756587028503	0.6301342844963074	0.6388832926750183
I don't want Charisse or Becca.	मैं बारबरा को देखने आया था.	मुझे चैरिज़ या बेका न होगा।	0.7658603191375732	0.41946110129356384	0.3654248118400574
Pakistan: Media and restrictions · Global Voices	पाकिस्तान: मीडिया और रोकटोक	पाकिस्तान: मीडिया और प्रतिबंध। विश्व मीडिया	0.8064422011375427	0.8214772939682007	0.9152858257293701
Tell me...	मुझे बताओ...	मुझे...	0.9040411710739136	0.6074492335319519	0.5221685171127319
A thousand ships we'll launch from here, Hephaistion.	एक हजार जहाजों हम यहाँ से Hephaistion का शुभारंभ करेंगे.	यहाँ से एक हज़ार से बढ़ कर हेप्हाइस्टियोन लाने वाली शिपें आएँगी।	0.6982855200767517	0.592846691608429	0.6071082353591919
Glorified be the Lord of the heavens and the earth, the Lord of the Throne! Exalted be He from all that they ascribe (to Him).	ये लोग जो कुछ बयान करते हैं सारे आसमान व ज़मीन का मालिक अर्श का मालिक (ख़ुदा) उससे पाक व पाक़ीज़ा है	अर्थात् पृथ्वी और आकाश के भगवान्, प्राधिमान् हो जाएँ! प्राधिमान् भगवान् से सभी को जो स्थानिक्ति देते हैं (उससे), उसे उत्कृष्ट बना लें!	0.6441132426261902	0.4347023367881775	0.37253499031066895
I'm here to offer my--	मैं काम तलाश रहा हूँ ... नहीं ..	मैं यहाँ से आपको--	0.6972531080245972	0.3738088011741638	0.11619380116462708
Next	अगला	अगला	0.9999998211860657	0.9842323660850525	0.8864313364028931
Simulation of image to CD burning	छवि की सीडी बर्निंग का सिमुलेशन	इमेज़ को स्टोरेज़-डीडी में बार-बार रिकॉर्ड करने का सिम्युलेशन	0.7596043348312378	0.6702540516853333	0.7609659433364868
Your names	रविशंकर श्रीवास्तव, जी. करूणाकर	आपके नाम	0.6387115120887756	0.3718624413013458	0.6762410402297974
You think that is what the great Master Oogway saw for you?	तुम्हारे खयाल से महान गुरू ऊगवे ने तुम्हारे लिए यही ख्वाब देखा था?	तुम्हें लगता है कि ओगवay वास्तव में तुम्हारे लिए वह देखा था?	0.7837796211242676	0.4591129422187805	0.3591410517692566
♪ OH NO	♪अरेनहीं	फ़र्स्ट प्लेज़ Oh no	0.6678695678710938	0.4208747446537018	0.36902815103530884
There are many names in Indian history with a golden glow.	भारत के इतिहास में ही स्वर्णिम आभा वाले अनेक नाम हैं।	भारत की इतिहास में स्वर्ण का चमकता हुआ नाम है।	0.84048992395401	0.7757084965705872	0.8046709895133972
"""as your late Uncle's friend and attorney,"	""" अपने देर चाचा के दोस्त और वकील के रूप में,"	“क्योंकि अपने अभिनेता के रूप से और वकील के रूप में”	0.7966163754463196	0.5215868353843689	0.4480782151222229
Author:	लेखकः	आuteur:	0.6372459530830383	0.5534605979919434	0.5357097387313843
Show _Only This Calendar	सिर्फ इस पंचांग को दिखायें (_O)	इस कैलेंडर को केवल इस्तेमाल करना है	0.6983290314674377	0.5633583068847656	0.6624490022659302
300%	300%	300%	1.0	0.9937145113945007	0.42015165090560913
When chill breeze blows, come under tree shade...	When chill breeze blows, come under tree shade...	चिल ब्रीज़ भूनते ही समय आने पर पेड़ों के छोटे नीचे के भाग में जाते हैं...	0.6502290964126587	0.29582250118255615	0.2594072222709656
Unnamed	बेनाम	अनाम	0.8215208649635315	0.7653404474258423	0.8000622987747192
Talk like that, I'm gonna get myself in trouble.	कि जैसे बात करो, मैं मुसीबत में अपने आप को मिलने वाला हूँ .	बोलो ऐसा है, मैं सोचने लग रहा हूँ कि मुझे किसी की परेशानी में पड़ने से बचना होगा।	0.770012617111206	0.5015724301338196	0.5798127055168152
"(Muhammad), ask them, ""Have you thought about what you worship besides God? Show me which part of the earth they have created. Do they have a share in the creation of the heavens? Bring me a Book, revealed before this Quran, or any other proof based on knowledge to support your belief, if indeed you are truthful""."	(ऐ रसूल) तुम पूछो कि ख़ुदा को छोड़ कर जिनकी तुम इबादत करते हो क्या तुमने उनको देखा है मुझे भी तो दिखाओ कि उन लोगों ने ज़मीन में क्या चीज़े पैदा की हैं या आसमानों (के बनाने) में उनकी शिरकत है तो अगर तुम सच्चे हो तो उससे पहले की कोई किताब (या अगलों के) इल्म का बक़िया हो तो मेरे सामने पेश करो	(मुहम्मद) के पूछें , “क्या वे यह सोच चुके हैं कि प्रगति के बाद पूजा का क्या विषय है? उनसे पूछें कि वे किस भूखा तट पर पृथ्वी की निर्माण की जगह दर्शाते हैं? प्रगति की चट्टानों में उनकी भूमि का हिस्सा क्या है? वे पृथ्वी की सृष्टि में किसी भी भाग रखते हैं? प्रगति में उन चीज़ों का एक पुस्तक या प्रायः किए गए प्रकरण, या किसी ज्ञान पर आधारित चीज़ को पेश करें जो आपकी सिद्धि को समर्थन दे, यदि सच हैं तो”.	0.6757045388221741	0.4095209538936615	0.4543473720550537
but I won 50 G in a poker tournament.	लेकिन मैं एक पोकर टूर्नामेंट में 50 जी जीता.	लेकिन मैंने पोकर टूर्नामेंट में सिटरी से 50 गेंडे जीत ली थीं।	0.8662471771240234	0.7392719984054565	0.7556054592132568
_Statusbar	स्थिति पट्टी (_S)	स्टेट्सबार	0.674127995967865	0.4107559025287628	0.44139572978019714
Jim Baxford!	जिम Baxford!	जिम बैकफोर्ड!	0.855293333530426	0.8222477436065674	0.5977592468261719
"Where to accept cookies from. Possible values are ""anywhere"", ""current site"" and ""nowhere""."	"कुकीज़ कहाँ से स्वीकारें. संभावित मूल्य हैं ""कहीं से भी"", ""वर्तमान साइट"" तथा ""कहीं से नहीं""."	किस स्थान पर स्क्रॉल बटन को सक्षम बनाए रखना चाहिए. उसके लिए संभव मान्य माने जाने वाले मूल्य हैं “अन्य जगह”, “आजा साइट” और “नहीं का तो नहीं”।	0.7082335352897644	0.5840978622436523	0.48360827565193176
- Jump, Pelle!	- कूदो, पेले!	- जंप, पेल!	0.883946418762207	0.5550819635391235	0.5300549864768982
Inder my love...	मेरे प्यार इंदर ...	मेरी प्यारी...	0.9020262360572815	0.7885664701461792	0.8675726652145386
That-a-boy.	कि एक खास लड़का है.	बढ़ा।	0.7294944524765015	0.42438551783561707	0.4761015772819519
"- ""Brain Rapist""?"	"- ""ब्रेन बलात्कारी""."	- ये किसी का किसी के बुद्धिमान हो जाना ?	0.700427770614624	0.3407931625843048	0.21546927094459534
It is a question of my bread and butter.	यह मेरी रोजी-रोटी का सवाल है |	यह मेरे ब्रेड एंड बटर की बात है।	0.7654681205749512	0.5257086157798767	0.7837453484535217
Here you go, boyses.	यह लो, लड़कों।	यहाँ आ जाओ, बॉयज़।	0.6907519698143005	0.6697872877120972	0.5912089347839355
POP3 stores have no folder hierarchy	POP3 स्टोर में कोई फ़ोल्डर पदानुक्रम नहीं है	पॉप3 में कोई फ़ोल्डर हierarchy नहीं होती है	0.8444176912307739	0.5690228939056396	0.41780704259872437
It is not for the townsfolk of Al-Madinah and for those around them of the wandering Arabs so stay behind the messenger of Allah and prefer their lives to his life. That is because neither thirst nor toil nor hunger afflicteth them in the way of Allah, nor step they any step that angereth the disbelievers, nor gain they from the enemy a gain, but a good deed is recorded for them therefor. Lo! Allah loseth not the wages of the good.	मदीने के रहने वालों और उनके गिर्दोनवॉ (आस पास) देहातियों को ये जायज़ न था कि रसूल ख़ुदा का साथ छोड़ दें और न ये (जायज़ था) कि रसूल की जान से बेपरवा होकर अपनी जानों के बचाने की फ्रिक करें ये हुक्म उसी सबब से था कि उन (जिहाद करने वालों) को ख़ुदा की रूह में जो तकलीफ़ प्यास की या मेहनत या भूख की शिद्दत की पहुँचती है या ऐसी राह चलते हैं जो कुफ्फ़ार के ग़ैज़ (ग़ज़ब का बाइस हो या किसी दुश्मन से कुछ ये लोग हासिल करते हैं तो बस उसके ऐवज़ में (उनके नामए अमल में) एक नेक काम लिख दिया जाएगा बेशक ख़ुदा नेकी करने वालों का अज्र (व सवाब) बरबाद नहीं करता है	यह अल-मदीना और उसके आस-पास घूमते हुए अरबों के लिए नहीं है और उन्हें रखना होगा इस नेjes्ते की ओर से मिसाली है। यह इसलिए नहीं है कि उनमें थोड़ी परेशानी, काम या भूख है, या वे किसी की एक कदम आगे बढ़ाना पसंद करते हैं जो बिलकुल भी ईर्ष्या वाले लोगों को हो, या उनसे से होने वाली किसी हानि के लिए प्राप्त होती है, बल्कि एक अच्छा कार्य उनके लिए रिकॉर्ड किया जाता है क्योंकि वे ऐसा है। अल्लाह ने अच्छे काम के लोगों को भूखनुमा बना नहीं रखा।	0.6769505143165588	0.4490867853164673	0.5264800190925598
They destroyed our moon and with that, half the planet.	वे उस के साथ आधा ग्रह हमारे चाँद और नष्ट कर दिया.	उनने हमारी चाँद को नष्ट कर दिया और उस से वहाँ पर पड़ने वाली भी half को नष्ट कर दिया.	0.7808074355125427	0.5728002786636353	0.3472144901752472
Disable syntax highlighting	वाक्य रचना हाइलाइटिंग निष्क्रिय करें	स्यंटिफ़िक्स हिलाइटिंग को बंद कर दें	0.7333476543426514	0.49158743023872375	0.6729203462600708
“Those who spread turmoil in the earth, and do no reform.”	"जो धरती में बिगाड़ पैदा करते है, और सुधार का काम नहीं करते।"""	“जो पृथ्वी पर विस्तार भंग करने वाले हैं और कोई सुधार नहीं करते हैं”	0.7919895648956299	0.72542804479599	0.7748607993125916
Come on, that's a lot of cheese, but I could live with that!	चलो, कि पनीर, का एक बहुत कुछ है, लेकिन मैं उस के साथ रह सकता है!	अरे, यह तो बहुत चीज़ है लेकिन मैं उसे सहन कर सकता हूँ!	0.7885381579399109	0.542773425579071	0.5699030160903931
Error while reading video DVD (%s)	वीडियो DVD पढ़ने में त्रुटि (%s)	डीडीवी को पढ़ने में गलती होती है (%s)	0.8066935539245605	0.7076610922813416	0.6250659227371216
Rick, in position.	रिक, स्थिति में।	रिक, स्थान में है।	0.8753459453582764	0.7683562636375427	0.8063415884971619
Let us toast to the future of the high table and the memory of my dear sister...	हमें उच्च तालिका के भविष्य और मेरी प्यारी बहन की स्मृति को टोस्ट करते हैं ...	हमें इस भविष्य के लिए हाई टेबल और मेरी प्रिय बहन की यादों की शुभकामना करनी चाहिए...	0.813805878162384	0.6160356402397156	0.7278960347175598
He was the only one that wanted to do this trip.	उन्होंने कहा कि इस यात्रा करना चाहता था कि एक ही था.	इस ट्रिप को करने का एकमात्र व्यक्ति था जो चाहता था।	0.76341313123703	0.6161635518074036	0.6976667046546936
You've been sleeping for 18 hours.	आप 18 घंटे के लिए सो गया है।	आपको 18 घंटे से सो रहा है।	0.9151747822761536	0.6701164841651917	0.5741353034973145
Judith was so worried when Brice asked for her hand in marriage.	ब्राईस शादी में उसका हाथ के लिए कहा जब जूडिथ इतना चिंतित था	जुडिथ को ब्राइस के साथ विवाह करने के लिए चिंतित होने से थी।	0.8070183992385864	0.5024498105049133	0.5138298869132996
Melissa's not gonna know anything about this.	अरे नहीं. यह डौग है?	इस बारे में मेलिसा को जानकारी नहीं होगी।	0.6912669539451599	0.587561309337616	0.5662263035774231
But in his short life, he achieved, without doubt the mythic glory of his ancestor Achilles and more.	लेकिनअपनेछोटेसेजीवन में, वह शक के बिना हासिल... / मैं ... .	लेकिन उसके छोटी उम्र में उसने अपने अभिभावक एच़िक़्ल की मिथ के साथ-साथ ज़्यादा प्रियत्व से आगे बढ़कर जो रहस्य है, उसे हासिल कर दिया।	0.6512795090675354	0.47903478145599365	0.3085237741470337
And there is nothing wrong if you also seek the bounty of your Lord during the pilgrimage. Moreover, when you return from 'Arafat, stay at Mash'aril-Haram (Muzdalifah) and remember Allah. And remember Him just as He has enjoined you, for you had gone astray before this.	इसमे तुम्हारे लिए कोई गुनाह नहीं कि अपने रब का अनुग्रह तलब करो। फिर जब तुम अरफ़ात से चलो तो 'मशअरे हराम' (मुज़दल्फ़ा) के निकट ठहरकर अल्लाह को याद करो, और उसे याद करो जैसाकि उसने तुम्हें बताया है, और इससे पहले तुम पथभ्रष्ट थे	और आपको प्रार्थना के दौरान अपने रब की बountी भी प्राप्त करने की ज़रूरत है| इसके अलावा, जब आप 'अरफात' पर जाते हैं तो मशारिल-हारम (मुज़दलीफ़ा) में रहें और अल्लाह को याद रखें| और अल्लाह को जैसे उसने आपको सलाह दिया है, उसी तरह से आप इस सलाह को अपने जीवन में लेंगे जो पहले आपको भटका हुआ है।	0.7506019473075867	0.6164519786834717	0.5861893892288208
and waymarks; and by the stars they are guided.	और मार्ग चिन्ह भी बनाए और तारों के द्वारा भी लोग मार्ग पर लेते है	और रास्ते के रूप में और दिशा-निर्देश; और उन्हें रास्तों से जुड़ने के साथ स्टार से संरेखित किया जाता है।	0.7066196799278259	0.5364449620246887	0.5081855058670044
The movement is also bolstered by two former U.S. Transportation secretaries, who in a 2011 report urged Congress to move in the pay-per-mile direction.	इस अभियान को दो भूतपूर्व अमेरिकी परिवहन सचिवों ने भी समर्थन दिया है, जिन्होंने वर्ष 2011 में अपनी रिपोर्ट में कांग्रेस से प्रति-मील भुगतान की दिशा में आगे बढ़ने का अनुग्रह किया था।	यह प्रयास में दो पूर्व संयुक्त राज्य अमेरिका परिवहन राज्य सचिव भी शामिल हैं, जिन्होंने 2011 के एक रिपोर्ट में कांग्रेस को मालिमिले की ओर कहा।	0.8038153648376465	0.6759840846061707	0.7696413993835449
attachment	संलग्नक	स्थानांतरण	0.7693708539009094	0.3896316587924957	0.6988795399665833
And We taught him the art of making garments (of mail) to protect you in your daring. Are ye then thankful?	और हमने उसे तुम्हारे लिए एक परिधान (बनाने) की शिल्प-कला भी सिखाई थी, ताकि युद्ध में वह तुम्हारी रक्षा करे। फिर क्या तुम आभार मानते हो?	और हमने उसे मेल की गारंटी बनाने का तरीका सिखाया ताकि तुम्हें साहसिक कृत्यों में सुरक्षित रखा जा सको। तुम्हें उसका आभार क्या है?	0.7751471996307373	0.5675584673881531	0.5977555513381958
Start	प्रारंभ	स्टार्ट	0.6616549491882324	0.615277111530304	0.7342327833175659
"""Jambalaya,"" ""Cheatin' Heart"" ""I Saw the Light"""	"""Jambalaya,"""" Cheatin' हार्ट' "" मैं प्रकाश देखा """	"""जम्बलाया,"" ""चेक इन हार्ट,"" ""आई सaw the Light"""	0.7923545837402344	0.54153972864151	0.5150690078735352
Mr Stevens visited nearly a dozen banks in the Portland area that morning.	उस सुबह श्री स्टीवन्स ने पोर्टलैंड के लगभग एक दर्जन से अधिक बैंकों का दौरा किया.	सुबह पोर्टलैंड के आसपास लगभग एकदस्ता में माइक्रो बैंकों में माइक्रो स्टेवर्न्स ने देखा था.	0.7780250906944275	0.460940420627594	0.40470144152641296
Invalid Server URI	अवैध सर्वर URI	अवर्युक्त सर्वर यू.आई.आर.आई.	0.7517170310020447	0.5216827988624573	0.5778753757476807
_Insert	प्रविष्ट करें (_I)	इंस्टॉल	0.6731070876121521	0.45381686091423035	0.285939484834671
You feel safe?	आप सुरक्षित महसूस करते हैं?	आप सुरक्षित महसूस करते हैं?	1.0	0.9904382824897766	0.8722588419914246
Glory be to Him, who created all the pairs of what the earth produces, and of themselves, and of what they know not.	महिमावान है वह जिसने सबके जोड़े पैदा किए धरती जो चीजें उगाती है उनमें से भी और स्वयं उनकी अपनी जाति में से भी और उन चीज़ो में से भी जिनको वे नहीं जानते	अर्थात्, जो पृथ्वी से प्रकट हुए सभी प्रकार के प्रयुक्त होते हैं, प्रयुक्त होते हुए, और जिन्हें उन्हें नहीं पता है, वे स्वामी हैं।	0.6840123534202576	0.4351132810115814	0.3624345064163208
You guys might not know this, but I considered myself a bit of a loner.	तुम्हें पता है कि यह नहीं हो दोस्तों, लेकिन मैं अपने आप को एक अकेले का थोड़ा विचार किया.	आपके लोगों को यह नहीं पता हो सकता है कि मैं थोड़ी लोनर के तौर पर ही हूँ।	0.7450354099273682	0.40402737259864807	0.47819244861602783
St_op Animation	संजीवन रोकें (_o)	स्टॉप ऐनिमेशन	0.6997397541999817	0.46658119559288025	0.6815955638885498
WE'RE LIKE PARTNERS IN CRIME NOW, YOU KNOW.	अब हम अपराध में भागीदार पसंद कर रहे , आप जानते हैं.	हम अब अपराध में हिस्सा हो चुके हैं तुम्हें यह समझो।	0.7880811095237732	0.5612919330596924	0.5361233353614807
_Edit	संपादन (_E)	डिस्प्ले	0.6497544050216675	0.39871397614479065	0.2497895061969757
The center of scaling	अनुमापन का केंद्र	स्केलिंग का केंद्र	0.81890469789505	0.6255605816841125	0.7837260365486145
A generic minimal and flat project	जेनेरिक Xlib प्रोजेक्ट	कम ज़्यादा और सीधी प्रोजेक्ट	0.7801968455314636	0.472736120223999	0.2666330933570862
Background Properties	पृष्ठभूमि गुण	आभरण-विशेषताएं	0.7242586612701416	0.6246863603591919	0.6765866279602051
Starve	तारा	रोटी के बदले खाना	0.6819940805435181	0.4217182397842407	0.37374448776245117
"And the Book (of Deeds) will be placed (before you); and thou wilt see the sinful in great terror because of what is (recorded) therein; they will say, ""Ah! woe to us! what a Book is this! It leaves out nothing small or great, but takes account thereof!"" They will find all that they did, placed before them: And not one will thy Lord treat with injustice."	"किताब (कर्मपत्रिका) रखी जाएगी तो अपराधियों को देखोंगे कि जो कुछ उसमें होगा उससे डर रहे है और कह रहे है, ""हाय, हमारा दुर्भाग्य! यह कैसी किताब है कि यह न कोई छोटी बात छोड़ती है न बड़ी, बल्कि सभी को इसने अपने अन्दर समाहित कर रखा है।"" जो कुछ उन्होंने किया होगा सब मौजूद पाएँगे। तुम्हारा रब किसी पर ज़ुल्म न करेगा"	"और धर्म-ग्रंथ (कर्मों के बारे में) रखा जाएगा; और तुम उन्हें देखोगे कि वे बड़ी भयंकरता से तुम्हारे पास ही हैं क्योंकि वहाँ उन्होंने उन्हें किया है; वे कहेंगे, ""अह! हमें भयभीत हो जाएगी हमारी स्थिति! इसे कुछ छोटा या बड़ा नहीं छुपाता, लेकिन उसके संबंध से हमें बराबर या बigger नुकसान नहीं हुआ है! वे सभी उसे पढ़ेंगे before उन्हें और उन्हें भी देखेंगे; और नहीं तुम्हें नज़रअंदाज़ करेगा।"""	0.6870637536048889	0.47706571221351624	0.40119922161102295
Ayomatty:	आयोमैट्टी:	यामोत्टी:	0.8417140245437622	0.8738012313842773	0.9109193682670593
I wanna see how this dude has you livin'.	मैं चाहता हूं कि इस दोस्त तुम जीने की है कि कैसे देखते हैं.	मुझे पता है कि इस लड़के तुम्हारे जीवन में कैसे रहता है।	0.7729259133338928	0.49825921654701233	0.5140807032585144
Even the horoscopes are a perfect match.	यहाँ तक कि कुंडली एक परिपूर्ण मैच रहे हैं।	चूँकि हॉरोस्कोप के भी बिल्कुल सही रंग-चिह्न हैं।	0.6896830797195435	0.5711290240287781	0.7301644086837769
I wouldn't know what to do with it if I did.	मुझे नहीं पता है इसके साथ क्या करना है अगर मैंने छूआ.	मुझे इसके साथ क्या करना चाहिए, इसके बारे में नहीं पता।	0.8378342986106873	0.7207462191581726	0.6633110046386719
(CRIES OUT)	(रोता)	(चिल्लाते हुए)	0.798708438873291	0.7772367596626282	0.8820162415504456
Client Information	क्लाइंट सूचना	क्लेनेट जानकारी	0.7437868118286133	0.6539003849029541	0.8364261388778687
I've few jobs to complete.	मुझे कुछ काम पूरे करने हैं.	मुझे कुछ जॉब करनी हैं।	0.8799419403076172	0.8041293621063232	0.6006532907485962
Yeah, it was lucky we were still around. Yep.	हाँ, यह हम अभी भी चारों ओर थे भाग्यशाली था.	हाँ, फिर भी हमें रहा था। हाँ।	0.7547769546508789	0.42343977093696594	0.16236452758312225
Yeah, that's not how opposites work.	हाँ, विपरीत यूँ काम नहीं करते।	हाँ, ऐसा नहीं होता कि दो बिल्कुल अलग होते हैं।	0.7344735860824585	0.5749174356460571	0.7670733332633972
Wherever you may be death will overtake you, even if you were in fortified towers.’ If any good befalls them, they say, ‘This is from Allah;’ and when an ill befalls them, they say, ‘This is from you.’ Say, ‘All is from Allah.’ What is the matter with these people that they would not understand any matter?	और वहां रेशा (बाल) बराबर भी तुम लोगों पर जुल्म नहीं किया जाएगा तुम चाहे जहॉ हो मौत तो तुमको ले डालेगी अगरचे तुम कैसे ही मज़बूत पक्के गुम्बदों में जा छुपो और उनको अगर कोई भलाई पहुंचती है तो कहने लगते हैं कि ये ख़ुदा की तरफ़ से है और अगर उनको कोई तकलीफ़ पहुंचती है तो (शरारत से) कहने लगते हैं कि (ऐ रसूल) ये तुम्हारी बदौलत है (ऐ रसूल) तुम कह दो कि सब ख़ुदा की तरफ़ से है पस उन लोगों को क्या हो गया है कि र्कोई बात ही नहीं समझते	जहाँ भी आप हों तो आपको भी मृत्यु प्राप्त हो सकती है, भले ही आप मजबूत किलों में रहें.' यदि किसी स्वस्थ को उन्हें दुःख हो तो कहते हैं, तो उन्हें दुःख हो तो कहते हैं कि 'यह अल्लाह से है,' और जब उनमें दुःख हो तो कहते हैं 'आप से है,' कहते हैं 'अल्लाह की बात से हमें कोई चीज़ समझ नहीं आती है क्योंकि ये लोग इन लोगों से क्या समझ नहीं पाते हैं कि वे ऐसा क्या हो सकता है कि वे इस से बच सकते हैं?	0.6721131801605225	0.5007917284965515	0.4398636221885681
After this last year I have no affection for the old home	सामान सब निकाल कर बाहर रखो तो.	असली एक साल पहले मुझे यहाँ का पुराना घर के लिए प्यार नहीं है	0.6411867737770081	0.3682471215724945	0.18619658052921295
Failed to create item on a server	सर्वर पर मद बनाने में विफल	सेवा पर item बनाने में असफल हो गया	0.7944959998130798	0.5835762619972229	0.5102468729019165
Note: Underscore in the label name is used as mnemonic identifier in menu.	नोट: इस लेबल नाम में अंडरस्कोर मेन्यू में न्यूमोनिक पहचानकर्ता के रूप में प्रयुक्त है.	नोट: मेन्यू में लेबल नाम में अड़संकरी का उपयोग मेमोरी इडेंटिफायर के रूप में किया जाता है।	0.8108609318733215	0.650011420249939	0.7388629913330078
Yes.	हाँ।	हाँ।	1.000000238418579	0.9754428863525391	0.8433920741081238
I made the woman angry.	मैंने उस औरत को गस्सा दिलाया।	मैंने महिला को भड़का दिया।	0.8319088816642761	0.6613170504570007	0.5674407482147217
It is a meeting.	यह एक बैठक है.	कोई मीटिंग है।	0.764374315738678	0.7412237524986267	0.659374475479126
Homicide, Lebreton.	हत्या,LEBRETON	हिंसक हत्या। लीब्र्टन।	0.7380889654159546	0.6041056513786316	0.7790930271148682
Please select a plugin to activate	कृपया a प्लगइन को सक्रिय करें	प्लग-इन को सक्रिय करने के लिए कोई स्टॉप-राउंड चुनें	0.7885065674781799	0.5788725018501282	0.8282025456428528
Morocco	मोरक्कोworld. kgm	मोरक्को	0.7688204646110535	0.8383931517601013	0.8575320839881897
Giant I-beam... basket with grapes... pipe bender... a billion boxes.	विशालकाय आई-बीम... अंगूरों की टोकरी... पाइप बेंडर...	बड़ी बीम... ग्रेप्स की बोतल... पाइप बेंडर... एक बिलियन की बोतल.	0.8068557977676392	0.5204630494117737	0.709801197052002
Zachariah, John, Jesus, and Elijah, every one of them was righteous,	और ज़करिया व यहया व ईसा व इलियास (सब की हिदायत की (और ये) सब (ख़ुदा के) नेक बन्दों से हैं	जिसने भी चारवा या चारवा योग्य थे, वे सभी थे	0.6440263390541077	0.25445541739463806	0.12904635071754456
And for every nation have We appointed a ritual, that they may mention the name of Allah over the beast of cattle that He hath given them for food; and your god is One God, therefor surrender unto Him. And give good tidings (O Muhammad) to the humble,	और हमने तो हर उम्मत के वास्ते क़ुरबानी का तरीक़ा मुक़र्रर कर दिया है ताकि जो मवेशी चारपाए खुदा ने उन्हें अता किए हैं उन पर (ज़िबाह के वक्त) ख़ुदा का नाम ले ग़रज़ तुम लोगों का माबूद (वही) यकता खुदा है तो उसी के फरमाबरदार बन जाओ	और हर राष्ट्र को हमने एक प्रथा का निर्धारित किया है जिससे वे पशुओं के मांस को खाने के लिए अपने पास रखे गए बकरियों का नाम अल्लाह केover देते हैं; अल्लाह एक ही है, इसलिए वे अपने प्रार्थना-गृह पर संकल्प देना चाहते हैं; और वे तात्पर्य एक है, तो वे अपने प्रार्थना-गृह को हमसे संकल्प देना चाहते हैं।	0.6424689292907715	0.4599658250808716	0.564308762550354
Fear makes men fight better.	डर पुरुषों बेहतर लड़ने बनाता है.	भय से लोग लड़ाई में बेहतर होते हैं।	0.787509560585022	0.6424593925476074	0.822514533996582
Alif. Lam. Ra. These are the verses of the illustrious Book.	अलिफ़ लाम रा ये वाज़ेए व रौशन किताब की आयतें है	अलीफ़. लामा रे ये वाक्यावली महान है।	0.753297746181488	0.6423944234848022	0.6921641230583191
And were the truth to follow their desires there would have been corrupted the heavens and the earth and whatsoever is therein. Aye! We have come to them with their admonition; so it is from their admonition that they turn away.	और अगर कहीं हक़ उनकी नफसियानी ख्वाहिश की पैरवी करता है तो सारे आसमान व ज़मीन और जो लोग उनमें हैं (सबके सब) बरबाद हो जाते बल्कि हम तो उन्हीं के तज़किरे (जिबरील के वास्ते से) उनके पास लेकर आए तो यह लोग अपने ही तज़किरे से मुँह मोड़तें हैं	और अगर सच्चाई उनकी इच्छाओं के अनुसार चले तो आकाश और पृथ्वी और वहाँी की में में होने वाली सभी चीजें क्षीण होती। हाँ! हम उनसे सलाह दे रहे हैं; इसलिए उनकी सलाह से वे भी वापस हो जाते हैं।	0.7022619843482971	0.5417755246162415	0.6290086507797241
Yacc/Bison flags:	Yacc /बाइसन फ्लैग्स:	यैक/Bिसन flags:	0.7360725402832031	0.6798749566078186	0.6266659498214722
My father was working in the Held.	मेरे पिता ने खेत में काम कर रहा था.	मेरे पिता हेल्ड में काम कर रहे थे।	0.8614611625671387	0.6446034908294678	0.7834734916687012
Those who attacked us are relentless and crazy.	जिन्होंने हम पर हमला किया था वे कठोर और बावले हैं।	हम पर आक्रामकता और असभ्यापन से आगे हैं।	0.7081159353256226	0.4605085551738739	0.28214213252067566
Default folder to use for the '--add' and '--extract' commands	--add और --extract कमान्ड में उपयोग हेतु डिफ़ॉल्ट फ़ोल्डर	--अड्ड फ़ोरर्--और--एक्स्ट्रैक्ट कँडम के लिए उपयोग करने वाला डिफ़ॉर्मेट फ़ोर्बोर्ड	0.8109818696975708	0.45026007294654846	0.38188350200653076
terminal operations	टर्मिनल संचालन	तर्मिनल ऑपरेशन	0.8336963057518005	0.5331416726112366	0.6613343954086304
TREVOR:	ट्रेवर:	ट्रेवोर:	0.9045997262001038	0.7793707251548767	0.9255773425102234
Port:	पोर्टः	पोर्ट:	0.9062575697898865	0.8417707085609436	0.8687566518783569
He never takes into account the fact that I am very busy.	वह कभी भी इस बात का खयाल नहीं करता है कि मैं कितना व्यस्थ हूँ।	उन्होंने कभी ऐसा नहीं ध्यान दिया कि मैं बहुत बिज़ी हूँ।	0.8150110244750977	0.7508144974708557	0.8043246269226074
Cannot create new folder '%s'	नया फ़ोल्डर `%s' नहीं बना सकता है	इस्तेमाल करने वाला नया फ़ोल्डर नहीं बना सकता हूँ	0.8557327389717102	0.7032929062843323	0.7926537990570068
That's a different category.	यह अलग श्रेणी है.	कोई भी तरह का है।	0.7640718817710876	0.4414616823196411	0.45653271675109863
Bulla, who knows who I am!	बुल्ला, कौन जाने मैं कौन!	बुल्ला, मैं कौन हूँ!	0.9090579748153687	0.8515523076057434	0.8429402112960815
This is because they say: 'The fire of Hell shall not touch us except for a limited number of days.' The false beliefs which they have forged have deluded them in their faith.	"यह इसलिए कि वे कहते, ""आग हमें नहीं छू सकती। हाँ, कुछ गिने-चुने दिनों (के कष्टों) की बात और है।"" उनकी मनघड़ंत बातों ने, जो वे घड़ते रहे हैं, उन्हें धोखे में डाल रखा है"	यह इसलिए है क्योंकि कहा गया है: 'शैतान की आग हमें कुछ दिनों के लिए नहीं touch पाएगी.' उन्होंने झूठी विश्वास बनाया है इन्होंने अपनी ईमानदारी से देखा जानागा।	0.7389371991157532	0.5000842809677124	0.48716819286346436
- Please, somebody!	कृपया, किसी को!	- प्लीज़, कोई!	0.7919655442237854	0.7972396016120911	0.8909149765968323
New Game	नया खेल score-dialog	नए गेम	0.7054238319396973	0.7493206262588501	0.8136600255966187
O you who have faith! Indeed many of the scribes and monks wrongfully eat up the people’s wealth, and bar [them] from the way of Allah. Those who treasure up gold and silver, and do not spend it in the way of Allah, inform them of a painful punishment	ऐ ईमानदारों इसमें उसमें शक़ नहीं कि (यहूद व नसारा के) बहुतेरे आलिम ज़ाहिद लोगों के माल (नाहक़) चख जाते है और (लोगों को) ख़ुदा की राह से रोकते हैं और जो लोग सोना और चाँदी जमा करते जाते हैं और उसको ख़ुदा की राह में खर्च नहीं करते तो (ऐ रसूल) उन को दर्दनाक अज़ाब की ख़ुशखबरी सुना दो	आप जो मानते हैं जो ईमानी वाले? वास्तव में कई सcribes और मुनसिर जघन्य अपराध करते हैं कि वे लोगों की wealth को अपने लिए ख़रज़ाना करते हैं और अल्लाह के मार्ग का पालन न करने वाले को उनके पैसों को संग्रहीत करते हैं और उन्हें व्यय करने में मुश्किल महसूस कराते हैं	0.7019889950752258	0.48862573504447937	0.476270467042923
- Yes.	-हाँ।	जी हाँ।	0.8929760456085205	0.8620209097862244	0.9342098832130432
Ah.	आह.	अह।	0.8580434322357178	0.7398947477340698	0.6917139887809753
I told her to come to Sanjeevaiah Park.	मैने उसे संजीवियाह पार्क आने को कहा था.	मैंने कहा कि वह संजीवाiah पार्क में आने के लिए आएँ।	0.8035508394241333	0.5999070405960083	0.4933774471282959
Listen, I wanna tell you something.	सुनो, मैं तुम्हें कुछ बताना चाहता हूँ.	रिकॉर्ड करना, मैं आपको बताना चाहता हूँ।	0.8342178463935852	0.679512083530426	0.5860874652862549
we wanted you to learn what it meant to be a human first.	हम तुम क्या सीखना चाहता था यह एक मानव पहले होने का मतलब.	हमें लगा कि तुम्हें मानव के रूप में बनने का अर्थ समझना चाहिए।	0.751634955406189	0.6367658972740173	0.705390214920044
(STARTS ENG I N E)	(शुरू होता है इंग्लैंड INE)	(STARTS EN. I N.)	0.6449116468429565	0.5215663313865662	0.23646943271160126
They disbelieve those who say, “God is the Messiah the son of Mary.” But the Messiah himself said, “O Children of Israel, worship God, my Lord and your Lord. Whoever associates others with God, God has forbidden him Paradise, and his dwelling is the Fire. The wrongdoers have no saviors.”	जो लोग उसके क़ायल हैं कि मरियम के बेटे ईसा मसीह ख़ुदा हैं वह सब काफ़िर हैं हालॉकि मसीह ने ख़ुद यूं कह दिया था कि ऐ बनी इसराईल सिर्फ उसी ख़ुदा की इबादत करो जो हमारा और तुम्हारा पालने वाला है क्योंकि (याद रखो) जिसने ख़ुदा का शरीक बनाया उस पर ख़ुदा ने बेहिश्त को हराम कर दिया है और उसका ठिकाना जहन्नुम है और ज़ालिमों का कोई मददगार नहीं	उन्होंने कहा, “मेरी माँ मेरा मेस्सास है God.” लेकिन मेस्सास ने कहा, “पुत्र ईसा मैं आपके ईसा मेस्सास हूँ, God आपको मेरा पापी मेस्सास हूँ। जो किसी को ईसा के साथ worship करने का तरीका बताता है, ईसा मेस्सास ने कहा, “बच्चों, ईसा मेस्सास का पापी ईसा मेस्सास हूँ, अपने पापी ईसा मेस्सास हूँ. वह जो किसी को ईसा के साथ worship करने का तरीका बताता है, ईसा मेस्सास ने कहा, “ईसा मेस्सास का पापी ईसा मेस्सास है, ईसा मेस्सास का पापी ईसा मेस्सास है, ईसा मेस्सास का पापी ईसा मेस्सास है,”	0.6055418848991394	0.32176336646080017	0.2679419219493866
"and say, ""All praise is due to God who has never begotten a son and who has no partner in His kingdom; nor does anyone aid Him because of any weakness of His. Proclaim His greatness."""	"और कहो, ""प्रशंसा अल्लाह के लिए है, जिसने न तो अपना कोई बेटा बनाया और न बादशाही में उसका कोई सहभागी है और न ऐसा ही है कि वह दीन-हीन हो जिसके कारण बचाव के लिए उसका कोई सहायक मित्र हो।"" और बड़ाई बयान करो उसकी, पूर्ण बड़ाई"	और कहें, “पूरी प्रशंसा गोद के पालनवार को कह देती है जिसने कभी अपने पुत्र नहीं प्रजात किया है और जो किसी भी अपनी कमी में नहीं है; न ही उसके राज्य में कोई कमजोरी है जिसने उसे सहायता नहीं की है। उसकी महानता की घोषणा करो।”	0.7292260527610779	0.5550606846809387	0.5884673595428467
iCalendar information	आईकैलेंडर सूचना	i-युगनिवेदन	0.6925438046455383	0.4904012084007263	0.5045672655105591
I didn't think she'd make it.	मुझे नहीं लगा था कि वह इसे सह पायेगी.	मुझे लगा कि वह इसे नहीं जा पाएगी।	0.9091199040412903	0.6056577563285828	0.5590016841888428
Your Lord is All-forgiving and All-merciful. Had He wanted to punish them for their sins, He would have been prompt to torment them. For their punishment there is an appointed time, after which there will be no way for them to escape.	तुम्हारा रब अत्यन्त क्षमाशील और दयावान है। यदि वह उन्हें उसपर पकड़ता जो कुछ कि उन्होंने कमाया है तो उनपर शीघ्र ही यातना ला देता। नहीं, बल्कि उनके लिए तो वादे का एक समय निशिचत है। उससे हटकर वे बच निकलने का कोई मार्ग न पाएँगे	आपका राजा सभी शुक्र-वानी और सभी दया-वानों का है। अगर उन्हें अपने अपराधों के लिए शुक्र देना चाहता था, तो उन्हें तो जल्दी से दंड देने के लिए तैयार होता था। उनके दंड के समय के लिए एक निर्धारित समय है जिसके बाद उनके लिए कोई भी रास्ता नहीं रह जाएगा।	0.7210531234741211	0.6131847500801086	0.6574182510375977
I'll write like chalk...	I'll write like chalk...	मैं चार्क के जैसे लिखूँगा...	0.7184906005859375	0.6435407996177673	0.6144973039627075
Description	स्थिति	परिभाषा	0.710941731929779	0.677000105381012	0.8518118858337402
Or say they (again): He hath invented it? Say: If I have invented it, upon me be my crimes, but I am innocent of (all) that ye commit.	(ऐ रसूल) क्या (कुफ्फ़ारे मक्का भी) कहते हैं कि क़ुरान को उस (तुम) ने गढ़ लिया है तुम कह दो कि अगर मैने उसको गढ़ा है तो मेरे गुनाह का वबाल मुझ पर होगा और तुम लोग जो (गुनाह करके) मुजरिम होते हो उससे मै बरीउल ज़िम्मा (अलग) हूँ	या फिर दोहराते हैं: वे कहते हैं कि वे इसे किया है? फिर कहाते हैं: अगर मैंने इसे किया है, तो मेरे ऊपर उनकी अपरिमात्र अपराध हैं, लेकिन मैं बिना किसी भी इसे अपराध की तौर पर हूँ।	0.6672768592834473	0.35822489857673645	0.4097099304199219
They say: Our Lord! Twice hast Thou made us die, and twice hast Thou made us live. Now we confess our sins. Is there any way to go out?	वह लोग कहेंगे कि ऐ हमारे परवरदिगार तू हमको दो बार मार चुका और दो बार ज़िन्दा कर चुका तो अब हम अपने गुनाहों का एक़रार करते हैं तो क्या (यहाँ से) निकलने की भी कोई सबील है	यह कहते हैं: राजा! हमें दो बार मृत्यु देने और दो बार जीवित होने की तुमने की क्षमता बनाई है। अब हम अपने अपराधों को स्वीकार करते हुए निकलने की कोशिश कर रहे हैं कि क्या हमारी इस रास्ते से बाहर निकलने की कोई विकल्प है?	0.7166476845741272	0.5642107725143433	0.6726287603378296
Add [+]	जोड़ें [+]	अड़ाश्य [+]	0.8623852729797363	0.6538470387458801	0.5834093689918518
Sending little notes like this with pictures, and threats and fucked-up shit.	चित्रों के साथ, और खतरों और गड़बड़ हुआ गंदगी इस तरह छोटे नोटों भेजा जा रहा है.	इस प्रकार के कम्प्यूटर स्क्रीनशॉट, चिंताओं और फ़ुक्त-अनुकूल शैड।	0.6842783689498901	0.37519970536231995	0.31856071949005127
You know I know that he would look just like you and I couldn't wish for anything more.	आप मुझे वह आप की तरह लग रहे थे कि पता और मैं ज्यादा कुछ के लिए इच्छा नहीं कर सकता.	तुम जानती हो कि मैं जानती हूँ कि वह तुम्हारा बराबर ही दिख जाएगा और मुझे इसके लिए बहुत खुशी होती है।	0.7377394437789917	0.5521429181098938	0.620851993560791
Failed to retrieve messages.	संदेश पुनर्प्राप्त करने में असमर्थ	मैसेज़ डाउनलोड करने में असफल रहे हैं।	0.7375708222389221	0.6532599925994873	0.8509527444839478
_Picture Gallery	तस्वीर दीर्घा (_P)	पिक्चर गैलरी	0.6868869066238403	0.6294314861297607	0.9037578105926514
It feels ridiculous to begin with, but when meetings are working, it's very effective.	शुरुआत में बड़ा अजीब लगता है, लेकिन जब मीटिंग्स आरम्भ हो जाती हैं, तो यह काफ़ी अच्छा है.	इसे शुरू करने में अजीब लगता है, लेकिन जब कार्य समिति के बारे में बैठते हुए तो यह बहुत प्रभावशाली होता है.	0.8098490834236145	0.6889119148254395	0.814001739025116
Do you not see that Allah has made what is in the heavens and what is in the earth subservient to you, and made complete to you His favors outwardly and inwardly? And among men is he who disputes in respect of Allah though having no knowledge nor guidance, nor a book giving light.	क्या तुमने देखा नहीं कि अल्लाह ने, जो कुछ आकाशों में और जो कुछ धरती में है, सबको तुम्हारे काम में लगा रखा है और उसने तुमपर अपनी प्रकट और अप्रकट अनुकम्पाएँ पूर्ण कर दी है? इसपर भी कुछ लोग ऐसे है जो अल्लाह के विषय में बिना किसी ज्ञान, बिना किसी मार्गदर्शन और बिना किसी प्रकाशमान किताब के झगड़ते है	क्या आप नहीं देख रहे हैं कि अल्लाह ने आकाश में कुछ है जो नीचा या जो पृथ्वी में है साथ ही उसे आपके लिए बाहरी रूप से और अंदरूनी रूप से मुसीबत का सामना किया है और मानवों में से वह व्यक्ति है जो अल्लाह से बिना ज्ञा और राज्य नहीं है, न ही कोई सutra जो अल्लाह को समझने में मदद करता है, और जो आपके बारे में संघर्ष करता है।	0.7496498823165894	0.45986515283584595	0.4146384596824646
Cannot add group	जोड़ें समूह	जो भी ग्रुप ले सकता है, उसे नहीं जा सकता	0.6522741317749023	0.3092650771141052	0.09841805696487427
My final class, because from now on... your training will be in the hands of the Dragon Warrior.	मेरी अंतिम कक्षा क्योंकि अब से... तुम्हारे प्रशिक्षण का काम ड्रैगन योद्धा के सुपुर्द है।	अब मेरा अंतविद्यालय है क्योंकि से अब तुम्हारी प्रशिक्षण ड्रैगन वॉरियर की होंगी।	0.8147562742233276	0.5823594331741333	0.2919779419898987
Kate Session Applet	केएटीई सत्र मेन्यूComment	केट सीज़न ऐप्लेट	0.6923394799232483	0.4449314773082733	0.5421169400215149
Additional Vala compiler flags for this target.	अतिरिक्त वाला फ्लैग्स के लिए यह लक्ष्य.	इस संक्षारक कोडबिल्डर के लिए अतिरिक्त व्याख्या के लिए कोडबिल्डर फ़्लैग।	0.7790724039077759	0.44870495796203613	0.23379965126514435
Activate	सक्रिय करें	अक्षय्या	0.7210046648979187	0.5272074937820435	0.4284740686416626
Delete	मिटाएं	अनुवर्ती का निर्देश	0.676820695400238	0.5746520161628723	0.4151189923286438
How excellent it would be, if they were pleased with what Allah and His Noble Messenger had given them and said, “Allah suffices us; Allah will now give us by His munificence, and (so will) Allah’s Noble Messenger – and towards Allah only are we inclined.”	"यदि अल्लाह और उसके रसूल ने जो कुछ उन्हें दिया था, उसपर वे राज़ी रहते औऱ कहते कि ""हमारे लिए अल्लाह काफ़ी है। अल्लाह हमें जल्द ही अपने अनुग्रह से देगा और उसका रसूल भी। हम तो अल्लाह ही की ओऱ उन्मुख है।"" (तो यह उनके लिए अच्छा होता)"	यदि वे ईश्वर और उसके महान मंत्री के प्रस्तुत किए गए चीज़ों के साथ संतुष्ट होते थे, तो कैसा अच्छा होगा यदि वे उन चीज़ों का स्वागत करेंगे जो ईश्वर ने उन्हें दिया था और कहेंगे, “ईश्वर हमें आवश्यकता से पर्याप्त है; ईश्वर अब उन्हें अत्यधिक मुनाफा देगा (और) ईश्वर का महान मंत्री (सिर्फ ईश्वर के प्रति) हमें आकर्षित होगा।”	0.6940228939056396	0.6225407123565674	0.6402312517166138
We will extend the exemption bersyaratmu eight months.	हम छूट Bersyaratmu आठ महीने का विस्तार होगा.	हमने छुट्टियों के लिए आपको इस बेर्स्यारात में आठ महीने तक छोड़ने का फ़ैसला लिया है।	0.7237908244132996	0.47578203678131104	0.4986236095428467
"They said, ""Lot, if you do not give up preaching, you will certainly be expelled (from this town)""."	"उन्होंने कहा, ""यदि तू बाज़ न आया, ऐ लतू! तो तू अवश्य ही निकाल बाहर किया जाएगा।"""	उन्होंने कहा, “लोट, अगर आप भाष्य देने से बचने के लिए नहीं चली आती हैं, तो यहाँ से आपको निष्कासन होगा”।	0.7151280045509338	0.6107433438301086	0.5547434687614441
_Add Bookmark…	पुस्तचिह्न जोड़ें... (_A)	_ _	0.6921075582504272	0.41684630513191223	0.020506270229816437
Ken wanted a piano as a kid.	केन बचपन में एक पियानो चाहता था.	केन ने बचपन में पियानो को चाहता था।	0.9296495914459229	0.9089096784591675	0.8507173657417297
Lay_out	ख़ाका (_o)	लाइन_ऑलाउट	0.6968522667884827	0.5107472538948059	0.5587007999420166
Thanks, for the bachelor party, I guess?	धन्यवाद, स्नातक पार्टी के लिए, मुझे लगता है?	ठीक, बैचलर पार्टी के लिए धन्यवाद?	0.806725025177002	0.6075899004936218	0.7897051572799683
Python support warning	पायथन समर्थन चेतावनी	पाइथन का सपोर्ट संकेत	0.7907082438468933	0.6276355385780334	0.6817648410797119
- You will receive no more.	- आप कुछ भी प्राप्त होगा.	आपको अब कोई भी नहीं मिलेगा।	0.8251101970672607	0.5334547162055969	0.6525815725326538
Error subscribing to folder	सदस्यता लिए हुए फ़ोल्डरों में त्रुटि	फ़ोल्डर में साइन अप करने का रजिस्ट्रेशन करना गलत	0.7632321119308472	0.5292009711265564	0.48813486099243164
Where is he?	वह कहाँ है?	वह कहाँ है?	0.9999999403953552	0.9863439202308655	0.8672170639038086
Start the prayers, Guru!	पूजा शुरु करो, गुरु!	गुरु! शुरू करो प्रार्थनाएँ!	0.8031023144721985	0.9225799441337585	0.9004592299461365
Edit Custom Messages…	पसंदीदा संदेश संपादित करें...	स्टेटसाइज़ मैसेज़ एडिट…	0.6467674374580383	0.4819369316101074	0.3056267499923706
There was no space in the interview for any understanding of the fact that you've been living somewhere.	इंटरव्यू के दौरन इस बात को समझने की कहीं कोई गुंजाइश नहीं थी कि आप किसी जगह पर बसे हुए थे.	इंटरव्यू में किसी के लिए आपको वहाँ कौन सा है बताने के लिए कोई जगह नहीं थी।	0.7676371335983276	0.5343572497367859	0.3628484308719635
We have to find that old man!	उस बूढ़े आदमी को हमें खोजना है!	हमें उस पुराने व्यक्ति को ढूँढना होगा!	0.8027269840240479	0.843485951423645	0.8482402563095093
Is he who founded his building upon duty to Allah and His good pleasure better; or he who founded his building on the brink of a crumbling, overhanging precipice so that it toppled with him into the fire of hell? Allah guideth not wrongdoing folk.	फिर क्या वह अच्छा है जिसने अपने भवन की आधारशिला अल्लाह के भय और उसकी ख़ुशी पर रखी है या वह, जिसने अपने भवन की आधारशिला किसी खाई के खोखले कगार पर रखी, जो गिरने को है। फिर वह उसे लेकर जहन्नम की आग में जा गिरा? अल्लाह तो अत्याचारी लोगों को सीधा मार्ग नहीं दिखाता	अल्लाह ने उसका निर्माण अल्पसंख्या में लोगों के आनंद और उनके अच्छे चाहिए निर्माण में रखा है या उसका निर्माण अस्थिर, चट्टानी है जिसमें उसे भूतशत्रु के भयावह दरी में गिरने से उसे पूर्वी त्रासद में अल्पसंख्या में लोगों को तैरने से रोका है? अल्लाह ने ऐसे लोगों को गलती से नहीं रोका है।	0.7289090752601624	0.418805330991745	0.4838857054710388
(SIGHS) Tell you what.	(आह) आपको क्या करे.	सी.जी.एस.एचएस. बताओ कि।	0.6484651565551758	0.36643290519714355	0.48029085993766785
[PA announcement in native language]	[स्थानीय भाषा में पी. ए. घोषणा]	निम्नलिखित का पूरा अनुवाद किया गया है।	0.6345048546791077	0.5322543978691101	0.3957335948944092
Microsoft Global Catalog over SSL	SSL पर माइक्रोसॉफ्ट वैश्विक कैटालॉग	माइक्रोसॉफ्ट ग्लोबल कैटेक्स सी.एस.एल. एस.एल.	0.7726403474807739	0.5032113194465637	0.48132213950157166
Total time taken: %lu secs	कुल समय नहीं	कुल समय लिया गया: %लि सेकेंड	0.7375812530517578	0.5622192621231079	0.7021734714508057
Why is that Alan?	ऐसा क्यों?	अलान क्यों?	0.8922054767608643	0.8450857400894165	0.7286531925201416
This is no longer a sound strategy.	यह अब एक ठोस रणनीति है.	यह सुन स्ट्रीटेज़ीरी की तरह नहीं है।	0.7066664099693298	0.3265749514102936	0.20131413638591766
Start	प्रारंभ	स्टार्ट	0.6616549491882324	0.615277111530304	0.7342320680618286
The Hollow is no different.	खोखले अलग नहीं है।	अभी भी होल्लो की तरह है।	0.7315970659255981	0.4107819199562073	0.30428802967071533
We've got four D-Locks.	हमारे पास चार डी-लॉक्स हैं.	हमारे पास चार डी.लॉक हैं।	0.935272753238678	0.8636350035667419	0.886628270149231
So do not strike any similitudes to Allah. Allah knows whereas you do not know.	अतः अल्लाह के लिए मिसालें न घड़ो। जानता अल्लाह है, तुम नहीं जानते	इसलिए अल्लाह से कोई सामान्यता न करें। अल्लाह को जानता है जबकि तुम जानते नहीं हो।	0.8268106579780579	0.704599142074585	0.6718887686729431
Merge an individual commit from another branch	मिलाएं से	किसी व्यक्तिगत काम को दूसरे ब्रांच से मिलाएं	0.7117204070091248	0.5982325673103333	0.7647138237953186
Viper and Tigress, do, like, a Totem Pole Poison Technique!	वाइपर और टाइग्रेस, टोटम स्तंभ विष तकनीक जैसे करो!	विपर और टिग्रेस, जैसा, टोटेम पॉल पॉल स्ट्रीटफाइटिंग में एक प्रक्रिया है!	0.7797972559928894	0.5622773766517639	0.5363238453865051
Kontact	कॉन्टेक्ट	कॉन्टैक्ट	0.9693756103515625	0.9528597593307495	0.9219437837600708
Zero heat.	शून्य गर्मी.	जो है हॉट?	0.667512059211731	0.40039652585983276	0.3643794655799866
They shall be in a Garden lofty:	उच्च जन्नत में,	वे गार्डन में ऊँचे होंगे	0.7114490270614624	0.4126175343990326	0.6245826482772827
Open	खोलें	आओ	0.7914338707923889	0.6626493334770203	0.6815792322158813
God is not ashamed to strike a similitude even of a gnat, or aught above it. As for the believers, they know it is the truth from their Lord; but as for unbelievers, they say, 'What did God desire by this for a similitude?' Thereby He leads many astray, and thereby He guides many; and thereby He leads none astray save the ungodly	"निस्संदेह अल्लाह नहीं शरमाता कि वह कोई मिसाल पेश करे चाहे वह हो मच्छर की, बल्कि उससे भी बढ़कर किसी तुच्छ चीज़ की। फिर जो ईमान लाए है वे तो जानते है कि वह उनके रब की ओर से सत्य हैं; रहे इनकार करनेवाले तो वे कहते है, ""इस मिसाल से अल्लाह का अभिप्राय क्या है?"" इससे वह बहुतों को भटकने देता है और बहुतों को सीधा मार्ग दिखा देता है, मगर इससे वह केवल अवज्ञाकारियों ही को भटकने देता है"	देवता किसी छोटी किरण की तरह ही हस्तलिंग बना सकती है या किसी ज़्यादत की हस्तलिंग की तरह हो सकती है, यह लोगों के लिए भी सच है; लेकिन इस्लाम के निश्चित लोगों के लिए यह सच है कि यह देवता का इरादा इस छोटी किरण की तरह हस्तलिंग में था; लेकिन इस्लाम के बिन्दु लोगों का कहना है कि यह देवता का इरादा इस छोटी किरण की तरह हस्तलिंग में किसी तरह से था; इस प्रकार इस्लाम देवता को बहुत करीब लाता है, और इस्लाम ने बहुत सारे लोगों को बहुत सारे ले दिया; और इस्लाम ने बहुत सारे लोगों को जो	0.6696799993515015	0.34807029366493225	0.285128116607666
- HE DOESN'T USE ONE.	- वह एक का उपयोग नहीं करता.	- उन्होंने नहीं इस्तेमाल किया है।	0.8074498176574707	0.7315747141838074	0.7861107587814331
[Captain] Mask up.	[कप्तान] ऊपर मुखौटा.	कैप्टन! मास्क अप।	0.6975261569023132	0.4642450213432312	0.6318968534469604
And I will always stay	औरमैंकरूँगाहमेशारहना	और मैं हमेशा रहूँगा	0.6604000329971313	0.5833390355110168	0.5477055311203003
If you ask again, I'll say yes.	आप फिर से पूछो, मैं हाँ कह देंगे।	अगर आप फिर से कहते हैं, तो मैं कहूँगा हाँ।	0.8316419720649719	0.8323873281478882	0.8619656562805176
You promised to handover the kingdom the princess.	तुमने वचन दिया था कि ये साम्राज्य और राजकुमारी तुम मुझे सौप दोगे.	तुमने रानी को शासित करने का वादा किया था।	0.7684446573257446	0.708436906337738	0.6813267469406128
Indeed the requital of those who wage war against Allah and His Apostle, and try to cause corruption on the earth, is that they shall be slain or crucified, or shall have their hands and feet cut off from opposite sides, or be banished from the land. That is a disgrace for them in this world, and in the Hereafter, there is a great punishment for them,	जो लोग ख़ुदा और उसके रसूल से लड़ते भिड़ते हैं (और एहकाम को नहीं मानते) और फ़साद फैलाने की ग़रज़ से मुल्को (मुल्को) दौड़ते फिरते हैं उनकी सज़ा बस यही है कि (चुन चुनकर) या तो मार डाले जाएं या उन्हें सूली दे दी जाए या उनके हाथ पॉव हेर फेर कर एक तरफ़ का हाथ दूसरी तरफ़ का पॉव काट डाले जाएं या उन्हें (अपने वतन की) सरज़मीन से शहर बदर कर दिया जाए यह रूसवाई तो उनकी दुनिया में हुई और फिर आख़ेरत में तो उनके लिए बहुत बड़ा अज़ाब ही है	सच में यह कहते हुए कि अल्लाह और अपने आग्रहणकर्ता के खिलाफ लड़ने वाले लोगों का स्वीकार करना और धरती पर अशांति लाने की कोशिश करना यह है कि वे क्षरण या मारे जाएँ या उनके हाथ और पैर से विपरीत के दोनों तरफ को कट जाएँ, या उन्हें दुनिया से बाहर निकाल दिया जाए। इस दुनिया में उन्हें एक अश्लीलता है और भविष्य में, इस बात में उन्हें एक बड़ी दंडनाक है कि वे इसे संभालने वाले लोगों के लिए ऐसा है।	0.6847885251045227	0.4488436281681061	0.40764766931533813
The girl looked around.	उस लड़की ने पीछे मुड़कर देखा।	बिलकुल वहाँ से देख रही थी।	0.6929994821548462	0.4178868532180786	0.2481088936328888
It is my responsibility to send you back home safe and sound	यह मेरी जिम्मेदारी है आप वापस घर सही सलामत भेजने के लिए	मैं आपको घर ले कर सुरक्षित रूप से भेजना मेरी जिम्मेदारी है	0.8036649823188782	0.8181171417236328	0.4793434739112854
To Him is your return. This is Allah's promise that will certainly come true. Surely it is He Who brings about the creation of all and He will repeat it so that He may justly reward those who believe and do righteous deeds; and that those who disbelieve may have a draught of boiling water and suffer a painful chastisement for their denying the truth.	तुम सबको (आख़िर) उसी की तरफ लौटना है ख़ुदा का वायदा सच्चा है वही यक़ीनन मख़लूक को पहली मरतबा पैदा करता है फिर (मरने के बाद) वही दुबारा जिन्दा करेगा ताकि जिन लोगों ने ईमान कुबूल किया और अच्छे अच्छे काम किए उनको इन्साफ के साथ जज़ाए (ख़ैर) अता फरमाएगा और जिन लोगों ने कुफ्र एख्तियार किया उन के लिए उनके कुफ्र की सज़ा में पीने को खौलता हुआ पानी और दर्दनाक अज़ाब होगा	अपने लिए आपका वापसी है। यह अल्लाह का वादा है कि यह वादा आपके लिए सुन्नता की ओर जाती है कि जो सुन्नता का सामना करता है, वह अल्लाह से सुन्नता का सामना करता है, और जो सुन्नता नहीं करता है, उसे गर्म पानी का सामना करता है और उसे ज्यादा से ज्यादा दंडित किया जाता है जो सत्य का सामना करता है और जो सत्य नहीं कातता है, उसे रात का दिन और दिनों का दंड देता है।	0.6675817966461182	0.4608343243598938	0.3464321494102478
Welcome, James.	स्वागत है, जेम्स।	जेम्स को हेलो।	0.7627970576286316	0.6810137629508972	0.6435184478759766
In it We prescribed for them: a life for a life, an eye for an eye, a nose for a nose, and an ear for an ear, a tooth for a tooth, and retaliation for wounds. Yet whoever remits it out of charity, that shall be an atonement for him. Those who do not judge by what Allah has sent down—it is they who are the wrongdoers.	और हम ने तौरेत में यहूदियों पर यह हुक्म फर्ज क़र दिया था कि जान के बदले जान और ऑख के बदले ऑख और नाक के बदले नाक और कान के बदले कान और दॉत के बदले दॉत और जख्म के बदले (वैसा ही) बराबर का बदला (जख्म) है फिर जो (मज़लूम ज़ालिम की) ख़ता माफ़ कर दे तो ये उसके गुनाहों का कफ्फ़ारा हो जाएगा और जो शख्स ख़ुदा की नाज़िल की हुई (किताब) के मुवाफ़िक़ हुक्म न दे तो ऐसे ही लोग ज़ालिम हैं	इसमें हमने उन लोगों के लिए निम्नलिखित कुछ के लिए कहा था: जीवन जीवन के लिए, आँख आँख के लिए, नाक नाक के लिए, आँसू आँसू के लिए और व्यथा के लिए व्यथा के लिए आँसलरोध की सूचना। लेकिन जो किसी ने दान के द्वारा ये कुछ छोड़ देता है, तो उसे व्यथा के लिए प्रतिसाद होगा। लेकिन जो किसी ने दया के द्वारा ये कुछ छोड़ देता है, तो उसे व्यथा के लिए प्रतिसाद होगा। जो किसी ने दया के द्वारा ये कुछ ठहराया नहीं, तो उसे गलती है।	0.6627534627914429	0.33345678448677063	0.3852076530456543
We would have to drug a thousand people without their consent?	हम उनकी सहमति के बिना दवा के एक हजार लोग करना होगा?	हमें तो उनसे डrug करने की तिहसस की लोगों को अनुमति नहीं देनी पड़ेगी?	0.7239449620246887	0.42927220463752747	0.24764370918273926
Mr. President, sir?	अध्यक्ष महोदय, श्रीमान?	रिप्रजेंड प्रेसिडेंट, सर?	0.7063766717910767	0.5748950839042664	0.5837981700897217
And my wife, Deborah See everything that happens.	और मेरी पत्नी, दबोरा... ... क्या होता है देखो.	और मेरी पत्नी डेबोराह सब कुछ देखती हैं।	0.788105845451355	0.6790114045143127	0.8354421257972717
No, Judith, Judith, talk to me.	नहीं, जूडिथ, जूडिथ, मुझसे बात करो.	नहीं, ज्यूथ, मुझे बोलें।	0.8503652811050415	0.7391464114189148	0.6101704835891724
Listen to what I have in mind.	मेरे मन में क्या है, सुनो.	मैंने क्या सोच रहा हूँ सुनो।	0.7863659262657166	0.8566113710403442	0.7662585377693176
All Battle Groups, deploy drones.	सभी लड़ाई समूह, ड्रोन की तैनाती.	सभी बैटल ग्रुप ड्रोन डालेंगे।	0.7485425472259521	0.5641211867332458	0.5653367042541504
Let you choose your new project	आपको नई परियोजना चुनने की छूट देता है	आप अपना नया प्रोजेक्ट चुन लीजिए	0.7443848848342896	0.7164244055747986	0.7838125228881836
Nay! When the earth is pounded to powder,	सुन रखो कि जब ज़मीन कूट कूट कर रेज़ा रेज़ा कर दी जाएगी	नहीं! जब पृथ्वी को चट्टानों से मिला दिया जाता हो,	0.6714968681335449	0.4846801459789276	0.476780503988266
All information in this memo will be deleted and can not be restored.	इस यथारूप प्रविष्टि की सभी सूचनाएँ मिट दी जाएँगी और फिर सहेजी नहीं जा सकेगी.	इस मेमो में सभी जानकारी हट दी जाएगी और उसे वापस नहीं करा सकते हैं।	0.7722161412239075	0.6599953770637512	0.8496023416519165
Our house is cursed.	हमारा घर शापित है.	हमारे घर पर कृपया पवित्रता है।	0.8007078170776367	0.4623032510280609	0.5386427640914917
/ Yes, I'm Doug.	/ हाँ, मैं हूँ डौग.	/ हाँ, मैं डॉग।	0.8745606541633606	0.7052835822105408	0.5915659666061401
Cyrillic (_KOI8-R)	साइरिलिक (_KOI8-R)	किरिलिक्स (को.आई.ओ.8-र)	0.7680076360702515	0.6952694654464722	0.8472598791122437
Those who take disbelievers for Auliya' (protectors or helpers or friends) instead of believers, do they seek honour, power and glory with them? Verily, then to Allah belongs all honour, power and glory.	जो ईमानवालों को छोड़कर इनकार करनेवालों को अपना मित्र बनाते है। क्या उन्हें उनके पास प्रतिष्ठा की तलाश है? प्रतिष्ठा तो सारी की सारी अल्लाह ही के लिए है	जिन लोगों को विश्वास रखने वालों को अलूएया (प्रतिरूपकों या सहायकों या दोस्त) के रूप में नहीं रखा जाता है, उनसे उनके पास अल्लाह के प्रति सम्मान, शक और प्रशंसा के साथ क्या हासिल होता है? ईमानदारी से पूछें, वे अल्लाह के पास सभी सम्मान, शक और प्रशंसा रखते हैं?	0.7092280983924866	0.5889780521392822	0.6338422298431396
L laid with him that night in the wind, as sure as any mortal man.	मैं किसी भी नश्वर आदमी के रूप में यकीन रूप , हवा में उस रात उसके साथ रखी.	रात को उसे हवा में दिए बिने लिया था, जैसा कि किसी भी मृत्यु के लिए सुनिश्चित है।	0.6908341646194458	0.4311392605304718	0.474565327167511
translator-credits	राजेश रंजन (rranjan@redhat.com, rajeshkajha@yahoo.com) चंदन कुमार (chandankumar.093047@gmail.com)	ट्रांस्लेटर-श्रेयदान	0.5487049221992493	0.27237433195114136	0.2266281694173813
Move ~a onto the queen of clubs.	~a को चिड़ी की बेगम पर घुमाएँ.	क्लब की क्वीन पर स्थानांतरित करें।	0.7307131886482239	0.44955024123191833	0.6489976048469543
Like he was two different people.	की तरह वह दो अलग अलग लोगों को था.	उन्होंने दो अलग-अलग लोग बने हैं।	0.822006344795227	0.6985870599746704	0.6496810913085938
- Men and women.	- पुरुष और महिलाएँ.	- पुरुष और महिलाएँ।	0.9802652597427368	0.9768219590187073	0.9250801801681519
I had to work for mine.	मैं मेरे लिए काम किया था.	मेरे लिए काम करना पड़ा था।	0.8833304643630981	0.6939443945884705	0.5795618295669556
(After having revealed the Quran to you) in all truth and justice, your Lord's Word has been completed. No one can change His Words. He is All-hearing and All-knowing.	तो तुम (कहीं) शक़ करने वालों से न हो जाना और सच्चाई और इन्साफ में तो तुम्हारे परवरदिगार की बात पूरी हो गई कोई उसकी बातों का बदलने वाला नहीं और वही बड़ा सुनने वाला वाक़िफकार है	आपको कुरान को सामने आने के बाद सत्य और न्याय की पुष्टि करने के बाद, अपने प्रेमी की बात अब कोई बदल नहीं सकती। वे सभी सुनने योग्य और ज्ञानी हैं।	0.6941892504692078	0.5761916041374207	0.6534383296966553
So it won't be strong enough to kill her.	तो यह काफी मजबूत उसे मारने के लिए नहीं होगा।	इसलिए उसे मरने के लिए पर्याप्त नहीं होगा.	0.8406714797019958	0.62032550573349	0.5359832048416138
Unfortunate people?	दुर्भाग्यपूर्ण लोग?	असफल लोग?	0.8655917048454285	0.8665545582771301	0.8241456747055054
Where is your son Tatsuhei?	आपका पुत्र 'तातसुहेइ' कहाँ है?	तस्टहीही का अपना सोना कहाँ है?	0.7743415236473083	0.560994029045105	0.3111610412597656
- Mother, please stop it.	-माँ,अब बस करो	माँ, प्लीज़ रुकाएँ।	0.7407339215278625	0.8020766973495483	0.8699744343757629
But then he says...	लेकिन तभी वह...	लेकिन उन्होंने कहा...	0.8476555943489075	0.7884066700935364	0.6212928295135498
I'm going away from you.	मैं जा रहा हूँ यहाँ से।	मैं आपको छोड़ कर जा रहा हूँ।	0.8280259966850281	0.8884541392326355	0.7869560718536377
Maximum length of the text inside the actor	कर्ता के अंदर पाठ के अधिकतम लंबाई	अक्टर में लिखी कोई भी लंबाई	0.7954195141792297	0.402724951505661	0.5430307984352112
Should brasero replace symbolic links by their target files in the project. Set to true, brasero will replace symbolic links.	क्या ब्रैसेरो को परियोजना में लक्षित फाइलों के द्वारा सांकेतिक कड़ी से बदला जाना चाहिए. सही पर सेट करें, ब्रैसेरो सांकेतिक कड़ी को बदलेगा.	इस प्रोजेक्ट में स्यबोला के लिंक को उनके लक्ष्य फ़ाइलों के स्थान पर रखना चाहिए. यह सच होना चाहिए कि स्यबोला फ़ाइलों को बदल देगी.	0.766503632068634	0.5971452593803406	0.5928733944892883
Their meat will not reach Allah, nor will their blood, but what reaches Him is piety from you. Thus have We subjected them to you that you may glorify Allah for that [to] which He has guided you; and give good tidings to the doers of good.	न उनके माँस अल्लाह को पहुँचते है और न उनके रक्त। किन्तु उसे तुम्हारा तक़वा (धर्मपरायणता) पहुँचता है। इस प्रकार उसने उन्हें तुम्हारे लिए वशीभूत किया है, ताकि तुम अल्लाह की बड़ाई बयान करो, इसपर कि उसने तुम्हारा मार्गदर्शन किया और सुकर्मियों को शुभ सूचना दे दो	उनका मांस अल्लाह तक नहीं पहुँचेगा, न ही उनका रकाब, लेकिन जो अल्लाह से प्राप्त है वह आपके पास है जो आपको समझा गया है; इस बात के लिए आपके सामने उनसे तैयारी की है कि वे आपके अल्लाह को समझने वाले हैं; और उन लोगों को जो अच्छाई का काम करते हैं, उन्हें ताज़ागे अल्लाह को सुनने की हैं।	0.7158843874931335	0.5251206755638123	0.4246242940425873
Then they brought me with them, too.	फिर वे मुझे भी साथ लाते।	फिर उन्होंने मुझे भी साथ लाया।	0.9469200968742371	0.9458774328231812	0.9135771989822388
I'm still your king.	मैं अभी भी अपने राजा हूँ.	मैं अभी भी तुम्हारा राजा हूँ।	0.9205690026283264	0.9400823712348938	0.9322004914283752
Example: username	उदाहरण: उपयोक्तानाम	उदाहरण के लिए: यूजरनेम	0.7918277978897095	0.81308513879776	0.8579733371734619
"""Let the crazy world say..."	"""पागल दुनिया हम कहते हैं ..."	“चर्चा वाला दुनिया कहे...	0.807549774646759	0.5650786757469177	0.45516619086265564
Target properties	लक्ष्य गुण	परिचालनीय स्थान	0.7479674220085144	0.6019142866134644	0.833770215511322
We took direct action.	हमनें सीधी कार्यवाही की.	हम ने किया ज़रूरी।	0.7184221148490906	0.47996631264686584	0.3347228765487671
I am sure that we will be very happy here.	मुझे विश्वास है कि हम यहाँ अत्यंत प्रसन्न रहेंगे।	मुझे लगता है कि यहाँ हमें बहुत खुशी होगी।	0.828495442867279	0.8767552971839905	0.8755202293395996
& Delete	मिटाएँ (D)	&	0.6182111501693726	0.4758802354335785	0.0920034646987915
- Any other injuries?	- कोई अन्य चोट?	अन्य चोटों के साथ-साथ?	0.8006603121757507	0.6721563935279846	0.5969898700714111
That you blew a guy.	क्या आप अपने चेहरे को छुआ.	कि तुमने किसे धक्का दिया था।	0.7144114971160889	0.40305665135383606	0.4739118218421936
"They will all be marshalled before Allah together: then will the weak say to those who were arrogant, ""For us, we but followed you; can ye then avail us to all against the wrath of Allah?"" They will reply, ""If we had received the Guidance of Allah, we should have given it to you: to us it makes no difference (now) whether we rage, or bear (these torments) with patience: for ourselves there is no way of escape."""	और (क़यामत के दिन) लोग सबके सब ख़ुदा के सामने निकल खड़े होगें जो लोग (दुनिया में कमज़ोर थे बड़ी इज्ज़त रखने वालो से (उस वक्त) क़हेंगें कि हम तो बस तुम्हारे क़दम ब क़दम चलने वाले थे तो क्या (आज) तुम ख़ुदा के अज़ाब से कुछ भी हमारे आड़े आ सकते हो वह जवाब देगें काश ख़ुदा हमारी हिदायत करता तो हम भी तुम्हारी हिदायत करते हम ख्वाह बेक़रारी करें ख्वाह सब्र करे (दोनो) हमारे लिए बराबर है (क्योंकि अज़ाब से) हमें तो अब छुटकारा नहीं	"उनके पूरे साथ Allah के पीछे मार्चा जाएगा: तब भी कमजोरों को अरबारी वालों को यह कहते हुए कहते हैं - ""हम ने तुम्हारा अनुयाज़गी के लिए निगरानी की; क्या तुम्हें Allah की आंसू की सहायता पाने की तुमारी शक्ति है? वे कहते हैं ""अगर हमने Allah की सलाह प्राप्त की हो, तो हमने तुम्हें उसकी सलाह प्राप्त करने की भी शुरुआत की है; अब इसके बारे में तो हमारे लिए किसी तौर पर तुलना नहीं कर सकते कि हम रो रहे हैं या इन दर्दों के साथ सुसज्जित हैं; हमें किसी भी तरीके से छुटकारा नहीं मिलेगा।"""	0.6485505700111389	0.4125308096408844	0.3516783118247986
Luco!	Luco!	लुको!	0.8594793677330017	0.7215213179588318	0.6515974998474121
Qaf. [These letters (Qaf, etc.) are one of the miracles of the Quran, and none but Allah (Alone) knows their meanings]. By the Glorious Quran.	क़ाफ़ क़ुरान मजीद की क़सम (मोहम्मद पैग़म्बर हैं)	काफ़ का [ये चित्र (काफ़, आदि) हिंदू धर्म के अन्य miracle हैं और कोई भी अल्लाह (सही अल्लाह) ने इन्हें अर्थ नहीं जानता] अल्लाह के कृपावत के Quran में।	0.6778564453125	0.42798808217048645	0.22460250556468964
Berlin, 23 April, 1945.	बर्लिन, 23 अप्रैल,	अप्रैल, 23, 1945 को बर्लिन।	0.8189842700958252	0.8901980519294739	0.930250346660614
for each We struck similitudes, and each We ruined utterly.	और हमने हर एक से मिसालें बयान कर दी थीं और (खूब समझाया) मगर न माना	हमने एक-एक करके सिमिलिटीज़ खोजीं, और हमने एक-एक करके उन्हें नष्ट कर दिया।	0.7078207731246948	0.4788878262042999	0.6096612811088562
Get a hint for your next move	अगली चाल हेतु संकेत प्राप्त करें	आप अपने अगले कदम के लिए एक संकेत चाहेंगे	0.7687070369720459	0.8005902767181396	0.8476705551147461
SO I'LL TELL YOU WHAT WE'RE GONNA DO:	तो मैं तुम्हें हम क्या करने वाले हैं बता दूँगा:	तो मैं तुम्हें बताता हूँ हमारा क्या करना है:	0.8347663879394531	0.8796541690826416	0.8499680757522583
Mr. Chow.	श्री चाउ.	मिस्टर चौ।	0.7737240195274353	0.5646433234214783	0.5619633197784424
And mention in the Book (the Quran) Isma'il (Ishmael). Verily! He was true to what he promised, and he was a Messenger, (and) a Prophet.	(ऐ रसूल) कुरान में इसमाईल का (भी) तज़किरा करो इसमें शक नहीं कि वह वायदे के सच्चे थे और भेजे हुए पैग़म्बर थे	और किताब में (कुरान) इस्माइल (इस्माइल का नाम) बताएं। सच कहा! वे पूरा किस वचन का पालन करते थे ? वे एक मेस्सेजर थे, और एक प्रोफेसर थे।	0.7153432369232178	0.608534038066864	0.49197375774383545
Terminal 2D	टर्मिनल 2डी	टर्मिनल 2डी	0.9999999403953552	0.9790402054786682	0.9125275015830994
Ignore _top level tags	शीर्ष स्तर टैग अनदेखा करें (_t)	टॉप लेवल टैग को नज़रअंदाज़ करें	0.7480975389480591	0.7121824026107788	0.7792712450027466
General's Patience	जनरल का पेशेंस	ज्यादातर लोगों की बात	0.7491852641105652	0.46964356303215027	0.6601102352142334
What is your GroupWise password?	आपका GroupWise कूटशब्द क्या है?	आपका ग्रुपवीज़ पासवर्ड क्या है?	0.829391598701477	0.701617419719696	0.8862550258636475
He said: Rejectest thou my gods, O Abraham? If thou cease not, I shall surely stone thee. Depart from me a long while!	"उसने कहा, ""ऐ इबराहीम! क्या तू मेरे उपास्यों से फिर गया है? यदि तू बाज़ न आया तो मैं तुझपर पथराव कर दूँगा। तू अलग हो जा मुझसे मुद्दत के लिए!"""	उन्होंने कहा: अबाबा आबू के गोये? यदि तुम्हें नहीं भी छोड़ो तो मैं तुम स्टोन लगा दूँगा। तुम से दूर हो!	0.7731710076332092	0.4113187789916992	0.23201040923595428
What, you want some help finding him?	क्या, तुम कुछ उसे ढूंढने में सहायता करना चाहते हैं?	आपको उसे ढूँढने में कुछ मदद चाहिए?	0.8144629001617432	0.8696972727775574	0.895844578742981
_Trigger insert	ट्रिगर घुसाएँ	ट्रिगर इंस्टलेंट	0.8103470802307129	0.5574992895126343	0.7918381690979004
'Now you have come to Us one by one, as We created you upon the first time, and you have left what We conferred on you behind your backs. We do not see with you your intercessors, those you asserted to be associates in you; the bond between you is now broken; that which you ever asserted has now gone astray from you.	और आख़िर तुम हमारे पास इसी तरह तन्हा आए (ना) जिस तरह हमने तुम को पहली बार पैदा किया था और जो (माल व औलाद) हमने तुमको दिया था वह सब अपने पस्त पुश्त (पीछे) छोड़ आए और तुम्हारे साथ तुम्हारे उन सिफारिश करने वालों को भी नहीं देखते जिन को तुम ख्याल करते थे कि वह तुम्हारी (परवरिश वगैरह) मै (हमारे) साझेदार है अब तो तुम्हारे बाहरी ताल्लुक़ात मनक़तआ (ख़त्म) हो गए और जो कुछ ख्याल करते थे वह सब तुम से ग़ायब हो गए	'आप हमें एक-एक करके आ रहे थे, जैसे हम आपको पहली बार बनाए गए थे, और आ रहे थे आपके आपके बीच आपके साझेदारों को प्रतिनिधित्व दिया था; आपके बीच आपके साथी आपके बीच की बाधाएँ अब आपके साथ आपके बीच के संबंध तोड़ दिए गए हैं; आपके साथ आपके साथ प्रतिस्पर्धक आपके बीच का संबंध अब आपके साथ आपके बीच का संबंध हो गया है है जो कभी आपके साथी से कहा गया था (यानी आपके साथी के बारे में) अब उसे भी आपके साथी से कहीं जा चुका है।'	0.6584099531173706	0.34585168957710266	0.22420068085193634
_About	के बारे में (_A)	_ABout_	0.7334462404251099	0.6840450167655945	0.49607378244400024
Like those before you; they were stronger than you in power and more abundant in wealth and children, so they enjoyed their portion; thus have you enjoyed your portion as those before you enjoyed their portion; and you entered into vain discourses like the vain discourses in which entered those before you. These are they whose works are null in this world and the hereafter, and these are they who are the losers.	(मुनाफिक़ो तुम्हारी तो) उनकी मसल है जो तुमसे पहले थे वह लोग तुमसे कूवत में (भी) ज्यादा थे और औलाद में (भी) कही बढ़ कर तो वह अपने हिस्से से भी फ़ायदा उठा हो चुके तो जिस तरह तुम से पहले लोग अपने हिस्से से फायदा उठा चुके हैं इसी तरह तुम ने अपने हिस्से से फायदा उठा लिया और जिस तरह वह बातिल में घुसे रहे उसी तरह तुम भी घुसे रहे ये वह लोग हैं जिन का सब किया धरा दुनिया और आख़िरत (दोनों) में अकारत हुआ और यही लोग घाटे में हैं	जैसी ही आप से पहले के लोगों के बीच हैं; वे आपकी शक्ति और धन और बच्चों की संख्या में अधिक थे; इसलिए उन्होंने अपने हिस्से लिया; इसलिए आपके हिस्से के लिए भी आप उन्होंने वैभाव से लोगों के हिस्से ले रहे हैं और वैभाव से लिए बिना उन्होंने वैभाव से लिए बिना आपके हिस्से की चर्चाएँ वैसी ही रह चुकी हैं जो उन्होंने पहले से ही बनाई थीं; ये वैसे ही लोग हैं जिनके कार्य इस दुनिया में और इस पल में निर्वाण की तरह हैं और ये वैसे हैं जो पहले से ही निर्वाण की तरह हैं।	0.7008424997329712	0.4542122781276703	0.42974337935447693
Fwd:	अग्रेषित	फड्वा:	0.7251473069190979	0.4976806342601776	0.27190712094306946
We were trying to go to the People's Assembly.	हम पीपुल्स असेंबली में जाने की कोशिश कर रहे थे.	हमें लोक सभा जाने का प्रयास करना था।	0.7616308331489563	0.7617573142051697	0.7569626569747925
"Hashing ""%s"""	"हैशिंग ""%s"""	"""%s"" को हैश करना"	0.8214940428733826	0.7252171039581299	0.7899577617645264
YOU'VE GOT ALIBIS FOR THE OTHER TWO, HAVE YOU?	तुम तुम, अन्य दो के लिए alibis , है ना?	आप दूसरे दोनों के लिए अलाइबी है क्या?	0.7385697364807129	0.47937697172164917	0.5285857319831848
If you were mine, you wouldn't have to work.	आप मेरे थे हैं, तो आप काम करने के लिए नहीं होता.	यदि तुम मेरी होतीं, तो तुम काम नहीं करने होते।	0.8124627470970154	0.5483183264732361	0.5035654902458191
I am tensed thinking about your life.	मैं अपने जीवन के बारे में सोच परेशान कर रहा हूँ।	मैं तुम्हारी जिंदगी पर ध्यान देने में तनाव महसूस कर रहा हूँ।	0.8127968907356262	0.6576460003852844	0.8123365640640259
My wallet and phone are in the flight.	मेरा फोन और पर्स फ्लाइट में रह गए हैं .	प्लाने में वे ले जाए जाने वाले विमान में हैं।	0.7507522702217102	0.36106398701667786	0.3926268219947815
& Printing	छपाई (P)	& प्रिंटिंग	0.6589604616165161	0.6026627421379089	0.6568676233291626
Trace Blend Strings	मिश्रण लडियाँ का पता लगायें	ट्रेक ब्लेंड स्ट्रिंग्स	0.6713348627090454	0.33057156205177307	0.4807146489620209
Such communities that have been connecting villages through the use of blogs also practice the same cultural practices they used to have in Guatemala, for example the Q´anjob´al Association even has their own queen, and indigenous ceremonies, as San Pedro Soloma Blog shows:	विदेश में रह रहे चिट्ठाकारों के लिये अपने गाँव की यादें ताज़ा करना तो जरूरी है हीः रात में मैंने सारे संदेशे और कवितायें पढ़ीं जो प्यारे क्युकुनसेस कुलिको के रहवासी ने लिखे और मुझे लगा ज्यों मैं उस छोटे से गाँव में पहुँच गया हूँ जहाँ हमारी जवानी बीती, जहाँ हम शनिवार को पार्टियाँ मनाया करते।	ऐसी सामुदायिक समूह हैं जो ब्लॉग का उपयोग करके गुयातेमाला में अपने गांवों से जोड़ती हैं, उसी प्रकार से इन समूहों को ये सांस्कृतिक प्रथाएं भी आती हैं जो वे पिछले समय में की थीं, जैसे कि क्वानोज़ॉबल एसोसिएशन का अपना खुद का राजा है और स्थानीय रीति-रिवाज, जैसा कि सैन पेर्डो सोलोमा ब्लॉग दिखाता है।	0.6411901712417603	0.5095900893211365	0.565346896648407
'Surely over My servants thou shalt have no authority.' Thy Lord suffices as a guardian.	बेशक जो मेरे (ख़ास) बन्दें हैं उन पर तेरा ज़ोर नहीं चल (सकता) और कारसाज़ी में तेरा परवरदिगार काफी है	यह सुनिश्चित है कि आप मूल अर्थ में इस पाठ्यरूप में संसाधित व्याख्या को बनाए रखने वाले हैं। कोई संशोधन, हटाने की कोशिश नहीं है, न ही उन जानकारियों को बदलने की इच्छा है।	0.6516391634941101	0.44407519698143005	0.465880811214447
- Yeah, you're totally right. I'm sorry.	वेगास, बेबी.	हाँ, आपने सही कहा। मुझे माफी चाहता हूँ।	0.580995500087738	0.5251208543777466	0.4737635850906372
Iletyou.	मैं तुम्हें जाने।	इलेट्यू।	0.6381530165672302	0.4259239137172699	0.27407121658325195
Say: Tell me what Allah has sent down for you of sustenance, then you make (a part) of it unlawful and (a part) lawful. Say: Has Allah commanded you, or do you forge a lie against Allah?	और जो कुछ वह जमा कर रहे हैं उससे कहीं बेहतर है (ऐ रसूल) तुम कह दो कि तुम्हारा क्या ख्याल है कि ख़ुदा ने तुम पर रोज़ी नाज़िल की तो अब उसमें से बाज़ को हराम बाज़ को हलाल बनाने लगे (ऐ रसूल) तुम कह दो कि क्या ख़ुदा ने तुम्हें इजाज़त दी है या तुम ख़ुदा पर बोहतान बाँधते हो	से: अल्लाह ने आपको आवश्यक भोजन के लिए अपने निशाने में बताया होगा, तो आपने इसे अनुचित करके या अनुचित करके बनाते हैं? कहें: अल्लाह ने आपको निशाने में अल्पकालिक या अपर्याप्त भोजन तैयार कर दिया है या नहीं?	0.6437844038009644	0.39624330401420593	0.2664690315723419
Hidden file	छुपी फ़ाइल	हाइडन फ़ाइल	0.8552064299583435	0.6086925864219666	0.5260078310966492
Unable to open URI	URI खोलने में असमर्थ	उपर जा सकने के लिए URI खोलने में असमर्थ हूँ	0.8735488057136536	0.7703675031661987	0.778884768486023
HANNAH: Well, get on. SEAN:	CHlRPlNG]	हैना: ठीक से चलो सीज़न:	0.5946690440177917	0.33446839451789856	0.4488432705402374
FILENAME()	FILENAME ()	फ़ाइल नाम()	0.7514771819114685	0.8970727324485779	0.9086166620254517
_Fetch All Headers	पूरा शीर्षक लाएँ (_F)	अपनी सूची में सभी शीर्षकों को लें	0.7466167211532593	0.5161269903182983	0.6716643571853638
Telephone	टेलिफोन	टेलीफोन	0.8997400403022766	0.9603922367095947	0.9257662296295166
That's nine for the twins!	यह हो गए जुड़वों के नौ...	दोहरों के लिए नौ!	0.7593055367469788	0.4792599678039551	0.6325836777687073
You can say you won I'll say you taught me a lesson...	... मैं आप मुझे एक सबक सिखाया कहेंगे... नहीं, कायर!	तुम कह सकती हो मैं जीत लूँगा तुमने मुझे सिखाया कि...	0.7612960338592529	0.4764617681503296	0.5302035212516785
- Did you brush your own teeth?	- तुमने अपने दाँत साफ़ किए?	- तुमने अपने जीभ को साफ़ करने के लिए ब्रुश किया है?	0.8652756810188293	0.5872573256492615	0.6100844144821167
And I'm Aunt Tanja.	और मैं चाची Tanja हूँ.	और मैं तंजा अंट।	0.8041176795959473	0.4625023305416107	0.23062162101268768
Pass:	पास:	पास:	1.0	0.9843605756759644	0.7337209582328796
Did you see him who turned away,	भला (ऐ रसूल) तुमने उस शख़्श को भी देखा जिसने रदगिरदानी की	क्या तुमने उस व्यक्ति को देखा जिसने भाग दिया था	0.755535900592804	0.5672905445098877	0.6447256803512573
He was angry, saying that I did not understand.	वह नाराज हो गया था कह रहा था कि मैं समझ नहीं पाया.	उन्होंने घबराहट व्यक्त की कि मैं समझ नहीं पाता था।	0.8186714053153992	0.7257076501846313	0.7727946043014526
What did he do with it?	उसने इसके साथ क्या किया?	वह इस से क्या कर लिया?	0.892571210861206	0.6724889278411865	0.6210209131240845
You're like Google, sir.	आप गूगल, सर की तरह हो।	आप जैसे है गूगल, सर।	0.8808905482292175	0.8229615092277527	0.6198117136955261
You cannot get married until then.	आप तब तक शादी नहीं कर सकता।	तब से तुम शादी नहीं कर सकते।	0.8977110385894775	0.8799096941947937	0.9221303462982178
You don't think about what you'd rather be doing?	तुम न कर रही हो क्या तुम था के बारे में नहीं सोचते हैं?	क्या तुम सोचती हो कि तुम ऐसी चीज़ के लिए करना चाहेंगी?	0.7934678196907043	0.49246442317962646	0.4864467978477478
"""Yes, I did it! I confess!"	"""हाँ, मैंने यह किया था, मैं कबूल करता हूं!"	जी हाँ, मैंने इसे किया! मैं अपने लिए स्वीकार करता हूँ!	0.8822879791259766	0.8320488333702087	0.7390123605728149
"You say: ""Yes; and you will be lowly made."""	(ऐ रसूल) तुम कह दो कि हाँ (ज़रूर उठाए जाओगे)	"तुम कहते हो: ""हाँ; और तुम्हें कमजोर बनाया जाएगा।"""	0.6601430773735046	0.603229820728302	0.6286702156066895
If you take retribution, then do so in proportion to the wrong done to you. But if you can bear such conduct with patience, indeed that is best for the steadfast.	और हिदायत याफ़ता लोगों से भी खूब वाक़िफ है और अगर (मुख़ालिफीन के साथ) सख्ती करो भी तो वैसी ही सख्ती करो जैसे सख्ती उन लोगों ने तुम पर की थी और अगर तुम सब्र करो तो सब्र करने वालों के वास्ते बेहतर हैं	अगर तुम दंड ले रही हो, तो उसी अनुपात में तुम्हारे लिए किया जाना चाहिए। लेकिन अगर तुम जितनी धैर्य से इस तरह का व्यवहार सह सकती हो, उतना ही बेहतर होता है।	0.6766312718391418	0.5167786478996277	0.6595357656478882
And in the earth are regions neighbouring and gardens of vines and cornfields, and palm-trees clustered and single, watered by the same water; yet some We make to excel others in food. Verily therein are signs for a people who reflect.	और खुरमों (खजूर) के दरख्त की एक जड़ और दो याखें और बाज़ अकेला (एक ही याख़ का) हालॉकि सब एक ही पानी से सीचे जाते हैं और फलों में बाज़ को बाज़ पर हम तरजीह देते हैं बेशक जो लोग अक़ल वाले हैं उनके लिए इसमें (कुदरत खुदा की) बहुतेरी निशानियाँ हैं	और पृथ्वी पर उसी नदी से घिरी हुई क्षेत्र हैं जिनमें वाइन, गेहूँ के बाड़े और पपड़ी के बाग़ हैं जिनमें पौधे एक साथ हैं और उसी पानी से पारित हुए हैं; फिर भी हम कुछ बनाकर दूसरों को भोजन में आगे बढ़ाने के लिए बनाते हैं कि सच कहें तो वहाँ लोगों के लिए वहाँ संकेत हैं।	0.703009307384491	0.4788114130496979	0.4584931433200836
"""I am pleased that member states have agreed to launch and take ownership of a process to establish universal sustainable development goals - SDGs,"" he said."	"उन्होंने कहा कि ""मुझे बहुत प्रसन्नता है कि सदस्य देश सार्वभौमिक संवहनीय विकास लक्ष्य स्थापित करने हेतु प्रक्रिया आरंभ करने तथा उसका स्वामित्व लेने के लिए सहमत हो गए हैं।"""	“मैं यह कहा चाहता हूँ कि सदस्य देशों ने सार्वजनिक रूप से पर्यावरण स्थायी विकास लक्ष्यों - SDGs की शुरुआत करने और नियंत्रण में लेने का विकल्प स्वीकार किया है” उन्होंने कहा।	0.7373762130737305	0.7446907162666321	0.6952764987945557
THE ONLY REASON-- LOOK AT ME.	एक ही कारण है - मुझ पर देखो.	एकदम सही राय में मैं देखा जा सकता है.	0.7174050211906433	0.3650859296321869	0.29656851291656494
All right, don't be a dick, Richie.	ठीक है, बेवकूफ मत बनो, रिची.	अरे, रिची को ऐसा नहीं कहना चाहिए।	0.7254672050476074	0.6856842041015625	0.5638572573661804
And hold fast to the rope of Allah, all of you together, and do not be divided; and remember Allah’s favour on you, that when there was enmity between you, He created affection between your hearts, so due to His grace you became like brothers to each other; and you were on the edge of a pit of fire (hell), so He saved you from it; this is how Allah explains His verses to you, so that you may be guided.	और तुम सब के सब (मिलकर) ख़ुदा की रस्सी मज़बूती से थामे रहो और आपस में (एक दूसरे) के फूट न डालो और अपने हाल (ज़ार) पर ख़ुदा के एहसान को तो याद करो जब तुम आपस में (एक दूसरे के) दुश्मन थे तो ख़ुदा ने तुम्हारे दिलों में (एक दूसरे की) उलफ़त पैदा कर दी तो तुम उसके फ़ज़ल से आपस में भाई भाई हो गए और तुम गोया सुलगती हुईआग की भट्टी (दोज़ख) के लब पर (खडे) थे गिरना ही चाहते थे कि ख़ुदा ने तुमको उससे बचा लिया तो ख़ुदा अपने एहकाम यूं वाजेए करके बयान करता है ताकि तुम राहे रास्त पर आ जाओ	और अल्लाह की लंबी राहों में न जाने दें , सभी आपको पकड़ कर रखें , और अपने बीच से अलग न हों , अल्लाह का साथ आपको रखें , जो आपको एक दूसरे के बीच की दिलचस्पी के लिए बना दिया , इसलिए अल्लाह ने आपके बीच द्वेष को भी ताज़गी के साथ बना दिया था , और अल्लाह ने आपको उस ताज़गी से तुम्हें बाहर निकाला , तुम्हारे बीच एक भूलबुड़हाली (भूलबुड़धाम) में भी है , इसलिए अल्लाह ने तुम्हें से उसे पकड़ लिया है , इस बात को तुमें समझ लो कि अल्लाह verses को तुम्हें समझने में मदद करता है, तो तुम्हें उस समझने में सहायता मिलेगी।	0.7003389000892639	0.42498350143432617	0.2919495701789856
What line of kings do you descend from?	तुम राजाओं की किस खानदान से आते हो?	आपको कौन से राजा से प्राप्त हैं?	0.7749541401863098	0.5611686110496521	0.45344024896621704
Then He created him and (caused the angel to) breathe into him his (created) spirit. He gave you eyes and ears, and hearts, yet little do you thank.	फिर उस (के पुतले) को दुरुस्त किया और उसमें अपनी तरफ से रुह फूँकी और तुम लोगों के (सुनने के) लिए कान और (देखने के लिए) ऑंखें और (समझने के लिए) दिल बनाएँ (इस पर भी) तुम लोग बहुत कम शुक्र करते हो	तब उसने उसे बनाया और (अंगल को) उसका वायु प्रवाहित कर दिया। उसने तुम्हें चश्मे और मुंह, और दिलों को दिया। तुम्हें तो बहुत थोड़ी धन्यवाद देनी चाहिए थी, लेकिन तुम्हें ज्ञान की कमी है।	0.7118493914604187	0.5081341862678528	0.6348690390586853
- Is Axe a great guy?	- कुल्हाड़ी एक महान आदमी है?	- क्या ऐक्स एक बहुत ही अच्छा व्यक्ति है?	0.8015761971473694	0.7883595824241638	0.6372552514076233
We must pay the tax.	हमें टैक्स भरना पड़ेगा।	हमें कर देना होगा।	0.7906653881072998	0.5681594610214233	0.4786604046821594
Options include upgraded brakes, a service package providing access to Bowler Works mechanics, logistic support, and vehicle storage between events.	इसके विकल्पों में शामिल हैं - अपग्रेड किए गए ब्रेक, सर्विस पैकेज जो बॉलर वर्क्स मैकेनिक्स, लॉजिस्टिक सहायता, तथा ईवेंट के बीच वाहन संग्रह तक पहुंच प्रदान करता है।	यहाँ कुछ विकल्प हैं-उपग्रह की ब्रेक, बोलवर वॉर्क्स के सेवा पैकेज की पहुँच के लिए सेवाएँ, लॉजिस्टिक सुपोर्ट और इवेंट के बीच वाहन के स्टोरेज।	0.823844850063324	0.6166448593139648	0.5783137679100037
Your emails	raviratlami@ aol. in	आपके ईमेल	0.5827445983886719	0.4576343297958374	0.7083845138549805
Warp	रैप	वॉर्प	0.8263645172119141	0.528065025806427	0.6295257210731506
Because the moon's moving in the opposite direction to us, we get a gravitational break in...	क्योंकि में हमारे िलए विपरीत दिशा, चाँद की चलती हम अंदर एक गुरुत्वाकर्षण ब्रेक मिलता है ..	क्योंकि चाँद हमारे पास जाता है-जाता नहीं है, हमें वातावरणीय बल का विभाजन होता है...	0.7485138177871704	0.49257415533065796	0.5985074639320374
"""If you do good, you will do so for your own good; if you do ill, you will do it for your own loss."" So, when the time of the second prediction comes, (We shall rouse another people) to shame you, and enter the Temple as they had done the first time, and to destroy what they conquered utterly."	अगर तुम अच्छे काम करोगे तो अपने फायदे के लिए अच्छे काम करोगे और अगर तुम बुरे काम करोगे तो (भी) अपने ही लिए फिर जब दूसरे वक्त क़ा वायदा आ पहुँचा तो (हमने तैतूस रोगी को तुम पर मुसल्लत किया) ताकि वह लोग (मारते मारते) तुम्हारे चेहरे बिगाड़ दें (कि पहचाने न जाओ) और जिस तरह पहली दफा मस्जिद बैतुल मुक़द्दस में घुस गये थे उसी तरह फिर घुस पड़ें और जिस चीज़ पर क़ाबू पाए खूब अच्छी तरह बरबाद कर दी	“अगर तुम अच्छा काम करते हो तो तुम ऐसा ही अपने लिए अच्छा काम करते हो; अगर तुम अच्छा नहीं करते हो तो तुम उसके लिए ऐसा ही काम करते हो तो”. तब तो जब दूसरी भविष्यवाणी आती है, (हमें एक और लोगों को अपमानित करने वाली एक घटना तैयार करनी होगी) को उत्तेजित करना होगा और मंदिर में जो पहली बार हुआ था उसी जैसा हो कर वे क्षति को पूरी तरह से नष्ट कर देंगे।	0.6849305033683777	0.48056191205978394	0.567344069480896
Obviously well educated and extremely well financed.	जाहिर है अच्छी तरह से शिक्षित और बहुत अच्छी तरह से वित्त पोषण किया.	बिलकुल पढ़ाई का प्रशिक्षण भी हुआ है और बहुत भारी धन हुआ है।	0.7258380055427551	0.4736240804195404	0.4613053798675537
Build but do not install the target.	बिल्ड नहीं अधिष्ठापित करें लक्ष्य.	स्थापित न करें जिसे लक्ष्य है।	0.7867470383644104	0.5237794518470764	0.3479224145412445
Like you would be homeless, if I died.	जैसे कि तुम बेघर हो जाओगे, अगर मैं मर गया.	जैसा कि तुम मुझे घर से भी छोड़ सकती हो अगर मैं मर जाऊँ.	0.8190021514892578	0.6646990180015564	0.5859965085983276
Just a call to let you know we've fixed a date for your case hearing.	आपको यह बताने के लिए फ़ोन किया है कि... हमने आपके केस की हीयरिंग के लिए तारीख तय कर दी है.	आपके मामले सुनवाई के लिए तैयारी में एक कॉल है |	0.7263426184654236	0.45835551619529724	0.4095463752746582
When will you drink it? The foreman says you have to work tonight!	प्रबंधक का कहना है कि आप को काम करना है.	क्या तुमने पीने का सारा समय आ लिया है? फोर्मेन ने बताया कि तो रात में काम करना है!	0.7437360882759094	0.44840386509895325	0.3732752799987793
Simulation of data DVD copying	आँकड़ा डीवीडी की नक़ल में सिमुलेशन	डेटा को डब्ल्यू.डी.ई. कॉपी करने का सिम्युलेशन	0.7278147339820862	0.6036810278892517	0.8045734167098999
( Laughter )	(हंसी)	( मुस्कान )	0.7840486168861389	0.612467348575592	0.7645303010940552
They ask thee, (O Muhammad), of new moons, say: They are fixed seasons for mankind and for the pilgrimage. It is not righteousness that ye go to houses by the backs thereof (as do the idolaters at certain seasons), but the righteous man is he who wardeth off (evil). So go to houses by the gates thereof, and observe your duty to Allah, that ye may be successful.	"वे तुमसे (प्रतिष्ठित) महीनों के विषय में पूछते है। कहो, ""वे तो लोगों के लिए और हज के लिए नियत है। और यह कोई ख़ूबी और नेकी नहीं हैं कि तुम घरों में उनके पीछे से आओ, बल्कि नेकी तो उसकी है जो (अल्लाह का) डर रखे। तुम घरों में उनके दरवाड़ों से आओ और अल्लाह से डरते रहो, ताकि तुम्हें सफलता प्राप्त हो"	उनको (ओ मुहम्मद), पूछते हैं कि आप उन दिनों के बारे में बताएंगे कि क्या हैं नए मौसम, उन्हें बताइए: नए मौसम मनुष्यों और यात्रा के लिए ठीक हैं और यात्रियों को ऐसा नहीं है कि वे किसी अन्य मौसम को पीछे से गुजर कर अपने घरों के साथ जाएँ। यह सही नैतिकता है कि वे मौसम को पीछे से गुजर कर अपने घरों के साथ जाते हैं, लेकिन सही लोग वह हैं जो बुराई से बचते हैं तथा Allah की निगरानी में अपना कर्तव्य निभाते हैं कि वे सफल हों।	0.7062264084815979	0.5718430876731873	0.609865665435791
His daughter, Oei, of course.	अपनी बेटी से, बेशक ओएइ,.	बिल्कुल ओई!	0.7187942862510681	0.550730288028717	0.47408977150917053
"But when the unbelievers see you they make fun of you (and say): ""Is this the one who mentions your gods (deridingly)?"" Yet in Ar-Rahman they disbelieve!"	और (ऐ रसूल) जब तुम्हें कुफ्फ़ार देखते हैं तो बस तुमसे मसखरापन करते हैं कि क्या यही हज़रत हैं जो तुम्हारे माबूदों को (बुरी तरह) याद करते हैं हालाँकि ये लोग खुद खुदा की याद से इन्कार करते हैं (तो इनकी बेवकूफ़ी पर हँसना चाहिए)	लेकिन जब बिल्कुल ऐसे लोग आपको देखते हैं तो उन्होंने आपको (दखलील करने वाले) यह कहा : “क्या यह वे कोई है जो आपके देवताओं के बारे में बोल रहा है (दखलील करने वाले) ?” फिर आर-रहमान के लोग आपको बिल्कुल बिल्क्री नहीं मानते!	0.7013942003250122	0.522351086139679	0.567786455154419
Turn on the radio.	रेडियो पर मुड़ें.	रेडियो को सक्रिय कर दें।	0.8185713291168213	0.7330184578895569	0.916019082069397
"Hast thou not Turned thy vision to the Chiefs of the Children of Israel after (the time of) Moses? they said to a prophet (That was) among them: ""Appoint for us a king, that we May fight in the cause of Allah."" He said: ""Is it not possible, if ye were commanded to fight, that that ye will not fight?"" They said: ""How could we refuse to fight in the cause of Allah, seeing that we were turned out of our homes and our families?"" but when they were commanded to fight, they turned back, except a small band among them. But Allah Has full knowledge of those who do wrong."	(ऐ रसूल) क्या तुमने मूसा के बाद बनी इसराइल के सरदारों की हालत पर नज़र नही की जब उन्होंने अपने नबी (शमूयेल) से कहा कि हमारे वास्ते एक बादशाह मुक़र्रर कीजिए ताकि हम राहे ख़ुदा में जिहाद करें (पैग़म्बर ने) फ़रमाया कहीं ऐसा तो न हो कि जब तुम पर जिहाद वाजिब किया जाए तो तुम न लड़ो कहने लगे जब हम अपने घरों और अपने बाल बच्चों से निकाले जा चुके तो फिर हमे कौन सा उज़्र बाक़ी है कि हम ख़ुदा की राह में जिहाद न करें फिर जब उन पर जिहाद वाजिब किया गया तो उनमें से चन्द आदमियों के सिवा सब के सब ने लड़ने से मुँह फेरा और ख़ुदा तो ज़ालिमों को खूब जानता है	"हो कि तुम ने मoses के समय इजरायल के बच्चों की चिता पर वापस नहीं की? वे एक प्रोफ़ेट के माध्यम से इन्हें कहा: ""हमें इस cause के लिए राजा नियुक्त करने के लिए कहेंगे तो हम इस cause को अल्लाह के लिए लड़ने के लिए तैयार होंगे."" उसने कहा: ""क्या यह संभव नहीं है कि हमें लड़ने के लिए, अगर हमें cause को करने का आदेश मिला तो वह हमें लड़ने के बिना नहीं लड़ सकते?"" वे कहा: ""कैसे हम आदेश में लड़ने के लिए तैयार न हो सकेंगे जो हमें अपने घर और परिवार से विस्थापित हो गये थे ? लेकिन जब आदेश में लड़ने के लिए तैयार हुए तो उनमें से एक क"	0.6761715412139893	0.3575221300125122	0.18187575042247772
We can't lose him! My God!	आप वास्तव में, बच्चों के रूप में उन्हें देख नहीं है न?	हमें उसे खो न सकें! भगवान मी!	0.688691258430481	0.40228763222694397	0.2247471660375595
Take Newer (last modified)	Sync Conflict Resolution	नएर (अज्ञात तौर पर अपडेट किया गया)	0.6370556950569153	0.4011251628398895	0.5388402342796326
Delete the selected history link	चयनित इतिहास लिंक को मिटाएँ	चुने गए इतिहास लिंक को हटा दें	0.847970187664032	0.8933225274085999	0.9155852198600769
Select all text	सारा पाठ चुनें	चुनो सभी टेक्स्ट	0.7206878066062927	0.6135130524635315	0.8665395975112915
Exporting key...	कुंजी निर्यात किया जा रहा है...	सामान...	0.7609910368919373	0.48295825719833374	0.3101234436035156
I... ask You, God...	आई. .. मैं तुमको प्रार्थना करना, मेरे भगवान...	मैं... गोद...	0.7470898032188416	0.4115319848060608	0.3632674813270569
East hallway, clear.	पूर्वदालान,स्पष्ट/मैं	पूर्व के हॉल, साफ़।	0.7067422270774841	0.4670383632183075	0.3966364860534668
c++-analyzer:	c++-analyzer:	c++-निरीक्षक:	0.8547319769859314	0.6686274409294128	0.6952307224273682
Lo! He, only He, is the Hearer, the Knower.	करने वालों (की जमाअत) में तुम्हारा फिरना (उठना बैठना सजदा रुकूउ वगैरह सब) देखता है	अरे! केवल वे व्यक्ति हैं जो किसी भी बात को सुन सकते हैं जो किसी भी सवाल का जवाब दे सकते हैं!	0.6361460089683533	0.4102207124233246	0.5348987579345703
Threads started by %1	लड़ियाँ डिफ़ॉल्ट पर खुला रखें( p)	%1 ने ट्रैड्स शुरू किए	0.7249264121055603	0.41835030913352966	0.43826672434806824
"Say, ""Perhaps some of the things which you wish to experience immediately are very close to you."""	(ऐ रसूल) तुम कह दो कि जिस (अज़ाब) की तुम लोग जल्दी मचा रहे हो क्या अजब है इसमे से कुछ करीब आ गया हो	क्या आप कह सकते हैं, “शायद तुम जो चाहो तो आज़माना चाहती हो तुम्हारी हो.””	0.6937917470932007	0.3506222367286682	0.21686990559101105
For the third quarter ended September 30, Bombardier's net profit fell to $147 million, or 8 cents per share, from $172 million, or 9 cents per share a year earlier.	30 सितंबर को समाप्त तीसरी तिमाही के लिए, Bombardier के शुद्ध लाभ एक साल पहले $ $147मिलियन, या प्रति शेयर 8 सेंट, $172मिलियन, या प्रति शेयर 9 सेंट तक गिर गया.	सितंबर 30, बॉम्बार्डर के तीसरे क्वार्टर के अंत में 8 मिलियन डॉलर कम हो गए, जो पिछले साल 9 मिलियन डॉलर के साथ 9 सेंट्स प्रति शेयर से हो गया था।	0.7544113397598267	0.5511763691902161	0.6287319660186768
Can we be traced?	हम पता लगाया जा सकता है?	क्या हम संकेतित किए जा सकते हैं?	0.8037323355674744	0.6627882719039917	0.6893112063407898
You know that movie I was telling you about? It's playing over at the campus cinema.	मैंने एक फिल्म के बारे में सुना है जो...	तुम जानती हो कि मैंने तुम्हें बताया था कि मैंने किस फिल्म की बात की थी? वह कैम्पस किनेमा में चल रही है।	0.7185636162757874	0.533732533454895	0.7308728694915771
- I am available.	- मैं disponÃ में सक्षम हूँ.	- मैं उपलब्ध हूँ।	0.8096209168434143	0.8623732328414917	0.9246765375137329
It's a present from Raju	यह राजू ने दिया है.	राजू का एक प्रेसेंट है	0.7918950915336609	0.7348530888557434	0.48558008670806885
_Enable	जावा सक्षम करें	प्राप्ति	0.6837756037712097	0.41551217436790466	0.2642638385295868
Samarinda	शमनगनslovakia. kgm	सरमिन्डा	0.5849846005439758	0.5200551152229309	0.5289821028709412
It is He who sends down upon His Servant [Muhammad] verses of clear evidence that He may bring you out from darknesses into the light. And indeed, Allah is to you Kind and Merciful.	वही तो है जो अपने बन्दे (मोहम्मद) पर वाज़ेए व रौशन आयतें नाज़िल करता है ताकि तुम लोगों को (कुफ़्र की) तारिक़ीयों से निकाल कर (ईमान की) रौशनी में ले जाए और बेशक ख़ुदा तुम पर बड़ा मेहरबान और निहायत रहम वाला है	यह ज्ञान देने वाले उपदेश मुहम्मद को संदेश दिए जाते हैं कि उनके सेवक को नज़र से गहरी रातों से ताज़ाती की ओर ले जाने के लिए दिए जाने वाले उपदेश हैं। तथा यह सच है कि तुम्हें Allah की नज़र से तुम्हारी ओर से राहत और दया प्राप्त होगी।	0.7153871655464172	0.4989955723285675	0.4911080598831177
Such of you as die and leave behind them wives, they (the wives) shall wait, keeping themselves apart, four months and ten days. And when they reach the term (prescribed for them) then there is no sin for you in aught that they may do with themselves in decency. Allah is informed of what ye do.	और तुममें से जो लोग मर जाएँ और अपने पीछे पत्नियों छोड़ जाएँ, तो वे पत्नियों अपने-आपको चार महीने और दस दिन तक रोके रखें। फिर जब वे अपनी निर्धारित अवधि (इद्दत) को पहुँच जाएँ, तो सामान्य नियम के अनुसार वे अपने लिए जो कुछ करें, उसमें तुमपर कोई गुनाह नहीं। जो कुछ तुम करते हो, अल्लाह उसकी ख़बर रखता है	जिनमें से तुम मर जाते हैं और तुम्हारे पास विवाही होते हैं, वे विवाही तुम्हारे पास व्यवहार करते हैं (विवाही तुम्हारे पास व्यवहार करते हुए तुम्हारे पास कुछ भी होते है तो उन्हें) चार महीने और दस दिन बिताने के बाद वे तुम्हारे साथ कुछ भी गलत नहीं करतेगा। (ये चीज़ें तुम्हारे लिए) अल्लाह को पता है कि वे तुम्हारे साथ कुछ भी अच्छा नहीं करतेगे।	0.7421450614929199	0.41694870591163635	0.35358700156211853
This is the ID of the account holding the IMAP resource folders.	यह आईमैप रिसोर्स फ़ोल्डर रखे हुए खाते का आईडी है.	इसे इम.एम.पी. के संसाधन के फ़ोल्टर के इडी का नंबर है।	0.762116014957428	0.6033114790916443	0.5811888575553894
It's Lise's car.	यह लिसे की कार है.	इसे लीज़ का कार है।	0.8429018259048462	0.6413176655769348	0.48039907217025757
You have not heard or seen anything	आपने सुना या कुछ भी नहीं देखा है	आपने नहीं सुना या देखा है कुछ	0.9011427760124207	0.9110495448112488	0.6485123038291931
...What if they could talk to us what were they thinking...	वे हमसे बात कर सकता ... क्या अगर... ... वे क्या सोच रहे थे...	अगर वे हमसे बात कर सकते थे तो क्या होता ...ये जो हमारे सामने होता ...	0.823251485824585	0.711365818977356	0.6036849617958069
I've looked through the hole?	छेद मे से मैंने देखा था?	मैंने खोल की?	0.824720025062561	0.41139698028564453	0.24234355986118317
I couldn't save you once... and that was the biggest mistake of my life.	मैं तुम्हें एक बार नहीं बचा सकता है ... ... और कहा कि मेरे जीवन की सबसे बड़ी गलती थी।	मैं आपको सुनने में असमर्थ हूँ... और मेरी ज़िंदगी में भी बड़ी गलती थी |	0.7704224586486816	0.5181154608726501	0.5748330354690552
[man howling] [howling continues] [chuckles]	[पुरुष चीख रहा है] [चीख जारी है] [दबी हंसी]	[मैन हुआर] [हुआर जारी हो रहा है] [चुटकी लगाई जाती है]	0.8104717135429382	0.46811988949775696	0.4149325489997864
No, you didn't tell me anything.	नहीं, तुम मुझे कुछ नहीं बताया.	नहीं, मुझे कुछ नहीं बताया था।	0.9444982409477234	0.9096856713294983	0.7524124383926392
I'd even sing you poetry	-गाऊँगा तुम्हारे लिए कविता भी	मैं तुम्हारे लिए कविता भी गाता	0.8331634402275085	0.8332350850105286	0.9226666688919067
System Monitor	तंत्र मॉनीटर	सिस्टम मॉनिटर	0.8168699145317078	0.8781928420066833	0.9318713545799255
And before it there hath been the Book of Musa, a guide and a mercy. And this a Book confirming it, in Arabic speech, that it may warn those who have done wrong and as glad tidings Unto the well-doers.	और इसके क़ब्ल मूसा की किताब पेशवा और (सरासर) रहमत थी और ये (क़ुरान) वह किताब है जो अरबी ज़बान में (उसकी) तसदीक़ करती है ताकि (इसके ज़रिए से) ज़ालिमों को डराए और नेकी कारों के लिए (अज़सरतापा) ख़ुशख़बरी है	और इससे पहले सुस्मित का पुस्तक है, एक दिशानिर्देश और दया का साहित्य है. इस पुस्तक का साक्ष्य इस अरबी भाषा में है, कि उस गलती करने वाले लोगों को बताया जाना चाहिए और उन्हें सफलता प्राप्त करने वालों को यह सूचित करना चाहिए कि वे सही करने वाले हैं.	0.6793128848075867	0.4992046654224396	0.6128068566322327
And if he (the dying person) be of those on the Right Hand,	और यदि वह भाग्यशालियों में से है,	और अगर वे हाथ पर उंगली में हो,	0.7542279362678528	0.3675040602684021	0.3585784435272217
[ GLASS SHATTERS ]	[कांच टूटता]	[ ग्लास टूट जाता है ]	0.8294416666030884	0.7481973767280579	0.8016576766967773
Plugins	प्लगइन्स	प्लग-इन	0.8685619235038757	0.7346990704536438	0.9297202825546265
We have sent it down with truth, and with truth has (the Qur'an) come down. And We have sent you only to give good news and to warn.	और (ऐ रसूल) हमने इस क़ुरान को बिल्कुल ठीक नाज़िल किया और बिल्कुल ठीक नाज़िल हुआ और तुमको तो हमने (जन्नत की) खुशखबरी देने वाला और (अज़ाब से) डराने वाला (रसूल) बनाकर भेजा है	हमने सच्चाई से भेजी है और सच्चाई से भेजी है ये (यूरान) ने भेजा है। और हमने आपको केवल अच्छाई की खबर देने और चेतावनी देने के लिए भेजा है।	0.7272449135780334	0.47794109582901	0.48658016324043274
She's not our queen because she's the daughter of some king we never knew.	वह हमारी रानी क्योंकि वह बेटी है नहीं है कुछ राजा के हम कभी नहीं जानता था।	वो हमारी रानी नहीं है क्योंकि वह हमारे किसी किंग से पुत्री है जिसे हमें कभी नहीं पता था।	0.8212320804595947	0.7361404299736023	0.7770780324935913
Let's go.	चलो चलो.	अरे चलो जाएँगे।	0.771871030330658	0.8098599314689636	0.5530980825424194
7-Zip (.7z)	7-Zip (.7z)	7-Zip (.7z)	0.9999998807907104	0.986416757106781	0.5714483261108398
"And when Saul marched out with his army, he warned: ""Allah is going to put you to a test by the side of a river: whoso drinks of its water shall cease to be my companion: he alone shall be~my companion who does not quench his thirst with its water: one may, however, take except a few, drank their fill of it. Afterwards when Saul, and those who had believed with him, crossed the river and advanced forward, the former said to Saul, ""We have no power left this day to fight against Goliath and his hosts."" But those who believed that one Day they shall meet Allah, declared, ""lt has often been that a small host has, by Allah's grace, overcome a big host: for Allah is with those who show fortitude."""	फिर जब तालूत लशकर समैत (शहर ऐलिया से) रवाना हुआ तो अपने साथियों से कहा देखो आगे एक नहर मिलेगी इस से यक़ीनन ख़ुदा तुम्हारे सब्र की आज़माइश करेगा पस जो शख्स उस का पानी पीयेगा मुझे (कुछ वास्ता) नही रखता और जो उस को नही चखेगा वह बेशक मुझ से होगा मगर हाँ जो अपने हाथ से एक (आधा चुल्लू भर के पी) ले तो कुछ हर्ज नही पस उन लोगों ने न माना और चन्द आदमियों के सिवा सब ने उस का पानी पिया ख़ैर जब तालूत और जो मोमिनीन उन के साथ थे नहर से पास हो गए तो (ख़ास मोमिनों के सिवा) सब के सब कहने लगे कि हम में तो आज भी जालूत और उसकी फौज से लड़ने की सकत नहीं मगर वह लोग जिनको यक़ीन है कि एक दिन ख़ुदा को मुँह दिखाना है बेधड़क बोल उठे कि ऐसा बहुत हुआ कि ख़ुदा के हुक्म से छोटी जमाअत बड़ी जमाअत पर ग़ालिब आ गयी है और ख़ुदा सब्र करने वालों का साथी है	जब सॉल का युद्ध कार्य वापस आए, उसने निर्देश दिया: “अल्लाह को अपने साथ एक नदी में एक प्रतिमा के साथ एक प्रतिमा बनने का परीक्षण करने के लिए चला रहा है: उसे किसे भी नदी के पानी से अपनी दोस्ती बनानी चाहिए जो उसके पानी को पीने वाला है; वही एक ही व्यक्ति होगा जो नदी के पानी को बिना कमी के पीने के साथ अपनी थकान को भर देता है: एक को भी निर्भर नहीं होने देगा जो नदी के पानी को बिना कमी के पीने के बारे में इतना सोचता है: हालाँकि उसे नदी के दोनों पक्ष ने पार किया था और आगे प्रार	0.6526183485984802	0.4148205518722534	0.2998790740966797
on the day when [some] faces will turn white and [some] faces will turn black. As for those whose faces turn black [it will be said to them], ‘Did you disbelieve after your faith? So taste the punishment because of what you used to disbelieve.’	(उस दिन से डरो) जिस दिन कुछ लोगों के चेहरे तो सफैद नूरानी होंगे और कुछ (लोगो) के चेहरे सियाह जिन लोगों के मुहॅ में कालिक होगी (उनसे कहा जायेगा) हाए क्यों तुम तो ईमान लाने के बाद काफ़िर हो गए थे अच्छा तो (लो) (अब) अपने कुफ़्र की सज़ा में अज़ाब (के मजे) चखो	कभी जब कुछ चेहरे रंग बदल जाएंगे और कुछ चेहरे रंग बदल जाएंगे तब उस समय जब कुछ लोगों के चेहरे रंग की तरह की हो जाएंगे तो कहा जाएगा कि क्या वे अपनी ईमानदारी के बाद चूकी हैं? उस लोग को बताया जाएगा कि ‘क्या तुम ईमानदारी के बाद चूकी हो? तो तुम्हें इस सज़ा का सामना करना होगा जो तुमने ईमानदारी के बाद चूकी थी।’	0.7418760061264038	0.48068490624427795	0.4627789556980133
Let's go.	-चलो।	अरे चलो जाएँगे।	0.8101266026496887	0.8012592792510986	0.55150306224823
"Believe only in those who follow your own religion."" Say to them, ""Surely, the true guidance is the guidance from God."" [But you think it is impossible that] someone else may be granted [revelation] such as you were granted -- or else that they should contend against you before your Lord. Say, ""All grace is in the hands of God; He grants it to whom He wills: for God is boundless, and all knowing,"	और तुम्हारे दीन की पैरवरी करे उसके सिवा किसी दूसरे की बात का ऐतबार न करो (ऐ रसूल) तुम कह दो कि बस ख़ुदा ही की हिदायत तो हिदायत है (यहूदी बाहम ये भी कहते हैं कि) उसको भी न (मानना) कि जैसा (उम्दा दीन) तुमको दिया गया है, वैसा किसी और को दिया जाय या तुमसे कोई शख्स ख़ुदा के यहॉ झगड़ा करे (ऐ रसूल तुम उनसे) कह दो कि (ये क्या ग़लत ख्याल है) फ़ज़ल (व करम) ख़ुदा के हाथ में है वह जिसको चाहे दे और ख़ुदा बड़ी गुन्जाईश वाला है (और हर शै को)े जानता है	"आप अपनी धर्म को दूसरों पर नहीं रख सकते हैं | उन्हें बताएँ, ""सहज हो, यह सचमुच आपके देवता की सलाह है |"" [लेकिन आपको लगता है] कि किसी और का आपको ज्ञान [प्राप्ति] हो सकता है या न कि आपके देवता के सामने आपके ऊपर क्रोध हो | ना ही कहो, आपके देवता के हाथों में सभी grace हैं, वे जो हैं वे आपको जो ज्ञान देते हैं वे आपको जो ज्ञान देते हैं वे सभी हैं; वे जो हैं, वे जो हैं, सभी ज्ञानी हैं |"	0.6455682516098022	0.3757803440093994	0.3370358645915985
YOU'RE A LOUSY SHOT.	आप एक घटिया शॉट हो.	तुम लूज़ शॉट हो।	0.7815732359886169	0.5726604461669922	0.6799651384353638
As for the ship, it belonged to certain poor men, who toiled upon the sea; and I desired to damage it, for behind them there was a king who was seizing every ship by brutal force.	वह जो नौका थी, कुछ निर्धन लोगों की थी जो दरिया में काम करते थे, तो मैंने चाहा कि उसे ऐबदार कर दूँ, क्योंकि आगे उनके परे एक सम्राट था, जो प्रत्येक नौका को ज़बरदस्ती छीन लेता था	इस जहाज़ के बारे में, कुछ कमजोर लोगों के लिए था जो बारी-बारी से तट पर काम करते थे; और मैंने उसे नुकसान पहुँचाना चाहता था, पीछे एक राजा था जो हर जहाज़ को भयंकर शक्ति से पकड़ ले रहा था।	0.7945184707641602	0.5184277892112732	0.6965757012367249
It's really silly of me.	यह मेरे सच में पागल है.	मुझे यह तो बहुत अजीब लग रही है।	0.7556244134902954	0.6243165135383606	0.6420409679412842
I was scared to go to India alone, that's when I found you.	मैं अकेला भारत जाने के डर गया था, कि जब मैं तुम्हें मिल गया है।	मैं भारत अकेले जाने से डरता था, तो वहीं मैंने मुझे ढूँढा यू।	0.8027946949005127	0.528382420539856	0.3792420029640198
Then why a dragon army?	फिर तुमने एक ड्रैगन सेना क्यों तैयार की?	तो क्यों ड्रैगन सेना?	0.8623535633087158	0.8423525094985962	0.8235197067260742
Your names	रविशंकर श्रीवास्तव, जी. करूणाकरEMAIL OF TRANSLATORS	आपके नाम	0.5942171812057495	0.3651972711086273	0.7777803540229797
"Add all these together you get a Black Superpower."""	ये सब जोड़ कर देखें, आपको एक अश्वेत महाशक्ति मिल जायेगी।	अरे तुम्हें पता है कि जो भी मिल जाती है वो भी रेड का सुपरपावर होगा।	0.6860705018043518	0.48089340329170227	0.38186657428741455
Certificate problem: %s Issuer: %s	प्रमाणपत्र समस्या: %s निर्गमक: %s	सेर्टिफ़िकेट प्रॉब्लम: %s इज़रोलर: %s	0.7647911310195923	0.6280429363250732	0.6542901992797852
Unknown	अज्ञात	अज्ञा	0.9495270252227783	0.6745769381523132	0.564918041229248
Priority:	पोर्टः	प्राथमिकता:	0.7551063895225525	0.685655951499939	0.9113494753837585
And by those that swim along (i.e. angels or planets in their orbits, etc.).	और गवाह है वे जो वायुमंडल में तैरें,	और जो तैरते हैं ( अर्थात् अंगल या पृथ्वियाँ, आदि के चक्र में चलने वाले हैं।	0.7280325293540955	0.4565015733242035	0.5327801704406738
They will never be denied the rewards of their good deeds. God knows well about the pious.	और वह जो कुछ नेकी करेंगे उसकी हरगिज़ नाक़द्री न की जाएगी और ख़ुदा परहेज़गारों से खूब वाक़िफ़ है	उनको उनके अच्छे कामों के फल भी मिलेंगे। गोद के पूज्य हैं।	0.6728747487068176	0.35068070888519287	0.21265284717082977
O People who Believe! Do not make lawful the symbols of Allah nor the sacred months nor the sacrificial animals sent to Sacred Territory (around Mecca) nor the animals marked with garlands, nor the lives and wealth of those travelling towards the Sacred House (Kaa’bah) seeking the munificence and pleasure of their Lord; and when you have completed the pilgrimage, you may hunt; and let not the enmity of the people who had stopped you from going to the Sacred Mosque tempt you to do injustice; and help one another in righteousness and piety – and do not help one another in sin and injustice – and keep fearing Allah; indeed Allah’s punishment is severe.	ऐ ईमानदारों (देखो) न ख़ुदा की निशानियों की बेतौक़ीरी करो और न हुरमत वाले महिने की और न क़ुरबानी की और न पट्टे वाले जानवरों की (जो नज़रे ख़ुदा के लिए निशान देकर मिना में ले जाते हैं) और न ख़ानाए काबा की तवाफ़ (व ज़ियारत) का क़स्द करने वालों की जो अपने परवरदिगार की ख़ुशनूदी और फ़ज़ल (व करम) के जोयाँ हैं और जब तुम (एहराम) खोल दो तो शिकार कर सकते हो और किसी क़बीले की यह अदावत कि तुम्हें उन लोगों ने ख़ानाए काबा (में जाने) से रोका था इस जुर्म में न फॅसवा दे कि तुम उनपर ज्यादती करने लगो और (तुम्हारा तो फ़र्ज यह है कि ) नेकी और परहेज़गारी में एक दूसरे की मदद किया करो और गुनाह और ज्यादती में बाहम किसी की मदद न करो और ख़ुदा से डरते रहो (क्योंकि) ख़ुदा तो यक़ीनन बड़ा सख्त अज़ाब वाला है	माने जाने वाले लोगों को अपनी जगह साराकांठा में व्रत (मक्के के आस-पास के क्षेत्र में मृत्युद्धों को सांसारिक महिमा देने वाले पशुओं, सांसारिक महिमा देने वाले पशुओं, या सांसारिक महिमा देने वाले जानवरों को सम्मान से चिह्नित करें nor सांसारिक महिमा देने वाले जानवरों को चिह्नित करें या सांसारिक महिमा देने वाले जानवरों की जीवितता को सम्मान से चिह्नित करें या सांसारिक महिमा देने वाले जानवरों की धन और संपत्ति स्थानीय मस्जिद में जाने वालों की मुनाफत के लिए या उनकी मुनाफत के लिए धन	0.6148902177810669	0.3016262948513031	0.19554565846920013
Move ~a onto the king of clubs.	~a को चिड़ी का बादशाह पर ले जाएँ	क्लब का किंग से स्थानांतरित करो।	0.711654007434845	0.4430505335330963	0.4380855858325958
10 grand, that's all I got from that lawyer.	10 हज़ार, मैं उस वकील से मिला है वह सब है.	10 ग्रैंड, ये से मुझे एक वकील ने मिला था।	0.8035911917686462	0.5121244192123413	0.5114980340003967
Blue Squares	नीला वर्ग	सैल्मन	0.7060366272926331	0.5031530261039734	0.19829504191875458
I'm not rich right now.	अब मैं अमीर नहीं हूँ.	मैं अब भी गरीब हूँ।	0.8629802465438843	0.8061954379081726	0.8165487051010132
It's lunch, Probies!	यह दोपहर के भोजन है, Probies!	पॉबीज़!	0.7271170020103455	0.4907030761241913	0.49582597613334656
Add	जोड़ें	अड	0.8035731315612793	0.5776737928390503	0.2912181317806244
Those meetings are bullshit!	उन बैठकों बकवास कर रहे हैं!	ये मीटिंग बिल्कुल नonsense हैं!	0.7435694932937622	0.6926007866859436	0.5757285356521606
The manager that created this data	प्रबंधक जो इस डेटा को निर्मित किया हैdefault:RTLpredefinito:LTR	इस डेटा को बनाने वाले मैनेजर कौन हैं	0.7134044766426086	0.5405097603797913	0.7136693000793457
Move contacts to	संपर्कों को यहाँ खिसकाएँ	संपर्कों को	0.8291546106338501	0.5387811064720154	0.43869900703430176
Other	अन्य	अन्य	0.9999998211860657	0.9827451109886169	0.8809890747070312
X	एक्स	एक	0.8828058242797852	0.6332429051399231	0.4953781068325043
- Yeah, I wasn't talking to you.	- मैं तुमसे बात नहीं कर रहा था?	- हाँ, मैं तुमसे बात नहीं कर रही थी।	0.9125315546989441	0.8868148922920227	0.8912712931632996
He wanted me to thank you for that.	उसने मुझे उस के लिए धन्यवाद करना चाहता था.	उसने मुझे बताया कि मुझे आपको धन्यवाद देना चाहिए।	0.8421276211738586	0.831754744052887	0.6940822601318359
Automatically update the file's symbols without saving. The update occurs after 10 seconds without keypresses by the user.	स्वचालित प्रकार से फ़ाइल से. सहेजन रहा है पश्चात सेकण्ड द्वारा प्रयोक्ता.	10 सेकंड के बाद उपयोगकर्ता के पास कोई कुंजी पress न होने पर फ़ाइल को स्योटर अपडेट हो जाता है.	0.7206467986106873	0.493134081363678	0.15088072419166565
The Race Laws require me to ask you this:	तुम से यह पूछने को:	रेस लॉ मुझे यह पूछने की आवश्यकता है कि	0.7772448658943176	0.5454285740852356	0.45876771211624146
He's coming up the back stairs.	वह वापस सीढ़ियों से ऊपर आ है.	वो पीछे की स्टairs पर आता है।	0.8049378991127014	0.41777676343917847	0.5257349014282227
Copy...	नक़ल...	कॉपी...	0.8074883818626404	0.6026502251625061	0.8924851417541504
Here is the real European news: the great, post-war plan to unite Europe has finally stalled.	यहां वास्तविक यूरोपीय समाचार हैः यूरोप को संगठित करने की महान, युद्ध-पश्चात योजना अंततः रुक गई है।	यह सच्ची यूरोपीय समाचार है: यूरोप को एक साथ लाने का महान, युद्ध के बाद समय का प्लान अंतिम रूप से स्थिर हो गया है।	0.8081873059272766	0.7440807819366455	0.733729362487793
Dr. Gottlieb and dr.	डा. Gottlieb और डॉ.	डॉ गोट्टियब और डॉ.	0.8017175197601318	0.6545231938362122	0.5805345773696899
Manju Lakshmi won first prize and Shilpa won second prize.	मंजू लक्ष्मी प्रथम व शिल्पा ने द्बितीय स्थान प्राप्त किया।	मंजू लक्ष्मी ने पहला पुरस्कार जीता और शिल्पा दूसरा पुरस्कार जीता।	0.833426833152771	0.7646564841270447	0.8993010520935059
You do not have read/ write permission to your sent-mail folder.	आपके पास आपकी भेजी- डाक फ़ोल्डर पर पढ़ने/ लिखने की अनुमतियाँ नहीं है.	आपको सेंटेड-मेल फ़ोर्ड में पढ़ने/ लिखने की अनुमति नहीं है।	0.8736365437507629	0.6927310228347778	0.7611913681030273
Krishnadev sir.	Krishnadev सर।	क्रिश्नदेव सिर!	0.6683536171913147	0.5064253211021423	0.41422009468078613
Please have mercy!	दया कर देते हैं!	प्लीज़ मेरी मERCY में हो!	0.696011483669281	0.3473629057407379	0.29639899730682373
Microsoft?	माइक्रोसॉफ्ट?	माइक्रोसॉफ्ट?	1.0000001192092896	0.985960066318512	0.8494051694869995
A tech bomb.	एक तकनीक बम.	टेक बॉम्ब.	0.7178751230239868	0.6043620705604553	0.6181025505065918
What are you doing?	आप क्या कर रहे हो?	आप क्या कर रहे हैं?	0.9719024896621704	0.9736201763153076	0.9105504751205444
It is naught but revelation that is revealed,	वह तो बस एक प्रकाशना है, जो की जा रही है	जो भी सामने आता है, उसे साक्षात्कार कहा जाता है	0.7023160457611084	0.7275565266609192	0.7015705108642578
The title is a loose translation for “Inventive Dobromir”.	"इसका शीर्षक ""आविष्कारशील दोब्रोमीर"" का अमूमन अनुवाद है।"	अनाम का शीर्षक “इनविटिव डब्रोमिर” के लिए “इनविटिव डब्रोमिर” से मिल जाता है।	0.7209901809692383	0.4480184018611908	0.45700252056121826
About ten days ago, I took him there and buried.	करीब दस दिन हुये. मैं उसे वहाँ ले गयी और दफन कर दिया.	पिछले दस दिनों से कुछ समय पहले मैंने उन्हें वहाँ ले गई और कब्बी कर दिया।	0.8140063881874084	0.5357335209846497	0.6455063819885254
That was me who took a fucking bullet in the gut.	कि पेट में एक कमबख्त गोली ले लिया, जो मैं था.	जिसने गट की बूंद में फिसली बूंद की बात कही।	0.7072997689247131	0.3188268542289734	0.26435717940330505
Export Dictionary	शब्दकोश निर्यात करें (E)...	शुद्धता और पूर्णता के अनुसार भाषित होने के लिए, निर्देश इस प्रकार है:	0.6431358456611633	0.38688284158706665	0.1613299399614334
Bella, you've to understand Your safety is everything to me.	बेला है, तो आप सुरक्षा है अपने को समझने के लिए मेरे पास सब कुछ है.	बेला, तुम्हें समझना होगा मेरी सुरक्षा तुम्हारी ज़िंदगी की तरह ही महत्वपूर्ण है।	0.7412955164909363	0.615281879901886	0.7945849895477295
DARREN:	DARREN:	डार्न:	0.7877752780914307	0.6563421487808228	0.5854040384292603
Or He Who answers the prayer of the helpless when he invokes Him and removes the evil, and makes you inheritors of the earth? Is there a God along with Allah?! Very little do they ponder!	या वह जो व्यग्र की पुकार सुनता है, जब वह उसे पुकारे और तकलीफ़ दूर कर देता है और तुम्हें धरती में अधिकारी बनाता है? क्या अल्लाह के साथ कोई और पूज्य-प्रभु है? तुम ध्यान थोड़े ही देते हो	या जो पापों से बचाने वाले को पूछताछ करता है या उसे पूजा करता है और उस से सेवा करता है और आपको धरती के वंशदाता बनाता है, वह क्या है? क्या अल्लाह के साथ एकGod है? बहुत कम उनका विचार है!	0.7719958424568176	0.5263331532478333	0.6111114025115967
And We have sent down the Book unto thee with truth; and confirming that which hath preceded it of the Book, and a guardian thereof. Wherefrom judge thou between them by that which Allah hath sent down, and follow thou not away from that which hath their desires come to thee of the truth. Unto each of you We appointed law and a way. And had Allah listed, He would have made you all a single community, but He willed not in order that he may prove you by that which He hath vouchsafed unto you. Hasten wherefore to the virtues; unto Allah is the return of you all; then He shall declare unto you concerning that wherein ye have been disputing.	और हमने तुम्हारी ओर यह किताब हक़ के साथ उतारी है, जो उस किताब की पुष्टि करती है जो उसके पहले से मौजूद है और उसकी संरक्षक है। अतः लोगों के बीच तुम मामलों में वही फ़ैसला करना जो अल्लाह ने उतारा है और जो सत्य तुम्हारे पास आ चुका है उसे छोड़कर उनकी इच्छाओं का पालन न करना। हमने तुममें से प्रत्येक के लिए एक ही घाट (शरीअत) और एक ही मार्ग निश्चित किया है। यदि अल्लाह चाहता तो तुम सबको एक समुदाय बना देता। परन्तु जो कुछ उसने तुम्हें दिया है, उसमें वह तुम्हारी परीक्षा करना चाहता है। अतः भलाई के कामों में एक-दूसरे से आगे बढ़ो। तुम सबको अल्लाह ही की ओर लौटना है। फिर वह तुम्हें बता देगा, जिसमें तुम विभेद करते रहे हो	और हमने तुम्हें सच्चा Book भेजा है जो स्थायी है और उसे पहले का Book है से सुनिश्चित किया है जो पहले का Book है जो तुम्हारे लिए सुरक्षा है वह है। तो तुम इन्हें तो उससे तुम्हारे बीच समझने के लिए Allah के निर्देश के माध्यम से और उसके प्राप्ति के बारे में तुम्हें सावधान रहो; और तुम्हें किस सच्चाई के पहले से तुम्हारे पास था जो तुम्हें प्राप्त हुआ है, उसे तुम्हें नहीं नहीं हटाना चाहिए था। तुम्हें उन्हें सुनना चाहिए जो तुम्हें स्थायी सच्चाई से मिली है और उनसे सावधान रहो कि उनकी सच्चाई तुम्हें उनसे तुम	0.7117006778717041	0.3921752870082855	0.2782411575317383
God is He that looses the winds, that stir up clouds; and He spreads them in heaven how He will, and shatters them; then thou seest the rain issuing out of the midst of them, and when He smites with it whomsoever of His servants He will, lo, they rejoice,	ख़ुदा ही (क़ादिर तवाना) है जो हवाओं को भेजता है तो वह बादलों को उड़ाए उड़ाए फिरती हैं फिर वही ख़ुदा बादल को जिस तरह चाहता है आसमान में फैला देता है और (कभी) उसको टुकड़े (टुकड़े) कर देता है फिर तुम देखते हो कि बूँदियां उसके दरमियान से निकल पड़ती हैं फिर जब ख़ुदा उन्हें अपने बन्दों में से जिस पर चहता है बरसा देता है तो वह लोग खुशियाँ माानने लगते हैं	देवता वह है जो हवा को विस्तार देता है, चूँकि उसे चाँद में हवा को जागृत करता है; और जो उसे चाँद में चालमेल बना देता है, उसे भी उसी तरह उस चाँद में जो है उससे फैलाता है; फिर उस देवता के हिसाब से जो उसके सेवकों को दर्जनों से जोड़ता है, वे सेवकों को भी तब हैरानी हो जाती हैं |	0.6964779496192932	0.39099249243736267	0.5682254433631897
You (believers) will certainly be tested by the loss of your property and lives and you will hear a great many grieving words from the People of the Book and the pagans. If you will have patience and piety, it will be a sign of firm determination and steadfastness (in life).	(मुसलमानों) तुम्हारे मालों और जानों का तुमसे ज़रूर इम्तेहान लिया जाएगा और जिन लोगो को तुम से पहले किताबे ख़ुदा दी जा चुकी है (यहूद व नसारा) उनसे और मुशरेकीन से बहुत ही दुख दर्द की बातें तुम्हें ज़रूर सुननी पड़ेंगी और अगर तुम (उन मुसीबतों को) झेल जाओगे और परहेज़गारी करते रहोगे तो बेशक ये बड़ी हिम्मत का काम है	आपको ज्ञानी लोगों से यह पता लगने के लिए प्रयोगा पड़ेगा कि आपकी संपत्ति और जीवन से गुजरने वाले दौर से आपको भूखा हो जाएगा या थका जाएगा और आपको पुस्तकों के लोगों और बौद्धों से सुनने वाली किसी भी दुखी बोली होगी। अगर आप शांति और ईमानदारी के साथ रहेंगे, तो यह जीवन में एक मजबूत निर्णय और स्थिरता का संकेत होगा।	0.6892291903495789	0.4010561406612396	0.5512833595275879
They're probably already there.	वे शायद पहले से ही कर रहे हैं.	यहाँ तक कि उन्हें भी वहाँ पर हो सकता है।	0.7713866829872131	0.3548594117164612	0.4342869818210602
[imitates gunfire]	[गोलियां चलाने का अभिनय]	[शूटिंग की आवाज़ में मिलता-जुलता]	0.7198485732078552	0.44734928011894226	0.5584585070610046
_Reply style:	जवाब शैली: (_R)	रिप्लाई स्टाइल:	0.6929307579994202	0.7344905138015747	0.7424291372299194
Run the configuration assistant	विन्यास सहायक चलाएँ	स्थानीय स्थानीय स्थानीय स्थानीय स्थानीय स्थानीय स्थानीय स्थानीय स्थानीय स्थानीय स्थानीय स्थानीय स्थानीय स्थानीय स्थानीय स्थानीय स्थानीय स्थानीय स्थानीय स्थानीय स्थानीय स्थानीय स्थानीय स्थानीय स्थानीय स्थानीय स्थानीय स्थानीय स्थानीय स्थानीय स्थानीय स्थानीय स्थानीय स्थानीय स्थानीय स्थानीय स्थानीय स्थानीय स्थानीय स्थानीय स्थानीय स्थानीय स्थानीय स्थानीय स्थानीय स्थानीय स्थानीय स्थानीय स्थानीय स्थानीय स्थानीय स्थानीय स्थानीय स्थानीय स्थानीय स्थानीय स्थानीय स्थानीय स्थानीय स्थानीय स्थानीय स्थानीय स्थानीय स्थानीय	0.4525550901889801	0.24292461574077606	0.12874525785446167
I work at city hall, actually.	मैं वास्तव में, शहर के हॉल में काम करते हैं.	मैं सिटी हॉल में काम करती हूँ, हाल ही में।	0.8255640864372253	0.6086370348930359	0.5661094188690186
Who's the king of pranks now, then, eh? You were never up for an award, you silly tosser.	खैर, वह जीवंत टीवी का जादू है, अंदाज़ा है।	अभी तो मजाक उड़ाने वाला कौन है, यह जानना अब तो आसान है। तुम्हें कभी ऑवर नहीं मिला, तो तुम बिल्कुल भूल जाता है।	0.7092004418373108	0.4747787117958069	0.39073446393013
Cameron is Niles' son.	कैमरून नाइल्स 'बेटा है.	कैमरन निल्स का बेटा है।	0.9035915732383728	0.849482536315918	0.7499971389770508
Document License	लेखपत्र प्रदर्शक	डॉक्यूमेंट लाइसेंस	0.6815462708473206	0.4277881681919098	0.66495680809021
Worthless people live only to eat and drink.	निकम्मे लोग सिर्फ खाने पीने के लिए जीते हैं	अच्छा लोग खाना और पीना ही जीवन का उद्देश्य होता है.	0.7187416553497314	0.4627435803413391	0.43522584438323975
Our job is not to remember.	हमारा काम याद करने के लिए नहीं है.	हमारा काम याद रखने का नहीं है।	0.9164456129074097	0.9226322770118713	0.8969457149505615
The Missus said I wasn't to show it to anyone.	मालकिन ने कहा कि किसी को दिखाना नहीं.	मिस्सस ने कहा कि मैंने उसे किसी को देने से इनकार कर दिया है।	0.7950952649116516	0.6938205361366272	0.6320382356643677
Sudan	सूडान	सूडान	1.0000003576278687	0.9865888357162476	0.9044443964958191
"And O my people, this is the she-camel of Allah - [she is] to you a sign. So let her feed upon Allah 's earth and do not touch her with harm, or you will be taken by an impending punishment."""	"ऐ मेरी क़ौम के लोगो! यह अल्लाह की ऊँटनी तुम्हारे लिए एक निशानी है। इसे छोड़ दो कि अल्लाह की धरती में खाए और इसे तकलीफ़ देने के लिए हाथ न लगाना अन्यथा समीपस्थ यातना तुम्हें आ लेगी।"""	और मेरे लोगों से, इस महिला कैलामी का संकेत है - [यह कैलामी एक योग्य महिला है जो आपके सामने एक प्रकार की धर्मयोगी है] आपके सामने Allah की धरती पर उसका भोजन करें और उसे किसी तरह की दुर्व्यवहार न करें, तो आप impending कार्यवाही से तुम्हें प्रभावित होगे।	0.7248050570487976	0.45268818736076355	0.3532273769378662
There is a Tanaka in my class, too.	मेरी कक्षा में भी एक तानाका है।	मेरे क्लास में तैनाक भी है।	0.847929060459137	0.7331733703613281	0.8734071254730225
I DON'T THINK I'LL BE OUT HERE AGAIN.	मैं मैं यहाँ फिर से बाहर हो जाएगा नहीं लगता..	मुझे यहाँ आने की संभावना नहीं है।	0.7420392036437988	0.6151344776153564	0.5748116970062256
As much as I'd love to kill you, I'm glad she's warm.	बेटी को मारने के लिए चाहेंगे के रूप में ज्यादा के रूप में आप मुझे है कि वह गर्म है.	जितना मैं तुम्हें मारना पसंद करूंगा, उतनी ही अच्छी बात है कि वह गर्म है।	0.7306543588638306	0.4720451533794403	0.6392126083374023
"That is God, your true Lord. What is there, besides the truth, but error? How then can you turn away?"""	फिर यही अल्लाह तो है तुम्हारा वास्तविक रब। फिर आख़िर सत्य के पश्चात पथभ्रष्टता के अतिरिक्त और क्या रह जाता है? फिर तुम कहाँ से फिरे जाते हो?	"यह भगवान है, तुम्हारी सच्ची राजकुमारी है। क्या है, बeyond सच्चाई, कुछ और है कि गलती है? तो तुम्हें ऐसा कैसे भागा होगा?"""	0.7252100110054016	0.42187342047691345	0.3152497112751007
Did he threaten your sister?	क्या उसने तुम्हारी बहन को धमकी दी?	क्या उसने तुम्हारी बहन को डराया?	0.9399077892303467	0.9301957488059998	0.8746477365493774
_Reply style:	जवाब शैली: (_R)	रिप्लाई स्टाइल:	0.6929307579994202	0.7344905138015747	0.7424291372299194
Sent	गई डाक	सेंट	0.7567591667175293	0.45544132590293884	0.4807104468345642
Pharaoh exalted himself in the land, and divided its people into factions. He persecuted a group of them, slaughtering their sons, while sparing their daughters. He was truly a corrupter.	बेशक फिरऔन ने (मिस्र की) सरज़मीन में बहुत सर उठाया था और उसने वहाँ के रहने वालों को कई गिरोह कर दिया था उनमें से एक गिरोह (बनी इसराइल) को आजिज़ कर रखा थ कि उनके बेटों को ज़बाह करवा देता था और उनकी औरतों (बेटियों) को ज़िन्दा छोड़ देता था बेशक वह भी मुफ़सिदों में था	फ़ाइरो के प्रकटीकरण में इस लेख को सुनिश्चित करें और इसे सटीकता, बुद्धिमानी से और ईमानदारी से रखने वाले अनुवाद से वंचारित न करें।	0.6498402953147888	0.31764158606529236	0.3596924841403961
- Berlin's in uproar!	- बर्लिन में हाहाकार मचा हुआ है!	बेरिल के लोग मचा रहे हैं!	0.8243280649185181	0.4980175197124481	0.5695566534996033
You already like the boy.	आप पहले से ही लड़के को पसंद करती हैं.	आपको पहले से ही वही लग रहा है।	0.7973667979240417	0.5316492915153503	0.39927369356155396
Isn't violence the official solution of our government in Iraq,	हिंसाआधिकारिक समाधान नहीं है इराक में हमारी सरकार की,	इराक में सरकार के माध्यम से हिंसा क्यों है इसका जवाब	0.7692142128944397	0.6300913095474243	0.7119748592376709
it'll cost you.	और तुम्हें खर्च आएगा.	यह आपको देगा।	0.731441080570221	0.4687517583370209	0.46739596128463745
that's what you can bring them.	कि आप उन्हें क्या ला सकता है.	जो ले सकती हैं वो उसे ले सकती है।	0.7637363076210022	0.5444418787956238	0.46091973781585693
What's a webis...?	एक webis क्या है	वेबाइज़ क्या हैं?	0.7870779037475586	0.7510382533073425	0.7746204137802124
It will keep you from getting sick in this damp bunker.	यह तुमको इस नम बंकर में बीमार होने से बचायेगी.	इस गड्ढे वाले स्थान से तुम्हें बीमार होने से रोकने में मदद मिलेगी.	0.7890601754188538	0.6933427453041077	0.7545937299728394
Louis goes down, you make it out.	लुई नीचे चला जाता है , आप इसे बाहर.	लुईस नीचे जाता है, तुम इसे निकाल सकते हो।	0.8091635704040527	0.6114749312400818	0.5840047597885132
You're gonna turn right on Maple Street.	आप मेपल सड़क पर सही बारी करने वाले हैं.	तुम Maple स्ट्रीट पर राइट पर जाने वाले हो।	0.7655032873153687	0.5264739394187927	0.5830531716346741
Moses said, 'Our Lord, Thou hast given to Pharaoh and his Council adornment and possessions in this present life. Our Lord, let them go astray from Thy way; Our Lord, obliterate their possessions, and harden their hearts so that they do not believe, till they see the painful chastisement.'	और मूसा ने अर्ज़ की ऐ हमारे पालने वाले तूने फिरऔन और उसके सरदारों को दुनिया की ज़िन्दगी में (बड़ी) आराइश और दौलत दे रखी है (क्या तूने ये सामान इस लिए अता किया है) ताकि ये लोग तेरे रास्तें से लोगों को बहकाएं परवरदिगार तू उनके माल (दौलत) को ग़ारत (बरबाद) कर दे और उनके दिलों पर सख्ती कर (क्योंकि) जब तक ये लोग तकलीफ देह अज़ाब न देख लेगें ईमान न लाएगें	मोसेस ने कहा, 'अपने यारे, तुम्होंने फ़ायदे फ़रोश और उसकी सलाह के समूह में सौंदर्य और संपत्ति प्राप्त की हैं। अपने यारे, छोड़ दो कि वे अपने साथ सही रास्ते पर नहीं जाते; अपने यारे, उनके संपत्तियों को ख़रज़ानुमा कर दो और उनका दिल तुषारदानी बना कर उन्हें नहीं समझाएं, till वे दुखी दंड देख लें'.	0.6799162030220032	0.4392026960849762	0.4461221992969513
It wouldn't be improper for me to forward Ellen some money.	यह मेरे एलेन कुछ पैसे को आगे करने के लिए अनुचित नहीं होगा.	मैं Ellen को कुछ पैसे व forward करने का कोई अपराध नहीं होगा।	0.7864717841148376	0.45975205302238464	0.5288300514221191
translator-credits	राजेश रंजन (rranjan@redhat.com, rajeshkajha@yahoo.com) रविशंकर श्रीवास्तव (raviratlami@yahoo.com)	ट्रांस्लेटर-श्रेयदान	0.548118531703949	0.28756317496299744	0.24320384860038757
Sorry, hoss.	क्षमा करें, Hoss.	शर्म आना।	0.6726984977722168	0.5251672863960266	0.5225955843925476
If their town had been stormed, and they had been incited to sedition, they would have rebelled with little hesitation.	और यदि उसके चतुर्दिक से उनपर हमला हो जाता, फिर उस समय उनसे उपद्रव के लिए कहा जाता, तो वे ऐसा कर डालते और इसमें विलम्ब थोड़े ही करते!	यदि उनके शहर पर आक्रमण किया जाता था और उन्हें स sedition के लिए प्रेरित किया जाता था, तो उन्होंने कम से कम डरावट से भागने की तैयारी कर ली होती।	0.7135449051856995	0.5351108908653259	0.5444671511650085
Go.	चलो.	गो।	0.871827244758606	0.5147528052330017	0.40868496894836426
Maybe they'll give room and board at lvanovo.	शायद वे इवानवा में कमरे और बोर्ड दे देंगे.	शायद वैनलेवो में जगह और भोजन दे सकते हैं।	0.8057808876037598	0.7123500108718872	0.8096246719360352
Well, that's fantastic!	वैसे, यह शानदार है!	वाह, फ़ायस्टिफ़ायक!	0.7196111083030701	0.47505372762680054	0.5561173558235168
They will say nay! it is ye, for whom there is no welcome: it is ye who have brought it upon us. Evil shall be the resting-place.	"वे कहेंगे, ""नहीं, तुम नहीं। तुम्हारे लिए कोई आवभगत नहीं। तुम्ही यह हमारे आगे लाए हो। तो बहुत ही बुरी है यह ठहरने की जगह!"""	उनके कहेंगे नाह! यह ये है कि यह तुम्हारे लिए नहीं आया है: यह तुम्हीं है जिसने हमें आमंत्रण दिया हो रहा है। दुष्ट यह हमारे लिए स्थान होगा।	0.7573429346084595	0.5012382864952087	0.22785796225070953
I helped my father water the flowers.	मैंने अपने पापा को फूलों को पानी डालने में मदद करी थी।	मैंने अपने पिता को फूलों को पानी देने में मदद की।	0.9141589999198914	0.8946561813354492	0.9194707870483398
Layout style	अभिन्यास शैली	लेआउ स्टाइल	0.7376147508621216	0.5540258288383484	0.40280047059059143
- You've got to help me, Baiocco.	- मेरी मदद करो, बाइओक्को.	- मुझे आपकी मदद करनी होगी, बायोक्को।	0.8074613809585571	0.8315958380699158	0.7506266832351685
Nothing like whom?	िकस जैसे?	कौन जिससे ऐसा कह रहा है?	0.7540401220321655	0.5914979577064514	0.50515216588974
The people of the Pharaoh picked him up (without realizing) that he would become their enemy and a source of their sorrow. The Pharaoh, Haman, and their army were sinful people.	(ग़रज़ मूसा की माँ ने दरिया में डाल दिया) वह सन्दूक़ बहते बहते फिरऔन के महल के पास आ लगा तो फिरऔन के लोगों ने उसे उठा लिया ताकि (एक दिन यही) उनका दुश्मन और उनके राज का बायस बने इसमें शक नहीं कि फिरऔन और हामान उन दोनों के लश्कर ग़लती पर थे	फिरोज़ के लोग उनसे गिरा (उनकी समझ नहीं थी कि वे किस हानि या शत्रु बन जाएंगे) का निशान पकड़े. फिरोज़ का खिलाफ़ और उसके साथ उनकी सेना में अशुद्धि वाले लोग थे।	0.6816317439079285	0.44636696577072144	0.38795527815818787
Unicode (UTF-_8)	यूनिकोड (UTF-_8)	यूनिक्स (यू.टी.एफ-_8)	0.7990047335624695	0.6754375100135803	0.7969033718109131
You're a father now!	आप एक पिता अब कर रहे हैं!	तुम अब पिता हो!	0.825598955154419	0.7320354580879211	0.8380944132804871
And the day He shall muster them, as if they had not tarried but an hour of the day, mutually recognizing one another; lost will be those who cried lies to the encounter with God, and were not guided.	और जिस दिन ख़ुदा इन लोगों को (अपनी बारगाह में) जमा करेगा तो गोया ये लोग (समझेगें कि दुनिया में) बस घड़ी दिन भर ठहरे और आपस में एक दूसरे को पहचानेंगे जिन लोगों ने ख़ुदा की बारगाह में हाज़िर होने को झुठलाया वह ज़रुर घाटे में हैं और हिदायत याफता न थे	औरउन्हें उन्हें इकट्ठा करना होगा जैसे वे कुछ समय के लिए इंतज़ार कर रहे थे, पूरी तरह से एक-दूसरे के साथ सहमत हो; ऐसा उन्हें बताएंगे जो ईसा साथ मिलेगा कि वे झूठ बोलेंगे और ईसा साथ में नहीं जाएंगे.	0.7081426382064819	0.4300849139690399	0.4997010827064514
Whether or not to use the notification tray for display reminders	अनुस्मारक दिखाने के लिए क्या सूचना ट्रे का प्रयोग करना है या नहीं	रिस्मर्निस्ट्री को दिखाने के लिए नोटिफ़िकेशन ट्रे का उपयोग करना क्या है?	0.7938172221183777	0.596763014793396	0.7398173809051514
Section where are installed the man pages. Valid section names are the digits ‘0’ through ‘9’, and the letters ‘l’ and ‘n’.	विभाग पृष्ठों खंड नाम के जरिए और अक्षर और नहीं	स्थान जहाँ मैन पेज लगाए जाते हैं। वैध सेक्शन नाम हैं संख्या ‘0’ से लेकर ‘9’ और अंक ‘ल’ और ‘न’।	0.6393890380859375	0.5207504034042358	0.3597409427165985
There is none among the People of the Book but will surely believe in him before his death; and on the Day of Resurrection, he will be a witness against them.	और (जब ईसा मेहदी मौऊद के ज़हूर के वक्त आसमान से उतरेंगे तो) अहले किताब में से कोई शख्स ऐसा न होगा जो उनपर उनके मरने के क़ब्ल ईमान न लाए और ख़ुद ईसा क़यामत के दिन उनके ख़िलाफ़ गवाही देंगे	पुस्तकवालों के लोगों में से कोई भी नहीं है लेकिन उनके मृत्यु के पहले उनसे उन्होंने Resurrection के दिन सुनिश्चितता से उनके बचाव में विश्वास व्यक्त करेगा; और Resurrection का दिन से भी उन्हें उन दूसरों के खिलाफ एक प्रतिकृति मिलेगी।	0.6894717812538147	0.38676831126213074	0.374742329120636
You gonna come down from there or what?	तुम वहाँ या क्या से नीचे आने वाला है?	वहाँ से क्या आ रहा है या नहीं?	0.8336642384529114	0.4418312609195709	0.4409094452857971
Walshy won't sell, it's his nest egg.	वॉल्शी बेचेगा नहीं, वही तो उसका चारा है।	वॉल्शी ने नहीं बेचा है, यह उसकी राशि है।	0.8271268010139465	0.5626930594444275	0.4776518940925598
- I'll take the pictures, Brendan.	- मैं तस्वीरें लूँगा, ब्रेंडन।	- ब्रेंडन से पिक्चर लेने वाला हूँ।	0.7554689049720764	0.6933611035346985	0.6313357353210449
"""This is what life is. This is why we're here, to connect."	"""यह जीवन क्या है हम यहाँ हैं यही कारण है , कनेक्ट करने के लिए"	जैसा है जीवन। यह हमारे यहाँ है क्योंकि तो यह connect करने के लिए है।	0.7639790177345276	0.5617067217826843	0.48686128854751587
So what the hell am I supposed to tell O'Keefe?	तोक्यानरकमैं ओ'कीफेबताने वाला हूँ	ओ'केफ़े को क्या बताना चाहिए?	0.7046713829040527	0.6218032836914062	0.5962071418762207
GENERAL HELMUTH WEIDLING died in Soviet captivity in 1955.	जनरल हेलमथ विल्डिंग की 1955 में सोवियत कैद में मृत्यु हो गई.	1955 में सोवियत निवासी में जेल में सैनिक जी. जी. वेल्डिंग का मृत्यु हुआ।	0.8297291398048401	0.6353599429130554	0.550483226776123
- What?	ट्रेवर : क्या?	- क्या?	0.8411828279495239	0.8071643710136414	0.8198568820953369
Add a new file/directory to the Subversion tree	जोड़ें a नया फ़ाइल निर्देशिका को सबवर्सन ट्री	सबवरेंशन के ट्री में एक नया फ़ाइल/डिस्ट्रीब्यूट भी रखें	0.766793966293335	0.530508279800415	0.5683903694152832
I'm excited and happy about your arrival.	तुम्हारे आने से मैं बहुत खुश हूँ.	मैं आपकी आइलेवरी से उत्साहित और खुश हूँ।	0.8020889759063721	0.7657931447029114	0.5907500982284546
Even if it was the wish of your heart...	यह आपके दिल की इच्छा थी यहां तक ​​कि अगर... यह एक झूठ है!	अगर तुम्हारा दिल का विचार भी होता...	0.7484890222549438	0.5212841033935547	0.4577687978744507
LOOK AT ME OR GET IT RIGHT IN YOUR BALLS.	सही अपनी गेंदों में मुझे देखो या इसे जाओ.	मैं देखें या ठीक कर लूँ? अपने पास ठीक करना चाहिए या नहीं।	0.7146434187889099	0.3667354881763458	0.2582978308200836
Start	प्रारंभ	स्टार्ट	0.6616549491882324	0.615277111530304	0.7342320680618286
We intercepted a Kaiju and saved everyone on that boat.	हम एक Kaiju रोक दिया और कहा कि नाव पर सभी को बचा लिया.	कई जूइयू को पकड़ लिया और उस बोट पर सभी लोगों को बचा लिया ।	0.8097259402275085	0.6343399882316589	0.6102639436721802
Our species has never been, but Increases In the first seven months of life.	हमारी प्रजाति लेकिन कभी नहीं रही है, बढ़ जाती है जीवन के पहले सात महीनों में.	हमारी पीढ़ी का पहले से ही नहीं बल्कि पाँच साल की उम्र में बढ़ने लगी है.	0.7440406680107117	0.4317595660686493	0.5882342457771301
He who obeys the Messenger, obeys Allah: But if any turn away, We have not sent thee to watch over their (evil deeds).	जिसने रसूल की आज्ञा का पालन किया, उसने अल्लाह की आज्ञा का पालन किया और जिसने मुँह मोड़ा तो हमने तुम्हें ऐसे लोगों पर कोई रखवाला बनाकर तो नहीं भेजा है	पहचाने वाले व्यक्ति को मैसेज़ में दिए गए निर्देशों का पालन करना है तो अल्लाह का निर्देश पूरा करता है: लेकिन अगर किसी को भी धोखा दे दिया जाए, तो हमें तुम्हें उनके (शर्मानी कृत्यों) को देखने के लिए नहीं कहा गया था।	0.7310569286346436	0.5678145289421082	0.6606272459030151
General	सामान्य	ज़्यादातर	0.8069338798522949	0.5798709392547607	0.7137141227722168
%F %T	%F %T	%F %T	0.9999999403953552	0.9930488467216492	0.3903212249279022
But Kai wanted the power all to himself.	पर काई सारी शक्ति पर अपना ही अधिकार जमाना चाहता था।	लेकिन काई ने इंसानी शक्ति को अपने ही होने के लिए इच्छा में रखी थी।	0.7814972996711731	0.5103302597999573	0.581501305103302
Hey, you mind?	अरे, तुम बुरा है?	तुम में सोच रही हो?	0.8415515422821045	0.4044312834739685	0.5248815417289734
That was good of her.	यही कारण है कि उसके बारे में अच्छा था।	वह अच्छी थी।	0.7603857517242432	0.6449496150016785	0.5841045379638672
- Laban, of course.	- बेशक लाबान.	अरे लाबन!	0.80294269323349	0.6531627178192139	0.5063045024871826
Am I running around in circles?	मैं हलकों में चारों ओर चल रहा है?	क्या मैं चक्र में घूम रही हूँ?	0.7894699573516846	0.55153888463974	0.6487302780151367
Did you not see the hypocrites say to their brethren, the unbelievers among the People of the Book: “If you are banished we too will go with you and will not listen to anyone concerning you; and if war is waged against you, we will come to your aid.” But Allah bears witness that they are liars.	"क्या तुमने उन लोगों को नहीं देखा जिन्होंने कपटाचार की नीति अपनाई हैं, वे अपने किताबवाले उन भाइयों से, जो इनकार की नीति अपनाए हुए है, कहते है, ""यदि तुम्हें निकाला गया तो हम भी अवश्य ही तुम्हारे साथ निकल जाएँगे और तुम्हारे मामले में किसी की बात कभी भी नहीं मानेंगे। और यदि तुमसे युद्ध किया गया तो हम अवश्य तुम्हारी सहायता करेंगे।"" किन्तु अल्लाह गवाही देता है कि वे बिलकुल झूठे है"	क्या आपने लोगों के पुस्तकों के बीच के इस्लामी लोगों के साथ स्वभावविचारी लोगों का कहना सुना? असलियत के लोगों के बीच के बिना आप भी स्वभावविचारी लोगों का कहना: “अगर आप भेदभाव के लिए निकल जाते हैं तो हम भी आपके साथ जाएँगे और आपके बारे में किसी को सुनने के लिए नहीं आएँगे; और अगर आप का हौसलत होता तो हम आपके साथ आएँगे.” लेकिन अल्लाह ने उनके स्वभावविचार को स्वीकार किया है।	0.7231727838516235	0.4950021803379059	0.45526549220085144
file chooser	फ़ाइल-चयनक	फ़ाइल चुनने वाला स selection	0.8148733973503113	0.4448833465576172	0.3189973533153534
Those to whom We have given the Book rejoice in what is sent down to you, while some factions reject a part of it. Say: 'I am commanded to worship Allah and to associate none with Him. To Him I supplicate, and to Him I turn'	"जिन लोगों को हमने किताब प्रदान की है वे उससे, जो तुम्हारी ओर उतारा है, हर्षित होते है और विभिन्न गिरोहों के कुछ लोग ऐसे भी है जो उसकी कुछ बातों का इनकार करते है। कह दो, ""मुझे पर बस यह आदेश हुआ है कि मैं अल्लाह की बन्दगी करूँ और उसका सहभागी न ठहराऊँ। मैं उसी की ओर बुलाता हूँ और उसी की ओर मुझे लौटकर जाना है।"""	जो हमने पुस्तक दी है, जो तुम्हें भेजी गई है, उन्हें प्रसन्न करते हैं कि वे प part को स्वीकार करते हुए, जबकि कुछ समूह कुछ से भी असहमत हैं! उन्हें कहते हुए, 'मैं अल्लाह को पूजा करने और उसे अपने साथ प्रतिष्ठित करने के लिए कह रहा हूँ, और उस पर मैं प्रार्थना करता हूँ'	0.7374763488769531	0.5617251992225647	0.5499635338783264
If We give the human being a taste of mercy from Us, and then withdraw it from him, he becomes despairing and ungrateful.	यदि हम मनुष्य को अपनी दयालुता का रसास्वादन कराकर फिर उसको छीन लॆं, तॊ (वह दयालुता कॆ लिए याचना नहीं करता) निश्चय ही वह निराशावादी, कृतघ्न है	अगर हम मनुष्य को दया देते हैं और फिर उससे उसे वापस नहीं लाते हैं, तो वह उदास हो जाता है और उसके प्रति आभरित हो जाता है।	0.7137780785560608	0.6175251007080078	0.7923839092254639
Did you know that Mr. sly Wheaton has a legal document proving that every cent of that estate was intended for Ellen and nobody else, period?	आप श्री धूर्त व्हीटॉन एक कानूनी दस्तावेज है कि पता था साबित करना है कि वह संपत्ति का हर प्रतिशत एलेन और कोई नहीं, इस अवधि के लिए करना चाहता था?	क्या तुमने जानता है कि मिस रील वेटन ने सुनिश्चित कर दिया है कि पूरा पैसा एलेन के लिए ही था, न कि किसी दूसरे के लिए, न ही?	0.7145440578460693	0.553256094455719	0.5635306239128113
_Image	चित्र (_I)Disc Image	इमेज	0.703783392906189	0.5451788306236267	0.7468847632408142
But I had it earlier and now it's gone.	लेकिन मैं यह पहले था और अब वह चला गया है.	लेकिन मैंने पहले इसे लिया था और अब भी चला गया है।	0.8837312459945679	0.5957883596420288	0.5672571063041687
The adulterer and the adulteress, scourge ye each one of them (with) a hundred stripes. And let not pity for the twain withhold you from obedience to Allah, if ye believe in Allah and the Last Day. And let a party of believers witness their punishment.	़ज़िना करने वाली औरत और ज़िना करने वाले मर्द इन दोनों में से हर एक को सौ (सौ) कोडे मारो और अगर तुम ख़ुदा और रोजे अाख़िरत पर ईमान रखते हो तो हुक्मे खुदा के नाफिज़ करने में तुमको उनके बारे में किसी तरह की तरस का लिहाज़ न होने पाए और उन दोनों की सज़ा के वक्त मोमिन की एक जमाअत को मौजूद रहना चाहिए	अपमार्य करने वाले और अपमार्य करने वाले, दोनों को एक hundred पट्टियों से घिर जाना चाहिए. और इन दो से दो को Allah से अलग obedience नहीं देना चाहिए, यदि आप Allah से सहमत हैं और Last Day से भी नहीं भूलते हैं। और एक समूह के नमाज़ देने वाले को उनकी सजा देना चाहिए।	0.6670043468475342	0.42859432101249695	0.36244824528694153
Come on, you've got more than that.	चलो, मैं चोट कर रहा हूँ, है ना?	अरे, वो तो बहुत ज़्यादा है ना।	0.7614647150039673	0.5289047360420227	0.47084030508995056
English (Canada)	इंग्लिश (कॅनडा)	अंग्रेज़ी ( कनाडा)	0.8806163668632507	0.8655101656913757	0.9326194524765015
Disable use of the fixed function pipeline backend	निश्चित फ़ंक्शन पाइपलाइन बैकएंड का उपयोग निष्क्रिय करें	निरंतर प्रोसेस बैकपैड के उपयोग को अनुपालन करने से रोकें	0.7937219738960266	0.5701292157173157	0.7244253158569336
Yeah, same coffee shop.	हाँ, एक ही कॉफी की दुकान.	हाँ, उसी कॉफ़ी शॉप।	0.773732602596283	0.8059679865837097	0.8147810101509094
O Romeo, Romeo, wherefore art thou Romeo?	हे रोमियो, रोमियो, किस कला तू रोमियो?	रोमो, रोमो, वाह थou रोमो क्यों?	0.8509078025817871	0.5690105557441711	0.5600847005844116
Turn it off please, John.	जॉन, कृपया इसे बंद कर दो।	जॉर्न को इस ऑफ़ ऑन कर दें	0.7379308342933655	0.5542264580726624	0.5416841506958008
I just need to eat something.	कुछ खाने के लिए मैं सिर्फ जरूरत है.	मुझे खाने के लिए कुछ चाहिए।	0.8146785497665405	0.7819709181785583	0.9186263680458069
"And were you to wonder, then wondrous indeed is the saying of those who say: ""What! After we have been reduced to dust, shall we be created afresh?"" They are the ones who disbelieved in their Lord; they are the ones who shall have shackles around their necks. They shall be the inmates of the Fire, wherein they will abide for ever."	"अब यदि तुम्हें आश्चर्य ही करना है तो आश्चर्य की बात तो उनका यह कहना है कि ,""क्या जब हम मिट्टी हो जाएँगे तो क्या हम नए सिरे से पैदा भी होंगे?"" वही हैं जिन्होंने अपने रब के साथ इनकार की नीति अपनाई और वही है, जिनकी गर्दनों मे तौक़ पड़े हुए है और वही आग (में पड़ने) वाले है जिसमें उन्हें सदैव रहना है"	"और तुम्हें भी यह सोचने पर पड़े तो कि क्या हो जाए, तब भी वे कहते हैं कि ""क्या! हमारे बाद से किसी से भी नाज़ुरी बन कर तुम्हें फिर से बनाया जाएगा?"" वे लोग उनके भगवान का विश्वास नहीं करते; वे लोग फ़र्ज़ी लोग हैं जो किसी से नाज़ुरी के रूप में होंगे; वे अपने पैरों पर चाकू के जाल में रहेंगे, जहाँ वे कभी नहीं बाहर आएँगे।"	0.7680760622024536	0.4877854287624359	0.5863397121429443
We got into a fight...	हम एक लड़ाई में मिला...	हमें लड़ाई में पड़ी हुई...	0.8813508749008179	0.5221882462501526	0.5287171006202698
, why did you send me here?	क्यों तुम मुझे यहाँ भेजा है?	, क्यों तुम मुझे यहाँ सेंट्रल स्टेशन में भेजे?	0.8977194428443909	0.6253557801246643	0.5727665424346924
♪ COULD BE FOREVER BOUND	♪हमेशाके लिएबाध्यकिया जासकताहै	♪ क्या फिर से निश्चित हो सकता हूँ	0.6140246987342834	0.42297327518463135	0.30279991030693054
Maldives Health blog has discussed the issue here. This is it.	मालदीव हेल्थ ब्लॉग ने मामले का ज़िक्र करते हुये लिखा	यहाँ मालदीव स्वास्थ्य ब्लॉग ने इस पर चर्चा की है। यहाँ सिर्फ़ यह है।	0.7224147915840149	0.6703869700431824	0.7150363922119141
That's good, Jacobs.	अच्छा यही है, याकूब.	क्या अच्छा है जैक्सबस।	0.7772388458251953	0.569202184677124	0.6142005920410156
You cowards.	आप डरपोक.	आपके पास भयानक है!	0.7309516072273254	0.37851056456565857	0.3456457257270813
If Kim Woo-jing becomes the regent,	किम वू जिंग रीजेंट हो जाता है,	अगर किम वू-जिं रेगेंट बन जाती है,	0.8790842294692993	0.7374556660652161	0.8853375315666199
Ignored	नज़रअंदाज़ कियाBoolean True - Yes	अनजाना	0.6638344526290894	0.4830663800239563	0.5801995992660522
The law firm Leman Brothers currently in bankruptcy billed over 850 million in legal fees, in addition for billing in massage and lobster dinners.	वर्तमान में दिवालियापन में कानून फर्म Leman ब्रदर्स कानूनी फीस में दस लाख 850 से अधिक बिल भेजा, मालिश और समुद्री झींगा रात्रिभोज में बिलिंग के लिए इसके अलावा में.	लगभग 850 करोड़ रुपये की लॉग फ़ीस लेमन ब्रदर्स के कानूनी फर्म में हो रहे बकाया में लगी हैं. मassage और लobster डिनर के लिए भी भुगतान करने के लिए.	0.7481194138526917	0.5602720379829407	0.490286648273468
Till you reach the grave.	यहाँ तक कि तुम क़ब्रिस्तानों में पहुँच गए	तill तुम ग्रेवे तक पहुँच जाते हैं।	0.7580412030220032	0.4458121955394745	0.24202750623226166
Pointer	छापें	पॉइंटर	0.7431977987289429	0.45104852318763733	0.6974110007286072
My wealth did not avail me.	(अफ़सोस) मेरा माल मेरे कुछ भी काम न आया	मेरी अमीरी में नहीं आई।	0.6756919026374817	0.3530123233795166	0.2353871911764145
The guests will be arriving at the front gate and directed to the valet.	मेहमानों के सामने गेट पर आने वाला है और सेवक को निर्देश दिया।	विद्यार्थियों को सामने के दरवाज़े पर पहुँचाया जाएगा और उन्हें वावलेट की ओर भेजा जाएगा.	0.7114760875701904	0.6276383996009827	0.5678302645683289
Because we couldn't have done it alone.	क्योंकि हम यह सब अकेले नहीं कर सकते थे.	क्योंकि हम एक-दूसरे के बिना नहीं कर सकते थे।	0.8474515676498413	0.705804169178009	0.7174255847930908
Toggles whether the BCC field is displayed	यदि BCC क्षेत्र प्रदर्शित है तो टॉगल करें	बीसीसी फ़ील्ड को दिखाने की सुविधा को ट्रिगर करता है	0.7085151076316833	0.5316057801246643	0.5900866985321045
User:	प्रयोक्ता:UserAuthentication User	यूज़र:	0.6305928826332092	0.4651903212070465	0.5271908044815063
That they should bring to you every skillful magician.	"कि वे प्रत्येक प्रवीण जादूगर को आपके पास ले आएँ।"""	उन्हें आपके सामने हर ऐसा साहस्रिय चालाकी दिखाने वाला व्यक्ति लाया जाना चाहिए।	0.7481961250305176	0.5937747359275818	0.6838492751121521
Cheese Webcam Booth	चीज वेबकैम बूथ	चीज़ वॉबर बॉथ	0.865739107131958	0.5185564160346985	0.3044223189353943
Clockwise Bottom Left Out	घड़ी की दिशा में नीचे बाएं से बाहर	समय का घड़ी सिर्फ कोवर्टिंग से निकलता है | | | | |	0.6682903170585632	0.31072065234184265	0.2754208445549011
_Stop	रोकें(_S)	डब्ल्यू	0.6689253449440002	0.40005674958229065	0.12441542744636536
Not a launchable item	चलाने वाली वस्तु नहीं	लॉन्च करने योग्य कोई चीज़ नहीं है	0.731630265712738	0.7443713545799255	0.841564416885376
"The solicitor, who was nicknamed ""Bash"" and hailed by criminals as a ""top brief,"" was arrested at his home in 2011 following a police surveillance operation into Scarborough, who he had represented in a previous narcotics trial."	"इस अधिवक्ता को, जिसे ""बैश"" का उपनाम दिया गया था, तथा जिसकी अपराधियों द्वारा ""टॉप ब्रीफ"" के रूप में प्रशंसा की गई थी, स्कारबोरो में पुलिस निगरानी संचालन के पश्चात वर्ष 2011 में उसके घर से गिरफ्तार किया गया था, जिसका उसने पिछले नारकोटिक्स ट्रायल में प्रतिनिधित्व किया था।"	2011 में कार्कस्ट्रैवल के लिए जाने जाने वाले एक पुलिस अभियान के दौरान उनके घर में उनके वकील, जिन्हें “बश” के रूप से माना जाता है और अपराधियों के बीच एक “टॉप ब्रीफ” के रूप में स्थापित किया गया था, गिरफ्तार कर लिया गया।	0.7539481520652771	0.5805596709251404	0.6852380633354187
Brain starts working with 10 times increased capacity	मस्तिष्क में 10 बार वृद्धि की क्षमता के साथ काम शुरू होता है	मस्तिष्क 10 गुना क्षमता से काम करने लगता है	0.8444810509681702	0.8577341437339783	0.8982974290847778
Simon, you don't have to do this.	साइमन, आप ऐसा करने के लिए नहीं है.	सिमोन, आपको यह करने नहीं देना है.	0.8599672317504883	0.803304135799408	0.5772558450698853
"Indeed, Allah is my Lord and your Lord, so worship Him. That is the straight path."""	पस तुम ख़ुदा से डरो और मेरी इताअत करो बेशक ख़ुदा ही मेरा और तुम्हारा परवरदिगार है	हाँ, अल्लाह मेरा और आपका लॉर्ड है, इसलिए इसे पालना चाहिए। ऐसा एक सटीक रास्ता है।	0.6549354791641235	0.5502730011940002	0.5674182176589966
Set Bac_kground Properties	पृष्ठभूमि गुण सेट करें (_k)	सेट बैकब्रोक प्रॉपर्टीज़	0.6546211242675781	0.36178484559059143	0.26291757822036743
I however... would be willing to accept the responsibility...	मैं फिर भी ... जिम्मेदारी स्वीकार करने को तैयार हो जाएगा ...	लेकिन मैं... इसके लिए जिम्मेदार होने के लिए तैयार हूँ	0.8144537210464478	0.8951356410980225	0.9053967595100403
"Moses chose seventy of his people for the appointment (on Mount Sinai). When they arrived they were seized by a tremor. (Moses) said: ""O Lord, if You had so pleased You could have annihilated them and me before this. Will You destroy us for something the foolish among us have done? This is but a trial from You whereby You will lead whom You will astray and guide whom You please. You are our saviour, so forgive us and have mercy on us, for You are the best of forgivers."	और मूसा ने अपनी क़ौम से हमारा वायदा पूरा करने को (कोहतूर पर ले जाने के वास्ते) सत्तर आदमियों को चुना फिर जब उनको ज़लज़ले ने आ पकड़ा तो हज़रत मूसा ने अर्ज़ किया परवरदिगार अगर तू चाहता तो मुझको और उन सबको पहले ही हलाक़ कर डालता क्या हम में से चन्द बेवकूफों की करनी की सज़ा में हमको हलाक़ करता है ये तो सिर्फ तेरी आज़माइश थी तू जिसे चाहे उसे गुमराही में छोड़ दे और जिसको चाहे हिदायत दे तू ही हमारा मालिक है तू ही हमारे कुसूर को माफ कर और हम पर रहम कर और तू तो तमाम बख्शने वालों से कहीें बेहतर है	"मोज़ेस ने अपने पाँचवें लोगों को माउंट सिनाई पर नियुक्ति की थी। जब वे पहुँच गए तो उनमें एक भ्रम हो गया था (मोज़ेस) ने कहा: ""ओ लैब, यह यार, यदि यह यार इन्हें मृत्यु के मार्ग से आगे नहीं चला सकते हैं तो हमें यह करने के लिए तुम्हें क्या दया दोगी? यह एक परीक्षण है तुम्हें उन लोगों को जो तुम्हारे मार्ग से गलती करते हैं, इन्हें तुम जो लोगों को गलत रास्ते से जोड़ते हो, तुम उन्हें दोगी होोगे। तुम सबसे बड़ी दयालु हो, ये तुम्हारे लोग हो।"	0.6578093767166138	0.3952923119068146	0.36677974462509155
Passengers trying to avoid those fees have been stuffing as much as they can into carry-on baggage stashed in overhead bins, meaning those bins often run out of space.	जो जो यात्री शुल्क से बचने की कोशिश कर रहे हैं भराई कर रहे हैं जितना वे कर सकते हैं कैरी - ऑन बैगेज में जो ओवरहेड डिब्बे में स्टैश है , इसका मतलब है इस डिब्बे में अक्सर कम जगह है.	जो भी शुल्क चुकाना चाहते हैं उन्होंने उस पैसे को कार्यात्मक बैग से निकाल कर सामान को ऊपर के बिना रखे बिना भर रहे हैं, अर्थात बिना सख्ती से स्टोर किए बिना बिना सख्ती से बिना सामान का पैसा निकाला जा रहा है।	0.7018225789070129	0.3905370533466339	0.3684113621711731
Group Box	समूह बक्सा	ज़बरदस्त्रु	0.7230414748191833	0.44592520594596863	0.26250264048576355
Whatsoever has been given you is the stuff this life is made of, and only its embellishment. What is with your Lord is better and abiding. Will you not understand?	और तुम लोगों को जो कुछ अता हुआ है तो दुनिया की (ज़रा सी) ज़िन्दगी का फ़ायदा और उसकी आराइश है और जो कुछ ख़ुदा के पास है वह उससे कही बेहतर और पाएदार है तो क्या तुम इतना भी नहीं समझते	जो भी आपको मिला है, उस से इस जीवन का मूल बना है, और उसके बाद का भी उसमें जो है, वह सीमित है। आपके राज्याराज्य के साथ कुछ भी जो है, वह इस जीवन में है और उसके बाद भी है। समझने की आपकी कितनी कमजोरी है?	0.7007490992546082	0.47964391112327576	0.5498920679092407
Bogofilter child process does not respond, killing...	बोगोफिल्टर संतति प्रक्रिया अनुक्रिया नहीं देती है, नष्ट कर रहा है...	बॉगफिल्टर बच्चे के प्रक्रिया को प्रतिक्रिया नहीं देती, मारने के लिए...	0.8113463521003723	0.5013124346733093	0.38847413659095764
You will train to compete as a team against other teams.	आप अन्य टीमों के खिलाफ एक टीम रूप में प्रतिस्पर्धा करने के िलए प्रशिक्षित करेंगे.	तुम्हें टीमों के मुकाबले दूसरों के साथ साथ ट्रेन करना होगा।	0.7305408120155334	0.5819870829582214	0.6974141597747803
The time to execute this query exceeded the server limit or the limit configured for this address book. Please make your search more specific or raise the time limit in the directory server preferences for this address book.	इस प्रश्न के लिए समय सर्वर सीमा से अधिक हो गया या सीमा जो कि इस पता पुस्तिका के लिए विन्यस्त किया था. कृपया सुनिश्चित करें कि आपकी खोज अधिक विशिष्ट हो या समय सीमा को निर्देशिका सर्वर वरीयता इस पता पुस्तिका के लिए बढ़ाए.	इस जाँच के लिए सेवा सीमा से अधिक या इस पते के पत्रिका लेखा के लिए स्थापित सीमा से अधिक समय लगा रहा था या इस पते के लेखा सेवा के डायरेक्टरी सेवा विशिष्टता के लिए समय को बढ़ाया जाना चाहिए, इस पते के लेखा सेवा की विशिष्टता को बढ़ाया जाना चाहिए.	0.7178013920783997	0.45529818534851074	0.47420811653137207
Hayley's got the means.	हेले के साधन मिल गया।	हेली के पास माँगे हैं।	0.7635442614555359	0.5487779974937439	0.40283203125
They're chewing us up!	वे हमें चबा रहे हैं!	उनको चूसना शुरू कर देना चाहिए!	0.7663387656211853	0.583791196346283	0.6546726226806641
And unto (the tribe of) A'ad (We sent) their brother, Hud. He said: O my people! Serve Allah. Ye have no other Allah save Him. Will ye not ward off (evil)?	और (हमने) क़ौम आद की तरफ उनके भाई हूद को (रसूल बनाकर भेजा) तो उन्होनें लोगों से कहा ऐ मेरी क़ौम ख़ुदा ही की इबादत करो उसके सिवा तुम्हारा कोई माबूद नहीं तो क्या तुम (ख़ुदा से) डरते नहीं हो	और (अदिवासी के लोग) ऐद (हमने उनके भाई हूदु को भेजा) के पुत्र हूदु ने कहा: मेरे लोग! अल्लाह की सेवा करो। आप अल्लाह के बिना किसी और अल्लाह की सेवा करेंगे? आप दुष्प्राय को भी दूर करेंगे?	0.7003816366195679	0.5622231364250183	0.6080496311187744
(Chris, Echoing) Hello!	हैलो!	(चिर, ईकोइंग) हैलो!	0.8378565907478333	0.5761006474494934	0.572716474533081
Like, it don't make sense.	तरह, यह मतलब नहीं है.	ऐसा है, क्यों?	0.6933205127716064	0.5544769167900085	0.528956413269043
The stuff's out of your system.	यह लड़का है उसके दिमाग से बाहर.	ये आपके शरीर से बाहर है।	0.7789698839187622	0.5784822106361389	0.6045585870742798
Or have they taken to themselves guardians other than Him? But Allah, He is the Guardian. He revives the dead and has power over all things.	क्या उन लोगों ने ख़ुदा के सिवा (दूसरे) कारसाज़ बनाए हैं तो कारसाज़ बस ख़ुदा ही है और वही मुर्दों को ज़िन्दा करेगा और वही हर चीज़ पर क़ुदरत रखता है	या उन्होंने अपने ऊपर अन्य निरीक्षकों का रूपांग बना लिया है? लेकिन अल्लाह, वे रिकवर हैं। वे मृत्यु को जीवित कर देते हैं और सभी चीज़ों पर उनकी शक्ति है।	0.7050056457519531	0.5011680722236633	0.6224619150161743
And they said, “O you magician! Pray for us to your Lord, by the means of His covenant which is with you; we will certainly come to guidance.”	"उनका कहना था, ""ऐ जादूगर! अपने रब से हमारे लिए प्रार्थना कर, उस प्रतिज्ञा के आधार पर जो उसने तुझसे कर रखी है। निश्चय ही हम सीधे मार्ग पर चलेंगे।"""	और उन्होंने कहा, “आप मágिक व्यक्ति! हमें आपके राज्य की शिक्षा चाहते हैं, उस संयोजन के माध्यम से जो आपके साथ है कि जो हमें आपकी सेवा की आवश्यकता है; हमें उसकी शिक्षा चाहेंगे।”	0.7128018736839294	0.464634507894516	0.4371936619281769
I'm going to be leading them to great things.	पर आने वाले दिनों में मैं उन्हें ऊँचाइयों की ओर ले जाऊँगा।	मैं उन्हें बहुत अच्छी चीज़ें दिखाने जा रहा हूँ।	0.7568079829216003	0.6065324544906616	0.6016210913658142
Know that Allah gives life to the earth after its death! Indeed We have made clear the Ayat (proofs, evidences, verses, lessons, signs, revelations, etc.) to you, if you but understand.	जान लो, अल्लाह धरती को उसकी मृत्यु के पश्चात जीवन प्रदान करता है। हमने तुम्हारे लिए आयतें खोल-खोलकर बयान कर दी है, ताकि तुम बुद्धि से काम लो	यह कहना है कि मृत शरीर को पुनः जीवित करने के लिए पृथ्वी को पुनः लीवेंड! यह सच है कि हमने आपको बताया है कि यदि आप समझें तो हम आपको जो सुनवाई है, सीखवाई, पढ़वाई, समझवाई, संकेत, प्राप्तियाँ, उपन्यास, आदि से सुनेंगे।	0.6711102724075317	0.3941422998905182	0.32009029388427734
To every community We sent a messenger: “Worship God, and avoid idolatry.” Some of them God guided, while others deserved misguidance. So travel through the earth, and see what the fate of the deniers was.	और हमने तो हर उम्मत में एक (न एक) रसूल इस बात के लिए ज़रुर भेजा कि लोगों ख़ुदा की इबादत करो और बुतों (की इबादत) से बचे रहो ग़रज़ उनमें से बाज़ की तो ख़ुदा ने हिदायत की और बाज़ के (सर) पर गुमराही सवार हो गई तो ज़रा तुम लोग रुए ज़मीन पर चल फिर कर देखो तो कि (पैग़म्बराने ख़ुदा के) झुठलाने वालों को क्या अन्जाम हुआ	सभी समुदायों में एक संदेश भेजें: “अद्भुत गod का पूजा करो, मूर्ति का पूजन करने से बचें.” कुछ ने भगवान को प्रोत्साहित किया, जबकि अन्य को गलत रास्ते चुना था। इसलिए पृथ्वी पर आगे बढ़ें और देनियों की परिस्थिति को देखेंगा।	0.6648114323616028	0.3769674599170685	0.3789885342121124
And lo, thy Lord! He is indeed the Mighty, the Merciful.	और निश्चय ही तुम्हारा रब ही है जो बड़ा प्रभुत्वशाली, अत्यन्त दयावान है	और लो, तुम्हारे राजा! वे सचमुच ज्यादा, दयालु हैं, ऐसा कहो।	0.7068617939949036	0.4617542028427124	0.38788270950317383
A state of mind.	दिमाग की एक स्थिति।	एक ऐसा स्थिति जो मन में आती है।	0.7387404441833496	0.5534884333610535	0.8458985090255737
Repository origin; Drop or type a different revision here	रेपोसिटरी छोडें या क़िस्म a	स्टोरेज़ ओरिजिन; ड्रॉप या टाइप एक अलग रिवीज़न दे	0.6943202018737793	0.46978673338890076	0.44144636392593384
A power station is on high alert tonight as environmental campaigners have vowed to shut it down.	बिजली संयंत्र पर आज रात कड़ी निगरानी रखी गई है क्योंकि पर्यावरण कार्यकर्ताओं ने इसे बंद करने की योजना बनाई है.	प्रदूषण प्रतिरोधियों के निशाने से tonight के रात को ऊर्जा संयंत्र तैयार है.	0.7388991117477417	0.3439095914363861	0.3090740144252777
It is Allah Who sends the Winds, and they raise the Clouds: then does He spread them in the sky as He wills, and break them into fragments, until thou seest rain-drops issue from the midst thereof: then when He has made them reach such of his servants as He wills behold, they do rejoice!-	अल्लाह ही है जो हवाओं को भेजता है। फिर वे बादलों को उठाती हैं; फिर जिस तरह चाहता है उन्हें आकाश में फैला देता है और उन्हें परतों और टुकड़ियों का रूप दे देता है। फिर तुम देखते हो कि उनके बीच से वर्षा की बूँदें टपकी चली आती है। फिर जब वह अपने बन्दों में से जिनपर चाहता है, उसे बरसाता है। तो क्या देखते है कि वे हर्षित हो उठे	अल्लाह के हाथ से हवाएं भी आती हैं, और हवा उन्हें ऊपर उठाती है; तब उसे हाथ से इन्हें स्तर से ऊपर हवा में फैला देती है और उन्हें विभिन्न भागों में तोड़ देती है: तब उन्हें स्तर से देखते हुए उसे चाहिए है कि वे बारिश के बूँदें उसमें से गुजरती हैं; तब जब उसे ऐसे सervitorों में चाहा है हो वह उन्हें आने-जाने के साथ ज्यादा खुश हो!	0.7884765863418579	0.44389310479164124	0.35826945304870605
Enough with the coffee.	कॉफी के साथ बहुत हो गया.	कॉफ़ी के बारे में अब रुक जाना है।	0.8511176705360413	0.5393385887145996	0.6502476334571838
Some kid I have.	कुछ ही बच्चे है मेरे.	मेरे कुछ बच्चे हैं।	0.8588200211524963	0.9051497578620911	0.9100034832954407
“O Yusuf! O truthful one! Explain for us the seven healthy cows which seven lean cows were eating and the seven green ears of corn and seven others dry, so I may return to the people, possibly they may come to know.”	(ग़रज़ वह गया और यूसुफ से कहने लगा) ऐ यूसुफ ऐ बड़े सच्चे (यूसुफ) ज़रा हमें ये तो बताइए कि सात मोटी ताज़ी गायों को सात पतली गाय खाए जाती है और सात बालियॉ हैं हरी कचवा और फिर (सात) सूखी मुरझाई (इसकी ताबीर क्या है) तो मैं लोगों के पास पलट कर जाऊँ (और बयान करुँ)	“यूसूफ़! सच्चे लोग! हमें तुमने से पूछना है कि सात स्वस्थ बकरियाँ जो सात कमजोर बकरियाँ खा रही थीं और सात हर्बल बीज और सात अन्य पुराने बीज, इन सब चीजों को समझने में मदद करेंगी कि मैं लोगों को वापस ले जाऊँगा क्योंकि शायद वे लोग समझ पाएँगें.”	0.7347926497459412	0.5157983303070068	0.45596638321876526
Certainly We created above you seven levels and We have not been oblivious of the creation.	और हम ही ने तुम्हारे ऊपर तह ब तह आसमान बनाए और हम मख़लूक़ात से बेखबर नही है	बिल्कुल हमने आपको सात स्तर बनाए हैं और हमने आपकी सृष्टि की ओर से कुछ भी नजर नहीं पड़ी है।	0.6966367363929749	0.3968924582004547	0.4088550806045532
Name	नाम	नाम	0.9999998807907104	0.9830414652824402	0.8558700084686279
Had any love affairs before meeting Indu?	इंदु से मिलने से पहले तुम्हारा कोई लव अफ़ेयर था?	इंडू से मिलने के पहले किसे साथ था?	0.8250311613082886	0.5756877660751343	0.2986428439617157
No shots have been fired.	कोई गोली नहीं चली है.	कोई गोली नहीं बोली गई है।	0.9101861119270325	0.7568297386169434	0.5155745148658752
It's a very hard surface to be sleeping on.	सोने के लिए यह काफ़ी कठोर जगह है.	शायद तो जो स्थान पर आपको सोने के लिए रखना होगा, वह बहुत ज़्यादा पतली और गीली होगी।	0.7172110676765442	0.5677973031997681	0.5780524611473083
Copy Folder To	फ़ोल्डर की नक़ल यहाँ लें	कॉपी फ़ोरेज़ टो	0.7248085141181946	0.4847220480442047	0.3866289258003235
Your life hangs in the balance.	अपने जीवन अधर में लटका हुआ है.	तुम्हारी जिंदगी तो तुम्हारी जिंदगी पर भी ही निश्चित रूप से स्थिति में है।	0.697724461555481	0.2977180778980255	0.21188832819461823
Say thou: look ye were Allah to take away your hearing and your sight and seal up your hearts, what god, other than Allah, shall bring them unto you? Behold! how variously We propound the signs, yet they turn aside.	"कहो, ""क्या तुमने यह भी सोचा कि यदि अल्लाह तुम्हारे सुनने की और तुम्हारी देखने की शक्ति छीन ले और तुम्हारे दिलों पर ठप्पा लगा दे, तो अल्लाह के सिवा कौन पूज्य है जो तुम्हें ये चीज़े लाकर दे?"" देखो, किस प्रकार हम तरह-तरह से अपनी निशानियाँ बयान करते है! फिर भी वे किनारा ही खींचते जाते है"	जो कहते हैं: आप कह रहे हैं कि आपके सुनने और देखने और आपके दिल को आपके पास ले जाने के अलावा, अल्लाह ने आपको यह दुनिया को आपके लिए किसी भी god को दिया है, क्या कोई अन्य god आपको आपके लिए किसी god को देगा? देखो! हम जो संकेत देते हैं, वे आपको भी दिखाई देते हैं, और संकेत जो सुसज्जित हैं, वे भी सुसज्जित हो जाते हैं।	0.735234260559082	0.43322858214378357	0.38723015785217285
You do n't seem to have write access to this root album. Without this access, image and metadata editing will not work.	डिज़ीकैम के लिए छवि में चारों ओर किनारा जोड़ें प्लगइन.	आपको इस रूट अल्बम पर लिखने की पहुँच नहीं है. बिना इस पहुँच के इमेज और मेटाडेटा एडिटिंग काम करना संभव नहीं है.	0.6620493531227112	0.5159919261932373	0.5256783962249756
- We're with you, Alexander!	- हम तुम्हारे साथ सिकंदर हैं!	- वे हमारे साथ हैं अलेक्जेंडर!	0.7875869274139404	0.7012919783592224	0.6580672860145569
[goat bleats] man speaking native language:	[बकरी मिमयाती है] पुरुष अपनी मातृभाषा में बोल रहा है: मेरी कहानी यह है कि मैं काम नहीं कर सकता,	[गाय की चीख] मानव: मूल भाषा:	0.6724386215209961	0.34244924783706665	0.3818056583404541
You can try to get through.	तुम बीच से निकलने की कोशिश कर सकते हो.	आप जितना जितना हो सके जाने का प्रयास कर सकते हैं।	0.7688824534416199	0.5223494172096252	0.5472339391708374
The day Allah will gather the apostles and say, ‘What was the response to you?’ They will say, ‘We have no knowledge. Indeed You are knower of all that is Unseen.’	(उस वक्त क़ो याद करो) जिस दिन ख़ुदा अपने पैग़म्बरों को जमा करके पूछेगा कि (तुम्हारी उममत की तरफ से तबलीग़े एहकाम का) क्या जवाब दिया गया तो अर्ज क़रेगें कि हम तो (चन्द ज़ाहिरी बातों के सिवा) कुछ नहीं जानते तू तो खुद बड़ा ग़ैब वॉ है	अल्लाह के दिन apostles का समूह होगा जो कहेगा, “हम आपको क्या जवाब देंगे ?” वे जवाब देंगे, “हमें ज्ञान नहीं है। वास्तव में तुम सभी को देख सकते हो है तो ये कि तुम ज्ञानी हो।”	0.6615877151489258	0.4712807238101959	0.4201106131076813
& Search	ढूंढें (S) @ label Type of file	& सर्च	0.6569743752479553	0.482693612575531	0.43881678581237793
Server Settings	सर्वर विन्यास	सेवा स्थान	0.768543541431427	0.6177918314933777	0.7488138675689697
And it has already come down to you in the Book that when you hear the verses of Allah [recited], they are denied [by them] and ridiculed; so do not sit with them until they enter into another conversation. Indeed, you would then be like them. Indeed Allah will gather the hypocrites and disbelievers in Hell all together -	वह 'किताब' में तुमपर यह हुक्म उतार चुका है कि जब तुम सुनो कि अल्लाह की आयतों का इनकार किया जा रहा है और उसका उपहास किया जा रहा है, तो जब तब वे किसी दूसरी बात में न लगा जाएँ, उनके साथ न बैठो, अन्यथा तुम भी उन्हीं के जैसे होगे; निश्चय ही अल्लाह कपटाचारियों और इनकार करनेवालों - सबको जहन्नम में एकत्र करनेवाला है	और उन्होंने आपको इस किताब में सुनी सभा की बात बताई है कि जब आप अल्लाह के गीतों को सुनते हैं तो उन्होंने उन्हें सुनने वालों के लिए स्वीकार नहीं किया और उनकी निंदा नहीं की; ऐसा तब करने से पहले उन्हें अन्य चर्चा में शामिल नहीं करना चाहिए. वास्तव में, आप तब उनकी तरह ही होंगी और अल्लाह ने हद के लोगों में सभी को एक साथ हिला दिया है।	0.719518780708313	0.48717549443244934	0.5454978942871094
Is it not that whenever they made a covenant, a part of them would cast it away? Rather, the majority of them do not have faith.	क्या यह एक निश्चित नीति है कि जब कि उन्होंने कोई वचन दिया तो उनके एक गिरोह ने उसे उठा फेंका? बल्कि उनमें अधिकतर ईमान ही नहीं रखते	क्या नहीं है कि जब कभी वे संधि बना लेते हैं, उसे भी छोड़ देते हैं? बेहतर है, ज़्यादातर उनमें ईमानदारी नहीं होती है।	0.7281382083892822	0.6059891581535339	0.5715320110321045
Custom	मनपसंद (u)	परंपरा	0.7231760025024414	0.46202853322029114	0.7217150926589966
Please do not use the elevators.	लिफ्ट का प्रयोग न करें	प्लीज़ इवलेटर से इस्तेमाल न करो।	0.8234447836875916	0.4546565115451813	0.4705857038497925
You making me good money.	तुम मुझे अच्छा पैसा बना रही है।	मुझे अच्छा पैसा कमाने में मदद कर रहे हैं।	0.8496201634407043	0.7119318842887878	0.7907067537307739
I'M THE ONE WITH A FUCKING GUN HERE!	मैं यहाँ एक बंदूक के साथ एक हूँ!	मैं से एक: ये मैं गुक्किंग से हूँ!	0.8059723377227783	0.35434606671333313	0.1885412484407425
...it's the difference between a tenth and a half second but in battle, that's a long time... Aim. Fire.	... यह एक दसवें और एक दूसरी छमाही के बीच का अंतर है लेकिन लड़ाई में, कि एक लंबे समय है...	एक टेंट से पाँच सेंटी मिले के बीच की अंतर क्या है? लेकिन यह युद्ध में लंबी अवधि है... लक्ष्य।	0.767279326915741	0.48557430505752563	0.553795337677002
That was because they were averse to what Allah had revealed; so He let their works go to waste.	यह इसलिए कि उन्होंने उस चीज़ को नापसन्द किया जिसे अल्लाह ने अवतरित किया, तो उसने उनके कर्म अकारथ कर दिए	क्योंकि वे अल्लाह ने सारा ज्ञान दिया था और उन्हें ऐसा पसंद नहीं था कि वे ऐसा किया गया हो। इसलिए उन कामों का स्थान ही बर्बाद कर दिया गया।	0.7212836146354675	0.583631694316864	0.5037747025489807
_Delivered	दिया गया (_D)	डिलivered	0.6913812160491943	0.4186079800128937	0.46039900183677673
What's wrong with that cop?	कि पुलिस वाले के साथ क्या गलत है?	क्या ऐसा कॉप है जो गलत है?	0.7948943972587585	0.6027240753173828	0.5654154419898987
Rotor	रोटर	डबल-चेंबर	0.7464073300361633	0.44032588601112366	0.5422631502151489
When We provide comfort for the human being, he withdraws and distances himself; but when adversity befalls him, he starts lengthy prayers.	(वह अलग) और जब हम इन्सान पर एहसान करते हैं तो (हमारी तरफ से) मुँह फेर लेता है और मुँह बदलकर चल देता है और जब उसे तकलीफ़ पहुँचती है तो लम्बी चौड़ी दुआएँ करने लगता है	जब हम मानव जीव की आराम देते हैं, तो वह वापसी करता है और अलग होता है; लेकिन जब पीड़ा मिलती हो, तो वह लंबे शिविरों का पाठ जैसा आराम करने लगता है।	0.7198426723480225	0.46459582448005676	0.6397395133972168
"The register function hasn't been found automatically in the following pretty printer files: %s You need to fill yourself the register function columns before enabling the rows. Most of the time the register function name contains the word ""register""."	फंक्शन पाया इंच अनुसरण कर रहा है फ़ाइल नहीं से. को भरें फंक्शन स्तम्भ पहले सक्रिय कर रहा है पंक्तियाँ का समय फंक्शन नाम रखता है शब्द.	"अगले सुंदर प्रिंटर फ़ाइलों में रजिस्टर की प्राप्ति के लिए खोज नहीं हुई है: %s आप खुद को रजिस्टर की कॉलम भरनी चाहेंगे। ज़्यादातर मामलों में रजिस्टर की कॉलम में शब्द ""रजिस्टर"" शामिल होता है।"	0.6784256100654602	0.44688543677330017	0.3864487409591675
Leave it to me to prepare lunch.	खाना बनाना मुझपर छोड़ दो।	लंच तैयार करने के लिए मुझे छोड़ दो।	0.8386371731758118	0.7595389485359192	0.8955198526382446
Do they feel secure against God's devising? No one feels secure against God's devising except for those doomed to ruin.	आख़िर क्या वे अल्लाह की चाल से निश्चिन्त हो गए थे? तो (समझ लो उन्हें टोटे में पड़ना ही था, क्योंकि) अल्लाह की चाल से तो वही लोग निश्चित होते है, जो टोटे में पड़नेवाले होते है	क्या वे ईश्वर की योजना में गोपनीयता से जूझते हैं? न कोई व्यक्ति ईश्वर की योजना में गोपनीयता से जूझता है जो किसी भी किस्म के लोगों को नाश करने की योजना में है |	0.7035961151123047	0.4079659581184387	0.592247486114502
Type	क़िस्म	प्रकार	0.6931232213973999	0.5168882608413696	0.8774676322937012
He challenges people.	उन्होंने कहा कि लोगों को चुनौती दी.	उन्होंने लोगों को चुनौती दी है।	0.9209969639778137	0.8689666390419006	0.8441342115402222
I have done everything you said.	मैं सब कुछ किया है तुमने कहा था।	मैंने सब कुछ बताया जैसा तुमने कहा।	0.8623059988021851	0.7854302525520325	0.8889908790588379
- Bharti.	भारती।	- भारती।	0.9318352937698364	0.8871365189552307	0.9192418456077576
They said: If he steal, a brother of his did indeed steal before; but Yusuf kept it secret in his heart and did not disclose it to them. He said: You are in an evil condition and Allah knows best what you state.	(ग़रज़) इब्ने यामीन रोक लिए गए तो ये लोग कहने लगे अगर उसने चोरी की तो (कौन ताज्जुब है) इसके पहले इसका भाई (यूसुफ) चोरी कर चुका है तो यूसुफ ने (उसका कुछ जवाब न दिया) उसको अपने दिल में पोशीदा (छुपाये) रखा और उन पर ज़ाहिर न होने दिया मगर ये कह दिया कि तुम लोग बड़े ख़ाना ख़राब (बुरे आदमी) हो	उनके कहा: यदि उसने चोरी की थी, तो उसका भाई उसके साथ चोरी हो चुका था लेकिन यूसू ने अपने दिल में उसे छुपा रखा और उन्हें इसका खुलासा नहीं किया। उसने कहा: तुम एक गैर की तरह हो आओ और अल्लाह को अपनी बात का सामना करना चाहते हो।	0.7175077199935913	0.5196372866630554	0.5009356141090393
A swordsman came.	एक तलवारबाज आया...	साहसिकवाला आया।	0.7710519433021545	0.47561293840408325	0.41631045937538147
That's real great.	कि असली महान है.	यह वास्तव में ग्रेट है।	0.7647640705108643	0.6766049861907959	0.6642239093780518
NTV PROFIT presents coproduction NTV PROFIT = Russia	एन टी वी लाभ प्रस्तुत करता है सहनिर्माण एन टी वी प्रॉफिट= रूस	एनटीवी प्रॉफिट रूसी हस्तांतरण की प्रायोजना करती है, एनटीवी प्रॉफिट =	0.7537289261817932	0.630513608455658	0.5413229465484619
Stung by the Supreme Court decision the Rural Development Minister, Jairam Ramesh, said that the practice of exceeding their powers by the court is dangerous.	सुप्रीम कोर्ट के एक फैसले से तिलमिलाए केंद्रीय ग्रामीण विकास मंत्री जयराम रमेश ने अदालतों के लक्ष्मण रेखा लांघने को खतरनाक चलन बताया है।	सुप्रीम कोर्ट की निर्णय से रूरल डेवलपमेंट मंत्री जैराम रमेश ने कहा कि न्यायालय की अधिकारियों द्वारा अधिक किये जाने वाले उनके अधिकार जोखिम भरे हैं।	0.7684746980667114	0.5893921852111816	0.5700370073318481
Image Burning Setup	छवि बर्निंग सेटअप	इमेज ब्यूर्निंग सेटअप	0.8851514458656311	0.8042001128196716	0.8386882543563843
I got a lot to do before the family gets here.	मैं परिवार यहाँ हो जाता पहले करने के लिए एक बहुत कुछ मिला है.	मैं परिवार आने से पहले बहुत कुछ करना चाहता हूँ।	0.808316171169281	0.6839583516120911	0.6645276546478271
Damn, niggah, a red hat!	अरे, niggah, एक लाल टोपी!	अरे, नग्नह, रेड हैट!	0.7852345108985901	0.4847915768623352	0.4269793629646301
Key	कुंजी	के	0.7421053647994995	0.5406861305236816	0.20987972617149353
Better wait here.	बेहतर होगा कि यहीं इंतज़ार करो।	अगले रहना।	0.7217961549758911	0.3509160578250885	0.2149956077337265
1st to 10th	1ला से 10वां	1 से 10 तक	0.7796176671981812	0.7838838696479797	0.8990360498428345
A few good nights' rest will do it.	कुछ अच्छा रात 'बाकी क्या करेंगे.	कुछ अच्छी रातों का आराम इसे ठीक करने के लिए करेगा।	0.7474982142448425	0.5361804962158203	0.5895877480506897
Daddy don't get scared.	पिताजी डरो मत।	दादू डरने को नहीं चाहिए।	0.6983036398887634	0.5606487393379211	0.35601136088371277
Czech (cs)	चेक (सीएस)	चेक (सीई)	0.9368137121200562	0.9344662427902222	0.8963468670845032
Engage drop, Mr. Choi.	बूंद व्यस्त हैं, श्री चोई.	चॉइ को जी ने इंगज़ार करो।	0.701755940914154	0.45741787552833557	0.4637181758880615
Your mother too will soon turn 70.	तुम्हारी माँ भी, जल्द ही हो जाएगी.	आपकी माँ भी जल्द ही 70 साल पूरा हो जाएगी।	0.8424229025840759	0.652103841304779	0.7075255513191223
Show Contacts	संपर्क	संपर्क करें	0.871361255645752	0.8956382274627686	0.9318667650222778
Accessible Color Scheme	आसान- पहुँच रंग योजना	आकस्यक्षता का रंग चिह्न	0.724480390548706	0.49334850907325745	0.39645081758499146
- Nothing can happen to us here, can it?	क्यों? - हमें यहाँ कुछ भी नहीं हो सकता है, क्या हो सकता है?	यहाँ हमें कुछ होने की चिंता नहीं है, नहीं?	0.7641685605049133	0.6972538828849792	0.5943769812583923
Pakistan: Women and the workplace · Global Voices	पाकिस्तानः कार्यस्थल और महिलायें	पाकिस्तान: महिलाएँ और कार्यस्थल · ग्लोब वाइज़	0.8100063800811768	0.7617204189300537	0.8604840636253357
Warp	लपेटें	वॉर्प	0.7424222230911255	0.4500032067298889	0.4986810088157654
And you're not gonna apologize, are you?	और तुम्हारा माफी मांगने का इरादा नहीं है?	और तुम क्या नहीं कहोगी कि तुम गलती नहीं कर रही हो?	0.7711557149887085	0.5679207444190979	0.5969225764274597
Okay, let's just track this thing.	ठीक है, तो बस इस बात पर नज़र रखने चलो.	ओह, चलो इस बात को ट्रैक कर देते हैं।	0.7472326755523682	0.8075460195541382	0.8046336770057678
a recompense for all that they did.	ये बदला है उनके (नेक) आमाल का	वो कुछ करने के लिए क्यों पैसे देने जा रहे हैं?	0.6692097783088684	0.47382843494415283	0.5270830988883972
Now who is exaggerating?	अब जो अतिशयोक्ति है?	अब जो लोग भ्रमित करने की कोशिश कर रहे हैं उन्हें पहचान लेना चाहिए।	0.6813945174217224	0.578469455242157	0.5663187503814697
Olympus has fallen.	ओलिंप गिर गया है.	ओलंपिक से गिरा हुआ है.	0.8187569379806519	0.5674406290054321	0.5684497356414795
No, otherwise I wouldn't be here.	नहीं, नहीं तो मैं यहाँ नहीं होता.	नहीं, क्योंकि मैं यहाँ नहीं हूँ।	0.871074914932251	0.8359400629997253	0.7326027154922485
Personal Information	निजी सूचना	प्रोफ़ाइल जानकारी	0.692290723323822	0.5831567645072937	0.8509871959686279
Lest you should say, ‘The Book was sent down only to two communities before us, and we were indeed unaware of their studies,’	"कि कहीं ऐसा न हो कि तुम कहने लगो, ""किताब तो केवल हमसे पहले के दो गिरोहों पर उतारी गई थी और हमें तो उनके पढ़ने-पढ़ाने की ख़बर तक न थी।"""	अगर आप कहें , ‘सबसे हमें पहले से The Book थी सुनी गई थीं और हम उनके अध्ययन के बारे में जानकारी से अवगत नहीं थे’	0.7174921631813049	0.4910062849521637	0.3968706727027893
Nothing prevented the people from believing, when guidance has come to them, except that they said, “Did God send a human messenger?”	"लोगों को जबकि उनके पास मार्गदर्शन आया तो उनको ईमान लाने से केवल यही चीज़ रुकावट बनी कि वे कहने लगे, ""क्या अल्लाह ने एक मनुष्य को रसूल बनाकर भेज दिया?"""	जब दिए गए सलाह को उन्हें मिला था, तो लोगों को नहीं पता था कि वे ईश्वर का मानव संदेश सुनने वाले हो सकते थे, “क्या ईश्वर ने मानव को सलाह दी है?”	0.7191367745399475	0.593864381313324	0.6685940027236938
There was a strong wind that day.	उस दिन हवा बहुत तेज़ थी।	उस दिन का तूफान बहुत तेज था।	0.8813285231590271	0.8681477904319763	0.9341105222702026
If the boy and the girl are both in agreement then I'm in agreement, too	अगर लड़का और लड़की दोनों राजी हों तो... ...तो मेरी भी रजामंदी है	यदि दोनों लड़के और लड़की दोनों सहमत हैं तो मैं भी सहमत हूँ	0.7610755562782288	0.7201287150382996	0.8414186239242554
(Carly) It works.	- काम कर रहा है.	(सारा) यह काम करता है।	0.8054213523864746	0.6690639853477478	0.826519250869751
You are not always here and sometimes I'm so depressed	तुम हमेशा यहाँ नहीं रहते और कभी कभी मैं बहुत उदास हो जाती हूं.	तुम कभी भी यहाँ नहीं हो कर देती और मुझे कभी-कभी बहुत उदासी से भरा महसूस होता हूँ	0.8106070756912231	0.691107451915741	0.37365856766700745
Khan's blog post has created quite a bit of reaction from the bloggers.	आमिर के इस चिट्ठे में चिट्ठाकारों की प्रतिक्रियाओं की बौछारें लग गईं.	कहानी के ब्लॉग पोस्ट ने ब्लॉगरों से काफी ज़्यादा प्रतिक्रिया तैयार की है.	0.7232913970947266	0.6274846792221069	0.6129807233810425
"Has he invented about Allah a lie or is there in him madness?"" Rather, they who do not believe in the Hereafter will be in the punishment and [are in] extreme error."	क्या उसने अल्लाह पर झूठ घड़कर थोपा है, या उसे कुछ उन्माद है? नहीं, बल्कि जो लोग आख़िरत पर ईमान नहीं रखते वे यातना और परले दरजे की गुमराही में हैं	"अल्लाह के बारे में उन्होंने सच या असच्चाई कही है या ऐसा उनके बारे में कुछ भी अज्ञान है?""अन्याय में उन लोगों के लिए और उन लोगों को जो आगे की जगह नहीं समझ पाते हैं वह बुरी गलती में होते हैं।"	0.7337714433670044	0.5410252213478088	0.6429888010025024
Either python path is wrong or python-rope (http://rope.sf.net) libraries aren't installed. Both are required for autocompletion in python files. Please install them and check the python path in the preferences.	python है या pythonhttp://rope.sf.net दोनों जरूरी के लिए इंच python फ़ाइल अधिष्ठापित करें और python इंच पसंद.	या पाइथन मार्ग गलत हो सकता है या पाइथन-रोप (http://rope.sf.net) बिल्डस्ट्री aren't installed. दोनों ही जरूरी हैं कि Autocompletion in पाइथन फ़ाइलों में पाया जा सके। प्रोफेशनल्स को पाइथन पथ की जाँच करनी चाहिए।	0.7161293625831604	0.4329413175582886	0.32320281863212585
( Moaning )	(कराह रही)	( मोहरा हो रहा )	0.8348134160041809	0.6373170018196106	0.4677961468696594
So glad that the 2019 Pan American Games will be held in Lima!	बहुत खुश हूँ कि 2019 के पैन अमेरिकी खेल लीमा में होगें।	2019 के पैन अमेरिकन खेलों का लिम्बा में होना एकदम अच्छा है!	0.7797988057136536	0.8085117340087891	0.8492940664291382
It is He Who has made for you the stars that you may follow the right direction in the darkness of the land and the sea. We have indeed spelled out signs for the people who have knowledge.	और वह वही (ख़ुदा) है जिसने तुम्हारे (नफे के) वास्ते सितारे पैदा किए ताकि तुम जॅगलों और दरियाओं की तारिक़ियों (अंधेरों) में उनसे राह मालूम करो जो लोग वाक़िफकार हैं उनके लिए हमने (अपनी क़ुदरत की) निशानियाँ ख़ूब तफ़सील से बयान कर दी हैं	यही वही है जो ने आपको ग्रह निर्देशों को प्राप्त करने वाले लोगों के लिए प्रकट किए हैं जो भूमि की रात की खूबसूरती में या तो तट से या अन्य रूप में हैं। हमने लोगों को ज्ञान प्राप्त करने वाले लोगों के लिए चिह्न बनाए हैं।	0.6829912066459656	0.40917810797691345	0.42215925455093384
This is 21.	यह 21.	ये 21।	0.8615890145301819	0.8922803401947021	0.8938075304031372
- No, I know you don't, Jane.	- नहीं, मैं तुम्हें नहीं पता, जेन.	नहीं, जेन। यू नो यू को जानती हूँ।	0.7205413579940796	0.48450472950935364	0.5344268083572388
I'm sorry I ever thought you--	मैं मैं कभी तुमने सोचा माफी चाहता हूँ.	मैं माफी चाहता हूँ कि मैंने कभी आपने -	0.823311984539032	0.6068444848060608	0.4308323860168457
- No, let's hit it head-on!	नहीं, के सिर पर मारा!	- नहीं, हमें इसे अपने चेहरे से हिलाना चाहिए!	0.7648988366127014	0.5072335600852966	0.5291715860366821
So off they went, whispering to one another:	ग़रज़ वह लोग चले और आपस में चुपके चुपके कहते जाते थे	अरे वे ऐसी बातें बता रहे हैं-जैसे कि:	0.6430612206459045	0.4657297432422638	0.268888920545578
Delete	मिटाएँ	अनुवर्ती का निर्देश	0.6620864868164062	0.5726807713508606	0.4291326403617859
Say, “It is He Who has spread you out in the earth, and towards Him you will be raised.”	कह दो कि वही तो है जिसने तुमको ज़मीन में फैला दिया और उसी के सामने जमा किए जाओगे	“यह कहें कि वह आपको गृह परिस्थिति में फैला दिया है और आपको उस पर आपकी ओर से बढ़ेगा।”	0.7532232999801636	0.40631163120269775	0.35248976945877075
KFormula	के- फॉर्मूला	कॅफ़ॉर्मुला	0.8131831288337708	0.6330392360687256	0.6939417123794556
No. Urn...	सं कलश...	नंबर...	0.7805324792861938	0.612443745136261	0.6323301792144775
"Really delete folder ""{0}"" and all of its subfolders?"	"फ़ोल्डर ""{0}"" और इसके सभी उपफोल्डरों को वास्तव में विलोपित करना चाहते हैं?"	"वास्तव में फ़ोल्डर ""{0}"" और उसकी सब-फ़ोल्डरों को हटा दें?"	0.8753190636634827	0.7763853073120117	0.7996848225593567
Details	विवरण	बारे में	0.7962273955345154	0.6535202860832214	0.780555009841919
That was twice and I was out of line.	वह दो बार गया था और मैं रेखा के बाहर था.	दो बार ही हुआ और मैं लाइन में थी।	0.8570086359977722	0.5364250540733337	0.6379681825637817
"The fools among the people will say, 'What has turned them from the direction they were facing in their prayers aforetime?' Say: ""To God belong the East and the West; He guides whomsoever He will to a straight path.'"	"मूर्ख लोग अब कहेंगे, ""उन्हें उनके उस क़िबले (उपासना-दिशा) से, जिस पर वे थे किस ची़ज़ ने फेर दिया?"" कहो, ""पूरब और पश्चिम अल्लाह ही के है, वह जिसे चाहता है सीधा मार्ग दिखाता है।"""	लोगों के मेंदे से बोले वे वाक्य होंगे कि “उनके पीछे की ओर भी वे दिशा बदल गई है जिस दिशा में उन्हें अपने प्रार्थनाओं से पहले मिली थी ?” “गोदा में है आपका स्वामी; जो किसी भी किसी को सट्टा रास्ते पर ले जाता है, उसे स्वामी से सट्टा रास्ता प्राप्त करने में मेरी मदद करेगा।”	0.6806532740592957	0.441893607378006	0.44422000646591187
As for those who work against Our Signs so as to frustrate them, they shall be arraigned into the chastisement.	और जो लोग हमारी आयतों (की तोड़) में मुक़ाबले की नीयत से दौड़ द्दूप करते हैं वही लोग (जहन्नुम के) अज़ाब में झोक दिए जाएॅगे	ऐसे लोग जो हमारे संकेतों के विरुद्ध काम करते हैं और उन्हें परेशान करने के लिए काम करते हैं, उन्हें दंडनीय होगा।	0.7061156034469604	0.5592191815376282	0.7152587175369263
Now, I'll notify Cameron.	अब, मैं कैमरून को सूचित करेंगे.	अब, कैमरन को जानकारी देना चाहूँगा।	0.8095235228538513	0.7506009936332703	0.6449248194694519
From Syria, Mustafa Hamido explains what Ramadhan means for him.	सीरिया से मुस्तफा हमीदो स्पष्ट कर रहे हैं कि उनके लिए रमजान का क्या महत्व है.	सीरिया से मुस्ताफ़ा Hamido रमद़न का अर्थ उन्हें क्या है?	0.7438775897026062	0.5381249785423279	0.26255226135253906
How was the bride?	दुल्हन कैसी थी?	बrides का कैसा था?	0.8007708191871643	0.4090053141117096	0.396965354681015
"""who's got, like, bomb moves, right?"	"मैं ""कौन सही है, जैसे, बम चाल मिल गया है?"	कौन-सा है, वो जो विमान उड़ाने में भी बॉम्बे जैसी काम कर सकता है?	0.7564429640769958	0.48168206214904785	0.5324867963790894
I'm gonna start looking at him. Will you give us a second, please, Ryan?	रायन ?	मैं उसे देखने की कोशिश करूँगा। आपको रियान से दूसरे क्या है, प्लीज़ बताएँगी?	0.6745113730430603	0.4267829954624176	0.47465646266937256
You're not getting away with it, understand?	तुम इसे लेकर बच नहीं सकते हो, समझ में आया?	अरे तुम समझो? तुम तो उसके लिए धोखा दे रही हो नहीं?	0.7827539443969727	0.581455409526825	0.44151633977890015
Cannot create MAPI source in offline mode	ऑफलाइन मोड में MAPI स्रोत नहीं बना सकता है	ऑफलाइन मोड में एम.एम.ए.आई. प्रारूप को स्थापित नहीं कर सकता	0.8238111734390259	0.7127919793128967	0.8216427564620972
I mean, suddenly, I just got some more school spirit.	मेरा मतलब है, अचानक, मैं बस कुछ अधिक स्कूल की भावना मिल गया.	अरे, तो तो ही बस, मुझे स्कूल का दिल जीत लिया है।	0.72943514585495	0.41185298562049866	0.1962854415178299
Just that one moment and then eternal peace.	और मैंने जर्मन भूमि को यहूदी जहर से शुद्ध किया.	एक ही समय के लिए और अंतिम शांति।	0.6917544603347778	0.3784956932067871	0.3446260690689087
Beer, I guess.	बीयर, मुझे लगता है.	ज़रूर।	0.6655649542808533	0.5224733948707581	0.556998610496521
Location:	स्थानः	स्थान:	0.8850399255752563	0.8663976788520813	0.9330947399139404
- Ready, Petra?	- 60 सेकंड!	- तैयार पेट्रा?	0.7106302380561829	0.41442587971687317	0.538472056388855
If you do vomiting sensation will go.	अगर आप कर दो,तो उल्टी आना बंद हो जाएगी.	अगर तुम उल्टी हो जाती हो तो ऐसा ही रहेगा।	0.8029397130012512	0.5123395323753357	0.6430966854095459
Pharaoh said, ‘Do you profess faith in Him before I may permit you? It is indeed a plot you have devised in the city to expel its people from it. Soon you will know [the consequences]!	फिरऔन ने कहा (हाए) तुम लोग मेरी इजाज़त के क़ब्ल (पहले) उस पर ईमान ले आए ये ज़रूर तुम लोगों की मक्कारी है जो तुम लोगों ने उस शहर में फैला रखी है ताकि उसके बाशिन्दों को यहाँ से निकाल कर बाहर करो पस तुम्हें अन क़रीब ही उस शरारत का मज़ा मालूम हो जाएगा	फ़ाह्मा ने कहा, 'क्या तुम इसे मेरे साथ तुम्हें प्रोफेस्टी में प्राप्त करने की प्रारंभिक अनुमति दे सकते हो? यह सच है कि तुमने शहर में इस लोगों को इसे छोड़ने के लिए किस प्रकार का योजना बनाई है? जल्द ही तुम्हें पता होगा कि [नतीजे]!	0.6795190572738647	0.4355950653553009	0.41186386346817017
They will hear no nonsense there or talk of sin,	वहाँ न तो बेहूदा बात सुनेंगे और न गुनाह की बात	वहाँ पर उन्हें बिना किसी बातचीत के या बिना किसी गलती के बोलने की अनुमति होगी	0.668341875076294	0.525777280330658	0.5608136057853699
and when Allah's servant stood up to call on Him, they well-nigh swarmed him.	और ये कि जब उसका बन्दा (मोहम्मद) उसकी इबादत को खड़ा होता है तो लोग उसके गिर्द हुजूम करके गिर पड़ते हैं	और जब अल्लाह का सेवक उन पर आँखों में लगा कि वह अपने ऊपर आवाज़ डाले, तो उन्हें नज़रअंदाज़ से वहाँ से आ रहे थे।	0.7045473456382751	0.42854657769203186	0.3310941457748413
Balbir Singh from the Registrar Office (East) has fled from the scene.	रजिस्ट्रार दफ्तर (पूर्वी) का बलबीर सिंह मौके से फरार हो गया है।	रजिस्ट्रार ऑफ़िस (पूर्व) बालबीर सिंह ने दृश्य से भाग गए हैं।	0.8421720266342163	0.7043102383613586	0.6338099837303162
without [adding], ‘God willing.’ And when you forget, remember your Lord, and say, ‘Maybe my Lord will guide me to [something] more akin to rectitude than this.’	मगर इन्शा अल्लाह कह कर और अगर (इन्शा अल्लाह कहना) भूल जाओ तो (जब याद आए) अपने परवरदिगार को याद कर लो (इन्शा अल्लाह कह लो) और कहो कि उम्मीद है कि मेरा परवरदिगार मुझे ऐसी बात की हिदायत फरमाए जो रहनुमाई में उससे भी ज्यादा क़रीब हो	बिना [अद्यतन] किए, ‘गोद विलिंग.’ और जब आप याद नहीं आ जाती है, तब याद रखें लॉर्ड, और कहो, ‘गलती से नहीं जाने की उम्मीद नहीं है कि मेरा लॉर्ड मुझे [कुछ] अधिक सुसज्जित करने वाला होगा.’	0.704623281955719	0.34653815627098083	0.23571132123470306
Your names	रविशंकर श्रीवास्तव, जी. करूणाकरEMAIL OF TRANSLATORS	आपके नाम	0.5942171812057495	0.3651972711086273	0.7777803540229797
And are you, Frau Braun, of pure Aryan descent?	और क्या तुम, फ्रॉ ब्रौन, शुद्ध आर्य वंश के हो?	और आपने फ़्राउ फ़्र्यान ब्राउन की पूरी एर्यन डीज़ेसेंस हैं?	0.7653210759162903	0.3795037865638733	0.2734900414943695
- Albert Weinselstein.	- अल्बर्ट Weinselstein.	- अल्बर्ट वाइनसेल्स्टेन।	0.8582992553710938	0.8050100207328796	0.9077266454696655
attachment.dat	संलग्नक	अडहार.डेट	0.7201483249664307	0.4138488471508026	0.3180078864097595
Why?	क्यों?	क्यों?	1.0000003576278687	0.9941537976264954	0.8534480333328247
Found the appointment in the calendar '%s'	'%s' पंचांग में मुलाकात मिली.	कैलेंडर में '%s' की अपॉर्टनमेंट लगाई गई	0.7167484760284424	0.5730899572372437	0.31887030601501465
You're right on top of it.	आप यह की चोटी पर सही हैं.	बिल्कुल ठीक है।	0.7209333777427673	0.5525928735733032	0.5619267225265503
But I couldn't even touch her.	लेकिन मैं उसे छू तक नहीं पाया.	लेकिन मैं उस पर भी हाथ नहीं डाल सकता था।	0.8354277014732361	0.7831392884254456	0.8305285573005676
They say: Why hath no portent been sent down upon him from his Lord? Say: Lo! Allah is Able to send down a portent. But most of them know not.	"वे यह भी कहते है, ""उस (नबी) पर उसके रब की ओर से कोई निशानी क्यों नहीं उतारी गई?"" कह दो, ""अल्लाह को तो इसकी सामर्थ्य प्राप्त है कि कोई निशानी उतार दे; परन्तु उनमें से अधिकतर लोग नहीं जानते।"""	यह कहते हैं कि क्यों उनके राजा के ऊपर इस राजा को कोई संकेत नहीं मिला है? कहते हैं: असली में, राजा के ऊपर एक संकेत मिल जाता है। लेकिन अधिकांश लोग इसका समझ नहीं पाते हैं।	0.7113816738128662	0.5054895877838135	0.6043062210083008
You have a prescription?	आप एक नुस्खा है?	हाँ?	0.7022002339363098	0.4976281225681305	0.24826832115650177
Now, these pirate recordings do not only feature the lovable alien, there's also a rather bizarre intermission featuring a conventionally pretty young lady.	अब ये पायरेटेड रेकोर्डिंग केवल प्यारे एलियन्स को ही नहीं फिल्माते... बल्कि वहाँ एक विचित्र मध्यांतर में... एक पारंपरिक सुंदर युवा लड़की को दिखाते हैं।	अब, ये पिरेट रिकॉर्डिंग्स में मौजूद अलियन को हंसान है| वहीं एक दिलचस्प इंटरमिशन में एक सामान्य रूप से चमकदार युवा पुर्सा दिखा रहा है।	0.7457913756370544	0.4680233299732208	0.4295163154602051
Vietnamese	विएतनामी	वियतनामी	0.7491670250892639	0.7976016402244568	0.9172056913375854
If I unite you with your sweetheart, all my sins would vanish into thin air.	अगर मैं तुम्हे तुम्हारी प्रियतम से मिला सकू, तो मेरे सारे पाप इस हवा में उड जायेंगे.	अगर मैं आपको आपके साथी के साथ जोड़ दूँ तो मेरे सभी दुखों भी खत्म हो जाएंगे।	0.7769650816917419	0.7202674150466919	0.8129445314407349
And Ishmael, and Enoch, and Ezekiel; each was one of the steadfast.	और (ऐ रसूल) इसमाईल और इदरीस और जुलकिफ्ल (के वाक़यात से याद करो) ये सब साबिर बन्दे थे	और इश्मील, और एनॉक, और ईकेइएल; हर एक एक स्थिर रहे थे।	0.7099754214286804	0.46675437688827515	0.5396729707717896
Nigh unto which is the Garden of Abode.	उसी के पास तो रहने की बेहिश्त है	इसमें से निकटतम गृह-गृहस्थ का स्थल है।	0.6833622455596924	0.4487513601779938	0.4716434180736542
Of what do they question one another?	किस चीज़ के विषय में वे आपस में पूछ-गच्छ कर रहे है?	चलिए इस सवाल का जवाब देंगे?	0.7158475518226624	0.5072580575942993	0.38888707756996155
I don't know what you are, or where you're from, but I'd like to tell you about something I read.	जैक: मैं तुम्हें क्या कर रहे हैं पता नहीं है, या आप कहाँ से हैं, लेकिन मैं तुम्हें मैं पढ़ने के बारे में कुछ बताना चाहूँगा.	मैं जानता नहीं हूँ कि आप क्या हैं, या आप कहाँ से हैं, लेकिन मुझे पढ़ी गई चीज़ के बारे में आपसे बात करना चाहूँगा।	0.8252474665641785	0.7835618853569031	0.7736940383911133
This message is not available in offline mode.	ऑफ़लाइन मोड में यह संदेश उपलब्ध नहीं है.	ऑफलाइन मोड में इस मैसेज को पढ़ना मुश्किल है।	0.803895115852356	0.8069464564323425	0.5654764175415039
They're on the northern outskirts between Frohnau and Pankow.	वे जौसेन को दक्षिण की ओर ले गये है और स्टांसडॉर्फ की ओर बढ़ रहे हैं.	वे फ्रॉनहाउ और पंको के बीच उत्तरी सीमा पर हैं।	0.7359417676925659	0.6307215094566345	0.6516497731208801
She was a good mother to you, wasn't she?	वह एक अच्छी माँ थी न?	आपके लिए एक अच्छी माँ थी न?	0.9057338833808899	0.8568540811538696	0.6048059463500977
India: The Advent of Citizen-Driven Election Monitoring · Global Voices	आम चुनावों में लगी जनता की पैनी नज़र	भारत: नागरिक द्वारा चुनाव निगरानी करने की आगामी घटना · ग्लोबल वाइज़	0.7160201072692871	0.4709061086177826	0.5552996397018433
FOUR SPIRITS OF THE RIVER	Constellation name (optional)	पानी के चार पवित्र मंडल	0.6542039513587952	0.4419098198413849	0.5639703273773193
CalDAV	CalDAV	कैलडेव	0.6674816608428955	0.5952171683311462	0.6099147796630859
I will get Nathan out.	मैं नाथन बाहर निकलना होगा.	मैं नाथन को निकाल लूँगा।	0.8599532246589661	0.6693992018699646	0.5854694247245789
I'm asking... man:	मैं पूछ रही हूं- - पुरुष:	मैं पूछ रहा हूँ... मान:	0.8571223020553589	0.8345315456390381	0.8459576368331909
The months for Hajj are well known to all; whoever makes up his mind to perform Hajj during these fixed months, let him totally abstain from all sorts of sexual indulgence, wickedness and wrangling during the Hajj and remember that Allah knows whatever good you do. Take necessary provisions for Hajj, and piety is the best of all provisions: so refrain from disobeying Me, O men of understanding!	हज के महीने जाने-पहचाने और निश्चित हैं, तो जो इनमें हज करने का निश्चय करे, को हज में न तो काम-वासना की बातें हो सकती है और न अवज्ञा और न लड़ाई-झगड़े की कोई बात। और जो भलाई के काम भी तुम करोंगे अल्लाह उसे जानता होगा। और (ईश-भय) पाथेय ले लो, क्योंकि सबसे उत्तम पाथेय ईश-भय है। और ऐ बुद्धि और समझवालो! मेरा डर रखो	हाजी के महीने सभी के लिए जाने योग्य हैं; जो महीने चुन लेते हैं तो हाजी करने के लिए पूरी तरह से यौन अभिव्यय, बुराई और झगड़े को ही छोड़ दें और याद रखें कि Allah आपके किसी सकारात्मक काम को भी जानता है। हाजी के लिए आवश्यक प्रावधान लें और हाजी में ईमानदारी पीढ़ी का सबसे अच्छा स्रोत है, इसलिए मुसलमानों को समझने वालों को हाजी का पालन करने से दूर रहें!	0.7118011116981506	0.530714213848114	0.6022878289222717
So I suppose my tears were more for the sadness that there's so much to overcome.	इसलिए मुझे लगता है कि मेरे आंसू दुख की वजह से आए थे कि कितना सब कुछ सहना पड़ता है.	इसलिए मुझे लगता है कि मेरी आँखों में जो दुख था, वह वही था जो हमें जीतने के लिए बहुत ज्यादा है।	0.7999288439750671	0.5323908925056458	0.4976869523525238
O you who believe, if you confer with the Prophet in private, give alms in the name of God before you go to confer. This is better for you and becoming. If you do not have the means, then surely God is forgiving and kind.	ऐ ईमानदारों जब पैग़म्बर से कोई बात कान में कहनी चाहो तो कुछ ख़ैरात अपनी सरगोशी से पहले दे दिया करो यही तुम्हारे वास्ते बेहतर और पाकीज़ा बात है पस अगर तुमको इसका मुक़दूर न हो तो बेशक ख़ुदा बड़ा बख्शने वाला मेहरबान है	आप जो विश्वासी हैं, उन्हें प्राप्त करने के लिए निजी में प्राप्ति करना, प्राप्ति में साथGod के नाम से पैसों के बजाय अल्मा का प्रयोग करना बेहतर है यह आपके लिए और इसे करने से आपको फायदा होगा। अगर आपके पास में पैसे नहीं हैं, तो संक्षम और दयालु भगवान के साथ संपर्क में रहना भी अच्छा है।	0.6741619110107422	0.44723382592201233	0.5508003234863281
Thanks.	तुम सही हो.	थanks।	0.7026230692863464	0.4656696617603302	0.42202216386795044
Whether to show the address column in the history window.	क्या इतिहास विंडो में पता स्तंभ को दिखायें	ऐसे के लिए कि वह ऐक्टिव हिस्ट्री विंडो में पता कॉलम दिखाए |	0.7617083191871643	0.5604203343391418	0.4615299105644226
"And they will say, ""Praise to Allah, who has fulfilled for us His promise and made us inherit the earth [so] we may settle in Paradise wherever we will. And excellent is the reward of [righteous] workers."""	"और वे कहेंगे, ""प्रशंसा अल्लाह के लिए, जिसने हमारे साथ अपना वादा सच कर दिखाया, और हमें इस भूमि का वारिस बनाया कि हम जन्नत में जहाँ चाहें वहाँ रहें-बसे।"" अतः क्या ही अच्छा प्रतिदान है कर्म करनेवालों का!-"	और वे कहते हैं, “अल्लाह को प्रशंसा देना चाहिए, जो हमें अपनी प्रतिज्ञा के लिए पूरा कर रहा है और हमें धरती से हमारी स्थानीयता को प्राप्त कर कर ले आया है।” और इस स्थानीयता का सम्मान देने वाले लोगों के लिए यह कहेंगे कि हमारी स्थानीयता को कहीं जाकर हमें कहीं जाने की अनुमति है, और इसे स्थापत्य की तरह अच्छा है।	0.7805269360542297	0.4870226979255676	0.5413090586662292
Have the (pagans) not seen that We have made the holy precinct a safe place while all the people around are suffering terror. Do they believe in falsehood and disbelieve in God's bounties?	क्या उन्होंने देखा नही कि हमने एक शान्तिमय हरम बनाया, हालाँकि उनके आसपास से लोग उचक लिए जाते है, तो क्या फिर भी वे असत्य पर ईमान रखते है और अल्लाह की अनुकम्पा के प्रति कृतघ्नता दिखलाते है?	पागनों ने नहीं देखा कि हमने सारे पूजनीय स्थल को सुरक्षित बनाया है जहाँ सभी लोग दर्द और भय से भरे हुए हैं। उन्हें समझना चाहिए कि वे ईमानदारी में हमारे बounties को विश्वास नहीं करते और हमारे गोद की बounties को विश्वास नहीं करते?	0.7229092717170715	0.5103198885917664	0.4085412919521332
Cannot rename MAPI folder '%s' to '%s'	MAPI फ़ोल्डर `%s' का नाम `%s' में नहीं बदल सकता है	एम.ए.आई. प्रोटोकॉल के कोई भी फ़ोल्डर को '%s' से '%s' करने की कोशिश नहीं कर सकता है	0.7817519903182983	0.60647052526474	0.7048139572143555
I mean, I could probably move a few clients around, make some space.	क्लाइंट्स को संभाल सकता हूं.	अरे, मैं कह सकता हूँ कि मैं कुछ कर्मचारियों को कुछ जगहों से कुछ जगहों पर ले जा सकता हूँ।	0.7311981320381165	0.42889484763145447	0.44339704513549805
No. Sustained post hypnotic suggestion is more difficult.	सं पोस्ट कृत्रिम निद्रावस्था सुझाव और अधिक कठिन है निरंतर.	नंबर. पुनः स्थायी अवसादी सुझाव की सख्ती की जाना अधिक कठिन है।	0.7868704795837402	0.4388398230075836	0.353034645318985
Yeah, Doug. His wallet and his room key is in there.	अपने घर और चारों ओर देखिए देखना अगर हमारे दोस्त के लिए कोई सुराग है?	हाँ, डॉग। उसका वॉलेट और उसका रूम की स्की है।	0.6860572695732117	0.3200169503688812	0.1417018622159958
And of His signs are your sleep by night and day, and your pursuit of His bounty. In this are signs for people who listen.	और रात और दिन को तुम्हारा सोना और उसके फज़ल व करम (रोज़ी) की तलाश करना भी उसकी (क़ुदरत की) निशानियों से है बेशक जो लोग सुनते हैं उनके लिए इसमें (क़ुदरते ख़ुदा की) बहुत सी निशानियाँ हैं	और उनके संकेतों में से तुम्हारी रात और दिन की नींज़र और तुम्हारी ज़िंदगी में प्राप्ति की गुणवत्ता तुम्हारे प्रति उनकी संकेत हैं।	0.737380862236023	0.4944165050983429	0.656586766242981
Must be hard being between children's and grown-up sizes, eh? Well, it was a pleasure meeting you, Sam.	जो रोज इसके साथ सोता है।	यह तो बच्चों और बड़े लोगों के बीच की बात है, ना? ठीक है, मैं आपको मिले गेंद के पास खुश था।	0.6817470788955688	0.3799423277378082	0.3281448781490326
What are you gonna do with the fucking painting? !	आप कमबख्त चित्रकला के साथ क्या करोगे?	तुम फिल्म को क्या करोगे ? !	0.8165584206581116	0.44972988963127136	0.3994655907154083
Right	दायाँ	सही	0.7811691761016846	0.5228055715560913	0.6793400049209595
Active plugins	प्लगिन सक्रिय	अक्षय्य प्लग-इन	0.7092428207397461	0.737291157245636	0.8493914604187012
_Use custom command to connect to server	सर्वर से जुड़ने के लिए कस्टम कमांड का प्रयोग करें (_U)	सेवा पर संपर्क करने के लिए नियमित निर्देश का उपयोग करें	0.794913649559021	0.48615923523902893	0.5533208847045898
Jacob do to your side agreed with the deal?	याकूब ने अपने पक्ष करने के लिए सहमत सौदा के साथ?	जैकब ने आपके साथ इस समझौते को कैसे स्वीकार किया?	0.7402905821800232	0.7319782972335815	0.7858096361160278
By Allah, We indeed sent (Messengers) to the nations before you (O Muhammad SAW), but Shaitan (Satan) made their deeds fair-seeming to them. So he (Satan) is their Wali (helper) today (i.e. in this world), and theirs will be a painful torment.	(ऐ रसूल) ख़ुदा की (अपनी) कसम तुमसे पहले उम्मतों के पास बहुतेरे पैग़म्बर भेजे तो शैतान ने उनकी कारस्तानियों को उम्दा कर दिखाया तो वही (शैतान) आज भी उन लोगों का सरपरस्त बना हुआ है हालॉकि उनके वास्ते दर्दनाक अज़ाब है	अल्लाह के नाम से हमने पहले आपके साथ ही उन संसाधनों को भेजा (ओ मुहम्मद साव) था, लेकिन शैतान ने उन्हें उन्हें दिखाया कि उनके कार्य सौम्य दिखते हैं, इस प्रकार शैतान उनके सहायक (आहवान) हैं today (आश्वासन) संसाधनों के द्वारा और उनके सहायक संसाधनों के द्वारा भी उन्हें एक दर्दनाक भेद-भाव देगा।	0.7352219820022583	0.4826192557811737	0.5689910650253296
The image...	छवि...	यह इमेज़...	0.798973798751831	0.8318262696266174	0.9074509143829346
Your life is now fulfilled.	अपने जीवन अब पूरी हो जाती है।	तुम्हारी जिंदगी फुलाई हो गई है।	0.7551973462104797	0.5517109632492065	0.41778528690338135
One or two days at most.	सरकार जिले भी?	कम से कम एक दिन।	0.7138199806213379	0.4756002724170685	0.7968267202377319
Somewhere... perhaps.	कहीं... शायद.	कुछ जगह पर... शायद.	0.9083409309387207	0.797935426235199	0.8331294059753418
If we could just talk...	अगर हम बात कर सकें--	अगर हम बस बात कर सकते थे...	0.8204126358032227	0.8847567439079285	0.9115346074104309
Know that Allah is severe in punishment, but that Allah (also) is Forgiving, Merciful.	जान लो अल्लाह कठोर दड देनेवाला है और यह कि अल्लाह बड़ा क्षमाशील, दयावान है	यह ध्यान रखें कि Allah की न्याय की कठोरता है, लेकिन यह भी सच है कि Allah (इसके साथ) न्यायपूर्ण, दयालु, सहयोगी है।	0.7254133820533752	0.652715802192688	0.7989346981048584
Swearing by Allah their strongest oaths they claimed that if a warner came to them they would be better-guided than any other people. But when a warner did come to them, his coming only increased their aversion (to the Truth).	और ये लोग तो खुदा की बड़ी-बड़ी सख्त क़समें खा (कर कहते) थे कि बेशक अगर उनके पास कोई डराने वाला (पैग़म्बर) आएगा तो वह ज़रूर हर एक उम्मत से ज्यादा रूबसह होंगे फिर जब उनके पास डराने वाला (रसूल) आ पहुँचा तो (उन लोगों को) रूए ज़मीन में सरकशी और बुरी-बुरी तद्बीरें करने की वजह से	अल्लाह के स्वोर के रूप में अपनाते हैं उनका यह दावा है कि अगर उन्हें स्वारी करते हैं तो उन्हें किसी भी अन्य लोगों से ज्यादा सही रास्ते पर समझे जाएंगे। लेकिन जब एक स्वारी आया तो उन्होंने अपनी अस्वीकारता बढ़ाती है (सत्य की ओर)	0.6925270557403564	0.4015471935272217	0.369088739156723
It's open here.	यह खुला है.	यहाँ है।	0.7948120832443237	0.7079036235809326	0.598733127117157
Move up the ladder.	सीढ़ी ऊपर ले जाएँ.	लैडर पर जाने वाला जाना जाता है।	0.7382450699806213	0.3146315813064575	0.2608516216278076
Show offline contacts	ऑफलाइन संपर्क दिखाएँ	ऑफलाइन कॉन्टैक्ट दिखाएँ	0.8894696831703186	0.8959773778915405	0.9205836057662964
A twelve year old girl will be so freaking terrified to utter a sound. Arrrgh…	एक बारह साल की बच्ची तो इतना सहम जायेगी कि उसके मुंह से आवाज़ क्या निकलेगी।	एक दहाई साल की लड़की सुनने की ताकत को इतनी भयभीत हो जाएगी कि वो कुछ भी बोले तो नहीं।	0.7697891592979431	0.49057069420814514	0.39939290285110474
This really is Patton's gun, isn't it?	यह वास्तव में यह पैटन की बंदूक है, है न?	क्या यह पैट्टन का गन है?	0.7895961999893188	0.7202525734901428	0.5971256494522095
Ex-wife, Leroy!	पूर्व पत्नी, लेरॉय!	लेरॉय से एक विवाहिक हो!	0.775205135345459	0.5566958785057068	0.3564782738685608
It is not their meat or blood that reaches God: It is the fealty of your heart that reaches him. That is why He has subjugated them to you that you may glorify God for having shown you the way. So give glad tidings to those who are doers of good.	खुदा तक न तो हरगिज़ उनके गोश्त ही पहुँचेगे और न खून मगर (हाँ) उस तक तुम्हारी परहेज़गारी अलबत्ता पहुँचेगी ख़ुदा ने जानवरों को (इसलिए) यूँ तुम्हारे क़ाबू में कर दिया है ताकि जिस तरह खुदा ने तुम्हें बनाया है उसी तरह उसकी बड़ाई करो	उनका मांस या रक्त भगवान को नहीं पहुँचाता है: यह अपने दिल से है आपका है वह है इसलिए उन्हें आप उन्हें शासन दे रही हैं ताकि वे भगवान ने आपको किसी रास्ते के के लिए दिखाया हो तो भगवान के रास्ते के लोगों को ईश्वर के प्रति पूजा करने के लिए उनसे सूचित रहें ।	0.6774027347564697	0.37315547466278076	0.40239253640174866
The true religion with Allah is Islam. The People of the Book adopted many different ways rather than follow the true way of Islam even after the knowledge of truth had reached them, and this merely to commit excesses against one another. Let him who refuses to follow the ordinances and directives of Allah know that Allah is swift in His reckoning.	दीन (धर्म) तो अल्लाह की स्पष्ट में इस्लाम ही है। जिन्हें किताब दी गई थी, उन्होंने तो इसमें इसके पश्चात विभेद किया कि ज्ञान उनके पास आ चुका था। ऐसा उन्होंने परस्पर दुराग्रह के कारण किया। जो अल्लाह की आयतों का इनकार करेगा तो अल्लाह भी जल्द हिसाब लेनेवाला है	अल्लाह की सच्ची धर्म इस्लाम है. लोगों का पुस्तक का धर्म अलग-अलग तरीकों से लेता है और सच्चाई के बारे में ज्ञान प्राप्त करने के बाद इस्लाम के true तरीके को नहीं लेता है, और यह बस अपने-अपने द्वारा इस्लाम का उल्लंघन करने के लिए अत्यधिक कृत्य करता है. वह जो अल्लाह के कानून और आदेशों को पालने से भी बच नहीं जाता है, उसे अल्लाह की तेज़ देखभाल में होगी.	0.728129506111145	0.5295032858848572	0.5534253716468811
Harley, I already feel so bad though, about what we're doing.	हार्ले, मैं पहले से ही हम क्या कर रहे हैं के बारे में है, हालांकि बहुत बुरा लगता है.	हार्ली , मुझे यकीन है कि मैं इस बारे में सोचने में बहुत दर्द हो रहा है, कि हमारा क्या करना है।	0.7770877480506897	0.5780905485153198	0.5709773302078247
Failed to connect to SMTP server %s in secure mode: %s	सुरक्षित मोड़ में %s SMTP सर्वर से जुड़ने में असफल: %s	सुरक्षित मोड में एसएमटीपी सेवा से कनेक्शन करने में असफल रहा हूँ: %s	0.8230043649673462	0.7295713424682617	0.7378290295600891
Earlier this evening online server trackers noted the NSA's website had been down for at least six hours, and the site continues to be inaccessible for some users.	शाम को ऑनलाइन सर्वर ट्रैकर्स ने पाया था कि एन.एस.ए. की वेबसाइट कम से कम छह घंटों के लिए बंद थी, तथा कुछ उपयोगकर्ताओं के लिए साइट अभी भी पहुंच में नहीं है।	यह रात को ऑनलाइन सेवा ट्रैकरों ने नोटिस भेजा कि एस.एन.ए.' की वेबसाइट को कम से कम छह घंटे तक ब्लॉक है, और इस वेबसाइट के कुछ उपयोगकर्ताओं के लिए यह अभी भी निषेध किया जा रहा है।	0.8528492450714111	0.6976876854896545	0.6573140621185303
Did you hear somebody?	आप किसी को सुना है?	क्या तुमने किसी सुना?	0.8182658553123474	0.8409938812255859	0.5946040153503418
I didn't even know about Ellen's money until I found that letter!	इसके अलावा, इस अपने कमबख्त योजना है	मैंने इलन के पैसे के बारे में पहले किसी को नहीं बताया था उन्हारे लेटर को मैंने खोजा!	0.6379987597465515	0.47185516357421875	0.29940447211265564
Your emails	raviratlami@ aol. in	आपके ईमेल	0.5827445983886719	0.4576343297958374	0.7083845138549805
- This pool of slave labour you've got, you can underbid any contractor in town?	- तुम्हारे पास दासों का समूह है, तुम शहर के किसी भी ठेकेदार से कम बोली लगा सकते हो.	आपके पास यह शास्त्रीय कामगारों से बिड़ाई करने का पूल है, वहाँ के कोई भी निर्माता आपको जितना कम रख सकते हैं?	0.7377389073371887	0.4277524948120117	0.4718404710292816
All right, the parole board has received...	सब ठीक है, पैरोल बोर्ड प्राप्त हुआ है...	ठीक है, पैरोल बोर्ड ने...	0.8733271360397339	0.7154660820960999	0.449479877948761
the current time	मौजूदा समय	आज की समय	0.7952151894569397	0.6947516202926636	0.9243050813674927
/nick <nickname>: change your nickname on the current server	/nick <nickname>: मौजूदा सर्वर पर अपना प्रचलित नाम बदलें	/निक्क <नामिक्क>: वर्तमान सर्वर पर अपना नामिक्क बदलें	0.8369072079658508	0.6412503123283386	0.6306551694869995
They said: O ruler of the land! Lo! he hath a very aged father, so take one of us instead of him. Lo! we behold thee of those who do kindness.	और जो (उसके भाई की चोरी का हाल बयान करते हो ख़ुदा खूब बवाक़िफ है (इस पर) उन लोगों ने कहा ऐ अज़ीज़ उस (इब्ने यामीन) के वालिद बहुत बूढ़े (आदमी) हैं (और इसको बहुत चाहते हैं) तो आप उसके ऐवज़ (बदले) हम में से किसी को ले लीजिए और उसको छोड़ दीजिए	उन्होंने कहा: राजा! झूठ बोलते हैं! वे कहते हैं कि उसके पिता बहुत उम्र वाला है, तो उसे हमारे बजाय उसका स्थान ले लो! झूठ सुनते हैं! हम जो लोग बकवास देखते हैं, उसे तुम देखो!	0.658042848110199	0.45190688967704773	0.524013876914978
"Have you been to the ""new home"" last night?"	"कल रात तुम ""नया घर"" गये थे?"	"क्या तुम रात पहले अपने ""नए घर"" जा चुके हो?"	0.831559419631958	0.7840790152549744	0.7391357421875
A big fat fucking zero.	एक बहुत बड़ा शून्य।	बड़ा फैट जितना हो जाए तो भी 0 है।	0.7056686282157898	0.29247692227363586	0.06656923145055771
This will blind you.	यदि यह आँख में गया, अंधे हो जाओगे.	आपको यह ज्ञान देने वाला नहीं होगा.	0.6906843185424805	0.4132479727268219	0.4847143292427063
Poorer but wiser.	गरीब लेकिन समझदार.	अच्छा और बेहतर होना।	0.7708778381347656	0.44191882014274597	0.38942793011665344
It promised that if they could distinguish between good and evil.	उसने वादा किया था कि अगर वे अच्छाई और बुराई के बीच भेद कर लेंगे.	यह कहता था कि अगर वे अच्छे और बुरे के बीच अंतर कर सकें।	0.8561789393424988	0.7625464200973511	0.8318610191345215
That's when we're at our most uncontrollable, vicious, insane with thirst.	~ क्रूर, प्यास से पागल ~.	जब हमारी सबसे ज़्यादा नियंत्रण में नहीं होती है, सबसे ज़्यादा भयानक, भयानक होती है thirst।	0.6192029714584351	0.3750592768192291	0.21818099915981293
Hi-Test.	हाय टेस्ट.	एचआई-टेस्ट।	0.8334559202194214	0.5729910731315613	0.8815528750419617
And his plaint: ‘My Lord! Indeed these are a people who will not have faith!’	और (उसी को) रसूल के उस क़ौल का भी इल्म है कि परवरदिगार ये लोग हरगिज़ ईमान न लाएँगे	और विवाद: ‘राजा! ये लोग ईमानदारी से नहीं कहें कि वे ईमानदार लोग हैं!’	0.6845299005508423	0.46888771653175354	0.5030685067176819
I want it sorted.	मैंइसेहल चाहते	मुझे इसे सॉर्ट फॉर्मेट कर दिया जाना चाहिए।	0.6699452996253967	0.4778156876564026	0.45184361934661865
Only 1?	केवल 1?	सिर्फ 1?	0.8393197655677795	0.978680431842804	0.89854896068573
God desires to make clear to you, and to guide you in the institutions of those before you, and to turn towards you; God is All-knowing, All-wise;	ख़ुदा तो ये चाहता है कि (अपने) एहकाम तुम लोगों से साफ़ साफ़ बयान कर दे और जो (अच्छे) लोग तुमसे पहले गुज़र चुके हैं उनके तरीक़े पर चला दे और तुम्हारी तौबा कुबूल करे और ख़ुदा तो (हर चीज़ से) वाक़िफ़ और हिकमत वाला है	गोद का इरादा है कि तुम्हें ये सारे संस्थानों में तुम्हें स्पष्ट रूप से बताए और तुम्हें तुम्हारे पास जाने का इरादा है, और तुम्हें तुम्हारी ओर से जानकारी दे तो God व्यापक है, व्यापक ज्ञानी;	0.695044994354248	0.37743136286735535	0.32300055027008057
Select the personal data you want to clear	निजी आंकड़ा चुनें जिसे आप साफ़ करना चाहते हैं	आप जो पersonल डेटा चाहेंगे चालू करेंगे	0.7261450886726379	0.525154173374176	0.24229292571544647
And We divided them throughout the earth into nations. Of them some were righteous, and of them some were otherwise. And We tested them with good [times] and bad that perhaps they would return [to obedience].	और हमने उनको रूए ज़मीन में गिरोह गिरोह तितिर बितिर कर दिया उनमें के कुछ लोग तो नेक हैं और कुछ लोग और तरह के (बदकार) हैं और हमने उन्हें सुख और दुख (दोनो तरह) से आज़माया ताकि वह (शरारत से) बाज़ आए	और हमने उन्हें पृथ्वी पर राष्ट्रों की तरह बाँट दिया. उनमें से कुछ निष्पक्ष थे, और उनमें से कुछ अस्पष्ट था. हम उन्हें अच्छे समयों और बुरे समयों के साथ प्रयास करने दिये, और यदि वे अपने पालन में वापस नहीं जाते तो हम उन्हें अपनी प्राथमिकताओं के अनुसार अपने पालन में लाने के लिए मजबूर करते रहे.	0.6820129752159119	0.5539020895957947	0.7463059425354004
Could not register	पंजीयन नहीं कर सका	रजिस्ट्रेशन नहीं कर सकता	0.7993572354316711	0.7789602875709534	0.8884320259094238
Weidling, former Commanding Officer of the Berlin Defense Force.	बर्लिन डिफेंस फोर्स के पूर्व कमांडिंग आफीसर, विल्डिंग.	बेर्लिन रक्षा बल के पूर्व कमांडर ऑफ़िसर वीडियलिंग।	0.7781296968460083	0.6553354263305664	0.6825648546218872
As for the wall, it belonged to two orphan lads in the city, and under it was a treasure belonging to them. Their father was a righteous man; and thy Lord desired that they should come of age and then bring forth their treasure as a mercy from thy Lord. I did it not of my own bidding. This is the interpretation of that thou couldst not bear patiently.'	"और रही यह दीवार तो यह दो अनाथ बालकों की है जो इस नगर में रहते है। और इसके नीचे उनका ख़जाना मौजूद है। और उनका बाप नेक था, इसलिए तुम्हारे रब ने चाहा कि वे अपनी युवावस्था को पहुँच जाएँ और अपना ख़जाना निकाल लें। यह तुम्हारे रब की दयालुता के कारण हुआ। मैंने तो अपने अधिकार से कुछ नहीं किया। यह है वास्तविकता उसकी जिसपर तुम धैर्य न रख सके।"""	इस से लेकर की दीवारें दो छात्रों की थीं जो शहर में थीं और उनमें उनका एक खजाना था. उनके पिता एक न्यायी व्यक्ति थे और ये कि वे बड़े हो कर खजाना अपने पिता से बाहर उत्पन्न होगे और फिर उन्हें अपने पिता से खजाना दे के तुम्हें उनका प्यार से समझ में आया नहीं था. मैंने इसे मेरी खुद की बात नहीं कही थी. यह समझने के लिए यह तो यह है कि तुम थोड़ी सी ध्यान नहीं दे पाते थे कि तुम्हारे पिता ने खजाना देने का इरादा किया था.	0.7211074829101562	0.45724472403526306	0.4272279441356659
The resource '%s' is busy during the selected time period.	संसाधन '%s' चयनित समय काल में व्यस्त.	सेलेक्टेड समय अवधि के दौरान '%s' अपने पास है।	0.7715756297111511	0.5477224588394165	0.7590916156768799
- - I don't know, brother, ask him.	- मैं नहीं जानता, भाई, उससे पूछो.	- - मुझे नह पता, भाई, उसे पूछो.	0.8872559070587158	0.9196921586990356	0.7973458170890808
Enabled	draw separator	एडिमनिशन	0.704849123954773	0.3825545012950897	0.5284414887428284
- That's true enough.	- काफी हद तक सच है.	हाँ, सही है।	0.7653050422668457	0.8021904826164246	0.8006110191345215
Do you think that you will be left [as you are] while Allah has not yet made evident those among you who strive [for His cause] and do not take other than Allah, His Messenger and the believers as intimates? And Allah is Acquainted with what you do.	क्या तुमने ये समझ लिया है कि तुम (यूं ही) छोड़ दिए जाओगे और अभी तक तो ख़ुदा ने उन लोगों को मुमताज़ किया ही नहीं जो तुम में के (राहे ख़ुदा में) जिहाद करते हैं और ख़ुदा और उसके रसूल और मोमेनीन के सिवा किसी को अपना राज़दार दोस्त नहीं बनाते और जो कुछ भी तुम करते हो ख़ुदा उससे बाख़बर है	क्या आप सोचते हैं कि आप तब जब आप हैं तब अल्लाह के यहाँ से रह जाएंगे जबकि अल्लाह ने अपने कार्यों में आपसे किसी भी तरह के लोगों को जो आगे बढ़ना चाहते हैं और उन्हें अल्लाह, अपना मेसेजर और मुसलमानों के बीच नहीं बता रहा है, वही गुमनामी रखता है? और अल्लाह ने आपके कुछ करने के बारे में जानकारी दी है।	0.7014275789260864	0.43416282534599304	0.48560911417007446
"They say: ""Why does he not bring us a sign (proof) from his Lord?"" Has there not come to them the proof of that which is (written) in the former papers [Scriptures, i.e. the Taurat (Torah), and the Injeel (Gospel), etc. about the coming of the Prophet Muhammad SAW]."	"और वे कहते है कि ""यह अपने रब की ओर से हमारे पास कोई निशानी क्यों नहीं लाता?"" क्या उनके पास उसका स्पष्ट प्रमाण नहीं आ गया, जो कुछ कि पहले की पुस्तकों में उल्लिखित है?"	यह कहते हैं: “क्यों नहीं लेटा है उनसे साइन (प्रमाण)?” क्या उन्हें पहले के पेपर्स [शरियात, या ईज़िल (गुरूखित), आदि etc. के बारे में प्राप्त प्रमाण) नहीं मिला है जो प्राप्त करने के बारे में बताया गया है कि प्राप्ति का संकेत है”. प्राप्ति का संकेत क्या है, यह उन्हें पता नहीं है जो प्राप्त करने के बारे में बताया गया है कि प्राप्ति का संकेत है कि प्राप्त करने वाले का संकेत है कि प्राप्त करने वाला कौन है, और प्राप्त करने वाला कौन है, और प्राप्त करने वाला कौन है, और प्राप्त करने वाला	0.6474301815032959	0.40004464983940125	0.16846130788326263
In Reggie's pain?	रेगी के दर्द में ?	रेजगिरी में दर्द हो रहा है या नहीं?	0.8017899394035339	0.577309787273407	0.6037121415138245
GEAC:	जीईएसी:	जी.ई.ए.सी.ए:	0.7294156551361084	0.7934573292732239	0.8669664859771729
Move ~a onto an empty corner slot.	खाली अस्थायी खाँचा पर पत्ता ले जाएँ	वहाँ जाकर ~ऐसा कर देगा जिसका पिछला कुछ जगहें ले ले जा रहा हो।	0.6796897053718567	0.2971809506416321	0.10798466205596924
Believers, obey Allah and obey the Messenger and those in authority among you. Should you dispute about anything refer it to Allah and the Messenger, if you believe in Allah and the Last Day. That is better and the best interpretation.	ऐ ईमान लानेवालो! अल्लाह की आज्ञा का पालन करो और रसूल का कहना मानो और उनका भी कहना मानो जो तुममें अधिकारी लोग है। फिर यदि तुम्हारे बीच किसी मामले में झगड़ा हो जाए, तो उसे तुम अल्लाह और रसूल की ओर लौटाओ, यदि तुम अल्लाह और अन्तिम दिन पर ईमान रखते हो। यदि उत्तम है और परिणाम की स्पष्ट से भी अच्छा है	मानकर्मियों, अल्लाह का पालन करें और आपातकाल के अधिकारी या आपातकालीन अधिकारियों को पीछे देखें. आप किसी भी मामले के संबंध में अल्लाह की सुनवाई या मेसेजर की सुनवाई पर सोचेंगे। यदि आप अल्लाह में विश्वास करते हैं और लास्ट डे में विश्वास करते हैं, तो ऐसा बेहतर और सबसे अच्छी अनुवाद है।	0.6974745988845825	0.5151681900024414	0.5454963445663452
All right, man, look.	ठीक है, आदमी, देखो.	ठीक है, यार, देखो।	0.9268103837966919	0.8462653160095215	0.8630005717277527
And that He (Allah) is the Lord of Sirius (the star which the pagan Arabs used to worship);	और ये कि वही योअराए का मालिक है	और वे (अल्लah) सिरius (जिसे पagan अरबियों ने पूजा करने के लिए एक ग्रह के रूप में उपयोग किया था);	0.6713826060295105	0.37492474913597107	0.2558278441429138
Two weeks is nothing, we need two months at least.	दो हफ्ते कुछ भी नहीं है, हम दो महीने में कम से कम जरूरत है.	दो हफ़्ते का यह तो कुछ नहीं है, हमें कम से कम दो महीने की आवश्यकता है।	0.8618592619895935	0.7580520510673523	0.8446505069732666
First of all, Samurai is Japanese, I'm Korean.	सभी के पहले, समुराई जापानी है, मैं कोरियाई हूँ.	चलिए, सबसे पहले, जापानी हैं सामान, मैं कोरियाई हूँ।	0.8591679334640503	0.6532621383666992	0.5714411735534668
I believe we just had a cancellation.	मैं हम सिर्फ एक रद्द किया था विश्वास करते हैं.	मुझे लगता है कि हमने कुछ समय पहले ही बुक कर दी थी।	0.726875364780426	0.45516249537467957	0.5923503637313843
According the information from our spies,	हमारे गुप्तचर विभाग के अनुसार,	हमारी स्पीज़ के जानकारी के अनुसार,	0.8239356279373169	0.6194444298744202	0.6069143414497375
"(Allah) said:""Get you down (from the Paradise to the earth), both of you, together, some of you are an enemy to some others. Then if there comes to you guidance from Me, then whoever follows My Guidance shall neither go astray, nor fall into distress and misery."	फिर उनकी तौबा कुबूल की और उनकी हिदायत की फरमाया कि तुम दोनों बेहश्त से नीचे उतर जाओ तुम में से एक का एक दुशमन है फिर अगर तुम्हारे पास मेरी तरफ से हिदायत पहुँचे तो (तुम) उसकी पैरवी करना क्योंकि जो शख्स मेरी हिदायत पर चलेगा न तो गुमराह होगा और न मुसीबत में फँसेगा	(अल्लाह) ने कहा: “आप दोनों को पृथ्वी पर नीचे ले जाएँ, एक साथ, कुछ से और दूसरों के बीच है कि परिवेश से आपको मेरी सलाह सुननी चाहिए। तब से ही अगर आपको मेरी सलाह से आपको आगे बढ़ने की सलाह मिले, तो आप सभी लोगों को न भूलेंगे कि मेरी सलाह से भी न कभी गिरेंगे और मुझे चाहिए स्थान में जाने वाले लोगों में से कभी भी दुख और कठिनाई न पाएँगे।	0.6769965887069702	0.4588276743888855	0.3955281674861908
I WANT TO HEAR IT.	मैं यह सुनना चाहता हूँ.	मुझे सुनना चाहिए।	0.8159412145614624	0.799453854560852	0.6737902760505676
And you really love her?	और तुम सच में उससे प्यार करता हूँ?	और वो तुम्हारी पसंद है?	0.8000232577323914	0.6617389917373657	0.6338487863540649
Let's make them suspicious.	की उन्हें शक करते हैं	चलो उन्हें संदेह करने वाले बना दें।	0.7454947829246521	0.477774441242218	0.7251924872398376
It's a lot easier for you. Your life is all ahead of you.	यह आसान है, पेले.	आपके लिए बहुत आसान है। आपका जीवन अब आपके लिए बहुत आगे है।	0.7142614722251892	0.5213571190834045	0.7712314128875732
Not bothering a soul.	एक आत्मा परेशान नहीं.	किसी की चिंता नहीं करना।	0.7830192446708679	0.6033426523208618	0.5890734195709229
No. No, it ain't serious.	नहीं, नहीं, यह गंभीर नहीं है.	नो नो, इससे कोई फर्क नहीं पड़ता।	0.7613771557807922	0.6552760004997253	0.6058281660079956
Other	अन्य	अन्य	0.9999998211860657	0.9827449917793274	0.8809893131256104
INFO	INFO	आई.एन.फी.	0.5972484350204468	0.44059494137763977	0.5459766387939453
I sure do apologize for that.	मुझे यकीन है कि के लिए माफ़ी चाहता हूं.	मुझे माफी चाहता हूँ कि ऐसा हुआ।	0.8664225935935974	0.7390117049217224	0.6389733552932739
It was nine months before Nat was born.	मैं बार में जा रहा हूँ।	नत का जन्म सात माह पहले था।	0.6584102511405945	0.4847387969493866	0.6311922073364258
Is Kaveri happy?	कावेरी खुश है?	कैवरी को खुश है?	0.8883263468742371	0.68326336145401	0.569568932056427
Extraction not performed	निकाला नहीं गया	अपरिवर्तन नहीं किया गया	0.8118804097175598	0.48730823397636414	0.4437083601951599
When you do a trick, it's like you're 80 again.	आप एक चाल करते हैं, इसे आप फिर 8O हैं की तरह है.	तुम जो ट्रिक करते हो, वह तुम्हें 80 की तरह लगती है।	0.7604126334190369	0.5178399682044983	0.6249760389328003
You're telling me Richard Addison of Addison Industries murdered your family.	आदमी: तुम मुझे कह रहे हैं रिचर्ड एडिसन के एडिसन इंडस्ट्रीज अपने परिवार की हत्या कर दी।	तुम मुझे बता रहे हो कि रिचर्ड एड्डन ऑफ एड्डन इंडस्ट्रीज का मालिक है कि तुम की परिवार की मौत हिंसक तरीके से कर दी गई थी।	0.8018840551376343	0.6906384825706482	0.790733814239502
Start	प्रारंभ	स्टार्ट	0.6616549491882324	0.615277111530304	0.7342320680618286
The proxy host does not support SOCKS5	प्रॉक्सी होस्ट SOCKS4 का समर्थन नहीं करता है	सॉक्स5 के समर्थन के लिए प्रोएक्स होस्ट को नहीं है	0.8430985808372498	0.6058432459831238	0.40997010469436646
- Huh. - Hannah?	कि क्या है?	- हuh। - हैनन?	0.7028148770332336	0.493795245885849	0.4045124053955078
"Units for a birthday or anniversary reminder, ""minutes"", ""hours"" or ""days"""	"जन्मदिन और वर्षगांठ संसूचक के लिए ईकाई, ""मिनट"", ""घंटे"" या ""दिन""."	"“मिनट”, “घंटे” या “दिन” के यूनिट के लिए कुछ विकल्प
जन्म या वर्ष पूर्णकाली याद रखने के लिए, “मिनट”, “घंटे” या “दिन” के यूनिट”"	0.6770456433296204	0.6053332686424255	0.5866749286651611
"David blames the South African government for the recent xenophobic attacks in South Africa: ""No one hates foreigners like South Africans do."	"दक्षिण अफ्रीका में विदेशी व बाहरी लोगों पर हुये हालिया हमलों के लिये डेविड सरकार को दोषी ठहराते हैं: ""विदेशियों से जितनी नफरत दक्षिण अफ्रीकी करते हैं उतना शायद कोई नहीं करता।"	देविड ने साउथ अफ्रीकी सरकार को हाल ही में दक्षिण अफ्रीका में यूरोपीय द्वेष के लिए हमले के लिए दोषी ठहराया है: “नहीं कोई विदेशी लोगों का डर है कि वे दक्षिण अफ्रीकियावासियों के रूप में हैं।	0.785856306552887	0.5508486032485962	0.5096374750137329
And there's the Empire.	और यह साम्राज्य है.	और यहाँ इम्पीरियम है।	0.7772458791732788	0.6632454991340637	0.7425533533096313
Permission level	अनुमति स्तर	पर्मिशन स्तर	0.7773866653442383	0.6730018258094788	0.8935560584068298
- No, I didn't drug you.	/ अपनी भाषा आक्रामक है. भाड़ में जाओ तुम.	नहीं, तुम्हें ड्रग नहीं किया गया था।	0.6762918829917908	0.4197164475917816	0.5487707853317261
Say goodbye to the debugger	कहें को	डिबगरी ब्लॉकर से कहोऔल्ट हो जाओ	0.6863477230072021	0.4003341495990753	0.28082725405693054
I tried to get an appointment... but there's a three month waiting list.	मैं एक नियुक्ति पाने की कोशिश की ... ... लेकिन वहाँ एक तीन महीने की प्रतीक्षा सूची है।	मैंने कोशिश की लेकिन उन्होंने मेरी असाइनमेंट ली लेकिन तीन महीने की देरी है।	0.767722487449646	0.6557235717773438	0.5747818350791931
About 11130.	11130 के बारे में.	11,130।	0.6709638833999634	0.5538254380226135	0.47327765822410583
Description contains	विवरण में समाहित है	डिस्क्रिप्शन में	0.7045018076896667	0.49338507652282715	0.7151467800140381
Large font	बड़ा फॉन्ट	बड़ा फ़ॉन्ट	0.9667840003967285	0.9024960994720459	0.8956055641174316
So, you're my son-in-law.	तो तुम मेरे दामाद हो.	तो, तुम मेरे बेटे का पिता हो।	0.8377907276153564	0.8252785801887512	0.8808252215385437
You hit too hard.	तुम जरा जोर से मार रहे हो.	आप बहुत जोर से हिट कर रहे हैं।	0.8246790170669556	0.5530096888542175	0.6136276125907898
In the days that follows I got them to at least work together	दिनों के बाद मैं उन्हें कम से कम एक साथ काम करने के लिए मिला में	इसके बाद मैंने उन्हें कम से कम एक तरफ से मिलकर काम करने के लिए कहा	0.8519232273101807	0.7314773797988892	0.7801941633224487
Good lord...101%	हे भगवान ... 101%	बड़ी बात है...101 प्रतिशत	0.8598248958587646	0.6549542546272278	0.7588094472885132
- Merry Christmas, Mike.	- मेरी क्रिसमस, माइक.	मेरी क्रिस्मास की शुभकामनाएँ माइक.	0.7875824570655823	0.8030392527580261	0.6919033527374268
Let's go.	चलो चलते हैं.	अरे चलो जाएँगे।	0.8095223307609558	0.8318524956703186	0.6465672254562378
If the comparative results would come out, the question of whether the BJP government should rule or not would not arise in the country.	अगर इसका तुलनात्मक नतीजा आए तो देश के सामने यह सवाल नहीं आएगा कि बीजेपी की सरकार आनी चाहिए या नहीं।	अगर सामान्य परिणाम आए तो देश में भाजपा सरकार का निर्माण या नहीं होने की स्थिति पर पूछा जाना बंद नहीं रह जाता।	0.7666850686073303	0.6770479679107666	0.7539514303207397
Yeah, I kind of put that together, son.	हाँ,मैंएक तरहसे, किएकसाथबेटाडालदिया .	हाँ, मैं समझता हूँ कि मैंने बस थोड़ा इसे इकट्ठा कर लिया है।	0.6641979813575745	0.3905281722545624	0.37525931000709534
Show the date and time column	तिथि एवं समय कॉलम दोनों दिखाएँ	ट्रैफ़िक से दिखाएं डेटा एंड टाइम कॉलम	0.7159001231193542	0.4633620083332062	0.3428809642791748
You got no right! Please don't let them kill Hermann.	कृपया उन्हें हर्मन को मारने मत दो.	आपको कोई भी हेर्मिन की हत्या नहीं करानी चाहिए। ये लोग उसे मारने के लिए तैयार हैं।	0.7428869605064392	0.6215222477912903	0.5940408706665039
If it were not for the grace of God and His mercy to you, some of them had resolved to lead you astray but they lead astray no one but themselves. Nor can they do you any harm. God has sent down to you the Book and Wisdom and has taught you what you did not know. God's favour to you has been great indeed.	और (ऐ रसूल) अगर तुमपर ख़ुदा का फ़ज़ल (व करम) और उसकी मेहरबानी न होती तो उन (बदमाशों) में से एक गिरोह तुमको गुमराह करने का ज़रूर क़सद करता हालॉकि वह लोग बस अपने आप को गुमराह कर रहे हैं और यह लोग तुम्हें कुछ भी ज़रर नहीं पहुंचा सकते और ख़ुदा ही ने तो (मेहरबानी की कि) तुमपर अपनी किताब और हिकमत नाज़िल की और जो बातें तुम नहीं जानते थे तुम्हें सिखा दी और तुम पर तो ख़ुदा का बड़ा फ़ज़ल है	यदि ईश्वर और उनकी दया आपसे आपको गलतसंगत करने वाले कुछ लोगों ने नहीं थे, तो उन्होंने आपको गलतसंगत करने के लिए कुछ लोगों का साथ दिया था लेकिन वे केवल उन्हीं से ही गलतसंगत करते थे। किसी को भी आपको किसी तरह का नुकसान नहीं होगा। ईश्वर ने आपको लिखा हुआ साहित्य और स्मृति दी है और ने आपको जो ज्ञान था जो आपको नहीं था, उसे आपको बताया है। ईश्वर की दया आपको बहुत बड़ी हुई है।	0.6682577133178711	0.3898698389530182	0.40714752674102783
Your Lord is the Best Knower of you; if He willeth He will have mercy upon you, or if He willeth He will torment you. And We have not sent thee over them as a trustee.	तुम्हारा परवरदिगार तुम्हारे हाल से खूब वाक़िफ है अगर चाहेगा तुम पर रहम करेगा और अगर चाहेगा तुम पर अज़ाब करेगा और (ऐ रसूल) हमने तुमको कुछ उन लोगों का ज़िम्मेदार बनाकर नहीं भेजा है	तुम्हारे पिताजी का सबसे अच्छा ज्ञान है यदि वे तुम्हें सहायता करना चाहते हैं तो तो तुम पर उनका ध्यान करेंगे, या यदि वे तुम्हें दंडित करना चाहते हैं तो वे तुम्हें दंडित करेंगे। और हमने तुम्हें किसी पर भी ऐसा पालनात्मक नहीं बना रखा है।	0.7437896132469177	0.5928935408592224	0.6508085131645203
Blu-ray disc	Blu-ray डिस्क	ब्ल्यू-रे डिस्क	0.7147663831710815	0.7137076258659363	0.9177804589271545
How many generations living before them did We destroy? Do you find anyone of them around or do you even hear any word from them?	उनसे पहले कितनी ही नसलों को हम विनष्ट कर चुके है। क्या उनमें किसी की आहट तुम पाते हो या उनकी कोई भनक सुनते हो?	उनके पूर्वजों से जितने प्रकार के लोग हमने भूकंप से भी नष्ट कर दिया? उनसे जितने प्रकार के लोग आपके पास नहीं हैं या उनसे कोई भी सुनाई नहीं दी गई?	0.7045246362686157	0.6045376658439636	0.6758532524108887
These guys had military training.	इन लोगों के पास सैन्य प्रशिक्षण था।	ये लोग सेना से ताल्लुक रखते हैं।	0.7594346404075623	0.7239186763763428	0.8071300983428955
Satan wants to induce hostility and hatred among you through wine and gambling and to prevent you from remembering God and prayer. Will you then avoid such things?	शैतान तो बस यही चाहता है कि शराब और जुए के द्वारा तुम्हारे बीच शत्रुता और द्वेष पैदा कर दे और तुम्हें अल्लाह की याद से और नमाज़ से रोक दे, तो क्या तुम बाज़ न आओगे?	सताना तुमों में द्वेष और नफरत फैलाने के लिए वाइन और खेल में सहमति दिखाना और तुम्हें भगवान और आरती के याद नहीं रखने देना चाहता है। तुमने तो ऐसे चीज़ें सोचने के लिए तैयार हो क्या?	0.7395146489143372	0.5918543338775635	0.45554590225219727
Channel View	चैनल दृश्य	चैनल व्यू	0.8198308944702148	0.824013352394104	0.9063467383384705
Encoding	एनकोडिंग	ऐकोडिंग	0.9503094553947449	0.8241932988166809	0.8242912888526917
I do not want to change his bed.	मैं अपने बिस्तर बदलने के लिए नहीं करना चाहती.	मुझे अपने भाई के बेड में रखने को नहीं चाहिए।	0.7858017086982727	0.45579656958580017	0.5642673969268799
But he who says to his father and his mother, 'Fie on you! Do you promise me that I shall be brought forth, when entire generations have passed away before me' Yet they supplicate to Allah for help 'Woe to you! Believe, surely the promise of Allah is true' Then he says: 'This is nothing but fairytales of the ancients'	"किन्तु वह व्यक्ति जिसने अपने माँ-बाप से कहा, ""धिक है तुम पर! क्या तुम मुझे डराते हो कि मैं (क़ब्र से) निकाला जाऊँगा, हालाँकि मुझसे पहले कितनी ही नस्लें गुज़र चुकी है?"" और वे दोनों अल्लाह से फ़रियाद करते है - ""अफ़सोस है तुमपर! मान जा। निस्संदेह अल्लाह का वादा सच्चा है।"" किन्तु वह कहता है, ""ये तो बस पहले के लोगों की कहानियाँ है।"""	लेकिन उन्हें जो कहता है कि 'कृपा आपके माता-पिता और माता-पिता पर! आओ मुझे आश्वस्त करें कि जब मैं पूरी पीढ़ी पहले से भी मर जाती है तब मैं आपको जो आश्वस्त करने का वादा करता हूँ, वो हो जाएगा' और वे अल्लाह से मदद चाहते हैं 'हाँ, आपको आश्वस्त करना चाहिए, सURE है कि अल्लाह का वादा है' लेकिन वे कहते हैं: 'यह केवल पूरे पूर्वजों की कहानियों से संबंधित है'	0.7435961365699768	0.5237342715263367	0.5273851752281189
You're aware that curses are not supported by science. - Neither the ghosts.	आपके शाप के विज्ञान का समर्थन नहीं है	आप जानते हैं कि विज्ञान में चिल्मा का कोई समर्थन नहीं है. - न ही वायु प्राणियों.	0.7910897731781006	0.5101152658462524	0.5556566119194031
And now God, bends to my will.	और अब भगवान, मेरी मर्जी के लिए झुकता है।	और अब भगवान, मेरी इच्छा अनुसार झुकते हैं।	0.8926923274993896	0.9078648686408997	0.90810227394104
You're driving like a maniac!	तुम किसी सनकी की तरह गाड़ी चला रहे हो!	तुम्हारा ड्राइविंग कैसे रहा!	0.7635189890861511	0.48335030674934387	0.456084668636322
And he had over them no authority except [it was decreed] that We might make evident who believes in the Hereafter from who is thereof in doubt. And your Lord, over all things, is Guardian.	और शैतान का उन लोगों पर कुछ क़ाबू तो था नहीं मगर ये (मतलब था) कि हम उन लोगों को जो आख़ेरत का यक़ीन रखते हैं उन लोगों से अलग देख लें जो उसके बारे में शक में (पड़े) हैं और तुम्हारा परवरदिगार तो हर चीज़ का निगरॉ है	और उन पर उनसे कोई शक नहीं थी कि हमें यह पता चाहिए कि जो आगे मौजूदा से उनकी निर्णीति थी और आपके पिता, सभी चीज़ों पर गवर्नर है।	0.7156437039375305	0.3956213891506195	0.43165814876556396
Recording audio tracks on a rewritable disc is not advised.	फिर लिखने योग्य डिस्क में ऑडियो ट्रैक की रिकॉर्डिंग सलाहकारी नहीं है.	डिक का सुनवाई के ट्रैक रिकॉर्ड करना नहीं सुझाया जाता है।	0.790232241153717	0.5061250925064087	0.6310477256774902
But depressed and knowing something was wrong, he demanded medical records.	लेकिन अवसादग्रस्त तथा कुछ गड़बड़ महसूस करते हुए, उसने चिकित्सकीय अभिलेखों की मांग की।	लेकिन मानसिक रूप से अस्थिर था और जानता था कि कुछ गलत हो रहा है, तो डॉक्टरों के चार्ट से उसका चार्ज लगाने का विकल्प दिया।	0.7043907642364502	0.47793036699295044	0.5794650316238403
You've got to ask why.	पूछिए क्यों.	तुम्हें यह पूछना होगा कि क्यों?	0.8094929456710815	0.8701496720314026	0.9376452565193176
Whereupon she said: 'Now you see, this is he on whose account you blamed me. Yes, I sought to seduce him, but he was unyielding. If he declines to do what I command, he shall be imprisoned and be one of the humiliated'	"वह बोली, ""यह वही है जिसके विषय में तुम मुझे मलामत कर रही थीं। हाँ, मैंने इसे रिझाना चाहा था, किन्तु यह बचा रहा। और यदि इसने न किया जो मैं इससे कहती तो यह अवश्य क़ैद किया जाएगा और अपमानित होगा।"""	जब उसने कहा: 'अब तुम देखोगी तुम्हें मैं से कौन से अपराधी बता रही थी? हाँ, मैंने उसे धोखा देने की कोशिश की थी, लेकिन उसने धोखा दिया था। अगर वह मुझसे क्या कहता है, तो मैंने उसे जेल में रख देगा और उसे दंडित किया जाएगा'	0.7705563306808472	0.5213736295700073	0.5621191263198853
We'll go and see the train when I'm better, shall we?	जब मैं ठीक हो जाऊंगी हम जाकर ट्रेन देखने जाएंगे, ठीक है न?	जब मैं बेहतर हो जाऊँगा, क्या होगा तो हमें चलने का मौका होगा?	0.7648535966873169	0.5635828375816345	0.47591787576675415
You gotta put it down.	तुम इसे नीचे रखना होगा.	तो उसे नीचे रख दो।	0.8069454431533813	0.7210754156112671	0.6180814504623413
But this is not all, some Indian Hockey Team players seem to be considering going on a hunger strike in protest against lack of awards for them after their recent win in Asia Cup while the cricket team got a truckload of goodies from state governments!	बात अभी पूरी नहीं हुई. भारतीय हॉकी टीम के कुछ सदस्यों ने उनकी हाल ही की एशिया कप विजय पर पुरस्कारों के टोटे, जबकि राज्य सरकारों द्वारा क्रिकेटरों को पुरस्कारों से लादने के विरोध में अनशन की चेतावनी दी!	लेकिन यह सब नहीं है, कुछ भारतीय हॉकी टीम के खिलाड़ी ऐसा महसूस कर रहे हैं कि वे अनावलोकन के बाद एशिया कप में होने का विजय प्राप्त करने के बाद उन्हें अनुबंधों के लिए अभी भी आहार की माँग करने की हिम्मत दे रहे हैं जबकि क्रिकेट टीम ने राज्य सरकारों से बहुत सारी चीज़ें बाँटी हैं!	0.7639698386192322	0.4807564318180084	0.4955939054489136
I wasn't talking about hers, I was talking about yours.	मैं मैं तुम्हारा के बारे में बात कर रहा था उसका, के बारे में बात नहीं कर रहा था.	मैं अपनी नहीं बल्कि आपकी से बात कर रहा था।	0.770840048789978	0.6362119913101196	0.725373387336731
(Girls Laughing and Chattering)	(लड़कियों हंसता और बकबक)	(लड़कियाँ हंस रही और बातचीत कर रही है)	0.8399308919906616	0.7733051180839539	0.8990346193313599
Line up parentheses	पंक्ति ऊपर	पैरेंटेस के बीच लाइनें लगाएं	0.7167561650276184	0.4085277020931244	0.6617334485054016
Yeah, I mean, that sounds amazing.	हाँ। काफ़ी अच्छा विचार है।	हाँ, अरे, वह सुनने में बहुत अच्छा लग रहा है।	0.7684527635574341	0.6505734920501709	0.7511320114135742
- Lucy must be thrilled.	- लूसी बहुत खुश होगी।	लुकी को उत्साहित करना ज़रूरी है।	0.7295122742652893	0.6637323498725891	0.5760279893875122
However, its cartoon industry managed to transcend both the national and the Soviet bloc borders, and became popular all over Central and Eastern Europe, including the non-aligned Yugoslavia.	हालांकि, इसका कार्टून उद्योग राष्ट्रीय और सोवियत ब्लॉक की सीमाओं पार करने में कामयाब रहा और गैर गठबंधन यूगोस्लाविया सहित सभी मध्य और पूर्वी यूरोप में लोकप्रियता हासिल कर सका।	हालांकि, इसका कार्टून उद्योग देशीय और सोवियत ब्लॉक की सीमाओं को पार करने में सक्षम रहा और केंद्रीय और पूर्व यूरोप को इसे लोकप्रिय बनाया और यूरोप के बिना निष्पादित जॉर्जिया के बिना संघर्षी रहा।	0.8545487523078918	0.6069009900093079	0.7451986074447632
So, when you meet (in fight Jihad in Allah's Cause), those who disbelieve smite at their necks till when you have killed and wounded many of them, then bind a bond firmly (on them, i.e. take them as captives). Thereafter (is the time) either for generosity (i.e. free them without ransom), or ransom (according to what benefits Islam), until the war lays down its burden. Thus [you are ordered by Allah to continue in carrying out Jihad against the disbelievers till they embrace Islam (i.e. are saved from the punishment in the Hell-fire) or at least come under your protection], but if it had been Allah's Will, He Himself could certainly have punished them (without you). But (He lets you fight), in order to test you, some with others. But those who are killed in the Way of Allah, He will never let their deeds be lost,	अतः जब इनकार करनेवालो से तुम्हारी मुठभेड़ हो तो (उनकी) गरदनें मारना है, यहाँ तक कि जब उन्हें अच्छी तरह कुचल दो तो बन्धनों में जकड़ो, फिर बाद में या तो एहसान करो या फ़िदया (अर्थ-दंड) का मामला करो, यहाँ तक कि युद्ध अपने बोझ उतारकर रख दे। यह भली-भाँति समझ लो, यदि अल्लाह चाहे तो स्वयं उनसे निपट ले। किन्तु (उसने या आदेश इसलिए दिया) ताकि तुम्हारी एक-दूसरे की परीक्षा ले। और जो लोग अल्लाह के मार्ग में मारे जाते है उनके कर्म वह कदापि अकारथ न करेगा	इसलिए जब आप अल्लाह की वजह से हत्या युद्ध में मिलेंगे, तो उन्हें उनके चेहरे पर सिर काट दें जब तक कि मैंने कई होये और मैंने उनमें चोट पहुँचाई हो, तब तब तक उन पर एक मजबूत जज़्मा लगा दूँ (वे पर उसे लेकर करूँ) बाद में तब जब हार पड़े युद्ध की बुर्दाशत को छोड़ देता है, तो इस तरह से उन्हें फँसा देना पड़ेगा या उन्हें रansom देना पड़ेगा, तब भी अल्लाह ने उन्हें रansom के लिए मजबूर नहीं किया था, लेकिन उन्हें फँसा देना अल्लाह की स्वीकृति में था, और अल्लाह ने उन्हें हत्या युद्ध में मिलने से रोक नहीं सका, लेक	0.6882339715957642	0.46728140115737915	0.28808969259262085
ICQ Work ID 2	आईसीक्यू कार्य ID 2	आई.सी.कीओ. का वॉर्क आई.डी.सी 2	0.7033992409706116	0.5069525241851807	0.453330397605896
Could not create thread for populating cache	कैश भरने के लिये थ्रेड नहीं बना सका	पॉपुलेट करने के लिए कैश को भराने के लिए कोड बनाने में असमर्थ हूँ	0.775445282459259	0.6413205862045288	0.6486732959747314
Earth is still my home.	पृथ्वीअभीभी मेराघरहै	मेरी भूमि पृथ्वी है।	0.6704090237617493	0.7174545526504517	0.7065789699554443
Banks:	Banks:	बैंक:	0.7303544878959656	0.8454785943031311	0.898878812789917
You always thought you were right...	तुम हमेशा मैं सही था...	तुम हमेशा सोचते रहते थे कि तुम सही हो रहे हो...	0.8528991937637329	0.7706735730171204	0.8355985879898071
Server, username and domain name cannot be empty. Please fill them with correct values.	सर्वर, उपयोक्तानाम, और डोमेन नाम रिक्त नहीं हो सकता है. कृपया उन्हें सही मान से भरें.	सर्वर, यूजर्नाम और डोमेन नाम से वैध नहीं हो सकते हैं। पूरी तरह से सही मान्य वैलिडिटी से भर दें।	0.8211432695388794	0.6291589736938477	0.7218747138977051
It's a skill and I'm good at it.	यह एक कौशल है और मैं इसे अच्छा हूँ.	यह एक कला है और मुझे इसका अच्छा है।	0.8525440096855164	0.7004343867301941	0.5684632062911987
Calendar authentication request	पंचांग सत्यापन आग्रह	कैलेंडर सत्यापन अनुरोध	0.788810670375824	0.7358008027076721	0.9127682447433472
You think you can do as you please, living with us.	तुम्हें लगता है कि तुम जो मर्जी कर सकती हो, हमारे साथ रहकर	तुम्हें लगता है कि तुम ऐसा कैसे कर सकती हो, हमारे साथ रहना।	0.872974693775177	0.6010977625846863	0.5771758556365967
_Fetch All Headers	पूरा शीर्षक लाएँ (_F)	अपनी सूची में सभी शीर्षकों को लें	0.746616780757904	0.5161269903182983	0.6716643571853638
Constraints the panning to an axis	प्रतिबन्ध किसी अक्ष को पैन करने के लिए	बाधाओं से एक मोड़ पर पाना पड़ता है	0.7233133316040039	0.3219038248062134	0.22688588500022888
"The type ""%s"" is not a valid type."	%s नियमित फाइल नहीं है	"प्रतिशत ""%s"" का एक सही प्रकार नहीं है।"	0.7569475769996643	0.45414820313453674	0.6311887502670288
But I can still do a man's work, both here and there.	लेकिन मैं अभी भी एक मर्द का काम कर सकता हूं, यहाँ और वहाँ दोनों जगह.	लेकिन मैं अभी भी वहाँ और वहाँ में लोगों का काम कर सकता हूँ।	0.8718161582946777	0.5406893491744995	0.5864529609680176
Save Image	छवि सहेजें	स्टोरेज़ की सेवाएँ	0.7076156735420227	0.4794265329837799	0.4216751456260681
"that thereof you may thread ways, ravines."""	"""ताकि तुम उसके विस्तृत मार्गों पर चलो।"""	उससे जिससे आप रास्ते बना सकते हैं, गुहाएं।	0.6995825171470642	0.4622493386268616	0.43026143312454224
%a %l:%M %p	%a %l:%M %p	%आज %ल:%एम %प	0.8531333804130554	0.8037800788879395	0.9101020097732544
They shall recline on couches lined with brocade, and within reach shall hang the fruits of the two Gardens.	यह लोग उन फ़र्शों पर जिनके असतर अतलस के होंगे तकिये लगाकर बैठे होंगे तो दोनों बाग़ों के मेवे (इस क़दर) क़रीब होंगे (कि अगर चाहे तो लगे हुए खालें)	वे कॉच की तलछल्ली पर बिछाई गई ब्रोड़े के तहत लेट कर रहें होंगे, और उनके पास होंगी दो गार्डन हैं जिनके फल होंगे वहाँ पर.	0.720770537853241	0.507862389087677	0.4649476706981659
And help dragon riders sneak into Drago's camp?	और ड्रागो के शिविर में घुसने में ड्रैगन-सवारों की मदद करूँ?	और ड्रैग के कैंप में ड्रैग के साथ ड्रैग राइडर को छलांग लगा कर मार्चित करने में मदद करें?	0.7956903576850891	0.47689345479011536	0.5219398736953735
On the Day when We raise up a witness from every people, those who were bent on denying the truth will not be permitted to put forward excuses, or to make amends.	और जिस दिन हम एक उम्मत में से (उसके पैग़म्बरों को) गवाह बनाकर क़ब्रों से उठा खड़ा करेगे फिर तो काफिरों को न (बात करने की) इजाज़त दी जाएगी और न उनका उज्र (जवाब) ही सुना जाएगा	हम जो लोगों से एक प्रतिवादी हो जाएँगे, या जो दूसरों की सहमति से झूठ बोलेंगे, उन लोगों को उन कारणों के लिए नहीं बल्कि उन कारणों के लिएThat दिन को जब हम एक-एक करके हर समाज से एक प्रतिवादी बनाएँगे, तब उन लोगों को जो सत्य के खिलाफ राय बदलेंगे, या उसे माफी देने के लिए कोई रूप से आगे नहीं बढ़ाएँगा।	0.6696193218231201	0.37947356700897217	0.4012635052204132
enter My Paradise!	और मेरे बेहिश्त में दाख़िल हो जा	मेरी पारिस्थिति में जाने के लिए अंगेजी को सुनवाई दो।	0.6952998638153076	0.3637380301952362	0.3035649061203003
_Manager:	प्रबंधक: (_M)	मैनेजर:	0.7758291959762573	0.7623803019523621	0.8804546594619751
By the declining star,	गवाह है तारा, जब वह नीचे को आए	जिस की घट रही है,	0.7137264013290405	0.33852410316467285	0.1872074156999588
Brace indentation size in spaces:	आकार इंच:	स्पेस में ब्रैक इंटेंडेंशन का आकार:	0.6663819551467896	0.43542131781578064	0.37321433424949646
They (the souls) are then returned towards their True Lord – Allah; pay heed! Only His is the command; and He is the Swiftest At Taking Account.	फिर सब अल्लाह की ओर, जो उसका वास्तविक स्वामी है, लौट जाएँगे। जान लो, निर्णय का अधिकार उसी को है और वह बहुत जल्द हिसाब लेनेवाला है	उनका पुनः प्रकट होना है उनका सची प्रेमी - अल्लाह; उनको ध्यान दो! केवल अल्लाह का है निर्देश; और वह तेज़ है उन लोगों के लिए सुनने की प्रक्रिया में जो कि किया जाता है।	0.7027732729911804	0.5055699944496155	0.35806483030319214
Cherry pick	Cherry pick	चेरी पिक पिक करो	0.7172332406044006	0.41957059502601624	0.481550395488739
Assistant	सहायक	असिस्टेंट	0.66973876953125	0.6121482849121094	0.6600834131240845
Thought travel agents were a thing of the past thanks to the internet?	तो आपको ट्रैवेल एजेन्ट बीती हुई सदी के लगते थे, इन्टरनेट को धन्यवाद कहिए?	इंटरनेट के कारण नोथॉट ट्रैवल एजेंट अब एक पुराने वाले विषय हैं?	0.7564349174499512	0.5382768511772156	0.5560541749000549
She comes, and she kneels down every day?	वह हर दिन आती है, और घुटनों पर बैठ जाती है?	वो आती है, और हर दिन उसे खोल कर खड़ा रखती है?	0.8333761096000671	0.5520972609519958	0.653740406036377
I_nclude remote tests	दूरस्थ परीक्षण को शामिल करें (_n)	"मैंने दिए गए संस्करण में ""आई. न. का रिमोट टेस्ट शामिल कर दूंगा"" कहा है।"	0.6856529116630554	0.6149060130119324	0.44503548741340637
1st to 10th	1ला से 10वां	1 से 10 तक	0.7796175479888916	0.7838838696479797	0.8990360498428345
Organization	संगठन	संगठन	1.000000238418579	0.9839301705360413	0.8992470502853394
"So you gonna tell us now what your ""big deal"" with Flag was?"	तो तुम हमें बताओ कि क्या अब ध्वज के साथ अपने 'बड़ा सौदा' था?	तो तुम हमें अब बताोगे कि फ़्लैग के साथ तुम्हारे साथ क्या हुआ?	0.8361040949821472	0.613906979560852	0.5012264251708984
And I, no longer queen, will be put to death with your sister and the remaining members of our family.	... मवेशियों के ऊपर एक और व्यर्थ लड़ाई में विकृत किया जाना है. और मैं अब कोई रानी, मौत के लिए रखा जाएगा... ... अपनी बहन और हमारे परिवार के शेष सदस्यों के साथ.	और मैं अब राजा नहीं हूँ, मैं आपकी बहन और हमारे बचे कुछ लोगों को मृत्यु के साथ मुझे संहार में डालूँगा।	0.7375378012657166	0.5481584072113037	0.5561701059341431
PAXTON:	PAXTON:	पैक्स्टन:	0.7575536370277405	0.78303462266922	0.9153816103935242
A generic python project using automake project management	A python प्रयोग कर रहा है	एक आम पाइथन प्रोजेक्ट, ऐमेक के प्रोजेक्ट मैनेजमेंट में उपयोग का प्रयोग	0.6568018198013306	0.48420920968055725	0.5864180326461792
Encoding	एनकोडिंग	ऐकोडिंग	0.9503095149993896	0.8241932988166809	0.8242912888526917
Copy...	नक़ल करें...	कॉपी...	0.7584255337715149	0.5935335755348206	0.8031610250473022
Amandine Poulain likes: Figure skaters' costumes on TV.	Amandine Poulain को टीवी पर स्केटरों वेशभूषा पसंद है	अमंडीन पॉलाइन की पसंद: टी.वी. में फ़िज़र स्कैटर्स की कपड़े।	0.7149176597595215	0.47724416851997375	0.5443463325500488
How dare he plays me using my dad!	उसकी हिम्मत कैसे हुई कि मेरे डैड का इस्तेमाल करके मेरे साथ खेले!	अरे वाह! वे मुझे अपने पिता के साथ इस तरह पागला करते हैं!	0.7062717080116272	0.6581382155418396	0.5782026648521423
Did she at least say where she was going?	वह कहाँ जा रहा था वह कम से कम कहा?	क्या उसने कम से कम कहा कि वह कहाँ जा रही है?	0.8357492089271545	0.851039469242096	0.9061565399169922
O ye who believe! save yourselves and your families from a Fire whose fuel is Men and Stones, over which are (appointed) angels stern (and) severe, who flinch not (from executing) the Commands they receive from Allah, but do (precisely) what they are commanded.	ऐ ईमान लानेवालो! अपने आपको और अपने घरवालों को उस आग से बचाओ जिसका ईधन मनुष्य और पत्थर होंगे, जिसपर कठोर स्वभाव के ऐसे बलशाली फ़रिश्ते नियुक्त होंगे जो अल्लाह की अवज्ञा उसमें नहीं करेंगे जो आदेश भी वह उन्हें देगा, और वे वही करेंगे जिसका उन्हें आदेश दिया जाएगा	ये जो ईमानी से लेते हैं? अल्लाह के साथ अपने खुद को और अपने परिवार को आग से बचाने चाहिए। आग के लिए मानवों और पत्थरों से भरी हुई है जो आकाश की एक दर्जन की कठोर (और गुस्से वाली) नज़रें से है जो उन Command को सुनती है जो अल्लाह से प्राप्त करती है, लेकिन जो Command सुनते हैं उन्हें किसी भी तरह से नहीं बदलना चाहिए, वैसे ही उन्हें सुनते हैं।	0.7150731086730957	0.4152776300907135	0.4358530640602112
And then, shortly thereafter, three.	एक डबल घटना नहीं होगी.	और फिर कुछ ही समय बाद तीन।	0.6759596467018127	0.493662565946579	0.5075656175613403
_Debug	डिबग करें (_D)	डब्बा	0.7107842564582825	0.3847263753414154	0.28963279724121094
I think I found Liedenbrock's notebook.	एल लगता है कि मैं Liedenbrock नोटबुक पाया. देखो .	मुझे लगता है कि मैंने लिएडेनब्रॉक का नोटबुक पाया है।	0.789239764213562	0.6468809843063354	0.7990590333938599
And to you We have revealed the Book containing the truth, confirming the earlier revelations, and preserving them (from change and corruption). So judge between them by what has been revealed by God, and do not follow their whims, side-stepping the truth that has reached you. To each of you We have given a law and a way and a pattern of life. If God had pleased He could surely have made you one people (professing one faith). But He wished to try and test you by that which He gave you. So try to excel in good deeds. To Him will you all return in the end, when He will tell you of what you were at variance.	और हमने तुम्हारी ओर यह किताब हक़ के साथ उतारी है, जो उस किताब की पुष्टि करती है जो उसके पहले से मौजूद है और उसकी संरक्षक है। अतः लोगों के बीच तुम मामलों में वही फ़ैसला करना जो अल्लाह ने उतारा है और जो सत्य तुम्हारे पास आ चुका है उसे छोड़कर उनकी इच्छाओं का पालन न करना। हमने तुममें से प्रत्येक के लिए एक ही घाट (शरीअत) और एक ही मार्ग निश्चित किया है। यदि अल्लाह चाहता तो तुम सबको एक समुदाय बना देता। परन्तु जो कुछ उसने तुम्हें दिया है, उसमें वह तुम्हारी परीक्षा करना चाहता है। अतः भलाई के कामों में एक-दूसरे से आगे बढ़ो। तुम सबको अल्लाह ही की ओर लौटना है। फिर वह तुम्हें बता देगा, जिसमें तुम विभेद करते रहे हो	और आपको हमने सच्ची बातें लिखी हैं जो पहले की बातें साक्ष्यों से पुष्ट करती हैं और उन्हें सुरक्षित रखा है कि उनमें बदलाव नहीं होता और उन्हें पूरी तरह से गलती नहीं की जाती। इसलिए आप उन्हें तय करने के लिए God की सूचना देखेंगे और उन्हें अपनी इच्छाओं से नहीं चलने दें, जो आपको प्राप्त हुई सारी जानकारी है। प्रत्येक को हमने ज्ञान दिया है और रास्ता और जीवन का तरीका है। अगर God से प्रसन्न होते तो वे आप सभी एक समुदाय हो करेंगे (प्रतिबद्ध एक धर्म के प्रति संकल्प करते हुए)। लेकिन अपने ज्ञान द्वारा तुम्हें परीक्षण किया गया थ	0.7177014946937561	0.49391889572143555	0.5393134951591492
So you're pleading guilty to the trooper's charge?	आप जवान के आरोप में दोषी विनती कर रहे हैं तो क्या?	तो ट्रॉपी के आरोप में तुम क्या गवाही दे रही हो?	0.8078022003173828	0.6560189127922058	0.7583346962928772
(Unknown Filename)	(अज्ञात फ़ाइलनाम)	अनजान नाम	0.714702844619751	0.6446500420570374	0.8884366750717163
'Cause whoever's doing this is taking it seriously enough now to let us know that the loans to you, they're not secure.	जो कोई भी यह कर रहा है अब काफी गंभीरता से ले रही है क्योंकि हमें अपने आप को ऋण , वे सुरक्षित नहीं हैं कि यह बताने के लिए.	ऐसा का कारण है कि किसी भी लोग ने ऐसा किया है वह अब यह जानता है कि तुम्हारे लोन को सुरक्षित नहीं है।	0.737183690071106	0.5969030857086182	0.614851176738739
_View	दृश्य_(V)	_	0.6833482980728149	0.6508588194847107	0.1520189344882965
Text	पाठ	टेक्स्ट	0.7612823843955994	0.5634567141532898	0.6342853903770447
Restart the game	वर्तमान खेल पुनःप्रारंभ करें	गेम शुरू कर दें	0.7441386580467224	0.7373233437538147	0.9144794344902039
Lodge them where ye dwell, according to your wealth, and harass them not so as to straiten life for them. And if they are with child, then spend for them till they bring forth their burden. Then, if they give suck for you, give them their due payment and consult together in kindness; but if ye make difficulties for one another, then let some other woman give suck for him (the father of the child).	मुतलक़ा औरतों को (इद्दे तक) अपने मक़दूर मुताबिक दे रखो जहाँ तुम ख़ुद रहते हो और उनको तंग करने के लिए उनको तकलीफ न पहुँचाओ और अगर वह हामेला हो तो बच्चा जनने तक उनका खर्च देते रहो फिर (जनने के बाद) अगर वह बच्चे को तुम्हारी ख़ातिर दूध पिलाए तो उन्हें उनकी (मुनासिब) उजरत दे दो और बाहम सलाहियत से दस्तूर के मुताबिक बात चीत करो और अगर तुम बाहम कश म कश करो तो बच्चे को उसके (बाप की) ख़ातिर से कोई और औरत दूध पिला देगी	उन्हें जहाँ रहोगे उस स्थान पर रखें जहाँ उनका धन है, और उनसे ज़्यादा संघर्ष न करो ताकि उनके लिए जीवन का स्थायी तनाव नहीं हो। और यदि वे बच्चे हैं, तो उनसे उन्हें चारों तरफ तक जाने तक ले आएँ जब वे अपना भार छोड़ दें. फिर अगर वे दूध देते हैं, तो उनसे धन्यवाद देने वाले लोगों के साथ साथ उन्हें धन्यवाद देने वाले लोगों की संख्या के साथ मिल-बमिल करें लेकिन यदि आप एक दूसरे को कठिनाइयाँ बना रही हैं, तो किसी बच्चे के पिता की बेटी (प्रसूति कर्नल) को उनके लिए दूध देने वाला बच्चा हो।	0.6811654567718506	0.43937748670578003	0.43490922451019287
THIS IS THE ONLY TIME-- IT'S THE FIRST TIME	यह केवल समय है - आईटी पहली बार है	इसे करना एकमात्र समय - यह पहली बार	0.743025004863739	0.6318599581718445	0.42564454674720764
Unexpected reply from server	सर्वर से अप्रत्याशित जवाब	सेवा से अनजान जवाब	0.8294661045074463	0.5447132587432861	0.5136493444442749
Opening calendar	पंचांग खोल रहा है	कैलेंडर खोलना	0.7442554235458374	0.581500768661499	0.819923996925354
The file '{0}' is not a regular file and cannot be sent in a message.	फ़ाइल `{0}' एक सामान्य फ़ाइल नहीं है और संदेश में भेजी नहीं जा सकती है.	इस फ़ाइल का {0} नियमित फ़ाइल नहीं है और इसे संदेश भेजने में नहीं किया जा सकता है।	0.8735474348068237	0.6490156650543213	0.7615731358528137
You can forgive Kal any lapses in our quorum..	आप किसी भी काल माफ कर सकते हैं हमारे कोरम में खामियों ..	आप कल की गई हमारे बहुमत में छूट को छोड़ सकते हैं...	0.8083842992782593	0.47190743684768677	0.47186487913131714
As for the children, God decrees that the share of the male is equivalent to that of two females. If they consist of women only, and of them more than two, they will get two-thirds of the inheritance; but in case there is one, she will inherit one half. The parents will each inherit a sixth of the estate if it happens the deceased has left a child; but if he has left no children, and his parents are his heirs, then the mother will inherit one-third; but if he has left brothers, the mother will inherit one-sixth after payment of legacies and debts. Of parents and children you do not know who are more useful to you. These are the decrees of God who knows all and is wise.	अल्लाह तुम्हारी सन्तान के विषय में तुम्हें आदेश देता है कि दो बेटियों के हिस्से के बराबर एक बेटे का हिस्सा होगा; और यदि दो से अधिक बेटियाँ ही हो तो उनका हिस्सा छोड़ी हुई सम्पत्ति का दो तिहाई है। और यदि वह अकेली हो तो उसके लिए आधा है। और यदि मरनेवाले की सन्तान हो जो उसके माँ-बाप में से प्रत्येक का उसके छोड़े हुए माल का छठा हिस्सा है। और यदि वह निस्संतान हो और उसके माँ-बाप ही उसके वारिस हों, तो उसकी माँ का हिस्सा तिहाई होगा। और यदि उसके भाई भी हो, तो उसका माँ का छठा हिस्सा होगा। ये हिस्से, वसीयत जो वह कर जाए पूरी करने या ऋण चुका देने के पश्चात है। तुम्हारे बाप भी है और तुम्हारे बेटे भी। तुम नहीं जानते कि उनमें से लाभ पहुँचाने की दृष्टि से कौन तुमसे अधिक निकट है। यह हिस्सा अल्लाह का निश्चित किया हुआ है। अल्लाह सब कुछ जानता, समझता है	बच्चों के प्रति है लोगों के प्रति है, भगवान ने ये स्पष्टीकरण दिया है कि पुरुषों का हिस्सा पुरुषों के हिस्से के बराबर होगा। यदि बच्चे पुरुषों के अलावा होते हैं और ये पुरुषों में से जो अधिक होते हैं वे हिस्सा दो तिहाई होगा; लेकिन यदि वे पुरुषों में से जो अधिक दो से दो से कम होते हैं वे हिस्सा दो तिहाई होगा। माता-पिता का हिस्सा विधि के हिस्सा होता जो बच्चे का होता है यदि बच्चा कोई बच्चियाँ होता है और ये बच्चियाँ अधिक होती हों तो विधि का हिस्सा बच्चे को हिस्सा मिलेग	0.7019814848899841	0.4347556531429291	0.33253714442253113
I'm sorry, I'll never do this again.	मैं माफी चाहता हूँ , मैं फिर से ऐसा कभी नहीं होगा.	मुझे खेद है, मैं इसे कभी भी नहीं करूँगा।	0.8201788663864136	0.8256189227104187	0.8205826282501221
Commit on fast-forward merges	कमिट पर तेज आगे	फास्ट फॉरवर्ड को संयोजन करें	0.7171907424926758	0.4704354405403137	0.5120507478713989
Use revision:	रिवीजन का उपयोग करें:	रिव्यूज़न:	0.7662616968154907	0.7387784123420715	0.6927077770233154
Select name of the Evolution backup file to restore	पुनर्भंडारण के लिए एवोल्यूशन बैकअप फ़ाइल का नाम चुनें	रिकवर करने के लिए इवोल्यूशन बैकअप फ़ाइल का चयन करें	0.893867552280426	0.8117662072181702	0.8120026588439941
(Remember) When the wife of Imran said, “My Lord! I pledge to you what is in my womb – that it shall be dedicated purely in Your service, so accept it from me; indeed You only are the All Hearing, the All Knowing.”	(ऐ रसूल वह वक्त याद करो) जब इमरान की बीवी ने (ख़ुदा से) अर्ज़ की कि ऐ मेरे पालने वाले मेरे पेट में जो बच्चा है (उसको मैं दुनिया के काम से) आज़ाद करके तेरी नज़्र करती हूं तू मेरी तरफ़ से (ये नज़्र कुबूल फ़रमा तू बेशक बड़ा सुनने वाला और जानने वाला है	(यह याद रखें) जब इमर की पत्नी ने मुसाी मुस्तaqe में कहा, “रब्बा! मैं तुमसे यह प्रतिबद्धता दे रही हूँ कि मेरे बच्चे को तुम्हारी सेवा में एकदम समर्पित बना दूँ; प्राप्ति के लिए मैं तुमसे से कहूँ; तुम्ही ही सुनन्वी हो तुम्ही जानकार, तुम्ही ज्ञा तुम एकदम से मेरी”.	0.674084484577179	0.4860723316669464	0.2751002311706543
in its long columns of flames.	जाएँगे	प्रलय की लंबी शैलियों में।	0.6581344604492188	0.2857588231563568	0.22499749064445496
Hey, look, you don't have to listen to him.	अरे, देखो, तुम उसे सुनने के लिए नहीं है .	हे, देखो, उसे सुनने की ज़रूरत नहीं है।	0.8410028219223022	0.7065768837928772	0.5717891454696655
SSL Certificate Authority	SSL प्रमाणपत्र प्राधिकार	एस.एस. कार्यकर्ता	0.7434110045433044	0.5190742611885071	0.3399737775325775
I have a bogey incoming! Oh, shit.	मैं आने वाले एक दलदली है!	मुझे बॉज़ीयोगी आइविंकिंग आया है! ओह, शैतान।	0.7211315035820007	0.407039612531662	0.5296416282653809
The patient needs ventilator.	मरीज को वेंटीलेटर की जरूरत है।	पात्री को वेंटिलेटर देना होगा।	0.7822782397270203	0.5998830199241638	0.6719739437103271
Error performing IDLE	IDLE ढूंढ़ने में त्रुटि	आई.डी.ल. को चलाने में मुश्किल होना	0.7209855318069458	0.5165189504623413	0.615712583065033
Messages with Attachments	संलग्नक के साथ संदेश	मैसेज़ एटैचमेंट	0.6677314639091492	0.3957594335079193	0.36027711629867554
Yes.	हाँ.	हाँ।	0.8862412571907043	0.9595226645469666	0.8635587692260742
That is because those who disbelieve follow falsehoods, while those who believe follow the truth from their Lord. God thus cites for the people their examples.	ये इस वजह से कि काफिरों ने झूठी बात की पैरवी की और ईमान वालों ने अपने परवरदिगार का सच्चा दीन एख्तेयार किया यूँ ख़ुदा लोगों के समझाने के लिए मिसालें बयान करता है	क्योंकि उन लोगों को मान्यता मिली जो गलतफहमी का सामना करते हैं, जबकि उन लोगों को सच मान्यता मिली जो उनके राज्य के साथ सच मान्यता प्राप्त करते हैं। ईसा प्रकार से ईसा भी पाठ्यक्रमों को उन लोगों के लिए प्रयोग में लाता है जो सच मान्यता प्राप्त करते हैं।	0.6657651662826538	0.49455562233924866	0.661679744720459
I came to tell you that your life is in danger and I need your help.	बताने आया हूँ कि तुम्हारी जान खतरे में है और मुझे तुम्हारी मदद चाहिए।	मैं तुम्हारी इस खतरे से आ रही हुई स्थिति के बारे में तुम्हें बताना चाहता हूँ और तुम्हारी मदद की आवश्यकता को साझा करना चाहता हूँ।	0.7917832732200623	0.8252666592597961	0.8112145662307739
Accessible Table Row Description	पहुँच योग्य सारणी पंक्ति वर्णन	आकस्यक्षर रow विवरण	0.7198603749275208	0.4374687373638153	0.22693894803524017
You got to cover 360.	आप 360 कवर करने के लिए मिला है.	तुम्हें 360 को भी चलाना पड़ा था।	0.7331578135490417	0.5555791854858398	0.6265076994895935
Private	निजीiCalImp	प्राइवेट	0.6620051860809326	0.5426276326179504	0.5918773412704468
If it didn't hurt...	अगर दुखता न होता ...	अगर यह दर्द नहीं देता...	0.8744972944259644	0.7612559199333191	0.9016226530075073
Take it, Raleigh!	, रैले यह लो!	रैली!	0.7806729674339294	0.5542990565299988	0.5045631527900696
This drug isn't new to our world	यह दवा हमारी दुनिया के लिए नया नहीं है	हमारे दुनिया में इस दवा का नया साथ नहीं है	0.8754635453224182	0.6293100714683533	0.6640499234199524
Beast, havok, back him up.	द बीस्ट! Havok! उन्हें वापस ऊपर!	जीव, हुक्म दे दें. उसका विरोध करें.	0.6418517231941223	0.3930458128452301	0.35717254877090454
Make sure you double-bag like the lady says.	जैसा महिला कहती है, डबल बैग जरूर लगना.	लेड़ी की बात सुनने के लिए दो बैग डबल बैग करना होगा।	0.7494378089904785	0.49412527680397034	0.251080185174942
"And he says, ""I believe this boy's about to have himself an accident? """	"और कहता था, ""मेरा मानना ​​है कि इस लड़के के साथ कोई दुर्घटना होगी."""	"और उन्होंने कहा, ""मुझे लगता है ये लड़का अपने आप को ट्रैफ़िक की वजह से चोट लगने वाला है? """	0.7606571316719055	0.6523613333702087	0.6937000155448914
It's the 25th. man #2: 24th.	आज 25 है. पुरुष #2: 24 है.	अपना 25वा दिन है: 24वा दिन।	0.7166518568992615	0.4636474549770355	0.3146257996559143
And his plaint: ‘My Lord! Indeed these are a people who will not have faith!’	"और उसका कहना हो कि ""ऐ मेरे रब! निश्चय ही ये वे लोग है, जो ईमान नहीं रखते थे।"""	और विवाद: ‘राजा! ये लोग ईमानदारी से नहीं कहें कि वे ईमानदार लोग हैं!’	0.7158816456794739	0.4875675141811371	0.4626700282096863
"When they returned to their father they said: ""Father! We have been denied further supply of corn. So send with us our brother that we may bring the supplies. We shall be responsible for his protection."""	(और इस लालच में) यायद फिर पलट के आएं ग़रज़ जब ये लोग अपने वालिद के पास पलट के आए तो सब ने मिलकर अर्ज़ की ऐ अब्बा हमें (आइन्दा) गल्ले मिलने की मुमानिअत (मना) कर दी गई है तो आप हमारे साथ हमारे भाई (बिन यामीन) को भेज दीजिए	जब वे अपने पिता से वापस आए थे तो वे कहते था: “पिताजी! हमें ज़्यादा चावल भेजने की अनुमति नहीं दी गई है. तो हमें अपने भाई को भेजें जिससे हमें भेजे गए संसाधनों को हमें ले जाकर भेजने की अनुमति मिले. हम उनकी रक्षा के लिए ज़िम्मेदार होंगे।”	0.6697191596031189	0.5075519680976868	0.6175966262817383
Get us close to him.	हमें उसके पास जाओ.	उसे ज़्यादा नज़र में लूँते हैं।	0.7083926200866699	0.4545661509037018	0.4555056095123291
Yes.	हाँ।	हाँ।	1.000000238418579	0.9754428863525391	0.8433920741081238
Migrating...	उत्प्रवासित हो रहा है...	मार्ग से चलना...	0.7708047032356262	0.4207139015197754	0.5736607313156128
Elias isolates himself a lot.	एलियास खुद को बहुत अलग रखता है.	ईलियास ने बहुत ज़्यादा अकेला रहने का समय दिया है।	0.7926892042160034	0.46686896681785583	0.5487192869186401
Scoot back.	वापस भागो.	स्कूट करो |	0.788424551486969	0.49664273858070374	0.5222110748291016
And that is to do this..	ऐसा करने के लिए है और कहा कि ..	और इसे करना..	0.792917788028717	0.6075363755226135	0.728143572807312
Besides the BJP and the Congress, the National People's Party and two independent candidates, a total of 7 candidates filed nominations on Thursday.	भाजपा व कांग्रेस के अलावा नेशनल पीपुल्स पार्टी के एक एवं दो निर्दलीय प्रत्याशियों सहित कुल 7 प्रत्याशियों ने गुरुवार को नामांकन दाखिल किया।	बीजेपी और कांग्रेस सहित नेशनल पीपल्स पार्टी और दो अन्य स्वतंत्र उम्मीदवारों ने गुरुवारा को शामिल करने का वादा किया है।	0.8043406009674072	0.6140503287315369	0.5586742758750916
A flycam video showed security police blocking off the surrounding streets.	एक फ्लाईकैम वीडियो ने सुरक्षा पुलिस को आसपास की सड़कों को अवरुद्ध करते दिखाया।	एक फ्लाईकैम वीडियो दिखाया कि सुरक्षा पुलिस ने आस-पास की सड़कों को बंद कर दिया है.	0.9005517959594727	0.8090171217918396	0.7917484045028687
Being niggardly with respect to you; but when fear comes, you will see them looking to you, their eyes rolling like one swooning because of death; but when the fear is gone they smite you with sharp tongues, being niggardly of the good things. These have not believed, therefore Allah has made their doing naught; and this is easy to Allah.	और चल दिए और जब (उन पर) कोई ख़ौफ (का मौक़ा) आ पड़ा तो देखते हो कि (आस से) तुम्हारी तरफ देखते हैं (और) उनकी ऑंखें इस तरह घूमती हैं जैसे किसी शख्स पर मौत की बेहोशी छा जाए फिर वह ख़ौफ (का मौक़ा) जाता रहा और ईमानदारों की फतेह हुई तो माले (ग़नीमत) पर गिरते पड़ते फौरन तुम पर अपनी तेज़ ज़बानों से ताना कसने लगे ये लोग (शुरू) से ईमान ही नहीं लाए (फक़त ज़बानी जमा ख़र्च थी) तो खुदा ने भी इनका किया कराया सब अकारत कर दिया और ये तो खुदा के वास्ते एक (निहायत) आसान बात थी	आपका सम्मान रखने के लिए पर्याप्त रूप से मुलाकात करने वाला; लेकिन जब डर आता है तो आप उन्हें देखेंगे कि वे आपका सम्मान करने की कोशिश कर रहे हैं; उनकी आँखें मृत्यु के लिए घबराहट से घुस जाती हैं; लेकिन जब डर खत्म हो जाता है तो वे आपको ठक्का-ठकातने वाली बोलते हैं; इन्होंने अच्छी चीज़ें भी नहीं समझी है; इसलिए अल्लाह ने उनका काम कुछ किया है; और अल्लाह की बात सुनना आसान है।	0.6708512306213379	0.5200908184051514	0.574512243270874
Demon dog!	दानव कुत्ता!	डेमोन डॉग!	0.777198076248169	0.6418035626411438	0.8734962344169617
WHETSTONE	Constellation name (optional)	व्हेटस्टोन	0.6011963486671448	0.3984013497829437	0.5824647545814514
It went through the hull!	यह पतवार के माध्यम से चला गया!	इसे हुल से गुजरा है	0.7220127582550049	0.3331769108772278	0.1350112110376358
Miss Waco, I didn't...	मिस वाको, मैंने नहीं किया...	मिस्टर वाको, मैंने तो...	0.8864171504974365	0.7175776362419128	0.5861191749572754
I spoke to Walker.	मैंने वॉकर से बात की थी।	मैंने वॉलर से बात की।	0.9345690608024597	0.9192370772361755	0.8089370131492615
Neither their flesh reaches Allah nor their blood; it is your piety that reaches Him. He has subjected these animals (to you) that you may magnify Allah for the guidance He has bestowed upon you. Give glad tidings, (O Prophet), to those who do good.	खुदा तक न तो हरगिज़ उनके गोश्त ही पहुँचेगे और न खून मगर (हाँ) उस तक तुम्हारी परहेज़गारी अलबत्ता पहुँचेगी ख़ुदा ने जानवरों को (इसलिए) यूँ तुम्हारे क़ाबू में कर दिया है ताकि जिस तरह खुदा ने तुम्हें बनाया है उसी तरह उसकी बड़ाई करो	उनका भोजन और रक्त Allah तक नहीं पहुँचता है; यह आपकी ईमानदारी है जो उन्हें Allah को guidance दे रहे हुए हैं। ये जानवर (आपके सामने) हैं जो आपको Allah को उनके सहयोग के लिए बड़ी शक्ति देने वाले बना रहे हैं। आपको उन लोगों को सलामत देने की बात (ओ प्रप्तोर), जो अच्छा करते हैं।	0.6517565846443176	0.44920486211776733	0.46840864419937134
Whatsoever is in the heavens and the earth belongs to Him, and His the judgement for ever. So will you fear any other than God?	जो कुछ आकाशों और धरती में है सब उसी का है। उसी का दीन (धर्म) स्थायी और अनिवार्य है। फिर क्या अल्लाह के सिवा तुम किसी और का डर रखोगे?	जो सारा heaven और earth है, उन्हें उन्होंने रखा है, उनका पालन उनके लिए है और उनका पालन करना हमें कभी नहीं नहीं होगा। आप किसी भी अन्य के पीछे नहीं रहेंगे,God के पास होगा?	0.6918106079101562	0.43590667843818665	0.3633246421813965
You spoil my daughter and I get the blame for it	तुम मेरी बेटी को खराब कर रही हो और दोष मुझे मिलता है	मेरी बेटी को परेशान करना है और मैं इसके लिए जिम्मेदार हूँ	0.7644779086112976	0.675076425075531	0.5304492712020874
Allah! There is none worthy of worship except Him; He will surely gather you all on the Day of Resurrection in which there is no doubt; and whose Words are more true than those of Allah? (Allah does not lie.)	अल्लाह के सिवा कोई इष्ट -पूज्य नहीं। वह तुम्हें क़ियामत के दिन की ओर ले जाकर इकट्ठा करके रहेगा, जिसके आने में कोई संदेह नहीं, और अल्लाह से बढ़कर सच्ची बात और किसकी हो सकती है	अल्लाह! जो कोई भी आपको पूजा करने के लिए योग्य नहीं है, वही होगा जो आपका प्रतिष्ठान होगा; आपका प्रतिष्ठान इस प्रश्न का उत्तर देने वाला होगा जो आपका होगा; जो कि अल्लाह की बातों की तुलना में किसी की बातों की सच्चाई की होगी? (अल्लाह का यह नहीं होगा कि वह सच्चाई नहीं देता है।)	0.6586185097694397	0.4383980929851532	0.37126225233078003
Wonderful party, thank you!	अद्भुत पार्टी, धन्यवाद!	बहुत अच्छा पार्टी, धन्यवाद!	0.918745756149292	0.965035080909729	0.9145903587341309
So, if thou art in doubt regarding what We have sent down to thee, ask those who recite the Book before thee. The truth has come to thee from thy Lord; so be not of the doubters,	पस जो कुरान हमने तुम्हारी तरफ नाज़िल किया है अगर उसके बारे में तुम को कुछ शक़ हो तो जो लोग तुम से पहले से किताब (ख़ुदा) पढ़ा करते हैं उन से पूछ के देखों तुम्हारे पास यक़ीनन तुम्हारे परवरदिगार की तरफ से बरहक़ किताब आ चुकी तो तू न हरगिज़ शक़ करने वालों से होना	तो, यदि तुम्हें जो हमने तुम्हें बुलाया है तुम्हारे लिए निर्देश हैं उसके बारे में सोचने में रुकना चाहते हो, तो उन लोगों से पूछो जो तुम्हारे सामने का किताब पढ़ते हैं कि कि सच्चाई तुम्हारे पिता की है जो तुम्हें बुलाया है।	0.7386525273323059	0.4099706709384918	0.4099210500717163
So how could you produce a fetching creature such as that?	आप उस सुंदर प्राणी को पैदा कर सकते हैं जो वहां है?	इस तरह कैसे एक ऐसा ख़बरने वाला जीव बना सकते हो जो ऐसा हो?	0.7571771144866943	0.49467018246650696	0.5175280570983887
This event has been deleted.	यह घटना मिटायी जा चुकी है.	इस घटना को हटा दिया गया है।	0.8227261304855347	0.8544656038284302	0.9232991933822632
_Burn Image...	छवि लिखें (_B)...	_इंगित करना..._	0.7608416676521301	0.6118550896644592	0.7578097581863403
All right, look, we're not going to let a couple of seagulls ruin our moment.	ठीक हम किसी भी सीगल को इन पलों को बरबाद करने नहीं देंगे।	ठीक है, देखो, हमें कुछ सागर की कुत्तियों को हमारी पल को नुकसान पहुँचाने से रोकने के लिए कुछ रुकावट नहीं लगा सकती हैं।	0.7629519701004028	0.43339401483535767	0.3948957324028015
I'd always thought that...	मैंने हमेशा सोचा था...	मुझे हमेशा सोचा था कि...	0.901066780090332	0.9017651677131653	0.7226096391677856
If you close the document anyway, you will lose that information.	यदि आप जैसे भी हो, दस्तावेज़ चुनते हैं, आप जानकारियाँ खो देंगे.	अगर आप डॉक्यूमेंट को बंद कर देते हैं, तो आपको उस जानकारी का नुकसान होगा।	0.7381654977798462	0.6169434785842896	0.7583671808242798
You'd make a good trapper.	तुम अच्छे बहेलिए बनोगे।	आप ट्रैपर बन कर अच्छा चल रहा होगा।	0.6968502402305603	0.4373813569545746	0.35029929876327515
We ate and ate at a hot dog stand.	हू हू!	हमने एक गर्म डॉग स्टैंड में ही खाना खाया.	0.5953102707862854	0.3529253900051117	0.2508663237094879
We bestowed upon Lot sound judgement and knowledge, and We delivered him from the city that was immersed in foul deeds. They were indeed a wicked people, exceedingly disobedient.	और लूत को भी हम ही के फ़हमे सलीम और नबूवत अता की और हम ही ने उस बस्ती से जहाँ के लोग बदकारियाँ करते थे नजात दी इसमें शक नहीं कि वह लोग बड़े बदकार आदमी थे	लोट ने सुन्य न्याय और ज्ञान प्राप्त किया, और हमने उस शहर से उन्हें निर्दोष कर दिया जिसका पानी किसी भी दुर्व्यवहार से भरा था। ये लोग वास्तव में काफी अश्लील लोग थे, नियमित रूप से दुर्व्यवहार करते थे।	0.696221113204956	0.5187276005744934	0.5138546824455261
Not true, I have never done that!	नहीं, मैं ऐसा कभी किया!	नहीं सच में, मैंने ऐसा कभी नहीं किया है!	0.887358546257019	0.9486498236656189	0.9076920747756958
But the plot didn't end there.	लेकिन साजिश यहीं खत्म नहीं हुई.	लेकिन यहाँ तक कि प्लॉट ने नहीं समाप्ति की।	0.7698476910591125	0.4597551226615906	0.4740005433559418
You're a receptionist.	तुम रिसेप्शनिस्ट हो।	आप एक स्टेशनरी हैं।	0.7501988410949707	0.4137822687625885	0.5441864728927612
General	सामान्य	ज़्यादातर	0.8069338798522949	0.5798709392547607	0.7137141227722168
Tiger Two's hit.He's going down.	टाइगर दो की hit.He नीचे जा रहा है.	टियर दो का हिट है। वह गिर रहा है।	0.7887266278266907	0.5207846164703369	0.5552300214767456
Leave them to eat, and enjoy, and be lulled by hope. They will find out.	छोड़ो उन्हें खाएँ और मज़े उड़ाएँ और (लम्बी) आशा उन्हें भुलावे में डाले रखे। उन्हें जल्द ही मालूम हो जाएगा!	उन्हें खाने के लिए छोड़ दें और स्नेहित होकर सोचने के लिए रखें. वे जानेंगे कि वे कर सकते हैं।	0.7204707264900208	0.5002500414848328	0.5383142232894897
Who do you think broke the window?	तुम्हें क्या लगता है? खिड़की किसने तोड़ी है?	आप किसे ख़राब हो गई ज़बरदस्ती से दरवाज़े को टूटा?	0.6861234903335571	0.40304991602897644	0.24096430838108063
I love you so much, Madi	मादी, हम तुम्हें बहुत चाहते हैं	मैडी से मैं बहुत प्यार करता हूँ	0.7327433824539185	0.7791857123374939	0.5978590846061707
Cannot create folder in offline mode.	ऑफ़लाइन मोड में फ़ोल्डर नहीं बना सकता.	ऑफलाइन मोड में फ़ोल्डर बनाने की क्षमता से बाहर है।	0.9074633717536926	0.7558957934379578	0.7653795480728149
GTK+ (Application)	GTK अनुप्रयोग	जी.टी.के.पी. (ऑप्टियानल)	0.6577856540679932	0.5154749751091003	0.7180104851722717
Because Grandma is telling me-- all the grandmas, all the friends are saying what a great boy you are.	क्योंकि दादी मां मुझसे कहती हैं-- सभी दादी मां, सभी दोस्त कहते हैं कि तुम कितने अच्छे लड़के हो.	क्योंकि ग्रैंडमा मुझे बता रही है - सभी ग्रैंडम, सभी दोस्त सुन रहे हैं कि तुम एक बहुत ही अच्छा लड़का हो।	0.8399710059165955	0.6634542346000671	0.7167717218399048
_Company:	कंपनी (_C):	कंपनी:	0.7981730103492737	0.8683456182479858	0.9016097784042358
He's lost in the mountains with no army.	वह कोई सेना के साथ पहाड़ों में खो जाता है.	उनके पास सैनिक नहीं हैं जो माउंटेन में हैं।	0.7535368800163269	0.47012677788734436	0.5708379745483398
It's good...	ये प्यारा है...	यह अच्छा है...	0.864551305770874	0.8634780049324036	0.92473304271698
- I'll fax this down the first thing - Thank you.	~ ~ पहली बात मैं हूँ फैक्स यह नीचे धन्यवाद.	- मैं इसे सबसे पहले फैक्स करूँ - धन्यवाद।	0.8033857345581055	0.6590064167976379	0.6792917251586914
"The event ""%1"" includes other people. Do you want to email the invitation to the attendees?"	यह% 1 अन्य व्यक्तियों को भी सम्मिलित करता है. क्या उपस्थिति को ई- मेल भेजा जाना चाहिए?	इस इवेंट में अन्य लोग हैं। क्या आप आयोग के लिए स्वीकृति को स्थानीय भागों में लिखना चाहेंगे?	0.7278469800949097	0.528149425983429	0.6277790069580078
Mouse-based interactive map widget for selecting timezone. Keyboard users should instead select the timezone from the drop-down combination box below.	समय क्षेत्र के लिए माउस आधारित अंतःक्रियात्मक मैप विजेट. कुंजीपटल उपयोक्ता को समय क्षेत्र को लटकते संयुक्त बॉक्स से चुनना चाहिए.	टाइम स्ट्रीटज़ीनस को चुनने के लिए माउस-आधारित इंटरैक्टिव मैप विज़ॉलेट। ये कीबोर्ड उपयोगकर्ता नीचे दी गई ड्रॉप-डाउन कombिनेशन बॉक्स से टाइम स्ट्रीटज़ीनस का चयन कर सकते हैं।	0.7401520609855652	0.5316113829612732	0.4841599464416504
Next	अगला	अगला	0.9999998211860657	0.9842323660850525	0.8864313364028931
Welcome aboard, dragon rider.	स्वागत हो, ड्रैगन-सवार!	द्रैगन राइडर के साथ बुलाए जाना बहुत अच्छा है।	0.7224908471107483	0.4690510034561157	0.37049344182014465
Do you have one that's cheaper?	इससे सस्ता वाला है क्या?	क्या आपको लेने पर कम की है?	0.7549750208854675	0.4151717722415924	0.30266016721725464
Comment	टिप्पणी	क्या कहना है?	0.7143575549125671	0.6429046392440796	0.6176411509513855
Your possessions and your offspring are nothing but a trial for you. And there awaits a great reward for you with Allah.	तुम्हारे माल और तुम्हारी सन्तान तो केवल एक आज़माइश है, और अल्लाह ही है जिसके पास बड़ा प्रतिदान है	आपकी संपत्ति और बच्चे आपके लिए कोई परीक्षण हैं। और अल्लाह के साथ बड़ी पुरस्कार आपके लिए तैयार है।	0.7339982986450195	0.63218092918396	0.66875159740448
One of those 26 farms to decide who will be invited to the Best Super Pig Fest in New York City, where it will be unveiled to the world.	उन 26 फ़ार्मों में यह तय करने के लिए कि किसे न्यू यॉर्क सिटी आमंत्रित किया जाए श्रेष्ठतम सूपर सूअर उत्सव के लिए, जहाँ उसे दुनिया के सामने पेश किया जाएगा।	वह 26 फार्म से से जो चुना जाएगा जो यूनाइटेड स्टेट्स की न्यू यॉर्क सिटी में बेस्ट सुपर पिग फेस्ट में शामिल होगा।	0.7488529086112976	0.5849447250366211	0.5786843299865723
Allow Ekiga to fall back to software scaling the picture-in-picture if hardware support is not available. If this is set to false, Ekiga will not try to open the PIP if hardware support is not available.	एकिगा को सॉफ्टवेयर अनुमापन तस्वीर में तस्वीर की ओर ले जाता है यदि हार्डवेयर समर्थन उपलब्ध नहीं है. यदि इसे गलत पर सेट किया जाता है, एकिगा खोलने की कोशिश नहीं करेगा PIP को यदि हार्डवेयर समर्थन अनुपलब्ध है.	यदि पूर्ण स्कैलिंग की सुविधा के बिना हार्डवेयर के समर्थन की कमी होती है तो Ekiga को पिक्चर-इन-पिक्चर में दिखाने की क्षमता में वापसी करने का प्रयास किया जाएगा। यदि यह निर्धारित किया जाता है कि पूर्ण स्कैलिंग की क्षमता से विपरीत हो, तो Ekiga पिक्चर-इन-पिक्चर को खोलने की कोशिश नहीं करेगा यदि हार्डवेयर के समर्थन की कमी होती हो।	0.7498790621757507	0.5678828954696655	0.627568244934082
%B %e, %Y at %R UTC	%R UTC पर %B %e, %Y	%जी. 13 मार्च 2026 को %R सीटीयू.टी.सी. के अनुसार%	0.6877830624580383	0.487265944480896	0.6042688488960266
Loading…	लोड किया जा रहा है...	लोडिंग...	0.8441673517227173	0.6675282716751099	0.7372851967811584
In Cameroon, there is only one doctor for every 5,000 people, according to the World Health Organization.	विश्व स्वास्थ्य संगठन के अनुसार, कैमरून में प्रत्येक 5000 व्यक्ति के लिए केवल एक चिकित्सक है।	कैमरून के में स्वास्थ्य संगठन द्वारा अनुसार हर 5,000 लोगों के लिए एक डॉक्टर है.	0.8825035095214844	0.8231043815612793	0.8141372203826904
Command parameter not implemented	कमांड पैरामीटर लागू नहीं किया गया	कमांड पैरामीटर ना इम्प्लीमेंट किया गया है	0.8255671858787537	0.7701031565666199	0.6310135722160339
It was the decision of the house that departmental representatives were attending the meeting just to complete the quorum and were not equipped with complete information.	सदन का फैसला था कि विभागीय प्रतिनिधि सिर्फ कोरम पूरा करने के लिए बैठक में आते हैं उन्हें पूरी जानकारी नहीं रहती है।	यह सभा का निर्णय था कि कार्य दल के प्रतिनिधि इस सम्मेलन में भाग लेने के लिए है ताकि पूरा निकाय हो सके और वे पूरी जानकारी से भी बाहर नहीं हैं।	0.7654792666435242	0.596767008304596	0.6300408244132996
"We said, ""David, We have given you mastery over the land. Judge fairly between people. Do not follow your desires, lest they divert you from God's path: those who wander from His path will have a severe punishment, because they ignore the Day of Reckoning."""	"""ऐ दाऊद! हमने धरती में तुझे ख़लीफ़ा (उत्तराधिकारी) बनाया है। अतः तू लोगों के बीच हक़ के साथ फ़ैसला करना और अपनी इच्छा का अनुपालन न करना कि वह तुझे अल्लाह के मार्ग से भटका दे। जो लोग अल्लाह के मार्ग से भटकते है, निश्चय ही उनके लिए कठोर यातना है, क्योंकि वे हिसाब के दिन को भूले रहे।-"	हमने कहा, “देव, तुम्हें पृथ्वी पर महानता दिलाई है। लोगों के बीच न्याय सुनना चाहिए। तुम्हें अपनी इच्छाओं के बीच न जाना चाहिए, क्योंकि इससे तुम्हेंGod की सड़क से दूर होने लगेगा और वह जो सुनना है, वह तुम्हें र reckoning के दिन से ज्यादा कठिनता देगी।”	0.7048568725585938	0.4291660785675049	0.3742049038410187
- [ RIFLE SHOT ] - [ SCREAMS ]	- [राइफल शॉट] - [चिल्लाती]	- राइफल शॉट - स्क्रीम्स	0.8374568819999695	0.4799160063266754	0.618782639503479
Prev mesg	पिछला संदेश	प्रेव मेस्ग	0.6934448480606079	0.46234437823295593	0.18342924118041992
Mute	मूक	मुट	0.812233030796051	0.5905131697654724	0.4714747667312622
New _Incognito Window	नई गुप्त विंडो (_I)	नए _इंकोइज़ोग्न विंडो	0.7587568163871765	0.49386730790138245	0.589816689491272
Name	नाम	नाम	0.9999998807907104	0.9830414652824402	0.8558700084686279
Remove current view of the document	हटाएँ का दस्तावेज़	डॉक्यूमेंट की प्राप्ति से पहले उसे हटा दें	0.6537787914276123	0.6266880631446838	0.7351921796798706
- Help her out.	- उसकी मदद से बाहर.	- उसे सहायता देने के लिए मदद करें।	0.7771955728530884	0.6382498145103455	0.7147079110145569
"When Moses had fulfilled the term and was journeying with his family, he perceived a fire in the direction of the Mount (Sinai). He said to his family: ""Wait here; I have observed a fire. Maybe I will bring to you some news or a brand of fire from there that you may warm yourselves."""	ग़रज़ मूसा का छोटी लड़की से निकाह हो गया और रहने लगे फिर जब मूसा ने अपनी (दस बरस की) मुद्दत पूरी की और बीवी को लेकर चले तो अंधेरीरात जाड़ों के दिन राह भूल गए और बीबी सफ़ूरा को दर्द ज़ेह शुरु हुआ (इतने में) कोहेतूर की तरफ आग दिखायी दी तो अपने लड़के बालों से कहा तुम लोग ठहरो मैने यक़ीनन आग देखी है (मै वहाँ जाता हूँ) क्या अजब है वहाँ से (रास्ते की) कुछ ख़बर लाऊँ या आग की कोई चिंगारी (लेता आऊँ) ताकि तुम लोग तापो	मिस्र के माउंट साइनी की ओर एक फायर देख कर, वह अपने परिवार को रोकता है और कहता है: “यहाँ पर रहें; मैंने एक फायर देखा है जो संभावित है कि मैं तुम लोगों को किसी खबर या फायर का ब्रांड साइना में ला सकूँ.”	0.6300957202911377	0.4587850272655487	0.4086168110370636
Your emails	raviratlami@ aol. in, rajesh@ indlinux. in	आपके ईमेल	0.5673632025718689	0.36435794830322266	0.613150954246521
Specify file containing saved configuration	सहेजा विन्यास समाहित करता फ़ाइल निर्दिष्ट करें	सावधानी बरतें कि आप किसी भी जानकारी हटा दें या बदल दें	0.6765145063400269	0.4215587079524994	0.18776053190231323
Are you sure you want to debug a program not using the Debug configuration? When optimizations are enabled, the debugger cannot always identify the source code corresponding to the instructions, so some commands can perform in a strange way, especially steps.	को डिबग a प्रोग्राम नहीं प्रयोग कर रहा है दोषसुधार विन्यास नहीं सक्षम श्रोत कोड को कुछ कमांड इंच a चरण.	क्या आपको जानना होगा कि आप डीबग कॉन्फ़िज़र का उपयोग न करके प्रोग्राम डीबग करना चाहते हैं? जब ऑप्टिमाइज़ेशन सक्रिय होती है, तब डीबज़र कभी भी इस प्रोग्राम के कोड को संबंधित इन्स्ट्र्यूशन को पहचान नहीं कर पाता है, इसलिए कुछ कमांड प्रोग्राम के दुर्भाग्यपूर्ण तरीकों में काम कर सकते हैं, खास तौर से चरण।	0.7006964087486267	0.544501543045044	0.41740328073501587
- It happens. - Whoa.	थोड़ा रुको.	- हो जाता है। - वाह।	0.6820683479309082	0.4444982409477234	0.3290718197822571
Drop the sensor. TREVOR: What?	लेफ्टिनेंट बिजली को आकर्षित कर रहा है!	ड्रॉप सेंसर ड drop sensor है? TREVOR: क्या?	0.6551311016082764	0.3303373157978058	0.13786308467388153
Next month	अगला माह	अगले महीने	0.8403522968292236	0.8217907547950745	0.9382296800613403
Then we'll go. Baby, what if this place belongs to some kind of cult?	बेबी, अगर यह जगह किसी विचित्र-पंथियों की हुई तो?	तो हम जाएंगे। बेबी, ये स्थान किस तरह के कुल का हो सकता है?	0.7657842636108398	0.4071045219898224	0.44180387258529663
Sort of like humongous fungus.	humongous कवक की तरह के आधार पर छाँटें.	जैसे कि विशाल मोटी बैक्टीरिया है।	0.6723406910896301	0.36474746465682983	0.572280764579773
- Another £200.	- और 200 पाउंड।	- और एक और 200 पाउंड	0.9082240462303162	0.9180671572685242	0.8843064308166504
Don't...don't do anything to me	... मेरे पास कुछ भी नहीं है नहीं है	मुझे ऐसा करने के बारे में कुछ नहीं करना	0.7232789993286133	0.38216790556907654	0.21060143411159515
"Say: ""Who is (the) Lord of the seven heavens, and (the) Lord of the Great Throne?"""	"कहो, ""सातों आकाशों का मालिक और महान राजासन का स्वामीकौन है?"""	“जिन्हें (देवताओं का) सात ग्रह, और जिन्हें (महान बैठाव) देवता माना जाता है, यह है प्रश्न.”	0.6800873279571533	0.3885539174079895	0.2122231125831604
No burner specified	कोई बर्नर निर्दिष्ट नहीं	ब्रेनर से नाम नहीं बताया गया है	0.748589038848877	0.5009446740150452	0.5257921814918518
Oh, my God.	ओह, मेरे भगवान.	हाहा।	0.7412124872207642	0.49255672097206116	0.4113296568393707
Publishing Author	प्रकाशक लेखकPermissionsLevel	प्रकाशन प author	0.6806118488311768	0.46661075949668884	0.5735240578651428
I can't change what I did.	मैं नहीं बदल सकते कि मैं क्या किया।	मैं ऐसा नहीं कर सकता कि क्या मैंने किया।	0.8797928690910339	0.6506006121635437	0.5848149657249451
Background Color Set	पृष्ठभूमि रंग नियत है	रक्षा स्तर का रंग	0.7306703329086304	0.5568763613700867	0.7545245885848999
You know what that key is for?	आप कुंजी के लिए है कि क्या जानते हैं?	आप यह जानते हैं कि ऐसी कौन-सी कुंजी है?	0.8302456140518188	0.8315741419792175	0.8070348501205444
OI, DON'T BE MAD.	ओय, पागल मत बनो.	ओआई, थोड़ी बात मत करो।	0.8176174163818359	0.5363203883171082	0.5800269246101379
Rimgale's gonna wanna talk to Swayzak about this.	इस बारे में Swayzak को Rimgale वाला बात करना चाहता हूँ.	रिंगले को स्वाज़़क से इस बारे में बात करनी चाहिए।	0.7536270022392273	0.6961120963096619	0.7726563811302185
Attack him from behind.	पीछे से मार.	पीछे से उसे निशाना चलाएँ।	0.7710407376289368	0.7235378623008728	0.689574658870697
Select all visible contacts	सभी दृश्य संपर्कों को चुनें	दिखाई दे रहे संपर्कों को चुनें	0.8603922128677368	0.7296099066734314	0.8918857574462891
Have you not considered that Allah knows what is in the heavens and what is on the earth? There is in no private conversation three but that He is the fourth of them, nor are there five but that He is the sixth of them - and no less than that and no more except that He is with them [in knowledge] wherever they are. Then He will inform them of what they did, on the Day of Resurrection. Indeed Allah is, of all things, Knowing.	क्या तुमको मालूम नहीं कि जो कुछ आसमानों में है और जो कुछ ज़मीन में है (ग़रज़ सब कुछ) ख़ुदा जानता है जब तीन (आदमियों) का ख़ुफिया मशवेरा होता है तो वह (ख़ुद) उनका ज़रूर चौथा है और जब पाँच का मशवेरा होता है तो वह उनका छठा है और उससे कम हो या ज्यादा और चाहे जहाँ कहीं हो वह उनके साथ ज़रूर होता है फिर जो कुछ वह (दुनिया में) करते रहे क़यामत के दिन उनको उससे आगाह कर देगा बेशक ख़ुदा हर चीज़ से ख़ूब वाक़िफ़ है	अपने मन में नहीं आ रहा है कि अल्लाह वहां की सारी चीज़ें और पृथ्वी पर की सारी चीज़ें knows ? यहाँ तीन सुनने की है लेकिन वे अल्लाह के तीन हैं नहीं है और इनमें से पाँच है नहीं है लेकिन वे अल्लाह के साथी हैं के लिए नहीं है और इनमें से पाँच से ज्यादा नहीं है और कम नहीं है - इसके अलावा अल्लाह के साथी के साथ जो सुनते हैं, वे सुनेंगे वह अल्लाह के साथी के स्थान पर उस दिन resurrection के दिन पर know करेगा; और सच है अल्लाह सभी चीज़ों में जाने वाला है।	0.679680585861206	0.36690554022789	0.22623997926712036
They're trying to burn us out.	हमें जलाकर मारने में लगे हैं.	उनका उद्देश्य हमें नष्ट करने की कोशिश कर रहा है।	0.7295178771018982	0.6365094184875488	0.579561173915863
"We would be inventing lies against God if we returned to your faith after God has delivered us from it. It is not for us to return to it unless God our Lord so willed. Our Lord encompasses all things in His knowledge. We have put our trust in God. Our Lord, expose the truth [and judge] between us and our people, You are the best judge."""	"""हम अल्लाह पर झूठ घड़नेवाले ठहरेंगे, यदि तुम्हारे पन्थ में लौट आएँ, इसके बाद कि अल्लाह ने हमें उससे छुटकारा दे दिया है। यह हमसे तो होने का नहीं कि हम उसमें पलट कर जाएँ, बल्कि हमारे रब अल्लाह की इच्छा ही क्रियान्वित है। ज्ञान की स्पष्ट से हमारा रब हर चीज़ को अपने घेरे में लिए हुए है। हमने अल्लाह ही पर भरोसा किया है। हमारे रब, हमारे और हमारी क़ौम के बीच निश्चित अटल फ़ैसला कर दे। और तू सबसे अच्छा फ़ैसला करनेवाला है।"""	ये हमें आपकी धर्म को वापस लेने पर God से अलग करने वाली कहानियाँ बना देंगे यदि हमें God से इसे छोड़ कर पाया जाता है। God से वापस आने के बारे में हमें यह नहीं लगता है कि हम इसे वापस लेंगे unless God हमें अपने राजा से विशेष विचार रखते हैं। हमारा राजा सभी चीज़ों को ज्ञान में है | हमने अपनी ईमानदारी God से बढ़ी है। हमने अपना प्रतिबद्धता God से भी बढ़ी है | God, हमें अपने लोगों के बीच तथ्य के बीच स्थान दे और हमें अपनी निर्णय की तुलना करें , आप सबसे अच्छे निर्णय तaker हैं।	0.7303368449211121	0.4292415678501129	0.4612540602684021
[shrieks and laughter]	[चिल्‍लाहट और हंसी]	श्रीभक्ति और हाही में श्रीभक्ति की चीखें और हाही की आवाजें	0.6996064782142639	0.38097187876701355	0.15035907924175262
Bring me my gun! Riflemen, assemble here!	वे दूर नहीं मिलेगा!	मुझे अपनी गेंद ले आईये! राइफलवाड़े में जाकर इकट्ठा हो!	0.6972480416297913	0.3336961567401886	0.13564532995224
Yourjob will be done, you go!	तुम्हारा काम हो जाएगा, तुम जाओ!	आपका काम पूरा कर दिया जाए, अब आप जा सकते हैं!	0.7964183688163757	0.8169001936912537	0.7665949463844299
For all that they used to do.	जो कुछ वे करते रहे।	उन्होंने पहले किया करता था |	0.7613573670387268	0.5229443907737732	0.4683955907821655
Maybe we can help his family out.	शायद हम उसके परिवार की मदद कर सकते हैं.	शायद हम उनके परिवार की मदद कर सकते हैं।	0.9867968559265137	0.9669750928878784	0.9100422859191895
America/ Argentina/ Buenos_Aires	अमेरिका/ अरजेटीना/ बुएनॉस_ एरिस	अमेरिका / एर्जेंटिना / ब्यूनेज ऐर्स	0.8233204483985901	0.7039777636528015	0.8218392133712769
You've found a baby before?	तुम से पहले एक बच्चे को देखा है?	क्या तुमने पहले से एक बेबी पा लिया है?	0.8179229497909546	0.758008599281311	0.7737901210784912
Resign	छोड़ें	सेवा छोड़ना	0.8517401218414307	0.7189007997512817	0.8290425539016724
RAY?	रे?	राय?	0.9248641133308411	0.8474493622779846	0.6088896989822388
(VALENTINE HUMMING)	(वेलेंटाइन गुनगुना)	वैलेंटाइन ह्यूमिंग	0.7326491475105286	0.6217668652534485	0.8461414575576782
LORD	दोरादोConstellation name (optional)	लॉर्ड	0.660137414932251	0.35752612352371216	0.2450903207063675
"God said, ""The land is forbidden to them for forty years, while they wander around the earth, bewildered; do not grieve over these wicked people."""	हमारा उनका साथ नहीं हो सकता (ख़ुदा ने फ़रमाया) (अच्छा) तो उनकी सज़ा यह है कि उनको चालीस बरस तक की हुकूमत नसीब न होगा (और उस मुद्दते दराज़ तक) यह लोग (मिस्र के) जंगल में सरगरदॉ रहेंगे तो फिर तुम इन बदचलन बन्दों पर अफ़सोस न करना	हे बिल्कुल, ये धरती उन लोगों को चौदह वर्ष तक पवित्र नहीं है जो युद्ध में रहते हैं और दुनिया में घूम रहे हैं; उन्हें इन दुष्ट लोगों से दुख से नहीं होना चाहिए।	0.6656427383422852	0.37609103322029114	0.38145631551742554
No, no, do not shoot him.	नहीं, नहीं, उसे गोली मार नहीं है!	नहीं, नहीं, उसे निशान न लगाएँ।	0.7971801161766052	0.5907672643661499	0.4835244119167328
Of course not, but you do need someone to set up the tax-free gift?	बेशक नहीं. लेकिन किसी की जरूरत है जो तुम्हारे कर मुफ्त उपहार की व्यवस्था करे.	बिल्कुल नहीं, लेकिन तुमने तो गिफ़्ट फ़्री में टैक्स लगाने के लिए किसी से मदद ली होगी?	0.7230516672134399	0.6506302952766418	0.7501760721206665
- Yeah.	- हाँ.	- हाँ।	0.941323459148407	0.9756079316139221	0.8946219086647034
That was the best I've ever had.	मैंने इससे बेहतर गोश्त कभी नहीं खाया।	मुझे यह जितना अच्छा हो सकता था न था।	0.7268238067626953	0.3156825602054596	0.16524247825145721
Whole project; Drop a file here or type a path to view a file or folder log	छोडें a फ़ाइल या क़िस्म a को a फ़ाइल या	सभी प्रोजेक्ट; फाइल ड drops हो या पास कर दें या फिल्ट्र करके एक फाइल या फ़ोर्ड लॉग देखें दें	0.7029938697814941	0.42934587597846985	0.22668024897575378
Role	भूमिका	परिवेश	0.7823860049247742	0.7178305983543396	0.9300351142883301
- You should be grateful, right?	- तुम सही, आभारी होना चाहिए?	- तुम्हें ज्यादा खुशी होगी अगर तुम धन्यवाद दोगी?	0.7776053547859192	0.667134702205658	0.5642969012260437
Is it wrong for me to touch you?	Is it wrong for me to touch you?	मैं तुम्हारे साथ किसी तरह का स्पर्श देना गलत नहीं होगा?	0.5820115208625793	0.4118340313434601	0.5468730926513672
Thank you. - I'd like to explain...	धन्यवाद, मैं ऐसा करने के लिए समझाने के लिए चाहते हैं...	अप्नलोण। - मैं इस बारे में बताना चाहता हूँ...	0.7808951139450073	0.5492275357246399	0.3728932738304138
Have they not travelled in the land and seen what was the end of those who were before them? They were superior to them in strength, and in the traces (which they left) in the land. But Allah seized them with punishment for their sins. And none had they to protect them from Allah.	क्या उन लोगों ने रूए ज़मीन पर चल फिर कर नहीं देखा कि जो लोग उनसे पहले थे उनका अन्जाम क्या हुआ (हालाँकि) वह लोग कुवत (शान और उम्र सब) में और ज़मीन पर अपनी निशानियाँ (यादगारें इमारतें) वग़ैरह छोड़ जाने में भी उनसे कहीं बढ़ चढ़ के थे तो ख़ुदा ने उनके गुनाहों की वजह से उनकी ले दे की, और ख़ुदा (के ग़ज़ब से) उनका कोई बचाने वाला भी न था	क्यों ने वे इस देश में घूमा और उस देश के निर्माण की तस्वीर को देखा और पहले के लोगों की ताकत और उस देश में छोड़े गए पटलों की संख्या को देखा? वे ताकतवाले थे और उस देश में छोड़े गए पटलों की संख्या के लिए उसे प्रतिष्ठा प्राप्त हुई थी। अल्लाह ने उन्हें अपनी बुराई के लिए दंड लगाया और उन्हें अल्लाह से किसी को भी बच्चे की रक्षा नहीं करा सका।	0.6894988417625427	0.4843737781047821	0.407692015171051
- my name is doctor..	- मेरा नाम डॉक्टर है ..	- मेरा नाम डॉक्टर है।	0.9386649131774902	0.9736481308937073	0.9308992028236389
"Each messenger said, ""What if I should bring you better guidance than what you found your forefathers had?"" They replied, ""We reject any message you have been sent with!"""	(इस पर) उनके पैग़म्बर ने कहा भी जिस तरीक़े पर तुमने अपने बाप दादाओं को पाया अगरचे मैं तुम्हारे पास इससे बेहतर राहे रास्त पर लाने वाला दीन लेकर आया हूँ (तो भी न मानोगे) वह बोले (कुछ हो मगर) हम तो उस दीन को जो तुम देकर भेजे गए हो मानने वाले नहीं	प्रत्येष्ठ संदेशदाता कह रहे थे, “अगर मैं आपको अपने पूर्वजों के निर्देश से ज्यादा समझने वाले संदेश देता हूँ तो क्या होगा ?” उन्होंने जवाब दिया, “हम आपको किसी भी संदेश देते हैं जिसे आपके पूर्वजों ने भी दिया था”	0.6965793967247009	0.5787052512168884	0.5810226202011108
AUTOMATED VOICE:	मैं स्वचालित आवाज:	ऑटोमेटेड वॉइस:	0.7029065489768982	0.687219500541687	0.845637321472168
User:	उपयोक्ता:	यूज़र:	0.737213671207428	0.6325742602348328	0.8060100674629211
Number	क्रमांक	संख्या	0.7607727646827698	0.8674933314323425	0.9332786798477173
Little unnatural.	लिटिल अप्राकृतिक.	कम असामान्य है।	0.7577585577964783	0.5634474158287048	0.5081496238708496
Thanks a lot, Bin Laden.	क्या कोई payphone बैंक?	बिन लैडेन से बहुत धन्यवाद!	0.6719012260437012	0.3781653940677643	0.41024383902549744
“O my people! I fear for you a day on which will be a great outcry!”	और ऐ हमारी क़ौम मुझे तो तुम्हारी निस्बत कयामत के दिन का अन्देशा है	“मेरे लोगों! मैं आपको ऐसे दिन की चिंता व्यक्त करता हूँ, जिस पर एक बड़े भयानक व्यापक भय होगा!”	0.6187121272087097	0.5730194449424744	0.6842494010925293
Enter Passphrase for %s	%s के लिए कूटशब्द डालें	%s के पास से पासवर्ड दर्ज करना	0.789613664150238	0.5671773552894592	0.5080484747886658
Then on the Day of Resurrection you will contend before your Lord.	और ये लोग भी यक़ीनन मरने वाले हैं फिर तुम लोग क़यामत के दिन अपने परवरदिगार की बारगाह में बाहम झगड़ोगे	तब आपका पुनर्जन्म का दिन आत्मस्वर्ग के दिन आप अपने राजा से संघर्ष करेंगे।	0.6932005286216736	0.3833855092525482	0.48504143953323364
But I can't help falling in love with you.	लेकिन मैं तुमसे प्‍यार करने के लिए मजबूर हूं.	लेकिन मैं तुमसे प्यार करने के लिए भी ट्रैफ़फ़ फैल नहीं सकता।	0.8440678119659424	0.3534184396266937	0.3414504826068878
Well, lots of people saw him or claimed that they saw him.	या वे उसे देखा कि दावा किया ठीक है, बहुत से लोग उसे देखा.	वैसे तो कई लोगों ने या कहते हैं कि उन्हें या कहा गया कि उन्हें ऐसा देखा गया था.	0.7408495545387268	0.609030544757843	0.6113667488098145
Beautified for men is the love of things they covet; women, children, much of gold and silver (wealth), branded beautiful horses, cattle and well-tilled land. This is the pleasure of the present world's life; but Allah has the excellent return (Paradise with flowing rivers, etc.) with Him.	मनुष्यों को चाहत की चीजों से प्रेम शोभायमान प्रतीत होता है कि वे स्त्रिमयाँ, बेटे, सोने-चाँदी के ढेर और निशान लगे (चुने हुए) घोड़े हैं और चौपाए और खेती। यह सब सांसारिक जीवन की सामग्री है और अल्लाह के पास ही अच्छा ठिकाना है	पुरुषों के लिए सुंदर बनाया गया है प्यार उन चीज़ों के प्रति जो वे चाहते हैं; महिलाएं, बच्चे, तेल और अच्छी तरह उर्वरित मिट्टी (पैसे और स्वर्ण) बेहतरीन घोड़े और अच्छी तरह उर्वरित भूमि है। यह वर्तमान जीवन का आनंद है; लेकिन अल्लाह में अच्छा लाभ (प्रवती नदियाँ, आदि) होता है।	0.7356113791465759	0.5611210465431213	0.6528838872909546
"Aaron said, ""Son of my mother! Do not seize me by my beard nor by my head. I was afraid that you would say, 'You have caused dissension among the Children of Israel and did not pay heed to my words.'"""	"उसने कहा, ""ऐ मेरी माँ के बेटे! मेरी दाढ़ी न पकड़ और न मेरा सिर! मैं डरा कि तू कहेंगा कि तूने इसराईल की सन्तान में फूट डाल दी और मेरी बात पर ध्यान न दिया।"""	"अरॉन ने कहा, ""मेरा पिता! अपने गाल या गले से मुझे नहीं पकड़ाया जाए. मैं थका हुआ था कि आप कहेंगे, 'आप इसाई के बच्चों के बीच मत भेदें और मेरी बोली का पालन न करें'""."	0.7595556974411011	0.5553955435752869	0.5729720592498779
Miss you a lot.	आपकी बहुत याद आती है।	मुझे बहुत पसंद है।	0.7707566618919373	0.6991357207298279	0.7454637289047241
Are they jealous of the favors that God has done to some people? We have given to the family of Abraham the Book, Wisdom, and a great Kingdom.	या ख़ुदा ने जो अपने फ़ज़ल से (तुम) लोगों को (कुरान) अता फ़रमाया है इसके रश्क पर चले जाते हैं (तो उसका क्या इलाज है) हमने तो इबराहीम की औलाद को किताब और अक्ल की बातें अता फ़रमायी हैं और उनको बहुत बड़ी सल्तनत भी दी	क्या लोग ईर्ष्यु हैं कि किसी लोगों को गोद के निर्णयों में साथ ही कुछ फायदे हुए हैं? हमने अबराह के परिवार को पुस्तक, ज्ञान और एक बड़ी राज्य को दिया है।	0.6984316110610962	0.38840553164482117	0.4537679851055145
He was on the president's protection detail for a few years.	वह कुछ साल के लिए राष्ट्रपति की सुरक्षा विस्तार पर था.	कुछ सालों में राष्ट्रपति की सुरक्षा टीम में उनका होना।	0.8628047704696655	0.5901944637298584	0.6557342410087585
Keep rowing man.	रेमा आदमी, तेजी से...	रोइया जाना।	0.7309480905532837	0.4010438323020935	0.4390382766723633
Unicode (UTF-3_2 LE)	यूनिकोड (UTF-3_2 LE)	यूनिक्स (यू.टी.एफ-3_2. एल.ई.)	0.7793728113174438	0.575659453868866	0.7447652816772461
No, no, Let it be!	नहीं, नहीं, रहने दो!	नहीं, नहीं, लेट it be!	0.7830316424369812	0.46303489804267883	0.5009850859642029
- LOLA: No!	- लोला नहीं!	एलओएलए: नो!	0.7269341945648193	0.7720087170600891	0.8640177249908447
He said to his slaves, “Place their means back into their sacks, perhaps they may recognise it when they return to their homes, perhaps they may come again.”	"उसने अपने सेवकों से कहा, ""इनका दिया हुआ माल इनके सामान में रख दो कि जब ये अपने घरवालों की ओर लौटें तो इसे पहचान लें, ताकि ये फिर लौटकर आएँ।"""	उन्होंने अपने शासितों को कहते हुए, “उन्हें अपनी धनराशि अपने छद्मभूति के गद्दे में वापस लेाएँ, संभावना है कि वे अपने घरों में वापस आने पर उन्हें पहचानेंगे, संभावना है कि वे फिर से आेंगे।”	0.7432203888893127	0.5249456763267517	0.4541560411453247
After them We sent Moses with Our signs to Pharaoh and his chiefs. But they willfully rejected them. Consider the end of the evil-doers.	फिर उनके पश्चात हमने मूसा को अपनी निशानियों के साथ फ़िरऔन और उसके सरदारों के पास भेजा, परन्तु उन्होंने इनकार और स्वयं पर अत्याचार किया। तो देखो, इन बिगाड़ पैदा करनेवालों का कैसा परिणाम हुआ!	उन्होंने इन लोगों को फिर से अपने संकेतों के साथ फिराने वाले मोज़ेस को भेजा। लेकिन वे दृढ़ता से उन्हें पीछे कर दिया। फिराए जाने वाले की सूची को देखो।	0.7232716679573059	0.43480610847473145	0.48310887813568115
I don't understand how you can work for Steve Gray.	मैं आप स्टीव ग्रे के लिए कैसे काम कर सकते समझ में नहीं आता.	मुझे समझ में नहीं आता कि तुम स्टीव ग्राय के लिए काम कर रहे हो।	0.8445261120796204	0.7863598465919495	0.7361987829208374
Do you feel like that?	- क्या ऐसा लग रहा है? - नहीं.	क्या तुम ऐसा महसूस करना चाहोगी?	0.7335196137428284	0.6663732528686523	0.7940827012062073
Do they not see that Allah enlarges the provision for whom He wills and straitens (it for whom He wills). Verily, in that are indeed signs for a people who believe.	क्या उन लोगों ने (इतना भी) ग़ौर नहीं किया कि खुदा ही जिसकी रोज़ी चाहता है कुशादा कर देता है और (जिसकी चाहता है) तंग करता है-कुछ शक नहीं कि इसमें ईमानरदार लोगों के वास्ते (कुदरत ख़ुदा की) बहुत सी निशानियाँ हैं	क्यों नहीं देखते हैं ये लोग कि अल्लाह उस व्यक्ति के लिए प्राप्ति के लिए जो वह चाहता है, उसे सीमित बना देता है या उसे चाहता है तो वह उसे जो चाहता है, सारा प्राप्त करता है। वे ऐसे लोगों के लिए स्पष्ट रूप से संकेत देते हैं जो सिद्ध होते हैं कि उनके अनुसार अल्लाह की कोई सीमा निर्मित है।	0.7271153330802917	0.4936366379261017	0.5465962290763855
"Say: 'Who is the Lord of the heavens and the earth' Say: 'Allah' Say: 'Why then have you chosen guardians other than Him, even though they have neither the power to benefit nor harm themselves' Say: 'Are the blind and the seeing equal? Are darkness and light equal? Or, have they ascribed to Allah associates who create as He creates so that all creation is alike to them?"" Say: 'Allah is the Creator of everything. He is the One, the Conqueror'"	"कहो, ""आकाशों और धरती का रब कौन है?"" कहो, ""अल्लाह"" कह दो, ""फिर क्या तुमने उससे हटकर दूसरों को अपना संरक्षक बना रखा है, जिन्हें स्वयं अपने भी किसी लाभ का न अधिकार प्राप्त है और न किसी हानि का?"" कहो, ""क्या अंधा और आँखोंवाला दोनों बराबर होते है? या बराबर होते हो अँधरे और प्रकाश? या जिनको अल्लाह का सहभागी ठहराया है, उन्होंने भी कुछ पैदा किया है, जैसा कि उसने पैदा किया है, जिसके कारण सृष्टि का मामला इनके लिए गडुमडु हो गया है?"" कहो, ""हर चीज़ को पैदा करनेवाला अल्लाह है और वह अकेला है, सब पर प्रभावी!"""	ऐसा कहें: 'अंतर्जाल और पृथ्वी के राज्य का देव है' 'अल्लाह' 'अरे, इन चारों को देव के बजाय अन्य निर्णायक को चुनते हैं जो उनके लिए कोई लाभ या दुर्भाग्य नहीं हो सकती है' 'क्या बुद्धिमान और अज्ञानी बराबर हैं? क्या अंधेराई और प्रकाश बराबर हैं? या वे देव के साथ अन्य लोगों के नाम के किसी को भी स्थापित करते हैं जो देव के जैसे ही कुछ बनाते हैं और उसी प्रकार से उनकी सृष्टि उनके अनुसार एक से दूसरी हो' 'देव अल्लाह का प्रकार-निर्माता है और एक, पूर्णकालीन विजयवाला है'	0.7330957651138306	0.5744830965995789	0.6139751672744751
-(CELL PHONE RINGING)	(सेल फोन बज)	-रिंग हो रही है सेल फ़ोन	0.7699305415153503	0.4947979748249054	0.28681880235671997
Yeah, smoke it up there, uh, Skippy.	- हाँ, धूंए में उड़ा दो, मेरे शेर.	हाँ, वहाँ से धुआँ छूटे, या नहीं, स्किप्पी।	0.7480649352073669	0.3591984212398529	0.44995132088661194
Ctrl-click to open a link	लिंक को खोलने के लिए Ctrl क्लिक करें	कंट्रोल-चिक से लिंक ओपन करने का तरीका	0.7419762015342712	0.4958271086215973	0.6569481492042542
