Source_Dialogue	Reference	MT	BERTScore_F1	COMET	COMTAIL
Give shots of injections or pills, but he must be alright soon.	सुई लगाओ या गोली खिलाओ लेकिन इसे जल्दी से ठीक करो.	अच्छे समय की उम्मीद में इंजेक्शन की शॉट वीडियो रिकॉर्ड की सकती हैं।	0.6684558987617493	0.40021517872810364	0.3377613425254822
They said, “O Shuaib, we do not understand much of what you say, and we see that you are weak among us. Were it not for your tribe, we would have stoned you. You are of no value to us.”	और वह लोग कहने लगे ऐ शुएब जो बाते तुम कहते हो उनमें से अक्सर तो हमारी समझ ही में नहीं आयी और इसमें तो शक नहीं कि हम तुम्हें अपने लोगों में बहुत कमज़ोर समझते है और अगर तुम्हारा क़बीला न होता तो हम तुम को (कब का) संगसार कर चुके होते और तुम तो हम पर किसी तरह ग़ालिब नहीं आ सकते	यह कहा, “ओ शुआब, हम समझते नहीं कि आप हमारे साथ जैसे कुछ कह पाते हैं, और हम देख पाते हैं कि आप हमारे मूल्य पर बहुत ज्यादा चलते हैं। थोड़े खिलाफल हो सकते हैं.”	0.6952306032180786	0.4014429748058319	0.33446455001831055
- Yeah.	- हाँ.	जी हाँ।	0.8145981431007385	0.898065447807312	0.9293574094772339
If evil befalls him he is perturbed;	जि उसे तकलीफ़ पहुँचती है तो घबरा उठता है,	अगर दुष्ट का सामना हो जाता है तो ही दिल जीतने के लिए उत्साहित;	0.6986417174339294	0.4796818196773529	0.3621724843978882
♪ BE FOREVER BOUND	♪हमेशाके लिएबाध्यहोने	♪ याद रहें हमेशा साथ रहें हमेशा अपने	0.6460297703742981	0.35381487011909485	0.2322903424501419
Trying to movemail a non-mbox source '%s'	एक गैर-mbox स्रोत '%s' में डाक भेजने की कोशिश	मैसेज में संदेश देने वाले से ईमेल से एक गैर-मैक्सेसपोजी संदेश प्राप्त करना	0.7263674139976501	0.44750097393989563	0.34678083658218384
Image histogram adjust levels plugin for digiKam	डिज़ीकैम के लिए इमेज़ हिस्टोग्राम एडजस्ट लेवल्स प्लगइन	जी हाँ! निर्देशों को अनुकूलित digiKam में image हिस्ट्रामी को स्थानांतरित करने वाले adjust levels plugin को	0.6895949244499207	0.4922785758972168	0.21573416888713837
She took every able-bodied man and went to kill the Forest Spirit.	- लेडी Eboshi कहां है? हर आदमी है जो स्थानांतरित कर सकता लिया और हिरण भगवान को मारने के लिए चला गया.	वो ने वनसंज्ञानी पुरुषों को मारने के लिए जाने जा रहे थे	0.7012675404548645	0.4216085374355316	0.26480111479759216
My mother's from Sweden.	वो मेरी माँ है.	मेरी माता-पिता स्वीडन से हैं।	0.7260379791259766	0.666933536529541	0.7371762990951538
Say: Shall I tell you what is better than these? For those who guard (against evil) are gardens with their Lord, beneath which rivers flow, to abide in them, and pure mates and Allah's pleasure; and Allah sees the servants.	(ऐ रसूल) उन लोगों से कह दो कि क्या मैं तुमको उन सब चीज़ों से बेहतर चीज़ बता दूं (अच्छा सुनो) जिन लोगों ने परहेज़गारी इख्तेयार की उनके लिए उनके परवरदिगार के यहॉ (बेहिश्त) के वह बाग़ात हैं जिनके नीचे नहरें जारी हैं (और वह) हमेशा उसमें रहेंगे और उसके अलावा उनके लिए साफ सुथरी बीवियॉ हैं और (सबसे बढ़कर) ख़ुदा की ख़ुशनूदी है और ख़ुदा (अपने) उन बन्दों को खूब देख रहा हे जो दुआऐं मॉगा करते हैं	"अरे, क्या मैं इन्हें बेहतरीन क्या हो सकते हैं? जो लोग (द्वंद्व) से विरोध करते हैं, वे अपने प्रियजन (द्वंद्व) के नीचे (बeneath) होते हैं, और वे अपने पूर्ण ध्यान से मates को भी प्राथमिकता देते हैं और ऐसा व्यवहार करते हुए भी अपने आप को बेहतरीन स्थान मानते हुए अपने आप को में में में में में में में में में में में में में में में में में में में में में में में में में में में में में में में में में में में में में में में में में में में maddyum

Source Sentence:
The two towers, which were the symbol of the regime, were now nothing but a pile of dust."	0.6252336502075195	0.23643332719802856	0.1467275172472
Is it cool like Phil's?	यह अच्छा है फिल की तरह है?	पिल की तरह क्या है?	0.8513303995132446	0.5113357305526733	0.5528611540794373
Whether the current stream is seekable	क्या मौजूदा स्ट्रीम seekable है	सब को जाना चाहे तो क्या पूछ रहे	0.6703469753265381	0.4300549030303955	0.2719205319881439
You let two unknown men enter this house uninvited.	आप दो अज्ञात पुरुषों इस घर बिन बुलाए दर्ज करें.	आप दो अज्ञात व्यक्तियों को इस घर में अनजान से प्रवेश कराने के लिए कही.	0.8130404353141785	0.5454395413398743	0.5441540479660034
This whole situation is completely fucked.	यह पूरी स्थिति पूरी तरह से गड़बड़ है.	यह पूरी स्थिति में काफी हो गई.	0.8081501722335815	0.42396941781044006	0.5270840525627136
Google Talk Home Name 3	गूगल टाक होम नाम 3	गूगल टॉक 3	0.873465359210968	0.7532750964164734	0.8800896406173706
All prisoners report for Lockdown.	सभी कैदी लॉकडाउन के लिए रिपोर्ट करो.	लॉकडाउन के लिए सभी ग्रीफर लॉकर में प्रतिबंधित लोग होते हैं।	0.8134501576423645	0.5198038220405579	0.48161789774894714
Did not the disbelievers observe that the heavens and the earth were together, so We parted them, and we made every living thing from water? So will they not accept faith?	जो लोग काफिर हो बैठे क्या उन लोगों ने इस बात पर ग़ौर नहीं किया कि आसमान और ज़मीन दोनों बस्ता (बन्द) थे तो हमने दोनों को शिगाफ़ता किया (खोल दिया) और हम ही ने जानदार चीज़ को पानी से पैदा किया इस पर भी ये लोग ईमान न लाएँगे	जिन्होंने अनद्विल्य विश्वेता को देखा कि हम जो कुछ भी करते हैं, वो कि कुछ नहीं होता कि हमें किसी भी तरह से लगता नहीं नहीं भी लगता है कि हमें किसी भी तरह से लगता नहीं नहीं भी लगता है कि हमें किसी भी तरह से लगता नहीं लगता है	0.6543201208114624	0.2942928373813629	0.18486273288726807
Turn the siren off.	आप ठीक हो जाएगा रहे हैं, अरे नहीं;	सीनर को बंद कर दें।	0.6626424789428711	0.4165601432323456	0.44293013215065
Name:	नाम: Refresh every [NUMERIC_ENTRY] [TIME_UNITS_COMBO]	प्रोफ़ाइल:	0.5940211415290833	0.29122450947761536	0.2679256796836853
We should go to a hospital.	हम एक अस्पताल जाना चाहिए।	हमें अस्पताल जाना चाहिए।	0.9462459087371826	0.9403135180473328	0.9146668910980225
Whoa! So... What is your...	तो तुम्हारी योजना क्या है?	प्ल, तुम्हें यह बात सुनाई देगी कि...	0.6967735290527344	0.4799528419971466	0.14145007729530334
I'm not going to drink it.	मैं इसे पीने के लिए नहीं जा रहा हूँ।	मैं नहीं ड्रिंक रहा हूँ।	0.843963086605072	0.6199257969856262	0.5893584489822388
Do they say: “He has forged a lie against Allah?” If Allah so wanted He could seal up your heart. Allah blots out falsehood and confirms the truth by His Words. He is well aware of all the secrets hidden in the breasts (of people).	क्या ये लोग (तुम्हारी निस्बत कहते हैं कि इस (रसूल) ने ख़ुदा पर झूठा बोहतान बाँधा है तो अगर (ऐसा) होता तो) ख़ुदा चाहता तो तुम्हारे दिल पर मोहर लगा देता (कि तुम बात ही न कर सकते) और ख़ुदा तो झूठ को नेस्तनाबूद और अपनी बातों से हक़ को साबित करता है वह यक़ीनी दिलों के राज़ से ख़ूब वाक़िफ है	पूरी सूचना सही से बताई जा सकती है।	0.6291573643684387	0.25408607721328735	0.29436129331588745
No, but I traded the BMW in for a Mercedes four fucking weeks ago, remember?	लेकिन मर्सिडीज़ के लिए उसका सौदा किया था। याद है चार हफ़्ते पहले।	नो, लेकिन मैं बीएमवी को एमएससी के लिए ट्रेडेड कर दिया था आप दो दिन पहले यह बात बता रहे थे	0.7115678787231445	0.5128352046012878	0.4098946154117584
- No. Not here!	- यहाँ नहीं नहीं!	अरे अरे!	0.7392967343330383	0.5261428952217102	0.5358383655548096
It shall insistently summon him who turned his back and retreated,	(और) उन लोगों को अपनी तरफ बुलाती होगी	यह सुनिश्चित करने वाला होगा कि वह जिस समय से वापस है वही जिस दृष्टिकोण से वापस है वही जिस दृष्टिकोण से वापस है वही जिस दृष्टिकोण से वापस है वही जिस दृष्टिकोण से वापस है वही जिस दृष्टिकोण से वापस है वही जिस दृष्टिकोण से वापस है वही जिस दृष्टिकोण से वापस है वही जिस दृष्टिकोण से वापस है वही जिस दृष्टिकोण से वापस है वही जिस दृष्टिकोण से वापस है वही जिस दृष्टिकोण से वापस है वही जिस दृष्टिकोण से वापस है वही जिस दृष्टिकोण से वापस है वही जिस दृष्टिकोण से वापस है वही जिस दृष	0.5682880282402039	0.2565813362598419	0.04350118339061737
And we've gathered around for that.	और हम उसके लिए चारों ओर इकट्ठा किया है।	और हम सभी इका रहे तुम सभे ने!	0.712498128414154	0.35202234983444214	0.10347668826580048
MURPH:	MURPH:	ये है मॉर्फ:	0.6974407434463501	0.5627297163009644	0.5957190990447998
And the mountains – how they have been established?	और पहाड़ों की तरफ़ कि किस तरह खड़े किए गए हैं	और उन चीज़ों के बारे में क्या है जो प्रायदव के पर्वतों से हैं?	0.733843207359314	0.475506454706192	0.6110529899597168
Bold	गाढ़ा	पढ़िया	0.8873680830001831	0.43609973788261414	0.7244772911071777
And he is going to say the word that I have prepared for you.	और वह मैं आप के लिए तैयार किया है कि शब्द कहने जा रहा है.	और वे कुछ भी बताएँ जो मैंने पहले तो नहीं सोची।	0.7334579229354858	0.4678443968296051	0.45173242688179016
Configure external packages	कॉन्फ़िगर संकुल	कक्षाएँ बाहर निर्मित कार्यों से संबंधित होने चाहिए	0.6256689429283142	0.47282323241233826	0.38782602548599243
The bank, which declined to comment on the suspensions, confirmed this month that it has received requests for information from regulators.	बैंक ने निलम्बन के बारे में टिप्पणी करने से इन्कार करते हुए पुष्टि की है कि बैंक को इस महीने विनियामकों से सूचना के लिए अनुरोध प्राप्त हुआ है।	बैंक, जिसने कुछ प्रतिक्रियाएँ कहीं कि उसे कुछ प्रतिक्रियाएँ कहीं, ने इस बारे में कुछ स्पष्टीकरण दी है.	0.689880907535553	0.38312435150146484	0.46178102493286133
What! Do those who seek after evil ways think that We shall hold them equal with those who believe and do righteous deeds,- that equal will be their life and their death? Ill is the judgment that they make.	जो लोग बुरा काम किया करते हैं क्या वह ये समझते हैं कि हम उनको उन लोगों के बराबर कर देंगे जो ईमान लाए और अच्छे अच्छे काम भी करते रहे और उन सब का जीना मरना एक सा होगा ये लोग (क्या) बुरे हुक्म लगाते हैं	अरे, क्या वे जो हद तक लालच व्यवहार कर रहे हैं वोी बात से सहमत हूँ कि जो लोग हद तक लालच व्यवहार कर रहे हैं वोी बात से सहमत हूँ कि जो लोग हद तक लालच व्यवहार कर रहे हैं वोी बात से सहमत हूँ कि जो लोग हद तक लालच व्यवहार कर रहे हैं वोी बात से सहमत हूँ कि जो लोग हद तक लालच व्यवहार कर रहे हैं वोी बात से सहमत हूँ कि जो लोग हद तक लालच व्यवहार कर रहे हैं वोी बात से सहमत हूँ कि जो लोग हद तक लालच व्यवहार कर रहे हैं वोी बात से सहमत हूँ कि जो लोग हद तक लालच व्यवहार कर रहे हैं वोी बात से	0.586671769618988	0.354356586933136	0.0705442875623703
Ignore him. He's senile.	ये तो सठीया गए हैं	Ignore him. वे सेंलर हैं।	0.6696380972862244	0.4449150264263153	0.4934591054916382
Failed to get the DN for user '%s'	DN को उपयोक्ता '%s' के लिए पाने में विफल	यूज़र के लिए एनएआई की डीएन के लिए अनुरोध	0.7206141948699951	0.4858050048351288	0.4675425589084625
Your names	EMAIL OF TRANSLATORS	आपके नाम	0.6161525249481201	0.3830074965953827	0.659494161605835
translator-credits	राजेश रंजन (rajeshkajha@yahoo.com, rranjan@redhat.com)%d hit(s) on this page	पाठ-प्रवृत्ति-स्वाताना	0.5509817600250244	0.3336440622806549	0.19058476388454437
Worldly desires, wives, children, accumulated treasures of gold and silver, horses of noble breed, cattle, and farms are all made to seem attractive to men. All these are the bounties of the worldly life but in the life to come God has the best place for people to dwell.	मनुष्यों को चाहत की चीजों से प्रेम शोभायमान प्रतीत होता है कि वे स्त्रिमयाँ, बेटे, सोने-चाँदी के ढेर और निशान लगे (चुने हुए) घोड़े हैं और चौपाए और खेती। यह सब सांसारिक जीवन की सामग्री है और अल्लाह के पास ही अच्छा ठिकाना है	यह जीवन के worldly जुनून और प्रेम के बारे में है। यह जीवन के प्रति लोगों को आकर्षक बनाते हैं और उन्हें ऐसा भी लगता है कि यह जीवन का सबसे अच्छा तरीके से रूपांग है।	0.7057318091392517	0.380069762468338	0.3518144488334656
"And pray: ""O my Lord, let my entry be with honour, and let my exit be with honour, and grant me power from You which would help (sustain) me."""	"और कहो, ""मेरे रब! तू मुझे ख़ूबी के साथ दाख़िल कर और ख़ूबी के साथ निकाल, और अपनी ओर से मुझे सहायक शक्ति प्रदान कर।"""	"और प्रार्थना: ""हे प्रिय-देवा, मेरे प्रवेश को मेरी परवाह के साथ साथ, मेरी परवाह के साथ ही मुझे शक्ति देने वाले से प्राप्त करना होगा।"	0.7457966804504395	0.44566094875335693	0.407215416431427
There are no songs to write to disc	डिस्क में लिखने के लिए कोई गीत नहीं है	अरे वो लिखने के लिए नहीं हो सकते कि तुम वो लिखने के लिए भी नहीं हो सकते	0.7104735374450684	0.35551008582115173	0.1185532659292221
An ordinary citizen writes about the rich culture of celebrating the Bangla New Year, Pahela Baishakh in Bangladesh.	एन आर्डिनेरी सिटिज़न ने बांग्लादेश में बांग्ला नववर्ष पोएला बोइशाख के पारंपरिक उत्सव और सांस्कृतिक धरोहर के बारे में पोस्ट लिखी है।	बांग्ला न्यू यार्ड की समृद्ध संस्कृति की प्रशंसा के लिए बांग्ला	0.6891238689422607	0.43434759974479675	0.18039923906326294
Can nothing be done? !	कुछ भी नहीं किया जा सकता है?	क्या भी किया जा सकता है?	0.90470290184021	0.836338996887207	0.726192831993103
- You hit him with a bicycle pump?	- तुमने उसे एक साइकिल पंप से मारा?	- हिल करने वाले की बाइक पंप के साथ क्या हुआ?	0.7795730233192444	0.4561213254928589	0.5402193665504456
I worried they take you away from me.	मुझे लगता है वे मुझे से दूर ले चिंतित है.	मैं चिंता करता हूँ कि वे आपको मुझसे दूर नहीं कर देते तो कुछ है।	0.7755096554756165	0.5447868704795837	0.4622504711151123
Y-you're gonna wear out the spring coil.	छल्लेदार स्प्रिंग घिस जाएगी।	आपको स्प्रिंग कोइल को चिकनाई पर ध्यान देने की आवश्यकता है.	0.7491385340690613	0.4100777208805084	0.447759747505188
I don't know.	मैं नहीं जानता.	पूछने के बारे में।	0.7346921563148499	0.4019598662853241	0.19667507708072662
Korean (_UHC)	कोरियाई (_UHC)	कोरियाई (_UHC_)	0.9775812029838562	0.9714104533195496	0.7839089632034302
No. You know what I'm gonna do for you?	नहीं, तुम्हें पता है मैं तुम्हारे लिए क्या कर रहा हूँ पता है क्या?	No. आप जानते हैं मैं किसी को क्या कर रहा हूँ?	0.7487919926643372	0.6389055848121643	0.5202693343162537
If you ask them, ‘Who created the heavens and the earth?’ they will surely say, ‘Allah.’ Say, ‘Have you considered what you invoke besides Allah? Should Allah desire some distress for me, can they remove the distress visited by Him? Or should He desire some mercy for me, can they withhold His mercy?’ Say, ‘Allah is sufficient for me. In Him let all the trusting put their trust.’	"यदि तुम उनसे पूछो कि ""आकाशों और धरती को किसने पैदा किया?"" को वे अवश्य कहेंगे, ""अल्लाह ने।"" कहो, ""तुम्हारा क्या विचार है? यदि अल्लाह मुझे कोई तकलीफ़ पहुँचानी चाहे तो क्या अल्लाह से हटकर जिनको तुम पुकारते हो वे उसकी पहुँचाई हुई तकलीफ़ को दूर कर सकते है? या वह मुझपर कोई दयालुता दर्शानी चाहे तो क्या वे उसकी दयालुता को रोक सकते है?"" कह दो, ""मेरे लिए अल्लाह काफ़ी है। भरोसा करनेवाले उसी पर भरोसा करते है।"""	"अगर आप उनसे कहती हो कि ‘गोददल के कलाकार हैं वे कौन हैं?’ उन्होंने कहा, ‘सभी भगवान का कलाकार हैं वे कौन हैं?’
और अगर वे कहें, ‘अगर भगवान का कलाकार है वो कौन हैं?’ उन्हें यह भी पता हो सकता है कि कौन से भगवान का कलाकार हैं वो कौन हैं।"	0.6443309187889099	0.3737684190273285	0.3338383436203003
"So when her husband saw his shirt torn from the back, he said, ""Indeed, it is of the women's plan. Indeed, your plan is great."	"फिर जब देखा कि उसका कुर्ता पीछे से फटा है तो उसने कहा, ""यह तुम स्त्रियों की चाल है। निश्चय ही तुम्हारी चाल बड़े ग़ज़ब की होती है"	यह तब होता कि पुरुष की पत्नी के पास सिर से गिरा हो जे उसके लिए असली समस्या नहीं हो कि वह सिर से गिरा हो जे.	0.6603047251701355	0.2963917553424835	0.20563505589962006
Show field i_n View	दृश्य में क्षेत्र दिखायें (_n)	प्रदर्शन की सूचना दिखाएँ	0.7693349719047546	0.4867723882198334	0.6425958871841431
Thanks. I think.	शुक्रिया, मेरे खयाल से।	अधिकार्यता: मुझे लगता है ठीक ऐसा हो सकता है।	0.6483228206634521	0.44398215413093567	0.3116343319416046
Maybe the even the shroud itself, everything.	शायद यह भी कफन ही, सब कुछ.	शायद ही हो के यहाँ इसका प्रयोग होता है, वह भी.	0.7741446495056152	0.38542440533638	0.09750764071941376
I've seen pushing carts around army camps making grand claims about jars full of pig shit...	मैं सेना शिविरों के आसपास गाड़ियां धक्का देखा है सुअर गंदगी से भरा जार के बारे में भव्य दावा कर ...	मैंने सुना कि जारियों में कारी करने वाले लोग बड़े प्रचलित कार्यों के लिए जारी किए जाते हैं...	0.7255587577819824	0.36443081498146057	0.3132956624031067
Add	जोड़ें	जो भी हो,	0.7344375252723694	0.4456370770931244	0.27360498905181885
As an example I have handed over my blog posting rights to a free speech	अपने ब्लॉग अंतर्राष्ट्रीय रिपोर्टरों और चिट्ठाकारों के सुपुर्द कर उन्हें जारी रखें।	चूँसे यहाँ एक उदाहरण देने वाला हूँ - एक गैर-राजनीतिक गोपनीयता के साथ हूँ।	0.6544266939163208	0.41908887028694153	0.3865642249584198
_Next	अगला (_N)	सर्वोत्तम	0.6681301593780518	0.5234062075614929	0.56390380859375
You are in Cape Canaveral and you are Head of Mission Control.	आप केप केनवरल में हैं और आप मिशन कंट्रोल के प्रमुख हैं.	आप कप कैनेवाल में हैं और आप मिशन कंट्रोल क center की हैं।	0.8529895544052124	0.6126406788825989	0.3717922568321228
It produces its fruit all the time, by permission of its Lord. And Allah presents examples for the people that perhaps they will be reminded.	अपने रब की अनुमति से वह हर समय अपना फल दे रहा हो। अल्लाह तो लोगों के लिए मिशालें पेश करता है, ताकि वे जाग्रत हों	यह अपने पेड़ को हमेशा बनाए रखने के लिए अनुमति प्राप्त करता है। और हाल ही, ईश्वर ने ऐसी पीढ़ियों में से एक शिक्षाप्रदान करने वाले एक पेड़ को हमेशा बनाए रखने के लिए अनुमति प्राप्त करना आवश्यक नहीं है और इसका पालन करना आवश्यक नहीं है।	0.6849322319030762	0.3979804217815399	0.3597911596298218
All that is in the heavens and the earth glorify God. He is Majestic and All-wise.	जो जो चीज़ सारे आसमान व ज़मीन में है सब ख़ुदा की तसबीह करती है और वही ग़ालिब हिकमत वाला है	अभी भी ये सब गाते हैं और गाते हैं हो प्रेमी गाते हैं। वे सभी गाते हैं हो प्रेमी गाते हैं।	0.6366139650344849	0.24605020880699158	0.11940263211727142
- It does not matter where she is.	- यह कोई फर्क नहीं पड़ता है जहाँ वह है।	- उसमें भी नहीं अंतर है.	0.7836655974388123	0.5363686084747314	0.33424338698387146
Reload current file	री-लोड फ़ाइल	रिफाइल करें	0.7485191226005554	0.6428009867668152	0.6903241872787476
Ignorance is not the same... as innocence.	अज्ञान में ही नहीं है ... मासूमियत के रूप में।	अपूर्ण ज्ञान की तुलना मेंगिनी से भी बेहतर नहीं हो सकता है.	0.7225713133811951	0.4406433403491974	0.4390544891357422
Proceed	आगे बढ़ें	प्रक्रिया	0.7226733565330505	0.5545310378074646	0.5862102508544922
But to your Lord is the return.	निश्चय ही तुम्हारे रब ही की ओर पलटना है	लेकिन आपके पास वापस आने का भी तरीका है।	0.6372976303100586	0.5484934449195862	0.7030596733093262
- Did you file the football yet?	- अगर आप अभी तक फुटबॉल दायर की थी?	- क्या तुमने फुटबॉल का रिकॉर्ड जमा कर दिया?	0.8029937744140625	0.6795494556427002	0.6151379942893982
Clock	घड़ीName	स्टेशन	0.686407744884491	0.5119998455047607	0.5635162591934204
Dumpling Squad!	डंपलिंग दल!	डुमpling स्वामी!	0.778416097164154	0.5312113165855408	0.4661921262741089
And say: We (now) believe therein. But how can they reach (faith) from afar off,	"और कहेंगे, ""हम उसपर ईमान ले आए।"" हालाँकि उनके लिए कहाँ सम्भव है कि इतने दूरस्थ स्थान से उसको पास सकें"	और कहें: हम (अब) विश्वास करते हैं लेकिन यह ज्ञा के रूप में उन स्थानों से भी हो सकती है.	0.7065701484680176	0.4965626299381256	0.6282767057418823
Yahoo! Japan	Yahoo! Japan	यॉ! जापान	0.7543869018554688	0.6197860836982727	0.600456714630127
SciDev.Net's conference blog reports that:	नेट के सम्मेलन ब्लॉग ने रपट दी:	चीज़ डिवेल.एन्टिटिव्स का कॉन्फ़रेंस ब्लॉग रिपोर्ट बताता है कि:	0.7286702394485474	0.5595152974128723	0.39711517095565796
_Contents	विषय सूची (_C)	अन्य	0.6907736659049988	0.5224037766456604	0.5880370736122131
WITH THAT, THEY COULD PUT HIM AT THE JOB.	उस के साथ, वे काम पर उसे डाल सकता है.	यह, तो उन्होंने काम पर लेागा |	0.7570623755455017	0.4712865650653839	0.2866877615451813
Attachment Reminder	संलग्नक स्मारक	अनुवर्तित सूचना	0.760261058807373	0.5492478013038635	0.7944155931472778
What rifles? You got a Chink with a sword and a buncha juggling idiots.	आप एक तलवार और जादू बेवकूफों का एक गुच्छा के साथ एक झनझन मिला.	यह कौन से? आप की चिंग से क्या है? आप एक सिरे से लड़ा चुके लोगों ने जो है, वह इस तरह हो सकती है कि आप इसको समझ कर बैठ सकते हैं।	0.6887382864952087	0.3372141420841217	0.24714629352092743
He will send down abundant rain from the sky for you,	(और) तुम पर आसमान से मूसलाधार पानी बरसाएगा	उन्होंगें देश से विशालु वर्ष की क्षमा प्राप्त जल स्रोत से आपको जीवन की यात्रा में जो जल स्रोत प्राप्त करने योग्य हैं, वे सभी हैं।	0.6589368581771851	0.3231574296951294	0.11471690237522125
There are no songs to write to disc	डिस्क में लिखने के लिए कोई गीत नहीं है	अरे वो लिखने के लिए नहीं हो सकते कि तुम वो लिखने के लिए भी नहीं हो सकते	0.7104735374450684	0.35551008582115173	0.1185532659292221
I've tried thinking and reading about all sorts of different things.	मैंने बहुत-सी चीज़ों के बारे में सोचने और पढ़ने की कोशिश की है.	मैं सोच रहा था और मैंने ऐसी कई चीज़ें पढ़ी थीं।	0.7976233959197998	0.7084497213363647	0.7650220990180969
The event could not be deleted due to an error: %s	एक त्रुटि के कारण कार्यक्रम विलोपित नहीं किया जा सका: %s	"अद्यतन किया जा सकता है:
अनुपस्थिति में गलती के कारण: %s"	0.76869797706604	0.4848492443561554	0.3766537010669708
The past three have seen hundreds of new blogs and forums.	पिछले तीन वर्षों में सैकड़ों नए ब्लॉग और फ़ोरम बने हैं.	बहुत सारे लोगों ने hundreds of नये ब्लॉग और फ़ोर्म स्थापित किए हैं।	0.8396238088607788	0.7660236954689026	0.5939562320709229
The door was open, and he saw this crazy woman in the bathtub.	दरवाजा खुला था, और उसने बाथ टब में उस पागल औरत को देखा.	पीछे खुला था, और वह ने इस बिल्डिंग के डॉक्टर को इस क्रूरी महिला की जान-बाज़ार में स्थित एक डॉक्टर की भूमिका के बारे में	0.7547736167907715	0.3455284535884857	0.2244769185781479
You're late, pretty boy.	तुम देर से, सुंदर लड़के हैं.	प्रिय जी, आप परेशानी किये, खास तौर पर परेशानी की बात है।	0.7086352705955505	0.3435332179069519	0.3736569583415985
And I don't want to work with you.	और मैं तुम्हारे साथ काम करने के लिए नहीं करना चाहती.	और मैं चाहता नहीं कि मैं आपसे काम ले सके.	0.8346064686775208	0.6560343503952026	0.5948978662490845
Battery at warning level	बैटरी चेतावनी स्तर पर हैComment	बैटरी चेतावनी स्तर पर सावधान	0.863313615322113	0.8293315172195435	0.6582573652267456
Let me hear a massive cheer for getting Climate Camp 2009 started!	मुझे ज़ोर से हर्षध्वनी सुनाई देनी चाहिए, क्लाइमेट कैम्प 2009 को आरम्भ करने के लिए	मैं सुनने के लिए विशाली शिरोधा के लिए क्लाइमैक 2009 की शुरुआत करने के लिए एक बड़ी संगिनी की संगिनी की संगिनी की संगिनी की संगिनी की संगिनी की संगिनी की संगिनी की संगिनी की संगिनी की संगिनी की संगिनी की संगिनी की संगिनी की संगिनी की संगिनी की संगिनी की संगिनी की संगिनी की संगिनी की संगिनी की संगिनी की संगिनी की संगिनी की संगिनी की संगिनी की संगिनी की संगिनी की संगिनी की संगिनी की संगिनी की संगिनी की संगिनी की संगिनी की संगिनी की संगिन	0.5900546312332153	0.26175424456596375	0.1035190224647522
_Image	छवि (_I)	अंग	0.7045245170593262	0.5553010106086731	0.575196385383606
Open the selected image with a different application	चयनित छवि भिन्न अनुप्रयोग से खोलें	चुने गए विषय के लिए किसी अन्य प्रोग्राम को ओपन करें	0.7154080867767334	0.5830017924308777	0.7441319823265076
Your creation and your upraising are as but as a single soul. God is All-hearing, All-seeing.	तुम सबका पैदा करना और फिर (मरने के बाद) जिला उठाना एक शख्स के (पैदा करने और जिला उठाने के) बराबर है बेशक ख़ुदा (तुम सब की) सुनता और सब कुछ देख रहा है	आपकी संस creation और आपकी अपवाद आपकी एक स sole एक ही व्यक्ति के रूप में हैं। ईश्वर एक हears, एक ही देखरेखी हैं।	0.64008629322052	0.27643483877182007	0.20267289876937866
"""And O my people! I fear for you a Day when there will be Mutual calling (and wailing),-"	और ऐ मेरी क़ौम के लोगो! मुझे तुम्हारे बारे में चीख़-पुकार के दिन का भय है,	और ओ मेरी लोग! मैं चिंता की बात कर रहा हूँ कि एक दिन हमें साथ आ रहे लोगों के संकल्प (और सांगते) सुनने की सुविधा होगी।	0.6905909776687622	0.4750346839427948	0.4633110761642456
If Hasan Khan's security has been compromised, then it is a very serious matter.	अगर हसन खान की सुरक्षा के साथ समझौता किया गया है तो यह बहुत गंभीर बात है।	अगर हसैन खान की सुरक्षा में कमी हुई तो उसे बहुत ज़्यादा गंभीरता से जोड़ा दिया जाना चाहे तो काफ़ी है।	0.7888882160186768	0.5685343146324158	0.6176829934120178
He said: Lo! I fain would marry thee to one of these two daughters of mine on condition that thou hirest thyself to me for (the term of) eight pilgrimages. Then if thou completest ten it will be of thine own accord, for I would not make it hard for thee. Allah willing, thou wilt find me of the righteous.	(और इनमें दोनों बातें पायी जाती हैं तब) शुएब ने कहा मै चाहता हूँ कि अपनी दोनों लड़कियों में से एक के साथ तुम्हारा इस (महर) पर निकाह कर दूँ कि तुम आठ बरस तक मेरी नौकरी करो और अगर तुम दस बरस पूरे कर दो तो तुम्हारा एहसान और मै तुम पर मेहनत मशक्क़त भी डालना नही चाहता और तुम मुझे इन्शा अल्लाह नेको कार आदमी पाओगे	यह कहा: लो, मैं तुम्हारे लिए दस लोगों को गृहस्था करने के लिए कहा।	0.6682204008102417	0.3582359552383423	0.17773020267486572
You got paint on you.	तुम्हारे रंग लग गया है.	आपके पेंसल पर चम्मच थोड़ा गिरा था.	0.7198528051376343	0.33000612258911133	0.21808409690856934
Hello, my name is Dick Hallorann.	नमस्ते, मेरा नाम डिक हैलोरन है.	हैलो, मेरा नाम डिक हॉलोरनन है।	0.8972678184509277	0.9463900327682495	0.931674063205719
We are the best Knower of that which they say, and thou art not over them over them tyrant. Wherefore admonish thou by the Qur'an him who feareth My threat.	हम जानते है जो कुछ वे कहते है, तुम उनपर कोई ज़बरदस्ती करनेवाले तो हो नहीं। अतः तुम क़ुरआन के द्वारा उसे नसीहत करो जो हमारी चेतावनी से डरे	"यह सही ज्ञात व्यक्ति को उन्होंसे उन पर शासन करने वाला है कि जहाँ वे आते हैं, वे अपनी आत्रता के बारे में सोचने लगें तो उनसे यह कह देना चाहूँगी कि हम आपको अपनी आत्रता के बारे में सोचने पर मजबूर नहीं हो सकते कि हम आपके इस शासन पर सोचने पर भी अस्वस्थ राहेंटा हो सकते हैं।

इस प्रकार से हम आपको सलाह देने वाले हो सकते हैं, लेकिन हम आपको डर नहीं कर सकते कि आपको इसके लिए राह हो सकते हैं।"	0.6793274283409119	0.4092864394187927	0.3399313688278198
Bhairava!	भैरवा!	बहु बुद्ध!	0.8179859519004822	0.6690515875816345	0.7796918153762817
If my dad could see me now...	यदि मेरे पिता अब मुझे देख सकता था...	अगर मेरे पिताजी को अब मैं समझ पाता तो...	0.8326035141944885	0.7440018653869629	0.5915173292160034
Tet's offline in 15 minutes.	15मिनटमेंTet केऑफ़लाइन	15 मिनट में टीट फ़ैसले से offline हो सकते हैं।	0.7055436372756958	0.5218760967254639	0.5496057271957397
..that we're going to be blessed with a girl instead of useless boys.	..that हम बेकार लड़के के बजाय एक लड़की के साथ धन्य हो जा रहे हैं।	जिस विषय पर हमें बात करनी है, उस विषय पर हमें जिस तरह का बाध्य भी है, उस विषय पर हमें जिस तरह का शुभवाद जोड़ा जाता है, उस विषय पर हमें जिस तरह का शुभवाद दिया जाता है, उस विषय पर हमें जिस तरह का शुभवद्दु दिया जता है, उस विषय पर हमें जिस तरह का शुभवद्दु दिया जता है, उस विषय पर हमें जिस तरह का शुभवद्दु दिया जता है, उस विषय पर हमें जिस तरह का शुभवद्दु दिया जता है, उस विषय पर हमें जिस तरह का शुभवद्दु दिया जता है, उस विषय पर हमें जिस तरह का शुभवद्दु दिया जता है, उस विषय पर हमें जिस तरह का शुभवद्दु दिया जता है, उस विषय पर	0.5445709824562073	0.3205989897251129	0.052574917674064636
Add	जोड़ें (d)	जो भी हो,	0.7006075382232666	0.4325157701969147	0.25858789682388306
L have your child.	मैं अपने बच्चे है.	योर किडी वाले?	0.6915521025657654	0.4151076078414917	0.2700623571872711
Tweedledee and Tweedledum went out the door, and in came Tweedle Dumb and Dumber.	दोनों नाकारा लोगों को दरवाज़ा दिखाया गया... और आए दो और नाकारा लोग।	तूडलीड और तूडलडम ने बाहर निकला, और अंदर आन विलासी व्यवहार की।	0.6884192228317261	0.3404770791530609	0.2038928121328354
And glorify His Praises morning and afternoon [the early morning (Fajr) and 'Asr prayers].	और प्रातःकाल और सन्ध्या समय उसकी तसबीह करते रहो -	और ईश्वर की प्रशंसाएँ दिन और दिन [रोज़ारोज़ाई और रोज़ारोज़ाई]।	0.6660715937614441	0.41490522027015686	0.2756613790988922
2O million pounds.	2O लाख पाउंड.	2ओ.एम.	0.6737067699432373	0.42676404118537903	0.23648422956466675
Exaltations be to the Lord of the heavens and the earth, the Lord of the Throne, above that which they describe'	"आकाशों और धरती का रब, सिंहासन का स्वामी, उससे महान और उच्च है जो वे बयान करते है।"""	अभिष्टि के लिए भगवानheaven और earth, भगवान के throne पर those उनके वर्ण के लोगों के प्रति ऐसी है	0.6599142551422119	0.3467954695224762	0.1368539035320282
- You need a time-out!	- तुम्हें अकेले रहना चाहिए!	यू नेविड?	0.6473990082740784	0.3586326539516449	0.0655277818441391
%s (%s)	%s (%s)	सही से सही	0.7201125621795654	0.4295436441898346	0.5359282493591309
I have been expecting you Captain. Perhaps you would like some tea.	मैं तुम्हारे लिए इंतजार कर रहा था कप्तान- शायद आपको कुछ चाय पसंद है?	कैप्टेन, मैं आपको इंतज़ार कर रही थी। शायद आप भी चाहते हैं कि मैं आपको टिप्पड्स से भी बनी हो कुछ ख़ासतौर से आपको कप्ट्री स्टोरी से भी बनी हो कुछ	0.718567430973053	0.33428940176963806	0.19409866631031036
Allah and His angels praise and venerate the Prophet. Believers, praise and venerate him and pronounce peace upon him in abundance.	इसमें भी शक नहीं कि खुदा और उसके फरिश्ते पैग़म्बर (और उनकी आल) पर दुरूद भेजते हैं तो ऐ ईमानदारों तुम भी दुरूद भेजते रहो और बराबर सलाम करते रहो	प्रपंक्ति एवं पूजकों का प्रलय एवं पूजकों ने राष्ट्रपति के प्रति बहुत प्रलय का अनुभव किया है।	0.6332795023918152	0.34969043731689453	0.2608017325401306
No, I'm in the middle of something.	नहीं, मैं कुछ के बीच में हूँ.	पूरी सूचना बताने वाले से नहीं हो सकती हूँ।	0.7311890721321106	0.37400245666503906	0.38074421882629395
The action, 16th of December, where NGOs and small nations and countries, all sorts of people from inside the conference...	16 दिसम्बर की कार्यवाही जिसमें एन. जी.	"दिए गए संदर्भ में होने वाली किसी भी तरह से अनुचित या अवैध नहीं माना जा सकता है।

कृपया निमंत्रण के रूप में इस पर चर्चा नहीं करेंगे।"	0.6174412369728088	0.40861156582832336	0.1538676619529724
After that, surely, you will die.	फिर तुम अवश्य मरनेवाले हो	अरे, तो फिर तुम मर जाएंगे।	0.7828680276870728	0.7561659216880798	0.7342637777328491
[man speaking native language]	[पुरुष अपनी मातृभाषा में बोल रहा है]	"यहाँ जानकारी दी जा रही है:
[व्यक्ति बोलते हुए प्रासंगिक जानकारी}]"	0.6499860882759094	0.45722565054893494	0.23804084956645966
#As the earth turns and the summer's all gone#	# दिखाएँ # पर चला जाता है पृथ्वी बदल जाता है और गर्मियों के सभी # रूप में चला गया	पृथक, ऐसा ही रहेगा	0.6320308446884155	0.3503256142139435	0.21108028292655945
Do they wait for any thing but the Hour (of change), that it may come upon them suddenly? Its signs have already appeared. How then will they be warned when it has come upon them?	तो क्या ये लोग बस क़यामत ही के मुनतज़िर हैं कि उन पर एक बारगी आ जाए तो उसकी निशानियाँ आ चुकी हैं तो जिस वक्त क़यामत उन (के सर) पर आ पहुँचेगी फिर उन्हें नसीहत कहाँ मुफीद हो सकती है	प्रश्न: क्या वे इंतज़ार किसी भी चीज़ के लिए समय दे सकते हैं यदि वह कुछ भी चीज़ के लिए समय देने के लिए संकेत दे सकते हैं कि वे आगे क्या चीज़ होंगे यदि वे समय देने लगें तो वे किस प्रकार से काम करेंगे यदि वे समय देने लगें तो वे किस प्रकार से काम करेंगे	0.668560266494751	0.4084363877773285	0.290137380361557
"""In rhapsody that day As a whiplash today"""	"""धुन में उस दिन एक चोट आज के रूप में"""	कभी-कभी ये वाक्याँ आज होते हैं और आज हम उनके रूप में लिख रहे हैं	0.6869587898254395	0.4316066801548004	0.5059553980827332
Start date invalid.	आरंभिक तारीख अवैध है.	स्टार्ट डेट सिन्क्राइजी असिन्टिनीज़ की सिन्क्राइज़ की शुरुआत असिन्टिनीज़ की शुरुआत नहीं की गई है।	0.6400942206382751	0.35382401943206787	0.17227625846862793
"William Long posted some spoofing videos produced by Google and Baidu, in which, Google called Baidu ""hundred poisons"" and Baidu mocked google as a foreign / alien company (zh)."	"विलियम लाँग ने गूगल और बायडू द्वारा निर्मित कुछ पैरोडी विडियो पोस्ट किये हैं जिनमें गूगल ने बायडू को ""हंड्रेड पॉयज़न"" यानि ज़हरीला पुकारा तो बायडू ने गूगल को विदेशी बाहरी कंपनी कह कर चिढ़ाया।"	"विलियम लॉन्ग ने कुछ हैरान बातें सोशल मीडिया प्लेटफ़ॉर्म की ""हड्डी से प्यार"" करने वाली गाड़ियों को ""बिल्ली जो हड्डी जो है"""	0.6991492509841919	0.34046921133995056	0.25468581914901733
It's not a rat!	यह एक चूहा नहीं है!	बार-बार लिखा जाने वाला कीड़ा है नहीं!	0.7563115358352661	0.3581944406032562	0.40997380018234253
Unicode (UTF-3_2 LE)	यूनिकोड (UTF-3_2 LE)	यूनिक्स (यू.एफ.3.2 एल.ई.)	0.7663695812225342	0.5463482737541199	0.7211524248123169
I left the apartment this morning so mad.	मैं आज सुबह तो पागल घर छोड़ दिया.	मैं सुबह अपार्टमेंट से निकला क्या रहा ?	0.7932437062263489	0.4967074692249298	0.43386876583099365
It is Allah Who made out of the things He created, some things to give you shade; of the hills He made some for your shelter; He made you garments to protect you from heat, and coats of mail to protect you from your (mutual) violence. Thus does He complete His favours on you, that ye may bow to His Will (in Islam).	और अल्लाह ने तुम्हारे लिए अपनी पैदा की हुई चीज़ों से छाँवों का प्रबन्ध किया और पहाड़ो में तुम्हारे लिए छिपने के स्थान बनाए और तुम्हें लिबास दिए जो गर्मी से बचाते है और कुछ अन्य वस्त्र भी दिए जो तुम्हारी लड़ाई में तुम्हारे लिए बचाव का काम करते है। इस प्रकार वह तुमपर अपनी नेमत पूरी करता है, ताकि तुम आज्ञाकारी बनो	Aam Aajib ka Rashan: 09-2016	0.5624496340751648	0.16009780764579773	0.031975846737623215
CSV Import Filter for KSpread	केस्प्रेड के लिए सीएसवी आयात फ़िल्टरName	बिलकुल। क्रिप्चज़ कोड़ इम्पोर्ट फ़िल्टऱ के लिए कि कोई भी विवरण जोड़ने या हटाने के बारे में कोई जानकारी स्टोरेज़ की स्थिति को सुधारने या सुधारने के लिए कोई जानकारी लेने या लेने के लिए कोई जानकारी स्टोरेज़ की स्थिति को सुधारने या सुधारने के लिए कोई जानकारी लेने या लेने के लिए कोई जानकारी स्टोरेज़ की स्थिति को सुधारने या सुधारने के लिए कोई जानकारी लेने या लेने के लिए कोई जानकारी स्टोरेज़ की स्थिति को सुधारने या सुधारने के लिए कोई जानकारी लेने या लेने के ल	0.6018330454826355	0.3502403795719147	0.044486142694950104
To this he himself shall bear witness.	और निश्चय ही वह स्वयं इसपर गवाह है!	यह वो ही himself से बात करेगा।	0.6824669241905212	0.43261659145355225	0.37447112798690796
Say, “Who is it who will shield you from God, if He intends adversity for you, or intends mercy for you?” Besides God, they will find for themselves neither friend nor helper.	(ऐ रसूल) तुम उनसे कह दो कि अगर खुदा तुम्हारे साथ बुराई का इरादा कर बैठे तो तुम्हें उसके (अज़ाब) से कौन ऐसा है जो बचाए या भलाई ही करना चाहे (तो कौन रोक सकता है) और ये लोग खुदा के सिवा न तो किसी को अपना सरपरस्त पाएँगे और न मद्दगार	अपने आप पर God की रक्षा करने वाले लोगों को भी यह बात बताने से पहले पड़ती है.	0.6393436193466187	0.24498963356018066	0.2691147029399872
How does a tiger get in the bathroom?	कैसे एक शेर में प्राप्त करता है बाथरूम?	बाथपाने से तिगर के लिए कैसे अंदर आ जाती है?	0.7795059084892273	0.4361456036567688	0.5303784608840942
“%s” Properties	“%s” गुण	%s से संबंधित स्थान	0.7790684700012207	0.6188380122184753	0.7959555387496948
Is a watchtower.	यह गुम्मट है.	ई.सी. जी का यह वाक्य विवरण के लिए एक watchtower के रूप में है।	0.6837582588195801	0.4443167746067047	0.3870716094970703
If only he could have given me a child.	काश वह मुझे एक बच्चा दिया होता.	अगर वो अपने बच्चे का पालन कर सके तो।	0.7482194900512695	0.40972986817359924	0.35914695262908936
My son, be steadfast in prayer. Make others do good. Prevent them from doing evil. Be patient in hardship. Patience comes from faith and determination.	"""ऐ मेरे बेटे! नमाज़ का आयोजन कर और भलाई का हुक्म दे और बुराई से रोक और जो मुसीबत भी तुझपर पड़े उसपर धैर्य से काम ले। निस्संदेह ये उन कामों में से है जो अनिवार्य और ढृढसंकल्प के काम है"	मेरे बेटे, अपने पापा को ईर्ष्या से अपने पापा को ध्यान में रखने के लिए मजबूर करना है।	0.6865856647491455	0.26138606667518616	0.1741153597831726
Shut up, Alan.	/ अच्छा है. वह सिर्फ भूखा था.	अलान, शायद?	0.7104232311248779	0.40960466861724854	0.4569412171840668
We made our pledge to the Führer.	हमने फ्यूरर के लिए प्रतिज्ञा ली है.	फ़ूर्टर फ़र्ज़ी का प्रतिनिधिमान है।	0.7413543462753296	0.5346811413764954	0.44513455033302307
_Save Draft	मसौदा सहेजें (_S)	कृध्दशः	0.7033326625823975	0.3764193654060364	0.18342716991901398
Size	आकार	बड़ा है	0.6464314460754395	0.605015218257904	0.6383200883865356
General	सामान्य	ज़रूरी	0.7504044771194458	0.5739976763725281	0.7990484237670898
We're on our way to the basement.	हम हमारे तहखाने की तरफ जा रहे हैं.	हम basement जा रहे हैं।	0.7936187982559204	0.6756065487861633	0.565096914768219
The packed out venue last night attests to this, as does the fact that finalists and interested parties flew in from around the country to be there.	भीड़ से सराबोर समारोह स्थल तथा देश भर से आए हुए अंतिम दौर के प्रतिभागी व इसमें रुचि रखने वाले चिट्ठाकार इस बात के गवाह हैं.	अस्पष्ट व्यवहार के निर्माण स्थल से रात के अंधेरे में स्थित प्रतिमानों और लोगों द्वारा उड़ीने वाले स्थानों से रात के अंधेरे में स्थित व्यक्तियों द्वारा उड़ीने वाले स्थानों से रात के अंधेरे में स्थित व्यक्तियों द्वारा उड़ीने वाले स्थानों से रात के अंधेरे में स्थित व्यक्तियों द्वारा उड़ीने वाले स्थानों से रात के अंधेरे में स्थित व्यक्तियों द्वारा उड़ीने वाले स्थानों से रात के अंधेरे में स्थित व्यक्तियों द्वारा उड़ीने वाले स्थानों से रात के अंधेरे में स्थित व्यक्तियों	0.5911268591880798	0.2729239761829376	0.1338951587677002
And they forgive you because you make them proud of themselves.	और आप खुद के बारे में उन्हें गर्व करते हैं क्योंकि वे तुम्हें माफ.	और वे तुम्हें जीत के लिए तुम्हारे प्रति हो जाते हैं।	0.7972486615180969	0.4100581705570221	0.22437241673469543
These grapes are so sour that I can't eat them.	ये अंगूर इतने खट्टे हैं कि मुझसे खाए नहीं जा रहे।	ये जूसी की बात है। ये जूसी तो बहुत सारी समस्याओं का कारण हैं।	0.6922636032104492	0.37844377756118774	0.3385324478149414
Two suits for dry-clean and a bag of whatnot.	- दो सूट ड्राई-क्लीन के लिए और जो-सो का एक बैग. - हां, महोदय.	डीयर क्लीन और एक बैग की जानकारी।	0.7638663649559021	0.4626633822917938	0.5658608675003052
In that old rust bucket of yours?	तुम मेरे लिए रक्षा चलाने वाला आदमी है जो कर रहे हैं?	क्या?	0.6905832290649414	0.32624366879463196	0.1209096759557724
God shall surely admit those who believe and do righteous deeds into gardens underneath which rivers flow. As for the unbelievers, they take their enjoyment and eat as cattle eat; and the Fire shall be their lodging.	निश्चय ही अल्लाह उन लोगों को जो ईमान लाए और उन्होंने अच्छे कर्म किए ऐसे बागों में दाख़िल करेगा जिनके नीचे नहरें बह रही होंगी। रहे वे लोग जिन्होंने इनकार किया, वे कुछ दिनों का सुख भोग रहे है और खा रहे है, जिसे चौपाए खाते है। और आग उनका ठिकाना है	अर्थ: ईश्वर ने ईश्वर के अनुसार जो व्यक्ति और जीवन के लिए सही deeds करती है, वह ईश्वर का घर बन जाता है और वह ईश्वर की रुकावट नहीं होती।	0.654685378074646	0.32342657446861267	0.44809699058532715
What's happened?	क्या हुआ?	पूछिए क्या हुआ?	0.8918647170066833	0.9076725244522095	0.8890451192855835
- ( gunshot )	- (गोली)	गोली मारने वाले	0.6743765473365784	0.4601331651210785	0.4841958284378052
_Save Draft	मसौदा सहेजें (_S)	कृध्दशः	0.7033326625823975	0.3764193654060364	0.18342716991901398
Yes, but now you are the problem.	हाँ, लेकिन अब आप समस्या हैं .	पहले आप प्रश्न पूछ रहे थे।	0.7626404166221619	0.5077403783798218	0.5325278639793396
Your emails	raviratlami@ aol. in	योर ईमेल	0.6280066967010498	0.4683699309825897	0.4404286742210388
"(Muhammad), tell him, ""He who gave them life in the first place will bring them back to life again. He has the best knowledge of all creatures."	"कह दो, ""उनमें वही जाल डालेगा जिसने उनको पहली बार पैदा किया। वह तो प्रत्येक संसृति को भली-भाँति जानता है"	यहाँ सारी जानकारी है। (मोहम्मद), बताएँ कि जो विषय से जुड़ा है, वही जो आपके लिए सबसे अच्छा है, वही है।	0.6705106496810913	0.4568325877189636	0.2496405392885208
♪ I've always held on to ♪	♪ मैं हमेशा पर आयोजित है ♪	♪ मैंने हमेशा ♪	0.8265239596366882	0.5995152592658997	0.5574847459793091
Formatting disc	डिस्क संरूपित कर रहा है	रूप के बारे में	0.7214943766593933	0.4390895962715149	0.49358949065208435
Hello?	हैलो?	हेल्लो?	0.9319741725921631	0.9436736702919006	0.8824582099914551
Yeah.	हाँ.	हाँ।	0.8862413167953491	0.9568789601325989	0.8466337323188782
What happened when you attacked here?	- आप एक पाते हैं?	प्रश्न: यहाँ किस तरह से हुआ?	0.7214205265045166	0.588447630405426	0.5411065220832825
Text	पाठ	बोली	0.8283993601799011	0.6805782914161682	0.7447563409805298
Luckily, I had a soft landing.	सौभाग्य से, मैं एक नरम लैंडिंग था.	सौभाग से मैंने गिरा हुआ स्थान पर गिरा हुआ हूँ.	0.7519366145133972	0.44654133915901184	0.4410489797592163
Do you--do you know what this is?	आप क्या - क्या तुम यह क्या है जानते हो?	क्या आप -क्या आप जानते हैं कि यह यहाँ पर किसी ने भी इस पर कोई जानकारी दी है?	0.799416720867157	0.6973989605903625	0.5147953629493713
And We gave to Dawood Sulaiman, most excellent the servant! Surely he was frequent in returning (to Allah).	और हमने दाऊद को सुलैमान प्रदान किया। वह कितना अच्छा बन्दा था! निश्चय ही वह बहुत ही रुजू रहनेवाला था।	और हमने दौवो सुलयमान, सबसे अच्छे वास्तकारी व्यात्ता वाले (अल्लाह के साथ) काम करने वाले रोज़ार्द के (अल्लाह के साथ) काम करने वाले रोज़ार्द के (अल्लाह के साथ) काम करने वाले रोज़ार्द के (अल्लाह के साथ) काम करने वाले रोज़ार्द के (अल्लाह के साथ) काम करने वाले रोज़ार्द के (अल्लाह के साथ) काम करने वाले रोज़ार्द के (अल्लाह के साथ) काम करने वाले रोज़ार्द के (अल्लाह के साथ) काम करने वाले रोज़ार्द के (अल्लाह के साथ) काम करने वाले रोज़ार्द के (अल्लाह के	0.5917587876319885	0.28026753664016724	0.026240689679980278
Get the deal closed.	सौदा बंद करें.	डील को क्लोज़ किए जाने वाले बारे में है।	0.7221984267234802	0.44311660528182983	0.3196523189544678
_Edit	संपादन (_E)	पहले से दूसरा कोई ह	0.652167558670044	0.32319438457489014	0.1293131411075592
Jayashree Govindarajan, Mumbai shares some of the traditional recipes.	जयश्री गोविंदराजन, मुम्बई कुछ पारंपरिक रसोई के नुसखों को सभी से साझा कर रही हैं.	मुंबई में ज्याश्री गोविंदारजन के कुछ पारंपरिक व्यंजन हैं।	0.7848813533782959	0.6288799047470093	0.5731291770935059
(Pagans) has your Lord given you preference over Himself by granting you sons and taking the angels as His own daughters? What you say is a monstrous utterance.	(ऐ मुशरेकीन मक्का) क्या तुम्हारे परवरदिगार ने तुम्हें चुन चुन कर बेटे दिए हैं और खुद बेटियाँ ली हैं (यानि) फरिश्ते इसमें शक़ नहीं कि बड़ी (सख्त) बात कहते हो	पैगानों) के बारे में कहा है कि आपके Lord को से yourselves पर उनके प्रतनत्व से अधिक प्रेम और विवेक दिखाते हैं? और आप कह रहे हैं एक असाधारण भयालु उत्तर देते हैं!	0.6512404084205627	0.3739161193370819	0.37169575691223145
Couple hours later, you walk into some type of double cross.	युगल घंटे बाद, आप डबल क्रॉस के कुछ प्रकार में चल .	कुछ हफ्तों बाद, हम आपको कुछ समय के बाद भी किसी तरह की द्विओन का सामना करना पड़ता है.	0.7579628825187683	0.4186043441295624	0.44779473543167114
Hermann, these are human beings.	हरमन, ये इंसान हैं.	यह परिचय है कि यह व्यवहार किया जा सकता हूँ |	0.6413136124610901	0.3585456311702728	0.24640876054763794
_Restart Evolution after restore	पुनर्भंडारण के लिए एवोल्यूशन फिर शुरू करें (_R)	पुनः प्रजाति पुनः लागू	0.6892128586769104	0.43490830063819885	0.4571404457092285
Those [believers] who responded to Allah and the Messenger after injury had struck them. For those who did good among them and feared Allah is a great reward -	निहाल हो रहे हैं (जंगे ओहद में) जिन लोगों ने जख्म खाने के बाद भी ख़ुदा और रसूल का कहना माना उनमें से जिन लोगों ने नेकी और परहेज़गारी की (सब के लिये नहीं सिर्फ) उनके लिये बड़ा सवाब है	असहज जानकारी के रूप में यह स्पष्ट रूप से कहता है कि आप किसी ऐसे व्यक्ति को संबोधित करने के लिए भी नहीं और दूसरा किसी भी व्यक्ति को संबोधित करने के लिए भी नहीं है कहा।	0.6702992916107178	0.34366393089294434	0.2799597680568695
Do you not know that Allah knows what is in the heaven and the earth? Surely this is in a book; surely this is easy to Allah.	क्या तुम्हें नहीं मालूम कि अल्लाह जानता है जो कुछ आकाश और धरती मैं हैं? निश्चय ही वह (लोगों का कर्म) एक किताब में अंकित है। निस्संदेह वह (फ़ैसला करना) अल्लाह के लिए अत्यन्त सरल है	अल्लाह को मालूम नहीं है कि भविष्य में यह बात सुनाई जा सकती है कि भविष्य की सारी जानकारी एक ऐसे पुस्तक में है जो सभी के लिए सुलभ हो।	0.7142118215560913	0.48223766684532166	0.6679182648658752
And indeed the news which had a lot of deterrence, came to them.	उनके पास अतीत को ऐसी खबरें आ चुकी है, जिनमें ताड़ना अर्थात पूर्णतः तत्वदर्शीता है।	हाँ, वास्तव हुआ कि जो परिस्थितियों से बहुत सारी रोक-दलु हुआ, वहीं से बहुत सारी रुकावट दिखाई, और फिर वह परिस्थितियों से बहुत ज्यादा सावधानी बरताईशी हुई।	0.6358035206794739	0.41432222723960876	0.2566397488117218
We just made a point.	हमने केवल एक बात कही.	हम बस एक बात कह कर दिया है।	0.8193253874778748	0.679863691329956	0.5822577476501465
Say, “Come, let me tell you what your Lord has forbidden you: that you associate nothing with Him; that you honor your parents; that you do not kill your children because of poverty—We provide for you and for them; that you do not come near indecencies, whether outward or inward; and that you do not kill the soul which God has sanctified—except in the course of justice. All this He has enjoined upon you, so that you may understand.”	(ऐ रसूल) तुम उनसे कहो कि (बेबस) आओ जो चीज़ें ख़ुदा ने तुम पर हराम की हैं वह मैं तुम्हें पढ़ कर सुनाऊँ (वह) यह कि किसी चीज़ को ख़ुदा का शरीक़ न बनाओ और माँ बाप के साथ नेक सुलूक़ करो और मुफ़लिसी के ख़ौफ से अपनी औलाद को मार न डालना (क्योंकि) उनको और तुमको रिज़क देने वाले तो हम हैं और बदकारियों के क़रीब भी न जाओ ख्वाह (चाहे) वह ज़ाहिर हो या पोशीदा और किसी जान वाले को जिस के क़त्ल को ख़ुदा ने हराम किया है न मार डालना मगर (किसी) हक़ के ऐवज़ में वह बातें हैं जिनका ख़ुदा ने तुम्हें हुक्म दिया है ताकि तुम लोग समझो और यतीम के माल के करीब भी न जाओ	"Source Sentence:
“Come, let me tell you what your Lord has forbidden you: that you associate nothing with Him; that you honor your parents; that you do not kill your children because of poverty—We provide for you and for them; that you do not come near indecencies, whether outward or inward; and that you do not kill the soul which God has sanctified—except in the course of justice. All this He has enjoined upon you, so that you may understand.”"	0.5763102769851685	0.2111940085887909	0.04443097487092018
You told them that we're married, I told them I'm 3 months pregnant!	तुमने कहा कि हम शादीशुदा हैं, मैनें कहा कि मैं 3 महीने की गर्भवती हूँ.	आप उन्हें बताएँ कि वे विवाहित हैं, या वे विवाहित नहीं हैं!	0.7230996489524841	0.53935307264328	0.5471921563148499
India: All about the Theatre! · Global Voices	भारतः रंगमंच का जादू	इंडिया: थिएटर के बारे में!	0.7757819294929504	0.5005809664726257	0.5400052070617676
Cannot subscribe folder in offline mode.	ऑफ़लाइन मोड में फ़ोल्डर सदस्यता नहीं ले सकता.	ऑफलाइन मोड में स्टोरिबल को साइन-अप करने पर सक्ष्यता दिखाने वाले किसी भी कार्य को स्वीकार्य नहीं मानता	0.7791365385055542	0.4669513702392578	0.36355945467948914
When you find the beads I hope you'll return them.	जब माला मिल जाये तो मुझे आशा है कि तुम उन्हें वापस कर दोगी.	जब तुम पीसों से पात्र हो तो उम्मीद है कि तुम उन पीसों को वापस दोगिना।	0.7772954702377319	0.44911667704582214	0.3800632953643799
_View	देखें (_V)	डिस्काउस्टेंट	0.6002111434936523	0.37226054072380066	0.34533941745758057
He'll no longer lead us.	कभी नहीं!	वे फिर से हमारी सेवा से जुड़े won't anymore.	0.6729305982589722	0.29764047265052795	0.3850911259651184
Say to them: 'People of the Book! Do you hate us for anything else except that we believe in Allah, and in the teaching which has been revealed to us and in the teaching which was revealed before? Indeed most of you are transgressors.'	(ऐ रसूल अहले किताब से कहो कि) आख़िर तुम हमसे इसके सिवा और क्या ऐब लगा सकते हो कि हम ख़ुदा पर और जो (किताब) हमारे पास भेजी गयी है और जो हमसे पहले भेजी गयी ईमान लाए हैं और ये तुममें के अक्सर बदकार हैं	अरे, लोगों को भारत के लोग! तुम्हारे प्रति हमें कुछ भी नहीं चुकाने दिया? हाँ, सबसे ज्यादा तुम्हारे प्रति हमें कुछ भी नहीं चुकाने दिया?	0.6186516880989075	0.2781515419483185	0.2085055261850357
He said: Surely in it is Lut. They said: We know well who is in it; we shall certainly deliver him and his followers, except his wife; she shall be of those who remain behind.	(ये सुन कर) इबराहीम ने कहा कि इस बस्ती में तो लूत भी है वह फरिश्ते बोले जो लोग इस बस्ती में हैं हम लोग उनसे खूब वाक़िफ़ हैं हम तो उनको और उनके लड़के बालों को यक़ीनी बचा लेंगे मगर उनकी बीबी को वह (अलबता) पीछे रह जाने वालों में होगीं	यह कहते हैं कि वे लत के बारे में बोल रहे हैं तो वे कहते हैं कि वे लत के बारे में बोल रहे हैं तो वे कहते हैं कि वे लत के बारे में बोल रहे हैं तो वे कहते हैं कि वे लत के बारे में बोल रहे हैं तो वे कहते हैं कि वे लत के बारे में बोल रहे हैं तो वे कहते हैं कि वे लत के बारे में बोल रहे हैं तो वे कहते हैं कि वे लत के बारे में बोल रहे हैं तो वे कहते हैं कि वे लत के बारे में बोल रहे हैं तो वे कहते हैं कि वे लत के बारे में बोल रहे हैं	0.5945384502410889	0.28702518343925476	0.08388681709766388
That's how many villagers died	इसी तरह कई गाँव वाले मारे गए हैं	"जितने से ज़्यादा लोग मारे गए
औरितने घायल हुए"	0.7354069352149963	0.5006886720657349	0.37208348512649536
Your emails	raviratlami@ aol. in	योर ईमेल	0.6280066967010498	0.4683699309825897	0.4404286742210388
Nearby Sites	निकटस्थ साइट	नज़दीकी साइट्स	0.8400400280952454	0.8346762657165527	0.9379116892814636
On the Day when it arrives, no soul will speak without His permission. Some will be miserable, and some will be happy.	जिस दिन वह आएगा, तो उसकी अनुमति के बिना कोई व्यक्ति बात तक न कर सकेगा। फिर (मानवों में) कोई तो उनमें अभागा होगा और कोई भाग्यशाली	अर्थ: किसी भी व्यक्ति से बिना अनुमति के बोल सकता है. कुछ लोगों को खुशी होगी, जबकि कुछ लोगों को दुख हो सकता है.	0.6984342932701111	0.5401672720909119	0.6642060279846191
Thanks for that, Jack.	इसके लिए धन्‍यवाद, जैक.	जैक के लिए धन्यवाद, जैक.	0.8942627310752869	0.776496946811676	0.5704889297485352
Select all text	सारा पाठ चुनें	"select all text
==

Source Sentence:
Today Date: 13 May 2026"	0.5460301041603088	0.3121226727962494	0.06328380107879639
Compact contact list	संकुचित संपर्क सूची	संक्षल कंटैक्ट लिस्ट	0.7056102156639099	0.5049524903297424	0.3174642324447632
So will it be; and whoever retaliates with the like of what he has been made to suffer, and is aggressed against [again] thereafter, Allah will surely help him. Indeed Allah is all-excusing, all-forgiving.	और खुदा तो बेशक बड़ा वाक़िफकार बुर्दवार है यही (ठीक) है और जो शख्स (अपने दुश्मन को) उतना ही सताए जितना ये उसके हाथों से सताया गया था उसके बाद फिर (दोबारा दुशमन की तरफ़ से) उस पर ज्यादती की जाए तो खुदा उस मज़लूम की ज़रूर मदद करेगा	अरे, यह रहेगा; और जो कुछ भी हो रहा है, उसे भी इसी तरह की तरह हो जाएगी वहली राही होगी वहाँ पर भी भाग्य से बचा लिया जा सकता है।	0.6731672286987305	0.28037431836128235	0.1952841430902481
God has given us freedom.	भगवान ने हमें आजादी दे दी है.	पवित्र ने हमें स्वतंत्रता दी है।	0.881895899772644	0.7404102683067322	0.6654096841812134
- You see how busy we are.	- तुम देखो हम कितने व्यस्त हैं.	- आप जान सकते हैं कि हम बहुत बाधित हैं।	0.7850262522697449	0.606266438961029	0.6488226652145386
Add the files stored in the clipboard	क्लिपबोर्ड में जमा फाइल जोड़ें	चिहाना के लिए निम्नलिखित फ़ाइलें स्थानांतरित कर दें	0.7115657329559326	0.5180363059043884	0.56270831823349
Save the current file with a different name	वर्तमान फ़ाइल एक भिन्न नाम से सहेजें	अगले नाम से save कर	0.7342953681945801	0.6411115527153015	0.5461696982383728
Retrieving quota information for '%s'	%s में नए संदेश के लिये सारांश सूचना ला रहा है	इस प्रकार की क्वाल्टी के बारे में लॉगिन की पुष्टि कैसे की जा सकती है, इसका उत्तर कैसे हो सकता है, और इसका प्रतिक्रिया कैसे हो सकती है, इसका उत्तर कैसे हो सकता है, और इसका प्रतिक्रिया कैसे हो सकती है, इसका उत्तर कैसे हो सकता है, और इसका प्रतिक्रिया कैसे हो सकती है, इसका उत्तर कैसे हो सकता है, और इसका प्रतिक्रिया कैसे हो सकती है, इसका उत्तर कैसे हो सकता है, और इसका प्रतिक्रिया कैसे हो सकती है, इसका उत्तर कैसे हो सकता है, और इसका प्रतिक्रिया कैसे हो सकती है, इसका उत्तर कैसे हो सकता है, और इसका प्रतिक्रिया कैसे हो सकती है,	0.586833655834198	0.34339240193367004	0.06706458330154419
"""...and we are slaves no longer..."""	"""... और अब हम दास नहीं हैं ..."""	"""...और हम slaves के रूप में नहीं हो सकते..."""	0.8921509981155396	0.6888825297355652	0.5796067714691162
Select all messages in the same thread as the selected message	चयनित संदेश की तरह सभी संदेश एक जगह अंतःसूत्रित करें	मार्केटिंग की प्रक्रिया को संदर्भ देने वाले संदेश को उस संदेश की थ्रेड ही बनना चाहे तो चाहे	0.7012545466423035	0.44773393869400024	0.17128659784793854
Everybody's passing us.	सब लोग हमें गुजर रहा है.	हमें भी अपने जीवनसाथ का पालन-प्राप्त होना चाहिए।	0.7281937599182129	0.3900544345378876	0.4649078845977783
Do Nothing	कुछ नहीं करें	कुछ नहीं	0.870376467704773	0.8623542189598083	0.8471876978874207
There are four of us but we are frightened of you.	वहाँहममेंसेचार हैं लेकिन हम आप से डर रहे हैं	हम चारों के तौर पर डरे हुए हैं क्योंकि आप हमारी संख्या से अधिक डरा हुआ हैं।	0.7229224443435669	0.574457585811615	0.8048131465911865
And (there are) others who have acknowledged their faults. They mixed a righteous action with another that was bad. It may be that Allah will relent toward them. Lo! Allah is Forgiving, Merciful.	और दूसरे कुछ लोग है जिन्होंने अपने गुनाहों का इक़रार किया। उन्होंने मिले-जुले कर्म किए, कुछ अच्छे और कुछ बुरे। आशा है कि अल्लाह की कृपा-स्पष्ट उनपर हो। निस्संदेह अल्लाह अत्यन्त क्षमाशील, दयावान है	असफल के साथ इसका सही कार्य करना और इसे सही तरीके से लेने वाले किसी भी कार्य के साथ इसे जो गलत है, उसे दिया जा सकता है।	0.6448534727096558	0.29450085759162903	0.28914546966552734
Thanks for helping out the other day, too.	दूसरे दिन बाहर की मदद करने के लिए धन्यवाद भी.	आपके दिन किसी भी तरह से मदद करने के लिए धन्यवाद।	0.859501838684082	0.642576277256012	0.6114146709442139
Open the selected image with a different application	चयनित छवि भिन्न अनुप्रयोग से खोलें	चुने गए विषय के लिए किसी और ऐप्लिकेशन से उसे खोलना	0.7272886037826538	0.5937017798423767	0.8060033321380615
The heavens are about to be rent apart from above them, while the angels celebrate the praise of their Lord and plead for forgiveness for those [faithful] who are on the earth. Indeed, Allah is the All-forgiving, the All-merciful!	लगता है कि आकाश स्वयं अपने ऊपर से फट पड़े। हाल यह है कि फ़रिश्ते अपने रब का गुणगान कर रहे, और उन लोगों के लिए जो धरती में है, क्षमा की प्रार्थना करते रहते है। सुन लो! निश्चय ही अल्लाह ही क्षमाशील, अत्यन्त दयावान है	प्रारूप से यह सारा जानकारी स्वीकार्य, स्वद्देश्य और ईमानदारी से हुई है।	0.6601518988609314	0.33152762055397034	0.28526896238327026
There is no fault in the blind, or the lame, or the sick. He who obeys Allah and His Messenger He shall admit him to Gardens underneath which rivers flow; but he who turns away shall be punished with a painful punishment.	न अन्धे के लिए कोई हरज है, न लँगडे के लिए कोई हरज है और न बीमार के लिए कोई हरज है। जो भी अल्लाह और उसके रसूल की आज्ञा का पालन करेगा, उसे वह ऐसे बाग़ों में दाख़िल करके, जिनके नीचे नहरे बह रही होगी, किन्तु जो मुँह फेरेगा उसे वह दुखद यातना देगा	असफल किसी को, या असफल की हो सकती है, या असफल की हो सकती है वयस्क निर्णय के अधीन होती है।	0.6295657753944397	0.22506383061408997	0.15951211750507355
Why didn't you come with me.	क्यों तुम मेरे साथ नहीं आया था.	क्यों तो नह आपने मुझसे कहा?	0.7629117965698242	0.5256691575050354	0.28263482451438904
Yeah, 7,000 people.	हाँ, 7,000 लोग.	हाँ, 7,000।	0.9105333089828491	0.9213644862174988	0.829371452331543
King me. -Chess.	राजा मैं.	किंग मी। चेसिंग।	0.7682112455368042	0.42088255286216736	0.5064566135406494
_Open	खोलें (_O)	कैप्शन	0.702019214630127	0.4241737723350525	0.43549466133117676
Anyway, art moved on, as it must, it has to.	वैसे भी, कला पर ले जाया गया, केरूपमेंयहचाहिए ,यहकरनेके लिएहै.	कई रूप में, कला ने आगे बढ़ कर, जरूर होने की वजह से होने वाली थीं।	0.6628456711769104	0.39001452922821045	0.29710444808006287
Do you have prior experience?	आप पहले अनुभव है?	हाँ, आपके पहले किसी भी परियोजना या कार्य में आपकी अनुभव की जाती है?	0.7872393727302551	0.47524911165237427	0.459369957447052
Send the drone.	गबन भेजें.	ड्रोन भेज दें।	0.8465007543563843	0.5909661650657654	0.8847857117652893
If you want to be alone, we understand.	आप अकेले रहना चाहते हैं, हम समझते हैं.	अरे तुम खाली हो चाहे जाए तो	0.6921474933624268	0.354200154542923	0.12975315749645233
O My bondmen who believe! Indeed My earth is spacious – therefore worship Me alone.	ऐ मेरे बन्दों, जो ईमान लाए हो! निस्संदेह मेरी धरती विशाल है। अतः तुम मेरी ही बन्दगी करो	मेरे भाई जो सिद्ध करते! सच में, मेरे पवित्र में यह सुनना है कि मेरा यह दुनिया पर एकदम स्पेसी है - और इसलिए, मेरा यह यकीन है कि मेरा यह सभी को एकदम से पूजा करने योग्य है!	0.6725621819496155	0.429714173078537	0.28667151927948
All information in this memo will be deleted and can not be restored.	इस यथारूप प्रविष्टि की सभी सूचनाएँ मिट दी जाएँगी और फिर सहेजी नहीं जा सकेगी.	सभी जानकारी इस मेमो के में मिलेगी और न हो सकती है रिकॉल।	0.704016923904419	0.46083787083625793	0.2707192897796631
Later I will pluck for you twice.	बाद में ... दोबारा... मैं तुम्हारे लिए तोड़ दुंगा.	लेटरी मैं आपके लिए दो बार प्लuck करूँगी।	0.6908705234527588	0.4871666729450226	0.34304866194725037
O Romeo, Romeo, wherefore art thou Romeo?	हे रोमियो, रोमियो, किस कला तू रोमियो?	रोमो, रोमो, व्हर्थ थ यू रोमो?	0.8476871848106384	0.5161555409431458	0.5446234345436096
Hath there come Unto thee the story of Musa!	(ऐ रसूल) क्या तुम्हारे पास मूसा का किस्सा भी पहुँचा है	हाँ, there came a story of Musa!	0.604171633720398	0.38957253098487854	0.08367817103862762
YOU'RE MAKING A SPEECH ABOUT FITTING KITCHENS?	आप फिटिंग रसोई बारे में एक भाषण बना रहे हैं?	आप किचन को फिट करने वाले स्पीकर के रूप में किसी भी स्थिति में यह स्पष्ट रूप से कहा जा सकता है कि आप ऐसी किसी भी स्थिति में ऐसा करते हुए यह भी बता सकते हैं कि ऐसा नहीं करते हैं।	0.7063150405883789	0.3905395269393921	0.30741897225379944
Believers! If any of you should ever turn away from your faith, remember that Allah will raise up a people whom He loves, and who love Him; a people humble towards the believers, and firm towards the unbelievers; who will strive hard in the way of Allah and will not fear the reproach of the reproacher. This is the favour of Allah which He grants to whom He wills. Allah is vast in resources, All-Knowing.	ऐ ईमानदारों तुममें से जो कोई अपने दीन से फिर जाएगा तो (कुछ परवाह नहीं फिर जाए) अनक़रीब ही ख़ुदा ऐसे लोगों को ज़ाहिर कर देगा जिन्हें ख़ुदा दोस्त रखता होगा और वह उसको दोस्त रखते होंगे ईमानदारों के साथ नर्म और मुन्किर (और) काफ़िरों के साथ सख्त ख़ुदा की राह में जेहाद करेंगे और किसी मलामत करने वाले की मलामत की कुछ परवाह न करेंगे ये ख़ुदा का फ़ज़ल (व करम) है वह जिसे चाहता हे देता है और ख़ुदा तो बड़ी गुन्जाइश वाला वाक़िफ़कार है	पूज्य! यदि किसी भी को अपनी धर्म के बारे में सोचने पर मजबूर करने के लिए आपको अपनी पूज्य के बारे में सोचने पर कहा जाना चाहे कि जरूर	0.6338054537773132	0.29700371623039246	0.14827758073806763
"Then they will have no excuse but to say, ""By God our Lord, we have never been polytheists."""	"फिर उनका कोई फ़िला (उपद्रव) शेष न रहेगा। सिवाय इसके कि वे कहेंगे, ""अपने रब अल्लाह की सौगन्ध! हम बहुदेववादी न थे।"""	तब वे कुछ ज़रुरी लिखेंगे जो उन्हें कुछ ज़रुरी हैं।	0.6615574955940247	0.309943825006485	0.21306677162647247
There was just a stop. maybe someone's coming.	सिर्फ एक ही स्टॉप पार हुआ है, शायद कोई आ जाए.	कुछ जानकारी या जानकारी का बदल-नहीं हो सकता है.	0.7044233679771423	0.38600173592567444	0.2877552807331085
Allah created you from dust, then from a drop of sperm, then He made you into pairs. No female conceives, nor delivers (a child) except with His knowledge. None is given a long life nor is any diminished in his life but it is written in a Book. Surely that is quite easy for Allah.	अल्लाह ने तुम्हें मिट्टी से पैदा किया, फिर वीर्य से, फिर तुम्हें जोड़े-जोड़े बनाया। उसके ज्ञान के बिना न कोई स्त्री गर्भवती होती है और न जन्म देती है। और जो कोई आयु को प्राप्ति करनेवाला आयु को प्राप्त करता है और जो कुछ उसकी आयु में कमी होती है। अनिवार्यतः यह सब एक किताब में लिखा होता है। निश्चय ही यह सब अल्लाह के लिए अत्यन्त सरल है	"अल्लाह ने आपको चाँद से बनाया था, तब से आप दो-दो से बने हो सकते हैं। नाबालग वयस्कों को ऐसी स्थिति में नहीं होने के रूप में देखा जा सकता है कि आपका वयस्क जीवन कितना हो सकता है.

यहाँ आपका वयस्क जीवन कितना हो सकता है इसके बारे में यहाँ कहा जा सकता है कि आपका वयस्क जीवन कितना हो सकता है इसके बारे में यहाँ कहा जा सकता है कि यह सब इतना आसान हो सकता है."	0.6968883872032166	0.38227298855781555	0.2197198122739792
SEAN: Yeah.	तीन , दो, एक जाने के लिए,!	अरे ये!	0.7564236521720886	0.400075227022171	0.21342520415782928
Quarterback's gonna tell you where he's going with the ball.	क्वार्टरबैकवहगेंदकेसाथजारहा है जहांआप बताने वाला	क्वार्टरबी के तो बताएगे कि वे बॉल को कहाँ जाते हैं।	0.7029967904090881	0.43564000725746155	0.34321480989456177
But they denied him, and We seized them with the torment of the Day of Shadowing (when the cloud had rained down fire). It was indeed the torment of a terrible day!	किन्तु उन्होंने उसे झुठला दिया। फिर छायावाले दिन की यातना ने आ लिया। निश्चय ही वह एक बड़े दिन की यातना थी	यह उन लोगों ने इनाम नहीं दिया कि वे इस वाक्य में उन्हें दिया गया था ।	0.6698721051216125	0.30516836047172546	0.2219046950340271
Extraction not performed	निकाला नहीं गया	extraction की ज़रूरत ह	0.6508736610412598	0.4034535586833954	0.28425896167755127
Muhammad is not the father of [any] one of your men, but [he is] the Messenger of Allah and last of the prophets. And ever is Allah, of all things, Knowing.	(लोगों) मोहम्मद तुम्हारे मर्दों में से (हक़ीक़तन) किसी के बाप नहीं हैं (फिर जैद की बीवी क्यों हराम होने लगी) बल्कि अल्लाह के रसूल और नबियों की मोहर (यानी ख़त्म करने वाले) हैं और खुदा तो हर चीज़ से खूब वाक़िफ है	यह गद्यों के बारे में बताने वाला एक प्राणी है।	0.6394578814506531	0.28977683186531067	0.20272581279277802
"The value ""%s"" is not part of the enum ""%s"""	%s नियमित फाइल नहीं है	"""%s"" का मान ""%s"" से नहीं होता है."	0.7299118041992188	0.3242972195148468	0.3848136067390442
As we are experiencing some really nice above seasonal weather.	.. हम मौसमी मौसम के ऊपर वास्तव में अच्छा कुछ सामना कर रहे हैं के रूप में	जैसा कि हम कुछ ज़रुरी तापमान के समय की हद से अच्छी है।	0.6843029260635376	0.4478476643562317	0.29184210300445557
We should go get in a batting cage.	हम बल्लेबाजी के पिंजरे में मिल जाना चाहिए.	हमें प्रतिद्वंद्वी के बैटिंग कारेज में जाना चाहे तो चाहे	0.7261895537376404	0.4171847105026245	0.275926411151886
This is Vegas.	इस वेगास है.	यह वेज.	0.829361617565155	0.6697704195976257	0.6237665414810181
You're the one gonna need to take care.	तुम ध्यान रखना.	आप जो चाहूँ चाहेंगे, वही चाहूँ की बात होगी।	0.6928849816322327	0.3593282699584961	0.09183201938867569
If you played a gig for striking double-glazing salesmen,	यदि तुमने कुछ सेल्समैन के लिए गिग परफ़ॉर्म किया है...	अगर तुमने शॉकिंग डील के लिए गिग दिया,	0.8071824908256531	0.4997875392436981	0.602622389793396
And to (the tribe of) Thamud (We sent) their brother Salih. He said: O my people! Serve Allah. Ye have no other Allah save Him. A wonder from your Lord hath come unto you. Lo! this is the camel of Allah, a token unto you; so let her feed in Allah's earth, and touch her not with hurt lest painful torment seize you.	"और समूद की ओर उनके भाई सालेह को भेजा। उसने कहा, ""ऐ मेरी क़ौम के लोगो! अल्लाह की बन्दगी करो। उसके अतिरिक्त तुम्हारा कोई पूज्य नहीं। तुम्हारे पास तुम्हारे रब की ओर से एक स्पष्ट प्रमाण आ चुका है। यह अल्लाह की ऊँटनी तुम्हारे लिए एक निशानी है। अतः इसे छोड़ दो कि अल्लाह की धरती में खाए। और तकलीफ़ पहुँचाने के लिए इसे हाथ न लगाना, अन्यथा तुम्हें एक दुखद यातना आ लेगी।-"	प्रिय जानवर को ईश्वर से सेवा करना है ये एक साहसिक कदम ईश्वर से सेवा करना है।	0.6517592668533325	0.2794204652309418	0.23117832839488983
& Image	छवि (I) Image/ Selection Menu caption - make sure that translation has the same accel as the & Image translation	अधिकारी कार्य	0.6331131458282471	0.35174039006233215	0.5314598679542542
Next/Previous Message	अगला पिछला संदेश	पिछले / पिछले मैसेज	0.7416523098945618	0.6042635440826416	0.4053789973258972
Cannot delete folder: %s: No such folder	फ़ोल्डर विलोपित नहीं कर सकता है: %s:कोई ऐसा फ़ोल्डर नहीं	असफल हो सकता है: cannot delete folder: cannot delete folder: cannot delete folder: cannot delete folder:	0.660506546497345	0.34318259358406067	-0.019798044115304947
He wiped the sweat from his forehead.	उसने अपने माथे से पसीना पोंछा।	सहस्ता से हिला कर दिया था।	0.7442746162414551	0.27650371193885803	0.06605121493339539
He has forbidden you carrion, and blood, and the flesh of swine, and anything consecrated to other than God. But if anyone is compelled by necessity, without being deliberate or malicious, then God is Forgiving and Merciful.	उसकी नेअमत का शुक्र अदा किया करो तुम पर उसने मुरदार और खून और सूअर का गोश्त और वह जानवर जिस पर (ज़बाह के वक्त) ख़ुदा के सिवा (किसी) और का नाम लिया जाए हराम किया है फिर जो शख़्श (मारे भूक के) मजबूर हो ख़ुदा से सरतापी (नाफरमानी) करने वाला हो और न (हद ज़रुरत से) बढ़ने वाला हो और (हराम खाए) तो बेशक ख़ुदा बख्शने वाला मेहरबान है	यह किसी भी भूत, भूत भूत करने वाले या किसी भी तरह से दुर्भावनावेशी व्यक्ति को जो कुछ भी करना है वह किसी भी तरह से करना जरूरी है कि वह कुछ भी करने से पहले उसे समझ ले और इसे सही तरीके से उपयोग न करें।	0.619906485080719	0.31980589032173157	0.36513617634773254
Rabak	रबातusa. kgm	रबैक	0.7235867381095886	0.6039416790008545	0.7209059000015259
_Work Online	ऑनलाइन कार्य करें (_W)	काम ऑनलाइन	0.7856975793838501	0.6574159264564514	0.8309264183044434
Is this guy clean?	हैइसआदमीकोस्वच्छ	यह व्यक्ति साफ है या नह?	0.6272153854370117	0.5205888152122498	0.532357931137085
The command key I have entered is revoking your authority, this ship is now under my control.	मैंने दर्ज किया कमांड कुंजी , अपने अधिकार पलट है इस जहाज को अपने नियंत्रण में अब है.	command की कुंजी जिस से मैंने आपको अपनी अधिक्षित करने की कुंजी आई है, वही शिप मेरी अधिक्षित हो गई है।	0.7102518081665039	0.46583011746406555	0.26150110363960266
I gotta tell 'em something.	मैं उन्हें कुछ बताना होगा.	मुझे तुम्हें बताना होगा कि	0.7808589935302734	0.7299777865409851	0.5920000672340393
Unrecognized desktop file Version '%s'	अपरिचित डेस्कटॉप फ़ाइल संस्करण '%s'	अन्यानजानी वाला कंप्यूटर फाइल वर्सी '2019'	0.7722155451774597	0.4705272912979126	0.4798743724822998
- 19 years...	- 19 साल ...	- 19 वर्षों का आयु है।	0.6136181354522705	0.6060870289802551	0.7546615600585938
I might just stay in Vegas.	मैं सिर्फ वेगास में रह सकता है.	मैं वेज्स में रहने के लिए तैयार हूँ।	0.7909772992134094	0.6700746417045593	0.5759666562080383
They told me not to get involved with the Nazis.	उन्होंने मुझे बताया था कि नाजियों के साथ शामिल मत होना.	उन्होंने मुझे यह कहते कि मैंने नाज़ीों से किसी तरह की सहायता नहीं दी और इस तरह से गलत धारणा पैदा कर सकती हैं।	0.7572914958000183	0.5434306263923645	0.37344399094581604
O you who have believed, do not take your fathers or your brothers as allies if they have preferred disbelief over belief. And whoever does so among you - then it is those who are the wrongdoers.	ऐ ईमानदारों अगर तुम्हारे माँ बाप और तुम्हारे (बहन) भाई ईमान के मुक़ाबले कुफ़्र को तरजीह देते हो तो तुम उनको (अपना) ख़ैर ख्वाह (हमदर्द) न समझो और तुममें जो शख़्स उनसे उलफ़त रखेगा तो यही लोग ज़ालिम है	अरे, जो विश्वास प्राप्त कर लेते हैं - वे अपने पूर्वाग्रह से विश्वास रखने वाले के रूप में नहीं रूप में लेते हैं. और जो ऐसा करते हैं - उन्हें जो ऐसा करते हैं - इनसे भी वे ऐसा नहीं करते हैं।	0.6487538814544678	0.29420801997184753	0.24271200597286224
L know, but you will be 19 this summer and the girls already say you don't like them.	मुझे पता है, लेकिन आप इस गर्मी में 19 हो जाएगा... ... और लड़कियों को पहले से ही आप उन्हें पसंद नहीं है.	ल  जाने, लेकिन अब 19 साल की हो जाएगी और बेटियों ने पहले से ही आपका विरोध किया है।	0.7351592183113098	0.45801544189453125	0.2950494885444641
Easily sleeps two dozen adults.	आसानी से दो दर्जन से अधिक वयस्कों सोता है.	सबसे ज़्यादा लोग दो दो साल के हो सकते हैं।	0.7246145606040955	0.3512924015522003	0.4440731704235077
(SCATTERED LAUGHTER)	(बिखरेहंसी)	अरे, कुछ ही समय के लिए रुकें और सिर्फ़ एक बात बतें	0.6265555024147034	0.43439432978630066	0.146966353058815
She likes cracking bones.	उसे हाथ की हड्डियाँ तोड़ने में मज़ा आता है	वो किसी की किसी बONES को रोकती है।	0.7042756080627441	0.2946745455265045	0.25355052947998047
I would love a cup of tea.	मैं एक कप चाय लूंगी.	तुम्हें टी की बात है।	0.7184404730796814	0.33539870381355286	0.17851555347442627
What disturbs me most is not your lack of respect for my judgment.	क्या मुझे सबसे ज्यादा परेशान मेरे फैसले के प्रति सम्मान की अपनी कमी नहीं है.	मेरी नज़र से सबसे ज्यादा मेरी बारीक से नज़र पड़ती व्यक्तिगत समस्याएँ मेरे बारे में सबसे ज्यादा जाने वाली चीज़ें हैं।	0.6928893327713013	0.49331343173980713	0.48009780049324036
Fri	शुक्रwind direction - wind speed is too low to measure	मंगलवार	0.6567222476005554	0.36807748675346375	0.5455992221832275
and when you seize [someone for punishment], you seize [him] like tyrants.	और जब किसी पर हाथ डालते हो तो बिलकुल निर्दय अत्याचारी बनकर हाथ डालते हो!	और जब आप किसी को सज़ा देते हैं, तो आप उन्हें तरह-तरीके से राजकारी तरीके से रखते हैं	0.6970466375350952	0.5282081365585327	0.625765323638916
Take a look at this frame.	इस फ्रेम पर नज़र डालना.	फ़्रेम पर कुछ दिख रहा है।	0.7769865989685059	0.61439049243927	0.5115267038345337
I will be in my office, darling.	मैं अपने कार्यालय में होगा, प्रिय.	मैं अपनी ऑफ़िस में रहूँगी।	0.7685839533805847	0.6978046298027039	0.6148632764816284
Tuesday	मंगलवार	मंगलवार	0.9999998807907104	0.9874927997589111	0.9104127883911133
The driver Yakub and constable Arvind, Ravindra and Ram Naresh were injured.	चालक याकूब और सिपाही अरविंद, रविंद्र व रामनरेश घायल हो गए।	ड्राइवर यकूब और कॉन्सलेटर आरविंद्र, राविंद्र और रम नेशर ट्रैफ़ाइल पर ट्रैफ़ाइल के दौरान हो सकते हैं	0.7075905799865723	0.39394864439964294	0.22527430951595306
Cogl Texture	Cogl संरचना	प्रौद्योगिकी की प्रौद्योगिकी	0.6628053784370422	0.28564271330833435	0.17893870174884796
photo;video;webcam;	photo;video;webcam;	चेतावनी;वीडियो;वेबकैम;	0.7613961696624756	0.6638764142990112	0.7223829627037048
And how many have We destroyed from the generations after Noah. And sufficient is your Lord, concerning the sins of His servants, as Acquainted and Seeing.	और नूह के बाद से (उस वक्त तक) हमने कितनी उम्मतों को हलाक कर मारा और (ऐ रसूल) तुम्हारा परवरदिगार अपने बन्दों के गुनाहों को जानने और देखने के लिए काफी है	नोए के समय से जिन-कौन-सा पीढ़ी-पीढ़ विनाश कर दिया था, उन्हें पर्याप्त रूप से आपका दिल है, तथा इन्हें स्पष्ट रूप से आपका दिल है, तथा इन्हें स्पष्ट रूप से आपका दिल है, तथा इन्हें स्पष्ट रूप से आपका दिल है, तथा इन्हें स्पष्ट रूप से आपका दिल है, तथा इन्हें स्पष्ट रूप से आपका दिल है, तथा इन्हें स्पष्ट रूप से आपका दिल है, तथा इन्हें स्पष्ट रूप से आपका दिल है, तथा इन्हें स्पष्ट रूप से आपका दिल है, तथा इन्हें स्पष्ट रूप से आपका दिल है, तथा इन्हें स्पष्ट रूप से आपका दिल है, तथा इन्हें स्पष्ट रूप से आपका दिल है, तथा इन्हें स्पष्ट र	0.5772868990898132	0.2965335547924042	0.1967068761587143
Contact Details	संपर्क विवरण	कॉन्टैक्ट डेट्स	0.7281652688980103	0.6152911186218262	0.7175150513648987
This option corresponds to the -N diff option.	यह विकल्प - I diff से संबंधित है.	-एन डिफ़ॉर्मेटिवी ऑप्शन से संबंधित है।	0.7459881901741028	0.5167258381843567	0.48142340779304504
Unknown	अज्ञात	बिलकुल	0.7685625553131104	0.7769281268119812	0.8480035066604614
_Restore	फिर जमा करें (_R)	_Restore_ means to bring back or restore something to its original state or condition.	0.6377401947975159	0.35890087485313416	0.15093527734279633
Keep on the sunny side, always on the sunny side	धूपपक्षपर रखें,हमेशाधूपओर	कई जगहों पर सूर्य की ओर रहता है, इसलिए सूर्य की ओर रहता ह	0.6290664076805115	0.39011743664741516	0.2248714119195938
- Ask him what happened.	- उससे पूछो क्या हुआ.	- पूछें उन्हें क्या हुआ.	0.9078370332717896	0.9078688025474548	0.9231506586074829
But if you use them to melt castles and burn cities, you're not different.	लेकिन आप उन्हें प्रयोग महल पिघल और शहरों में जला है, आप अलग अलग नहीं कर रहे हैं।	लेकिन अगर आप उनसे मेल करने वाले पुर्जे को गरम करने से या शहरों को जलने से करते हैं, तो आप इस प्रकार से अलग नहीं हैं।	0.7826122045516968	0.46181371808052063	0.5522936582565308
Landover Park.	Landover पार्क.	स्थानीय पार्क.	0.8775542378425598	0.7534008622169495	0.7064118385314941
Really, Anatolij, please tell us.	सच में, अनातोलिज, कृपया हमें बतांए.	अनाटोलीज़ के पास मुझे बताने के लिए कोई भी चिंता है।	0.7386822700500488	0.46782249212265015	0.3457779884338379
File is not a valid .desktop file	फ़ाइल वैध .desktop फ़ाइल नहीं है	।	0.5957906246185303	0.3428746461868286	0.115274578332901
We at GV would love to see your posts on that day too, so do feel free to leave a comment and we will definitely check with you on October 12th to cover what you say on that day (and any day) about the environment.	अतः आपसे गुजारिश है कि टिप्पणी में अवश्य बताएँ और फिर हम निश्चित रूप से 12 अक्तूबर को यह देखेंगे कि उस दिन (और अन्य किसी भी दिन,) आपने पर्यावरण पर अपने क्या विचार व्यक्त किए .	अपने पोस्ट दिनों तक के लिए हमें यह देखने वाले लोगों को कुछ विशेष रूप से कि 10 अक्टूबर को दिनों तक के लिए विशेष रूप से कि 10 अक्टूबर को दिनों तक के लिए हमें यह देखने वाले लोगों को कुछ विशेष रूप से कि 10 अक्टूबर को दिनों तक के लिए हमें यह देखने वाले लोगों को कुछ विशेष रूप से कि 10 अक्टूबर को दिनों तक के लिए हमें यह देखने वाले लोगों को कुछ विशेष रूप से कि 10 अक्टूबर को दिनों तक के लिए हमें यह देखने वाले लोगों को कुछ विशेष रूप से कि 10 अक्टूबर को दिनों तक के लिए हमें यह देखने वाले लोगों को कुछ विश	0.5612795948982239	0.30666831135749817	0.0884048193693161
Then I announced to them and [also] confided to them secretly	और उनकी पोशीदा भी फ़हमाईश की कि मैंने उनसे कहा	अगले मैं उन्हें बता रहा था और [बाद] उन्हें खुली जानकारी से बता रहा था	0.65817791223526	0.4463941156864166	0.3129183053970337
Glory be to your Lord: the Lord of Glory is far above what they attribute to Him.	ये लोग जो बातें (खुदा के बारे में) बनाया करते हैं उनसे तुम्हारा परवरदिगार इज्ज़त का मालिक पाक साफ है	अर्थ: अर्थात् आपके Lord के हैं: आपके Lord की गौरे से ऊपर किसी को भी अपने Lord के ही जैसे हो सकते हैं।	0.6258045434951782	0.3255758583545685	0.278758704662323
And your movements among those who bow in homage to God.	और सजदा करनेवालों में तुम्हारे चलत-फिरत को भी वह देखता है	और आप गोद की पूजा करते समय अपने होमेज की पूजा करते हुए दर्शकों की सम्मान प्रवृत्ति के साथ-साथ ई की सम्मान प्रवृत्ति के साथ-साथ अपने होमेज की सम्मान प्रवृत्ति के साथ-साथ अपने साथी की सम्मान प्रवृत्ति के साथ-साथ अपने साथी की सम्मान प्रवृत्ति के साथ-साथ अपने साथी की सम्मान प्रवृत्ति के साथ-सालन उत्तरात्मक होती है।	0.6303995251655579	0.32340678572654724	0.1968080699443817
Who are you to ask me that?	तुम मुझे उस से पूछने के लिए कौन हैं?	पूछने के लिए आप मुझसे क्या?	0.8504371643066406	0.5897788405418396	0.3033101558685303
- ( clicks, tunes )	- (क्लिक करता है, धुनों)	- ( volumes, tones )	0.7726308703422546	0.47934532165527344	0.287975013256073
_Refresh Registry	पंजी ताजा करें (_R)	रिकॉर्ड को रिफ़्रश करें	0.6854152679443359	0.5593249797821045	0.790955662727356
Enables random Tux explosions.	टक्स को बेतरतीब विस्फोटित होने देता है.	स्वच्छता वाले किसी भी प्रकार के तुक्याग।	0.6922794580459595	0.3249244689941406	0.3231329917907715
This business is killing him.	यह व्यापार उसे मार रहा है.	यह व्यवसाय इस बात पर जोर दे रहा है।	0.8000006079673767	0.6097334027290344	0.587372362613678
It does not work with our feelings.	यह भावनाओं से काम नहीं करता.	अपनी भावनाओं के साथ काम करने में असमर्थ होता है।	0.8322739601135254	0.6795839667320251	0.6286360621452332
A clan where a man dies only after killing 100 men.	एक कुल जहाँ पुरुष 100 को मार कर मरता है.	100।	0.624741792678833	0.3309759795665741	0.024148546159267426
They'll race behind you. They will stumble. They will fall.	वे, आप के पीछे आराम करेंगे ठोकर होगा, वे गिर जाएगी.	वे आपके पीछे चलेंगे. वे थक जाएँगे. वे गिर जाएँगे.	0.7957493662834167	0.5259755253791809	0.8210145235061646
© P@rM! NdeR M@nkÖÖ ™	©पी@RM nder एम@nkÖÖ 	यहाँ कुछ है	0.6446126699447632	0.358815461397171	0.16343285143375397
Somebody has filed an injunction.	किसी ने एक आदेश दायर किया है.	कुछ का एक इंजीनियर नागरिक निवेदन करके इंजीनियर को इंजीनियर की सहमति के रूप में एक इंजीनियर की जगह ले लेता है।	0.7033544182777405	0.3061392605304718	0.19554206728935242
Not yet, there's still one more.	अभी नहीं, अभी एक और बाकीं है.	अरे, अभी भी एक और।	0.8111971020698547	0.7080689668655396	0.5843031406402588
Which they will enjoy for ever. Indeed God has greater rewards with Him.	उनमें वे सदैव रहेंगे। निस्संदेह अल्लाह के पास बड़ा बदला है	उन्हें जो वे लोग दूसरे से अधिक आनंददायक होगा, वे वाक्य। वाक्य से वाक्य तक का स्थान-वाक्य संबंध में स्पष्ट रूप से उल्लेखित होकर सबसे अधिक आनंददायक होगा।	0.6644415855407715	0.346754252910614	0.24541033804416656
Select name of the Evolution backup file	एवोल्यूशन बैकअप फ़ाइल का नाम चुनें	प्रतिस्पर्धा नाम आफाइबल स्टोरी किया बैकअप फ़ाइल चुन ल	0.7898641228675842	0.4982964098453522	0.18756963312625885
-Crane, Mantis?	-क्रेन, मैंटिस?	क्रैन, मैं?	0.8165460824966431	0.7175849676132202	0.5694897770881653
Yeah, well you smell like aquarium rocks.	हाँ, अच्छी तरह से आप मछलीघर चट्टानों की तरह बू आ रही है.	यह, वेला यू स्मील इन वॉटर रॉक्स से बिल्कुल सही है।	0.672480046749115	0.3948903977870941	0.41126424074172974
I dived into the river.	मैंने नदी में छलाँग लगाकर डुबकी ली।	रीऑड में गिरा	0.6871810555458069	0.2975851595401764	0.09944714605808258
%s min	%s min	प्रति मिनट	0.689833402633667	0.6532701253890991	0.7214362025260925
An link to the project web page if provided.	लिंक को पृष्ठ यदि.	अगर प्रोजेक्ट वेब पेज का लिंक मिल जाए.	0.7667309045791626	0.6144025921821594	0.6311815977096558
Tomorrow %l:%M:%S %p	कल %l:%M:%S %p	सब कुछ जाने के लिए कल	0.6037734150886536	0.30505508184432983	0.058841802179813385
Transfer the current call	वर्तमान कॉल हस्तांतरित करें	सब कुछ ख़ातिर कर कॉल को आगे से चला दिया जा सकता ह	0.718065619468689	0.5441271662712097	0.2592131793498993
Work Week View: %s. %s	कार्य साप्ताहिक दृश्य: %s. %s	कार्य सप्ताहांट View: %d%. %d	0.8415682911872864	0.7255221009254456	0.6168032288551331
Only common people believe these tales, as they believe most anything.	केवल आम लोगों को वे सबसे अधिक कुछ भी विश्वास के रूप में , इन कहानियों का मानना ​​है.	इन कहानियों को सिर्फ़ आम लोग मानते हैं, क्योंकि उन लोगों को सबसे ज़्यादा किसी चीज़ का विश्लेषण करना आता है.	0.7635788917541504	0.6285129189491272	0.6827584505081177
Using this, people can get cold water in the summer.	इससे लोगों को गर्मी के दिनों में ठंडा पानी मिल सकेगा।	इस से पानी ठंडा हो सकता है.	0.7689886689186096	0.6886278986930847	0.6813927292823792
We're pulling clear of them.	उनमें से cIear खींच रहे हैं.	हम उनसे दूर चले आ रहे हैं।	0.7330920100212097	0.5490540862083435	0.5629025101661682
chart	चार्ट	चार्ट	1.0000003576278687	0.982192873954773	0.8859236836433411
Contact connected	संपर्क कनेक्टेड	संपर्क स्थित	0.8224982619285583	0.6455174684524536	0.5046449899673462
A_vailable Fields:	उपलब्ध क्षेत्र (_v):	विद्युत संसाधन:	0.6672433614730835	0.63821941614151	0.8330754041671753
Like those who lately preceded them, they have tasted the evil result of their conduct; and (in the Hereafter there is) for them a grievous Penalty;-	उनका हाल उन लोगों का सा है जो उनसे कुछ ही पेशतर अपने कामों की सज़ा का मज़ा चख चुके हैं और उनके लिए दर्दनाक अज़ाब है	पिछले लोगों से उसी तरह से हुआ कि वे उस सामान्य स्थिति से कुछ भी ज्यादा नहीं हुआ; और (in the Hereafter there is) for them a grievous consequence;-	0.6598309874534607	0.30015668272972107	0.22507722675800323
Folder _Size	फ़ोल्डर आकार (_S)	प्रॉबैबल फाइर्स ऑफ़ डेटास्टिक्स	0.6678329706192017	0.3972911238670349	0.5019355416297913
That was the same show, just without Anton!	कि सिर्फ एंटोन बिना ही दिखा रहा था!	उसी शो की थी जिनमें एंटोन ने भाग लिया था	0.7255615592002869	0.5380174517631531	0.5005499124526978
Cameron is Niles' son.	कैमरून नाइल्स 'बेटा है.	निल्स और कैमरो का एक संतान है।	0.8046326041221619	0.6043633222579956	0.5790282487869263
"(Jesus had said): ""Indeed Allah is my Lord and your Lord, so serve Him alone. This is the Straight Way."""	"""और निस्संदेह अल्लाह मेरा रब भी है और तुम्हारा रब भी। अतः तुम उसी की बन्दगी करो यही सीधा मार्ग है।"""	जीसस ने कहा था: “बिलकुल ही अल्लाह तुम्हारी न्यायिक सच्चाई से ज़रूरी तरह से बताता है।”	0.7028309106826782	0.5251583456993103	0.4975719451904297
They know the outward of this world's life, but of the hereafter they are absolutely heedless.	वे सांसारिक जीवन के केवल वाह्य रूप को जानते है। किन्तु आख़िरत की ओर से वे बिलकुल असावधान है	यह जानते हैं दुनिया का बाहरी सामना, लेकिन यह जानते हैं वे जो भविष्य के बारे में सोचते हैं।	0.7335842847824097	0.4277331829071045	0.46525663137435913
And it is He Who has created man from water, and has appointed for him kindred by blood, and kindred by marriage. And your Lord is Ever All-Powerful to do what He will.	और वही तो वह (ख़ुदा) है जिसने पानी (मनी) से आदमी को पैदा किया फिर उसको ख़ानदान और सुसराल वाला बनाया और (ऐ रसूल) तुम्हारा परवरदिगार हर चीज़ पर क़ादिर है	और यह जो है, वो किसी को भी नहीं बन सकता है।	0.6300502419471741	0.25077947974205017	0.17612771689891815
You saw it:	आपने देखा:	आप देखे:	0.7500787973403931	0.8675057291984558	0.8664453625679016
Just tell me if he had a knife.	बस मुझे बताओ कि क्या उसके पास चाकू था.	किसी ने बताया होगा कि वे किस तरह का हथियार लाया था।	0.7518954873085022	0.5856782793998718	0.5422462224960327
Importing Outlook Express data	आउटलुक एक्सप्रेस आंकड़ा आयात कर रहा है	"ऑटो माइंड कैसे इम्पोर्ट किया जा सकता ह？
ऑटो माइंड कैसे इम्पोर्ट किया जा सकता ह？
ऑटो माइंड कैसे इम्पोर्ट किया जा सकता ह？
ऑटो माइंड कैसे इम्पोर्ट किया जा सकता ह？
ऑटो माइंड कैसे इम्पोर्ट किया जा सकता ह？
ऑटो माइंड कैसे इम्पोर्ट किया जा सकता ह？
ऑटो माइंड कैसे इम्पोर्ट किया जा सकता ह？
ऑटो माइंड कैसे इम्पोर्ट किया जा सकता ह？
ऑटो माइंड कैसे इम्पोर्ट किया जा सकता ह？
ऑटो माइंड कैसे इम्पोर्ट किया जा सकता ह？
ऑटो माइंड कैसे इम्पोर्ट क"	0.46300849318504333	0.3434845507144928	0.020827025175094604
There is no blame against him who avenges himself after he has been wronged.	और जो कोई अपने ऊपर ज़ु्ल्म होने के पश्चात बदला ले ले, तो ऐसे लोगों पर कोई इलज़ाम नहीं	असफल के साथ संबंधित किसी को भी दंड देने वाला किसी को दंड देने वाला किसी को अस्पष्ट रूप से गलत लगने वाला है	0.6559974551200867	0.38349127769470215	0.36001795530319214
Before them is Hell; naught will avail them of that which they earned, nor those whom they took for patrons beside Allah. Theirs shall be a torment mighty.	उनके आगे जहन्नम है, जो उन्होंने कमाया वह उनके कुछ काम न आएगा और न यही कि उन्होंने अल्लाह को छोड़कर अपने संरक्षक ठहरा रखे है। उनके लिए तो बड़ी यातना है	पहले Hell; कुछ जो उन्होंने पाया, उसे वे जो उन्हें प्रोत्साहित करते थे, उस पर उनका प्रभाव नहीं पड़ सकता। उनके प्रभाव से वे सबसे ज्यादा प्रभावित होंगे कि उन्होंने पाया था और जो उन्हें लाया था।	0.6903402209281921	0.36482393741607666	0.33797019720077515
No home...	कोई घर नहीं...	नहीं होम...	0.8752573132514954	0.7336665987968445	0.38402271270751953
"The register function hasn't been found automatically in the following pretty printer files: %s You need to fill yourself the register function columns before enabling the rows. Most of the time the register function name contains the word ""register""."	फंक्शन पाया इंच अनुसरण कर रहा है फ़ाइल नहीं से. को भरें फंक्शन स्तम्भ पहले सक्रिय कर रहा है पंक्तियाँ का समय फंक्शन नाम रखता है शब्द.	प्रेस क्लॉक्टर के लिए यह सुनिश्चित करने के लिए की जा रही है कि कोई भी प्रेस क्लॉक्टर व्यंजन के लिए रजिस्टर फ़ॉर्म किया गया है और इस पर 8 बार रजिस्टर फ़ॉर्म किया गया है।	0.6570579409599304	0.3827906548976898	0.33273953199386597
We'll pack the abdomen with tissues and examine him thoroughly.	हम ऊतकों से पेट पैक करते हैं और उसे अच्छी तरह से जांच करते हैं.	वे हम सब को अपने साथ रखने वाले क्षेत्र में सूजन के कारण ट्यूब के साथ चिकित्सा की जांच को सुनने वाले क्षेत्र के बीच सूजन की जांच को सुनने वाले क्षेत्र की तुलना सूजन की जांच को सुनने वाले क्षेत्र से किया जा सकता है।	0.6545913219451904	0.3697882890701294	0.2505647838115692
Thumbnail	लघु छवि	पृष्ठ	0.6099755167961121	0.5384141802787781	0.5007852911949158
"There was evidence (of the truth) for the people of Sheba in their homeland. (We gave them) two gardens, one on the left and one on the right and (told them), ""Consume the sustenance which your Lord has given to you and give Him thanks. You have a blessed land and an All-forgiving Lord""."	और (क़ौम) सबा के लिए तो यक़ीनन ख़ुद उन्हीं के घरों में (कुदरते खुदा की) एक बड़ी निशानी थी कि उनके शहर के दोनों तरफ दाहिने बाएं (हरे-भरे) बाग़ात थे (और उनको हुक्म था) कि अपने परवरदिगार की दी हुई रोज़ी Âाओ (पियो) और उसका शुक्र अदा करो (दुनिया में) ऐसा पाकीज़ा शहर और (आख़ेरत में) परवरदिगार सा बख्शने वाला	यह जानकारी (देख) से मिली है कि शेवा के लोगों को अपनी खुद-देख-फर्म की स्थानीय व्यवस्था की ओर से यह स्थानीय व्यवस्था की ओर से तो बहुत सारी जानकारी हो गई है।	0.6349803805351257	0.2784214913845062	0.25213316082954407
It was surprisingly a televised event as the news of the arrest was leaked and the media people were trailing the security forces convoy rolling to her house.	आश्चर्यजनक रूप से यह टीवी प्रधान घटना रही चूंकि गिरफ़्तारी का समाचार पहले ही लीक हो गया था और मीडिया के लोग समाचार को कवर करने के लिए खालिदा जिया के घर की ओर जा रही सुरक्षा दस्ते के पीछे हो लिये थे.	अनुपस्थित।	0.5950381755828857	0.30806705355644226	0.07762016355991364
The drones will handle this.	ड्रोन इस संभाल लेंगे.	यह चल रहा है।	0.7434393167495728	0.4659120738506317	0.5467402338981628
Messages	पसंदीदा फ़ोल्डर में डाक देखें	संदेश	0.6834172606468201	0.3266281187534332	0.2243201583623886
Do you have a reservation with us this evening?	आप इस शाम को हमारे साथ एक आरक्षण है?	हाँ, आप हमारे साथ इस शाम को कॉन्फ़र्मेशन सेट कर सकते हैं।	0.8039942383766174	0.6240959167480469	0.7916625142097473
Separator	अलगानेवाला	सप्ति	0.7376359105110168	0.34269237518310547	0.29975277185440063
Take a chance! All life is a chance.	जोखिम उठाइये! पूरी जिंदगी एक जोखिम है।	ये जानें का एक अच्छा समय है |	0.6828811168670654	0.497692734003067	0.4422515630722046
- They blame me behind my back!	- वे मेरी पीठ पीछे मुझे दोष!	- वो मुझे पीछे कर देते!	0.8582432866096497	0.6552443504333496	0.5339904427528381
The Führer would never approve. We swore to obey his will.	हम कभी आत्मसमर्पण नहीं कर सकते हैं.	एफ़रेटर ने कभी इस तरह का विचार नहीं दिया है। हम उनका वफादारी करते हैं।	0.7165648341178894	0.5350742936134338	0.45608651638031006
Found the appointment in the calendar '%s'	'%s' पंचांग में मुलाकात मिली.	'%s'	0.7217569947242737	0.4686848819255829	0.11128731071949005
Copying messages to '%s'	'%s' में संदेश नक़ल कर रहा है	इस प्रकार की जानकारी को %s देना	0.6790841817855835	0.4272597134113312	0.5795936584472656
Don't know where	पता नहीं कहाँ	को नहीं पता	0.8163794279098511	0.7094874382019043	0.5639739632606506
Scientific	वैज्ञानिक	शैक्षणिक	0.7822891473770142	0.7275758385658264	0.8668514490127563
Currently, passengers are required to turn off their smartphones, tablets and other devices once a plane's door closes.	फ़िलहाल, यात्रियों को विमान का द्वार बंद होने पर अपने स्मार्टफोन, टेब्लेट, तथा अन्य डिवाइस को बंद करने की आवश्यकता होती है।	वर्तमान में, यात्रियों से उनके स्मार्टवॉइस, टेबलेट और अन्य डिवाइस को जब प्लेन के दरवाजे को बंद करने पर सोचने लगे उन्हें अब अपने स्मार्टवॉइस, टेबलेट और अन्य डिवाइस को जब प्लेन के दरवाजे को बंद करने पर सोचने लगे उन्हें अब अपने स्मार्टवॉइस, टेबलेट और अन्य डिवाइस को जब प्लेन के दरवाजे को बंद करने पर सोचने लगे उन्हें अब अपने स्मार्टवॉइस, टेबलेट और अन्य डिवाइस को जब प्लेन के दरवाजे को बंद करने पर सोचने लगे उन्हें अब अपने स्मार्टवॉइस, टेबलेट और अन्य डिवाइस को जब प्लेन के दरवाजे को बंद करने पर सोचने लगे उन्हें	0.6805082559585571	0.4276299774646759	0.2489658147096634
And linked to that monster.	और वह राक्षस से जुड़ा हुआ।	और उसे संबंधित करते हुए उस प्राणी को भी पता चला कि वह एक ऐसी स्थिति से संबंधित है जो एक अन्य प्राणी के प्रति भी सुसज्जित है	0.6956170201301575	0.44438081979751587	0.3768700361251831
Or who is this that shall provide for you if He withholds His provision? No, but they persist in disdain and aversion.	मगर ये कुफ्फ़ार तो सरकशी और नफ़रत (के भँवर) में फँसे हुए हैं भला जो शख़्श औंधे मुँह के बाल चले वह ज्यादा हिदायत याफ्ता होगा	यह व्यक्ति है जिसे आपके लिए Him provision दिया ज रहेगा? न, लेकिन वे विरोध और विरोध का सामना करते हैं।	0.6341554522514343	0.37400493025779724	0.2801886796951294
Everything is so chaotic, and now I'm in trouble.	सब कुछ इतनी अराजक, है और अब मैं मुसीबत में हूँ.	पूरी चिंता के बाद भी मैं ऐसा महसूस करता हूँ।	0.757462739944458	0.5183265209197998	0.5091153383255005
Tanzania: Tanzanian search engine · Global Voices	तंज़ानिया: तंज़ानियाई खोज इंजन	तनाज़ानिया: तनाज़िनिया की सर्च इंटर्सी · ग्लोब वाइज़	0.8270547389984131	0.5826390385627747	0.2386375218629837
Well, where I get hazy is where the cleaning woman shows up the following morning and finds your wife in bed with her lover, riddled with?	ठीक गड़बड़ी वहां है जहाँ अगली सुबह सफाई वाली महिला आती है ...	"चलो संस्करण की ओर तो चलो:
अभ, जहां मुझे ज्यादा जानकारी देने वाली महिला का दिनांतर होता है, और अगली शाम उसे अपने साथ लेकर आती प्रेमिका के साथ निवासी रूप से रोमांस का शिकार नहीं करती।"	0.6981216669082642	0.3675740957260132	0.2181721180677414
"""Then, eat of all fruits, and follow the ways of your Lord made easy (for you)."" There comes forth from their bellies, a drink of varying colour wherein is healing for men. Verily, in this is indeed a sign for people who think."	"फिर हर प्रकार के फल-फूलों से ख़ुराक ले और अपने रब के समतम मार्गों पर चलती रह।"" उसके पेट से विभिन्न रंग का एक पेय निकलता है, जिसमें लोगों के लिए आरोग्य है। निश्चय ही सोच-विचार करनेवाले लोगों के लिए इसमें एक बड़ी निशानी है"	यहाँ उन लोगों के लिए भी एक ख़रासी है जो इस बात पर सोचने लगेगा कि यह एक इंसान के लिए भी एक ख़रासी है जो इस बात पर सोचने लगेगा कि यह इंसान के लिए भी है।	0.6670863032341003	0.33313262462615967	0.24135692417621613
God: there is no god but He, the Lord of the Mighty Throne.'	"अल्लाह कि उसके सिवा कोई इष्ट -पूज्य नहीं, वह महान सिंहासन का रब है।"""	देव: यहाँ कोई देवी नहीं है, लेकिन यह, लॉर्ड ऑफ़ द माइट्रॉनाथ'.	0.6741653680801392	0.43300023674964905	0.4081362783908844
This has come upon you because when God alone was invoked you disbelieved; but when partners were associated with Him, you believed. But judgement belongs to God, the all-high and supreme.	वह (बुरा परिणाम) तो इसलिए सामने आएगा कि जब अकेला अल्लाह को पुकारा जाता है तो तुम इनकार करते हो। किन्तु यदि उसके साथ साझी ठहराया जाए तो तुम मान लेते हो। तो अब फ़ैसला तो अल्लाह ही के हाथ में है, जो सर्वोच्च बड़ा महान है। -	यह आपको यह बात के लिए मजबूर करने के लिए gọiा गया है कि गोद के लिए आप विलास से विश्वास के साथ जाते हैं।	0.6516106128692627	0.31400397419929504	0.2821400761604309
Toggles whether the RSVP field is displayed	टॉगल करें कि क्या RSVP श्रेत्र दिखाया गया है	रिस्पन फील्ड को दिखाने वाले स्थान को टॉगल करना	0.7170051336288452	0.49044451117515564	0.5038254261016846
- General Nearchus to you, boy.	- आप को जनरल Nearchus, लड़का.	-ग्रेट नेचरस तुम्हें बताते हैं।	0.6878737211227417	0.45020821690559387	0.664503812789917
Please feed the dog every day.	कुत्ते को रोज़ खिलाईएगा।	"कार्यान्वयन:
कार्य को हर दिन कार्य करने वाले डॉग को खिलाना होगा।"	0.7255260348320007	0.38661468029022217	0.40490302443504333
I have no such blood on my hands.	मैं अपने हाथों पर ऐसी कोई खून है.	मेरे पास ऐसी रक्त की बात नहीं है।	0.7756217122077942	0.47783544659614563	0.43228787183761597
_Previous	पिछला (_P)	Previous	0.6836713552474976	0.6153516173362732	0.5520564913749695
Each of you will clear out his nuclear closet immediately.	आप में से हर तुरंत उसके परमाणु कोठरी से बाहर साफ हो जाएगा.	हर एक के लिए परमाणु क्लॉकअट्टरी से तुरंत खाली करना है।	0.7665619850158691	0.5159785747528076	0.6322544813156128
a revelation from Him Who created the earth and the high heavens.	भली-भाँति अवतरित हुआ है उस सत्ता की ओर से, जिसने पैदा किया है धरती और उच्च आकाशों को	अपनी सृष्टि और उच्चतःप्रागितितated heavens के निर्माते हैं।	0.6793608069419861	0.4212086796760559	0.2941477298736572
_Port:	पोर्ट (_P):	राजधानी:	0.6789793372154236	0.657960832118988	0.5974380970001221
(LOUD BOOM)	(ज़ोर बूम)	(रोज़ बुलिया संग)	0.852252721786499	0.5061898231506348	0.351487398147583
_Time divisions:	काल विभाजन (_T):	_काल के विभाजन:	0.8249701261520386	0.8734126091003418	0.9092382192611694
This is the seventh incident in the past few days.	हाल के दिनों में हुई यह सातवीं घटना है।	पिछले कुछ दिनों में सातवा में होने वाला यह पहला है।	0.7833807468414307	0.6927146315574646	0.6098165512084961
They're well-trained and they're well-organized.	वे अच्छी तरह से प्रशिक्षित हैं और वे अच्छी तरह से आयोजित कर रहे हैं.	वे बहुत प्रशिक्षित हैं और वे बहुत अच्छी तरह से संगठन-शील भी हैं।	0.8594777584075928	0.8161230683326721	0.8446718454360962
O you who have faith! Should any of you desert his religion, Allah will soon bring a people whom He loves and who love Him, [who will be] humble towards the faithful, stern towards the faithless, waging jihad in the way of Allah, not fearing the blame of any blamer. That is Allah’s grace, which He grants to whomever He wishes, and Allah is all-bounteous, all-knowing.	ऐ ईमानदारों तुममें से जो कोई अपने दीन से फिर जाएगा तो (कुछ परवाह नहीं फिर जाए) अनक़रीब ही ख़ुदा ऐसे लोगों को ज़ाहिर कर देगा जिन्हें ख़ुदा दोस्त रखता होगा और वह उसको दोस्त रखते होंगे ईमानदारों के साथ नर्म और मुन्किर (और) काफ़िरों के साथ सख्त ख़ुदा की राह में जेहाद करेंगे और किसी मलामत करने वाले की मलामत की कुछ परवाह न करेंगे ये ख़ुदा का फ़ज़ल (व करम) है वह जिसे चाहता हे देता है और ख़ुदा तो बड़ी गुन्जाइश वाला वाक़िफ़कार है	अपने धर्म से जो भी तुम्हारा धर्म का अनुसरण हो सकता है, तो वह तुम्हारा धर्म से ज्यादा हो सकता है।	0.6458847522735596	0.2530365288257599	0.23428285121917725
We can't afford it. It's up to you	ये हमारी पहुँच के बाहर है अब सब कुछ तुमाहरे ऊपर है	हम उसे नहीं खरीद सकता. वह तुम्हारे लिए हो	0.719014048576355	0.40822723507881165	0.3268868923187256
I am quite exciting to show you something	मैं काफी आप कुछ दिखाने के लिए रोमांचक हूँ	मैं काफी उत्साहित करने वाला हूँ कि हम आपको ऐसा कुछ होगा	0.7517467737197876	0.6513509154319763	0.5404906272888184
I THINK YOU SHOULD TAKE MORE RESPONSIBILITY.	मैं आप अधिक जिम्मेदारी लेनी चाहिए.	यह तुम्हें अधिक जिम्मेदारी से जुड़ी समस्याओं पर ध्यान देने के लिए तुम्हें यह तो लगेगा कि तुम्हारे पास यह जानकारी लेने के लिए अधिक जिम्मेदारी से जुड़ी समस्याएं हैं।	0.7012975811958313	0.42069151997566223	0.25219717621803284
No contacts	कोई संपर्क नहीं	कोई संपर्क नहीं	1.000000238418579	0.9935908317565918	0.8868882656097412
Gnome Calendar's calendar import done	ग्नोम पंचांग से पंचांग को आयात किया गया	ग्नोमैड कैलेंडर के कैलेंडर को इम्पोर्ट किया गया है।	0.7500895857810974	0.6350097060203552	0.4980248510837555
[children chattering]	[बच्चे गपशप करते हैं]	चिल्ड्रन के चाटने!	0.6946394443511963	0.3589392900466919	0.30672961473464966
Let's take him to the hospital.	इन्हें अस्पताल ले चलो.	लेट्स Him to the hospital.	0.6657370328903198	0.5153644680976868	0.4337897002696991
Verily they found their fathers gone astray.	उन लोगों ने अपन बाप दादा को गुमराह पाया था	सच में उनके पिताजी का भागव्या।	0.7083431482315063	0.36084356904029846	0.37487107515335083
When you return, they will swear to you by God so that you may leave them alone, so leave them alone. They are unclean, and Hell will be their home as a reward for their actions --	जब तुम पलटकर उनके पास जाओगे तो वे तुम्हारे सामने अल्लाह की क़समें खाएँगे, ताकि तुम उन्हें उनकी हालत पर छोड़ दो। तो तुम उन्हें छोड़ ही दो। निश्चय ही वे गन्दगी है और उनका ठिकाना जहन्नम है। जो कुछ वे कमाते रहे है, यह उसी का बदला है	यह जब आप वापस आएंगे तो वे आपको भगवान की प्रतिनिधित्व के रूप में स्वोर्थम् होने के लिए वादविवाद करके उन्हें एक घर के रूप में दिए गए हैं।	0.6839237213134766	0.32137537002563477	0.29979172348976135
Lao-Tsé.	लाओ त्से.	अर्थात:	0.6150556802749634	0.5035368800163269	0.24872097373008728
Tell them we need more time!	हम समय से बाहर हैं.	Tell them we need more time!	0.6697148084640503	0.552859902381897	0.2933456301689148
Moses said: Speak ye (so) of the Truth when it hath come unto you? Is this magic? Now magicians thrive not.	"मूसा ने कहा, ""क्या तुम सत्य के विषय में ऐसा कहते हो, जबकि यह तुम्हारे सामने आ गया है? क्या यह कोई जादू है? जादूगर तो सफल नहीं हुआ करते।"""	मॉस ने कहा: बोलो (तो) यह सच बता रहा है कि जब यह सुना आया है तो यह सच है? यह प्रकृति की शक्ति है? अब प्राकृतिक चीजों से कोई भी ऐसा है जो सच हो सकता है, ऐसा बोल सकते हैं।	0.7356134057044983	0.47686854004859924	0.5175313353538513
How can a queen who can't defend herself rule this kingdom, King?	एक रानी जो अपनी रक्षा नहीं कर सकती वो कैसे इस साम्राज्य पर शासन करेगी महाराजा?	राजमहल में राजमहल की राजमहत्ता कैसे हो सकती है, राजमहल की राजमहत्ता कैसे हो सकती है, और राजमहल की राजमहत्ता कैसे हो सकती है?	0.6579201221466064	0.3278977572917938	0.2311210185289383
And Noah cried unto his Lord and said: My Lord! Lo! my son is of my household! Surely Thy promise is the truth and Thou are the Most Just of Judges.	"नूह ने अपने रब को पुकारा और कहा, ""मेरे रब! मेरा बेटा मेरे घरवालों में से है और निस्संदेह तेरा वादा सच्चा है और तू सबसे बड़ा हाकिम भी है।"""	नोए के यहूदी विद्रोही वे किसी भी जानकारी जापानी से गलत है।	0.6464300155639648	0.2483617663383484	0.13321012258529663
Its my name.	इसका मेरे नाम.	अरे!	0.716003954410553	0.5937532782554626	0.4182310104370117
Created they the heavens and the earth! Aye! they will not be convinced.	या उन्होंने आकाशों और धरती को पैदा किया?	हे वे आकाश और पृथ्वी हैं! हाँ! वे किसी को भी समझाएँगे नहीं।	0.7250605821609497	0.5070292353630066	0.28157123923301697
That's all from me.	मेरी तरफ से यही.	मैंने यहाँ पर आपके लिए यही बताया है।	0.7445999979972839	0.6792489886283875	0.590161919593811
God is the guardian of even those who have chosen others (idols) besides Him as their guardians (Muhammad), you will not have to answer for them.	और जिन लोगों ने उससे हटकर अपने कुछ दूसरे संरक्षक बना रखे हैं, अल्लाह उनपर निगरानी रखे हुए है। तुम उनके कोई ज़िम्मेदार नहीं हो	अरे, गोद का गार्ड होने वाले भी नहीं हो सकते हैं उन लोगों का निर्णय (देवता-रक्षी) का!	0.677477240562439	0.376261830329895	0.25873711705207825
[ CAR HORNS HONK ]	[कार सींग हार्न]	अधिकारी कार-चालकों को हाथ से हिलाने वाले वाहनों को धकेलाने वाले हॉर्न से होन्के वाले वाहनों को धकेलाने वाले कर्नर से होन्के वाले वाहनों को धकेलाने वाले कार-चालकों को पीछे होन्के वाले वाहनों को धकेलाने वाले कर्नर से होन्के वाले वाहनों को धकेलाने वाले कार-चालकों को पीछे होन्के वाला वाहन धकेला देता	0.6119197010993958	0.2210323065519333	0.016228478401899338
The application no longer exists	अनुप्रयोग अब मौजूद नहीं है	अगले कुछ दिनों में इसे भी नहीं रह जाता	0.6913753151893616	0.37138858437538147	0.42881906032562256
Fuck this tiger. Oh, my God.	मैंने कहा था कि.	मैं इस तिरंगे को भी हैरान। ओह, मेरे पागल।	0.6432361602783203	0.298156201839447	0.252485066652298
- Yes.	- हाँ.	जी हाँ।	0.8145982027053833	0.8962923288345337	0.9312915802001953
All I ever wanted was to protect you!	सभी मैं कभी भी चाहते थे आप की रक्षा के लिए था!	मैं तुम्हारी सुरक्षा के लिए भी तैयार था!	0.8232951164245605	0.7166234850883484	0.5985129475593567
And We taught him the fashioning of coats of armor to protect you from your [enemy in] battle. So will you then be grateful?	और हमने उसे तुम्हारे लिए एक परिधान (बनाने) की शिल्प-कला भी सिखाई थी, ताकि युद्ध में वह तुम्हारी रक्षा करे। फिर क्या तुम आभार मानते हो?	अरे, हमने उसे जीवनशास्त्रों से हथकथा की जाती हुई वाहनों को सुरक्षा देने के लिए मजबूत जीवित संरचनों को दिया जा सकता है।	0.67902010679245	0.32395461201667786	0.3015207350254059
Could not scan folder '%s': %s	'%s' फ़ोल्डर स्कैन नहीं कर सकता है: %s	असली अर्थ में ऐसा क्या हो सकता है उस पर क्या प्रभाव पड़ सकता है उसे क्या लगता है	0.6395599246025085	0.329458087682724	0.1452828347682953
Location at (date)	स्थान (तिथि) पर	(वर्तमान समय)	0.6588082909584045	0.6692995429039001	0.8805379867553711
/ No, I'm not good with that.	/ नहीं, मैं अच्छा है कि के साथ नहीं हूँ.	यह सही है।	0.6843933463096619	0.4173761308193207	0.2480308711528778
If we do the job , we are on the dry in two or three years.	हम काम करते हैं , हम दो या तीन वर्षों में, सूखे में हैं.	अगर हम काम करें तो हमें अगले कई वर्षों तक आराम से रहने का मौका मिलेगा।	0.6977258920669556	0.49758008122444153	0.6515758037567139
Then We set you upon a pathway of faith, so follow it, and do not follow the inclinations of those who do not know.	फिर हमने तुम्हें इस मामलें में एक खुले मार्ग (शरीअत) पर कर दिया। अतः तुम उसी पर चलो और उन लोगों की इच्छाओं का अनुपालन न करना जो जानते नहीं	अरे, तब हमें आपको जिंदादिला सुनने वाले पर्याप्त मार्ग में आगे बढ़ने की जानकारी देनी थी।	0.6765168309211731	0.4124002158641815	0.36620253324508667
/clear: clear all messages from the current conversation	/clear: मौजूदा वार्तालाप से सभी संदेशों को रिक्त करें	दिए से हटाएँ: remove the current conversation	0.6724773645401001	0.5057775378227234	0.24813209474086761
_Discard Changes	परिवर्तन को छोड़ें (_D)	पूरी तरह से बदल नहीं सकता	0.6945409178733826	0.44139978289604187	0.5395106077194214
_Type an email address or drag a contact into the list below:	ईमेल पता टाइप करें या निम्न सूची में संपर्क लाएँ (_T):	"Email पते:
डॉ. रामान प्रसाद सिंह पटने से atpm.com"	0.5962625741958618	0.35672101378440857	0.20313508808612823
Ellipsize	एल्लिप्साइज	"लंबाई से संबंधित शब्द का अर्थ:
अनुपस्थित, अपेक्षाकृत, या दूरस्थ के रूप में किसी स्थिति का अर्थ-व्याख्या का संदर्भ:
अनुपस्थित, अपेक्षाकृत, या दूरस्थ के रूप में किसी स्थिति का अर्थ-व्याख्या का संदर्भ:
जिस स्थिति के लिए अनुपस्थित, अपेक्षाकृत, या दूरस्थ के रूप में किसी स्थिति का अर्थ-व्याख्या का संदर्भ:
जिस स्थिति के लिए अनुपस्थित, अपेक्षाकृत, या दूरस्थ के रूप में किसी स्थिति का अर्थ-व्याख्या का संदर्भ:
जिस स्थिति के लिए अनुपस्थित, अपेक्षाकृत, या दूरस्थ के"	0.5115530490875244	0.24837568402290344	0.05264949053525925
And when our verses are recited to him, he turns away arrogantly as if he had not heard them, as if there was in his ears deafness. So give him tidings of a painful punishment.	जब उसे हमारी आयतें सुनाई जाती हैं तो वह स्वयं को बड़ा समझता हुआ पीठ फेरकर चल देता है, मानो उसने उन्हें सुना ही नहीं, मानो उसके काम बहरे है। अच्छा तो उसे एक दुखद यातना की शुभ सूचना दे दो	अर्थ: और जब हमारे गीतों को उन्होंने व्यस्त करने के लिए पढ़ाया जाता है, वे व्यस्त करने के लिए अवगार हो जाते हैं, और वे दर्द का सामना करने में रुचि रखते हैं।	0.6707577109336853	0.37638938426971436	0.27551305294036865
A value to be used to override sans-serif desktop font when use-gnome-fonts is set.	सॉ सेरिफ़ डेस्कटॉप फ़ॉन्ट ओवरराइड जब सूक्ति फोंट का उपयोग करने के लिए इस्तेमाल किया जा मान सेट कर दिया जाता है.	सैंसरीके स्टडें फॉन्ट को ओवरराइड करने के लिए उपयोग की जाने वाली सुसारी डेस्क फॉन्ट को इस्तेमाल करने से पहले सुनवाई करें।	0.780916154384613	0.4580017030239105	0.6531915664672852
At the moment things are very calm, very relaxed.	इस समय सब कुछ बहुत शांत है, शिथिल हैं.	आज समय things बहुत शांत हैं, बहुत आरामदेह।	0.81236732006073	0.7029680609703064	0.4108710289001465
[ DOOR OPENS, CLOSES ]	[दरवाजा खोलता है, बंद]	पार, बंद हो	0.75249183177948	0.4928413927555084	0.16312526166439056
realm	रियल्म	पृष्ठ	0.5767594575881958	0.5392200350761414	0.775907039642334
"And [mention, O Muhammad], when Allah took a covenant from those who were given the Scripture, [saying], ""You must make it clear to the people and not conceal it."" But they threw it away behind their backs and exchanged it for a small price. And wretched is that which they purchased."	"याद करो जब अल्लाह ने उन लोगों से, जिन्हें किताब प्रदान की गई थी, वचन लिया था कि ""उसे लोगों के सामने भली-भाँति स्पट् करोगे, उसे छिपाओगे नहीं।"" किन्तु उन्होंने उसे पीठ पीछे डाल दिया और तुच्छ मूल्य पर उसका सौदा किया। कितना बुरा सौदा है जो ये कर रहे है"	अरे, ये लोग निशात के साथ कुछ भी नहीं करते हैं, केवल छोटा मूल्य चाहते हैं और उसे नहीं देते	0.6814722418785095	0.41356679797172546	0.4204220175743103
Heh.	हेह...	हे।	0.8257778286933899	0.797629177570343	0.5955064296722412
DOKE:	DOKE:	डॉक:	0.8063404560089111	0.7468314170837402	0.7493919134140015
- It's pretty awesome. - We'll take it.	नहीं, यह बहुत शांत है.	- ये कुछ गुणस्थल हैं. - हम उसका प्रयोग करेंगे.	0.7216321229934692	0.5003460049629211	0.5073436498641968
Name	नाम	रोल	0.8162035942077637	0.5449336171150208	0.603800892829895
MINUS ONE XBOX, £150, EQUALS?	शून्य से एक Xbox, £ 150 के बराबर होती है?	योग्यता: ?	0.6787131428718567	0.35152193903923035	0.11036378145217896
Ellen's wallet.	एलेन का बटुआ. .	एलेन के पैसे का खाता	0.7987862229347229	0.7155231833457947	0.7051767110824585
Cumulative	क्युमुलेटिव	सामान्य	0.721240222454071	0.4444655179977417	0.4371659755706787
An image of a petrol bomb exploding - which is ludicrous, because we use biodiesel, not petrol!	एक पेट्रोल बम विस्फोट की तस्वीर छपी है जो कि एक बिल्कुल बेतुकी बात है, क्योंकि हम तो बायोडीज़ल प्रयोग करते हैं!	अरे वो ईंधन बायोडिसेलिन का प्रयोग करके ध्वनि बम का प्रयोग करने वालों को ऐसी हानिकारक सामग्री का प्रयोग करने का पूरा नियंत्रण करने वाले व्यक्तियों के लिए ऐसी हानिकारक सामग्री का प्रयोग करने का पूरी ज़रुरता से प्रयोग किया ज सकता है।	0.6830804944038391	0.3982854187488556	0.31974995136260986
man #2:	पुरुष #2:	पहले व्यक्ति से	0.7200257182121277	0.468720942735672	0.5022745132446289
"So We have taught thee the inspired (Message), ""Follow the ways of Abraham the True in Faith, and he joined not gods with Allah."""	"फिर अब हमने तुम्हारी ओर प्रकाशना की, ""इबराहीम के तरीक़े पर चलो, जो बिलकुल एक ओर का हो गया था और बहुदेववादियों में से न था।"""	अभराम के सच्चे जो कार्यों को आगे बढ़ाने के लिए मैंने उन्हें सिखाया है। अब वे ईर्ष्या-वाले के सच्चे जो कार्यों को आगे बढ़ाने के लिए मेरा समर्थन करते हैं, अब वे ईर्ष्या वाले के सच्चा जो कार्य करता है, वह मेरा समर्थन करता है।	0.6407665610313416	0.41650816798210144	0.23593391478061676
"The people of Noah denied before them, and they denied Our servant and said, ""A madman,"" and he was repelled."	"उनसे पहले नूह की क़ौम ने भी झुठलाया। उन्होंने हमारे बन्दे को झूठा ठहराया और कहा, ""यह तो दीवाना है!"" और वह बुरी तरह झिड़का गया"	"हो सकता है कि आप नोए हिल से निकलें और हमारे पास वर्तमान में शामिल हो सकते हैं:

1. हमारे पास वर्तमान में शामिल हो सकते हैं:
a. साहित्यिक कृतियाँ
b. संगीत कृतियाँ
c. चित्र कृतियाँ
d. पाठ कृतियाँ
e. साहित्यिक कृतियों का प्रयोग संग्रहात्मक कृतियों के लिए

2. साहित्यिक कृतियों का प्रयोग संग्रहात्मक कृतियों के लिए

3. साहित्यिक कृतियों का प्रयोग विशेषज्ञ कृतियों के लिए

4. साहित्यिक कृतियों का प्रयोग सामाजिक कृतियों के लिए

5. साहित्यिक कृतियों का प्रयोग शैक्षणिक कृतियों के लिए

6. साहित"	0.570347785949707	0.2923458516597748	0.24298474192619324
Aunty..you joined hands with the enemy and betrayed me.	Aunty.. you दुश्मन के साथ हाथ मिलाया और मुझे धोखा दिया।	अन्नत..तुमने दुश्मन के साथ हाथों हो कर दूसरे का भेदभाव किया है।	0.7858410477638245	0.49510177969932556	0.4247501492500305
"When they reached David, he took fright, but they said, ""Do not be afraid. We are two disputants, one of whom has wronged the other: judge between us fairly, do not be unjust, and guide us to the right path."	"जब वे दाऊद के पास पहुँचे तो वह उनसे सहम गया। वे बोले, ""डरिए नहीं, हम दो विवादी हैं। हममें से एक ने दूसरे पर ज़्यादती की है; तो आप हमारे बीच ठीक-ठीक फ़ैसला कर दीजिए। और बात को दूर न डालिए और हमें ठीक मार्ग बता दीजिए"	यह ध्यान रखें कि जब वे पहुँच गए देवदेवर, वे थोड़े डर गए. लेकिन वे कहते हैं कि उन्हें डर नहीं लगता और उन्हें सही से समझ में आने देते हैं।	0.6853004693984985	0.47890350222587585	0.4882940351963043
Now stop and listen.	अब बंद करो और सुनने।	अब सुन लें और ध्यान रखें.	0.8319269418716431	0.6818162798881531	0.8896483182907104
Save the current file	वर्तमान फ़ाइल सहेजें	सहेजिए कि क्या हो सकता ह	0.7018443942070007	0.4944932162761688	0.25289979577064514
The believers must not establish friendship with the unbelievers in preference to the faithful. Whoever does so has nothing to hope for from God unless he does it out of fear or taqiyah (pious dissimulation). God warns you about Himself. To God do all things return.	ईमानवालों को चाहिए कि वे ईमानवालों से हटकर इनकारवालों को अपना मित्र (राज़दार) न बनाएँ, और जो ऐसा करेगा, उसका अल्लाह से कोई सम्बन्ध नहीं, क्योंकि उससे सम्बद्ध यही बात है कि तुम उनसे बचो, जिस प्रकार वे तुमसे बचते है। और अल्लाह तुम्हें अपने आपसे डराता है, और अल्लाह ही की ओर लौटना है	अरे, ये सब कुछ भी बता सकते हैं कि जो हो सकता है, वह ही सच होगा। और जो हो सकता है, वह ही गलत है अगर वह तो गलत हो।	0.6671353578567505	0.325507789850235	0.24010950326919556
Assistant Engineer, Jagat Ram Chaudhary, has been sent from Guglada (Kangra) to the Kangra sub-division.	असिस्टेंट इंजीनियर जगत राम चौधरी को गुगलाड़ा (कांगड़ा) से कांगड़ा सब डिवीजन भेजा है।	जगत राम चौहार, गुग्लाडी (कांग्रा के जंगले में हैं) से कंगरा जिले के जंगल में काम करने वाले एक असistant इंजीनियर को भेजा गया था।	0.7853937745094299	0.5360649228096008	0.5228704810142517
Let me look at ya.	मुझे फिर देखो.	प्ल, मैं देख ली।	0.8223413825035095	0.5559983253479004	0.49342697858810425
What reason do I have to lie?	वन और नहीं कच्चे लोहे का ढलाई खाना एक साथ रह सकते हैं?	मुझे क्या चिंता है?	0.6981306076049805	0.32766517996788025	0.24830180406570435
except those to whom Allah shows mercy. He is the Most Mighty, the Most Compassionate.	मगर जिन पर ख़ुदा रहम फरमाए बेशक वह (ख़ुदा) सब पर ग़ालिब बड़ा रहम करने वाला है	ऐसे लोगों को जो इस बात से भी नहीं हैं कि वे इस बात को भी नहीं नहीं देते मायनसहज हो सकते हैं।	0.6358606219291687	0.27242913842201233	0.17738871276378632
Lewis able to pick up.	लुईसलेनेमेंसक्षम.	लेविस जो स्टोर कर सकते हैं.	0.7075256705284119	0.3835330307483673	0.32123732566833496
And (it is) for the poor fugitives who have been driven out from their homes and their belongings, who seek bounty from Allah and help Allah and His messenger. They are the loyal.	(इस माल में) उन मुफलिस मुहाजिरों का हिस्सा भी है जो अपने घरों से और मालों से निकाले (और अलग किए) गए (और) ख़ुदा के फ़ज़ल व ख़ुशनूदी के तलबगार हैं और ख़ुदा की और उसके रसूल की मदद करते हैं यही लोग सच्चे ईमानदार हैं और (उनका भी हिस्सा है)	यह उत्पीडितों और उनके साथ जाने वाले धनी को भी मिलता है, जो Allah से मिलता है और इसे His मessenger से मिलता है।	0.6655666828155518	0.3966715335845947	0.38065439462661743
Delete _expunged from local Inbox	स्थानीय इनबॉक्स से मिटाकर हटाएँ (_e)	Local Inbox में _अनुपस्थित किए जाने वाले भी नहीं हो सकते ह	0.6941046714782715	0.4593084752559662	0.1884828358888626
Automated test to store bluetooth device information in checkbox report	स्वचालित परीक्षण चेकबॉक्स रिपोर्ट में ब्लूटूथ डिवाइस की जानकारी डालनें के लिये	अनुकूली से स्टोर करने वाले ब्लूट्फ़ सीआरपी की स्टोरेड इन-फ़ीचर ब्लूट्फ़ सीआरपी की रिपोर्ट में स्टोरेड डेटा को एनुकूलित करने वाले किसी भी संसाधन को एनुकूलित करने वाला कोई भी व्यवधान संसाधन को एनुकूलित करने वाला कोई भी व्यवधान संसाधन को एनुकूलित करने वाला कोई भी व्यवधान संसाधन को एनुकूलित करने वाला कोई भी व्यवधान संसाधन को एनुकूलित करने वाला कोई भी व्यवधान संसाधन को एनुकूलित करने वाला कोई भी व्यवधान संसाधन को एनुकूलित करने वाला कोई भी व्यवधान संसाधन को एनुकूलित करने वाला कोई भी व्यवधान संस	0.6190398335456848	0.3471015393733978	0.023520153015851974
Ten clams, it's yours.	दस क्लेम, यह तुम्हारा है.	डॉलर, तुम्हें है।	0.7854128479957581	0.5063265562057495	0.33670109510421753
Ninety five!	पिंचानवें!	बिलकुल!	0.7703688740730286	0.5536717772483826	0.5842351913452148
Yeah.	हाँ.	हाँ।	0.8862413167953491	0.9568789601325989	0.8466337323188782
Attachment Reminder	संलग्नक स्मारक	अनुवर्तित सूचना	0.760261058807373	0.5492478013038635	0.7944155931472778
We were far from each other.	हम एक दूसरे से दूर थे.	हम एक दूसरे से बहुत दूर हैं।	0.9485232830047607	0.9059924483299255	0.8693691492080688
And maybe we'll get coffee in bed on Sunday mornings even.	और शायद हमें कॉफी मिलेगी बिस्तर में रविवार की सुबह.	और शायद सोमवार दिनों को बार-बार कॉफ़ी पीकर सुबह के दिनों में भी ये सब कुछ हो सकते हैं।	0.7789205312728882	0.4300324022769928	0.4393840432167053
[TV] He's been identified as Alan Seagrave, a prominent Chicago C.P.A.	[वी] उन्होंने एलन Seagrave, एक प्रमुख शिकागो सीपीए के रूप में पहचान की गई है	अलान सेग्रेव के नाम से जाना जाता है	0.6760057806968689	0.481315940618515	0.3877505362033844
So this is it, I'm literally down on my knees.	तो अभी मैं अपने घुटनों पर हूं.	यह तो चला के चला सकता है, पूरा पूरा हो कर लिया हूँ।	0.7269988656044006	0.31663671135902405	0.16562511026859283
Most of them are dead already.	उनमें से अधिकांश पहले से ही मर चुके हैं।	बिलकुल।	0.6271412968635559	0.38210415840148926	0.18309330940246582
Create a search folder for this sender	इस प्रेषक के लिए खोज फ़ोल्डर बनाएँ	This recipient.	0.6442152857780457	0.32796451449394226	0.20965880155563354
File transfer not supported by remote contact	फाइल हस्तांतरण दूरस्थ संपर्क द्वारा समर्थित नहीं	रिमोट कॉन्टैक्ट से फ़ाइल ट्रांसफ़र की समर्थन नहीं दी जाती	0.7730438709259033	0.6270149946212769	0.5128474831581116
Shutter sound	शटर आवाज	शटर साउन्ड	0.7944452166557312	0.6170387864112854	0.6269633173942566
Error renaming tag	टैग का नाम बदलने में त्रुटि	अत्याप्नातु टैग रखना	0.7037214636802673	0.4789315164089203	0.33906152844429016
Let me what the hell can you do!	चलो देखता हूँ तुम क्या कर सकते हो.	मैं क्या कर सकता हूँ!	0.8169065713882446	0.7636963725090027	0.6188058257102966
I'll hold it!	मैं यह आयोजन करेगा!	मैं रखूँगा!	0.8264761567115784	0.5913093686103821	0.5704044103622437
What is your business then?	आपके व्यापार तो क्या है?	प्रस्तुत करने वाले से क्या है?	0.8269661068916321	0.5333006978034973	0.18550585210323334
Who's Madi?	मादी कौन है?	मदी के बारे में क्या कहा	0.7593319416046143	0.5920339822769165	0.459548681974411
He is less impatient than his father.	उसमें उसके पिता जितनी बेसब्री नहीं थी।	पिताजी के बावजूद उनके पुत्र अधिक ध्यान लगातार रखते हैं।	0.676498532295227	0.42130741477012634	0.5002620816230774
In doing that, hopefully, you hoped that... ..governments would seek another path to solving climate change, which wouldn't be a capital-based money system.	ऐसा करने से, आशा है आप आशावान हुए होंगे कि सरकारें जलवायु परिवर्तन को सुलझाने के लिए कोई दूसरा रास्ता ढूंढेगीं, जो कि एक धन-आधारित आर्थिक व्यवस्था नहीं होगी.	यह ऐसा है जो हो सकता है, और इसके लिए सरकारें और अन्य लोगों के इस तरह के प्रतिवेदनों को लेने की इच्छा हो सकती है।	0.6968753933906555	0.502957284450531	0.5625977516174316
Contact ID already exists	वस्तु ID पहले से मौजूद	कॉन्टैक्ट ID पहले से ही मौजूद है	0.8524917960166931	0.8231796622276306	0.8633716106414795
Close	#-#-#-#-# balsa.HEAD.hi.po (Balsa 2.x) #-#-#-#-# बन्द करें #-#-#-#-# gedit.gnome-2-2.hi.po (gedit VERSION) #-#-#-#-# बंद करें	कह	0.5409387946128845	0.16796521842479706	0.08410033583641052
Dennis Jones reflects on the nation's progress.	डेनिस जोन्स इस देश की प्रगति का जायजा ले रहे हैं।	देनिस जोन्स ने राष्ट्र की प्रगति पर विचार किया है।	0.8366513252258301	0.7930082678794861	0.720708966255188
All further errors shown only on terminal.	आगे की सभी त्रुटियां सिर्फ टर्मिनल पर दिखाएँ.	बाद में दर्ज किया जाने वाला कोई भी हानिकारक को कोई भी हानिकारक सिखाता नहीं है।	0.6930713057518005	0.333927720785141	0.3058391809463501
"Have you not seen those who were told to hold back their hands (from fighting) and perform As-Salat (Iqamat-as-Salat), and give Zakat, but when the fighting was ordained for them, behold! a section of them fear men as they fear Allah or even more. They say: ""Our Lord! Why have you ordained for us fighting? Would that you had granted us respite for a short period?"" Say: ""Short is the enjoyment of this world. The Hereafter is (far) better for him who fears Allah, and you shall not be dealt with unjustly even equal to the Fatila (a scalish thread in the long slit of a date-stone)."	(ऐ रसूल) क्या तुमने उन लोगों (के हाल) पर नज़र नहीं की जिनको (जेहाद की आरज़ू थी) और उनको हुक्म दिया गया था कि (अभी) अपने हाथ रोके रहो और पाबन्दी से नमाज़ पढ़ो और ज़कात दिए जाओ मगर जब जिहाद (उनपर वाजिब किया गया तो) उनमें से कुछ लोग (बोदेपन में) लोगों से इस तरह डरने लगे जैसे कोई ख़ुदा से डरे बल्कि उससे कहीं ज्यादा और (घबराकर) कहने लगे ख़ुदाया तूने हमपर जेहाद क्यों वाजिब कर दिया हमको कुछ दिनों की और मोहलत क्यों न दी (ऐ रसूल) उनसे कह दो कि दुनिया की आसाइश बहुत थोड़ा सा है और जो (ख़ुदा से) डरता है उसकी आख़ेरत उससे कहीं बेहतर है	"Have you not seen those who were told to hold back their hands (from fighting) and perform As-Salat (Iqamat-as-Salat), and give Zakat, but when the fighting was ordained for them, behold! a section of them fear men as they fear Allah or even more. They say: ""Our Lord! Why have you ordained for us fighting? Would that you had granted us respite for a short period?"""	0.5792413353919983	0.28577128052711487	0.004815133288502693
Sorry, I can't pick you up.	सॉरी, मैं तुम्हें कॉलेज लेने नहीं आ पाया.	मुझे निर्देश नहीं दे सकता।	0.748603343963623	0.402955025434494	0.3074827790260315
What today?	आज क्या चाहीये?	आज क्या है?	0.8881576657295227	0.8420050740242004	0.9068636894226074
X-Mailer:	एक्स- मेलर:	आपके पास कुछ जानकारी हो सकती है जो व्यक्त करने के लिए उपयुक्त हो सकती है।	0.6410597562789917	0.37841710448265076	0.16871149837970734
"When We said to you: ""Verily your Lord circumscribes mankind,"" and showed you the vision and the accursed tree of the Qur'an, it was as a bone of contention for men. Thus do We (instil) fear in them; but they only transgress the more."	और (ऐ रसूल) वह वक्त याद करो जब तुमसे हमने कह दिया था कि तुम्हारे परवरदिगार ने लोगों को (हर तरफ से) रोक रखा है कि (तुम्हारा कुछ बिगाड़ नहीं सकते और हमने जो ख्वाब तुमाको दिखलाया था तो बस उसे लोगों (के ईमान) की आज़माइश का ज़रिया ठहराया था और (इसी तरह) वह दरख्त जिस पर क़ुरान में लानत की गई है और हम बावजूद कि उन लोगों को (तरह तरह) से डराते हैं मगर हमारा डराना उनकी सख्त सरकशी को बढ़ाता ही गया	अर्थ: हमने उन्हें कहा कि “अर्थदाता अपने वचन के बाद किसी भी तरह से विवादित हो सकता है।”	0.6300545334815979	0.33556249737739563	0.3089882731437683
Those who ward off (evil) are not accountable for them in aught, but the Reminder (must be given them) that haply they (too) may ward off (evil).	उनके हिसाब के प्रति तो उन लोगो पर कुछ भी ज़िम्मेदारी नहीं, जो डर रखते है। यदि है तो बस याद दिलाने की; ताकि वे डरें	अच्छे लोगों से बचाव गारंटी है कि यदि वे (too) भी बचाव का प्रयोग करें तो उन्हें भी बचाव से बचाव में रुचि दिखाती है।	0.6660963296890259	0.402286559343338	0.27201464772224426
But we could hold our own in a fight.	लेकिन हम एक लड़ाई में हमारी अपनी पकड़ सकता है.	लेकिन हम अपनी लड़ाई में भी प्रतिभा दिखा सकते हैं.	0.8462554812431335	0.65704745054245	0.7940133810043335
"And they say: ""Our hearts are enfolded in covers."" In fact God has cursed them for their unbelief; and only a little do they believe."	"वे कहते हैं, ""हमारे दिलों पर तो प्राकृतिक आवरण चढ़े है"" नहीं, बल्कि उनके इनकार के कारण अल्लाह ने उनपर लानत की है; अतः वे ईमान थोड़े ही लाएँगे"	और वे कहते हैं कि “हमारे दिलों को छुपा दिया होता है, और हमारे पास केवल एक छोटी सी होती है।”	0.730004072189331	0.42753496766090393	0.40584614872932434
Add Breakpoint…	ब्रेकपाइंट जोड़ें...	पड़ने वाले स्थान से	0.6686955094337463	0.3633918762207031	0.2666473686695099
Royal priest had predicted this calamity only.	राजगुरू इस त्रासदी की गणना कर चुके है.	राजा रिश्तेदार ने इस दुःक्ष को सिर्फ़ कहा।	0.7266325354576111	0.4270155727863312	0.29048579931259155
I have managed to preserve Royce to end so that he knew would be coming.	मैं आ रहा होगा की रक्षा करने में कामयाब रहे कि Royce समाप्त करने के लिए इतना पता था वह.	मैंने रॉयसी को पूरी तरह से बनाए रखने के लिए संकेत किया हुआ आगे से आना शुरू कर दिया है।	0.7202666997909546	0.43377673625946045	0.526308000087738
The memo could not be deleted due to a dbus error: %s	dbus त्रुटि के कारण मेमो विलोपित नहीं किया जा सका: %s	दबीज़ का कोई प्रतिलिपि हो सकता है.	0.6764656901359558	0.4007507860660553	0.2547700107097626
which is why we're seeing a recurrence of your symptoms.	हम आपके लक्षणों की एक पुनरावृत्ति क्यों देख रहे हैं जो है.	जिस कारण से तुम्हारे लक्षण पिछले समय के बारे में बता रहे हैं।	0.7285661697387695	0.4899323880672455	0.5421456098556519
And then, among the fishes, a whale!	और फिर, मछलियों के बीच, एक व्हेल!	और उस दिन के बीच, एक बैल!	0.8255947232246399	0.512626051902771	0.6694855690002441
Installed on:	इस पर संस्थापित:	Installed on:	0.7379765510559082	0.5820322036743164	0.33976083993911743
And he drew forth his hand, and lo, it was white to the beholders.	और (जेब से) अपना हाथ बाहर निकाला तो यकायक देखने वालों के वास्ते बहुत सफेद चमकदार था	और उन्होंने अपनी उंगली को देख कर सुस्पष्ट हो कर देख-योग्य था।	0.6936352849006653	0.4352624714374542	0.2745963931083679
They assign daughters to Allah - glory be to Him - whereas they assign to themselves what they truly desire!	और वे अल्लाह के लिए बेटियाँ ठहराते है - महान और उच्च है वह - और अपने लिए वह, जो वे चाहें	दक्षियों को अल्लाह से लड़कियों को उनसे लड़ने का तौर बताया जाता है - शानदार! हाल ही में वे अपने आप से कुछ चाहे तो चाहे वैसे भी कार्य किये जा सकते हैं	0.7244321703910828	0.4037823975086212	0.2538228929042816
What would be the quickest way to find a-- some kind of solution?	एक खोजने के लिए तेज तरीका होगा क्या - समाधान की किसी तरह का?	What would be the quickest way to find a-- some kind of solution?	0.6701692938804626	0.4706118106842041	0.035788871347904205
This was not a choice between You and Jacob.	इस याकूब और आप के बीच एक विकल्प नहीं था.	यह जैक के साथ नहीं था आपका जैक पर इस बात पर विचार नहीं किया गया कि आप किस प्रकार से व्यवहार करेंगे।	0.7149034142494202	0.39376771450042725	0.2568970322608948
This version of mkisofs is not supported	mkisofs का संस्करण समर्थित नहीं है	मिसल ऑफ़एसिव्स का इस व्यू पर इसे प्रस्तुत करने वाले संस्करण का इस प्रकार से नकारात्मक रूपण वाला है	0.6895644664764404	0.4205620586872101	0.26156261563301086
"""Shipr."""	"""शिप्रा"""	शिपर.	0.8148524761199951	0.6643639802932739	0.6435774564743042
Hypnotherapy is a means of altering unwanted or dysfunctional behavior.	सम्मोहन फेरबदल करने का एक साधन है अवांछित या बेकार व्यवहार.	हिप्नेशन चिकित्सा से अवांज़ाया या असामंज़ी जीवित रहने वाले व्यवहार को बदलने में मदद मिलती है।	0.7580051422119141	0.49871858954429626	0.3198346495628357
Address Book	पता पुस्तिका	अदालत के कार्यस्थल	0.7165089845657349	0.5238513350486755	0.35329514741897583
String	स्ट्रिंग	मूल	0.6365094780921936	0.5143986344337463	0.3794718384742737
_End time:	अंत्य समय (_E):	कार्यकाल समाप्ति:	0.6540094614028931	0.6669631600379944	0.8252155780792236
No space	कोई ऐसा स्थान नहीं	नो स्पेस	0.6471258997917175	0.6008342504501343	0.47529488801956177
You see, that's fine.	देखा, ठीक है.	आप देखें, यह ठीक है।	0.7948235869407654	0.8910388350486755	0.8409328460693359
Last thing we were thinking about was radiation shielding.	हम के बारे में सोच रहे थे अंतिम बात विकिरण परिरक्षण था.	रेडियशन शील्डिंग से जुड़ी कोई भी जानकारी चाहे तो बताना चाहे तो सही।	0.6985063552856445	0.4172288477420807	0.22147487103939056
These things have been extinct for over 150 million years.	हन्ना: वे कहाँ जा रहे हैं? ट्रेवर:	लगभग 150 करोड़ साल पहले भी रह चुके हैं।	0.629148542881012	0.2430259883403778	0.23648138344287872
Eret, son of Eret!	एरेट, एरेट का पुत्र!	ईरेट, सोन-of ईरट!	0.7979128956794739	0.6302582025527954	0.5012114644050598
What have you got there?	आप वहां क्या मिला है?	पूछो के तुम्हें कितनी बार ये है?	0.7678154110908508	0.43334507942199707	0.4538120925426483
I'm sorry, Erik, but I've seen what Shaw did to you.	मैं माफी चाहता हूँ, एरिक. लेकिन मैंने देखा है शॉ तुम्हारे साथ क्या किया.	ईरिक, मुझे ऐसा कह दिया कि शाव कुछ भी हो सकता है?	0.7285116314888	0.3559388220310211	0.5173891186714172
If you're staying here, stop begging, otherwise, go away.	अगर तुम्हें यहाँ रहना हैं, भीख माँगना बंद करो; अन्यथा, जाओ यहां से.	अगर तुम यहाँ रहोगे, बेगging छोड़ोगे, तो चलो चलो।	0.7579035758972168	0.4108239710330963	0.27037379145622253
Use revision:	रिवीजन का उपयोग करें:	अधिकार:	0.7173018455505371	0.4657871425151825	0.3438678979873657
In the stinking rice paddies, it will decompose faster.	बदबूदार धान में यह तेजी से सड़ जाएगा.	साँपों की तरह, इसमें तेजी से घटता है।	0.7553857564926147	0.3350179195404053	0.2764051854610443
But those who fear Allah and keep their duty to their Lord (Allah), for them are built lofty rooms; one above another under which rivers flow (i.e. Paradise). (This is) the Promise of Allah: and Allah does not fail in (His) Promise.	जो आग में (पड़ा) हो मगर जो लोग अपने परवरदिगार से डरते रहे उनके ऊँचे-ऊँचे महल हैं (और) बाला ख़ानों पर बालाख़ाने बने हुए हैं जिनके नीचे नहरें जारी हैं ये खुदा का वायदा है (और) वायदा ख़िलाफी नहीं किया करता	अरे, ये लोग जो अल्लाह से डरते हैं और उनकी ज़रूरत को पूरा करने के लिए उन्हें दूसरा लिंक रख दिया है। (जिस तरह से रिव्यू किया जा सकता है वही सारा जानकारी एकीकृत रूप से और प्रभावी रूप से प्राप्त की जा सकती है।	0.6584649682044983	0.39399656653404236	0.3324974775314331
Verily, to thy Lord is the return (of all).	बेशक तुम्हारे परवरदिगार की तरफ (सबको) पलटना है	जैसा है तो अपने राज्य से वापसी (ऑफ़ टो लॉर्ड से) है।	0.6785588264465332	0.3284442722797394	0.16157397627830505
Faces on that Day will be shamed.	उस दिन बहुत से चेहरे ज़लील रूसवा होंगे	दिन के फ़ैस्ड को लेकर कुछ लोगों को अपमानित किया जा सकता है.	0.6782352328300476	0.46193817257881165	0.31821197271347046
http://www.google.com/search?q=%sie=UTF-8oe=UTF-8	http://www.google.co.in/search?q=%sie=UTF-8oe=UTF-8	"अपनी जानकारी को सार्वजनिक रूप से बताने वाली संसाधनों की सूची जो 100 से अधिक हो सकती हैं, उसे सार्वजनिक रूप से बताना होगा।

सार्वजनिक रूप से बताए जाने वाले ऐसे विषयों की सूची निम्न है:

1. शिक्षा - शिक्षा की सूची में शामिल विषयों की सूची निम्न है:

- शिक्षा की सूची में शामिल विषयों की सूची निम्न है:

- शिक्षा की सूची में शामिल विषय शिक्षा की सीमाओं, शिक्षा की प्रकृतियों और शिक्षा के दैनिक कार्यों की सूची है।"	0.5080368518829346	0.275597482919693	0.024930622428655624
You must never confuse your feelings with your duties, Alexander.	आप अपनी भावनाओं को भ्रमित नहीं करना चाहिए... ... अपने कर्तव्यों के साथ, सिकंदर.	अलेक्जेंसर, तुम्हें अपनी भावनाओं को अपने ज़रिलों के रूप में समझने के लिए भी समय निकालना चाहे तो क्या भी ये तुम्हें अपनी भावनाओं को अपने ज़रिलों के रूप में समझने के लिए भी समय निकालना चाहे तो क्या भी ये तुम्हें अपनी भावनाओं को अपने ज़रिलों के रूप में समझने के लिए भी समय निकालना चाहे तो क्या भी ये तुम्हें अपनी भावनाओं को अपने ज़रिलों के रूप में समझने के लिए भी समय निकालना चाहे तो क्या भी ये तुम्हें अपनी भावनाओं को अपने ज़रिलों के रूप में समझने के लिए भी समय निकालना चाहे तो क्या भी य	0.6293091177940369	0.3648504912853241	0.07870876789093018
With festivals can food be far behind? .:Myfriend:. from Malaysia shares information about Ketupat, an integral part of Eid ul-Fitr in Malaysia.	:माइफ्रेंड:. केतुपत, के बारे में बता रहे हैं जो कि मलेशिया में ईद-उल-फित्र त्यौहार का प्रमुख हिस्सा है.	ईड़ युल फ़्टर में केटुपट का महत्व क्या है?	0.7022371292114258	0.5234598517417908	0.36209678649902344
SOMEBODY WHO MIGHT HAVE YOUR NUMBER?	आपका नंबर हो सकता है डब्ल्यूएचओ किसी को?	सOMEBODY WHO MIGHT HAVE YOUR NUMBER?	0.5919102430343628	0.30821678042411804	0.026471588760614395
I find this whole concept of interviewing very flawed.	मुझे इंटरव्यू लेने के इस पूरे विचार में कमी लगती है।	इंटरव्यू के बारे में मुझे लगता है कि यह सब इतनी आसानी से नहीं हो सकता।	0.7931145429611206	0.6633105874061584	0.8173534870147705
Honky-tonk up the 56 outside of Mount Hope.	होंकी-टोंक माउंट होप के बाहर 56 ऊपर.	माउंट होप के बाहर 56 की हॉन्की टून्टी है।	0.8080456256866455	0.6191712617874146	0.6170086860656738
All this stuff is really...	यह सब चीज़े...	जो भी है, वो वास्तव में...	0.778616189956665	0.5885495543479919	0.48220282793045044
She is busy preparing for the trip.	वह सफ़र की तैयारी में लगी हुई है।	वो ट्रिप लाइन जाने के लिए तैयार हैं।	0.7600321769714355	0.631331741809845	0.5391232371330261
(COUGHS) home	(खांसी) घर	"मूल्यांकन करना:
(कॉपर्स) घर"	0.7615774869918823	0.4993390738964081	0.6629889011383057
Brazil	ब्राझील	ब्राज़िल	0.9090270400047302	0.9043914079666138	0.9355401396751404
[ ENGINE GRINDING, SQUEALING ]	[इंजन पीस, चिल्ला]	अधिकारी कारी करने में टूटी हुई कारी करने की सिलाई की हुई।	0.6823839545249939	0.29437679052352905	0.06094527989625931
You are so smart. Right.	तुम बहुत ही स्मार्ट हो।	ज़रूरी है।	0.6971568465232849	0.5263236165046692	0.45000264048576355
This year in April a trial was held in the federal court in Oklahoma.	इस साल अप्रैल में ओकलाहोमा शहर स्थित संघीय अदालत में उस पर मुकदमा चला था।	अप्रैल में ओकलाहा में फेडरल कोर्ट में एक परीक्षण का आयोजन किया गया था।	0.7828606367111206	0.7276666760444641	0.7472608089447021
Today	आज	अजबाज़वान	0.6963632106781006	0.4883686602115631	0.2429557591676712
No, Raleigh, listen to me.	नहीं, रैले, मेरी बात सुनो.	नहीं, रैली, सुन मुझसे भी।	0.8194444179534912	0.5842360854148865	0.5599676370620728
No, but his is so..	नहीं, लेकिन उसकी तो है ..	नहीं,लेकिन ऐसा है..	0.9184660315513611	0.671904981136322	0.7212362289428711
All their time.	उनका पूरा समय।	सभी समय।	0.7557528614997864	0.6698418855667114	0.6920632123947144
Tower, we're going offline soon, but drones are already mobile and executing.	टॉवर,हमजल्दहीऑफ़लाइनजारहे , लेकिनराजापहलेसेही मोबाइल और क्रियान्वित कर रहे हैं	टॉवर, हम जल्द ही ऑफलाइन हो जाएँगे, लेकिन ड्रोन पहले से ही मोबाइल हैं और करते ज रहें	0.7490139603614807	0.6320378184318542	0.3814045190811157
"Say, ""Call upon Allah or call upon the Most Merciful. Whichever [name] you call - to Him belong the best names."" And do not recite [too] loudly in your prayer or [too] quietly but seek between that an [intermediate] way."	"कह दो, ""तुम अल्लाह को पुकारो या रहमान को पुकारो या जिस नाम से भी पुकारो, उसके लिए सब अच्छे ही नाम है।"" और अपनी नमाज़ न बहुत ऊँची आवाज़ से पढ़ो और न उसे बहुत चुपके से पढ़ो, बल्कि इन दोनों के बीच मध्य मार्ग अपनाओ"	अपने प्रार्थना में एक साधारण रूप से अधिकतर रूप में और एक मध्यम रूप से अधिकतर रूप में देखतेाने वाले कुछ साधारण तरीकों में अपने प्रार्थना में साधारण तरीकों में अपनी प्रार्थना में साधारण तरीकों में अपनी प्रार्थना में साधारण तरीकों में अपनी प्रार्थना में साधारण तरीकों में अपनी प्रार्थना में साधारण तरीकों में अपनी प्रार्थना में साधारण तरीकों में अपनी प्रार्थना में साधारण तरीकों में अपनी प्रार्थना में साधारण तरीकों में अपनी प्रार्थना में साधारण तरीकों में अपनी प्रार्थना में साधारण तरीकों में अपनी प्रार्थना में साधारण तरीकों में अपनी प्रार्थना में साध	0.595761239528656	0.2825804650783539	0.0934077575802803
You need not do it if you don't want to	आप इसे करते जरूरत नहीं है अगर आप नहीं करना चाहते हैं	अगर तुम चाहते हो तो ऐसा ही कर	0.7437117099761963	0.5686041116714478	0.3306125998497009
When Kotranka Tehsildaar reached the P.H.E department, he found it locked.	तहसीलदार कोटरंका स्थित पीएचई विभाग के कार्यालय पहुंचे तो वहां ताला लगा हुआ था।	जब कोट्रंका थीसिलाड़र पी.एच.ई. डिपार्टमेंट में पहुँच सकने के लिए प्रतिबंध लगे थे,	0.7039884328842163	0.4979541003704071	0.3051449954509735
Filtering options	फिल्टरिंग विकल्प	प्रशासन द्वारा नियक्षित किया जाना चाहे तो ही रहेगा।	0.6878540515899658	0.29822012782096863	0.20243863761425018
Durkin's Garage.	डर्किन का गराज.	ड्यूर्किन्स गारज़ेर.	0.8037025928497314	0.6401391625404358	0.6618598699569702
Yes.	हाँ।	हाँ।	1.0000001192092896	0.9754428863525391	0.8433921337127686
Just give us back our dragon, and we'll go...	बस हमें हमारा ड्रैगन वापस कर दो और हम चले जाएँगे...	केवल हमें अपने द्रैगन को वापस दे दें और हमें...	0.8220881223678589	0.6039830446243286	0.4612184464931488
And maybe we'll get coffee in bed Sunday mornings.	और शायद हमें कॉफी मिलेगी बिस्तर में रविवार की सुबह.	और शायद सोमवार दिन सुबह के समय में कॉफ़ी लेकर चलेंगे।	0.8254716396331787	0.5334170460700989	0.5384553670883179
Book URI	पुस्तक URI	बुक आईआरयूआई	0.7044900059700012	0.4035540521144867	0.3823488652706146
"Could not find relationships file ""%1"""	फ़ाइल से पढ़ नहीं सका.	अपने खंडन के लिए, प्रतिक्रिया: मैं पूछ रहा हूँ	0.6758758425712585	0.31671443581581116	0.1314936727285385
- [Fire Bell]	- [आग बेल]	- जल बेल	0.8278409838676453	0.6480745077133179	0.8346773386001587
The angels along with the Spirit descend in it by the permission of their Lord with all kinds of decrees.	उसमें फ़रिश्तें और रूह हर महत्वपूर्ण मामलें में अपने रब की अनुमति से उतरते है	अंगलों और स्पिरिट के साथ निमंत्रण के साथ वे सभी तरह से निर्णय करते हैं।	0.7018532156944275	0.4233947694301605	0.6439329385757446
Sending message %d of %d	%d के %d संदेश को भेज रहा है	प्रति पल संदेश %d प्रति पल से प्रति पल %d के रूप में भेजा जा रहा है	0.8051780462265015	0.496760755777359	0.3029963970184326
It's just a dream of a farmer from Kansas.	यह सिर्फ कान्सास से एक किसान की एक सपना है।	कैन्सास जैसे फार्मर की एक ड्रीम है।	0.7865496277809143	0.592453122138977	0.5795524716377258
Surely those who believe, and those who are Jews, and the Christians, and the Sabians, whoever believes in Allah and the Last day and does good, they shall have their reward from their Lord, and there is no fear for them, nor shall they grieve.	बेशक मुसलमानों और यहूदियों और नसरानियों और ला मज़हबों में से जो कोई खुदा और रोज़े आख़िरत पर ईमान लाए और अच्छे-अच्छे काम करता रहे तो उन्हीं के लिए उनका अज्र व सवाब उनके खुदा के पास है और न (क़यामत में) उन पर किसी का ख़ौफ होगा न वह रंजीदा दिल होंगे	अरे, जो लोग विश्वास रखते हैं और विश्वास करते हैं कि लाला का कोई फ़र्ज़ी है जो हमें कुछ भी नहीं दे सकता है, यह हमें कुछ भी नहीं देता है	0.6857130527496338	0.37891095876693726	0.2858583331108093
Page	पृष्ठ	पेज	0.7841480374336243	0.8283872604370117	0.8813239336013794
Valid signature, but cannot verify sender	वैध हस्ताक्षर, प्रेषक को नहीं जांच सकता है	बैकस्टेप सर्टिफिकेशन, लेकिन संदेश द्वारा सर्टिफिकेशन की संभावना कम होती	0.6924518942832947	0.4803607761859894	0.3688616156578064
* (C) find my home again afterwards.	* (स) उसके बाद मुझे घर वापस आने में कोई परेशानी नहीं हुई.	* (D) know where I am again afterwards.	0.7170912623405457	0.3214467465877533	0.12668849527835846
"""And ordain for us that which is good, in this life and in the Hereafter: for we have turned unto Thee."" He said: ""With My punishment I visit whom I will; but My mercy extendeth to all things. That (mercy) I shall ordain for those who do right, and practise regular charity, and those who believe in Our signs;-"	"""और हमारे लिए इस संसार में भलाई लिख दे और आख़िरत में भी। हम तेरी ही ओर उन्मुख हुए।"" उसने कहा, ""अपनी यातना में मैं तो उसी को ग्रस्त करता हूँ, जिसे चाहता हूँ, किन्तु मेरी दयालुता से हर चीज़ आच्छादित है। उसे तो मैं उन लोगों के हक़ में लिखूँगा जो डर रखते और ज़कात देते है और जो हमारी आयतों पर ईमान लाते है"	अरे, यह मैं बताता हूँ कि जो मैं करूँ वह मेरी दया को दोगी है और जो मैं करूँ वह मेरी करुण को दोगी है -	0.6851027607917786	0.36148589849472046	0.29228514432907104
I'd been in the army less than a year when that unholy Tet arrived.	. कि अपवित्र Tet पहुंचे जब मैं सेना में कम से कम एक वर्ष किया जाएगा.	मैं कम से कम एक वर्ष पहले आर्मी में थी जब उस दिन तेठ का प्रवेश पर्व पर विराजीत किया गया था।	0.7210432887077332	0.47735992074012756	0.6289985179901123
'Cause you're gonna make a phone call for us.	आप हमारे लिए एक फोन करने वाले हैं है.	क्योंके तुम्हें हमारे पास कुछ कॉल करने के लिए तुम्हारा संपर्क है।	0.7684706449508667	0.5716679692268372	0.495453417301178
He called me boatsman Olsen's second wife.	उसने मुझे केवट ऑलसेन की दूसरी पत्नी कहा.	उन्होंने मुझे बॉट्समैन ओल्स की दूसरी पत्नी कही।	0.8455515503883362	0.7892987132072449	0.8960137963294983
"Hashing ""%s"""	"हैशिंग ""%s"""	प्रत्येत्र संकेत करने वाले वाक्यों कोhash करने वाले संकेतों को	0.6268174052238464	0.3519382178783417	0.2766309380531311
The color that is used to fill the area behind the image. If the use-background-color key is not set, the color is determined by the active GTK+ theme instead.	रंग कि छवि के पीछे क्षेत्र को भरने के लिए प्रयोग किया जाता है.यदि कुंजी उपयोग पृष्ठभूमि रंग सेट नहीं है, रंग सक्रिय GTK + बजाय विषय द्वारा निर्धारित किया जाता है.	अधिकारी कार्य स्थल के पीछे उपयोग की जाने वाली रंग की होती है।	0.7040023803710938	0.3275383710861206	0.25418826937675476
And We grew a tree of gourd (as a shelter) above him.	हमने उसपर बेलदार वृक्ष उगाया था	और हमने उसमें एक पत्ती (एक छत्र वाला ग्रैबल) रखी थी।	0.7700408101081848	0.42848098278045654	0.44576841592788696
This matter is not for you to decide – whether He guides them to repent or punishes them, for they are the unjust.	(ऐ रसूल) तुम्हारा तो इसमें कुछ बस नहीं चाहे ख़ुदा उनकी तौबा कुबूल करे या उनको सज़ा दे क्योंकि वह ज़ालिम तो ज़रूर हैं	यह मामला आपके द्वारे निर्णय नहीं करने के लिए है – कि के लिए वे गलत हैं।	0.6604145169258118	0.3147355616092682	0.3860231935977936
- Yeah.	-हाँ।	जी हाँ।	0.8929759860038757	0.8645285964012146	0.9323360919952393
Using LDAP	LDAP का प्रयोग करें	एल.डब्ल्यू.आई. का प्रयोग करके	0.7163146734237671	0.49153685569763184	0.7321000695228577
At least %1 points are needed for that spline type	उस स्प्लाइन क़िस्म के लिए कम से कम% 1 बिन्दु आवश्यक हैं	किसी स्प्लाइन टाइप के लिए %1 के लिए आवश्यक होता है	0.8515633940696716	0.6109924912452698	0.5892183780670166
- No.	- नंबर	-	0.7721459269523621	0.8123133778572083	0.35140109062194824
Error on rollback transaction	रोलबैक ट्रांजेक्शन में त्रुटि	रोलबैक ट्रांज़िशन के कारण होने वाले प्रतिकूल परिणाम	0.8256858587265015	0.741603672504425	0.6725126504898071
& Tools	औज़ार (T)	मार्ग से निर्णय लेने से पहले निर्णय लेने से पहले इसका प्रयोग करना सबसे छोटा उपाय सबसे ज़्यादा प्रभावी	0.598942756652832	0.3038750886917114	0.07607626914978027
Are we gonna fight, or you plan on boring me to death?	हम लड़ाई, वाला या आप मुझे मृत्यु को बोरिंग पर योजना कर रहे हैं?	हाँ हम लड़ेंगे, या आप लोगों को धोखा करने वाले हमें boring में डालेंगे?	0.7449462413787842	0.5100832581520081	0.550332248210907
O ye who believe! Take your precautions, and either go forth in parties or go forth all together.	ऐ ईमानवालों (जिहाद के वक्त) अपनी हिफ़ाज़त के (ज़राए) अच्छी तरह देखभाल लो फिर तुम्हें इख्तेयार है ख्वाह दस्ता दस्ता निकलो या सबके सब इकट्ठे होकर निकल खड़े हो	ऐसे लोग जो ईमानदारी से सोचते हैं, वे ईमानदारी से सोचते हैं, ईमानदार लोग ईमानदारी से सोचते हैं, ईमानदार लोग ईमानदारी से सोचते हैं, ईमानदार लोग ईमानदारी से सोचते हैं,	0.5988923907279968	0.28652697801589966	0.1279330998659134
How dare you say it's unlikely?	तुम्हारी हिम्मत कैसे हुई असंभव कहने की?	अरे, आप किस बारे में सोच रही हैं?	0.6953930258750916	0.42508652806282043	0.4142269194126129
“We only feed you for the sake of God. We want from you neither compensation, nor gratitude.	"""हम तो केवल अल्लाह की प्रसन्नता के लिए तुम्हें खिलाते है, तुमसे न कोई बदला चाहते है और न कृतज्ञता ज्ञापन"	“हम तुम्हें भगवान के लिएेवलेवलेवलेवलेवलेवलेवलेवलेवलेवलेवलेवलेवलेवलेवलेवलेवलेवलेवलेवलेवलेवलेवलेवलेवलेवलेवलेवलेवलेवलेवलेवलेवलेवलेवलेवलेवलेवलेवलेवलेवलेवलेवलेवलेवलेवलेवलेवलेवलेवलेवलेवलेवलेवलेवलेवलNLK...	0.7018383145332336	0.15054470300674438	0.036746956408023834
Yoare no AL0	कोई AL0 Yoare	योआर ने एल0	0.7194260358810425	0.6030018925666809	0.550437867641449
No, Alexander.	नहीं, सिकंदर.	जी हाँ। ऐकेला।	0.702910304069519	0.47687235474586487	0.2556082606315613
- Margarethe Lorenz.	- मार्गरेथ लौरेंज.	- लॉरेन्स.	0.794350266456604	0.7040838599205017	0.6000385880470276
They said, ‘O Moses, we will never enter it so long as they remain in it. Go ahead, you and your Lord, and fight! We will be sitting right here.’	वह कहने लगे एक मूसा (चाहे जो कुछ हो) जब तक वह लोग इसमें हैं हम तो उसमें हरगिज़ (लाख बरस) पॉव न रखेंगे हॉ तुम जाओ और तुम्हारा ख़ुदा जाए ओर दोनों (जाकर) लड़ो हम तो यहीं जमे बैठे हैं	"मoses से वाकई बिलकुल सही रहा:
उन्होंने कहा, ‘ओ मिस्टर, हम कभी इस शहर में घुसने की नहीं दिखाई कि हमारा यहाँ रहना शुरू कर दिया गया है’"	0.643775999546051	0.39655426144599915	0.31407660245895386
Scale Center Y	स्केल सेंटर Y	सीमा केंद्र य	0.734234631061554	0.4821721911430359	0.5073540806770325
Select the calendars to search for meeting conflicts	बैठक विरोध के लिए ढ़ूंढ़ने के लिए पंचांग चुनें	सहित न करें: किसी को भी प्रभावित नहीं कियागा या हो सकता है कि प्रभावित होगा।	0.5977319478988647	0.3759489357471466	0.0798807367682457
He cares more about me than his work.	वे अपने काम से अधिक मेरी परवाह करते हैं.	प्रिया के बारे में वो से अधिक मैं के बारे में जानकारी के लिए तो वो से अधिक रुचि रखते हैं और वो से अधिक मैं के बारे में जानकारी के लिए वो से अधिक रुचि रखते हैं	0.6951195001602173	0.39017167687416077	0.1933663934469223
"Surely, disbelievers are those who said: ""Allah is the third of the three (in a Trinity)."" But there is no ilah (god) (none who has the right to be worshipped) but One Ilah (God -Allah). And if they cease not from what they say, verily, a painful torment will befall the disbelievers among them."	जो लोग इसके क़ायल हैं कि ख़ुदा तीन में का (तीसरा) है वह यक़ीनन काफ़िर हो गए (याद रखो कि) ख़ुदाए यकता के सिवा कोई माबूद नहीं और (ख़ुदा के बारे में) ये लोग जो कुछ बका करते हैं अगर उससे बाज़ न आए तो (समझ रखो कि) जो लोग उसमें से (काफ़िर के) काफ़िर रह गए उन पर ज़रूर दर्दनाक अज़ाब नाज़िल होगा	यह कहते हुए प्रतिनिध्यम्, आप सभ ध्यान में ले सकते हैं कि जो भी कहते हैं, वे सच में ऐसा हो सकता है।	0.6310825943946838	0.3153446614742279	0.26844459772109985
So that the People of the Book may know that they have no power over any of the favors of Allah; that the favors are in the Hand of Allah; He gives it towhom He will. The Favor of Allah is the Great.	(ये इसलिए कहा जाता है) ताकि अहले किताब ये न समझें कि ये मोमिनीन ख़ुदा के फज़ल (व क़रम) पर कुछ भी कुदरत नहीं रखते और ये तो यक़ीनी बात है कि फज़ल ख़ुदा ही के कब्ज़े में है वह जिसको चाहे अता फरमाए और ख़ुदा तो बड़े फज़ल (व क़रम) का मालिक है	अरे, तो ऐसा है कि लोगों का फ़ॉर्मूल है और वे फ़ॉर्मूल के बाद भी कुछ नहीं हो सकता।	0.6874404549598694	0.3382917642593384	0.29277902841567993
What kind of trouble, Silas?	मुसीबत, सीलास के किस तरह का?	"सिलस की बात, लोग किस तरह की परेशानियाँ या समस्याएँ हो सकती हैं जो उन लोगों के लिए हो सकती हैं जो इस प्रकार से परेशान होते हैं।

इस प्रकार से लोगों को जो परेशानियाँ या समस्याएँ हो सकती हैं जो उन लोगों के लिए हो सकती हैं जो इस प्रकार से परेशान होते हैं।

इस प्रकार से लोगों को जो परेशानियाँ या समस्याएँ हो सकती हैं जो उन लोगों के लिए हो सकती हैं जो इस प्रकार से परेशान होते हैं।

इस प्रकार से लोगों को जो परेशानियाँ या समस्याएँ हो सकती हैं जो उन लोगों के लिए हो सकती हैं जो इस प्रकार से परेशान होते हैं।

इस प्रकार से"	0.5633015036582947	0.38335517048835754	0.20685617625713348
Keywords:	बीजशब्द:	जानकारी के	0.7072184085845947	0.36733153462409973	0.06076236069202423
It's Mithravinda Devi, who'll be the next queen...	मित्राविन्दा देवी, जो कि अगली महारानी होगी...	यह मिथ्राविंदा देवी, जो की अगली राजमहल में रहेंगी...	0.8090173602104187	0.7620735764503479	0.8373969197273254
Come on, come and have a shower, get the day going.	चलो आओ, अब शॉवर ले लो, और दिन शुरू करो.	कम, कम आ और एक शॉवर लो, गोटिंग डी:	0.7663024067878723	0.43239226937294006	0.0941871851682663
Description	वर्णन	ब्रिटिश	0.7873820066452026	0.6145689487457275	0.49313807487487793
"""In an ideal world, Franck, he'd kill us all."""	"""एक आदर्श दुनिया में, फ्रैंक, वह हम सभी को मार डालेंगे ."""	अदालत के साथ एक ऐसा दुनिया हो सकती है, जहाँ फ़्रांक, उन लोगों को मारने के लिए मजबूर कर देते हैं।	0.7326480150222778	0.4354627728462219	0.5304667353630066
Jasper has experience with a newborn.	नवजात शिशु के साथ है एक अनुभव.	जस्पर के पास एक नई नई नई है!	0.7171658873558044	0.38406625390052795	0.45208021998405457
I had mine in a turnip patch.	लेकिन मेरा एक शलजम के बगीचे में हुआ था.	मेरी चुकी सड़ी हुई टर्निप पैच में थी।	0.7399308681488037	0.33725497126579285	0.2813054621219635
Indeed there was a sign for you in the two hosts (which) met together in encounter; one party fighting in the way of Allah and the other unbelieving, whom they saw twice as many as themselves with the sight of the eye and Allah strengthens with His aid whom He pleases; most surely there is a lesson in this for those who have sight.	बेशक तुम्हारे (समझाने के) वास्ते उन दो (मुख़ालिफ़ गिरोहों में जो (बद्र की लड़ाई में) एक दूसरे के साथ गुथ गए (रसूल की सच्चाई की) बड़ी भारी निशानी है कि एक गिरोह ख़ुदा की राह में जेहाद करता था और दूसरा काफ़िरों का जिनको मुसलमान अपनी ऑख से दुगना देख रहे थे (मगर ख़ुदा ने क़लील ही को फ़तह दी) और ख़ुदा अपनी मदद से जिस की चाहता है ताईद करता है बेशक ऑख वालों के वास्ते इस वाक़ये में बड़ी इबरत है	अस्पष्ट है कि दो होस्ट (जिस) ने एक-दूसरे को एक संकेत दिया था जो दो होस्ट (जिस) ने एक-दूसरे को एक संकेत दिया था जिसे दो होस्ट (जिस) ने एक-दूसरे को एक संकेत दिया था जिसे दो होस्ट (जिस) ने एक-दूसरे को एक संकेत दिया था जिसे दो होस्ट (जिस) ने एक-दूसरे को एक संकेत दिया था जिसे दो होस्ट (जिस) ने एक-दूसरे को एक संकेत दिया था जिसे दो होस्ट (जिस) ने एक-दूसरे को एक संकेत दिया था जिसे दो होस्ट (जिस) ने एक-दूसरे को एक संकेत दिया था जिसे दो होस्ट (जिस)	0.563502311706543	0.26490238308906555	0.11394546926021576
Can he ride with me?	क्या यह मेरे साथ आ सकता है?	प्राप्त करने ये कितना हो सकता है?	0.7739340662956238	0.4499599039554596	0.48159289360046387
But I'm gonna tell you, that's dumb.	लेकिन मैं कर रहा हूँ तुम्हें कहता हूं, कि मूर्ख है.	पढ़िया! मैं आपको बता रहा हूँ, यह बिल्कुल गलत नहीं है।	0.7609060406684875	0.5572665333747864	0.5280993580818176
And if anyone of the polytheists asks you for protection, give him protection so that he may hear the Word of God; then escort him to his place of safety. That is because they are a people who do not know.	और (ऐ रसूल) अगर मुशरिकीन में से कोई तुमसे पनाह मागें तो उसको पनाह दो यहाँ तक कि वह ख़ुदा का कलाम सुन ले फिर उसे उसकी अमन की जगह वापस पहुँचा दो ये इस वजह से कि ये लोग नादान हैं	ये जो किसी पॉल्थेथ के पीठासी से कहता हूँ, कि उसे सुरक्षा के लिए Protection दिया ज सकता है ताका वह पाठी ज्ञान का प्रयोग करके सुरक्षा का प्राप्त किया जा सकता है।	0.682969331741333	0.3700072765350342	0.29218611121177673
A drone picked up voiceprints in the Indus Valley.	एक ड्रोन सिंधु घाटी में voiceprints उठाया.	इंडस वैली में ड्रोन के पास वॉइस प्रिंट्स थे।	0.7135414481163025	0.6327900886535645	0.5308835506439209
B3/ Modification of B2	B3 / B2 का संशोधनName	बी2/बी3 की संशोधन	0.8117092847824097	0.8286133408546448	0.845036506652832
Keywords:	की- वर्डस:	जानकारी के	0.7238989472389221	0.33798471093177795	0.11270014941692352
What's that supposed to mean?	क्या मतलब है?	पूछिए कि ऐसा क्या है?	0.7864255309104919	0.7620461583137512	0.6790891289710999
I had a fight with my old friends because of you.	मैं तुम्हारी वजह से मेरे पुराने दोस्तों के साथ झगड़ा हुआ था।	मैंने अपने पुराने दोस्तों के साथ तुम्हारे बारे में फ़िंडी हो रही थी।	0.8426452875137329	0.5372999310493469	0.46659401059150696
Oh, Zeus.	ओह, ज़ीउस.	जिओ।	0.7477444410324097	0.5017955303192139	0.5074760317802429
Firstly, that he didn't find the photo.	पहला, की उसे फोटो ही नहीं मिला।	बार-बार, ऐसा करना और ऐसे होने पर किसी भी जानकारी को दिए-न दिए.	0.6451027393341064	0.412447065114975	0.14655134081840515
or to one who places obstacles in the way of good being done or to the wicked transgressor,	हद से बढ़ने वाला गुनेहगार तुन्द मिजाज़	दिए से न हटाएँ और जो कुछ भी है, उसे इस तरह से रखना चाहिए।	0.6315529346466064	0.3751260042190552	0.27649354934692383
_View	देखें (_V)	डिस्काउस्टेंट	0.6002111434936523	0.37226054072380066	0.34533941745758057
Even wind touching you would say I love you... ln the smile of my sulking lover, I see my love... did my life seek help from you?	Even wind touching you would say l love you... ln the smile of my sulking lover, l see my love... did my life seek help from you?	यह तो काफी से ज्यादा समझ में आता है कि प्रेम की स्माइल से यह कहते हैं कि मैं अपने प्रेम से कुछ नहीं करता सकता हूँ।	0.5543557405471802	0.32358649373054504	0.4853293299674988
I'm still with Emily, and we're still hanging out in Chicago.	मैं अब भी एमिली के साथ हूं, और हम अब भी शिकागो में ही हैं.	मैं अभी एमिलिया से मिल कर चीज़ों को चिकना बना दे रहा हूँ।	0.7549678087234497	0.4399436116218567	0.4691249132156372
LUCIUS:	Lucius:	ल्यूकि�स:	0.760337233543396	0.6011013984680176	0.596341609954834
Just in case we caught you in the background.	सिर्फ मामले में हम पृष्ठभूमि में आप फंस गए.	कुछ समय बीतने के बाद.	0.6760755777359009	0.38274696469306946	0.21961383521556854
See, Judah is turning, um...	देखें, यहूदा बदल रहा है, उम...	जिस शब्द में लिखा जाए तो वह है...	0.6859449744224548	0.3728732168674469	0.25173720717430115
And one thing about direct action, I suppose, the target is meant to have an immediate effect.	सीधी कार्यवाही के बारे में एक बात ये है कि इसका प्रमुख लक्ष्य तुरंत असर डालना होता है	direct कार्य से एक किसी को तो immediate effect से mean होता है.	0.6559677720069885	0.3526787757873535	0.1437334418296814
And appoint goodness for us in this world and the Hereafter, for indeed we have come back to You.’ Said He, ‘I visit My punishment on whomever I wish, but My mercy embraces all things. Soon I shall appoint it for those who are Godwary and give the zakat and those who believe in Our signs	और तू ही इस दुनिया (फ़ानी) और आख़िरत में हमारे वास्ते भलाई के लिए लिख ले हम तेरी ही तरफ रूझू करते हैं ख़ुदा ने फरमाया जिसको मैं चाहता हूँ (मुस्तहक़ समझकर) अपना अज़ाब पहुँचा देता हूँ और मेरी रहमत हर चीज़ पर छाई हैं मै तो उसे बहुत जल्द ख़ास उन लोगों के लिए लिख दूँगा (जो बुरी बातों से) बचते रहेंगे और ज़कात दिया करेंगे और जो हमारी बातों पर ईमान रखा करेंगें	यह कहते हुए कि मैं इस बात पर ध्यान देता हूँ कि मैं इस प्रकार जागरूक रहता हूँ.	0.6484401226043701	0.29830479621887207	0.2163543552160263
I didn't know any criminals so I thought Riz might.	मैंने नहीं किया. मैं रिज़ हो सकता है तो मैंने सोचा कि किसी भी अपराधियों को पता है.	"रिज्यूस की ओर से जानकारी देने वाले किसी को भी ""क्रूरी"" या ""क्रूरी"" करने के लिए जाना चाहिए।"	0.6570176482200623	0.33564141392707825	0.2104583978652954
And your Lord is Rich (Free of all wants), full of Mercy, if He will, He can destroy you, and in your place make whom He will as your successors, as He raised you from the seed of other people.	और जो कुछ वह लोग करते हैं तुम्हारा परवरदिगार उससे बेख़बर नहीं और तुम्हारा परवरदिगार बे परवाह रहम वाला है - अगर चाहे तो तुम सबके सबको (दुनिया से उड़ा) ले लाए और तुम्हारे बाद जिसको चाहे तुम्हार जानशीन बनाए जिस तरह आख़िर तुम्हें दूसरे लोगों की औलाद से पैदा किया है	अपने Lords के रिकॉल (रिकॉल) से रिकॉल (रिकॉल) हो सकता है, और इस जगह अपने Lords के रिकॉल के रूप में रखा जा सकता है।	0.635501503944397	0.22027871012687683	0.18752120435237885
Or He may seize them by diminishing their portion. Yet your Lord is compassionate and kind.	या वह अज़ाब से डरते हो तो (उसी हालत में) धर पकड़ करे इसमें तो शक नहीं कि तुम्हारा परवरदिगार बड़ा शफीक़ रहम वाला है	ओह् He या वह उन्हें किसी भी तरह से नियंत्रित कर सकता है लेकिन आपका प्रेम-देव की राह पर होती है।	0.6755242943763733	0.39271894097328186	0.39125755429267883
He didn't have any kids of his own.	वो अपने खुद के किसी भी बच्चों को नहीं था.	वे अपने खुद के परिवार के होने की बात नहीं करते	0.7948787808418274	0.5891157388687134	0.5937107801437378
Failure reason: %s	विफलता कारण: %s	पीछे बढ़िया कारण: %s	0.8510556817054749	0.7761721014976501	0.8230196237564087
_Delete %s	%s मिटाएँ (_D)	मैं डिलीट करने वाले 20% से ज़्यादा रुपये का संक्षालन किया जा रहा है	0.641893744468689	0.4064231216907501	0.24212388694286346
Marshaller	मार्शलर	मार्शलर	1.0	0.9774926900863647	0.8974100947380066
Telephone	टेलिफोन	टेलीफोन	0.8997400403022766	0.9603922963142395	0.9257662296295166
"""We aspire to a better tomorrow, a new Egypt and a second republic,"" Morsi said during a solemn ceremony shown live on state television."	"राष्ट्रीय टेलीविज़न पर सजीव प्रसारण में दिखाए गए औपचारिक समारोह के दौरान मोरसी ने कहा कि ""हम बेहतर भविष्य, नए मिस्र तथा दूसरे गणराज्य की आकांक्षा कर रहे हैं।"""	मॉर्सी ने कहा, “हमें एक बेहतर भविष्य की इच्छा है, एक नई ईज़िट और एक दूसरे रिपब्लिक को”	0.7264084219932556	0.5428542494773865	0.5703499913215637
I tried to give her some money, but she would not take any.	मैंने उसको पैसे देने की कोशिश करी पर उसने इनकार कर दिया।	मैं उसे कुछ भी देने की कोशिश कर रहा था, लेकिन वह कुछ नहीं।	0.7627404928207397	0.5644953846931458	0.5157583355903625
After squeezing 25 kilos of grapes..you get one bottle of juice.	grapes.. you का 25 किलो निचोड़ के बाद रस की एक बोतल मिलता है।	ग्रीन स्टॉक ज़ीरी की किलो में से एक..आपको एक बोतल में ज़ीरी का juice है।	0.7150525450706482	0.5001004338264465	0.36408618092536926
I done what she asked.	... मैं उसने पूछा क्या किया.	पूछी गई बात कर चुकी हूँ।	0.7149658203125	0.5184347629547119	0.48951682448387146
Q.921TM	Q. 921TM	"सहायता के लिए संसाधन:
Source"	0.6159110069274902	0.44590112566947937	0.4744139611721039
The height of the window	विंडो की ऊँचाई	विंडो की ऊँचाई	1.0000001192092896	0.9779177904129028	0.9065305590629578
Do they not see that Allah enlarges the provision for whom He wills and straitens (it for whom He wills). Verily, in that are indeed signs for a people who believe.	क्या उन्होंने विचार नहीं किया कि अल्लाह जिसके लिए चाहता है रोज़ी कुशादा कर देता है और जिसके लिए चाहता है नपी-तुली कर देता है? निस्संदेह इसमें उन लोगों के लिए निशानियाँ है, जो ईमान लाएँ	अरे, यह नहीं सोचना चाहिए कि वे यह नहीं भी देख सकते हैं कि यह उन्हें समझाता है जो वे हैं।	0.6750718355178833	0.349890798330307	0.3098216652870178
Connect to remote target	कनेक्ट को रिमोट लक्ष्य	कल स्थानीय लक्ष्य तक कनेक्ट करता हूँ	0.7787792682647705	0.6156012415885925	0.5625400543212891
Whether the main stage should be rendered offscreen	क्या मुख्य स्टेज को ऑफस्क्रीन प्रदान की जानी चाहिए	क्या मुख्य चरण स्क्रीन से बाहर हो कर लिया जाए	0.8078468441963196	0.5166810154914856	0.5208795666694641
Port	पोर्ट	पोर्ट	1.0000004768371582	0.9725098013877869	0.8309442400932312
Now a sharp look in your eye.	अब आंखों में एक तेज नजर.	अब अपने चेहरे पर एकदम ताज़ा हो जाने वाले चीज़ों की पूरी तरह से नकली हो जाने के बाद भी उसे एकदम ताज़ा हो जाने वाले चीज़ों की पूरी तरह से नकली हो जाने के बाद भी उसे एकदम ताज़ा हो जाने वाले चीज़ों की नकली हो जाने के बाद भी उसे एकदम ताज़ा हो जाने वाले चीज़ों की नकली हो जाने के बाद भी उसे एकदम ताज़ा हो जाने वाले चीज़ों की नकली हो जाने के बाद भी उसे एकदम ताज़ा हो जाने वाले चीज़ों की नकली हो जाने के बाद भी उसे एकदम ताज़ा हो जाने वाले चीज़ों की नकली हो जाने के बाद भी उस	0.5675789713859558	0.23907127976417542	0.0070246197283267975
-	कुछ नहीं	अन्यथा	0.8097149133682251	0.6120076179504395	0.7577073574066162
"(Muhammad), if they turn away from you, say, ""God is Sufficient (support) for me. There is no God but He. In Him do I trust and He is the Owner of the Great Throne."""	ऐ रसूल अगर इस पर भी ये लोग (तुम्हारे हुक्म से) मुँह फेरें तो तुम कह दो कि मेरे लिए ख़ुदा काफी है उसके सिवा कोई माबूद नहीं मैने उस पर भरोसा रखा है वही अर्श (ऐसे) बुर्जूग (मख़लूका का) मालिक है	अगर उन लोगों से विदा हो जाते तो वे God से मुझे समर्थन देने वाले हैं, यह तो मुझे जो तो देने वाले हैं, वे सभी मुझे जो समर्थन देने वाले हैं, वे सभी मुझे जो समर्थन देने वाले हैं, वे सभी मुझे जो समर्थन देने वाले हैं, वे सभी मुझे जो समर्थन देने वाले हैं, वे सभी मुझे जो समर्थन देने वाले हैं, वे सभी मुझे जो समर्थन देने वाले हैं, वे सभी मुझे जो समर्थन देने वाले हैं, वे सभी मुझे जो समर्थन देने वाले हैं, वे सभी मुझे जो समर्थन देने वाले हैं, वे सभी मुझे जो समर्थन देने वाले हैं, वे सभी मुझे जो समर्थन द	0.5631229877471924	0.30642008781433105	0.12308421730995178
This road isn't on here.	यह सड़क यहाँ पर नहीं है.	हेरफेर से यहाँ पर इस रोड का पथ नहीं लगता है।	0.7762773633003235	0.566307008266449	0.6557144522666931
Name	नाम	रोल	0.8162035942077637	0.5449336171150208	0.603800892829895
Not funny, I guess.	न अजीब बात है, मुझे लगता है.	अरे भाई, ये क्या हो सकते?	0.6974312663078308	0.4541592597961426	0.39339807629585266
%s has canceled the following shared memo:	%s ने निम्न साझा ज्ञापन रद्द कर दिया है:	असफल किया है | से कोई भी विवरण हटा दिया जा सकता है।	0.6951396465301514	0.49141910672187805	0.5665310025215149
German Male	"अज्ञात आवाज ""% 1"""	जर्मन मैल	0.695810079574585	0.4475115239620209	0.6014284491539001
Pelungsur cake to indicate that the ceremony has ended.	महिला #2:	यह पेलिंगसुर का संकेत है कि प्रतियोगिता का समापन हुआ है।	0.6094101667404175	0.38041993975639343	0.19433681666851044
Who is more wicked than he who invents a lie about Allah or belies His verses? The harmdoers shall never prosper.	और उससे बढ़कर अत्याचारी कौन होगा, जो अल्लाह पर झूठ गढ़े या उसकी आयतों को झुठलाए। निस्सन्देह अत्याचारी कभी सफल नहीं हो सकते	अल्लाह द्वारा की गई झूठी बात या अपने verses को अल्लाह द्वारा हानिकारक बताया गये किसी को भी अपने अधिकार का प्रयोग करके बेहतरीन तरीके से अपने अधिकार का प्रयोग करके बेहतरीन तरीके से अपने अधिकार का प्रयोग करके बेहतरीन तरीके से अपने अधिकार का प्रयोग करके बेहतरीन तरीके से अपने अधिकार का प्रयोग करके बेहतरीन तरीके से अपने अधिकार का प्रयोग करके बेहतरीन तरीके से अपने अधिकार का प्रयोग करके बेहतरीन तरीके से अपने अधिकार का प्रयोग करके बेहतरीन तरीके से अपने अधिकार का प्रयोग करके बेहतरीन तरीके से अपने अधिकार का प्रयोग करके बेहतरीन तरीके से अपने अधिकार का प्रय	0.5886317491531372	0.3045214116573334	0.041643619537353516
You are going to be on the hot seat in there, June bun.	तुम वहाँ में हॉट सीट जून रोटी पर होने जा रहे हैं।	जून बून से तुम कुछ दिनों तक उस जगह पर गर्मी से बैठे रहोगे	0.7282475829124451	0.4933994710445404	0.3158887028694153
GType	क़िस्म	जी.टी.पी	0.6966126561164856	0.46006789803504944	0.7444028854370117
Never! Indeed, it is a blazing fire,	(मगर) ये हरगिज़ न होगा	नहीं! सच, यह एक ब्लेजिंग फायर में है,	0.6990318298339844	0.42899778485298157	0.44517356157302856
First, I want out of here.	सबसे पहले, मैं यहाँ से बाहर करना चाहते हैं।	पहले, मैं यहाँ से बाहर निकलूँ.	0.8744472861289978	0.7239049673080444	0.7351596355438232
Seven round capacity.	सात दौर क्षमता।	पाँचों की भी छह।	0.7086533308029175	0.39661097526550293	0.16168095171451569
I am the hero who's been recognize today.	मैं नायक, जो आज हो गया है समझते हैं पुरूष।	मैं यहाँ पर हूँ जो की ये है।	0.7164811491966248	0.43206316232681274	0.3032227158546448
Is it not a guidance to them, how many generations We destroyed before them in whose dwelling places they walk? Surely, in this there are signs for thoseof reason.	फिर क्या उनको इससे भी मार्ग न मिला कि हम उनसे पहले कितनी ही नस्लों को विनष्ट कर चुके है, जिनकी बस्तियों में वे चलते-फिरते है? निस्संदेह बुद्धिमानों के लिए इसमें बहुत-सी निशानियाँ है	इसे पहले उन लोगों की संख्या बती गई जिन्हें यह सलाह दी जा सकती है, या इस बात पर विचार किया ज सकता है कि कौन-कौनि संख्याएं इस बात पर विचार की जा सकती है जो पहले बती गई।	0.6635767221450806	0.3989517092704773	0.373015820980072
Gifts and sweets were distributed among the students and teachers by the organisers of this program.	कार्यक्रम में प्रबंधक समिति की ओर से शिक्षकों व विद्यार्थियों को उपहार व मिठाई वितरित की गई।	प्रोत्साहन और स्नेगेट के ज़रिए शिक्षकों और छात्रों को इस कार्यक्रम के ज़रिए प्रोत्साहन और स्नेगेट की ज़रूरत बताने वाले किसी भी कार्यक्रम को प्रोत्साहन देने वाला कोई कार्यक्रम भी इस प्रकार का हो सकता है क्योंकि प्रोत्साहन और स्नेगेट दोनों का प्राप्त-सारिणी स्थानीय भोजन और पानी से बना होता है और यह दोन्ही स्वाभाविक रूप से बनती हैं।	0.6769946217536926	0.42427441477775574	0.2504473328590393
Cannot create folder '%s'	नया फ़ोल्डर `%s' नहीं बना सकता है	सक्रिय रूप से निर्मित कार्यक्षेत्र जो भी हो सकता है, उसे बनाने के लिए इस प्रक्रिया को पूरा करने के लिए इस पाठ्यक्रम को पूरा करने वाले किसी भी व्यक्ति को ऐसा लग सकता है कि उन्हें ऐसा लग सकता है.	0.6693706512451172	0.33627328276634216	0.2070162445306778
I need you no longer.	अब मुझे तुम्हारी कोई ज़रूरत नहीं है.	मुझे नहीं बताना चाहूँ।	0.7558383941650391	0.43592122197151184	0.20060153305530548
Tell Karna good-bye.	कर्ण को नमस्ते कहना मेरे लिए .	कार्य को छोड़ने के लिए कार्य कार्य कार्य कार्य कार्य कार्य कार्य कार्य कार्य कार्य कार्य कार्य कार्य कार्य कार्य कार्य कार्य कार्य कार्य कार्य कार्य कार्य कार्य कार्य कार्य कार्य कार्य कार्य कार्य कार्य कार्य कार्य कार्य कार्य कार्य कार्य कार्य कार्य कार्य कार्य कार्य कार्य कार्य कार्य कार्य कार्य कार्य कार्य कार्य कार्य कार्य कार्य कार्य कार्य कार्य कार्य कार्य कार्य कार्य कार्य कार्य कार्य कार्य कार्य कार्य कार्य कार्य कार्य कार्य कार्य कार्य कार्य कार्य कार्य कार्य कार्य कार्य कार्य कार्य कार्य कार्य	0.5131373405456543	0.1633273959159851	0.022543828934431076
_Board size:	बिसात आकार (_B):	_कक्ष की संख्या:	0.7383100390434265	0.6538041830062866	0.7322856187820435
We were 18.	हम 18 थे.	हम 18.	0.799054741859436	0.6304342150688171	0.5156998634338379
Go tell him yourself.	उसको अपने-आप जाकर बताओ।	Go herself tell him.	0.6773914694786072	0.41040584444999695	0.4559614062309265
They will surely perish who kill their offspring in ignorance foolhardily, and forbid the food that God has given them by fabricating lies against God. Misguided are they surely, and will never come to guidance.	बेशक जिन लोगों ने अपनी औलाद को बे समझे बूझे बेवकूफी से मार डाला और जो रोज़ी ख़ुदा ने उन्हें दी थी उसे ख़ुदा पर इफ़तेरा (बोहतान) बाँध कर अपने ऊपर हराम कर डाला और वह सख्त घाटे में है ये यक़ीनन राहे हक़ से भटक गऐ और ये हिदायत पाने वाले थे भी नहीं	यह जानकर मात्रा से भी हो सकता है.	0.6342285871505737	0.19222527742385864	0.13280287384986877
[ BUBBLING ]	[बुदबुदाती]	रूपरूप से छूट सकती हूँ |	0.6405377388000488	0.3554767668247223	0.20857320725917816
Strict	स्क्रिप्ट्स	स्ट्रीट	0.8450533151626587	0.46602651476860046	0.5402034521102905
When you lay hands upon anyone, you do so as tyrants.	और जब तुम (किसी पर) हाथ डालते हो तो सरकशी से हाथ डालते हो	जब आप किसी पर अपनी मुसीबत देकर राजा बनाते हैं, वो भी शासन के तहत नहीं बल्कि राज के तहत होते हैं।	0.6793651580810547	0.44453319907188416	0.5493776798248291
Artist	कलाकार	व्यक्त	0.7409222722053528	0.6943451166152954	0.7717829942703247
Worry about yourself, kiddo!	बच्चे, अपने बारे में चिंता!	आपको अपने बारे में चिंता होना चाहे तो है!	0.8210657835006714	0.5169243812561035	0.5477550029754639
It's mathilda.	यह Mathilda है.	अध्ययन मात्रा।	0.7064934968948364	0.44330349564552307	0.5214385390281677
I must know where I stand in your heart.	मै जानना चाहती हूँ कि तुम्हारे दिल में मेरी क्या जगह है.	मैं जानता हूँ कि आपका दिल कहाँ है।	0.8276309370994568	0.7394848465919495	0.7247359752655029
He hears the revelations of God which are recited to him, then persists in his arrogance as if he had not even heard them. Tell him that he will suffer a painful torment.	कि ख़ुदा की आयतें उसके सामने पढ़ी जाती हैं और वह सुनता भी है फिर ग़ुरूर से (कुफ़्र पर) अड़ा रहता है गोया उसने उन आयतों को सुना ही नहीं तो (ऐ रसूल) तुम उसे दर्दनाक अज़ाब की ख़ुशख़बरी दे दो	अपनी असाधारण भूमिका के बारे में उन्हें बताएँ कि वे जाने वाली श्रेणी से बाहर हो जाएँ।	0.6323947906494141	0.2867549955844879	0.3059912621974945
"Then, on the Day of Judgment, He will cover them with shame, and say: ""Where are My 'partners' concerning whom ye used to dispute (with the godly)?"" Those endued with knowledge will say: ""This Day, indeed, are the Unbelievers covered with shame and misery,-"	(फिर उसी पर इकतिफा नहीं) उसके बाद क़यामत के दिन ख़ुदा उनको रुसवा करेगा और फरमाएगा कि (अब बताओ) जिसको तुमने मेरा यशरीक बना रखा था और जिनके बारे में तुम (ईमानदारों से) झगड़ते थे कहाँ हैं (वह तो कुछ जवाब देगें नहीं मगर) जिन लोगों को (ख़ुदा की तरफ से) इल्म दिया गया है कहेगें कि आज के दिन रुसवाई और ख़राबी (सब कुछ) काफिरों पर ही है	अरे, यह वाक्य तो बहुत ही महत्वपूर्ण है और हमें इसका पालन करना चाहिए।	0.6136963963508606	0.33129069209098816	0.3953799903392792
View	दृश्य	पृष्ठ	0.636875569820404	0.7837695479393005	0.9187906384468079
Show offline contacts	ऑफलाइन संपर्क दिखाएँ	ऑफलाइन कॉन्टैक्ट डिखाने वाले स्थान	0.8040040135383606	0.4805653989315033	0.1159803569316864
"Seriously I do not find a good reason to all what the Israelis are doing whether from leading the world against Iran or attacking Egypt and KSA for their announcement that they would start a peaceful nuclear program,"" writes Egyptian blogger Zeinobia."	मुझे कोई तार्किक कारण नहीं नज़र आता जो इज़्राइली कर रहे हैं चाहे हो इरान के खिलाफ विश्व को बरगलाने की बात हो या मिस्र या KSA की शांतिपूर्ण परमाणु कार्यक्रम शुरु करने की घोषणा करने पर निंदा हो।	अस्पष्टता के बारे में	0.6601505279541016	0.2964421808719635	0.27371498942375183
Niggah, go clean that shit up, man.	Niggah, स्वच्छ जाना कि गंदगी, आदमी.	निगह है, गो प्लीज़ उस चीज़ को साफ़ कर दें, पुरुष।	0.6521668434143066	0.4408733546733856	0.42880356311798096
I told you, I'm claustrophobic.	मैंने आपको बताया था, मैं क्लॉस्टेरोफोबिया हूँ।	मैंने तो बताया था, मैं क्लायस्ट्रोफ़ाबिट।	0.8856233954429626	0.7088242769241333	0.5803768038749695
But they're on a ration.	लेकिन वे एक राशन पर कर रहे हैं.	लेकिन वे रेटशन पर हैं।	0.9031999707221985	0.6014626622200012	0.5924558043479919
B_ackground color:	पृष्ठभूमि रंग (_a)	रंग:	0.7019702792167664	0.5824245810508728	0.5114167928695679
Don't mistake me for what had happened on the other day.	उस दिन जो हुआ वो भूल जाओ.	किसी भी तरह से मुझे जो हुआ था, उसे नहीं लिया गया क्यों न हो?	0.7105430960655212	0.46958431601524353	0.40260380506515503
It is not a sin if you try to make a profit out of the bounty of your Lord (by trading during hajj). When you leave Arafah, commemorate the name of your Lord in Mash'ar, the sacred reminder of God. Commemorate His name as He has given you guidance while prior to that you had been in error.	इस में कोई इल्ज़ाम नहीं है कि (हज के साथ) तुम अपने परवरदिगार के फज़ल (नफ़ा तिजारत) की ख्वाहिश करो और फिर जब तुम अरफात से चल खड़े हो तो मशअरुल हराम के पास ख़ुदा का जिक्र करो और उस की याद भी करो तो जिस तरह तुम्हे बताया है अगरचे तुम इसके पहले तो गुमराहो से थे	अर्थ: यह किसी भी तरह से दंड का साधन नहीं है अगर आप इसका पैसे का प्रोफिट गेनर हो जाते हैं।	0.6579935550689697	0.38349273800849915	0.37034469842910767
Mr. Speaker?	मि. स्पीकर ?	प्रिय सीनियर?	0.765804648399353	0.6282215118408203	0.9112051725387573
But if adrenalin which works only for a few seconds acts for 5 minutes won't the body be affected?	लेकिन adrenalin जो कुछ सेकंड के लिए ही काम करता है 5 मिनट के लिए कार्य करता है, तो ... ... शरीर प्रभावित नहीं होगा?	दीरज्या का क्या प्रभाव हो सकता है| कुछ सेकंड्स के लिए|	0.7094941139221191	0.48908740282058716	0.3580299913883209
He said, “Yes, and you will be among my favorites.”	फिरऔन ने कहा (हॉ इनाम ही नहीं) बल्कि फिर तो तुम हमारे दरबार के मुक़र्रेबीन में से होगें	उन्होंने कहा, “हाँ और आप मेरी सबसे पसंदीदा सूची में से होंगे।”	0.7013312578201294	0.619722843170166	0.72415691614151
Remember I told you if there was anything left you still cared about,	अगर मैंने तुमसे कहा था याद वहाँ आप अभी भी परवाह के बारे में कुछ भी छोड़ दिया थी	यह याद रखें कि मैंने तुम्हें यह बात कहा था कि यदि हमारी कोई भी बात थी तो अभी भी तुम्हें यह बात याद आ रही है	0.7394705414772034	0.6209279894828796	0.563524603843689
new server	नया सर्वर	नई सेवा	0.7976928949356079	0.7499570250511169	0.8823306560516357
In the doing, never the thinking.	करने में, कभी नहीं सोच रही है.	करने, न कभी सोचा।	0.7905720472335815	0.6790129542350769	0.5215700268745422
Pidgin address book source	पिडगिन पता पुस्तिका स्रोत	पीड़िगन का कोई भी आधिकारिक स्रोत होना	0.7291322350502014	0.512330949306488	0.4348006844520569
The only way is to strike.	एक ही रास्ता हड़ताल करने के लिए है.	बार-बार गलती, और किसी भी जानकारी को हटाकर, और किसी जानकारी को जो कुछ भी है, उसे सावधानी से संसाधित किया जाता है।	0.6932237148284912	0.32274964451789856	0.07807287573814392
- Yeah, as you said the last time.	जैसा कि आप समय कहा पिछले.	- हाँ, जैसे ही हमने पहली बार कहा था।	0.7187492251396179	0.592354953289032	0.6706588268280029
And you're gonna eat it.	और आप इसे खाने वाले हैं.	और आपको उसे खाना होगा.	0.8621642589569092	0.8021076321601868	0.9004477262496948
- NO, I'M JUST A KID.	- नहीं, मैं सिर्फ एक बच्चा हूँ.	प्रतिक्रिया: नहीं, मैं बस एक बच्चा हूँ।	0.88266521692276	0.9421199560165405	0.9179490208625793
Cannot append message to maildir folder: %s:	maildir फ़ोल्डर में संदेश नहीं जोड़ सकता: %s:	Cannot append message to maildir folder: %s:	0.768021821975708	0.6681976914405823	0.2511579394340515
[For them are] gardens of perpetual residence which they will enter. They will be adorned therein with bracelets of gold and pearls, and their garments therein will be silk.	(और उसका सिला बेहिश्त के) सदा बहार बाग़ात हैं जिनमें ये लोग दाख़िल होंगे और उन्हें वहाँ सोने के कंगन और मोती पहनाए जाएँगे और वहाँ उनकी (मामूली) पोशाक ख़ालिस रेशमी होगी	असफल व्याख्या करने वाले लोगों को निर्माण में लंबी अवधि प्राप्त करने के लिए कार्यकारी तालिकात्मक सामान्य होते हैं।	0.6304106116294861	0.28663939237594604	0.1672944277524948
And the trumpet is blown. This is the threatened Day.	और नरसिंघा फूँक दिया गया। यही है वह दिन जिसकी धमकी दी गई थी	और ध्वनि संकेत की जाने लगी है। ये दिन की धमकी है।	0.7442682385444641	0.3738446831703186	0.3483416736125946
What a little miracle you are!	तुम एक छोटे चमत्कार जैसे हो!	अरे वाह! आप कितने खुश हैं!	0.7527105212211609	0.647793710231781	0.5727089643478394
♪ I only know it's a matter of time ♪	तुम बेकार, गिरे हुए इंसान!	प्रतिभा से जो मैंने है, वह समय की बात है।	0.648470401763916	0.32206979393959045	0.18711359798908234
Pursue second mark.	सेकंड का चिह्न को आगे बढ़ाना है.	सब कुछ जाने के लिए दूसरा चिन्तन किया जाएगा।	0.7087122201919556	0.34538671374320984	0.2842242121696472
"Leaving the consorts your Lord has made for you? But you are a people who exceed the bounds."""	और तुम्हारे वास्ते जो बीवियाँ तुम्हारे परवरदिगार ने पैदा की है उन्हें छोड़ देते हो (ये कुछ नहीं) बल्कि तुम लोग हद से गुज़र जाने वाले आदमी हो	आपके स्वामी के रूप से उन द्वारों को छोड़कर आप को अधिकतर रूप से देखा जा सकता है।	0.6459785103797913	0.33844828605651855	0.4271339774131775
So do not follow the unbelievers, and strive against them a mighty striving with it.	अतः इनकार करनेवालों की बात न मानता और इस (क़ुरआन) के द्वारा उनसे जिहाद करो, बड़ा जिहाद! (जी तोड़ कोशिश)	अरे ऐसे ना फॉलो ये लोग, और इस बारे में बहुत ज्यादा काम होता है।	0.6426439881324768	0.36038514971733093	0.18577785789966583
Core developer	कोर डेवलपर	सामग्री का सामान	0.6668338179588318	0.39412590861320496	0.2186119258403778
(And it was said unto him): O David! Lo! We have set thee as a viceroy in the earth; therefor judge aright between mankind, and follow not desire that it beguile thee from the way of Allah. Lo! those who wander from the way of Allah have an awful doom, forasmuch as they forgot the Day of Reckoning.	"""ऐ दाऊद! हमने धरती में तुझे ख़लीफ़ा (उत्तराधिकारी) बनाया है। अतः तू लोगों के बीच हक़ के साथ फ़ैसला करना और अपनी इच्छा का अनुपालन न करना कि वह तुझे अल्लाह के मार्ग से भटका दे। जो लोग अल्लाह के मार्ग से भटकते है, निश्चय ही उनके लिए कठोर यातना है, क्योंकि वे हिसाब के दिन को भूले रहे।-"	अर्थ: डेविड को उनके सेवा करने वाले मानवों के बीच न्याय का स्थान मिले, तो उन्हें यह सुनना चाहिए: हमने आपको न्याय का स्थान मिला है; हमने आपको न्याय का स्थान मिला है; हमने आपको न्याय का स्थान मिला है; हमने आपको न्याय का स्थान मिला है;हमने आपको न्याय का स्थान मिला है;हमने आपको न्याय का स्थान मिला है;हमने आपको न्याय का स्थान मिला है;हमने आपको न्याय का स्थान मिला है;हमने आपको न्याय का स्थान मिला है;हमने आपको न्याय का स्थान मिला है;हमने आपको न्याय का स्थान मिल	0.6242461800575256	0.2896518409252167	0.12895728647708893
Except for the East Assembly seat, candidates from the other seats are sitting MLAs of their respective seats.	ज्ञात हो कि पूर्व विधानसभा को छोड़कर सभी सीटों के प्रत्याशी वर्तमान में संबंधित क्षेत्रों से वर्तमान में विधायक हैं।	पूरे प्रायदेशियों के अलावा, अन्य सीटों से हो रहे मंत्रिम के हैं अपने respective सीटों पर।	0.7333441972732544	0.43803295493125916	0.3464924693107605
'World Habitat Day' Celebration in Cambodia · Global Voices	कंबोडिया मे 'वर्ल्ड हैबिटैट डे' समारोह	कम्यूनबिया में विशेष अवकाश का समारोह किया गया	0.7405310869216919	0.5328583717346191	0.46087199449539185
)	)	अधिकार्यों के कार्यों के कारणों के कारणों के कारणों के कारणों के कारणों के कारणों के कारणों के कारणों के कारणों के कारणों के कारणों के कारणों के कारणों के कारणों के कारणों के कारणों के कारणों के कारणों के कारणों के कारणों के कारणों के कारणों के कारणों के कारणों के कारणों के कारणों के कारणों के कारणों के कारणों के कारणों के कारणों के कारणों के कारणों के कारणों के कारणों के कारणों के कारणों के कारणों के कारणों के कारणों के कारणों के कारणों के कारणों के कारणों के कारणों के कारणों के कारणों के कारणों के कारण	0.4955981373786926	0.213784858584404	0.03461834043264389
Sudden Winds	अचानक तेज हवा	सड़ सड़क	0.7012372612953186	0.3426540195941925	0.21201026439666748
The odd Whispering Death or two in the rocks?	पत्थरों में एक-दो अनोखे विस्परिंग डेथ दिख सकेंगे?	अनुपस्थित वायु विद्युत हत्या या दो ऐसे गुफ्टवे माती?	0.7055554389953613	0.36663684248924255	0.224077507853508
Collapse All _Threads	सभी लड़ियाँ समेटें (_T)	Translate following English to Hindi statement to English.	0.6596380472183228	0.26653656363487244	0.21372777223587036
He did not believe in Allah, the Great,	(क्यों कि) ये न तो बुज़ुर्ग ख़ुदा ही पर ईमान लाता था और न मोहताज के खिलाने पर आमादा (लोगों को) करता था	ग्रेट, जो एक जो एक है।	0.637408971786499	0.21183249354362488	0.14888028800487518
Rename...	नाम बदलें...	चलो कुछ ही कार्य करेंगे	0.6893236041069031	0.5060938000679016	0.4739552140235901
Oh, my God.	ओह, मेरे भगवान.	ई, मेरे गॉड।	0.7855960130691528	0.4794152081012726	0.4362560510635376
So I knew I must have stayed clean.	मैं मैं साफ रह चाहिए पता था तो.	यह जानकर मैंने तो सुस्पोर्ट किया कि मैं साबुन का पानी तो नहीं भिगो देता.	0.7220719456672668	0.4493063986301422	0.1863330602645874
For some of us are upright and some otherwise: Surely we follow different ways.	"""और यह कि हममें से कुछ लोग अच्छे है और कुछ लोग उससे निम्नतर है, हम विभिन्न मार्गों पर है"	कुछ लोगों के लिए खड़े और कुछ लोगों के लिए ऐसा नहीं: हमें ऐसा तरीका सिखाया जाता है।	0.705359935760498	0.3921827971935272	0.4731719493865967
"Mac (""\\r"")"	"मैक (""\\ r"")"	डब्ल्यू	0.662251353263855	0.4967772662639618	0.21500739455223083
Those who do wrong will have their turn, like the turn of their counterparts, so let them not rush Me.	अतः जिन लोगों ने ज़ुल्म किया है उनके लिए एक नियत पैमाना है; जैसा उनके साथियों का नियत पैमाना था। अतः वे मुझसे जल्दी न मचाएँ!	जो लोग गलत करते हैं, वो अपना समय भी नहीं ले ले सकते हैं.	0.6774250268936157	0.4074418842792511	0.42510056495666504
- THERE'S CLOTHES IN THE VAN.	- वैन में कपड़े नहीं है.	- वान में कपड़े हैं।	0.8901262879371643	0.5308275818824768	0.43029776215553284
S15: Keep away from heat	S15: गर्मी से दूर रखेंPlease take the official translations! You find them here: http: // europa. eu. int/ eur- lex/ lex/ LexUriServ/ LexUriServ. do? uri=CELEX: 32001L0059: EN: HTML	सावधानी से चल रहे ज्ञान के पथों से निकलें	0.5593793988227844	0.22431206703186035	0.18733952939510345
And whoever is on earth entirely [so] then it could save him.	और उन सभी लोगों को जो धरती में रहते है, फ़िदया (मुक्ति-प्रतिदान) के रूप में दे डाले फिर वह उसको छुटकारा दिला दे	और जो कुछ भी भारत में है, उसे उसे बचा सकता है.	0.7086284756660461	0.4007304012775421	0.4253990054130554
- They don't let us in the class.	- वे हमें क्लास में ऐसा नहीं करते।	- वे हमें क्लास में प्रवेश नहीं दे सकते।	0.9302418828010559	0.7238512635231018	0.8382706642150879
Copy the selection	मौजूदा चयन	लिखी स selection को कॉपी करना	0.6534685492515564	0.49963656067848206	0.3133571147918701
Use Alpha	अल्फा का उपयोग करें	अन्य शब्दों का इस्तेमाल	0.745988130569458	0.6222339272499084	0.7440670728683472
(SPEAKING IN RUSSIAN)	(रूसी में बोल)	अधिकारी के पास ऐसी चीज़ें होती हैं जो इस बात पर निर्भर करती हैं कि कौन किस प्रकार से काम लेता है, और कौन किस प्रकार से काम लेता है।	0.6343879103660583	0.2555568218231201	0.09554837644100189
It was really fun actually.	यह सच में मज़ा था वास्तव में.	ज़रूरी था क्योंकि।	0.7368759512901306	0.4921542704105377	0.3248857855796814
Or, were you witnesses when death came to Jacob! He said to his children: 'What will you worship after me' They replied: 'We will worship your God and the God of your forefathers, Abraham, Ishmael, and Isaac, the One God. To Him, we are submissive'	"(क्या तुम इबराहीम के वसीयत करते समय मौजूद थे? या तुम मौजूद थे जब याक़ूब की मृत्यु का समय आया? जब उसने बेटों से कहा, ""तुम मेरे पश्चात किसकी इबादत करोगे?"" उन्होंने कहा, ""हम आपके इष्ट-पूज्य और आपके पूर्वज इबराहीम और इसमाईल और इसहाक़ के इष्ट-पूज्य की बन्दगी करेंगे - जो अकेला इष्ट-पूज्य है, और हम उसी के आज्ञाकारी (मुस्लिम) हैं।"""	जॉर्डन के यहूदी बच्चे थे जिन्होंने अपने पिता की मृत्यु सुनिश्चित करने के लिए अपने साथ जॉर्डन की तरफ स्वीकार करना था	0.6366163492202759	0.27972474694252014	0.3573570251464844
He destroys our self-control.	वह हमारे आत्म - नियंत्रण नष्ट कर देता है.	सब कुछ बदल देने की वजह है।	0.6959885358810425	0.4376116096973419	0.5555943250656128
fashioning for him whatsoever he would -- places of worship, statues, porringers like water-troughs, and anchored cooking-pots. 'Labour, O House of David, in thankfulness; for few indeed are those that are thankful among My servants.'	ग़रज़ सुलेमान को जो बनवाना मंज़ूर होता ये जिन्नात उनके लिए बनाते थे (जैसे) मस्जिदें, महल, क़िले और (फरिश्ते अम्बिया की) तस्वीरें और हौज़ों के बराबर प्याले और (एक जगह) गड़ी हुई (बड़ी बड़ी) देग़ें (कि एक हज़ार आदमी का खाना पक सके) ऐ दाऊद की औलाद शुक्र करते रहो और मेरे बन्दों में से शुक्र करने वाले (बन्दे) थोड़े से हैं	यहाँ किसी को भी शिक्षा, स्थान, पोर्टिंगर के रूप में दिया गया है और उसे धन्यवाद देना है।	0.6189181804656982	0.30841368436813354	0.33184105157852173
Aimed at you, my golden goose!	Aimed at you, my golden goose!	आपके लिए, मेरी स्वर्ण भूत-भवांग!	0.7052950859069824	0.40131083130836487	0.554897665977478
But, what's the meaning of it?	लेकिन, इसका मतलब क्या है?	पर, इसका अर्थ क्या है?	0.8768405318260193	0.9556381702423096	0.9145324230194092
You crap!	तुम छी!	आपकाshit!	0.7725510597229004	0.5582275986671448	0.523412823677063
A bridge, right? Of course.	एक पुल है, है ना?	बिलकुल।	0.6775608658790588	0.4665173590183258	0.3237936794757843
_Debug	डिबग	डब्ल्यू	0.8203303813934326	0.4712184965610504	0.15663251280784607
_Fast blanking	तेज रिक्तिकरण (_F)	_ब्लैकअपिंटिंग_	0.722932755947113	0.5371384024620056	0.7852210998535156
The oceans have turned to blood. Best to stay on dry land, where it's safe.	महासागरों ने वापस खून लौटा है...	द्वीपों पर रहना सबसे अच्छा है, जहाँ आप सुरक्षित रह सकेंगे।	0.7059435248374939	0.39618048071861267	0.5981930494308472
The wickedness of all this is hateful with your Lord.	इनमें से प्रत्येक की बुराई तुम्हारे रब की स्पष्ट में अप्रिय ही है	इस बात को समझना और इसे सही मान करना से भी विवरण को प्रभाव में लाने के लिए यहाँ कोई बाधा नहीं है।	0.6339035034179688	0.4347773790359497	0.308788001537323
Okay, pay attention because I'm only gonna go over this ten more times.	ठीक है, ध्यान से सुनो क्योंकि सिर्फ़ दस बार और बताऊँगा।	हाँ, ध्यान रखें क्योंकि मैं इस बारे में केवल इस बार में सोचने वाले हूँ।	0.722680389881134	0.5160093903541565	0.5921684503555298
[cheers]	[हर्षध्वनि]	"अपना स्पष्ट, सुस्पष्ट और वास्तविक रूप से विवरण करने वाले किसी भी जानकारी को स्पष्ट रूप से बताने वाले की तुलनात्मक रूप से अधिक जानकारीपूर्ण हो सकते हैं, लेकिन विवरण की प्रक्रिया से जुड़े हो सकते हैं, जैसे कि एक पुस्तक की प्रायोगिक प्रक्रिया से जुड़ी हो सकती हैं, जैसे कि एक पुस्तक की प्रायोगिक प्रक्रिया से जुड़ी हो सकती हैं।

## Step 1: किसी भी जानकारी को स्पष्ट रूप से बताने वाले की तुलनात्मक रूप से अधिक जानकारीपूर्ण हो सकते हैं, लेकिन विवरण की प्रक्रिया से जुड़े हो सकते हैं, जैसे कि एक पुस्तक की प्रायोग"	0.5116347074508667	0.26917776465415955	0.062338076531887054
You grew a conscience.	तुम्हारा ज़मीर जाग गया।	आपने अपना दिमाग सोचने लगा है।	0.7329558730125427	0.3412388563156128	0.33501583337783813
Artist	कलाकारः	व्यक्त	0.7170247435569763	0.5283631086349487	0.5277688503265381
He says all the things that Brad doesn't.	उन्होंने ब्राड नहीं करता है कि सब बातें कहते हैं.	ब्रैड के बारे में कहते हैं कि वे सब कुछ नहीं हैं.	0.803150475025177	0.5196694731712341	0.5742909908294678
- The Führer is the Führer!	- फ्यूरर फ्यूरर है!	फ़ूर्टर फ़र्ज़ी!	0.7825762629508972	0.5791352391242981	0.5369142293930054
O ye who believe! Kill not game while in the sacred precincts or in pilgrim garb. If any of you doth so intentionally, the compensation is an offering, brought to the Ka'ba, of a domestic animal equivalent to the one he killed, as adjudged by two just men among you; or by way of atonement, the feeding of the indigent; or its equivalent in fasts: that he may taste of the penalty of his deed. Allah forgives what is past: for repetition Allah will exact from him the penalty. For Allah is Exalted, and Lord of Retribution.	ऐ ईमान लानेवालो! इहराम की हालत में तुम शिकार न मारो। तुम में जो कोई जान-बूझकर उसे मारे, तो उसने जो जानवर मारा हो, चौपायों में से उसी जैसा एक जानवर - जिसका फ़ैसला तुम्हारे दो न्यायप्रिय व्यक्ति कर दें - काबा पहुँचाकर क़ुरबान किया जाए, या प्रायश्चित के रूप में मुहताजों को भोजन कराना होगा या उसके बराबर रोज़े रखने होंगे, ताकि वह अपने किए का मज़ा चख ले। जो पहले हो चुका उसे अल्लाह ने क्षमा कर दिया; परन्तु जिस किसी ने फिर ऐसा किया तो अल्लाह उससे बदला लेगा। अल्लाह प्रभुत्वशाली, बदला लेनेवाला है	(Translation of the above text from English to Hindi))	0.48955854773521423	0.10526102781295776	0.10494928061962128
Make sure 'gdb' is installed on the system.	मेक gdb है पर सिस्टम नहीं	यह सुनिश्चित करें कि 'जीबी ड' स्थानीय रूप से स्थित हो.	0.6464967727661133	0.4917088747024536	0.6112954616546631
Aerial threat!	एरियल खतरा!	आवासी सुरक्षा के लिए खतरा!	0.8027708530426025	0.7536599636077881	0.6407191753387451
Sister Sarah, you tried.	बहन सारा, आप की कोशिश की.	सिस्टर सराही, तुमने कोशिश की।	0.8274226188659668	0.6868582367897034	0.7002496123313904
What, have they not journeyed in the land and beheld how was the end of those before them? They were stronger than themselves in might and left firmer traces in the earth; yet that they earned did not avail them.	तो क्या ये लोग रूए ज़मीन पर चले फिरे नहीं, तो देखते कि जो लोग इनसे पहले थे उनका क्या अंजाम हुआ, जो उनसे (तादाद में) कहीं ज्यादा थे और क़ूवत और ज़मीन पर (अपनी) निशानियाँ (यादगारें) छोड़ने में भी कहीं बढ़ चढ़ कर थे तो जो कुछ उन लोगों ने किया कराया था उनके कुछ भी काम न आया	यह, क्या, उन्होंने वहाँ कैसा था और इससे पहले वे कौन-कौन थीं और वे कितनी मजबूत थीं? और वे कितना मजबूत थीं? और वे कितना प्रभावशाली थीं?	0.666804850101471	0.30220142006874084	0.24580658972263336
Get to the side!	तरफ जाओ!	क्या तुम जान पाते हो कि क्या तुम जान पाते हो कि क्या	0.6448018550872803	0.296224445104599	0.12207430601119995
- Yeah.	- हाँ।	जी हाँ।	0.892975926399231	0.9033350348472595	0.9302997589111328
And perhaps for the first time there is an online website called No Criminals that is geared towards educating voters about political candidates that have a criminal record and stop them from contesting elections.	एक अन्य जालस्थल नो क्रिमिनल्स में मतदाताओं को आपराधिक पृष्ठभूमि वाले प्रत्याशियों के बारे में जानकारी दी गई है।	नो क्राइमिनल्स साइट पर से जो सूचना है, वो हो सकती है कि ऐसी सूचना किसी क्राइमिनल के रूप में है और उसे पंजीकृत क्राइमिनल के रूप में होना चाहे तो यह सही है।	0.6827468276023865	0.4648328125476837	0.3977642357349396
Why were there no people of understanding among those people of the destroyed towns of the past except for a few, whom we saved from destruction, to prevent people from committing evil in the land? The unjust among them indulged in worldly pleasures and so became guilty.	फिर तुमसे पहले जो नस्लें गुज़र चुकी है उनमें ऐसे भले-समझदार क्यों न हुए जो धरती में बिगाड़ से रोकते, उन थोड़े-से लोगों के सिवा जिनको उनमें से हमने बचा लिया। अत्याचारी लोग तो उसी सुख-सामग्री के पीछे पड़े रहे, जिसमें वे रखे गए थे। वे तो थे ही अपराधी	यह सुना मैंने पढ़ कि पूरे पुरुषों में समझ के बिना कोई स्थानीय परिवार हो प्रेमी हो और सभ्य हो जाना ठीक ऐसा है जो गलत हो सकता है।	0.6586552858352661	0.32549265027046204	0.3601037859916687
Let's go.	चलो चलते हैं.	अरे वाह।	0.6959501504898071	0.5025216341018677	0.39850184321403503
H-Help me!	मुझे एच मदद!	प्रिय जी, मेरी सहायता के लिए क्या चाहिए!	0.7341758608818054	0.6970176696777344	0.7159349918365479
"Under the new bill, media houses can be fined up to 20 million Kenyan shillings and individual journalists up to one million with the additional risk of being ""de-listed,"" or barred from receiving official press accreditation."	"नए विधेयक के अन्तर्गत मीडिया कम्पनियों पर 2 करोड़ केन्याई शिलिंग तथा अलग-अलग पत्रकारों को दस लाख केन्याई शिलिंग पर जुर्माना किया जा सकता है तथा, उसके अतिरिक्त ""सूची से हटाए जाने"" अथवा आधिकारिक प्रेस मान्यता न दिए जाने का अतिरिक्त जोखिम अलग रहेगा।"	"प्रस्तुत करने वाले मीडिया संस्थानों को 20 मिलियन क्यानएलशियल्स के लिए जोखिम के रूप में ""डेटा विद यू"" का डब्ल्यू ई. एस.डब्ल्यू.ई. के लिए 20 मिलियन क्यानएलशियल्स के लिए जोखिम के रूप में ""डेटा विद यू"" का डब्ल्यू ई. एस.डब्ल्यू.ई. के लिए 20 मिलियन क्यानएलशियल्स के लिए जोखिम के रूप में ""डेटा विद यू"" का डब्ल्यू ई. एस.डब्ल्यू.ई. के लिए 20 मिलियन क्यानएलशियल्स के लिए जोखिम के रूप में ""डेटा विद यू"" का डब्ल्यू ई. एस.डब्ल्यू.ई. के लिए"	0.5938025116920471	0.30647212266921997	0.06853395700454712
Calendar	पंचांग	कैलेंडर	0.6954057812690735	0.5013129115104675	0.6892330050468445
And lo, thy Lord! He is indeed the Mighty, the Merciful.	और निस्संदेह तुम्हारा रब ही है जो बड़ा प्रभुत्वशाली, अत्यन्त दयावान है	और लो, यारा, अल्लाह! वे सचमंद हैं, वे सहृदयभक्त!	0.6865434050559998	0.5029754042625427	0.30739063024520874
Push me out of the window, why don't you?	मुझे खिड़की से बाहर पुश, तुम क्यों नहीं करते?	पीछे से मुझे खिड़की से बाहर निकालें, क्यों ना हो ये?	0.8534859418869019	0.5757051110267639	0.5715597867965698
Thanks.	धन्यवाद.	असफल हो सकता है।	0.7053908109664917	0.4709974527359009	0.3018907606601715
Is he like unto him who resteth upon an evidence from His Lord, so and there rehearseth it a witness from Him And before it was the Book of Musa, a pattern and a mercy; these believe therein; and whosoever of the sects disbelieveth therein, the Fire is his promised place. Be then thou not in dubitation thereof, verily it is the truth from thy Lord, yet most of the mankind believe not.	फिर क्या वह व्यक्ति जो अपने रब के एक स्पष्ट प्रमाण पर है और स्वयं उसके रूप में भी एक गवाह उसके साथ-साथ रहता है - और इससे पहले मूसा की किताब भी एक मार्गदर्शक और दयालुता के रूप में उपस्थित रही है- (और वह जो प्रकाश एवं मार्गदर्शन से वंचित है, दोनों बराबर हो सकते है) ऐसे ही लोग उसपर ईमान लाते है, किन्तु इन गिरोहों में से जो उसका इनकार करेगा तो उसके लिए जिस जगह का वादा है, वह तो आग है। अतः तुम्हें इसके विषय में कोई सन्देह न हो। यह तुम्हारे रब की ओर से सत्य है, किन्तु अधिकतर लोग मानते नहीं	प्रारूप से यह सुनिश्चित करते हुए भी कि यह सच हो, इस बात को स्पष्ट रूप से कहा जा सकता हूँ कि यह मुसा का पाठ्यालय है और इसे सही माना जा सकता है।	0.6404820084571838	0.4217073619365692	0.4648789167404175
"Their greeting on the day they meet Him will be: ""Peace;"" and He has a generous reward ready for them."	जिस दिन उसकी बारगाह में हाज़िर होंगे (उस दिन) उनकी मुरादात (उसकी तरफ से हर क़िस्म की) सलामती होगी और खुदा ने तो उनके वास्ते बहुत अच्छा बदला (बेहश्त) तैयार रखा है	उनका मिलने के दिन उनका स्वागत व्याख्या भी स्वीकार करने वाली किसी भी जानकारी से सावधान रहना है।	0.6695353388786316	0.33336302638053894	0.29290148615837097
We recite to you some of the news of Musa (Moses) and Fir'aun (Pharaoh) in truth, for a people who believe (those who believe in this Quran, and in the Oneness of Allah).	हम उन्हें मूसा और फ़िरऔन का कुछ वृत्तान्त ठीक-ठीक सुनाते है, उन लोगों के लिए जो ईमान लाना चाहें	अरे, आप कुछ खबरों को हमारे पास करना है जो मुसा (मोज़ेसेफ) और फिरान (फ़िंसिन) के बारे में होते हैं वो ही सच।	0.6926738023757935	0.5147622227668762	0.3700745701789856
You'll die man!	मरना है क्या!	जी हाँ!	0.7851448059082031	0.5307115912437439	0.5248016715049744
Don't you worry about falling out of this thing?	आप इस बात से बाहर गिरने के बारे में चिंता मत करो?	आपको ऐसी चिंता भी नहीं होना चाहूँगी कि यह सब चीज़ है?	0.7533577084541321	0.5195952653884888	0.5214453935623169
"""Place of birth,"	"""जन्म स्थान,"	"""एक स्थान, जिस से आप प्रारूप में वापसी करते हैं।"	0.715516209602356	0.38948047161102295	0.3433653712272644
Man, you know the dumb-ass wop supposed to be testifying against Reggie.	यार, तुम गूंगा गधा wop रेगी के खिलाफ गवाही होने की चाहिए पता है.	मैन, तुम जानते हो कि वॉप का कोई भी हद नहीं आई और रेज़ीगंज के खिलाफ टेस्ट टिप्पडियों का सामना करना है।	0.6915951371192932	0.42186495661735535	0.43223172426223755
He has revealed to you in the Book that when you hear God’s revelations being rejected, or ridiculed, do not sit with them until they engage in some other subject. Otherwise, you would be like them. God will gather the hypocrites and the disbelievers, into Hell, altogether.	(मुसलमानों) हालॉकि ख़ुदा तुम पर अपनी किताब कुरान में ये हुक्म नाज़िल कर चुका है कि जब तुम सुन लो कि ख़ुदा की आयतों से ईन्कार किया जाता है और उससे मसख़रापन किया जाता है तो तुम उन (कुफ्फ़ार) के साथ मत बैठो यहॉ तक कि वह किसी दूसरी बात में ग़ौर करने लगें वरना तुम भी उस वक्त उनके बराबर हो जाओगे उसमें तो शक ही नहीं कि ख़ुदा तमाम मुनाफ़िक़ों और काफ़िरों को (एक न एक दिन) जहन्नुम में जमा ही करेगा	अरे, यह गद्य ग्रंथ से जान सकता है कि जब लोग ईश्वर की सार्वजन्य अभिव्यक्ति दिखाते हैं तो उन्हें एक-दूसरे से भी अलग दृष्टिकोण देते हैं।	0.6377497911453247	0.2989950478076935	0.44996923208236694
[ BUBBLING ]	[बुदबुदाती]	रूपरूप से छूट सकती हूँ |	0.640537679195404	0.3554767668247223	0.20857320725917816
What is your GroupWise User ID?	आपका GroupWise उपयोक्ता आईडी क्या है?	आपका ग्रुपवाइज यूज़र आईड?	0.7532392144203186	0.7109453082084656	0.6502307653427124
Message Header	संदेश शीर्ष	मेसेज हेडर	0.7290622591972351	0.46675044298171997	0.5921407341957092
"""Or (why) has not a treasure been granted to him, or why has he not a garden whereof he may eat?"" And the Zalimun (polytheists and wrong-doers, etc.) say: ""You follow none but a man bewitched."""	"या इसकी ओर कोई ख़ज़ाना ही डाल दिया जाता या इसके पास कोई बाग़ होता, जिससे यह खाता।"" और इन ज़ालिमों का कहना है, ""तुम लोग तो बस एक ऐसे व्यक्ति के पीछे चल रहे हो जो जादू का मारा हुआ है!"""	यहाँ तो पूछा जा सकता है कि कोई भी ऐसा नहीं है जो ऐसा हो सकता है।	0.6612427830696106	0.37649938464164734	0.31215617060661316
Go to the next image of the gallery	दीर्घा के अगली छवि पर जाएँ	No, nothing happens	0.5836605429649353	0.35152944922447205	0.14802373945713043
Come on!	चलो!	क्यों नहीं?	0.783370316028595	0.6540578007698059	0.4194931983947754
Have you read the help file?	क्या आपने मदद फ़ाइल पढ़ ली है?	हाँ, हेल्प फाइल से जुड़ी कुछ जानकारी सुनने के बाद भी इस तरह से इसे सही तरीके से समझने योग्य लोगों के लिए यही सही तरीके से जानकारी है।	0.6655856966972351	0.42558130621910095	0.22510427236557007
Style	शैलीComment	पृष्ठ-संरूपक।	0.6433948278427124	0.5740658640861511	0.5892488956451416
I'm sorry, I can't remember.	मुझे माफ करना, मैं याद नहीं कर सकता हूँ.	मुझे नहीं बताया गया।	0.7658227682113647	0.5424825549125671	0.422829806804657
The IP address as seen by the machine	मशीन द्वारा देखा गया IP पता	अपने पास्कल प्रोफ़ाइल को देखने वाली मशीन की आई.पी. ए. डीटेक्ट करने की प्रक्रिया	0.7394534349441528	0.41857510805130005	0.27127987146377563
- Why not?	-क्यों नहीं हो?	- क्यों नहीं?	0.976672351360321	0.9302133917808533	0.9272067546844482
He said: My Lord! Give me victory over folk who work corruption.	"उसने कहास ""ऐ मेरे रब! बिगाड़ पैदा करनेवाले लोगों के मुक़ावले में मेरी सहायता कर।"""	He said: My Lord! Give me victory over those who work for evil.	0.6918911337852478	0.4096030294895172	0.09510746598243713
Composer Window default height	कंपोजर विंडो तयशुदा ऊंचाई	ब्राउज़र विंडो की स्टोरेज़ लिफ़्तेल की स्टोरेज़ क्षमता	0.737438976764679	0.4521002769470215	0.1975376456975937
What happened to Omar?	उमर को क्या हुआ?	ओमार की स्थिति क्या हुई?	0.8853981494903564	0.7131695747375488	0.6702548265457153
I'llmakeacall.	-मैं फ़ोन कर दूंगी।	प्ल, कॉल में स्टॉप।	0.678674578666687	0.39521631598472595	0.25061535835266113
The unbelieving assembly of his nation said: 'This is but a human like you, who desires to gain superiority over you. Had Allah willed, He could have sent down angels. We never heard of this among our ancient forefathers.	"इसपर उनकी क़ौम के सरदार, जिन्होंने इनकार किया था, कहने लगे, ""यह तो बस तुम्हीं जैसा एक मनुष्य है। चाहता है कि तुमपर श्रेष्ठता प्राप्त करे।""""अल्लाह यदि चाहता तो फ़रिश्ते उतार देता। यह बात तो हमने अपने अगले बाप-दादा के समयों से सुनी ही नहीं"	असहज स्थान पर अपने संस्कृति के बारे में ऐसा कुछ नहीं है।	0.6570437550544739	0.294864296913147	0.381736695766449
"[We said], ""And take in your hand a bunch [of grass] and strike with it and do not break your oath."" Indeed, We found him patient, an excellent servant. Indeed, he was one repeatedly turning back [to Allah]."	"""और अपने हाथ में तिनकों का एक मुट्ठा ले और उससे मार और अपनी क़सम न तोड़।"" निश्चय ही हमने उसे धैर्यवान पाया, क्या ही अच्छा बन्दा! निस्संदेह वह बड़ा ही रुजू रहनेवाला था"	अरे, हमने कहा था और हमने इसे पूरी तरह से पूजा करने वाला व्यक्ति था। वे एकदम पूरी तरह से पूज्य होते हैं।	0.6811463236808777	0.3517094552516937	0.22207589447498322
My fault, Alan.	हम Bellagio में थे?	अरे, अलान.	0.6252410411834717	0.39563730359077454	0.4358137249946594
To Him is referred the knowledge of the hour, and there come not forth any of the fruits from their coverings, nor does a female bear, nor does she give birth, but with His knowledge; and on the day when He shall call out to them, Where are (those whom you called) My associates? They shall say: We declare to Thee, none of us is a witness.	"उस घड़ी का ज्ञान अल्लाह की ओर फिरता है। जो फल भी अपने कोषों से निकलते है और जो मादा भी गर्भवती होती है और बच्चा जनती है, अनिवार्यतः उसे इन सबका ज्ञान होता है। जिस दिन वह उन्हें पुकारेगा, ""कहाँ है मेरे साझीदार?"" वे कहेंगे, ""हम तेरे समक्ष खुल्लम-ख़ुल्ला कह चुके है कि हममें से कोई भी इसका गवाह नहीं।"""	प्रतिभागी हैं? वे कहते हैं कि वे स्वीकार करते हैं कि वे ज्ञाति के अनुसार होते हैं। और वे कहते हैं कि वे विवरण से मुक्त हैं।	0.668262779712677	0.3199440538883209	0.2606090009212494
We discontinued the name four years ago.	हम चार साल पहले नाम को बंद कर दिया.	हाँ, चीज़ों को चालू करने से अब पाँच साल पहले ही इस्तेमाल करने की वजह बता रहे थे	0.7259880900382996	0.42261266708374023	0.3685108423233032
Or do they say, 'He has forged against God a lie?' But if God wills, He will set a seal on thy heart; and God blots out falsehood and verifies the truth by His words; He knows the thoughts within the breasts.	"(क्या वे ईमान नहीं लाएँगे) या उनका कहना है कि ""इस व्यक्ति ने अल्लाह पर मिथ्यारोपण किया है?"" यदि अल्लाह चाहे तो तुम्हारे दिल पर मुहर लगा दे (जिस प्रकार उसने इनकार करनेवालों के दिल पर मुहर लगा दी है) । अल्लाह तो असत्य को मिटा रहा है और सत्य को अपने बोलों से सिद्ध कर रहा है। निश्चय ही वह सीनों तक की बात को भी भली-भाँति जानता है"	अरे, वे कहते हैं, 'वह का फ़र्ज़ विपक्ष के द्वारा किया जाता है'। लेकिन अगर विपक्ष का विचार, विपरीत के द्वारा किया जाता है, तो विपक्ष के द्वारा किया जाना चाहे तो	0.662278413772583	0.3070608079433441	0.2996978759765625
And recall what time We vouchsafed unto Musa the Book and the distinction that haply ye may be guided.	और (वह वक्त भी याद करो) जब मूसा को (तौरेत) अता की और हक़ और बातिल को जुदा करनेवाला क़ानून (इनायत किया) ताके तुम हिदायत पाओ	और याद रखें कि वो समय जो हमसा बुलाया गया था, वो समय वो अंतर है जो हो सकता है।	0.6225261092185974	0.35040074586868286	0.29820555448532104
Have you not regarded that Allah knows whatever there is in the heavens and whatever there is in the earth? There dost not takes place any secret talk among three, but He is their fourth [companion], nor among five but He is their sixth, nor when they are less than that or more but He is with them wherever they may be. Then He will inform them about what they have done on the Day of Resurrection. Indeed Allah has knowledge of all things.	क्या तुमने इसको नहीं देखा कि अल्लाह जानता है जो कुछ आकाशों में है और जो कुछ धरती में है। कभी ऐसा नहीं होता कि तीन आदमियों की गुप्त वार्ता हो और उनके बीच चौथा वह (अल्लाह) न हो। और न पाँच आदमियों की होती है जिसमें छठा वह न होता हो। और न इससे कम की कोई होती है और न इससे अधिक की भी, किन्तु वह उनके साथ होता है, जहाँ कहीं भी वे हो; फिर जो कुछ भी उन्होंने किया होगा क़ियामत के दिन उससे वह उन्हें अवगत करा देगा। निश्चय ही अल्लाह को हर चीज़ का ज्ञान है	"अपने चारों के बीच संबंध बनाने वाले से यह है:
अरे, तुम ने न कि तुम नहीं देखा कि हमारे चारों के बीच संबंध विकसित होता है।"	0.6465311646461487	0.27595189213752747	0.21361495554447174
I'll take poison.	मैं जहर खाउंगी.	मैं हानिकारक खुराया सुन रहा हूँ।	0.7724379301071167	0.3512076437473297	0.31801795959472656
Why would I want to live anywhere else?	क्यों मैं कहीं और नहीं जीना चाहता है?	जिस जगह से तुम्हें यहाँ लाने वाले लोगों का प्रभाव कायम होता है.	0.690747857093811	0.3563346266746521	0.225455179810524
Bad argument	बुरा तर्क	अस्पष्ट तर्क	0.8449676632881165	0.7437960505485535	0.9097034931182861
Absolutely brilliant! Thank God for you, son!	आप के िलए भगवान का शुक्र है, बेटा!	असाधित महसूस! प्रिय देवानंद के लिए खुशी है कि आप ऐसा करते हैं।	0.725349485874176	0.49836233258247375	0.2860433757305145
That too a 70 year old man	वह भी एक 70 वर्षीय व्यक्ति	ये तो 70 वर्षीय पुरुष के बारे में बताता हूँ	0.7809333205223083	0.5660202503204346	0.5551692247390747
The innitiative is towards creating a repository of work, testimonies, video and photographs to be shared through their site before, during and after the conference.	यह पहल सम्मेलन के दौरान, उससे पूर्व व उसके बाद के किए गए कार्यों, प्रशंसा पत्रों, वीडियो व चित्रों को विविध साइटों के जरिए साझा करने रूप में है.	कार्यक्रम के पहले और दौरान, और कार्यक्रम के दौरान होने वाली साझ़ेक्शन के लिए उनकी साइट पर होने वाली साझ़ेक्शन की संग्रहणीयता के लिए उनकी रचना पर आधारित साझ़ेक्शन की स्थाय्यता पर आधारित साझ़ेक्शन की स्थाय्यता के लिए उनकी रचना पर आधारित साझ़ेक्शन की स्थाय्यता से संबंधित साझ़ेक्शन की स्थाय्यता के लिए उनकी रचना पर आधारित साझ़ेक्शन की स्थाय्यता से संबंधित साझ़ेक्शन की स्थाय्यता के लिए उनकी रचना पर आधारित साझ़ेक्शन की स्थाय्यता से संबंधित साझ़ेक्शन की स्थाय्यता के लिए उनकी रचना पर आधारित	0.604111909866333	0.3544486463069916	0.04401775076985359
[laughter] woman:	[हंसी] महिला: क्या तुम हर संभव तरीका आज़मा रहे हो?	राज्य में एक महिला थीं	0.6470796465873718	0.38642892241477966	0.3997192084789276
Display the time column in the main window.	प्रधान विंडो में समय स्तंभ दिखाएँ.	प्रमुख विद्युतप्राप्त क्षेत्र में समय के चार्ट को प्रदर्शित करना है।	0.7347607016563416	0.48706772923469543	0.5586862564086914
Take the needle now.	अब सुई ले लो!	अब नीडल ले लें।	0.7620290517807007	0.5938178896903992	0.5730974078178406
These people respect you.	इन लोगों को आप सम्मान करते हैं।	यह लोग आपका सम्मान देते हैं।	0.8831056356430054	0.8291417956352234	0.882170557975769
- Yes.	- हाँ.	जी हाँ।	0.8145982027053833	0.8962923288345337	0.9312915802001953
Location of installed Qt plugins	संस्थापित क्यूटी प्लगइन्स के स्थान	स्थान of installed Qt plugins	0.7102487683296204	0.3829147219657898	0.031629398465156555
"(Jacob) said, ""I shall not send him with you until you solemnly promise me before God to return him to me unless you are prevented from doing so."" When they gave their promise, he said, ""God is the Witness of what we have said""."	ये जो अबकी दफा लाए थे थोड़ा सा ग़ल्ला है याकूब ने कहा जब तक तुम लोग मेरे सामने खुदा से एहद न कर लोगे कि तुम उसको ज़रुर मुझ तक (सही व सालिम) ले आओगे मगर हाँ जब तुम खुद घिर जाओ तो मजबूरी है वरना मै तुम्हारे साथ हरगिज़ उसको न भेजूंगा फिर जब उन लोगों ने उनके सामने एहद कर लिया तो याक़ूब ने कहा कि हम लोग जो कह रहे हैं ख़ुदा उसका ज़ामिन है	यह कहा गया कि, “मैं shall not send him with you until you solemnly promise me before God to return him to me unless I am prevented from doing so.” जब वे अपनी प्रतिज्ञा के लिए गोद ले लेते हैं, तो वे कहते हैं, “गोद लिए गोद लिए हमें पहले से प्रतिबद्धित किया जाता है कि हम उनके साथ आगे बढ़ते हैं.”	0.6148989200592041	0.311861127614975	0.20684421062469482
Like an old lover they forgive, but they will never forget.	वे माफ कर एक पुराने प्रेमी, पसंद है, लेकिन वे कभी नहीं भूल जाएगा.	जैसा कि एक पुराना प्रिय है, वो हमें याद करते हैं, लेकिन वो हमें कभी भी याद नहीं देती।	0.7433177828788757	0.41797855496406555	0.5413798689842224
O you who have believed, when you [wish to] privately consult the Messenger, present before your consultation a charity. That is better for you and purer. But if you find not [the means] - then indeed, Allah is Forgiving and Merciful.	ऐ ईमान लानेवालो! जब तुम रसूल से अकेले में बात करो तो अपनी गुप्त वार्ता से पहले सदक़ा दो। यह तुम्हारे लिए अच्छा और अधिक पवित्र है। फिर यदि तुम अपने को इसमें असमर्थ पाओ, तो निश्चय ही अल्लाह बड़ा क्षमाशील, अत्यन्त दयावान है	"यह जानवर को दान करने के पहले आप से पूछ सकते हैं - ""क्या आप जो भी चाहते हैं उन्हें आप दान करें""।"	0.6397377848625183	0.35212382674217224	0.41526538133621216
O mankind! Lo! We have created you male and female, and have made you nations and tribes that ye may know one another. Lo! the noblest of you, in the sight of Allah, is the best in conduct. Lo! Allah is Knower, Aware.	लोगों हमने तो तुम सबको एक मर्द और एक औरत से पैदा किया और हम ही ने तुम्हारे कबीले और बिरादरियाँ बनायीं ताकि एक दूसरे की शिनाख्त करे इसमें शक़ नहीं कि ख़ुदा के नज़दीक तुम सबमें बड़ा इज्ज़तदार वही है जो बड़ा परहेज़गार हो बेशक ख़ुदा बड़ा वाक़िफ़कार ख़बरदार है	अरे, मैमान! हमने जो तुम्हें चाहिए, वही तुम्हें जरूरी है।	0.6427533030509949	0.301079124212265	0.14524264633655548
We shall maintain proper justice on the Day of Judgment. No soul will be wronged the least. For a deed even as small as a mustard seed one will duly be recompensed. We are efficient in maintaining the account.	और हम बज़नी, अच्छे न्यायपूर्ण कामों को क़ियामत के दिन के लिए रख रहे है। फिर किसी व्यक्ति पर कुछ भी ज़ुल्म न होगा, यद्यपि वह (कर्म) राई के दाने के बराबर हो, हम उसे ला उपस्थित करेंगे। और हिसाब करने के लिए हम काफ़ी है	प्रापकों को कलंक देने वाले दिन के लिए न्याय सुनने वाला रखा जा सकता है। कोई जो कमजोर हो, उसे गलत treatment न देना।	0.7090591788291931	0.4404107928276062	0.36324214935302734
Spanish (Honduras)	स्पेनी (होंडुरास)	अधिकार्यता: आप शायद इसे समझने के लिए चाहेंगे	0.5810447335243225	0.3462316393852234	0.15645025670528412
We must watch Rahul getting beaten up!	राहुल को पीटते देखने में मजा आएगा !	हम राहुल को पीटते रह सकते हैं!	0.8283212184906006	0.6789476871490479	0.6287403106689453
Go to the home page	घर पृष्ठ पर जाएँ	होम पेज देखना	0.7093068957328796	0.7720913887023926	0.8911898732185364
Certificate problem: %s Issuer: %s	प्रमाणपत्र समस्या: %s निर्गमक: %s	सर्वीकृत प्राधिकरण: %s प्रदाता: %s	0.8231017589569092	0.7506505250930786	0.8816623687744141
I am not against you.	मैं आप के खिलाफ नहीं हूं.	मैं आपके खिलाफ नहीं हो सकता।	0.9202336072921753	0.7831469178199768	0.6071169972419739
Would you question your Apostle as Moses was questioned formerly? Whoever changes faith for unfaith certainly strays from the right way.	(ऐ ईमानवालों! तुम अपने रसूल के आदर का ध्यान रखो) या तुम चाहते हो कि अपने रसूल से उसी प्रकार से प्रश्न और बात करो, जिस प्रकार इससे पहले मूसा से बात की गई है? हालाँकि जिस व्यक्ति न ईमान के बदले इनकार की नीति अपनाई, तो वह सीधे रास्ते से भटक गया	मoses के बारे में अपने संदेश की तरह कोई प्रश्न नहीं उठेंगे, वे अपनी ईमानदारी के लिए भी इस तरह से जान-प्रिय के तौर पर हो सकते हैं।	0.6617416143417358	0.3584299683570862	0.31907981634140015
The austerity imposed by Berlin and the European Central Bank, coupled with the straitjacket imposed on national economies through adherence to the common currency, has led many people to think Project Europe has gone too far.	बर्लिन और यूरोपियन सेन्ट्रल बैंक द्वारा लगाए गए कठोर नियमों के साथ ही, समान मुद्रा का अनुपालन करने के माध्यम से राष्ट्रीय अर्थव्यवस्थाओं पर लगाई गई बाधाओं के कारण बहुत लोगों को सोचना पड़ रहा है कि प्रोजेक्ट यूरोप बहुत दूर चला गया है।	बेर्ली और यूरोपीय सेंट्रल बैक, जिन्होंने सामान्यतः एक common currency का पालन किया है, ने कई लोगों को यह विचार करने पर मजबूर किया है कि Project Europe इतनी दूर से जितना आगे है, उतना ही ज्यादा भ्रामकार्थ है।	0.725186288356781	0.5265514254570007	0.522460401058197
Ilir...	Llir...	इलिर...	0.8307778835296631	0.677893877029419	0.7201699018478394
And strive hard in Allah's Cause as you ought to strive (with sincerity and with all your efforts that His Name should be superior). He has chosen you (to convey His Message of Islamic Monotheism to mankind by inviting them to His religion, Islam), and has not laid upon you in religion any hardship, it is the religion of your father Ibrahim (Abraham) (Islamic Monotheism). It is He (Allah) Who has named you Muslims both before and in this (the Quran), that the Messenger (Muhammad SAW) may be a witness over you and you be witnesses over mankind! So perform As-Salat (Iqamat-as-Salat), give Zakat and hold fast to Allah [i.e. have confidence in Allah, and depend upon Him in all your affairs] He is your Maula (Patron, Lord, etc.), what an Excellent Maula (Patron, Lord, etc.) and what an Excellent Helper!	और परस्पर मिलकर जिहाद करो अल्लाह के मार्ग में, जैसा कि जिहाद का हक़ है। उसने तुम्हें चुन लिया है - और धर्म के मामले में तुमपर कोई तंगी और कठिनाई नहीं रखी। तुम्हारे बाप इबराहीम के पंथ को तुम्हारे लिए पसन्द किया। उसने इससे पहले तुम्हारा नाम मुस्लिम (आज्ञाकारी) रखा था और इस ध्येय से - ताकि रसूल तुमपर गवाह हो और तुम लोगों पर गवाह हो। अतः नमाज़ का आयोजन करो और ज़कात दो और अल्लाह को मज़बूती से पकड़े रहो। वही तुम्हारा संरक्षक है। तो क्या ही अच्छा संरक्षक है और क्या ही अच्छा सहायक!	यह तो काफी से जाना है।	0.6101824045181274	0.23930740356445312	0.0829007625579834
So does Joy Behar. - We're going up, guys.	कैसे मुक्केबाज़ी कि सवारी अंदर मुझे लगता है इसलिए वे इसे सिन सिटी कहते हैं.	सो है जो बिहार के जो बोलते हैं।	0.684781014919281	0.27098754048347473	0.18801021575927734
- Well then get in the game.	- तो ठीक खेल में मिलता है.	- तो फ़िक्स से ज़्यादा ज्यादा करने के लिए खेलो.	0.7619513869285583	0.599729061126709	0.3437286913394928
"and say, ""Exaltations be to our Lord! The promise of our Lord is done.'"	"और कहते है, ""महान और उच्च है हमारा रब! हमारे रब का वादा तो पूरा होकर ही रहता है।"""	और कहें, “अपवित्ताएं अपने राज्य के प्रति हो चुकी हैं! राज्य के प्रति अपवित्ताएं अब पूरी हो चुकी हैं।”	0.6820711493492126	0.41818782687187195	0.24219723045825958
O O Ye who believe! prescribed unto you is retaliation for the slain; the free for the free, and a bondsman for a bondsman, and a woman for a woman; yet unto whomsoever is pardoned aught by his brother, then a serving with lenity and payments with kindness. That is an alleviation from your Lord and a mercy so whosoever shall transgress thereafter, for him there shall be a torment afflictive.	ऐ मोमिनों जो लोग (नाहक़) मार डाले जाएँ उनके बदले में तुम को जान के बदले जान लेने का हुक्म दिया जाता है आज़ाद के बदले आज़ाद और ग़ुलाम के बदले ग़ुलाम और औरत के बदले औरत पस जिस (क़ातिल) को उसके ईमानी भाई तालिबे केसास की तरफ से कुछ माफ़ कर दिया जाये तो उसे भी उसके क़दम ब क़दम नेकी करना और ख़ुश मआमलती से (ख़ून बहा) अदा कर देना चाहिए ये तुम्हारे परवरदिगार की तरफ आसानी और मेहरबानी है फिर उसके बाद जो ज्यादती करे तो उस के लिए दर्दनाक अज़ाब है	अरे, ये कुछ नहीं लिख रहा हूँ, लेकिन मेरा मतलब साझा करने वाला है और सहमति भी है!	0.6031075716018677	0.27690479159355164	0.23286305367946625
Yeah, I could break this glass and use it as a cutting edge.	हाँ, मैं इस कांच तोड़ने और एक अत्याधुनिक के रूप में यह इस्तेमाल कर सकते हैं.	हाँ, मैं यह ग्रीस को काट कर एक अच्छी तरह से उपयोग करने वाली-edge बना सकता हूँ।	0.7791087031364441	0.4620946943759918	0.5277620553970337
I had an MRI once and the nurse talked me through the whole thing, so do you mind doing that?	मैं एक एमआरआई एक बार किया था और नर्स ने मुझे पूरी बात के माध्यम से बात की, तो आप ऐसा कर बुरा नहीं?	नहीं, आप चाहें तो उसे कर सकते हैं।	0.6943730711936951	0.42442938685417175	0.3638681173324585
Abraham enjoined this [creed] upon his children, and [so did] Jacob, [saying], ‘My children! Allah has indeed chosen this religion for you; so do not die except as those who have surrendered themselves [to Allah].	"और इसी की वसीयत इबराहीम ने अपने बेटों को की और याक़ूब ने भी (अपनी सन्तानों को की) कि, ""ऐ मेरे बेटों! अल्लाह ने तुम्हारे लिए यही दीन (धर्म) चुना है, तो इस्लाम (ईश-आज्ञापालन) को अतिरिक्त किसी और दशा में तुम्हारी मृत्यु न हो।"""	अब्राहम ने अपने बच्चों को यह [विद्विद्या] पर विचार करने के लिए अपने विचार को आगे बढ़ा देते हुए, ऐसा नहीं है।	0.683016836643219	0.30443131923675537	0.2235322743654251
Look. You look like you've had a really rough day.	सुनो, ऐसा लगता है कि आप दिन मुश्किल भरा था.	अरे, तुम कितने अच्छे दिन हो रहे हैं, इसका कोई भी असर तुम पर पड़ता है।	0.7151976227760315	0.3686887323856354	0.48852288722991943
In most cases, the process will slow down or stall -- something a pediatrician can monitor closely.	अधिकांश मामलों में यह प्रक्रिया धीमी हो जाएगी अथवा रुक जाएगी - जिसका बाल चिकित्सक नज़दीक से निरीक्षण कर सकते हैं।	"vastu paribhasha:
 generally, the process will slow down or come to an end – something a pediatricsa ki jaanch karne wale person ki saath kaamayani ka upayog karne ke kaaran yah kuchh kuch karne se judekuchh prabhav yeh hamesha sahi se sahi se kaamya kiram yadi yeh koi bhi prabhavshalaya nahi ho sakta.
Source:
EnglishSource:
Source Sentence:
In most cases, the process will slow down or stall — something a pediatricsa ki jaanch karne wale person ki saath kaamayani ka upayog karne ke kaaran yah kuchh kuchh prabhavshalaya nahi ho sakta.
Source Sentence:
Generally, the process will slow down or stall — something a pediatricsa ki jaanch karne wale person ki saath kaamayani ka upayog karne ke kaaran yah kuchh kuchh prabhavshalaya nahi ho sakta.
Source Sentence:
Generally, the process will slow down or stall — something a pediatricsa ki jaanch kar"	0.4765680730342865	0.2879001796245575	0.029006674885749817
This key should contain a list of XML structures specifying custom headers, and whether they are to be displayed. The format of the XML structure is &lt;header enabledgt; - set enabled if the header is to be displayed in the mail view.	कुंजी को मनपसंद शीर्षिका निर्दिष्ट करने वाली XML संरचना को समाहित करनी चाहिए, और क्या उसे निष्क्रिय किया जाना है. XML संरचना का प्रारूप &lt;header enabledgt; है - सक्रिय के रूप में सेट करें अगर हेजर को डाक दृश्य में दिखाया जाना है.	अधिकारी के लिए एक खंड को प्रतिष्ठित करने वाले किसी भी खंड को मेल-इन-पड़े करने की ज़रूरत है कि वे किसी भी चीज़ को प्रतिष्ठित करने में अधिकारी के रूप में खंड को मेल-इन-पड़े करने की ज़रूरत है।	0.6672786474227905	0.3590237498283386	0.2933269739151001
Self-control is a lover I've known too long, Ptolemy.	मैं भी लंबे समय से जाना जाता है आत्म नियंत्रण टॉलेमी, एक प्रेमी है.	प्ले ऑन लिवर ये मैंने भी 2 साल की पटलमी हूँ, प्टोलमी।	0.6858470439910889	0.3709271252155304	0.2227596789598465
- ( Gasps )	- (हांफते हुए)	अरे	0.7031377553939819	0.3951263129711151	0.09758296608924866
After the war, the French political elite saw the EU as a vehicle to keep Germany in check, and to give Paris equal billing in the world with Washington.	यूद्ध के पश्चात फ्रांस के शीर्ष राजनीतिज्ञों ने ई.यू. को जर्मनी को नियंत्रित रखने, तथा पेरिस को दुनिया में वांशिगटन के बराबर बिलिंग प्रदान करने के उपाय के रूप में देखा था।	वार के बाद फ्रांस का राजनीतिक नेतृत्व एस.ई.यू के माध्यम से बनाया जा सकता है.	0.7265752553939819	0.46086761355400085	0.5286429524421692
Display Images on Page	पृष्ठ पर छवि दिखाएँ	पेज पर इमेज डिस्प्ले करें	0.7137454748153687	0.7167996764183044	0.9066637754440308
© P@rM! NdeR M@nkÖÖ ™	©@ पीआर एम nderएम@ NKOहे	यहाँ कुछ है	0.6216145157814026	0.3415994346141815	0.21110796928405762
Selected file name in the file manager plugin	चयनित फ़ाइल नाम इंच फ़ाइल प्लगइन	फाइल मैनेजर प्लग-इन के फाइल मैनेजर सॉफ्टवेयर के चयन का फाइल शीट का चयन करता है।	0.7418375611305237	0.4748194217681885	0.15669600665569305
And We have not sent before you but men from (among) the people of the towns, to whom We sent revelations. Have they not then travelled in the land and seen what was the end of those before them? And certainly the abode of the hereafter is best for those who guard (against evil); do you not then understand?	तुमसे पहले भी हमने जिनको रसूल बनाकर भेजा, वे सब बस्तियों के रहनेवाले पुरुष ही थे। हम उनकी ओर प्रकाशना करते रहे - फिर क्या वे धरती में चले-फिरे नहीं कि देखते कि उनका कैसा परिणाम हुआ, जो उनसे पहले गुज़रे है? निश्चय ही आख़िरत का घर ही डर रखनेवालों के लिए सर्वोत्तम है। तो क्या तुम समझते नहीं? -	जो हमने पहले नहीं कहा लेकिन मानवों से मिले रहे revelations हैं उन्हें समझना भी है?	0.6836574673652649	0.34104838967323303	0.2663952112197876
Your names	रविशंकर श्रीवास्तव, जी. करूणाकरEMAIL OF TRANSLATORS	आपके नाम	0.5942171812057495	0.36519721150398254	0.7777803540229797
Writing leadout	लीडआउट लिख रहा है	"Text:
लीडऑटाउ"	0.7076236605644226	0.5428796410560608	0.27220773696899414
Pelle...	पेले...	पेल...	0.9337989687919617	0.9061558842658997	0.9219532012939453
Alai!	अलाई!	अलाई!	0.9999999403953552	0.9911059141159058	0.8543215394020081
We could just float.	हम सिर्फ नाव सकता है.	हमें बस फ़्लोट करना है।	0.7697350978851318	0.5337511897087097	0.603110671043396
Nordic	नोर्डिक	Nordic	0.7311238646507263	0.6543579697608948	0.6698577404022217
You're crazy to spend so much !	तुम पागल हो जो इतना खर्च कर रहे हो !	आप इतने ज्यादा खर्च करने वाले क्या हो ?	0.7927057147026062	0.5884101390838623	0.6345510482788086
Stop!	रुको!	कुछ ऐसी चीज़ें हैं जो आपको हानिकारक भी हो सकती हैं।	0.6164933443069458	0.38412806391716003	0.4599364101886749
THAT'S THE LAST TIME I WANNA HEAR YOU SAY MY NAME.	कि पिछली बार मैं तुम्हें मेरा नाम कहते सुना है.	यह ऐसा है फिर से मैंने आपको मेरा नाम कहकर अपनी बात कहकर देखा	0.7433868646621704	0.5103159546852112	0.46867579221725464
O you who believe, save yourselves and your families from the Fire whose fuel is men and rocks, over which are appointed angels stern and severe as wardens who never disobey what God commands them, and do what they are commanded;	ऐ ईमान लानेवालो! अपने आपको और अपने घरवालों को उस आग से बचाओ जिसका ईधन मनुष्य और पत्थर होंगे, जिसपर कठोर स्वभाव के ऐसे बलशाली फ़रिश्ते नियुक्त होंगे जो अल्लाह की अवज्ञा उसमें नहीं करेंगे जो आदेश भी वह उन्हें देगा, और वे वही करेंगे जिसका उन्हें आदेश दिया जाएगा	यहाँ जो कहते हैं, वो जो हैं, वो जो हैं, वो जो हैं, वो जो हैं, वो जो हैं, वो जो हैं, वो जो हैं, वो जो हैं, वो जो हैं, वो जो हैं, वो जो हैं, वो जो हैं, वो जो हैं, वो जो हैं, वो जो हैं, वो जो हैं, वो जो हैं, वो जो हैं, वो जो हैं, वो जो हैं, वो जो हैं, वो जो हैं, वो जो हैं, वो जो हैं, वो जो हैं, वो जो हैं, वो जो हैं, वो जो हैं, वो जो हैं, वो जो हैं, वो जो हैं, वो जो हैं, वो जो हैं, वो जो हैं, वो जो हैं, वो जो हैं, वो जो हैं, वो जो हैं, वो जो हैं, वो जो हैं, वो जो हैं, वो	0.5209029912948608	0.16646644473075867	0.09260772168636322
You might have enjoyed it.	आप में बहुत मज़ा आया हो सकता है.	जैसा भी हो सकता है.	0.7861101627349854	0.5030362606048584	0.42158937454223633
We did not teach him (Muhammad) poetry, nor was he supposed to be a poet. It is only the word (of God) and the illustrious Quran	और हमने न उस (पैग़म्बर) को शेर की तालीम दी है और न शायरी उसकी शान के लायक़ है ये (किताब) तो बस (निरी) नसीहत और साफ-साफ कुरान है	अरे, हमने मुहम्मद को किसी विषय पर भी सिखाया नहीं था, और उसे सिखाये जाने के कोई भी विषय पर नहीं लगाया था।	0.6584766507148743	0.4113759398460388	0.48988357186317444
Let's try the first floor.	चलो पहली मंजिल पर कोशिश करें.	पहले फ़्लोर पर कुछ करने का तयारी हूँ।	0.758269727230072	0.5139502882957458	0.31367409229278564
Autosave failed for %s	स्वतः सहेजें असफल के लिए से.	प्रत्यावर्तन फ़ैल हो चुके स्थानों के लिए %s	0.7155411243438721	0.34710201621055603	0.33989840745925903
- We've tried everything.	- हम सब कुछ कोशिश की है।	- हमने जो कुछ भी हुआ है, उसे आज भी हम आज ही उसे हैं।	0.7486775517463684	0.34057530760765076	0.19359147548675537
"And when they are told, ""Believe as other people have believed,"" they say, ""Are we to believe just as fools believe?"" Surely they are the fools, even though they do not realize it."	और जब उनसे कहा जाता है कि जिस तरह और लोग ईमान लाए हैं तुम भी ईमान लाओ तो कहते हैं क्या हम भी उसी तरह ईमान लाएँ जिस तरह और बेवकूफ़ लोग ईमान लाएँ, ख़बरदार हो जाओ लोग बेवक़ूफ़ हैं लेकिन नहीं जानते	यह सुन लेना चाहेंगे कि हमें उनसे कहा जा सकता है जैसे फ़ूल बीते हैं ।	0.6696425080299377	0.2552005350589752	0.1649077981710434
Give me my gold! Hey!	इस तरह के एक भीड़ में हो मत करो!	गिवेज मेरेGold!हे!	0.6887136697769165	0.2951466143131256	0.09581136703491211
I'll ... - Kill him.	- उसे मार डालुंगा.	मैं... - हत्या कर दूँगा।	0.7537139654159546	0.7911444902420044	0.7545349597930908
You're really tense.	तुम परेशान हो.	आप बहुत चिंतित हैं।	0.7833061814308167	0.8124134540557861	0.7990611791610718
[They say,] ‘Our Lord! Do not make our hearts swerve after You have guided us, and bestow Your mercy on us. Indeed, You are the All-munificent.	(और दुआ करते हैं) ऐ हमारे पालने वाले हमारे दिल को हिदायत करने के बाद डॉवाडोल न कर और अपनी बारगाह से हमें रहमत अता फ़रमा इसमें तो शक ही नहीं कि तू बड़ा देने वाला है	अरे, ये कहते हैं, 'हम अपने पिताजी! न हाल ही में ये हमारे पिताजी ने हमें सिखाया है कि हमें उनकी Mercy से परिचित होना चाहे तो यह अच्छा है।	0.6753665208816528	0.3314923942089081	0.2817625105381012
We commanded him, “Journey with My bondmen in a part of the night – you will be pursued.”	तो ख़ुदा ने हुक्म दिया कि तुम मेरे बन्दों (बनी इसराईल) को रातों रात लेकर चले जाओ और तुम्हारा पीछा भी ज़रूर किया जाएगा	जो हमने कहा, वे विद्रोहियों को रात के समय में उनके साथ एक हिस्से में पार किए जाने वाले	0.6811068058013916	0.39190375804901123	0.3837800920009613
You're not leaving me!	तुम मुझे नहीं जा रहे हैं!	आप में से निकलने के बारे में नहीं हो सकता कि आप में से निकलने के बारे में भी गलत जानकारी दे सकता हूँ।	0.6642850637435913	0.3146458566188812	0.1790403425693512
I know.	मुझे पता है।	जाना।	0.7748801112174988	0.5135020613670349	0.2858331799507141
Assistant	सहायक	अदालत	0.7401145696640015	0.7107347846031189	0.8921992182731628
They said: 'O Hud! You have not brought to us any clear evidence, and we are not going to forsake our gods merely because you say so. We are not going to believe you.	वह लोग कहने लगे ऐ हूद तुम हमारे पास कोई दलील लेकर तो आए नहीं और तुम्हारे कहने से अपने ख़ुदाओं को तो छोड़ने वाले नहीं और न हम तुम पर ईमान लाने वाले हैं	यूएस! जिन्होंने यह कहा कि ओ ह्यू! जिन्होंने यह कहा कि ओ ह्यू! जिन्होंने यह कहा कि ओ ह्यू! जिन्होंने यह कहा कि ओ ह्यू! जिन्होंने यह कहा कि ओ ह्यू! जिन्होंने यह कहा कि ओ ह्यू! जिन्होंने यह कहा कि ओ ह्यू! जिन्होंने यह कहा कि ओ ह्यू! जिन्होंने यह कहा कि ओ ह्यू! जिन्होंने यह कहा कि ओ ह्यू! जिन्होंने यह कहा कि ओ ह्यू! जिन्होंने यह कहा कि ओ ह्यू! जिन्होंने यह कहा कि ओ ह्यू! जिन्होंने यह कहा कि ओ ह्यू!	0.5147402286529541	0.2467460036277771	0.053766585886478424
"Those who have said that the Messiah, son of Mary, is God, have, in fact, committed themselves to disbelief. (Muhammad), ask them, ""Who can prevent God from destroying the Messiah, his mother and all that is in the earth?"" To God belongs all that is in the heavens, the earth, and all that is between them. God creates whatever He wants and He has power over all things."	"निश्चय ही उन लोगों ने इनकार किया, जिन्होंने कहा, ""अल्लाह तो वही मरयम का बेटा मसीह है।"" कहो, ""अल्लाह के आगे किसका कुछ बस चल सकता है, यदि वह मरयम का पुत्र मसीह को और उसकी माँ (मरयम) को और समस्त धरतीवालो को विनष्ट करना चाहे? और अल्लाह ही के लिए है बादशाही आकाशों और धरती की ओर जो कुछ उनके मध्य है उसकी भी। वह जो चाहता है पैदा करता है। और अल्लाह को हर चीज़ की सामर्थ्य प्राप्त है।"""	प्रिय जानकारी, यह कहा जा सकता है कि मिस्टर जैसी मैरी को गोद लेना चाहिए, और सभी को यह बताना चाहिए कि यह जाँचा जा सकता है कि मिस्टर और मैरी का बच्चा वास्तव में भगवान के सेवा के नियम है और यह सभी के लिए भी स्वीकार्य है कि मिस्टर और मैरी का बच्चा वास्तव में भगवान के सेवा के नियम है।	0.6759023666381836	0.3602493703365326	0.31546738743782043
shall be gathered to the appointed time of a known day.	एक नियत समय पर इकट्ठे कर दिए जाएँगे, जिसका दिन ज्ञात और नियत है	अनुक्रमित तिथि के एक ज्ञात दिन पर आयोजित किए जाने वाले संकेतों को एक निश्चित समय पर आयोजित किया ज रहेगा |	0.7191627621650696	0.484021931886673	0.6231545209884644
Install module	माड्यूल संस्थापित करें	इंस्टॉल मोड्युल	0.7132419943809509	0.5328198075294495	0.7354729175567627
What if a child dreamed become other than what society intended he wonder... and what if a child spotted to something greater.	एक बच्चे के अलावा अन्य बन सपना देखा क्या अगर क्या समाज उन्होंने आश्चर्य इरादा ... एक बच्चे को देखा और क्या अगर अधिक से अधिक कुछ है.	child को ऐसी चीज़ के बारे में सोचने के लिए बात करना योग्य है.	0.6451231837272644	0.3871906101703644	0.16871218383312225
_Yes, Change Status	नहीं, स्थिति बदलें	जी हाँ, स्टेटसाइज	0.6848127841949463	0.4731316864490509	0.40960633754730225
Thanks.	- धन्यवाद.	असफल हो सकता है।	0.688413679599762	0.46517738699913025	0.2839214503765106
My folks are in Palm Springs.	मेरे लोगों पाम स्प्रिंग्स में हैं.	मेरे पिताजी पैल्मसPrings में हैं।	0.7493061423301697	0.6036973595619202	0.5999374389648438
Coolant venting. Co2 purge.	कूलेंट निकाल.	कूलअनुवृद. को2 प्र्यूप.	0.7265717387199402	0.4319116771221161	0.3293665647506714
Calibration complete.	कैलिब्रेशन पूरा करें.	कैलिब्रेशन पूरी की गई है।	0.8875176906585693	0.8466594815254211	0.6453331708908081
What would God do with chastising you if you are thankful, and believe? God is All-thankful, All-knowing.	अगर तुमने ख़ुदा का शुक्र किया और उसपर ईमान लाए तो ख़ुदा तुम पर अज़ाब करके क्या करेगा बल्कि ख़ुदा तो (ख़ुद शुक्र करने वालों का) क़दरदॉ और वाक़िफ़कार है	गोद कैसे आपको धन्यवाद देते हैं यदि आप धन्यवाद देने वाले हैं ,और वे सभी सचमें जो हैं, वे सभी गोद कर सकते हैं।	0.6809995174407959	0.25150391459465027	0.22765356302261353
I've painted one each year for twenty years.	मैं पिछले 20 साल से हर साल बना रहा हूँ।	मैं हर साल एक साल का चित्र बनाता हूँ।	0.8534634709358215	0.6580408215522766	0.7371622323989868
Excepting any who may have done wrong and thereafter changeth evil for good then verily I am Forgiving, Merciful.	(मुतमइन हो जाते है) मगर जो शख्स गुनाह करे फिर गुनाह के बाद उसे नेकी (तौबा) से बदल दे तो अलबत्ता बड़ा बख्शने वाला मेहरबान हूँ	अन्य जो कुछ गलत किया है और बाद में किसी भी तरह से दुष्ट के रूप में बदल दिया गया तो ऐसी हूँ सही।	0.6763165593147278	0.4037233293056488	0.30825284123420715
Science	विज्ञान	ज्ञान	0.8777208924293518	0.7613002061843872	0.9261451959609985
- Quick as we fucking can.	जल्दी, हम कमबख्त कुछ शुरू कर सकें।	- जैसे हमें फिलहाल से भी तेजी से पता हो सकता है.	0.7168079018592834	0.473326176404953	0.4967624545097351
Dude, you really don't want to start comparing stinks.	तुलना करने के लिए ~ शुरू मत करो.	पड़, तुम्हें ये सब कुछ तुम्हारे दिल से जान कर लेते हैं।	0.6656904220581055	0.3410516679286957	0.134513720870018
But those for whom a good reward had been fore-ordained by Us, will be far removed from it,	ज़बान अलबत्ता जिन लोगों के वास्ते हमारी तरफ से पहले ही भलाई (तक़दीर में लिखी जा चुकी) वह लोग दोज़ख़ से दूर ही दूर रखे जाएँगे	लेकिन जो लोग जो सारी प्रशंसा की जा रही है, उन्हें जो कुछ भी है, उससे ज्यादा प्रशंसा हो जाती है।	0.6443768739700317	0.3686286509037018	0.42655080556869507
For them are everlasting Gardens of Eden, beneath which rivers flow – in it they will be given bracelets of gold to adorn, and shall wear green clothes made of fine silk and gold embroidery, reclining upon thrones in it; what an excellent reward; and what an excellent abode is Paradise!	ऐसे ही लोगों के लिए सदाबहार बाग़ है। उनके नीचे नहरें बह रही होंगी। वहाँ उन्हें सोने के कंगन पहनाए जाएँगे और वे हरे पतले और गाढ़े रेशमी कपड़े पहनेंगे और ऊँचे तख़्तों पर तकिया लगाए होंगे। क्या ही अच्छा बदला है और क्या ही अच्छा विश्रामस्थल!	यह उन्हें प्रचुर्यात्न के गणितीय जंगल में रखी हुई सारी जगहें हैं।	0.6317143440246582	0.26849278807640076	0.21177247166633606
I feel like doing the same thing sometimes.	मैं कभी कभी ही बात कर की तरह लग रहा है.	मुझे ऐसा करने की भी लगन है।	0.781974732875824	0.45816388726234436	0.41029345989227295
St_op Animation	संजीवन रोकें (_o)	स्टॉप ऐनिमेशन	0.6997397541999817	0.4665813148021698	0.6815957427024841
Unrecognized desktop file Version '%s'	अपरिचित डेस्कटॉप फ़ाइल संस्करण '%s'	अन्यानजानी वाला कंप्यूटर फाइल वर्सी '2019'	0.7722155451774597	0.4705272912979126	0.4798743724822998
Hey, baby, what are you doing?	अरे, जानेमन, क्या कर रही हो?	हे,बीवी,what are you doing?	0.750716507434845	0.6529217958450317	0.5501887202262878
Thanks for finding me a home.	मुझे एक घर ढूँढने के लिए धन्यवाद।	बिलकुल मुझे भी घर.	0.782484769821167	0.34997788071632385	0.18793165683746338
How did fall down?	कैसे गिरा ये?	पीछे क्या आ गया?	0.8082332611083984	0.5834581255912781	0.5396658778190613
There are many idols in the hall.	वहाँ हॉल में कई मूर्तियां हैं।	हॉल में कई इडॉल हैं।	0.8550505638122559	0.7389286756515503	0.8792833089828491
When he inhaled Speed weren't you the one who didn't notice him?	जब वह गति से साँस ... ... आप एक है जो उसे नोटिस नहीं किया था नहीं थे?	जब वे नाक के से नहीं कोई गला सुनता था?	0.7449823021888733	0.3536272346973419	0.22350730001926422
You mean he's doing it deliberately?	आप वह जान - बूझकर यह कर रहा है मतलब है?	ये जाने लायक है कि आप उस व्यक्ति को जो ऐसा करते हुए ध्यान दिखाता है, उस व्यवहार को स्वीकार करते हुए, आप उस ऐसा करने के लिए उसका समर्थन नहीं दे सकते आप इसके लिए भी कार्यकर्ता नहीं हो सकते हैं।	0.6731791496276855	0.40586012601852417	0.25460195541381836
That's the price of admission life hurts.	इससे तुम्हारा कोई संबंध नहीं है.	पैसे की कीमत से जाना है ये दर्द से जीत है।	0.6835650205612183	0.31652769446372986	0.17323912680149078
Whoever does that, out of hostility and wrongdoing, We will cast him into a Fire. And that would be easy for God.	और जो कोई ज़ुल्म और ज़्यादती से ऐसा करेगा, तो उसे हम जल्द ही आग में झोंक देंगे, और यह अल्लाह के लिए सरल है	यह किसी भी व्यवहार से जो द्विधर्यालु और दुर्व्यवहारिता को संकेतित करती है, नि: संकेतित करती है कि हमारा यह दुर्भावुक है।	0.6751963496208191	0.3476819694042206	0.265931636095047
Feed them, nurture them but still, they can turn on you.	उन्हें खिलाना, उन्हें पोषण... ... लेकिन फिर भी, वे आप पर बारी कर सकते हैं.	पैसे देना, उन्हें जितना सुरक्षित भी कर सकता हूँ।	0.7247613072395325	0.3667095899581909	0.285191148519516
Valid until:	तब तक वैध:	रचते समय:	0.658237874507904	0.5475879311561584	0.4079822897911072
Love desire its 4 centuries old unfulfilled desire.	कामाग्नि इच्छा... ...ये 4 शताब्दियों पुरानी इच्छा है. लगभग 400 साल पहले...	प्यार की भावना 4 साल पहले भी उसकी 4 भावनाएँ असफल रही थीं।	0.6609886884689331	0.45783689618110657	0.5113089084625244
It is almost totally done.	यह लगभग पूरी तरह से किया जाता है.	बार-बार तैयारी लगभग पूरी हो चुकी है।	0.753561794757843	0.620216429233551	0.6179406642913818
Password:	पासवर्ड:	चिहाना:	0.7613301873207092	0.5659725069999695	0.6171745657920837
Your emails	raviratlami@ aol. in	योर ईमेल	0.6280066967010498	0.4683699309825897	0.4404286742210388
I'm gonna leak the photos of your body to the press.	मैं प्रेस करने के लिए अपने शरीर की तस्वीरें रिसाव वाला हूँ.	मैं आपकी नस्ली सम्मान देने की तारीफ़ देता हूँ, लेकिन इस बारे में कोई प्रचार करने के लिए भी मेरी सेवा चाहे तो बिल्कुल!	0.7498427033424377	0.45166486501693726	0.4085152745246887
Look at her features.	अपनी सुविधाओं को देखो.	वह कौन-सी है।	0.6889917850494385	0.48192569613456726	0.3459317088127136
Thus He revealed Unto His bondman whatsoever He revealed.	ख़ुदा ने अपने बन्दे की तरफ जो 'वही' भेजी सो भेजी	इस प्रकार से हे ये अपने बंधक को जो जो हे, वे सब जो हैं, वे सब जो हैं, वे सब जो हैं, वे सब जो हैं, वे सब जो हैं, वे सब जो हैं, वे सब जो हैं, वे सब जो हैं, वे सब जो हैं, वे सब जो हैं, वे सब जो हैं, वे सब जो हैं, वे सब जो हैं, वे सब जो हैं, वे सब जो हैं, वे सब जो हैं, वे सब जो हैं, वे सब जो हैं, वे सब जो हैं, वे सब जो हैं, वे सब जो हैं, वे सब जो हैं, वे सब जो हैं, वे सब जो हैं, वे सब जो हैं, वे सब जो हैं, वे सब जो हैं, वे सब जो हैं, वे सब जो हैं, वे सब जो हैं, वे सब जो हैं, वे सब जो हैं, वे सब जो हैं, वे	0.6122822165489197	0.2587393820285797	0.05413297563791275
Writing leadin	लीडइन लिखा जा रहा है	लिखने के लाभ	0.7174879908561707	0.5685276389122009	0.6566950082778931
Do they not see that Allah, who created the heavens and the earth and [who] was not exhausted by their creation, is able to revive the dead? Yes, indeed He has power over all things.	क्या उन्होंने देखा नहीं कि जिस अल्लाह ने आकाशों और धरती को पैदा किया और उनके पैदा करने से थका नहीं; क्या ऐसा नहीं कि वह मुर्दों को जीवित कर दे? क्यों नहीं, निश्चय ही उसे हर चीज़ की सामर्थ्य प्राप्त है	अस्पष्टता को स्थानांतरित करके भी इसे हटा दिया जा सकता है।	0.6438904404640198	0.31749677658081055	0.259135901927948
Those to whom We have given the Scripture recognize it as they recognize their [own] sons. Those who will lose themselves [in the Hereafter] do not believe.	मै तो उनसे बेज़र हूँ जिन लोगों को हमने किताब अता फरमाई है (यहूद व नसारा) वह तो जिस तरह अपने बाल बच्चों को पहचानते है उसी तरह उस नबी (मोहम्मद) को भी पहचानते हैं (मगर) जिन लोगों ने अपना आप नुक़सान किया वह तो (किसी तरह) ईमान न लाएंगें	यह लिख रहे वे लोग हैं जो अपने पुत्रों को ज्यादा ना हो कर सोचने लगे |	0.6723161935806274	0.28820857405662537	0.285683274269104
- CASE: Nothing good.	कुछ भी अच्छा नहीं होगा.	सब: कुछ भी अच्छा नहीं होता	0.8652238845825195	0.7741361856460571	0.6861802339553833
I like it clean.	मुझे सफाई पसंद है.	मुझे यह साफ-सफाई पसंद है।	0.8965092301368713	0.8924670815467834	0.8055166006088257
(%s) requires a single bool result	(%s) के लिए एकल बूल परिणाम जरूरी है	(%s) को एक सिंगल बोल्ट result के लिए कहते हैं	0.8269817233085632	0.7261886596679688	0.5626338124275208
Fitzpatrick's photography class was soon exploring all the classical poses, naughty school girl, sexy tennis player, slutty nurse.	फिट्ज़पैट्रिक की फोटोग्राफ़ी कक्षा जल्दी खोज रही थी... सभी क्लासिक ढंग को, नटखट स्कूल जाने वाली लड़की... कामुक टेनिस खिलाड़ी, गंदी नर्स।	फिट्जप्टेरी की फोटोग्राफी क्लास जल्द ही सभी पारंपरिक स्थानों से बाहर हो गई।	0.7356149554252625	0.5253262519836426	0.5591703653335571
Navarathiri is the theme for the monthly Indian food-blog event Jihva for Ingredients (JFI).	जिव्हा फ़ॉर इनग्रेडिएंट (जेएफआई) मासिक भारतीय पकवान-ब्लॉग के लिए वर्तमान थीम नवरात्रि है.	जीवा जो लिखते हैं (जी.फी.आई.) वे भोजन (जी.फी.आई.) के लिए प्रतिमान (प्रियता) हैं।	0.6451854109764099	0.430099219083786	0.2780087888240814
Wherefore admonish thou; admonition hath surely profited,	तो जहाँ तक समझाना मुफ़ीद हो समझते रहो	अरे वचन से भी कहूँ; वचन से भी वृद्धि हुई	0.645830512046814	0.3736020028591156	0.14249995350837708
Location:	स्थान:	स्थान:	1.000000238418579	0.9893785119056702	0.863493800163269
We have revealed to you as We revealed to Noah and to the Prophets after him, and We revealed to (Prophets) Abraham, Ishmael, Isaac, Jacob and the tribes, Jesus, Job, Jonah, Aaron, and Solomon, and We gave to David the Psalms.	हमने तुम्हारी ओर उसी प्रकार वह्यड की है जिस प्रकार नूह और उसके बाद के नबियों की ओर वह्यु की। और हमने इबराहीम, इसमाईल, इसहाक़ और याक़ूब और उसकी सन्तान और ईसा और अय्यूब और यूनुस और हारून और सुलैमान की ओर भी वह्यक की। और हमने दाउद को ज़बूर प्रदान किया	यह हमने नोए (नोएभूमि) के लिए प्सालम्स दिए।	0.6482469439506531	0.2569284737110138	0.10497644543647766
I thought you wanted to be a pilot.	मैं आप एक पायलट बनना चाहता था.	मुझे लग रहा था कि तुम पायलट बनना चाहती हो।	0.8455691337585449	0.7851634621620178	0.9230411052703857
unnamed	बेनाम	अनाम।	0.6962396502494812	0.8110367655754089	0.9263806939125061
But I've no need of mighty deeds	पर ज़रूरत नहीं तुम्हारे शौर्य की मुझे	लेकिन मैं अपनी आवश्यकता के लिए काफी deeds करने जा रहा हूँ	0.6286331415176392	0.42349758744239807	0.2571330666542053
Forward message	अग्रेषित संदेश	कार्यवाही	0.7051743268966675	0.5443039536476135	0.47087764739990234
It is Yonékichi the village the other side that gives you the salt.	पड़ोसी गांव के 'योनेकिची' ने मुझे यहां भेजा है.	योनेकी ची वillage the other side that gives you the salt.	0.6310046315193176	0.2501262128353119	0.1440563201904297
If you guys want to die, then I will shoot you.	तुम लोगों को मरने के लिए चाहते हैं, तो मैं तुम्हें गोली मार देंगे।	यदि आप सभी को मृत्य से सहमति दिखाने के लिए कहें, तो मैं आपको निर्देशित करूँगी।	0.7536798715591431	0.5258613228797913	0.5204669237136841
They denied him, but We delivered him, and those with him in the ship, and We made them generations replacing one after another, while We drowned those who belied Our Ayat (proofs, evidences, lessons, signs, revelations, etc.). Then see what was the end of those who were warned.	उस पर भी उन लोगों ने उनको झुठलाया तो हमने उनको और जो लोग उनके साथ कश्ती में (सवार) थे (उनको) नजात दी और उनको (अगलों का) जानशीन बनाया और जिन लोगों ने हमारी आयतों को झुठलाया था उनको डुबो मारा	यह बताता है कि उन लोगों को जो हमें बताया गया था कि वे सावधान रहें कि उन्हें हम बताये गए सारे जानकारी अपनी-अलग से सुनने की शुरुआत की रही है।	0.690280556678772	0.32512709498405457	0.37737709283828735
Get those numbers!	उन लोगों की संख्या प्राप्त करें!	जो भी हो!	0.7553600072860718	0.4449698030948639	0.4349866211414337
Now, get in here and enjoy yourselves.	अब, यहाँ में पाने के लिए और अपने आप को आनंद.	अब, यहाँ आइज़ करें और मज़ास करें।	0.7300596237182617	0.5005622506141663	0.46063023805618286
the one hour Swedish for $95.	एक घंटे का स्वीडिश, $95 में.	$95 के लिए एक घंटा स्वीडन फॉर $95।	0.82772296667099	0.5974266529083252	0.48552653193473816
Wait, Mr. Chakrabarti.	रुको, श्री चक्रवर्ती	सही मान, मैमो चैक्राबट्टी।	0.7656644582748413	0.5183207392692566	0.5705450773239136
_Restore Default	तयशुदा का उपयोग करें (_R)	रिफ़ार्म: डब्बा	0.6488561034202576	0.36628344655036926	0.35200071334838867
scroll bar	स्क्रॉल पट्टी	स्क्रॉल बार	0.8923476934432983	0.7550503611564636	0.8305132985115051
Say: 'Come, I will recite to you what your Lord forbids you; that you shall associate anything with Him; that you shall be good to your parents, that you shall not kill your children because of poverty, We provide for you and for them, that you shall not commit foul deeds whether openly or in secret, and that you shall not kill the soul that Allah has forbidden except by right. With such Allah charges you, in order that you understand.	(ऐ रसूल) तुम उनसे कहो कि (बेबस) आओ जो चीज़ें ख़ुदा ने तुम पर हराम की हैं वह मैं तुम्हें पढ़ कर सुनाऊँ (वह) यह कि किसी चीज़ को ख़ुदा का शरीक़ न बनाओ और माँ बाप के साथ नेक सुलूक़ करो और मुफ़लिसी के ख़ौफ से अपनी औलाद को मार न डालना (क्योंकि) उनको और तुमको रिज़क देने वाले तो हम हैं और बदकारियों के क़रीब भी न जाओ ख्वाह (चाहे) वह ज़ाहिर हो या पोशीदा और किसी जान वाले को जिस के क़त्ल को ख़ुदा ने हराम किया है न मार डालना मगर (किसी) हक़ के ऐवज़ में वह बातें हैं जिनका ख़ुदा ने तुम्हें हुक्म दिया है ताकि तुम लोग समझो और यतीम के माल के करीब भी न जाओ	प्रस्तुत करने वाला स्पष्ट रूप से यह कहता है कि आप ऐसी किसी भी चीज़ के लिए तैयार हैं, जो आपको बुरी तरह से प्रभावित हो सकती है, वैसी हो सकती है जो आप चाहते हैं, और जो आपको बुरी तरह से प्रभावित हो सकती है, वैसी हो सकती है जो आप चाहते हैं, और जो आपको बुरी तरह से प्रभावित हो सकती है, वैसी हो सकती है जो आप चाहते हैं, और जो आपको बुरी तरह से प्रभावित हो सकती है, वैसी हो सकती है जो आप चाहते हैं, और जो आपको बुरी तरह से प्रभावित हो सकती है, वैसी हो सकती जो आप चाहते हैं, और जो आपको बुरी तरह से प्रभावित हो सकती है, वैसी हो	0.5937954187393188	0.2516668736934662	0.16356684267520905
L.N. Mittal, Sachin Tendulkar, and Bollywood actors Anil Kapoor, Aamir Khan and A.R. Rahman has already arrived in Jodhpur on Thursday evening.	एल.एन.मित्तल, सचिन तेंदुलकर, फिल्म अभिनेता अनिल कपूर, आमिर खान, ए.आर.रहमान गुरुवार शाम ही जोधपुर पहुंचे गए।	ल.एन. मिताल, साचिन तेंदुलकर और बॉलीवुड अभिनेता अनिल कैपिलोव, आमिर खान और आर. मोहन का जोधपुर में अहवाला दिया गया था।	0.8235015869140625	0.5751608610153198	0.48389774560928345
Font	फ़ॉन्ट	फॉन्ट	0.9644402861595154	0.905639111995697	0.8763238191604614
Timed out trying to get lock file on %s. Try again later.	%s पर लॉक फाइल पाने के लिये कोशिश में समय समाप्त. फिर कोशिश करें.	लॉक फाइल को प्राप्त करने को समय से अधिक प्रयास कर रहे को यहाँ पर उन्होंने किया था	0.7152688503265381	0.5414865612983704	0.2792646884918213
Font	फ़ॉन्ट	फॉन्ट	0.9644403457641602	0.905639111995697	0.8763238191604614
Yahoo! I_D:	Yahoo! I_D:	यू.आई.डी. के लचीला क्या हो सकता है?	0.6408182382583618	0.34202006459236145	0.4516705870628357
And he who does not find a slave (to free), shall fast for two months consecutively before they may touch each other; and he who is unable to do so shall feed sixty needy people. All this is in order that you may truly believe in Allah and His Messenger. These are the bounds set by Allah; and a grievous chastisement awaits the unbelievers.	फिर जिसको ग़ुलाम न मिले तो दोनों की मुक़ारबत के क़ब्ल दो महीने के पै दर पै रोज़े रखें और जिसको इसकी भी क़ुदरत न हो साठ मोहताजों को खाना खिलाना फर्ज़ है ये (हुक्म इसलिए है) ताकि तुम ख़ुदा और उसके रसूल की (पैरवी) तसदीक़ करो और ये ख़ुदा की मुक़र्रर हदें हैं और काफ़िरों के लिए दर्दनाक अज़ाब है	अरे, ये सब कुछ इसलिए है क्योंकि Allah ने अपने मessenger को पहले से ही ज्ञान और समझ के साथ सिखाया था और अब उन लोगों को भी समझाया जाता है कि Allah का दर्शन करने वाले लोगों को भी इस बात से पहले समझाया जाना चाहे तो क्योंकि Allah ने इन लोगों को भी समझाया हो और अब उन लोगों को भी समझाया जाता है।	0.6403201222419739	0.3461414575576782	0.2829834818840027
I know why you put it on.	आप उस पर डाल क्यों मुझे पता है.	आप क्यों ले रहे हैं?	0.7861419320106506	0.572642982006073	0.4809795022010803
"But when the truth came to them from Us, they said, ""Why was he not given like that which was given to Moses?"" Did they not disbelieve in that which was given to Moses before? They said, ""[They are but] two works of magic supporting each other, and indeed we are, in both, disbelievers."""	"फिर जब उनके पास हमारे यहाँ से सत्य आ गया तो वे कहने लगे कि ""जो चीज़ मूसा को मिली थी उसी तरह की चीज़ इसे क्यों न मिली?"" क्या वे उसका इनकार नहीं कर चुके है, जो इससे पहले मूसा को प्रदान किया गया था? उन्होंने कहा, ""दोनों जादू है जो एक-दूसरे की सहायता करते है।"" और कहा, ""हम तो हरेक का इनकार करते है।"""	प्रिय जी, मुस्कराते हुए, मैं कहता हूँ, जब सच्चाई की बात आती है, तो उसे मैंने भी भावुक बनाता है.	0.6496462225914001	0.29459771513938904	0.263096421957016
It's for Pascal and Watson!	यह पास्कल एंड वाट्सन के लिए है!	पेसिफ़र और वॉटसन के लिए!	0.7891882061958313	0.7174957394599915	0.7654901742935181
Teacher	शिक्षक	पाठ्यकर्ता	0.7910301089286804	0.6615850329399109	0.909442663192749
Look, I came to say sorry.	देखो, मैं माफ़ी माँगने आया हूँ।	पड़, मैंने यह कहना कि मैं यह स्पष्ट रूप से कह रहा हूँ कि मैं यह स्पष्ट रूप से कह रहा हूँ.	0.7452176809310913	0.35750919580459595	0.2762245833873749
"If you could see, when the angels take the souls of those who are bent on denying the truth [at death], how they strike their faces and backs: saying ""Taste the punishment of the Burning!"	"क्या ही अच्छा होता कि तुम देखते जब फ़रिश्ते इनकार करनेवालों के प्राण ग्रस्त करते हैं! वे उनके चहरों और उनकी पीठों पर मारते जाते हैं कि ""लो अब जलने की यातना मज़ा चखो।"" (तो उनकी दुर्दशा का अन्दाजा कर सकते)"	यह बताओ कि जब आप देख सकते हैं, को दिलित करना कि कोई भी अपनी संस्कृति को साबित करने वाली एक ऐसी प्रतिकृति है बुराई!	0.6719818115234375	0.3547203838825226	0.31903016567230225
DARCY:	डार्सी '.	डार्कशॉपिंग:	0.6889263391494751	0.4611009657382965	0.5505572557449341
And when We gave Musa the Book and the distinction that you might walk aright.	और (वह वक्त भी याद करो) जब मूसा को (तौरेत) अता की और हक़ और बातिल को जुदा करनेवाला क़ानून (इनायत किया) ताके तुम हिदायत पाओ	और जब हमूस को Book और जिस बात से आप जो सोच सकते हैं, वो सही तरीके से समझ लेते हैं।	0.6327929496765137	0.3088398873806	0.29336702823638916
Those who consume the wealth of orphans illicitly consume only fire into their bellies; and they will roast in a Blaze.	जो लोग अनाथों के माल अन्याय के साथ खाते है, वास्तव में वे अपने पेट आग से भरते है, और वे अवश्य भड़कती हुई आग में पड़ेगे	जो कुछ पैसे लोगों का धन है वो कुछ लोगों को बेटे जैसा भी हो सकता है वो कुछ भी करने वाले के अलावा होता है	0.6758954524993896	0.32474642992019653	0.4214443564414978
We shaded you with clouds, and sent down to you manna and quails [saying]: ‘Eat of the good things We have provided for you.’ And they did not wrong Us, but they used to wrong [only] themselves.	और हमने तुम पर अब्र का साया किया और तुम पर मन व सलवा उतारा और (ये भी तो कह दिया था कि) जो सुथरी व नफीस रोज़िया तुम्हें दी हैं उन्हें शौक़ से खाओ, और उन लोगों ने हमारा तो कुछ बिगड़ा नहीं मगर अपनी जानों पर सितम ढाते रहे	यहाँ हम शायद नहीं लिखेंगे, क्योंकि हमने नहीं लिखा	0.6467950940132141	0.24040549993515015	0.1696074903011322
Sore Bone.	गले में हड्डी.	सोर-बोन का दर्द होता है।	0.7296931147575378	0.45255956053733826	0.43990465998649597
ID	आईडी	आई.डी.	0.6779786944389343	0.8926522135734558	0.9255259037017822
Do they not see how We conduct the water to a dry land, and with it We produce vegetation, from which their livestock eat, and themselves? Do they not see?	क्या इन लोगों ने इस पर भी ग़ौर नहीं किया कि हम चटियल मैदान (इफ़तादा) ज़मीन की तरफ पानी को जारी करते हैं फिर उसके ज़रिए से हम घास पात लगाते हैं जिसे उनके जानवर और ये ख़ुद भी खाते हैं तो क्या ये लोग इतना भी नहीं देखते	जिन लोगों को हमारे पानी से हमारा देश से किसी जीवित जीव से परहेज नहीं होता है।	0.656967043876648	0.32421061396598816	0.3782842755317688
Resources	संसाधन	संसाधन	1.0	0.9877728223800659	0.883674681186676
But stop making these absurd plans.	लेकिन इन बेतुका की योजना बना रही बंद करो।	लेकिन रुकें कुछ बिल्कुल भूलिए।	0.7401419281959534	0.48078078031539917	0.30077695846557617
I won't fall for your tricks now.	मैं अपनी चाल के लिए अब नहीं गिर जाएगी।	मैं आपके ट्रिक्स से अब समझ गया।	0.7930905818939209	0.41059181094169617	0.41180646419525146
And according to Google Reader's statistics publishes 24.7 blog posts a week, i.e. more than 3.5 post per day.	नवारा … गूगल रीडर के आंकड़ों को मानें तो इस ब्लॉग पर प्रति सप्ताह 24.	गूगल रीडर के स्टैटिस्ट्स प्रकाशित 24.7 ब्लॉ पोस्ट से प्रति दिन अधिक है।	0.7560650706291199	0.5974836945533752	0.5099684596061707
Let's go.	-चलिए।	अरे वाह।	0.7266027331352234	0.5955893397331238	0.5552241802215576
Fatal mail parser error near position %s in folder %s	%s फोल्डर में घातक मेल स्थिति% s के पास विश्लेषक त्रुटि	अत्यापेक्षा स्थान %s में स्थानीय संस्कृति का fatal mail parser error error होता है।	0.6909588575363159	0.3740426301956177	0.18335573375225067
Paste contacts from the clipboard	क्लिपबोर्ड से कार्य चिपकाएँ	प्लीज़ कॉपी से पास कर देते हैं	0.7553005814552307	0.45933660864830017	0.20542101562023163
I think that is illegal.	जो वे खरीद नहीं सकते।	आपका यह विचार सही है।	0.676982581615448	0.4779753088951111	0.5333205461502075
_Build (%s)	बिल्ड से.	_कितना?_	0.6422865390777588	0.5102719664573669	0.5634773373603821
Cuba: Pavarotti Passes On · Global Voices	क्यूबा: पावारोती का देहांत	पावर्टी पास पास ऑन · ग्लोबल वॉइस्टर	0.6696211099624634	0.292929083108902	0.19601264595985413
Ready for another round?	दूसरे दौर के लिए तैयार हैं?	हाँ, रोलरकॉकिंग के और एक round क्या हो सकता है?	0.7056736350059509	0.4154790937900543	0.462960809469223
You see, it came over the wire that Ellen had died.	आप देख , यह एलेन मृत्यु हो गई थी कि तार आया था.	आप देख सकते हैं, यह संचार टेक्स्ट सिस्टम के माध्यम से हुआ था कि एलेन की मृत्यु हो गई थी।	0.8013807535171509	0.5622798800468445	0.5332924127578735
Indeed a triumph awaits the Godwary:	निस्सदेह डर रखनेवालों के लिए एक बड़ी सफलता है,	जैसा है वो भी है गोद वे की ओर से आने वाली खुशी की ओर से आने वाली शांति की तुलना में बहुत ही ज़्यादा खुशी मिलती है.	0.6953700184822083	0.3326554596424103	0.10223107039928436
It is He who keeps you alive in your sleep at night and knows all that you do during the day. He wakes you up from your sleep to complete your worldly life, after which you will all return to Him. He will let you know all about what you had done in your worldly life.	वह वही (ख़ुदा) है जो तुम्हें रात को (नींद में एक तरह पर दुनिया से) उठा लेता हे और जो कुछ तूने दिन को किया है जानता है फिर तुम्हें दिन को उठा कर खड़ा करता है ताकि (ज़िन्दगी की) (वह) मियाद जो (उसके इल्म में) मुअय्युन है पूरी की जाए फिर (तो आख़िर) तुम सबको उसी की तरफ लौटना है फिर जो कुछ तुम (दुनिया में भला बुरा) करते हो तुम्हें बता देगा	प्रिय जानकारी, यही है जो मैं आपको बताना चाहूँगा कि मैं आपके ज्ञान के द्वारा जो मैंने कहा है, वह मैंने कहा होता कि मैं उसे विवरण देने के लिए तैयार रहूँगा।	0.6390056610107422	0.3016383945941925	0.221089705824852
Yes.	हाँ।	हाँ।	1.0000001192092896	0.9754428863525391	0.8433921337127686
File _type:	फ़ाइल प्रकार (_t):	फाइल _प्रकार:_	0.837816596031189	0.8901863098144531	0.9315307140350342
The file you are trying to open contains an invalid byte sequence.	फ़ाइल को खोलें रखता है अवैध.	फाइल जो आप चाहते हैं वो बिल्कुल गलत संज्ञान के बाद मिलती है.	0.7308936715126038	0.5002808570861816	0.54658043384552
Available plugins	मौजूद प्लगिन	आवश्य प्लग-इन	0.8011630773544312	0.6065344214439392	0.8419480919837952
But I only took the job 'cause a man needed a driver.	एक आदमी एक चालक की जरूरत है क्योंकि लेकिन मैं केवल नौकरी लिया.	लेकिन मैं बस इस काम के लिए जॉब लेना चाहिए.	0.7328159809112549	0.4535408318042755	0.4364103376865387
She slightly misunderstood the purpose of my trip to Denmark, but yeah.	वो मेरी डेनमार्क की यात्रा के उद्देश्य को ठीक से समझी नहीं, पर हाँ.	शायद वह Denmark के लिए अपनी यात्रा के उद्देश्य को गलत समझी।	0.799603283405304	0.6754893660545349	0.5100635290145874
So We took him and his hosts, and dumped them into the sea, while he was to be blamed.	अन्ततः हमने उसे और उसकी सेनाओं को पकड़ लिया और उन्हें गहरे पानी में फेंक दिया, इस दशा में कि वह निन्दनीय था	अरे, वे उन्होंने और उनके मित्र, वे भी समुद्र में भेज दिए, जबकि वे जोखिम में नहीं रह गए।	0.7116953134536743	0.4203525483608246	0.44973352551460266
Cassander saw to that with his fake diaries painting Alexander as a sick and bloated drunk.	Cassander कि उसकी नकली डायरी के साथ... को देखा ... .	कासंडर ने एलेक्जेंडर के डायरीज़ को दिखाकर एलेक्जेंबर को असह्य और बीमार होने से राहत दिखाते हुए असमानता और बीमार होने से राहत दिखाते हुए असह्य और बीमार होने से राहत दिखाते हुए असमानता की स्थिति में से एक	0.6544911861419678	0.36096394062042236	0.19345901906490326
They are paired with Rowan and Paul to make what we call a brick.	"उन्हें रोवान और पॉल के साथ जोड़ा गया है. ऐसे समूह को हम ""ब्रिक"" कहते हैं"	उन्हें रावन और पॉल का ब्रिक्स बनाकर कुछ बनाया जाता है.	0.7825962901115417	0.4569399058818817	0.4953157603740692
"for you, so that you may walk along its wide roads""."	ताकि तुम उसके बड़े बड़े कुशादा रास्तों में चलो फिरो	आपके लिए, तो कि आप इसकी व्यस्त रूप से राज्य के व्यस्त रूप से राज्य के रूप में चले गए हों।	0.6719580292701721	0.31163275241851807	0.2710246741771698
Nor can good and evil be equal. Repel thou evil with that which is goodly then behold he between whom and thee there was enmity, will be as though he was a warm friend.	भलाई और बुराई समान नहीं है। तुम (बुरे आचरण की बुराई को) अच्छे से अच्छे आचरण के द्वारा दूर करो। फिर क्या देखोगे कि वही व्यक्ति तुम्हारे और जिसके बीच वैर पड़ा हुआ था, जैसे वह कोई घनिष्ठ मित्र है	नए और पुराने लोगों के बीच भी बात करना उचित नहीं है.	0.6685047149658203	0.41681143641471863	0.4710715413093567
Mm-hm, but if we teamed up, it could bring your career to the next level.	हम दामन थाम लिया तो मिमी ह्म, लेकिन, इसे अगले स्तर तक अपने कैरियर ले सकता है.	जी हाँ लेकिन अगर हम दोनों का संयोजन कर लेते तो इससे अपनी करियर तक ले जाने की संभावना भी बढ़ जाती है।	0.7130092978477478	0.56607985496521	0.5361853241920471
Joe Kleinsmith.	जोKleinsmith.	जो क्लीन्समिथ।	0.6968930959701538	0.7531033158302307	0.6622482538223267
We sent Our messengers with the clear proofs, and We sent down with them the Book and the Balance, that humanity may uphold justice. And We sent down iron, in which is violent force, and benefits for humanity. That God may know who supports Him and His messengers invisibly. God is Strong and Powerful.	निश्चय ही हमने अपने रसूलों को स्पष्ट प्रमाणों के साथ भेजा और उनके लिए किताब और तुला उतारी, ताकि लोग इनसाफ़ पर क़ायम हों। और लोहा भी उतारा, जिसमें बड़ी दहशत है और लोगों के लिए कितने ही लाभ है., और (किताब एवं तुला इसलिए भी उतारी) ताकि अल्लाह जान ले कि कौन परोक्ष में रहते हुए उसकी और उसके रसूलों की सहायता करता है। निश्चय ही अल्लाह शक्तिशाली, प्रभुत्वशाली है	प्रिय जानकारी, यह सुनने के लिए भेजे गए संदेशों के लिए स्पष्ट रूप से बताया गया है कि मानवता इसके संदेशों के लिए ज़रूरी है।	0.6549131870269775	0.2871815264225006	0.351963073015213
He keeps on talking forever if you listen to him.	तुम उसकी बात सुनते रहो तो वह बात करता ही जाएगा।	उन्हें कभी भी रुकावट नहीं लगाई गई किसी बात पर भी वाकिफ नहीं है किसी जानकारी पर भी वाकिफ नहीं है।	0.6441802382469177	0.30201956629753113	0.15951304137706757
It's the end of the Reich.	यह रीक का अंत है.	रिक्स के बारहस्त के अंतिम काल के बारे में बताया जा रहा है।	0.7474997043609619	0.5715520977973938	0.5318300127983093
Those who do not believe in it would hasten it on, and those who believe are in fear from it, and they know that it is the truth. Now most surely those who dispute obstinately concerning the hour are in a great error.	(फिर ये ग़फ़लत कैसी) जो लोग इस पर ईमान नहीं रखते वह तो इसके लिए जल्दी कर रहे हैं और जो मोमिन हैं वह उससे डरते हैं और जानते हैं कि क़यामत यक़ीनी बरहक़ है आगाह रहो कि जो लोग क़यामत के बारे में शक़ किया करते हैं वह बड़े परले दर्जे की गुमराही में हैं	यह बात सुनिश्चित रूप से बतायी गई है कि किसी भी व्यक्ति को यह नहीं नहीं लिखना चाहिए कि समय की बात है।	0.6393070220947266	0.3347775638103485	0.29610833525657654
Well, you can go wherever you wanna go.	यदि आप चाहते हैं जहाँ भी जाते ठीक है, तुम जा सकते हैं.	आप जो चाहें तो जो चाहें तो जाने दो।	0.7304536700248718	0.5149223208427429	0.5971691608428955
Those who do not invoke another deity besides Allah, and do not kill a soul [whose life] Allah has made inviolable, except with due cause, and do not commit fornication. (Whoever does that shall encounter its retribution,	और वह लोग जो ख़ुदा के साथ दूसरे माबूदों की परसतिश नही करते और जिस जान के मारने को ख़ुदा ने हराम कर दिया है उसे नाहक़ क़त्ल नहीं करते और न ज़िना करते हैं और जो शख्स ऐसा करेगा वह आप अपने गुनाह की सज़ा भुगतेगा	यह लिख रहे विद्रोहियों के लिए भी ऐसा कहता है कि वे निश्चित रूप से विवाहित रहेंगे और वे निश्चित रूप से विवाह के कारण जीतेंगे।	0.6680060625076294	0.28893133997917175	0.44480934739112854
You wanna play a little free market competition, just you and me?	आप चाहते हैं एक छोटी सी मुक्त बाजार में प्रतिस्पर्धा खेलने, सिर्फ तुम और मैं?	आप एक छोटा-सा प्रतिस्पर्धा हो सकते हैं तभी	0.7503325939178467	0.47664737701416016	0.37142235040664673
- How can I live without him?	कैसे मैं उसके बिना रह सकते हैं?	- वो से मैं कहीं नहीं रह सकती।	0.775897204875946	0.5714330077171326	0.5538899898529053
And He it is Who sends down water from the cloud, then We bring forth with it buds of all (plants), then We bring forth from it green (foliage) from which We produce grain piled up (in the ear); and of the palm-tree, of the sheaths of it, come forth clusters (of dates) within reach, and gardens of grapes and olives and pomegranates, alike and unlike; behold the fruit of it when it yields the fruit and the ripening of it; most surely there are signs in this for a people who believe.	और वही है जिसने आकाश से पानी बरसाया, फिर हमने उसके द्वारा हर प्रकार की वनस्पति उगाई; फिर उससे हमने हरी-भरी पत्तियाँ निकाली और तने विकसित किए, जिससे हम तले-ऊपर चढे हुए दान निकालते है - और खजूर के गाभे से झुके पड़ते गुच्छे भी - और अंगूर, ज़ैतून और अनार के बाग़ लगाए, जो एक-दूसरे से भिन्न भी होते है। उसके फल को देखा, जब वह फलता है और उसके पकने को भी देखो! निस्संदेह ईमान लानेवाले लोगों को लिए इनमें बड़ी निशानियाँ है	यह गद्यों से बनी पत्तियों से बनी फूलों से बनी चमड़ी से बनी आभूषणों से बनी आभूषण की बोतलें से बनी आभूषण की बोतलें से बनी आभूषण की बोतलें से बनी आभूषण की बोतलें से बनी आभूषण की बोतलें से बनी आभूषण की बोतलें से बनी आभूषण की बोतलें से बनी आभूषण की बोतलें से बनी आभूषण की बोतलें से बनी आभूषण की बोतलें से बनी आभूषण की बोतलें से बनी आभूषण की बोतलें से बनी आभूषण की बोतलें से बनी आभूषण की बोतलें से बनी आभूषण की बोतलें से बनी आभूषण क	0.5742962956428528	0.22112223505973816	0.057471517473459244
You know, my grandmother used to show me these pictures. Before that hospital closed down, this place really wasn't that bad.	तुम्हें पता है, मुझे इन तस्वीरों को दिखाने के लिए प्रयोग किया जाता मेरी दादी . कि अस्पताल नीचे बंद पहले, इस जगह सच है कि बुरा नहीं था.	यहाँ आप जानें, अपना माता-पिता की मृत्यु तक इस बिल्कुल सही से कह सकते हैं कि यहाँ पहली बार एक ऐसा समय है जिनमें आप और आपका माता-पिता और बेटे एक साथ बहुत करीब हैं	0.645957887172699	0.42550113797187805	0.40167078375816345
After the parade, the family will attend the... (TURNS RADIO OFF)	परेडकेबाद, परिवार भाग लेंगे... / मैं (रेडियो मुड़ता रवाना)	पारेड़ी के बाद, परिवार विभिन्न तरह से इंटरव्यू लेगा	0.6631349325180054	0.4437001645565033	0.28291410207748413
What kind of father does that make you?	- यह खेल नहीं है। विंसेंट। यह तुम्हारे शोरूम का कोई मज़ाक नहीं है।	पुत्रवधि क्या है, उसे कौन सा बनाता है?	0.6821621656417847	0.2854606807231903	0.1334604024887085
We build outpost on other planets, using great machines to reshape environments to our needs.	हम अन्य ग्रहों पर चौकी का निर्माण नयी आकृति प्रदान करने के लिए महान मशीनों का उपयोग हमारी जरूरतों के वातावरण.	हम अन्य ग्रहों पर बसों को बनाकर और बहुत क्रांतिक machines का उपयोग करके अपनी आवश्यकताओं के लिए पर्याप्त परिस्थितियों को बनाते हुए बहुत सारी चीज़ों के बारे में जानकारी देते हुए कुछ ऐसी बातें हैं जो उनसे ज़्यादा जानकारिता प्राप्त होती है, और जो ऐसी बात है जो उनसे ज़्यादा जानकारिता प्राप्त होती है, वो होता है।	0.700408935546875	0.4551529884338379	0.19619928300380707
PHOTOS]	PHOTOS]	चित्र]	0.7212579250335693	0.7443529963493347	0.5897278785705566
"They ask you about the phases of the moon. Say, ""These are signs for the people to reckon dates and fix the periods for hajj."" Also tell them, ""It is no virtue to enter your houses from their backs during the Hajj days); real virtue is that one should refrain from incurring the displeasure of Allah; so enter your houses by their proper doors. and fear Allah so that you may gain (true) success."	"वे तुमसे (प्रतिष्ठित) महीनों के विषय में पूछते है। कहो, ""वे तो लोगों के लिए और हज के लिए नियत है। और यह कोई ख़ूबी और नेकी नहीं हैं कि तुम घरों में उनके पीछे से आओ, बल्कि नेकी तो उसकी है जो (अल्लाह का) डर रखे। तुम घरों में उनके दरवाड़ों से आओ और अल्लाह से डरते रहो, ताकि तुम्हें सफलता प्राप्त हो"	"Source:
They ask you to explain the different phases of the moon."	0.5994918942451477	0.2081834375858307	0.027668889611959457
- That's not really for me to say.	- मै उस बारेमे कुछ कह नहीं पाऊँगी।	- ये मेरे लिए नहीं हो सकती हैं.	0.7357560396194458	0.5730704665184021	0.5162401795387268
Yeah.	/ हाँ, मैं करता हूँ.	हाँ।	0.7412362098693848	0.6185256242752075	0.4793141484260559
Kettle escaped!	भाप निकल गई!	कैटर का कोई भी वाहन!	0.7323866486549377	0.3738608658313751	0.4656084179878235
woman #2 speaking native language:	महिला #2 मातृभाषा में बोलती है:	पुरुष 2:	0.7063297629356384	0.4253089129924774	0.2220022827386856
Source of vertex shader	शिखर shader का स्रोत	स्रोत के लिहाज़े	0.7522266507148743	0.562976598739624	0.5166873335838318
Session management options:	सत्र प्रबंधन विकल्प:	सीज़न स्ट्रीम मैनेजमेंट ऑप्शन्स:	0.7305945158004761	0.5453460216522217	0.7799167633056641
You did not enter a password.	आपने कूटशब्द नहीं दाखिल किया.	पास की कोई जानकारी नहीं है।	0.7035403251647949	0.4512321650981903	0.40440452098846436
Then, after inflict-ing this grief, He sent down an inner peace upon you - a sleep which overtook some of you. Those who were concerned merely about themselves, entertaining false notions about Allah - the notions of the Age of Ignorance - asked: 'Have we any say in the matter?' Tell them: 'Truly, all power of decision rests solely with Allah.' Indeed, they conceal in their hearts what they would not reveal to you, saying: 'If we had any power of decision, we would not have been slain here.' Say: 'Even if you had been in your houses, those for whom slaying had been appointed would have gone forth to the places where they were to be slain.' And all this happened so that Allah might test your secret thoughts and purge your hearts of all impurities. Allah knows well what is in the breasts of men.	फिर ख़ुदा ने इस रंज के बाद तुमपर इत्मिनान की हालत तारी की कि तुममें से एक गिरोह का (जो सच्चे ईमानदार थे) ख़ूब गहरी नींद आ गयी और एक गिरोह जिनको उस वक्त भी (भागने की शर्म से) जान के लाले पड़े थे ख़ुदा के साथ (ख्वाह मख्वाह) ज़मानाए जिहालत की ऐसी बदगुमानियॉ करने लगे और कहने लगे भला क्या ये अम्र (फ़तेह) कुछ भी हमारे इख्तियार में है (ऐ रसूल) कह दो कि हर अम्र का इख्तियार ख़ुदा ही को है (ज़बान से तो कहते ही है नहीं) ये अपने दिलों में ऐसी बातें छिपाए हुए हैं जो तुमसे ज़ाहिर नहीं करते (अब सुनो) कहते हैं कि इस अम्र (फ़तेह) में हमारा कुछ इख़्तियार होता तो हम यहॉ मारे न जाते (ऐ रसूल उनसे) कह दो कि तुम अपने घरों में रहते तो जिन जिन की तकदीर में लड़के मर जाना लिखा था वह अपने (घरो से) निकल निकल के अपने मरने की जगह ज़रूर आ जाते और (ये इस वास्ते किया गया) ताकि जो कुछ तुम्हारे दिल में है उसका इम्तिहान कर दे और ख़ुदा तो दिलों के राज़ खूब जानता है	ये सब इसलिए हुआ क्योंकि सोचा जा सकता है कि मैं वास्तव में इस बात पर सोचना चा रहा हूँ.	0.5703974962234497	0.28888145089149475	0.2922241687774658
She did not come to marry Késakichi.	ये केसाकिची से शादी करने के लिए नहीं आयी है.	वह केक्साकिची को शादा करने के लिए नहीं आई थी.	0.9177821278572083	0.8424502015113831	0.8304431438446045
Disdaining ungratefully Our gifts, and giving themselves up to (worldly) enjoyment! But soon will they know.	ताकि जो (नेअमतें) हमने उन्हें अता की हैं उनका इन्कार कर बैठें और ताकि (दुनिया में) ख़ूब चैन कर लें तो अनक़रीब ही (इसका नतीजा) उन्हें मालूम हो जाएगा	दूसरों के साथ बुरा-बुरी मज़ाा सकते हैं और उन्हें अपना दिल दे देते हैं।	0.6542344093322754	0.4153953194618225	0.421171098947525
"I won't see her until a fortnight on Friday, when my sweet little weasel appears at the station in her strappy blue dress."""	और मैं तुम्हें अगले हफ्ते तक नहीं मील पाऊँगा मेरी प्यारी... .	मैं उसे एक fortnाइट पर तक नहीं ले जा सकता तो कुछ अंतर्निहित जानकारी से पहले स्पष्ट रूप से हटा दिया जा सकता है।	0.6572339534759521	0.33185818791389465	0.12351556122303009
Make trial of orphans until they reach the age of marriage; if then ye find sound judgment in them, release their property to them; but consume it not wastefully, nor in haste against their growing up. If the guardian is well-off, Let him claim no remuneration, but if he is poor, let him have for himself what is just and reasonable. When ye release their property to them, take witnesses in their presence: But all-sufficient is Allah in taking account.	और यतीमों को कारोबार में लगाए रहो यहॉ तक के ब्याहने के क़ाबिल हों फिर उस वक्त तुम उन्हे (एक महीने का ख़र्च) उनके हाथ से कराके अगर होशियार पाओ तो उनका माल उनके हवाले कर दो और (ख़बरदार) ऐसा न करना कि इस ख़ौफ़ से कि कहीं ये बड़े हो जाएंगे फ़ुज़ूल ख़र्ची करके झटपट उनका माल चट कर जाओ और जो (जो वली या सरपरस्त) दौलतमन्द हो तो वह (माले यतीम अपने ख़र्च में लाने से) बचता रहे और (हॉ) जो मोहताज हो वह अलबत्ता (वाजिबी) दस्तूर के मुताबिक़ खा सकता है पस जब उनके माल उनके हवाले करने लगो तो लोगों को उनका गवाह बना लो और (यूं तो) हिसाब लेने को ख़ुदा काफ़ी ही है	"English में:
When you release their property to them, take witnesses in their presence: But all sufficient is Allah in taking account."	0.5489734411239624	0.25286638736724854	0.1521797776222229
File	फ़ाइल	श्रेणी	0.7654308080673218	0.5581368803977966	0.8789911270141602
"Your login to your server ""{0}"" as ""{0}"" failed."	"""{0}"" रूप में आपके सर्वर ""{0}"" से लॉगिन असफल."	"आपका लॉगिन सेवा ""{0}"" के रूप में हो गया है।"	0.835514485836029	0.6830667853355408	0.7315274477005005
"But many of them will have feelings of vacuum in their hearts over your failure to distinguish between the right and the wrong."""	परंतु बहुतों के मन में आपके प्रति शून्य का वह भाव भी जागेगा जिसमें आपकी वो असफलता झलकेगी जिसमें आपकी सही और गलत की पहचान ही नहीं थी.	“लेकिन कई होंगे जो आपके अस्पष्ट रूप से सही सोचे बिना गलत विचारों को मना कर देंगे।”	0.7191254496574402	0.4908720850944519	0.4836885631084442
He said, ‘Certainly not! Indeed my Lord is with me. He will guide me.’	"उसने कहा, ""कदापि नहीं, मेरे साथ मेरा रब है। वह अवश्य मेरा मार्गदर्शन करेगा।"""	यह कहते हैं, वे कहते हैं, वे कहते हैं, और वे कहते हैं।	0.5882838368415833	0.228807270526886	0.1787828654050827
Display video, audio and image preview	वीडियो, ऑडियो और छवि पूर्वावलोकन दिखाएँ	प्रेज़िस्ट व्हाइस प्रोडक्ट	0.6609777808189392	0.38328495621681213	0.21743826568126678
Unrecognized desktop file Version '%s'	अपरिचित डेस्कटॉप फ़ाइल संस्करण '%s'	अन्यानजानी वाला कंप्यूटर फाइल वर्सी '2019'	0.7722155451774597	0.4705272912979126	0.4798743724822998
And a faking will!	और एक faking करेंगे!	और फ़िक़र वाला होगा!	0.772954523563385	0.5019832849502563	0.5418734550476074
Saddam rejected the demand.	सद्दाम ने मांग को अस्वीकार किया।	सद्दाम ने प्रतिवाद की कहा।	0.8695687651634216	0.6362700462341309	0.4215922951698303
Is he then who is a believer like him who is a transgressor? They are not equal.	भला जो व्यक्ति ईमानवाला हो वह उस व्यक्ति जैसा हो सकता है जो अवज्ञाकारी हो? वे बराबर नहीं हो सकते	यह उस व्यक्ति है जो सोच-विचार से एक व्यक्ति का विश्वास है कि वह व्यक्ति एक ऐसा व्यवहार भी करती है जो एक व्यक्ति के व्यवहार को साबित करती है, और जो व्यक्ति एक ऐसा व्यवहार भी करती है जो एक व्यक्ति के व्यवहार को साबित करती है, और जो व्यक्ति एक ऐसा व्यवहार भी करती है जो एक व्यक्ति के व्यवहार को साबित करती है, और जो व्यक्ति एक ऐसा व्यवहार भी करती है जो एक व्यक्ति के व्यवहार को साबित करती है, और जो व्यक्ति एक ऐसा व्यवहार भी करती है जो एक व्यक्ति के व्यवहार को साबित करती है, और जो व्यक्ति एक ऐसा व्यवहार भ	0.6141179800033569	0.35432541370391846	0.11662432551383972
Install online script package	ऑनलाइन स्क्रिप्ट पैकैज संस्थापित करें	इंस्टॉल ऑनलाइन स्क्रिप पैकेज डालें।	0.8389072418212891	0.5731173157691956	0.5499412417411804
Terrace	टेरेस	स्थल	0.7395214438438416	0.5214037895202637	0.6776337027549744
You will all make this bunkroom, your home.	आप सभी इस bunkroom, अपने घर बनाना होगा.	यह सभी के लिए बunksामें कार्य करना या करने वाले यह सभी अपने घर से बनाए रखने के लिए यहाँ पर बनाए रखना है।	0.7049236297607422	0.3747556507587433	0.24605876207351685
Remember my only thoughts are of you.	याद रखें ... / मैं ... मेरी केवल विचारों के हैं तुम.	यह याद रखना चाहूँ कि मेरे sole मनोरंजन की thoughts हैं ये मेरे बारे में न हो सकता।	0.6927858591079712	0.4771439731121063	0.2106403112411499
Just like a ghost ship, huh?	वेन्डी: बस एक भूतहा जहाज की तरह, हुह?	हाँ, बिल्कुल!	0.691034734249115	0.44104334712028503	0.4843665063381195
When she heard of their sly whispers, she sent for them and prepared a banquet. To each she gave a knife, (then called Joseph saying:) 'Come and attend to them' When they saw him, they were so taken with him that they cut their hands, and said: 'Allah save us! This is no mortal, he is no other but a noble angel'	तो जब ज़ुलेख़ा ने उनके ताने सुने तो उस ने उन औरतों को बुला भेजा और उनके लिए एक मजलिस आरास्ता की और उसमें से हर एक के हाथ में एक छुरी और एक (नारंगी) दी (और कह दिया कि जब तुम्हारे सामने आए तो काट के एक फ़ाक उसको दे देना) और यूसुफ़ से कहा कि अब इनके सामने से निकल तो जाओ तो जब उन औरतों ने उसे देखा तो उसके बड़ा हसीन पाया तो सब के सब ने (बे खुदी में) अपने अपने हाथ काट डाले और कहने लगी हाय अल्लाह ये आदमी नहीं है ये तो हो न हो बस एक मुअज़िज़ (इज्ज़त वाला) फ़रिश्ता है	यह ध्यान रखें कि इस वाक्य में कोई भी व्यक्ति या घटना नहीं लगड़ीगाने वाली है और नहीं है|	0.5881678462028503	0.27961936593055725	0.1426675021648407
I never said she was cheating.	मैं वह धोखा दे रहा था कभी नहीं कहा.	नहीं, मैंने कभी तो चेतावनी नहीं दी कि वह चोरी करने वाली है।	0.759091317653656	0.5710683465003967	0.5758732557296753
Class-Meet?	कक्षा मिलो?	हाँ/नहीं	0.6903219223022461	0.44271841645240784	0.4645479917526245
& File	फ़ाइल (F)	अधिकारी कार्य	0.6877985596656799	0.46740320324897766	0.5289934873580933
I qu...	मैं qu -	प्राप्त से	0.6989949941635132	0.4384945034980774	0.3339134454727173
_Load Images	छवि डाउनलोड करें (_L)	लोड इमेज़	0.6741608381271362	0.5559683442115784	0.6833856701850891
Unlimited	असीमित	असीम की संख्या में	0.8239067792892456	0.4543328881263733	0.29237812757492065
South _European (ISO-8859-3)	दक्षिणी यूरोपीय (_E) (ISO-8859-3)	दक्षिण यूरोपीय (आई.एस.ओ.अई.-8859-3)	0.7694790959358215	0.7800007462501526	0.8839470148086548
I want to spend my life with her...	I want to spend my life with her...	मैं अपने जीवन को उनके साथ रखना चाहूँ...	0.7309163808822632	0.7119817137718201	0.6190015077590942
"Your login to your server ""{0}"" as ""{0}"" failed."	"""{0}"" रूप में आपके सर्वर ""{0}"" से लॉगिन असफल."	"आपका लॉगिन सेवा ""{0}"" के रूप में हो गया है।"	0.835514485836029	0.6830667853355408	0.7315274477005005
SERGEI SOLD HER TO IVAN.	सर्गेई इवान के लिए है उसे बेचा.	सेरी सोल्डher आईवान को।	0.7620571851730347	0.4435201585292816	0.4461703896522522
And they say: There is naught but our life of the world; we die and we live, and naught destroyeth us save time; when they have no knowledge whatsoever of (all) that; they do but guess.	और वह लोग कहते हैं कि हमारी ज़िन्दगी तो बस दुनिया ही की है (यहीं) मरते हैं और (यहीं) जीते हैं और हमको बस ज़माना ही (जिलाता) मारता है और उनको इसकी कुछ ख़बर तो है नहीं ये लोग तो बस अटकल की बातें करते हैं	अरे, वे कहते हैं कि तुम्हारे पास दुनिया के बारे में कुछ ज्ञान हो सकता है, जो तुम्हारे को देने योग्य है।	0.6814350485801697	0.34258797764778137	0.27810320258140564
- Yes.	- हाँ	जी हाँ।	0.793872058391571	0.9047735333442688	0.9326626062393188
Autocompletion	स्वतः समापन	पूर्ण किया जाना	0.7368578314781189	0.5526615977287292	0.6882282495498657
The idea brings my defenses down.	यह विचार मेरी दलीलों को कमजोर कर देता है।	यह विचार मेरी रक्षा को तोड़ देता है।	0.8737437725067139	0.7288867831230164	0.8246229290962219
that you may seek forgiveness of your Lord and turn to Him in repentance whereupon He will grant you a fair enjoyment of life until an appointed term, and will bestow favour on everyone who merits favour. But should you turn away (from the truth), I fear for you the chastisement of an Awesome Day.	और ये भी कि अपने परवरदिगार से मग़फिरत की दुआ मॉगों फिर उसकी बारगाह में (गुनाहों से) तौबा करो वही तुम्हें एक मुकर्रर मुद्दत तक अच्छे नुत्फ के फायदे उठाने देगा और वही हर साहबे बुर्ज़गी को उसकी बुर्जुगी (की दाद) अता फरमाएगा और अगर तुमने (उसके हुक्म से) मुँह मोड़ा तो मुझे तुम्हारे बारे में एक बड़े (ख़ौफनाक) दिन के अज़ाब का डर है	यह सुनने में भी अच्छी तरह से हो सकती है और जो हो सकती है, उसे हो सकता है।	0.6235046982765198	0.23437395691871643	0.21767306327819824
How could they be firing artillery?	वे तोप कैसे चला सकते हैं?	उनके पास आगे बढ़ने के उपकरण भी हो सकते हैं	0.7103661894798279	0.5777381062507629	0.543302059173584
Didn't realise who he was fucking with.	वह साथ कमबख्त था जो पता ही नहीं चला.	अरे मुझे यह व्यक्ति के साथ क्या हुआ था इसका जवाब नहीं दिया जा सकता है।	0.7042228579521179	0.47283467650413513	0.4211580455303192
I'm clearly not a child.	मैं बच्चा नहीं हूँ।	मैं स्पष्ट रूप से एक बच्चे के रूप में नहीं हूँ।	0.8572314381599426	0.5141436457633972	0.5768612623214722
I don't want Charisse or Becca.	मैं बारबरा को देखने आया था.	चार्ज और बेक को ही चाहेंगे।	0.7319507002830505	0.40366777777671814	0.36122816801071167
Pakistan: Media and restrictions · Global Voices	पाकिस्तान: मीडिया और रोकटोक	पाकिस्तान: मीडिया और प्रतिबंध	0.9044272899627686	0.9375724196434021	0.930121898651123
Tell me...	मुझे बताओ...	मैं...	0.814130961894989	0.5600414872169495	0.3463854193687439
A thousand ships we'll launch from here, Hephaistion.	एक हजार जहाजों हम यहाँ से Hephaistion का शुभारंभ करेंगे.	हेपहिस्टियोने कहा होगा कि एक हज़ार से अधिक सामरिक जहाज़ियों को यहाँ से लाने वाला वातावरण है।	0.7051643133163452	0.5148225426673889	0.5705099105834961
Glorified be the Lord of the heavens and the earth, the Lord of the Throne! Exalted be He from all that they ascribe (to Him).	ये लोग जो कुछ बयान करते हैं सारे आसमान व ज़मीन का मालिक अर्श का मालिक (ख़ुदा) उससे पाक व पाक़ीज़ा है	अरे वे जो हैं जो हो सकते हैं, वे हो सकते हैं! जो हैं जो हो सकते हैं, वे हो सकते हैं!	0.59620201587677	0.3249506950378418	0.1266707479953766
I'm here to offer my--	मैं काम तलाश रहा हूँ ... नहीं ..	मैं यहाँ तुम्हें--	0.7163220643997192	0.4008629620075226	0.13198496401309967
Next	अगला	ज़रूर	0.6674814224243164	0.6563659310340881	0.6368168592453003
Simulation of image to CD burning	छवि की सीडी बर्निंग का सिमुलेशन	अनुपस्थिति से इमेज़ को किसी स्थान पर बिना किसी स्थान पर लगाए जेताछल्लेखन	0.67556232213974	0.3454085886478424	0.08038853108882904
Your names	रविशंकर श्रीवास्तव, जी. करूणाकर	आपके नाम	0.6387114524841309	0.37186235189437866	0.676241397857666
You think that is what the great Master Oogway saw for you?	तुम्हारे खयाल से महान गुरू ऊगवे ने तुम्हारे लिए यही ख्वाब देखा था?	आपको समझते हैं कि ओगवay का यह विचार आपके लिए किसी विशेष तरह से उपयोगी नहीं रहा?	0.6879798769950867	0.6099047064781189	0.5000882744789124
♪ OH NO	♪अरेनहीं	"ॅर्निंग
:जीवित
:कोई
:नहीं"	0.6698732972145081	0.43996697664260864	0.3497336506843567
There are many names in Indian history with a golden glow.	भारत के इतिहास में ही स्वर्णिम आभा वाले अनेक नाम हैं।	अन्य नामों से भारतीय इतिहास की ये कुछ हैं जो भविष्य में जानें के लिए उपयोगी हैं।	0.743401050567627	0.5718070864677429	0.47768038511276245
"""as your late Uncle's friend and attorney,"	""" अपने देर चाचा के दोस्त और वकील के रूप में,"	“अपने देरी अभिमान के दोस्त और वकील के रूप में”	0.8743687868118286	0.4947168529033661	0.566781759262085
Author:	लेखकः	मूल में हस्तलिखित है:	0.6289123296737671	0.3992060124874115	0.228402242064476
Show _Only This Calendar	सिर्फ इस पंचांग को दिखायें (_O)	Only This Calendar	0.5976289510726929	0.4025227129459381	0.3435291647911072
300%	300%	300% की संख्या किस बार में होगी ?	0.7133734822273254	0.5230107307434082	0.5227668285369873
When chill breeze blows, come under tree shade...	When chill breeze blows, come under tree shade...	जब ठंडी हवा उड़ती है, तो उसे पेड़ी की शाखा में आना पड़ता है...	0.6887631416320801	0.4426875412464142	0.5335370898246765
Unnamed	बेनाम	अनाम	0.8215208649635315	0.7653405070304871	0.8000640273094177
Talk like that, I'm gonna get myself in trouble.	कि जैसे बात करो, मैं मुसीबत में अपने आप को मिलने वाला हूँ .	तो talk like that, I'm gonna get myself in trouble.	0.6424282789230347	0.2520308196544647	0.05620207637548447
"(Muhammad), ask them, ""Have you thought about what you worship besides God? Show me which part of the earth they have created. Do they have a share in the creation of the heavens? Bring me a Book, revealed before this Quran, or any other proof based on knowledge to support your belief, if indeed you are truthful""."	(ऐ रसूल) तुम पूछो कि ख़ुदा को छोड़ कर जिनकी तुम इबादत करते हो क्या तुमने उनको देखा है मुझे भी तो दिखाओ कि उन लोगों ने ज़मीन में क्या चीज़े पैदा की हैं या आसमानों (के बनाने) में उनकी शिरकत है तो अगर तुम सच्चे हो तो उससे पहले की कोई किताब (या अगलों के) इल्म का बक़िया हो तो मेरे सामने पेश करो	"ये वाक्यों का अर्थ है कि आपको यह जानने के लिए कोई वाक्य रूपी प्रायोग्य वचन मिले हैं, या फिर किसी वाक्य रूपी प्रायोग्य वचन को विवरण देने वाला एक ग्राम-डॉक्टर ने इस बात पर जोर दिया है कि किसी भी व्यक्ति को यह जानने के लिए कोई वाक्य रूपी प्रायोग्य वचन हो सकता है, जो कि किसी भी व्यक्ति को यह जानने के लिए कोई वाक्य रूपी प्रायोग्य वचन हो सकता है।

(सारांत)"	0.6540618538856506	0.2982034683227539	0.24178265035152435
but I won 50 G in a poker tournament.	लेकिन मैं एक पोकर टूर्नामेंट में 50 जी जीता.	लेकिन मैंने एक पोकर टूर्नामेंट में मुझे 50 ग्रैंट्स मिले।	0.8656133413314819	0.7146016359329224	0.690375566482544
_Statusbar	स्थिति पट्टी (_S)	स्टेज बार	0.6939540505409241	0.38313010334968567	0.3533388376235962
Jim Baxford!	जिम Baxford!	जिम बैकोफॉर्ड!	0.8269733190536499	0.7470213770866394	0.5960903167724609
"Where to accept cookies from. Possible values are ""anywhere"", ""current site"" and ""nowhere""."	"कुकीज़ कहाँ से स्वीकारें. संभावित मूल्य हैं ""कहीं से भी"", ""वर्तमान साइट"" तथा ""कहीं से नहीं""."	यहाँ किसी को कुकीज़ क्यूइट पर आंटी करेंगे. यहाँ किसी को कुकीज़ क्यूइट पर आंटी करेंगे.	0.6393342614173889	0.34396567940711975	0.16241955757141113
- Jump, Pelle!	- कूदो, पेले!	- पेल!	0.8477239012718201	0.5798060297966003	0.4584537744522095
Inder my love...	मेरे प्यार इंदर ...	रोमांटिक प्यार...	0.8126377463340759	0.6609020829200745	0.78021240234375
That-a-boy.	कि एक खास लड़का है.	अरे वाह।	0.7004793882369995	0.4488781988620758	0.48548758029937744
"- ""Brain Rapist""?"	"- ""ब्रेन बलात्कारी""."	"- ""क्रोधी हत्यार""?"	0.7874634265899658	0.6549428105354309	0.8862290978431702
It is a question of my bread and butter.	यह मेरी रोजी-रोटी का सवाल है |	पैसे और बटtery की बात है।	0.7165697813034058	0.4857665002346039	0.3725372552871704
Here you go, boyses.	यह लो, लड़कों।	हे ये जानो, बिलीज.	0.7334975600242615	0.4753907024860382	0.438361793756485
POP3 stores have no folder hierarchy	POP3 स्टोर में कोई फ़ोल्डर पदानुक्रम नहीं है	POP3 स्टोर में फ़ोल्डर हायररी	0.8581048250198364	0.4522869288921356	0.37370994687080383
It is not for the townsfolk of Al-Madinah and for those around them of the wandering Arabs so stay behind the messenger of Allah and prefer their lives to his life. That is because neither thirst nor toil nor hunger afflicteth them in the way of Allah, nor step they any step that angereth the disbelievers, nor gain they from the enemy a gain, but a good deed is recorded for them therefor. Lo! Allah loseth not the wages of the good.	मदीने के रहने वालों और उनके गिर्दोनवॉ (आस पास) देहातियों को ये जायज़ न था कि रसूल ख़ुदा का साथ छोड़ दें और न ये (जायज़ था) कि रसूल की जान से बेपरवा होकर अपनी जानों के बचाने की फ्रिक करें ये हुक्म उसी सबब से था कि उन (जिहाद करने वालों) को ख़ुदा की रूह में जो तकलीफ़ प्यास की या मेहनत या भूख की शिद्दत की पहुँचती है या ऐसी राह चलते हैं जो कुफ्फ़ार के ग़ैज़ (ग़ज़ब का बाइस हो या किसी दुश्मन से कुछ ये लोग हासिल करते हैं तो बस उसके ऐवज़ में (उनके नामए अमल में) एक नेक काम लिख दिया जाएगा बेशक ख़ुदा नेकी करने वालों का अज्र (व सवाब) बरबाद नहीं करता है	"Source:
It is not for the townsfolk of Al-Madinah and for those around them of the wandering Arabs so stay behind the messenger of Allah and prefer their lives to his life."	0.5887466073036194	0.21953457593917847	0.008068008348345757
They destroyed our moon and with that, half the planet.	वे उस के साथ आधा ग्रह हमारे चाँद और नष्ट कर दिया.	उन्होंने हमारी लून और उसे भी कुछ भाग्य से दूर कर दिया.	0.7738393545150757	0.40212902426719666	0.2514241933822632
Disable syntax highlighting	वाक्य रचना हाइलाइटिंग निष्क्रिय करें	रूप से जानकारी का स्ट्रीटाइंग हाइलाइटिंग	0.7751600742340088	0.4710223376750946	0.23249608278274536
“Those who spread turmoil in the earth, and do no reform.”	"जो धरती में बिगाड़ पैदा करते है, और सुधार का काम नहीं करते।"""	“जो भूमिका से भूख और भ्रष्टाचार का कारण बनता है, उसे कार्य करना भी नहीं है।”	0.7267172932624817	0.4661184847354889	0.35253655910491943
Come on, that's a lot of cheese, but I could live with that!	चलो, कि पनीर, का एक बहुत कुछ है, लेकिन मैं उस के साथ रह सकता है!	क्या परिचितता से यह कहा जा सकता है कि यह बहुत सारा चीज़ है, लेकिन मैं इसके लिए तो सकता जाना था।	0.7472173571586609	0.39545199275016785	0.39070993661880493
Error while reading video DVD (%s)	वीडियो DVD पढ़ने में त्रुटि (%s)	असफल होती जानकारी जो की पढ़ी जाती है (की सी)	0.7102780342102051	0.39423009753227234	0.30344158411026
Rick, in position.	रिक, स्थिति में।	प्रतिक्रिया: रिक, स्थिति में।	0.8707829713821411	0.7386640310287476	0.7907185554504395
Let us toast to the future of the high table and the memory of my dear sister...	हमें उच्च तालिका के भविष्य और मेरी प्यारी बहन की स्मृति को टोस्ट करते हैं ...	अरे, हमें भविष्य के बारे में शानदार बातें करनी चाहिए और ऐसी बातों को करना जो सही बातों से नहीं हो सकती हैं।	0.698004424571991	0.40276774764060974	0.2898065447807312
He was the only one that wanted to do this trip.	उन्होंने कहा कि इस यात्रा करना चाहता था कि एक ही था.	उन्हें केवल इस यात्रा को करने के लिए एक solitary व्यक्ति था जो इस यात्रा को करना चाहता था।	0.7911364436149597	0.5215713381767273	0.567003607749939
You've been sleeping for 18 hours.	आप 18 घंटे के लिए सो गया है।	18 ह्यूस डायलेज़ हैं कि तुमने 18 घंटे सो कर लो.	0.7828643918037415	0.507986307144165	0.40254223346710205
Judith was so worried when Brice asked for her hand in marriage.	ब्राईस शादी में उसका हाथ के लिए कहा जब जूडिथ इतना चिंतित था	ब्राइस ने जुडिसे साथ विवाह करने के लिए अपनी hand को निकाल रहे को देख रहे को कह रहे थे	0.7459971904754639	0.37022534012794495	0.3789096474647522
Melissa's not gonna know anything about this.	अरे नहीं. यह डौग है?	मेलिसा को यह बात नहीं पतेगा कि यह सार्वजनिक परिवहन के लिए किया गया था या नहीं।	0.6907334327697754	0.46735677123069763	0.4688744843006134
But in his short life, he achieved, without doubt the mythic glory of his ancestor Achilles and more.	लेकिनअपनेछोटेसेजीवन में, वह शक के बिना हासिल... / मैं ... .	लेकिन उसके लंबे जीवन के दौरान, वे जो विविधता का अनुभव हुआ, वे विविधता का विशेषज्ञता वाला अनुभव था।	0.6575151681900024	0.44545432925224304	0.5039413571357727
And there is nothing wrong if you also seek the bounty of your Lord during the pilgrimage. Moreover, when you return from 'Arafat, stay at Mash'aril-Haram (Muzdalifah) and remember Allah. And remember Him just as He has enjoined you, for you had gone astray before this.	इसमे तुम्हारे लिए कोई गुनाह नहीं कि अपने रब का अनुग्रह तलब करो। फिर जब तुम अरफ़ात से चलो तो 'मशअरे हराम' (मुज़दल्फ़ा) के निकट ठहरकर अल्लाह को याद करो, और उसे याद करो जैसाकि उसने तुम्हें बताया है, और इससे पहले तुम पथभ्रष्ट थे	अर्थ: और आपको अपने राज्य में प्रार्थना करने के लिए भी यही है।	0.6374931335449219	0.279752641916275	0.17786148190498352
and waymarks; and by the stars they are guided.	और मार्ग चिन्ह भी बनाए और तारों के द्वारा भी लोग मार्ग पर लेते है	और विधि; और किनारे; और सितारों से उनका निर्माण किया जाता है।	0.6947478652000427	0.45573049783706665	0.4355825185775757
The movement is also bolstered by two former U.S. Transportation secretaries, who in a 2011 report urged Congress to move in the pay-per-mile direction.	इस अभियान को दो भूतपूर्व अमेरिकी परिवहन सचिवों ने भी समर्थन दिया है, जिन्होंने वर्ष 2011 में अपनी रिपोर्ट में कांग्रेस से प्रति-मील भुगतान की दिशा में आगे बढ़ने का अनुग्रह किया था।	पैसे प्रति मील की रूप से वेतन दिया जाना चाहे तो कांग्रेस को वेतन प्रति मील की रूप से वेतन दिया जाना चाहे तो वेतन प्रति मील की ओर से वेतन दिया जाना चाहे तो वेतन प्रति मील की ओर से वेतन दिया जाना चाहे तो वेतन प्रति मील की ओर से वेतन दिया जाना चाहे तो वेतन प्रति मील की ओर से वेतन दिया जाना चाहे तो वेतन प्रति मील की ओर से वेतन दिया जाना चाहे तो वेतन प्रति मील की ओर से वेतन दिया जाना चाहे तो वेतन प्रति मील की ओर से वेतन दिया जाना चाहे तो वेतन प	0.5622254014015198	0.26504001021385193	0.08825013041496277
attachment	संलग्नक	अनुपस्थिति	0.7435923218727112	0.526973307132721	0.6353883743286133
And We taught him the art of making garments (of mail) to protect you in your daring. Are ye then thankful?	और हमने उसे तुम्हारे लिए एक परिधान (बनाने) की शिल्प-कला भी सिखाई थी, ताकि युद्ध में वह तुम्हारी रक्षा करे। फिर क्या तुम आभार मानते हो?	और हमने उसे कपड़े या सामान को सुरक्षित करने का अभ्यास भी किया। और आप now then के भी धन्यवाद!	0.7150048017501831	0.4131825864315033	0.2536276876926422
Start	प्रारंभ	स्टार्ट	0.6616549491882324	0.6152772307395935	0.7342332601547241
"""Jambalaya,"" ""Cheatin' Heart"" ""I Saw the Light"""	"""Jambalaya,"""" Cheatin' हार्ट' "" मैं प्रकाश देखा """	"जम्बलाया, ""चेअर हार्ट,"" ""आई से है दिखा,"""	0.7570603489875793	0.40634456276893616	0.26969271898269653
Mr Stevens visited nearly a dozen banks in the Portland area that morning.	उस सुबह श्री स्टीवन्स ने पोर्टलैंड के लगभग एक दर्जन से अधिक बैंकों का दौरा किया.	पोर्टल के आस-पास लगभग नौ बैंकों की यात्रा उस दिन सुबह हुई.	0.796871542930603	0.6529814600944519	0.59920734167099
Invalid Server URI	अवैध सर्वर URI	असफल सेवा यू.आई.आर.	0.7132490873336792	0.48785072565078735	0.427105188369751
_Insert	प्रविष्ट करें (_I)	चूँते	0.6737645864486694	0.4063442051410675	0.14887851476669312
You feel safe?	आप सुरक्षित महसूस करते हैं?	जी हाँ यू फील सेफ?	0.665156900882721	0.6872597336769104	0.5497989058494568
Glory be to Him, who created all the pairs of what the earth produces, and of themselves, and of what they know not.	महिमावान है वह जिसने सबके जोड़े पैदा किए धरती जो चीजें उगाती है उनमें से भी और स्वयं उनकी अपनी जाति में से भी और उन चीज़ो में से भी जिनको वे नहीं जानते	यह उत्तर है कि जिसने सभी जो पairs हैं, जो पृथ्वी पर उत्पन्न होते हैं, और जो उन्हें ज्ञात करते हैं, यही जो वे ज्ञात करते हैं, यही जो वे ज्ञात करते हैं, यही जो वे ज्ञात करते हैं, यही जो वे ज्ञात करते हैं, यही जो वे ज्ञात करते हैं, यही जो वे ज्ञात करते हैं, यही जो वे ज्ञात करते हैं, यही जो वे ज्ञात करते हैं, यही जो वे ज्ञात करते हैं, यही जो वे ज्ञात करते हैं, यही जो वे ज्ञात करते हैं, यही जो वे ज्ञात करते हैं, यही जो वे ज्ञात करते हैं, यही जो वे ज्ञात करते हैं, यही जो वे ज्ञात करते हैं, यही जो वे ज्ञात करते हैं,	0.5832228660583496	0.32875385880470276	0.07523801177740097
You guys might not know this, but I considered myself a bit of a loner.	तुम्हें पता है कि यह नहीं हो दोस्तों, लेकिन मैं अपने आप को एक अकेले का थोड़ा विचार किया.	आप लोगों को यह भी नहीं पताा सकते हैं कि मैं कुछ भी हो सकता था एक थोड़ा अकेला।	0.7684717178344727	0.45950978994369507	0.3722483515739441
St_op Animation	संजीवन रोकें (_o)	स्टॉप ऐनिमेशन	0.6997397541999817	0.4665811359882355	0.6815952062606812
WE'RE LIKE PARTNERS IN CRIME NOW, YOU KNOW.	अब हम अपराध में भागीदार पसंद कर रहे , आप जानते हैं.	यह हमारे पास क्राइम के लिए साथी हो जाते हैं, तुम्हें यह जाना चाहिए।	0.7337344884872437	0.5877056121826172	0.5667001008987427
_Edit	संपादन (_E)	पहले से दूसरा कोई ह	0.652167558670044	0.32319438457489014	0.1293131411075592
The center of scaling	अनुमापन का केंद्र	स्केलिंग का केंद्र होता है	0.7613003849983215	0.43885305523872375	0.23151355981826782
A generic minimal and flat project	जेनेरिक Xlib प्रोजेक्ट	अनुपालन के लिए जिम्मेदार और सटीक संस्करण का उपयोग	0.673379123210907	0.42734965682029724	0.2867445647716522
Background Properties	पृष्ठभूमि गुण	जानकारी के बारे में	0.6621270775794983	0.49852076172828674	0.5635825991630554
Starve	तारा	स्वाद	0.7659346461296082	0.6917164325714111	0.781079888343811
"And the Book (of Deeds) will be placed (before you); and thou wilt see the sinful in great terror because of what is (recorded) therein; they will say, ""Ah! woe to us! what a Book is this! It leaves out nothing small or great, but takes account thereof!"" They will find all that they did, placed before them: And not one will thy Lord treat with injustice."	"किताब (कर्मपत्रिका) रखी जाएगी तो अपराधियों को देखोंगे कि जो कुछ उसमें होगा उससे डर रहे है और कह रहे है, ""हाय, हमारा दुर्भाग्य! यह कैसी किताब है कि यह न कोई छोटी बात छोड़ती है न बड़ी, बल्कि सभी को इसने अपने अन्दर समाहित कर रखा है।"" जो कुछ उन्होंने किया होगा सब मौजूद पाएँगे। तुम्हारा रब किसी पर ज़ुल्म न करेगा"	और यह (दियार) लिखा हुआ है तो उसे भी नियमित रूप से पढ़ना चाहे तो इससे बहुत सारी जानकारी मिलेगी।	0.6594424843788147	0.4028877913951874	0.42905643582344055
Ayomatty:	आयोमैट्टी:	योअन:	0.7903721332550049	0.8008676767349243	0.6187096834182739
I wanna see how this dude has you livin'.	मैं चाहता हूं कि इस दोस्त तुम जीने की है कि कैसे देखते हैं.	मैं देखा चाहे तो वो कैसे जीवंत है।	0.7689239382743835	0.425708532333374	0.5082380175590515
Even the horoscopes are a perfect match.	यहाँ तक कि कुंडली एक परिपूर्ण मैच रहे हैं।	अभी भी तुमने सुना है कि हॉरोस्कोप भी एक पूर्ण रूप से सहायक होते हैं।	0.7185496687889099	0.4809328615665436	0.4565281271934509
I wouldn't know what to do with it if I did.	मुझे नहीं पता है इसके साथ क्या करना है अगर मैंने छूआ.	इसे क्या करूँगे, if मैं करूँ.	0.7419252395629883	0.3098286986351013	0.25683942437171936
(CRIES OUT)	(रोता)	चिंता:	0.7587859630584717	0.6053441166877747	0.5429134964942932
Client Information	क्लाइंट सूचना	क्लेनेट जानकारी	0.7437866926193237	0.6539002656936646	0.8364259600639343
I've few jobs to complete.	मुझे कुछ काम पूरे करने हैं.	मुझे कुछ जॉब करनी हैं।	0.8799419403076172	0.8041294813156128	0.600653350353241
Yeah, it was lucky we were still around. Yep.	हाँ, यह हम अभी भी चारों ओर थे भाग्यशाली था.	हाँ, हम अभी भी हैं। हाँ।	0.7707803249359131	0.49815693497657776	0.26195254921913147
Yeah, that's not how opposites work.	हाँ, विपरीत यूँ काम नहीं करते।	अरे, ऐसा वैसा नहीं होता कि हमार opposites का सही अर्थ होता है।	0.6799480319023132	0.46710196137428284	0.38331112265586853
Wherever you may be death will overtake you, even if you were in fortified towers.’ If any good befalls them, they say, ‘This is from Allah;’ and when an ill befalls them, they say, ‘This is from you.’ Say, ‘All is from Allah.’ What is the matter with these people that they would not understand any matter?	और वहां रेशा (बाल) बराबर भी तुम लोगों पर जुल्म नहीं किया जाएगा तुम चाहे जहॉ हो मौत तो तुमको ले डालेगी अगरचे तुम कैसे ही मज़बूत पक्के गुम्बदों में जा छुपो और उनको अगर कोई भलाई पहुंचती है तो कहने लगते हैं कि ये ख़ुदा की तरफ़ से है और अगर उनको कोई तकलीफ़ पहुंचती है तो (शरारत से) कहने लगते हैं कि (ऐ रसूल) ये तुम्हारी बदौलत है (ऐ रसूल) तुम कह दो कि सब ख़ुदा की तरफ़ से है पस उन लोगों को क्या हो गया है कि र्कोई बात ही नहीं समझते	ये लोग किसी भी समस्या से जुड़े होते हैं, तो उनसे जुड़ी किसी भी समस्या से जुड़े होते हैं, पर उनके साथ जुड़ना आसान होता है?	0.6307274699211121	0.2665626108646393	0.35973143577575684
After this last year I have no affection for the old home	सामान सब निकाल कर बाहर रखो तो.	इस साल मुझे पूरा प्यार और सम्मान नहीं मिला पुराने घर के लिए	0.6414767503738403	0.42954346537590027	0.1431972235441208
Failed to create item on a server	सर्वर पर मद बनाने में विफल	सेवा पर item बनाने में असफल हो गया	0.7944959998130798	0.583575963973999	0.5102464556694031
Note: Underscore in the label name is used as mnemonic identifier in menu.	नोट: इस लेबल नाम में अंडरस्कोर मेन्यू में न्यूमोनिक पहचानकर्ता के रूप में प्रयुक्त है.	Note: अनुपस्थित अंक में खातिर् विवरण के लेबल नाम के अंक का उपयोग मेन्यॉ में अंक का उपयोग करने से पहले यह सुन लेना चाहूँ कि अंक का उपयोग खातिर् विवरण के लेबल नाम के अंक का उपयोग से पहले यह पूछना चाहूँ कि अंक का उपयोग खातिर् विवरण के लेबल नाम के अंक का उपयोग अन्य उदाहरणों में किया जा सकता है.	0.6637578010559082	0.3966241180896759	0.15860430896282196
Yes.	हाँ।	हाँ।	1.000000238418579	0.9754428863525391	0.8433921337127686
I made the woman angry.	मैंने उस औरत को गस्सा दिलाया।	मैं दूसरी महानता हासिल कर रहा हूँ।	0.7289929389953613	0.43581339716911316	0.4894445538520813
It is a meeting.	यह एक बैठक है.	असफल होगा कि आप इसे अन्य किसी के लिए भी नहीं ले सकती हूँ।	0.624790370464325	0.2771611511707306	0.07891091704368591
Homicide, Lebreton.	हत्या,LEBRETON	यह पूरी जानकारी देने वाला श्लट है।	0.6521058082580566	0.35329708456993103	0.29582953453063965
Please select a plugin to activate	कृपया a प्लगइन को सक्रिय करें	प्लीज़ एक प्लानिंग ऐप को सक्रिय करना से बात आती ह	0.766981303691864	0.4423774182796478	0.5214164853096008
Morocco	मोरक्कोworld. kgm	मोरक्को	0.7688204646110535	0.8383933901786804	0.8575322031974792
Giant I-beam... basket with grapes... pipe bender... a billion boxes.	विशालकाय आई-बीम... अंगूरों की टोकरी... पाइप बेंडर...	ग्रेट बेल... ग्रेट बेल की ग्रेट बेल... की बेल की ग्रेट बेल.	0.6859108805656433	0.3193325698375702	0.2510218322277069
Zachariah, John, Jesus, and Elijah, every one of them was righteous,	और ज़करिया व यहया व ईसा व इलियास (सब की हिदायत की (और ये) सब (ख़ुदा के) नेक बन्दों से हैं	ज़रार, जॉन, येस, और एलिया, हर एक नाम एक सच्चा, यारा, ईसा, और एक सच्चे ईसाई थे।	0.6963671445846558	0.4974882900714874	0.6143172979354858
And for every nation have We appointed a ritual, that they may mention the name of Allah over the beast of cattle that He hath given them for food; and your god is One God, therefor surrender unto Him. And give good tidings (O Muhammad) to the humble,	और हमने तो हर उम्मत के वास्ते क़ुरबानी का तरीक़ा मुक़र्रर कर दिया है ताकि जो मवेशी चारपाए खुदा ने उन्हें अता किए हैं उन पर (ज़िबाह के वक्त) ख़ुदा का नाम ले ग़रज़ तुम लोगों का माबूद (वही) यकता खुदा है तो उसी के फरमाबरदार बन जाओ	अपने रियासत को स्थानीय लोगों द्वारा नियंत्रित किया जा सकता है, जो उनकी ज़रूरत के लिए आवश्यक है।	0.6377246379852295	0.3248498737812042	0.2959519624710083
Fear makes men fight better.	डर पुरुषों बेहतर लड़ने बनाता है.	बढ़ती हुई भावना हysteria का अर्थ है।	0.6745089888572693	0.3578299582004547	0.2415800243616104
Alif. Lam. Ra. These are the verses of the illustrious Book.	अलिफ़ लाम रा ये वाज़ेए व रौशन किताब की आयतें है	अलीफ़. लामा। रा। ये अलिफ़। लामा। रा। ये वचन हैं।	0.7173254489898682	0.5339499115943909	0.5292961001396179
And were the truth to follow their desires there would have been corrupted the heavens and the earth and whatsoever is therein. Aye! We have come to them with their admonition; so it is from their admonition that they turn away.	और अगर कहीं हक़ उनकी नफसियानी ख्वाहिश की पैरवी करता है तो सारे आसमान व ज़मीन और जो लोग उनमें हैं (सबके सब) बरबाद हो जाते बल्कि हम तो उन्हीं के तज़किरे (जिबरील के वास्ते से) उनके पास लेकर आए तो यह लोग अपने ही तज़किरे से मुँह मोड़तें हैं	अगर वे अपनी इच्छाओं के अनुसार चल रहे हैं तो वहाँ वे विनाश कर देंगे। हाँ! हमने चल रहे हैं हमें परेशान करने के लिए भी इस तरह की इच्छाएँ विकसित कर ली हैं।	0.6713865995407104	0.4332059919834137	0.3930566906929016
Yacc/Bison flags:	Yacc /बाइसन फ्लैग्स:	यैक/Bिसने के फ़्लैग्स:	0.8241416215896606	0.8042870759963989	0.6627674698829651
My father was working in the Held.	मेरे पिता ने खेत में काम कर रहा था.	मेरे पिताजी होल्ड में काम कर रहे थे।	0.8518126606941223	0.7465037703514099	0.8676964044570923
Those who attacked us are relentless and crazy.	जिन्होंने हम पर हमला किया था वे कठोर और बावले हैं।	वे जो हमें चोट पहुँचाई, उस तरह से क्रूरी और बिल्कुल भाग्य से ख़ायाल।	0.7299164533615112	0.5119263529777527	0.4977678060531616
Default folder to use for the '--add' and '--extract' commands	--add और --extract कमान्ड में उपयोग हेतु डिफ़ॉल्ट फ़ोल्डर	--add	0.6455276012420654	0.35716670751571655	0.257188618183136
terminal operations	टर्मिनल संचालन	कक्षा के कार्य	0.729926347732544	0.4881800413131714	0.6122599840164185
TREVOR:	ट्रेवर:	कृपया	0.7266166806221008	0.6097064018249512	0.8047562837600708
Port:	पोर्टः	राज्य:	0.7052607536315918	0.6122569441795349	0.8641235828399658
He never takes into account the fact that I am very busy.	वह कभी भी इस बात का खयाल नहीं करता है कि मैं कितना व्यस्थ हूँ।	उन्होंने कभी अपने समय की स्थिति का ध्यान नहीं रखने से कुछ हद से अच्छा हो सकता है.	0.7036005854606628	0.38567155599594116	0.24047274887561798
Cannot create new folder '%s'	नया फ़ोल्डर `%s' नहीं बना सकता है	इनस्टॉल करने के लिए कोई फ़ॉर्डर मैंने नहीं किया है	0.768714189529419	0.5146800875663757	0.47282829880714417
That's a different category.	यह अलग श्रेणी है.	अन्य कैटेगरी में	0.6898658871650696	0.5322321057319641	0.5180804133415222
Bulla, who knows who I am!	बुल्ला, कौन जाने मैं कौन!	बुला, जो जानता है कि मैं कौन हूँ!	0.8131410479545593	0.6763154864311218	0.7556431293487549
This is because they say: 'The fire of Hell shall not touch us except for a limited number of days.' The false beliefs which they have forged have deluded them in their faith.	"यह इसलिए कि वे कहते, ""आग हमें नहीं छू सकती। हाँ, कुछ गिने-चुने दिनों (के कष्टों) की बात और है।"" उनकी मनघड़ंत बातों ने, जो वे घड़ते रहे हैं, उन्हें धोखे में डाल रखा है"	यह इसलिए है क्योंकि वे कहा है: “हमारे पास यह सुनने की ताका है कि हमारे पास यह हो सकता है कि हमारे पास इसका सामना करने की ताका है कि हमारे पास यह हो सकता है कि हमारे पास इसका सामना करने की ताका है कि हमारे पास यह हो सकता है कि हमारे पास इसका सामना करने वाला है	0.6320248246192932	0.30544549226760864	0.08354520797729492
- Please, somebody!	कृपया, किसी को!	प्लीज़, कोई!	0.8078322410583496	0.7772464156150818	0.8330179452896118
New Game	नया खेल score-dialog	नई गेम	0.711959958076477	0.7286697030067444	0.8100083470344543
O you who have faith! Indeed many of the scribes and monks wrongfully eat up the people’s wealth, and bar [them] from the way of Allah. Those who treasure up gold and silver, and do not spend it in the way of Allah, inform them of a painful punishment	ऐ ईमानदारों इसमें उसमें शक़ नहीं कि (यहूद व नसारा के) बहुतेरे आलिम ज़ाहिद लोगों के माल (नाहक़) चख जाते है और (लोगों को) ख़ुदा की राह से रोकते हैं और जो लोग सोना और चाँदी जमा करते जाते हैं और उसको ख़ुदा की राह में खर्च नहीं करते तो (ऐ रसूल) उन को दर्दनाक अज़ाब की ख़ुशखबरी सुना दो	यह जानकारी देने वाले संस्करणों ने इसे दिए।	0.6225957274436951	0.16850554943084717	0.1001281887292862
- Yes.	-हाँ।	जी हाँ।	0.8929759860038757	0.8620209097862244	0.9342098832130432
Ah.	आह.	अहाँ।	0.7678480744361877	0.737318217754364	0.6504501104354858
I told her to come to Sanjeevaiah Park.	मैने उसे संजीवियाह पार्क आने को कहा था.	मैंने उसे संजीवाiah पार्क में आने का कहा था।	0.8690573573112488	0.8652356266975403	0.8279733657836914
Listen, I wanna tell you something.	सुनो, मैं तुम्हें कुछ बताना चाहता हूँ.	सुनो, मैं तुम्हेंSomething बताना चाहता हूँ.	0.9227049350738525	0.8901715874671936	0.6244593858718872
we wanted you to learn what it meant to be a human first.	हम तुम क्या सीखना चाहता था यह एक मानव पहले होने का मतलब.	हम चाहते हैं कि आप समझें कि मानव जाति को कैसे समझा जा सकता है।	0.7374603748321533	0.5683673620223999	0.6314873695373535
(STARTS ENG I N E)	(शुरू होता है इंग्लैंड INE)	(STARTS ENG II N E)	0.636221706867218	0.5113136768341064	0.16879935562610626
They disbelieve those who say, “God is the Messiah the son of Mary.” But the Messiah himself said, “O Children of Israel, worship God, my Lord and your Lord. Whoever associates others with God, God has forbidden him Paradise, and his dwelling is the Fire. The wrongdoers have no saviors.”	जो लोग उसके क़ायल हैं कि मरियम के बेटे ईसा मसीह ख़ुदा हैं वह सब काफ़िर हैं हालॉकि मसीह ने ख़ुद यूं कह दिया था कि ऐ बनी इसराईल सिर्फ उसी ख़ुदा की इबादत करो जो हमारा और तुम्हारा पालने वाला है क्योंकि (याद रखो) जिसने ख़ुदा का शरीक बनाया उस पर ख़ुदा ने बेहिश्त को हराम कर दिया है और उसका ठिकाना जहन्नुम है और ज़ालिमों का कोई मददगार नहीं	अर्थ: वे लोग जो कुछ भी कहकर भी गोपनीय हो जाते हैं, वे गोपनीय होते हैं.”	0.61214679479599	0.25399306416511536	0.2845970094203949
"and say, ""All praise is due to God who has never begotten a son and who has no partner in His kingdom; nor does anyone aid Him because of any weakness of His. Proclaim His greatness."""	"और कहो, ""प्रशंसा अल्लाह के लिए है, जिसने न तो अपना कोई बेटा बनाया और न बादशाही में उसका कोई सहभागी है और न ऐसा ही है कि वह दीन-हीन हो जिसके कारण बचाव के लिए उसका कोई सहायक मित्र हो।"" और बड़ाई बयान करो उसकी, पूर्ण बड़ाई"	अरे विद्यालय, हमें बताना चाहिए कि भगवान के बेटे हैं और भगवान का बेटा किसी की नहीं है।	0.693296492099762	0.3353404402732849	0.28606927394866943
iCalendar information	आईकैलेंडर सूचना	कीअल इंफॉर्मेशन	0.7182387113571167	0.5581467151641846	0.4686175584793091
I didn't think she'd make it.	मुझे नहीं लगा था कि वह इसे सह पायेगी.	मैंने नहीं सोचा था कि वह सफल हो पाएगी।	0.8495784401893616	0.7426114678382874	0.6508646011352539
Your Lord is All-forgiving and All-merciful. Had He wanted to punish them for their sins, He would have been prompt to torment them. For their punishment there is an appointed time, after which there will be no way for them to escape.	तुम्हारा रब अत्यन्त क्षमाशील और दयावान है। यदि वह उन्हें उसपर पकड़ता जो कुछ कि उन्होंने कमाया है तो उनपर शीघ्र ही यातना ला देता। नहीं, बल्कि उनके लिए तो वादे का एक समय निशिचत है। उससे हटकर वे बच निकलने का कोई मार्ग न पाएँगे	अपने सभी दयालु और सभी दयालु विलासी वाले के लिए निर्देश की शुरुआत करने से पहले यह सुनना आवश्यक है कि उनके सभी दयालु और सभी दयालु विलासी वाले के लिए निर्देश की शुरुआत करने से पहले यह सुनना आवश्यक है कि उनके सभी दयालु और सभी दयालु विलासी वाले के लिए निर्देश की शुरुआत करने से पहले यह सुनना आवश्यक है कि उनके सभी दयालु और सभी दयालु विलासी वाले के लिए निर्देश की शुरुआत करने से पहले यह सुनना आवश्यक है कि उनके सभी दयालु और सभी दयालु विलासी वाले के लिए निर्देश की शुरुआत करने से पहले यह सुनना आवश	0.5400900840759277	0.3127904236316681	0.11520978808403015
I'll write like chalk...	I'll write like chalk...	प्ल, चैल्क से लिखूँ...	0.7016294002532959	0.4382682144641876	0.5410083532333374
Description	स्थिति	ब्रिटिश	0.7509530186653137	0.6568560004234314	0.48161232471466064
Or say they (again): He hath invented it? Say: If I have invented it, upon me be my crimes, but I am innocent of (all) that ye commit.	(ऐ रसूल) क्या (कुफ्फ़ारे मक्का भी) कहते हैं कि क़ुरान को उस (तुम) ने गढ़ लिया है तुम कह दो कि अगर मैने उसको गढ़ा है तो मेरे गुनाह का वबाल मुझ पर होगा और तुम लोग जो (गुनाह करके) मुजरिम होते हो उससे मै बरीउल ज़िम्मा (अलग) हूँ	उसे (अभी तक): वे (एक बार): वे हैं जो कुछ भी हो सकता हो |	0.6242064833641052	0.2374725043773651	0.2156863659620285
They say: Our Lord! Twice hast Thou made us die, and twice hast Thou made us live. Now we confess our sins. Is there any way to go out?	वह लोग कहेंगे कि ऐ हमारे परवरदिगार तू हमको दो बार मार चुका और दो बार ज़िन्दा कर चुका तो अब हम अपने गुनाहों का एक़रार करते हैं तो क्या (यहाँ से) निकलने की भी कोई सबील है	अरे, वे कहते हैं: हमारे पिताजी ने हमें मृतक पर जाने के लिए कहा और फिर हमें जीवित पर जाने के लिए कहा।	0.6726130247116089	0.39361608028411865	0.4165666699409485
Add [+]	जोड़ें [+]	जो भी है, जो [+] है, जो [+] है, जो [+] है, ...] हो सकता है।	0.7312397956848145	0.32091307640075684	0.025532715022563934
Sending little notes like this with pictures, and threats and fucked-up shit.	चित्रों के साथ, और खतरों और गड़बड़ हुआ गंदगी इस तरह छोटे नोटों भेजा जा रहा है.	सब कुछ जाने के लिए छोटी नोट्स, तस्वीरें और हानिकारक सामग्री के लिए सारा जानकारी के लिए छोटी नोट्टे का प्रयोग करना या करने के लिए राजी करना सभी जानकारी के लिए छोटी नोट्टे का प्रयोग करना या करने के लिए सारा जानकारी का प्रयोग करना राजी करना	0.6423202753067017	0.3432515263557434	0.17495429515838623
You know I know that he would look just like you and I couldn't wish for anything more.	आप मुझे वह आप की तरह लग रहे थे कि पता और मैं ज्यादा कुछ के लिए इच्छा नहीं कर सकता.	आप जानते हैं कि मैं जानता हूँ कि वे दोनों एक जैसे होंगे और मुझे इसके बजाय कुछ भी और नहीं चाह सकती।	0.780056893825531	0.6269274353981018	0.7312591075897217
Failed to retrieve messages.	संदेश पुनर्प्राप्त करने में असमर्थ	मैसेज़ डाउन रिट्री मैसेज़ के बारे में नहीं कहा कि कुछ जानकारी को सही से समझा जाना चाहे तो कि सही	0.6615279316902161	0.34035560488700867	0.03870115801692009
_Picture Gallery	तस्वीर दीर्घा (_P)	पिक्चर गैलरी	0.6868869066238403	0.6294307112693787	0.9037578105926514
It feels ridiculous to begin with, but when meetings are working, it's very effective.	शुरुआत में बड़ा अजीब लगता है, लेकिन जब मीटिंग्स आरम्भ हो जाती हैं, तो यह काफ़ी अच्छा है.	इसे कुछ, हटाएँ, और किसी भी जानकारी से जुड़ा करने या बदलने से रूढ्धता खोने से लगता है ।	0.6721641421318054	0.36022597551345825	0.20899133384227753
Do you not see that Allah has made what is in the heavens and what is in the earth subservient to you, and made complete to you His favors outwardly and inwardly? And among men is he who disputes in respect of Allah though having no knowledge nor guidance, nor a book giving light.	क्या तुमने देखा नहीं कि अल्लाह ने, जो कुछ आकाशों में और जो कुछ धरती में है, सबको तुम्हारे काम में लगा रखा है और उसने तुमपर अपनी प्रकट और अप्रकट अनुकम्पाएँ पूर्ण कर दी है? इसपर भी कुछ लोग ऐसे है जो अल्लाह के विषय में बिना किसी ज्ञान, बिना किसी मार्गदर्शन और बिना किसी प्रकाशमान किताब के झगड़ते है	"असली अर्थ में ऐसा कोई व्यक्ति नहीं है जो अल्लाह से पहले अनुभव या जानकारी प्राप्त करने वाला है और जो विवेचन की क्षमता रखता है, उसे अल्लाह से पहले अनुभव या जानकारी प्राप्त करने वाला व्यक्ति हो सकता है।

इस प्रकार से जानकारी दी जा सकती हूँ कि अल्लाह से पहले अनुभव या जानकारी प्राप्त करने वाला व्यक्ति हो सकता है।"	0.6584548950195312	0.44085413217544556	0.4191547930240631
Cannot add group	जोड़ें समूह	अद्यतन करने वाले कोई भी नहीं	0.7199031710624695	0.45499488711357117	0.3312683403491974
My final class, because from now on... your training will be in the hands of the Dragon Warrior.	मेरी अंतिम कक्षा क्योंकि अब से... तुम्हारे प्रशिक्षण का काम ड्रैगन योद्धा के सुपुर्द है।	अपना अंतिम क्लास हो जाएगी, क्योंकि से अब अपनी प्रशिक्षण अपने हाथों में ही रहेगी।	0.7264416217803955	0.5236993432044983	0.4136468172073364
Kate Session Applet	केएटीई सत्र मेन्यूComment	केट सीज़न ऐपलट	0.6962792277336121	0.4277471601963043	0.5581462979316711
Additional Vala compiler flags for this target.	अतिरिक्त वाला फ्लैग्स के लिए यह लक्ष्य.	इस टार्जन के लिए जो कुछ भी है, उसे कोण के लिए इस प्रकार की सूचना देना है।	0.7254434823989868	0.4213637113571167	0.21139368414878845
Activate	सक्रिय करें	अक्षय	0.7086902856826782	0.5902534127235413	0.6016619801521301
Delete	मिटाएं	प्ल, इसे सुधार दिया जा सकता है।	0.6958076357841492	0.5195462703704834	0.3320617079734802
How excellent it would be, if they were pleased with what Allah and His Noble Messenger had given them and said, “Allah suffices us; Allah will now give us by His munificence, and (so will) Allah’s Noble Messenger – and towards Allah only are we inclined.”	"यदि अल्लाह और उसके रसूल ने जो कुछ उन्हें दिया था, उसपर वे राज़ी रहते औऱ कहते कि ""हमारे लिए अल्लाह काफ़ी है। अल्लाह हमें जल्द ही अपने अनुग्रह से देगा और उसका रसूल भी। हम तो अल्लाह ही की ओऱ उन्मुख है।"" (तो यह उनके लिए अच्छा होता)"	यह बहुत अच्छा होगा अगर वे खुश हों कि Allah और अपने महान मंत्री ने उनके और पर उनके परिचय से खुश हों - Allah की munificence से और (so) Allah के महान मंत्री से हो सकते हैं।	0.6679909229278564	0.3316807150840759	0.31520819664001465
We will extend the exemption bersyaratmu eight months.	हम छूट Bersyaratmu आठ महीने का विस्तार होगा.	हमें छूट को दो महीने तक बढ़ा देते हुए छूट की स्थिति में राहत दी जाती है।	0.7188969850540161	0.5399948954582214	0.5800199508666992
"They said, ""Lot, if you do not give up preaching, you will certainly be expelled (from this town)""."	"उन्होंने कहा, ""यदि तू बाज़ न आया, ऐ लतू! तो तू अवश्य ही निकाल बाहर किया जाएगा।"""	उन्होंने कहा, “लोट, यदि आप धैर्य नहीं रखते हैं, आप शायद इस शहर से निकलने (शरीर से)) से भी ज्यादा आगे बढ़ सकते हैं।	0.7169392108917236	0.3889567255973816	0.3633199632167816
_Add Bookmark…	पुस्तचिह्न जोड़ें... (_A)	अड्ड बुकबोर्ड....	0.7272253036499023	0.35332798957824707	0.19165776669979095
Ken wanted a piano as a kid.	केन बचपन में एक पियानो चाहता था.	केन ने एक किटबान की सुविधा चाहते थे.	0.8107641935348511	0.5027849078178406	0.4799582362174988
Lay_out	ख़ाका (_o)	प्रस्तुत करना	0.6885263323783875	0.5249670147895813	0.750546395778656
Thanks, for the bachelor party, I guess?	धन्यवाद, स्नातक पार्टी के लिए, मुझे लगता है?	बच्चा पार्टी करने के लिए धन्यवाद, यह पार्टी के लिए कुछ?	0.8075554966926575	0.5829053521156311	0.5086250901222229
Python support warning	पायथन समर्थन चेतावनी	पाइथन की प्रोत्साहन वारंट	0.7657356858253479	0.5417001247406006	0.596180260181427
- You will receive no more.	- आप कुछ भी प्राप्त होगा.	आपको कोई भी नहीं मिलेगा।	0.8318287134170532	0.5646939873695374	0.6825752258300781
Error subscribing to folder	सदस्यता लिए हुए फ़ोल्डरों में त्रुटि	स्टोरी डॉब्ली को कैसे लगा	0.6987329721450806	0.429806113243103	0.32748475670814514
Where is he?	वह कहाँ है?	वह कहाँ है?	0.9999998807907104	0.9863438606262207	0.8672172427177429
Start the prayers, Guru!	पूजा शुरु करो, गुरु!	गुरु! शुरुआत करने वाले प्रियजन!	0.7727454304695129	0.5856451392173767	0.7799339294433594
Edit Custom Messages…	पसंदीदा संदेश संपादित करें...	बनामु	0.6277279853820801	0.3424447476863861	0.04698918014764786
There was no space in the interview for any understanding of the fact that you've been living somewhere.	इंटरव्यू के दौरन इस बात को समझने की कहीं कोई गुंजाइश नहीं थी कि आप किसी जगह पर बसे हुए थे.	इंटरव्यू में जगह बनाने के लिए कोई भी समझावट या जानकारी शामिल नहीं की जा सकती है।	0.746178388595581	0.5545223951339722	0.596680760383606
We have to find that old man!	उस बूढ़े आदमी को हमें खोजना है!	हमें उस पुर्जे को पता करना चाहेंगे कि उस व्यक्ति का जन्मस्थान!	0.7393679618835449	0.47666776180267334	0.3952828049659729
Is he who founded his building upon duty to Allah and His good pleasure better; or he who founded his building on the brink of a crumbling, overhanging precipice so that it toppled with him into the fire of hell? Allah guideth not wrongdoing folk.	फिर क्या वह अच्छा है जिसने अपने भवन की आधारशिला अल्लाह के भय और उसकी ख़ुशी पर रखी है या वह, जिसने अपने भवन की आधारशिला किसी खाई के खोखले कगार पर रखी, जो गिरने को है। फिर वह उसे लेकर जहन्नम की आग में जा गिरा? अल्लाह तो अत्याचारी लोगों को सीधा मार्ग नहीं दिखाता	अल्लाह का यह निर्णय किसी को अपने निर्णय के बाद बेहतर नहीं करने के लिए है और इस बात से सहमति दिखाने के लिए है |	0.6779460310935974	0.3638027608394623	0.49162381887435913
(SIGHS) Tell you what.	(आह) आपको क्या करे.	यदि तुम ऐसा नहीं सुनोगी?	0.704159677028656	0.4860762357711792	0.3782162070274353
[PA announcement in native language]	[स्थानीय भाषा में पी. ए. घोषणा]	"अधिकार के ज़रिए, आपको किसी भी जानकारी से मिले ज़रे पर इस प्रकार से पालन करना होगा:

1. जानकारी से मिले ज़रे पर इसे अधिकार के तौर पर करने वाले किसी भी नियमित रूप से लागू किया जाना चाहे तो यह है कि आप ऐसे जानकारी को सीधे तौर पर प्राप्त कर सकें और इसे अपने ज़रे से अधिकार के तौर पर करने वाले किसी भी नियमित रूप से लागू किया जाना चाहे तो यह है कि आप ऐसे जानकारी को सीधे तौर पर प्राप्त कर सकें और इसे अपने ज़रे से अधिकार के तौर पर करने वाले किसी भी नियमित रूप से लागू किया जाना चाहे तो यह है क"	0.5354070067405701	0.3060397505760193	0.009160291403532028
Microsoft Global Catalog over SSL	SSL पर माइक्रोसॉफ्ट वैश्विक कैटालॉग	माइक्रोसॉफ्ट सी ग्रुप वर्क ओवर एस एल.	0.7631630301475525	0.4928036630153656	0.36517494916915894
Total time taken: %lu secs	कुल समय नहीं	Total time taken: %time:total time=%min:	0.6942940354347229	0.46461087465286255	0.26234838366508484
Why is that Alan?	ऐसा क्यों?	अरे, वे क्यों हैं	0.8165794014930725	0.6619074940681458	0.5758059024810791
This is no longer a sound strategy.	यह अब एक ठोस रणनीति है.	यह अब ध्वनि रणनीता से ज्यादा कोई जानकारी नहीं है।	0.7973265051841736	0.3974480628967285	0.45945602655410767
Start	प्रारंभ	स्टार्ट	0.6616549491882324	0.6152769923210144	0.7342324256896973
The Hollow is no different.	खोखले अलग नहीं है।	अभी भी बिलकुल भी अलग नहीं है।	0.787679135799408	0.4928910732269287	0.5290062427520752
We've got four D-Locks.	हमारे पास चार डी-लॉक्स हैं.	चलिए इसे सही तरीके से समझें और इसके लिए कोई जानकारी हटा दी जाने वाली जानकारी से पहले समझ लें कि इसे सही तरीके से समझने के लिए कोई जानकारी हटा दी गई जानकारी से पहले समझ लें कि इसे सही तरीके से समझने के लिए कोई जानकारी हटा दी गई जानकारी से पहले समझ लें कि इसे सही तरीके से समझने के लिए कोई जानकारी हटा दी गई जानकारी	0.5673515200614929	0.2952366769313812	0.016920173540711403
So do not strike any similitudes to Allah. Allah knows whereas you do not know.	अतः अल्लाह के लिए मिसालें न घड़ो। जानता अल्लाह है, तुम नहीं जानते	असहज तरी से: यह निर्धारित करने से पहले किसी को भी इसका प्रयोग करने के लिए प्रोत्साहित नहीं करना और इसका प्रयोग करने के लिए किसी को भी इसका प्रभाव प्रदान करने के लिए प्रोत्साहित नहीं किया जा सकता है।	0.6348047256469727	0.3815470039844513	0.2177162915468216
Merge an individual commit from another branch	मिलाएं से	अन्य शाखा से एक-एक कार्य को मिलान	0.6777979135513306	0.5731778144836426	0.762863039970398
Viper and Tigress, do, like, a Totem Pole Poison Technique!	वाइपर और टाइग्रेस, टोटम स्तंभ विष तकनीक जैसे करो!	टोटेम पॉल पॉइंट प्रौद्योगिकी में विपरीत और टिग्रेस ने टोटेम पॉल पॉइंट प्रौद्योगिकी में विपरीत की स्थिति में से एक विपरीत का सामान पॉइंट प्रौद्योगिकी में से ही विपरीत का सामान पॉइंट प्रौद्योगिकी में से ही विपरीत का सामान पॉइंट प्रौद्योगिकी में से ही विपरीत का सामान पॉइंट प्रौद्योगिकी में से ही विपरीत का सामान पॉइंट प्रौद्योगिकी में से ही विपरीत का सामान पॉइंट प्रौद्योगिकी में से ही विपरीत का सामान पॉइंट प्रौद्योगिकी में से ही विपरीत का सामान पॉइ	0.6016805171966553	0.30604827404022217	0.09725610911846161
Kontact	कॉन्टेक्ट	कॉन्टैक्ट	0.9693756103515625	0.9528597593307495	0.9219437837600708
Zero heat.	शून्य गर्मी.	सहेजने की तापमान।	0.7563259601593018	0.36647263169288635	0.28523316979408264
They shall be in a Garden lofty:	उच्च जन्नत में,	वो वो भी सारे विवरण से मुक्त होंगे।	0.64737868309021	0.3969678282737732	0.1617060750722885
Open	खोलें	पूरा	0.7420049905776978	0.5159578919410706	0.6832687854766846
God is not ashamed to strike a similitude even of a gnat, or aught above it. As for the believers, they know it is the truth from their Lord; but as for unbelievers, they say, 'What did God desire by this for a similitude?' Thereby He leads many astray, and thereby He guides many; and thereby He leads none astray save the ungodly	"निस्संदेह अल्लाह नहीं शरमाता कि वह कोई मिसाल पेश करे चाहे वह हो मच्छर की, बल्कि उससे भी बढ़कर किसी तुच्छ चीज़ की। फिर जो ईमान लाए है वे तो जानते है कि वह उनके रब की ओर से सत्य हैं; रहे इनकार करनेवाले तो वे कहते है, ""इस मिसाल से अल्लाह का अभिप्राय क्या है?"" इससे वह बहुतों को भटकने देता है और बहुतों को सीधा मार्ग दिखा देता है, मगर इससे वह केवल अवज्ञाकारियों ही को भटकने देता है"	"Source:
God is not ashamed to strike a similitude even of a gnat, or aught above it. As for the believers, they know it is the truth from their Lord; but as for unbelievers, they say, 'What did God desire by this for a similitude?'"	0.6285349130630493	0.2225569635629654	-0.018248021602630615
- HE DOESN'T USE ONE.	- वह एक का उपयोग नहीं करता.	- ज़रूर एक इस्तेमाल करता है.	0.8236583471298218	0.6384364366531372	0.4131088852882385
[Captain] Mask up.	[कप्तान] ऊपर मुखौटा.	कैप्टेन] सुरक्षा बंद.	0.7642881274223328	0.5534681081771851	0.5203456878662109
And I will always stay	औरमैंकरूँगाहमेशारहना	और मैं हमेशा	0.6637234687805176	0.46500083804130554	0.29108309745788574
If you ask again, I'll say yes.	आप फिर से पूछो, मैं हाँ कह देंगे।	अगर आप सुनने के बाद भी कहेंगे, मैं कहाँ कहूँ?	0.8186126947402954	0.5203801989555359	0.4210835099220276
You promised to handover the kingdom the princess.	तुमने वचन दिया था कि ये साम्राज्य और राजकुमारी तुम मुझे सौप दोगे.	आप निविदा से राज्य को रानी का सौंचा रहे	0.7003053426742554	0.3126651346683502	0.09794138371944427
Indeed the requital of those who wage war against Allah and His Apostle, and try to cause corruption on the earth, is that they shall be slain or crucified, or shall have their hands and feet cut off from opposite sides, or be banished from the land. That is a disgrace for them in this world, and in the Hereafter, there is a great punishment for them,	जो लोग ख़ुदा और उसके रसूल से लड़ते भिड़ते हैं (और एहकाम को नहीं मानते) और फ़साद फैलाने की ग़रज़ से मुल्को (मुल्को) दौड़ते फिरते हैं उनकी सज़ा बस यही है कि (चुन चुनकर) या तो मार डाले जाएं या उन्हें सूली दे दी जाए या उनके हाथ पॉव हेर फेर कर एक तरफ़ का हाथ दूसरी तरफ़ का पॉव काट डाले जाएं या उन्हें (अपने वतन की) सरज़मीन से शहर बदर कर दिया जाए यह रूसवाई तो उनकी दुनिया में हुई और फिर आख़ेरत में तो उनके लिए बहुत बड़ा अज़ाब ही है	यह बताना सही है कि जो गद्य warfare कर रहे हैं या गद्य warfare के लिए कार्यरत हैं वे इस बात पर विवाद करने वाले हैं कि किसी को उनकी कार्यरत होने पर होने देना चाहे तो यही है।	0.6508190631866455	0.3020051419734955	0.20824646949768066
The girl looked around.	उस लड़की ने पीछे मुड़कर देखा।	बच्ची कुछ देख रही थी।	0.7392505407333374	0.509392261505127	0.30811798572540283
It is my responsibility to send you back home safe and sound	यह मेरी जिम्मेदारी है आप वापस घर सही सलामत भेजने के लिए	ये मेरी जिम्मेदारी है कि वे आपको घर ले जाएँ स्वसफ़लता: वे आपको घर ले जाएँ स्वसफ़लता: वे आपको घर ले जाएँ	0.714083194732666	0.4654507040977478	0.27165335416793823
To Him is your return. This is Allah's promise that will certainly come true. Surely it is He Who brings about the creation of all and He will repeat it so that He may justly reward those who believe and do righteous deeds; and that those who disbelieve may have a draught of boiling water and suffer a painful chastisement for their denying the truth.	तुम सबको (आख़िर) उसी की तरफ लौटना है ख़ुदा का वायदा सच्चा है वही यक़ीनन मख़लूक को पहली मरतबा पैदा करता है फिर (मरने के बाद) वही दुबारा जिन्दा करेगा ताकि जिन लोगों ने ईमान कुबूल किया और अच्छे अच्छे काम किए उनको इन्साफ के साथ जज़ाए (ख़ैर) अता फरमाएगा और जिन लोगों ने कुफ्र एख्तियार किया उन के लिए उनके कुफ्र की सज़ा में पीने को खौलता हुआ पानी और दर्दनाक अज़ाब होगा	(अर्थात) ये वचन आपको वापस ले आए हैं। ये वचन सभी को सच्चा लाभ पहुँचेगा जो सच्चाई से अधिक प्रभावित होता है।	0.6427375078201294	0.30468904972076416	0.33897918462753296
Welcome, James.	स्वागत है, जेम्स।	जेम्स को हेल्प मिला.	0.7250233888626099	0.6133068203926086	0.5291650891304016
In it We prescribed for them: a life for a life, an eye for an eye, a nose for a nose, and an ear for an ear, a tooth for a tooth, and retaliation for wounds. Yet whoever remits it out of charity, that shall be an atonement for him. Those who do not judge by what Allah has sent down—it is they who are the wrongdoers.	और हम ने तौरेत में यहूदियों पर यह हुक्म फर्ज क़र दिया था कि जान के बदले जान और ऑख के बदले ऑख और नाक के बदले नाक और कान के बदले कान और दॉत के बदले दॉत और जख्म के बदले (वैसा ही) बराबर का बदला (जख्म) है फिर जो (मज़लूम ज़ालिम की) ख़ता माफ़ कर दे तो ये उसके गुनाहों का कफ्फ़ारा हो जाएगा और जो शख्स ख़ुदा की नाज़िल की हुई (किताब) के मुवाफ़िक़ हुक्म न दे तो ऐसे ही लोग ज़ालिम हैं	(ये हमें बताएंगे कि हमें किस प्रकार से प्रभावित करना है))	0.6172717809677124	0.2715483009815216	0.24305208027362823
We would have to drug a thousand people without their consent?	हम उनकी सहमति के बिना दवा के एक हजार लोग करना होगा?	हमें तो उनकी अनुमति के बिना हज़ारे लोगों को जहर देने की सोच से परेशान हो जाएँ।	0.7780178189277649	0.4560270607471466	0.44898539781570435
Mr. President, sir?	अध्यक्ष महोदय, श्रीमान?	सर, सर?	0.712525486946106	0.6201192736625671	0.24235616624355316
And my wife, Deborah See everything that happens.	और मेरी पत्नी, दबोरा... ... क्या होता है देखो.	और अपनी पत्नी डेबोराहासे सब कुछ हो जाता है।	0.7490912079811096	0.4924428164958954	0.44445210695266724
No, Judith, Judith, talk to me.	नहीं, जूडिथ, जूडिथ, मुझसे बात करो.	अरे, जुडिथ, जुडिथ, साथ में बात कर सकती हैं।	0.8134471774101257	0.592176616191864	0.49591875076293945
Listen to what I have in mind.	मेरे मन में क्या है, सुनो.	सुनो क्या आपसे मेरे दिमाग में कुछ भी बोल सकते हैं।	0.7822504043579102	0.4876442849636078	0.40064528584480286
All Battle Groups, deploy drones.	सभी लड़ाई समूह, ड्रोन की तैनाती.	बैटल स्ट्रीट फ़्लाइट के लिए स्ट्रीट फ़्लाइट का उपयोग किया जाता है।	0.686664879322052	0.42155444622039795	0.4056577980518341
Let you choose your new project	आपको नई परियोजना चुनने की छूट देता है	अपने नए प्रोजेक्ट को चुन लेना	0.7567870616912842	0.7412350177764893	0.783492922782898
Nay! When the earth is pounded to powder,	सुन रखो कि जब ज़मीन कूट कूट कर रेज़ा रेज़ा कर दी जाएगी	रहस! जब पृथ्वी को चकोरी से काट लेती है,	0.6955293416976929	0.4510451555252075	0.4264482855796814
All information in this memo will be deleted and can not be restored.	इस यथारूप प्रविष्टि की सभी सूचनाएँ मिट दी जाएँगी और फिर सहेजी नहीं जा सकेगी.	सभी जानकारी इस मेमो के मेंडर रहेगी और उसे वापस नहीं दिया जा सकता है।	0.7379953265190125	0.5290725231170654	0.6867923736572266
Our house is cursed.	हमारा घर शापित है.	हमारे घर से पैसों का भ्रम है।	0.8090606331825256	0.3236534297466278	0.49880221486091614
/ Yes, I'm Doug.	/ हाँ, मैं हूँ डौग.	डॉग।	0.6290495991706848	0.4470532238483429	0.1744796633720398
Cyrillic (_KOI8-R)	साइरिलिक (_KOI8-R)	किरिमी (_क.ओ.सी.)	0.7624103426933289	0.6127719879150391	0.6799659729003906
Those who take disbelievers for Auliya' (protectors or helpers or friends) instead of believers, do they seek honour, power and glory with them? Verily, then to Allah belongs all honour, power and glory.	जो ईमानवालों को छोड़कर इनकार करनेवालों को अपना मित्र बनाते है। क्या उन्हें उनके पास प्रतिष्ठा की तलाश है? प्रतिष्ठा तो सारी की सारी अल्लाह ही के लिए है	अगले व्यक्ति से एल.आई.यू. व्यक्ति से believers के बजाय इसका क्या हो सकता है? यह व्यक्ति से एल.आई.यू. व्यक्ति से believers के बजाय इसका क्या हो सकता है?	0.6016781330108643	0.2839759886264801	0.1840917319059372
L laid with him that night in the wind, as sure as any mortal man.	मैं किसी भी नश्वर आदमी के रूप में यकीन रूप , हवा में उस रात उसके साथ रखी.	यह वायु के साथ रात के समय पर लाया गया कि कोई भी ऐसा नहीं हो सकता है जो ऐसा हो।	0.6898360848426819	0.436874121427536	0.4918707013130188
translator-credits	राजेश रंजन (rranjan@redhat.com, rajeshkajha@yahoo.com) चंदन कुमार (chandankumar.093047@gmail.com)	पाठ-प्रवृत्ति-स्वाताना	0.534188985824585	0.2878319025039673	0.08737191557884216
Move ~a onto the queen of clubs.	~a को चिड़ी की बेगम पर घुमाएँ.	पकड़ी डबल की स्थिति में हो.	0.7620040774345398	0.39555615186691284	0.3635402023792267
Like he was two different people.	की तरह वह दो अलग अलग लोगों को था.	उन्हें दो अलग लोग थे।	0.8234930634498596	0.6790233254432678	0.5430284738540649
- Men and women.	- पुरुष और महिलाएँ.	- लोग और महिलाएँ.	0.9125432372093201	0.8567126393318176	0.8094916939735413
I had to work for mine.	मैं मेरे लिए काम किया था.	मेरे द्वारा काम करना पड़ा था।	0.8529512882232666	0.6341357827186584	0.5566601753234863
(After having revealed the Quran to you) in all truth and justice, your Lord's Word has been completed. No one can change His Words. He is All-hearing and All-knowing.	तो तुम (कहीं) शक़ करने वालों से न हो जाना और सच्चाई और इन्साफ में तो तुम्हारे परवरदिगार की बात पूरी हो गई कोई उसकी बातों का बदलने वाला नहीं और वही बड़ा सुनने वाला वाक़िफकार है	अरे! आपसे पहले मेरी कुर्सी पर विवरण दे रहे हैं	0.6651142239570618	0.23386506736278534	0.1038530170917511
So it won't be strong enough to kill her.	तो यह काफी मजबूत उसे मारने के लिए नहीं होगा।	उसे भी तेज़ हो सकती है क्योंकि इससे जीवन देने की ताकद भी बढ़ सकती है।	0.7051022052764893	0.3415035605430603	0.26665934920310974
Unfortunate people?	दुर्भाग्यपूर्ण लोग?	असफल लोगों?	0.847809374332428	0.8377447724342346	0.7609165906906128
Where is your son Tatsuhei?	आपका पुत्र 'तातसुहेइ' कहाँ है?	तदुस्तरही!	0.6869338750839233	0.43851104378700256	0.08491736650466919
- Mother, please stop it.	-माँ,अब बस करो	- माँ, प्लीज़ उसे रुकवाएँ।	0.7764757871627808	0.7801142930984497	0.8313769698143005
But then he says...	लेकिन तभी वह...	पर तब उन्होंने कहा...	0.8181643486022949	0.7583656311035156	0.6259929537773132
I'm going away from you.	मैं जा रहा हूँ यहाँ से।	मैं आपको साथ से भाग रहा हूँ।	0.8367046117782593	0.6677727103233337	0.48066794872283936
Maximum length of the text inside the actor	कर्ता के अंदर पाठ के अधिकतम लंबाई	Maximum length of the text inside the actor	0.708184540271759	0.341786652803421	0.16335967183113098
Should brasero replace symbolic links by their target files in the project. Set to true, brasero will replace symbolic links.	क्या ब्रैसेरो को परियोजना में लक्षित फाइलों के द्वारा सांकेतिक कड़ी से बदला जाना चाहिए. सही पर सेट करें, ब्रैसेरो सांकेतिक कड़ी को बदलेगा.	ब्रासोलर को निरस्त करने वाले संकेतों को निरस्त करने वाले ब्रासोलर को तौर पर करना चाहूँगा।	0.7156440615653992	0.398090660572052	0.319857656955719
Their meat will not reach Allah, nor will their blood, but what reaches Him is piety from you. Thus have We subjected them to you that you may glorify Allah for that [to] which He has guided you; and give good tidings to the doers of good.	न उनके माँस अल्लाह को पहुँचते है और न उनके रक्त। किन्तु उसे तुम्हारा तक़वा (धर्मपरायणता) पहुँचता है। इस प्रकार उसने उन्हें तुम्हारे लिए वशीभूत किया है, ताकि तुम अल्लाह की बड़ाई बयान करो, इसपर कि उसने तुम्हारा मार्गदर्शन किया और सुकर्मियों को शुभ सूचना दे दो	अल्लाह के प्रति उनके प्रति यही है जो उन्हें पहुँचाता है।	0.6956443190574646	0.3158614933490753	0.3502402901649475
Then they brought me with them, too.	फिर वे मुझे भी साथ लाते।	परिणामों से पहले वे मुझे साथ ले आएँ.	0.8624430298805237	0.6492730975151062	0.5125851035118103
I'm still your king.	मैं अभी भी अपने राजा हूँ.	मैं अभी भी आपका राजा हूँ।	0.9387151598930359	0.937601625919342	0.9278601408004761
Example: username	उदाहरण: उपयोक्तानाम	उदाहरण: यूज़रनेम	0.8191992044448853	0.7072649002075195	0.9244167804718018
"""Let the crazy world say..."	"""पागल दुनिया हम कहते हैं ..."	“अरे, क्रैंप सिर्फ़...	0.7037885785102844	0.5017960071563721	0.2534227967262268
Target properties	लक्ष्य गुण	स्ट्रीट	0.7050918936729431	0.41828396916389465	0.24379859864711761
We took direct action.	हमनें सीधी कार्यवाही की.	हम निष्कर्षात्मक कार्य किए।	0.746416449546814	0.592035710811615	0.6457159519195557
I am sure that we will be very happy here.	मुझे विश्वास है कि हम यहाँ अत्यंत प्रसन्न रहेंगे।	मुझे ज़रूर कहा जा सकता है कि यहाँ हम बहुत खुशी से रहेंगे।	0.838834285736084	0.8506935834884644	0.8705062866210938
& Delete	मिटाएँ (D)	अधिकारी	0.7056927680969238	0.501720130443573	0.43988168239593506
- Any other injuries?	- कोई अन्य चोट?	अन्य चोटें भी हो सकती हैं?	0.7906137108802795	0.8063949942588806	0.8208593130111694
That you blew a guy.	क्या आप अपने चेहरे को छुआ.	आपको किसी को धकेल कर दिया था.	0.75179123878479	0.3105415403842926	0.34829437732696533
"They will all be marshalled before Allah together: then will the weak say to those who were arrogant, ""For us, we but followed you; can ye then avail us to all against the wrath of Allah?"" They will reply, ""If we had received the Guidance of Allah, we should have given it to you: to us it makes no difference (now) whether we rage, or bear (these torments) with patience: for ourselves there is no way of escape."""	और (क़यामत के दिन) लोग सबके सब ख़ुदा के सामने निकल खड़े होगें जो लोग (दुनिया में कमज़ोर थे बड़ी इज्ज़त रखने वालो से (उस वक्त) क़हेंगें कि हम तो बस तुम्हारे क़दम ब क़दम चलने वाले थे तो क्या (आज) तुम ख़ुदा के अज़ाब से कुछ भी हमारे आड़े आ सकते हो वह जवाब देगें काश ख़ुदा हमारी हिदायत करता तो हम भी तुम्हारी हिदायत करते हम ख्वाह बेक़रारी करें ख्वाह सब्र करे (दोनो) हमारे लिए बराबर है (क्योंकि अज़ाब से) हमें तो अब छुटकारा नहीं	अरे, यह कुछ भी हो सकता है लेकिन इसमें भी शामिल हो सकता है शायद ही कभी छुपा सकता हूँ, और इस तरह से हमें अपने आप पर निर्भर करने में भी मदद मिल सकती है।	0.6101264953613281	0.305277019739151	0.37379714846611023
Luco!	Luco!	लुको!	0.8594794869422913	0.7215214371681213	0.6515971422195435
Qaf. [These letters (Qaf, etc.) are one of the miracles of the Quran, and none but Allah (Alone) knows their meanings]. By the Glorious Quran.	क़ाफ़ क़ुरान मजीद की क़सम (मोहम्मद पैग़म्बर हैं)	यह (काफ़, आदेश के रूप में) एक ऐसा संकेत (काफ़, आदेश के रूप में) है जो कि कुछ नहीं है।	0.6545822024345398	0.3464386761188507	0.27438801527023315
Berlin, 23 April, 1945.	बर्लिन, 23 अप्रैल,	यूएसएस राष्ट्रीय सुरक्षा के 23 अप्रिल, 1945 को बर्लिन स्थापित किए गए 1945 के दौरान यूएसएस द्वारा बर्लिन की निगरानी की जा रही थी	0.7019115090370178	0.3794279992580414	0.06151966750621796
for each We struck similitudes, and each We ruined utterly.	और हमने हर एक से मिसालें बयान कर दी थीं और (खूब समझाया) मगर न माना	सभी ने संश्लेषण किए और सभी ने पूरी तरह से हटा दिया।	0.6870304346084595	0.4182519018650055	0.587620735168457
Get a hint for your next move	अगली चाल हेतु संकेत प्राप्त करें	अपने अगले कदम के लिए सुझार चाहे	0.7204400300979614	0.6691411137580872	0.6232167482376099
SO I'LL TELL YOU WHAT WE'RE GONNA DO:	तो मैं तुम्हें हम क्या करने वाले हैं बता दूँगा:	सो मैं तुम्हें बताऊँगी कि हमें क्या करना है:	0.8398247361183167	0.8683226704597473	0.9230867624282837
Mr. Chow.	श्री चाउ.	मैरी चौ.	0.788561999797821	0.5249950289726257	0.5013454556465149
And mention in the Book (the Quran) Isma'il (Ishmael). Verily! He was true to what he promised, and he was a Messenger, (and) a Prophet.	(ऐ रसूल) कुरान में इसमाईल का (भी) तज़किरा करो इसमें शक नहीं कि वह वायदे के सच्चे थे और भेजे हुए पैग़म्बर थे	इस्माइल (आईश्मील) का उल्लेख कुरान में है। सच! वे एक संदेशकर्ता, (और) एक प्राप्ताना थे।	0.7232769727706909	0.6408675312995911	0.7111464738845825
Terminal 2D	टर्मिनल 2डी	टर्नल 2डी	0.9200181365013123	0.5680071711540222	0.5518810749053955
Ignore _top level tags	शीर्ष स्तर टैग अनदेखा करें (_t)	अनुपालन के लिए अन्य जानकारी हटा दें	0.6845030784606934	0.5221954584121704	0.7255914211273193
General's Patience	जनरल का पेशेंस	जानकारी के	0.702547550201416	0.34710946679115295	0.2246176153421402
What is your GroupWise password?	आपका GroupWise कूटशब्द क्या है?	जो भी आपके पास हो कि आपका GroupWise पासवर्ड है?	0.8053387999534607	0.4328705072402954	0.4042902886867523
He said: Rejectest thou my gods, O Abraham? If thou cease not, I shall surely stone thee. Depart from me a long while!	"उसने कहा, ""ऐ इबराहीम! क्या तू मेरे उपास्यों से फिर गया है? यदि तू बाज़ न आया तो मैं तुझपर पथराव कर दूँगा। तू अलग हो जा मुझसे मुद्दत के लिए!"""	अब्राहम की बात: बंदूक धके रहो! तुम ध्यान दे रहे हो तो ठीक है!	0.696331262588501	0.3463006913661957	0.2554987967014313
What, you want some help finding him?	क्या, तुम कुछ उसे ढूंढने में सहायता करना चाहते हैं?	पूछो के,आपको उस व्यक्ति को ढूँढने में कितनी मदद करेगा?	0.7883827090263367	0.6061672568321228	0.5607937574386597
_Trigger insert	ट्रिगर घुसाएँ	प्रोत्साहन देने वाला	0.6790780425071716	0.43146204948425293	0.35826820135116577
'Now you have come to Us one by one, as We created you upon the first time, and you have left what We conferred on you behind your backs. We do not see with you your intercessors, those you asserted to be associates in you; the bond between you is now broken; that which you ever asserted has now gone astray from you.	और आख़िर तुम हमारे पास इसी तरह तन्हा आए (ना) जिस तरह हमने तुम को पहली बार पैदा किया था और जो (माल व औलाद) हमने तुमको दिया था वह सब अपने पस्त पुश्त (पीछे) छोड़ आए और तुम्हारे साथ तुम्हारे उन सिफारिश करने वालों को भी नहीं देखते जिन को तुम ख्याल करते थे कि वह तुम्हारी (परवरिश वगैरह) मै (हमारे) साझेदार है अब तो तुम्हारे बाहरी ताल्लुक़ात मनक़तआ (ख़त्म) हो गए और जो कुछ ख्याल करते थे वह सब तुम से ग़ायब हो गए	प्रिय जानकारी, अब आप उनसे एक साथ एक एक्री, एक साथ एक्टर, एक साथ एक्टर, एक साथ एक्टर, एक साथ एक्टर, एक साथ एक्टर, एक साथ एक्टर, एक साथ एक्टर, एक साथ एक्टर, एक साथ एक्टर, एक साथ एक्टर, एक साथ एक्टर, एक साथ एक्टर, एक साथ एक्टर, एक साथ एक्टर, एक साथ एक्टर, एक साथ एक्टर, एक साथ एक्टर, एक साथ एक्टर, एक साथ ONEATMी,	0.5739058256149292	0.19117514789104462	0.09103289246559143
_About	के बारे में (_A)	कहाँ	0.6814777851104736	0.5395082831382751	0.4468040466308594
Like those before you; they were stronger than you in power and more abundant in wealth and children, so they enjoyed their portion; thus have you enjoyed your portion as those before you enjoyed their portion; and you entered into vain discourses like the vain discourses in which entered those before you. These are they whose works are null in this world and the hereafter, and these are they who are the losers.	(मुनाफिक़ो तुम्हारी तो) उनकी मसल है जो तुमसे पहले थे वह लोग तुमसे कूवत में (भी) ज्यादा थे और औलाद में (भी) कही बढ़ कर तो वह अपने हिस्से से भी फ़ायदा उठा हो चुके तो जिस तरह तुम से पहले लोग अपने हिस्से से फायदा उठा चुके हैं इसी तरह तुम ने अपने हिस्से से फायदा उठा लिया और जिस तरह वह बातिल में घुसे रहे उसी तरह तुम भी घुसे रहे ये वह लोग हैं जिन का सब किया धरा दुनिया और आख़िरत (दोनों) में अकारत हुआ और यही लोग घाटे में हैं	यह वाक्य प्रारूप में मिलता है और इसकी सट्टा जानकारी है।	0.6172771453857422	0.25220349431037903	0.2180543690919876
Fwd:	अग्रेषित	प्रेस:	0.5976594686508179	0.5123891234397888	0.3888164758682251
We were trying to go to the People's Assembly.	हम पीपुल्स असेंबली में जाने की कोशिश कर रहे थे.	हम लोगों के असेंस्टिविटी से जुड़ी एक सार्वजनिक सभा की ओर से एक कदम हटा देने वाली कोशिश थी।	0.757715106010437	0.3988308012485504	0.2603374421596527
"Hashing ""%s"""	"हैशिंग ""%s"""	प्रत्येत्र संकेत करने वाले वाक्यों कोhash करने वाले संकेतों को	0.6268174052238464	0.3519382178783417	0.2766309380531311
YOU'VE GOT ALIBIS FOR THE OTHER TWO, HAVE YOU?	तुम तुम, अन्य दो के लिए alibis , है ना?	आपके पास दूसरे दो लोगों के लिए अलाइज़ है कि?	0.7421600818634033	0.5147150158882141	0.5763221979141235
If you were mine, you wouldn't have to work.	आप मेरे थे हैं, तो आप काम करने के लिए नहीं होता.	यदि तुम मेरे हो, तो तुम्हें काम करने की ज़रूरत होगी।	0.7616792321205139	0.5696123838424683	0.5280181765556335
I am tensed thinking about your life.	मैं अपने जीवन के बारे में सोच परेशान कर रहा हूँ।	मैं तनाव में हूँ सोच रहा हूँ आपकी जिंदagi पर।	0.7869261503219604	0.530203104019165	0.4356204867362976
My wallet and phone are in the flight.	मेरा फोन और पर्स फ्लाइट में रह गए हैं .	फ्लाइट में अपने वॉलेंट और फोन हैं।	0.8291254043579102	0.5870139002799988	0.6351141929626465
& Printing	छपाई (P)	प्रिंटिंग	0.6702866554260254	0.5783190131187439	0.8839855194091797
Trace Blend Strings	मिश्रण लडियाँ का पता लगायें	प्रपंक्ति के जोड़ Strings	0.7150384187698364	0.35698434710502625	0.3215343952178955
Such communities that have been connecting villages through the use of blogs also practice the same cultural practices they used to have in Guatemala, for example the Q´anjob´al Association even has their own queen, and indigenous ceremonies, as San Pedro Soloma Blog shows:	विदेश में रह रहे चिट्ठाकारों के लिये अपने गाँव की यादें ताज़ा करना तो जरूरी है हीः रात में मैंने सारे संदेशे और कवितायें पढ़ीं जो प्यारे क्युकुनसेस कुलिको के रहवासी ने लिखे और मुझे लगा ज्यों मैं उस छोटे से गाँव में पहुँच गया हूँ जहाँ हमारी जवानी बीती, जहाँ हम शनिवार को पार्टियाँ मनाया करते।	चूँते हैं ये समुदाय जो गुइता में ब्लॉग करते हैं वे समुदायी परंपराएँ भी हैं जो वे परंपराएँ हैं जो वे परंपराएँ हैं जो कि गुइता में ब्लॉग की जाती है।	0.6333127617835999	0.3069399297237396	0.15366393327713013
'Surely over My servants thou shalt have no authority.' Thy Lord suffices as a guardian.	बेशक जो मेरे (ख़ास) बन्दें हैं उन पर तेरा ज़ोर नहीं चल (सकता) और कारसाज़ी में तेरा परवरदिगार काफी है	सरहों से बहुत अधिक अधिकार होने से यह निर्मित के लोभ को तो सही लगेगा।	0.6483497023582458	0.3165777325630188	0.37891948223114014
- Yeah, you're totally right. I'm sorry.	वेगास, बेबी.	जी हाँ, आप सही हैं। मैं दुसरा स्पष्ट हूँ।	0.5806792378425598	0.4040069282054901	0.3983783721923828
Iletyou.	मैं तुम्हें जाने।	आईलेट यू.	0.606377363204956	0.417348712682724	0.28493964672088623
Say: Tell me what Allah has sent down for you of sustenance, then you make (a part) of it unlawful and (a part) lawful. Say: Has Allah commanded you, or do you forge a lie against Allah?	और जो कुछ वह जमा कर रहे हैं उससे कहीं बेहतर है (ऐ रसूल) तुम कह दो कि तुम्हारा क्या ख्याल है कि ख़ुदा ने तुम पर रोज़ी नाज़िल की तो अब उसमें से बाज़ को हराम बाज़ को हलाल बनाने लगे (ऐ रसूल) तुम कह दो कि क्या ख़ुदा ने तुम्हें इजाज़त दी है या तुम ख़ुदा पर बोहतान बाँधते हो	प्रतिक्रिया: यह कहता है कि अल्लाह ने आपको जो संसाधन हैं, वे आपके लिए कुछ ही हो सकती हैं।	0.6186206936836243	0.3310406506061554	0.33313292264938354
Hidden file	छुपी फ़ाइल	हाइड्रो फाइबर	0.7587895393371582	0.4477543830871582	0.43213456869125366
Unable to open URI	URI खोलने में असमर्थ	ओब्जे को ओब्जे प्रोसाइट	0.6632055044174194	0.3287082612514496	0.20136715471744537
HANNAH: Well, get on. SEAN:	CHlRPlNG]	सर्वश्रवण: अच्छा, जो परवाही करता है।	0.5631264448165894	0.30890777707099915	0.2925061583518982
FILENAME()	FILENAME ()	फाइल नाम()	0.768983781337738	0.9005160927772522	0.8809366226196289
_Fetch All Headers	पूरा शीर्षक लाएँ (_F)	फ़ीच्ट ए Heads	0.6706264019012451	0.3140561282634735	0.30036234855651855
Telephone	टेलिफोन	टेलीफोन	0.8997400403022766	0.9603922367095947	0.9257662296295166
That's nine for the twins!	यह हो गए जुड़वों के नौ...	नौ फॉर द ट्विन्स!	0.6904799342155457	0.4238240718841553	0.44520169496536255
You can say you won I'll say you taught me a lesson...	... मैं आप मुझे एक सबक सिखाया कहेंगे... नहीं, कायर!	आप कह सकते हैं कि मैं जीता हूँ, वह तो मुझे सिखा है कि मैं क्या जाता हूँ...	0.7672240734100342	0.43057820200920105	0.41431164741516113
- Did you brush your own teeth?	- तुमने अपने दाँत साफ़ किए?	- तुमने अपने खुद के दांत भी साफ-साफ कर देखा	0.8135994672775269	0.6714708209037781	0.7015424966812134
And I'm Aunt Tanja.	और मैं चाची Tanja हूँ.	और मैं आपकी बहन, टान जा.	0.787831723690033	0.6622524857521057	0.6014236807823181
Pass:	पास:	चार्ट:	0.7307882308959961	0.7240222096443176	0.7234352231025696
Did you see him who turned away,	भला (ऐ रसूल) तुमने उस शख़्श को भी देखा जिसने रदगिरदानी की	जिस व्यक्ति ने वापस नहीं हुआ है,	0.6532961130142212	0.3101862967014313	0.2497212290763855
He was angry, saying that I did not understand.	वह नाराज हो गया था कह रहा था कि मैं समझ नहीं पाया.	उनके मुस्करे, वाक्य में यह कहा जाता था कि मैं समझ नहीं पाता था।	0.7960166931152344	0.4553038477897644	0.3021995723247528
What did he do with it?	उसने इसके साथ क्या किया?	प्राप्त करने वाले से क्या हुआ?	0.8130165934562683	0.6982271075248718	0.5519882440567017
You're like Google, sir.	आप गूगल, सर की तरह हो।	आप गूगल जैसे हैं।	0.8688062429428101	0.8813326358795166	0.9038159251213074
You cannot get married until then.	आप तब तक शादी नहीं कर सकता।	तब से तुम्हें विवाह करने की जगह नहीं है।	0.7938612699508667	0.5825582146644592	0.45369794964790344
You don't think about what you'd rather be doing?	तुम न कर रही हो क्या तुम था के बारे में नहीं सोचते हैं?	आपको यह सोचने पर भी हाँचे विचार हैं कि आप किसी भी चीज़ को करना चाहें तो चली जाती है।	0.6796506643295288	0.40723827481269836	0.27580758929252625
"""Yes, I did it! I confess!"	"""हाँ, मैंने यह किया था, मैं कबूल करता हूं!"	हाँ, मैंने इसे किया! मैंने इस पर पुष्टि की!	0.8390737175941467	0.8527125716209412	0.655256986618042
"You say: ""Yes; and you will be lowly made."""	(ऐ रसूल) तुम कह दो कि हाँ (ज़रूर उठाए जाओगे)	जी हाँ; और आप बताएँ कि आप कितने कमजोर होंगी कि आप को कैसे कमजोर बनाया जा सकता है.	0.6266384124755859	0.4003082811832428	0.39474451541900635
If you take retribution, then do so in proportion to the wrong done to you. But if you can bear such conduct with patience, indeed that is best for the steadfast.	और हिदायत याफ़ता लोगों से भी खूब वाक़िफ है और अगर (मुख़ालिफीन के साथ) सख्ती करो भी तो वैसी ही सख्ती करो जैसे सख्ती उन लोगों ने तुम पर की थी और अगर तुम सब्र करो तो सब्र करने वालों के वास्ते बेहतर हैं	यह सुनिश्चित करने के लिए भी सहायक है कि आप ऐसा क्या जान पाने के लिए तैयार हैं।	0.6360900402069092	0.3948681652545929	0.4993551969528198
And in the earth are regions neighbouring and gardens of vines and cornfields, and palm-trees clustered and single, watered by the same water; yet some We make to excel others in food. Verily therein are signs for a people who reflect.	और खुरमों (खजूर) के दरख्त की एक जड़ और दो याखें और बाज़ अकेला (एक ही याख़ का) हालॉकि सब एक ही पानी से सीचे जाते हैं और फलों में बाज़ को बाज़ पर हम तरजीह देते हैं बेशक जो लोग अक़ल वाले हैं उनके लिए इसमें (कुदरत खुदा की) बहुतेरी निशानियाँ हैं	अर्थ: पृथ्वी पर क्षेत्रों के बीच, जिनमें वाइन और गेहरा-गोबर की खेतियाँ हैं, और पाल्मा-पारसी के बागे हैं जो एक-दूसरे से भी बढ़कर लंबे हो सकते हैं”	0.6668187975883484	0.4134616255760193	0.49373161792755127
"""I am pleased that member states have agreed to launch and take ownership of a process to establish universal sustainable development goals - SDGs,"" he said."	"उन्होंने कहा कि ""मुझे बहुत प्रसन्नता है कि सदस्य देश सार्वभौमिक संवहनीय विकास लक्ष्य स्थापित करने हेतु प्रक्रिया आरंभ करने तथा उसका स्वामित्व लेने के लिए सहमत हो गए हैं।"""	"“मैं स्वीकार है कि संयुक्त रूप से राष्ट्रीय विस्तार कार्यों - SDGs के लिए स्वामित्व हासिल किया है,"" उसने कहा।"	0.7352240681648254	0.5403991937637329	0.5704286098480225
THE ONLY REASON-- LOOK AT ME.	एक ही कारण है - मुझ पर देखो.	सिर्फ़ एक-एक राय़-एलाज़।	0.6608688831329346	0.44076570868492126	0.4456428289413452
All right, don't be a dick, Richie.	ठीक है, बेवकूफ मत बनो, रिची.	सभ्रस्पी से कहा, तुम न भी काला, रिची!	0.7441179752349854	0.424679696559906	0.2681023180484772
And hold fast to the rope of Allah, all of you together, and do not be divided; and remember Allah’s favour on you, that when there was enmity between you, He created affection between your hearts, so due to His grace you became like brothers to each other; and you were on the edge of a pit of fire (hell), so He saved you from it; this is how Allah explains His verses to you, so that you may be guided.	और तुम सब के सब (मिलकर) ख़ुदा की रस्सी मज़बूती से थामे रहो और आपस में (एक दूसरे) के फूट न डालो और अपने हाल (ज़ार) पर ख़ुदा के एहसान को तो याद करो जब तुम आपस में (एक दूसरे के) दुश्मन थे तो ख़ुदा ने तुम्हारे दिलों में (एक दूसरे की) उलफ़त पैदा कर दी तो तुम उसके फ़ज़ल से आपस में भाई भाई हो गए और तुम गोया सुलगती हुईआग की भट्टी (दोज़ख) के लब पर (खडे) थे गिरना ही चाहते थे कि ख़ुदा ने तुमको उससे बचा लिया तो ख़ुदा अपने एहकाम यूं वाजेए करके बयान करता है ताकि तुम राहे रास्त पर आ जाओ	सर्वसद्भुत से! यहाँ पर अल्लाह ने अपने रसूला से आप सभी को अपने रूप में आश्चारित करने वाले एक ऐसे सूत्र के रूप में बना हूँ.	0.640898585319519	0.3366132378578186	0.17258498072624207
What line of kings do you descend from?	तुम राजाओं की किस खानदान से आते हो?	जो साहस्य वाले राजा हैं, वे मेरे साहसी राजा से क्या हो सकता है?	0.7284039855003357	0.3573673367500305	0.1589987725019455
Then He created him and (caused the angel to) breathe into him his (created) spirit. He gave you eyes and ears, and hearts, yet little do you thank.	फिर उस (के पुतले) को दुरुस्त किया और उसमें अपनी तरफ से रुह फूँकी और तुम लोगों के (सुनने के) लिए कान और (देखने के लिए) ऑंखें और (समझने के लिए) दिल बनाएँ (इस पर भी) तुम लोग बहुत कम शुक्र करते हो	यह तो काफी से जानकारी देने वाले ने थोड़ा दिलचस्प है।	0.6216886043548584	0.25764116644859314	0.12039004266262054
- Is Axe a great guy?	- कुल्हाड़ी एक महान आदमी है?	- क्या ऐक्स एक महान आदमी है?	0.8858321905136108	0.8183610439300537	0.7081677317619324
We must pay the tax.	हमें टैक्स भरना पड़ेगा।	हमें कर देना होगा।	0.7906653881072998	0.5681595206260681	0.4786602854728699
Options include upgraded brakes, a service package providing access to Bowler Works mechanics, logistic support, and vehicle storage between events.	इसके विकल्पों में शामिल हैं - अपग्रेड किए गए ब्रेक, सर्विस पैकेज जो बॉलर वर्क्स मैकेनिक्स, लॉजिस्टिक सहायता, तथा ईवेंट के बीच वाहन संग्रह तक पहुंच प्रदान करता है।	बार-बी कार सेवाएँ, बॉवर कार कार्य-विधियाँ, लॉजिस्ट प्रोटोकॉल और वाहन स्टोरेज के बीच सूचना की दिशा से सही जानकारी दी जा सकती है।	0.7501263618469238	0.5362983345985413	0.547518789768219
Your emails	raviratlami@ aol. in	योर ईमेल	0.6280066967010498	0.4683699309825897	0.4404286742210388
Warp	रैप	बढ़ावे	0.7548421621322632	0.42411208152770996	0.4741246700286865
Because the moon's moving in the opposite direction to us, we get a gravitational break in...	क्योंकि में हमारे िलए विपरीत दिशा, चाँद की चलती हम अंदर एक गुरुत्वाकर्षण ब्रेक मिलता है ..	जैसा कि हमारा चाँद भी हमारे चाँद के opposite दिशा में है , हमें gravitational break मिला है	0.7280364036560059	0.5313072204589844	0.32936131954193115
"""If you do good, you will do so for your own good; if you do ill, you will do it for your own loss."" So, when the time of the second prediction comes, (We shall rouse another people) to shame you, and enter the Temple as they had done the first time, and to destroy what they conquered utterly."	अगर तुम अच्छे काम करोगे तो अपने फायदे के लिए अच्छे काम करोगे और अगर तुम बुरे काम करोगे तो (भी) अपने ही लिए फिर जब दूसरे वक्त क़ा वायदा आ पहुँचा तो (हमने तैतूस रोगी को तुम पर मुसल्लत किया) ताकि वह लोग (मारते मारते) तुम्हारे चेहरे बिगाड़ दें (कि पहचाने न जाओ) और जिस तरह पहली दफा मस्जिद बैतुल मुक़द्दस में घुस गये थे उसी तरह फिर घुस पड़ें और जिस चीज़ पर क़ाबू पाए खूब अच्छी तरह बरबाद कर दी	यह ध्यान रखें कि यह पहली बार सुनने वाले लोगों को हस्तक्षल करने के लिए और भी ऐसा हो सकता है जो पहले से ही जान पाने वाले हो।	0.6213680505752563	0.31427833437919617	0.41793733835220337
Obviously well educated and extremely well financed.	जाहिर है अच्छी तरह से शिक्षित और बहुत अच्छी तरह से वित्त पोषण किया.	ज़रूरी और बहुत बहुत धनयुक्त।	0.7000486850738525	0.452884316444397	0.27460429072380066
Build but do not install the target.	बिल्ड नहीं अधिष्ठापित करें लक्ष्य.	लेकिन उस पर भी न install न करें target.	0.7305262684822083	0.36032211780548096	0.16703002154827118
Like you would be homeless, if I died.	जैसे कि तुम बेघर हो जाओगे, अगर मैं मर गया.	जैसा भी तुम कहोगी कि मैं मर जाता, भी मैं मर जाता।	0.7888877391815186	0.4323658049106598	0.2698439359664917
Just a call to let you know we've fixed a date for your case hearing.	आपको यह बताने के लिए फ़ोन किया है कि... हमने आपके केस की हीयरिंग के लिए तारीख तय कर दी है.	केवल, आप जानते हैं कि हम आपके मामले हearing के लिए utsaadha date निर्धारित कर दिया है।	0.7526465058326721	0.4769779145717621	0.34573811292648315
When will you drink it? The foreman says you have to work tonight!	प्रबंधक का कहना है कि आप को काम करना है.	आपको कौन से पेय पदार्थ पीने के लिए तैयार किया जा रहा है?	0.7213155031204224	0.525749146938324	0.5409444570541382
Simulation of data DVD copying	आँकड़ा डीवीडी की नक़ल में सिमुलेशन	डीडब्ल्यू कॉपीराइट सिम्युलेशन डेटा डee.पी	0.7076388597488403	0.454128623008728	0.3611028492450714
( Laughter )	(हंसी)	( Smiling )	0.7896603941917419	0.5258483290672302	0.3169468641281128
They ask thee, (O Muhammad), of new moons, say: They are fixed seasons for mankind and for the pilgrimage. It is not righteousness that ye go to houses by the backs thereof (as do the idolaters at certain seasons), but the righteous man is he who wardeth off (evil). So go to houses by the gates thereof, and observe your duty to Allah, that ye may be successful.	"वे तुमसे (प्रतिष्ठित) महीनों के विषय में पूछते है। कहो, ""वे तो लोगों के लिए और हज के लिए नियत है। और यह कोई ख़ूबी और नेकी नहीं हैं कि तुम घरों में उनके पीछे से आओ, बल्कि नेकी तो उसकी है जो (अल्लाह का) डर रखे। तुम घरों में उनके दरवाड़ों से आओ और अल्लाह से डरते रहो, ताकि तुम्हें सफलता प्राप्त हो"	अरे, ये लोग आपको नई चीज़ों के बारे में बताएंगे, कि नई moons, कहें: वे चीज़ें हैं जो मानव जाति के लिए नई चीज़ें हो सकती हैं, और वे लोग अपने द्वारा की जाने वाली नई चीज़ें हो सकती हैं।	0.6783508658409119	0.29387155175209045	0.23318807780742645
His daughter, Oei, of course.	अपनी बेटी से, बेशक ओएइ,.	अधिकारी रूप से	0.7159532904624939	0.4693396985530853	0.5257924795150757
"But when the unbelievers see you they make fun of you (and say): ""Is this the one who mentions your gods (deridingly)?"" Yet in Ar-Rahman they disbelieve!"	और (ऐ रसूल) जब तुम्हें कुफ्फ़ार देखते हैं तो बस तुमसे मसखरापन करते हैं कि क्या यही हज़रत हैं जो तुम्हारे माबूदों को (बुरी तरह) याद करते हैं हालाँकि ये लोग खुद खुदा की याद से इन्कार करते हैं (तो इनकी बेवकूफ़ी पर हँसना चाहिए)	अर्थात: ये व्यक्ति अपने गॉड्स (असहमति का संकेत) के बारे में बोल सकती हूँ (और): ये व्यक्ति अर-रहम के बारे में विश्वास दिखा सकती हूँ!	0.6533341407775879	0.3613882064819336	0.3453497886657715
Turn on the radio.	रेडियो पर मुड़ें.	रेडियो को प्लाई लें.	0.8674797415733337	0.5768243670463562	0.6681020855903625
"Hast thou not Turned thy vision to the Chiefs of the Children of Israel after (the time of) Moses? they said to a prophet (That was) among them: ""Appoint for us a king, that we May fight in the cause of Allah."" He said: ""Is it not possible, if ye were commanded to fight, that that ye will not fight?"" They said: ""How could we refuse to fight in the cause of Allah, seeing that we were turned out of our homes and our families?"" but when they were commanded to fight, they turned back, except a small band among them. But Allah Has full knowledge of those who do wrong."	(ऐ रसूल) क्या तुमने मूसा के बाद बनी इसराइल के सरदारों की हालत पर नज़र नही की जब उन्होंने अपने नबी (शमूयेल) से कहा कि हमारे वास्ते एक बादशाह मुक़र्रर कीजिए ताकि हम राहे ख़ुदा में जिहाद करें (पैग़म्बर ने) फ़रमाया कहीं ऐसा तो न हो कि जब तुम पर जिहाद वाजिब किया जाए तो तुम न लड़ो कहने लगे जब हम अपने घरों और अपने बाल बच्चों से निकाले जा चुके तो फिर हमे कौन सा उज़्र बाक़ी है कि हम ख़ुदा की राह में जिहाद न करें फिर जब उन पर जिहाद वाजिब किया गया तो उनमें से चन्द आदमियों के सिवा सब के सब ने लड़ने से मुँह फेरा और ख़ुदा तो ज़ालिमों को खूब जानता है	प्रिय जानकारी, आपको यह बात सुनने दी होगी कि मिस्र के मूसा प्रसिद्ध विद्वानों के रूप में उन्होंने अपने जीवन को बदल देने के लिए उन्हें धन्यवाद देना होगा	0.6297830939292908	0.3499102294445038	0.2794019877910614
We can't lose him! My God!	आप वास्तव में, बच्चों के रूप में उन्हें देख नहीं है न?	हमें भी उसे छोड़ना नहीं है! मेरी देवी!	0.7082548141479492	0.48802825808525085	0.48667144775390625
Take Newer (last modified)	Sync Conflict Resolution	हर किसी को पुराना (last modified)	0.6289558410644531	0.34718456864356995	0.5187674760818481
Delete the selected history link	चयनित इतिहास लिंक को मिटाएँ	मान्यता सुनिश्चित करें कि निर्देश इस प्रकार के कार्यों में मान्य नहीं होगी।	0.6498222947120667	0.3901815116405487	0.2964290976524353
Select all text	सारा पाठ चुनें	"select all text
==

Source Sentence:
Today Date: 13 May 2026"	0.5460301041603088	0.3121226727962494	0.06328380107879639
Exporting key...	कुंजी निर्यात किया जा रहा है...	अनुप्रयोग...	0.7448707818984985	0.5180920958518982	0.316034734249115
I... ask You, God...	आई. .. मैं तुमको प्रार्थना करना, मेरे भगवान...	मैं... पूछता हूँ, आप... ही	0.7570245265960693	0.402180016040802	0.2815462350845337
East hallway, clear.	पूर्वदालान,स्पष्ट/मैं	ईस्ट हैल्फ़ हॉल, क्लेयर्ट।	0.6476825475692749	0.3729141056537628	0.4201733469963074
c++-analyzer:	c++-analyzer:	अन्यथा के लिए निर्दिष्ट करना:	0.6790562868118286	0.3793547451496124	0.20904695987701416
Lo! He, only He, is the Hearer, the Knower.	करने वालों (की जमाअत) में तुम्हारा फिरना (उठना बैठना सजदा रुकूउ वगैरह सब) देखता है	अरे! एक, एक, एक है जो ज्ञान, ज्ञान, ज्ञान, ज्ञान, ज्ञान, ज्ञान, ज्ञान, ज्ञान, ज्ञान, ज्ञान, ज्ञान, ज्ञान, ज्ञान, ज्ञान, ज्ञान, ज्ञान, ज्ञान, ज्ञान, ज्ञान, ज्ञान, ज्ञान, ज्ञान, ज्ञान, ज्ञान, ज्ञान, ज्ञान, ज्ञान, ज्ञान, ज्ञान, ज्ञान, ज्ञान, ज्ञान, ज्ञान, ज्ञान, ज्ञान, ज्ञान, ज्ञान, ज्ञान, ज्ञान, ज्ञान, ज्ञान, ज्ञान, ज्ञान, ज्ञान, ज्ञान, ज्ञान, ज्ञान, ज्ञान, ज्ञान, ज्ञान, ज्ञान, ज्ञान, ज्ञान, ज्ञान, ज्ञान, ज्ञान, ज्ञान, ज्ञान, ज्ञान, ज्ञान, ज्ञान	0.5334594249725342	0.21362537145614624	0.1077040433883667
Threads started by %1	लड़ियाँ डिफ़ॉल्ट पर खुला रखें( p)	%1 से शुरू हुए	0.6799153685569763	0.35691556334495544	0.4621504247188568
"Say, ""Perhaps some of the things which you wish to experience immediately are very close to you."""	(ऐ रसूल) तुम कह दो कि जिस (अज़ाब) की तुम लोग जल्दी मचा रहे हो क्या अजब है इसमे से कुछ करीब आ गया हो	यह कहें, “कुछ जो तुम्हें जल्दी अनुभव करना चाहती हो, वह तुम्हारे नज़दीक स्थित है.”	0.6606256365776062	0.45492759346961975	0.5492297410964966
For the third quarter ended September 30, Bombardier's net profit fell to $147 million, or 8 cents per share, from $172 million, or 9 cents per share a year earlier.	30 सितंबर को समाप्त तीसरी तिमाही के लिए, Bombardier के शुद्ध लाभ एक साल पहले $ $147मिलियन, या प्रति शेयर 8 सेंट, $172मिलियन, या प्रति शेयर 9 सेंट तक गिर गया.	तीसरे तिमाह के अंत सितंबर 30 को अंतरराष्ट्रीय त्रासद आयोजन के परिणामों से 8 साल पहले का अंतर है।	0.6843163371086121	0.3413076400756836	0.4052942991256714
Can we be traced?	हम पता लगाया जा सकता है?	हाँ, हमें निर्दिष्ट किया जा सकता है.	0.7506774663925171	0.5756141543388367	0.6898479461669922
You know that movie I was telling you about? It's playing over at the campus cinema.	मैंने एक फिल्म के बारे में सुना है जो...	आप जानते हैं कि मैंने आपको यह बात करने के लिए कोई स्थानीय सिनेमा में देखा |	0.736103355884552	0.4342808723449707	0.5397014617919922
- I am available.	- मैं disponÃ में सक्षम हूँ.	- मैं उपलब्व हूँ।	0.8007538914680481	0.7861103415489197	0.9058877229690552
It's a present from Raju	यह राजू ने दिया है.	राजू से गिफ़्ट एक प्रेस किर्टल में	0.7147035002708435	0.41119635105133057	0.2693271338939667
_Enable	जावा सक्षम करें	_<>	0.6036874055862427	0.34418749809265137	0.10358414053916931
Samarinda	शमनगनslovakia. kgm	सैमरिंद्र	0.6309126019477844	0.5140243768692017	0.5404770374298096
It is He who sends down upon His Servant [Muhammad] verses of clear evidence that He may bring you out from darknesses into the light. And indeed, Allah is to you Kind and Merciful.	वही तो है जो अपने बन्दे (मोहम्मद) पर वाज़ेए व रौशन आयतें नाज़िल करता है ताकि तुम लोगों को (कुफ़्र की) तारिक़ीयों से निकाल कर (ईमान की) रौशनी में ले जाए और बेशक ख़ुदा तुम पर बड़ा मेहरबान और निहायत रहम वाला है	अरे, यह किसी भी तरह से गलत है।	0.627282977104187	0.3403145372867584	0.3266611695289612
Such of you as die and leave behind them wives, they (the wives) shall wait, keeping themselves apart, four months and ten days. And when they reach the term (prescribed for them) then there is no sin for you in aught that they may do with themselves in decency. Allah is informed of what ye do.	और तुममें से जो लोग मर जाएँ और अपने पीछे पत्नियों छोड़ जाएँ, तो वे पत्नियों अपने-आपको चार महीने और दस दिन तक रोके रखें। फिर जब वे अपनी निर्धारित अवधि (इद्दत) को पहुँच जाएँ, तो सामान्य नियम के अनुसार वे अपने लिए जो कुछ करें, उसमें तुमपर कोई गुनाह नहीं। जो कुछ तुम करते हो, अल्लाह उसकी ख़बर रखता है	यह जो है वो ऐसे वो नहीं हो सकता है.	0.6036282777786255	0.2321225106716156	0.0854157879948616
This is the ID of the account holding the IMAP resource folders.	यह आईमैप रिसोर्स फ़ोल्डर रखे हुए खाते का आईडी है.	ऐसी आईएमएप आईडी. संग्रह की आईडी.	0.7004137635231018	0.5666268467903137	0.35739386081695557
It's Lise's car.	यह लिसे की कार है.	यह लिसे का कार है।	0.9703092575073242	0.9549173712730408	0.8812028169631958
You have not heard or seen anything	आपने सुना या कुछ भी नहीं देखा है	आपको यह बात नहीं पता है।	0.707314670085907	0.567023515701294	0.5782413482666016
...What if they could talk to us what were they thinking...	वे हमसे बात कर सकता ... क्या अगर... ... वे क्या सोच रहे थे...	जो भी हो सकता है वो हमें क्या कह सकता हो वो हमारे जीवन में क्या हो सकता है	0.694446861743927	0.4527612626552582	0.4304642975330353
I've looked through the hole?	छेद मे से मैंने देखा था?	हाँ, मैंने देखा?	0.8320994973182678	0.5606081485748291	0.5130961537361145
I couldn't save you once... and that was the biggest mistake of my life.	मैं तुम्हें एक बार नहीं बचा सकता है ... ... और कहा कि मेरे जीवन की सबसे बड़ी गलती थी।	मैं तुम्हें एक बार से भी ज्यादा बचाव वाला नहीं लगता।	0.7748103737831116	0.34853482246398926	0.44326555728912354
[man howling] [howling continues] [chuckles]	[पुरुष चीख रहा है] [चीख जारी है] [दबी हंसी]	पश्चात: [शिकारी जोर] शिकारी जोर जारी करते रहते हैं | [चुटकी]	0.723801851272583	0.37491610646247864	0.23301947116851807
No, you didn't tell me anything.	नहीं, तुम मुझे कुछ नहीं बताया.	पूरी सूचना में से नहीं आई, यह बात कहा।	0.6965870261192322	0.392416387796402	0.28082793951034546
I'd even sing you poetry	-गाऊँगा तुम्हारे लिए कविता भी	मैं तुम्हारी संगत केवल 100 बार साझा कर सकता हूँ	0.720691978931427	0.5163017511367798	0.38607144355773926
System Monitor	तंत्र मॉनीटर	सिस्टम मॉनिटर	0.8168697953224182	0.8781928420066833	0.9318713545799255
And before it there hath been the Book of Musa, a guide and a mercy. And this a Book confirming it, in Arabic speech, that it may warn those who have done wrong and as glad tidings Unto the well-doers.	और इसके क़ब्ल मूसा की किताब पेशवा और (सरासर) रहमत थी और ये (क़ुरान) वह किताब है जो अरबी ज़बान में (उसकी) तसदीक़ करती है ताकि (इसके ज़रिए से) ज़ालिमों को डराए और नेकी कारों के लिए (अज़सरतापा) ख़ुशख़बरी है	असफल के पहले यह Book Of Musa, एक गाइड ए मेरी है। और इस एक Book Confirming इस Book का यह Statement Arabic Speech, से करने वाला एक गाइड टू Well-Doers, या ऐसे लोग जो गलत काम करते हैं।	0.6531566977500916	0.30431076884269714	0.21089564263820648
And if he (the dying person) be of those on the Right Hand,	और यदि वह भाग्यशालियों में से है,	अगर वो जो दिया गया है, वो दिया गया है दूसरे हाथ में	0.6456288695335388	0.400232195854187	0.21056370437145233
[ GLASS SHATTERS ]	[कांच टूटता]	सिलाई की जाने वाली ग्लास तीर की तरह टूट जाती ह	0.6727698445320129	0.43403488397598267	0.2772015631198883
Plugins	प्लगइन्स	प्लग-in	0.7695962190628052	0.6564574837684631	0.7090950012207031
We have sent it down with truth, and with truth has (the Qur'an) come down. And We have sent you only to give good news and to warn.	और (ऐ रसूल) हमने इस क़ुरान को बिल्कुल ठीक नाज़िल किया और बिल्कुल ठीक नाज़िल हुआ और तुमको तो हमने (जन्नत की) खुशखबरी देने वाला और (अज़ाब से) डराने वाला (रसूल) बनाकर भेजा है	असली तथ्यों को और असली तथ्यों के साथ (ज्योरान) किसी भी जानकारी को स्पष्ट रूप से बताया जा सकता है।	0.6580819487571716	0.3424607813358307	0.5412076711654663
She's not our queen because she's the daughter of some king we never knew.	वह हमारी रानी क्योंकि वह बेटी है नहीं है कुछ राजा के हम कभी नहीं जानता था।	वो हमारी राजमहल की बेटी नहीं है क्योंकि उसे हम जिसने प्रोत्साहित किया है, वही उसे जो सिखाई गई, वही उसे जो सिखाई गई, वही उसे जो सिखाई गई, वही उसे जो सिखाई गई, वही उसे जो सिखाई गई, वही उसे जो सिखाई गई, वही उसे जो सिखाई गई, वही उसे जो सिखाई गई, वही उसे जो सिखाई गई, वही उसे जो सिखाई गई, वही उसे जो सिखाई गई, वही उसे जो सिखाई गई, वही उसे जो सिखाई गई, वही उसे जो सिखाई गई, वही उसे जो सिखाई गई, वही उसे जो सिखाई गई, वही उसे जो सिखाई गई, वही उसे जो सिखाई गई, वही उसे जो सिखाई गई, वही उसे जो	0.6162556409835815	0.34175577759742737	0.048273924738168716
Let's go.	चलो चलो.	अरे वाह।	0.723930835723877	0.4815528392791748	0.5185800194740295
7-Zip (.7z)	7-Zip (.7z)	7ज़ीप (.7z)	0.8596004843711853	0.8482801914215088	0.696894109249115
"And when Saul marched out with his army, he warned: ""Allah is going to put you to a test by the side of a river: whoso drinks of its water shall cease to be my companion: he alone shall be~my companion who does not quench his thirst with its water: one may, however, take except a few, drank their fill of it. Afterwards when Saul, and those who had believed with him, crossed the river and advanced forward, the former said to Saul, ""We have no power left this day to fight against Goliath and his hosts."" But those who believed that one Day they shall meet Allah, declared, ""lt has often been that a small host has, by Allah's grace, overcome a big host: for Allah is with those who show fortitude."""	फिर जब तालूत लशकर समैत (शहर ऐलिया से) रवाना हुआ तो अपने साथियों से कहा देखो आगे एक नहर मिलेगी इस से यक़ीनन ख़ुदा तुम्हारे सब्र की आज़माइश करेगा पस जो शख्स उस का पानी पीयेगा मुझे (कुछ वास्ता) नही रखता और जो उस को नही चखेगा वह बेशक मुझ से होगा मगर हाँ जो अपने हाथ से एक (आधा चुल्लू भर के पी) ले तो कुछ हर्ज नही पस उन लोगों ने न माना और चन्द आदमियों के सिवा सब ने उस का पानी पिया ख़ैर जब तालूत और जो मोमिनीन उन के साथ थे नहर से पास हो गए तो (ख़ास मोमिनों के सिवा) सब के सब कहने लगे कि हम में तो आज भी जालूत और उसकी फौज से लड़ने की सकत नहीं मगर वह लोग जिनको यक़ीन है कि एक दिन ख़ुदा को मुँह दिखाना है बेधड़क बोल उठे कि ऐसा बहुत हुआ कि ख़ुदा के हुक्म से छोटी जमाअत बड़ी जमाअत पर ग़ालिब आ गयी है और ख़ुदा सब्र करने वालों का साथी है	और जब Saul और những लोगों के बिच गोलिया फेंक करेंगे और आगे प्रगतिशुंकरता व दोनों के बीच हो सकते थे कुछ ऐसी हैं।	0.6326578855514526	0.27890583872795105	0.17800506949424744
on the day when [some] faces will turn white and [some] faces will turn black. As for those whose faces turn black [it will be said to them], ‘Did you disbelieve after your faith? So taste the punishment because of what you used to disbelieve.’	(उस दिन से डरो) जिस दिन कुछ लोगों के चेहरे तो सफैद नूरानी होंगे और कुछ (लोगो) के चेहरे सियाह जिन लोगों के मुहॅ में कालिक होगी (उनसे कहा जायेगा) हाए क्यों तुम तो ईमान लाने के बाद काफ़िर हो गए थे अच्छा तो (लो) (अब) अपने कुफ़्र की सज़ा में अज़ाब (के मजे) चखो	अपने जीवन के किसी दिन भी जब कुछ लोगों के चेहरे पर कुछ लोगों के हाथ से कुछ भी हो सकता था तो उन्होंने कहा ‘आपके चेहरे पर कुछ भी हो सकता था तो इसी प्रकार से प्रश्न पूछा जा सकता था।	0.7045242190361023	0.3287464380264282	0.3209119439125061
Let's go.	-चलो।	अरे वाह।	0.7696570754051208	0.5537468791007996	0.578062891960144
"Believe only in those who follow your own religion."" Say to them, ""Surely, the true guidance is the guidance from God."" [But you think it is impossible that] someone else may be granted [revelation] such as you were granted -- or else that they should contend against you before your Lord. Say, ""All grace is in the hands of God; He grants it to whom He wills: for God is boundless, and all knowing,"	और तुम्हारे दीन की पैरवरी करे उसके सिवा किसी दूसरे की बात का ऐतबार न करो (ऐ रसूल) तुम कह दो कि बस ख़ुदा ही की हिदायत तो हिदायत है (यहूदी बाहम ये भी कहते हैं कि) उसको भी न (मानना) कि जैसा (उम्दा दीन) तुमको दिया गया है, वैसा किसी और को दिया जाय या तुमसे कोई शख्स ख़ुदा के यहॉ झगड़ा करे (ऐ रसूल तुम उनसे) कह दो कि (ये क्या ग़लत ख्याल है) फ़ज़ल (व करम) ख़ुदा के हाथ में है वह जिसको चाहे दे और ख़ुदा बड़ी गुन्जाईश वाला है (और हर शै को)े जानता है	यह कहना कि आप किसी भी व्यक्ति को जो आपका धर्म है, उसी व्यक्ति को जो आपका धर्म है, उसे जो आपका धर्म है, उसी व्यक्ति को जो आपका धर्म है, उसे जो आपका धर्म है, उसी व्यक्ति को जो आपका धर्म है, उसे जो आपका धर्म है, उसी व्यक्ति को जो आपका धर्म है, उसे जो आपका धर्म है, उसी व्यक्ति को जो आपका धर्म है, उसे जो आपका धर्म है, उसी व्यक्ति को जो आपका धर्म है, उसे जो आपका धर्म है, उसी व्यक्ति को जो आपका धर्म है, उसे जो आपका धर्म है, उसी व्यक्ति को जो आपका धर्म है, उसे जो आपका धर्म है, उसी व्यक्ति को जो आपका धर्म है, उसे जो आपका धर	0.5829246640205383	0.25485435128211975	0.19865261018276215
YOU'RE A LOUSY SHOT.	आप एक घटिया शॉट हो.	आपकी किस्म में ऐसा है।	0.7377399206161499	0.4172259569168091	0.36269816756248474
As for the ship, it belonged to certain poor men, who toiled upon the sea; and I desired to damage it, for behind them there was a king who was seizing every ship by brutal force.	वह जो नौका थी, कुछ निर्धन लोगों की थी जो दरिया में काम करते थे, तो मैंने चाहा कि उसे ऐबदार कर दूँ, क्योंकि आगे उनके परे एक सम्राट था, जो प्रत्येक नौका को ज़बरदस्ती छीन लेता था	अस्पष्ट है। आप जिस शिप को नुकसान पहुँचाना चाहते हैं, वही शिप है जो जो जाती है, उसे जो जाती है, उसे जो जाती है, उस शिप को बुलिये बंद कर दिया जा सकता है।	0.6842930316925049	0.3244855999946594	0.3029705286026001
It's really silly of me.	यह मेरे सच में पागल है.	मैं समझती हूँ।	0.7083709836006165	0.4634867310523987	0.5233749151229858
I was scared to go to India alone, that's when I found you.	मैं अकेला भारत जाने के डर गया था, कि जब मैं तुम्हें मिल गया है।	भारत में अकेले जाने पर डरावाहट से तुम्हारे लिए यहाँ तो मैं जानती कि तुम भी जानती	0.725688099861145	0.396534264087677	0.1958448439836502
Then why a dragon army?	फिर तुमने एक ड्रैगन सेना क्यों तैयार की?	दूसरा क्यों ड्रैगन सेना?	0.8391925096511841	0.6408915519714355	0.37629279494285583
Your names	रविशंकर श्रीवास्तव, जी. करूणाकरEMAIL OF TRANSLATORS	आपके नाम	0.5942171812057495	0.36519721150398254	0.7777803540229797
"Add all these together you get a Black Superpower."""	ये सब जोड़ कर देखें, आपको एक अश्वेत महाशक्ति मिल जायेगी।	पूरी संख्या के अलेखादाता यह कह रहे तो लोगों को भी ब्लैक सुपरपावर देने की प्रभावशीलता बनाए रखने वाले निर्णय में ब्लैक सुपरपावर का प्रभावशाली हिस्सा है।	0.6380825042724609	0.3515796363353729	0.19450028240680695
Certificate problem: %s Issuer: %s	प्रमाणपत्र समस्या: %s निर्गमक: %s	सर्वीकृत प्राधिकरण: %s प्रदाता: %s	0.8231016397476196	0.7506505250930786	0.8816623687744141
Unknown	अज्ञात	बिलकुल	0.7685626149177551	0.7769281268119812	0.8480035066604614
Priority:	पोर्टः	जो भी होता:	0.6764509081840515	0.502681314945221	0.4457207918167114
And by those that swim along (i.e. angels or planets in their orbits, etc.).	और गवाह है वे जो वायुमंडल में तैरें,	और उन लोगों से जो शांति (शांति की गोलियाँ, ग्रहों की भूमिका, आदि) से संबंधित हैं।	0.716568648815155	0.4098460376262665	0.6495082378387451
They will never be denied the rewards of their good deeds. God knows well about the pious.	और वह जो कुछ नेकी करेंगे उसकी हरगिज़ नाक़द्री न की जाएगी और ख़ुदा परहेज़गारों से खूब वाक़िफ़ है	यह उन्हें कभी भी रोज़ारी रोज़ाना जीने की प्रतिष्ठा देता है। पवित्र के बारे में ही गहन जानकारी देता है।	0.6692348718643188	0.3699624836444855	0.36824023723602295
O People who Believe! Do not make lawful the symbols of Allah nor the sacred months nor the sacrificial animals sent to Sacred Territory (around Mecca) nor the animals marked with garlands, nor the lives and wealth of those travelling towards the Sacred House (Kaa’bah) seeking the munificence and pleasure of their Lord; and when you have completed the pilgrimage, you may hunt; and let not the enmity of the people who had stopped you from going to the Sacred Mosque tempt you to do injustice; and help one another in righteousness and piety – and do not help one another in sin and injustice – and keep fearing Allah; indeed Allah’s punishment is severe.	ऐ ईमानदारों (देखो) न ख़ुदा की निशानियों की बेतौक़ीरी करो और न हुरमत वाले महिने की और न क़ुरबानी की और न पट्टे वाले जानवरों की (जो नज़रे ख़ुदा के लिए निशान देकर मिना में ले जाते हैं) और न ख़ानाए काबा की तवाफ़ (व ज़ियारत) का क़स्द करने वालों की जो अपने परवरदिगार की ख़ुशनूदी और फ़ज़ल (व करम) के जोयाँ हैं और जब तुम (एहराम) खोल दो तो शिकार कर सकते हो और किसी क़बीले की यह अदावत कि तुम्हें उन लोगों ने ख़ानाए काबा (में जाने) से रोका था इस जुर्म में न फॅसवा दे कि तुम उनपर ज्यादती करने लगो और (तुम्हारा तो फ़र्ज यह है कि ) नेकी और परहेज़गारी में एक दूसरे की मदद किया करो और गुनाह और ज्यादती में बाहम किसी की मदद न करो और ख़ुदा से डरते रहो (क्योंकि) ख़ुदा तो यक़ीनन बड़ा सख्त अज़ाब वाला है	यह लोगों के बारे में बोलते हैं कि उनका मुनificence और pleasure का साधन है उनका पवित्रता और सुरक्षा का साधन है।	0.6003828644752502	0.2660038471221924	0.3208804726600647
Move ~a onto the king of clubs.	~a को चिड़ी का बादशाह पर ले जाएँ	पकड़े से क्रिकेट में कोई खेल है।	0.688595175743103	0.38424718379974365	0.25250884890556335
10 grand, that's all I got from that lawyer.	10 हज़ार, मैं उस वकील से मिला है वह सब है.	जो सारा, वही सिर्फ 10 ग्रांट प्राप्त हुए।	0.6834728121757507	0.4604850113391876	0.36097297072410583
Blue Squares	नीला वर्ग	ब्लू सquare	0.6842141151428223	0.3977079391479492	0.21581925451755524
I'm not rich right now.	अब मैं अमीर नहीं हूँ.	जी हाँ रिक्शे की बात कर रहा हूँ।	0.7552400827407837	0.40934938192367554	0.3759247362613678
It's lunch, Probies!	यह दोपहर के भोजन है, Probies!	प्रोफ़िबल्स का दिन लंच है,	0.7161551117897034	0.4987071454524994	0.5626841187477112
Add	जोड़ें	जो भी हो,	0.7344375252723694	0.4456370770931244	0.27360498905181885
Those meetings are bullshit!	उन बैठकों बकवास कर रहे हैं!	यह बात सुनने से भी नहीं है कि वे सम्मानजनक नहीं हैं।	0.688381016254425	0.4291711449623108	0.4993131756782532
The manager that created this data	प्रबंधक जो इस डेटा को निर्मित किया हैdefault:RTLpredefinito:LTR	यह डेटा के निर्माता का डेटा में निर्माता है।	0.6881855726242065	0.38847067952156067	0.29569506645202637
Move contacts to	संपर्कों को यहाँ खिसकाएँ	रिमिन्ड	0.6263476610183716	0.3851563632488251	0.06867250055074692
Other	अन्य	अन्य	0.9999996423721313	0.9827449917793274	0.8809891939163208
X	एक्स	X	0.7775603532791138	0.8342209458351135	0.7855120301246643
- Yeah, I wasn't talking to you.	- मैं तुमसे बात नहीं कर रहा था?	- हाँ, मैं आपको नहीं बता रहा था।	0.8329684138298035	0.7767165303230286	0.6030964851379395
He wanted me to thank you for that.	उसने मुझे उस के लिए धन्यवाद करना चाहता था.	प्राप्त करने के लिए मैं आपको धन्यवाद करने के लिए कह रहा था।	0.8194299936294556	0.5361083149909973	0.4301100969314575
Automatically update the file's symbols without saving. The update occurs after 10 seconds without keypresses by the user.	स्वचालित प्रकार से फ़ाइल से. सहेजन रहा है पश्चात सेकण्ड द्वारा प्रयोक्ता.	10 सेकंडों के बाद बिना कोई संकेत प्राप्त करने वाले खाते को अदाप्त करना है।	0.6796116232872009	0.45735397934913635	0.4038979411125183
The Race Laws require me to ask you this:	तुम से यह पूछने को:	रेस लॉग्स द्वारा मुझे यह पूछने की आवश्यकता है कि:	0.762075662612915	0.6194196343421936	0.7562788724899292
He's coming up the back stairs.	वह वापस सीढ़ियों से ऊपर आ है.	उन्हें पीछे की तरफ आना है।	0.788940966129303	0.5341736674308777	0.5518273115158081
Copy...	नक़ल...	कॉप...	0.8149685859680176	0.58933025598526	0.8425430059432983
Here is the real European news: the great, post-war plan to unite Europe has finally stalled.	यहां वास्तविक यूरोपीय समाचार हैः यूरोप को संगठित करने की महान, युद्ध-पश्चात योजना अंततः रुक गई है।	अधिकार, शांति के पोस्ट-वार का संक्षट्ट व्यापक एकता का संकेत है।	0.6864508986473083	0.4127122163772583	0.34885329008102417
Dr. Gottlieb and dr.	डा. Gottlieb और डॉ.	डॉ गोट्टीबल और डॉ डीजीपी	0.6469267010688782	0.555014431476593	0.7457176446914673
Manju Lakshmi won first prize and Shilpa won second prize.	मंजू लक्ष्मी प्रथम व शिल्पा ने द्बितीय स्थान प्राप्त किया।	मन्जू लक्ष्मी ने पहला पुरस्कार और शिल्प ने दूसरा पुरस्कार प्राप्त किया।	0.830034613609314	0.739867627620697	0.9186112880706787
You do not have read/ write permission to your sent-mail folder.	आपके पास आपकी भेजी- डाक फ़ोल्डर पर पढ़ने/ लिखने की अनुमतियाँ नहीं है.	आप के पास अपने सेंट-फ़ोर्ड के पास लिखे गए संदेश को पढ़ने की अनुमति नहीं दी गई है।	0.8260924220085144	0.6208308339118958	0.7172611355781555
Krishnadev sir.	Krishnadev सर।	क्रिश्चनदेव सीर।	0.7466508746147156	0.5719135999679565	0.6663274765014648
Please have mercy!	दया कर देते हैं!	प्लीज़ हम्मारू!	0.7139940857887268	0.44411584734916687	0.29835349321365356
Microsoft?	माइक्रोसॉफ्ट?	माइकल?	0.8403540253639221	0.6780751347541809	0.6569967269897461
A tech bomb.	एक तकनीक बम.	अक्षय उत्तेजक।	0.7242773771286011	0.4786757230758667	0.43841367959976196
What are you doing?	आप क्या कर रहे हो?	आप क्या कर रहे हैं?	0.9719024896621704	0.9736201763153076	0.9105504155158997
It is naught but revelation that is revealed,	वह तो बस एक प्रकाशना है, जो की जा रही है	जो भी लिखा जाता है, वह विस्तार है जो विस्तार करता है,	0.7045642137527466	0.5582702159881592	0.3949596881866455
The title is a loose translation for “Inventive Dobromir”.	"इसका शीर्षक ""आविष्कारशील दोब्रोमीर"" का अमूमन अनुवाद है।"	दबावशाली व्यक्ति का संयोजन है।	0.7062819600105286	0.37898942828178406	0.23689620196819305
About ten days ago, I took him there and buried.	करीब दस दिन हुये. मैं उसे वहाँ ले गयी और दफन कर दिया.	पाँच दिन पहले मैंने उसे वहाँ जाकर उसका संस्कार किया।	0.7631261944770813	0.6483168005943298	0.5212906002998352
That was me who took a fucking bullet in the gut.	कि पेट में एक कमबख्त गोली ले लिया, जो मैं था.	पढ़िया की जाती है वह जो एक बिल्डिंग की बात कर रही थी वो कुछ भी नहीं।	0.6914254426956177	0.328436017036438	0.25113946199417114
Export Dictionary	शब्दकोश निर्यात करें (E)...	अनुपालन के लिए अन्य जानकारी या बदलाव के लिए	0.6602170467376709	0.38124486804008484	0.16354262828826904
Bella, you've to understand Your safety is everything to me.	बेला है, तो आप सुरक्षा है अपने को समझने के लिए मेरे पास सब कुछ है.	बेला, आप've तो समझना है यूरो सुरक्षा पूरा है मुझे	0.7592797875404358	0.4737710654735565	0.30240142345428467
DARREN:	DARREN:	डार्न सिंगलटाइम के डार्न:	0.6550621390342712	0.34073004126548767	0.3772497773170471
Or He Who answers the prayer of the helpless when he invokes Him and removes the evil, and makes you inheritors of the earth? Is there a God along with Allah?! Very little do they ponder!	या वह जो व्यग्र की पुकार सुनता है, जब वह उसे पुकारे और तकलीफ़ दूर कर देता है और तुम्हें धरती में अधिकारी बनाता है? क्या अल्लाह के साथ कोई और पूज्य-प्रभु है? तुम ध्यान थोड़े ही देते हो	यह संस्करण है जिसमें मुख्य भाषा का उपयोग किया गया है।	0.6243453025817871	0.28025272488594055	0.19336743652820587
And We have sent down the Book unto thee with truth; and confirming that which hath preceded it of the Book, and a guardian thereof. Wherefrom judge thou between them by that which Allah hath sent down, and follow thou not away from that which hath their desires come to thee of the truth. Unto each of you We appointed law and a way. And had Allah listed, He would have made you all a single community, but He willed not in order that he may prove you by that which He hath vouchsafed unto you. Hasten wherefore to the virtues; unto Allah is the return of you all; then He shall declare unto you concerning that wherein ye have been disputing.	और हमने तुम्हारी ओर यह किताब हक़ के साथ उतारी है, जो उस किताब की पुष्टि करती है जो उसके पहले से मौजूद है और उसकी संरक्षक है। अतः लोगों के बीच तुम मामलों में वही फ़ैसला करना जो अल्लाह ने उतारा है और जो सत्य तुम्हारे पास आ चुका है उसे छोड़कर उनकी इच्छाओं का पालन न करना। हमने तुममें से प्रत्येक के लिए एक ही घाट (शरीअत) और एक ही मार्ग निश्चित किया है। यदि अल्लाह चाहता तो तुम सबको एक समुदाय बना देता। परन्तु जो कुछ उसने तुम्हें दिया है, उसमें वह तुम्हारी परीक्षा करना चाहता है। अतः भलाई के कामों में एक-दूसरे से आगे बढ़ो। तुम सबको अल्लाह ही की ओर लौटना है। फिर वह तुम्हें बता देगा, जिसमें तुम विभेद करते रहे हो	प्रिय जी, ने आपको अपने धर्म के बारे में स्पष्ट रूप से बताया है कि वह परंपरा जो आपके पूरे परिवार को लेकर आई है, वही हो सकती है।	0.6502906084060669	0.3474169075489044	0.3673117160797119
God is He that looses the winds, that stir up clouds; and He spreads them in heaven how He will, and shatters them; then thou seest the rain issuing out of the midst of them, and when He smites with it whomsoever of His servants He will, lo, they rejoice,	ख़ुदा ही (क़ादिर तवाना) है जो हवाओं को भेजता है तो वह बादलों को उड़ाए उड़ाए फिरती हैं फिर वही ख़ुदा बादल को जिस तरह चाहता है आसमान में फैला देता है और (कभी) उसको टुकड़े (टुकड़े) कर देता है फिर तुम देखते हो कि बूँदियां उसके दरमियान से निकल पड़ती हैं फिर जब ख़ुदा उन्हें अपने बन्दों में से जिस पर चहता है बरसा देता है तो वह लोग खुशियाँ माानने लगते हैं	जो है वह सार्वजन्य प्राणियों को सार्वजन्य प्राणियों के साथ संयुक्त हो कर देता है, और जो है वह सार्वजन्य प्राणियों को सार्वजन्य प्राणियों के साथ संयुक्त हो कर देता है।	0.6198951601982117	0.25035232305526733	0.27965691685676575
You (believers) will certainly be tested by the loss of your property and lives and you will hear a great many grieving words from the People of the Book and the pagans. If you will have patience and piety, it will be a sign of firm determination and steadfastness (in life).	(मुसलमानों) तुम्हारे मालों और जानों का तुमसे ज़रूर इम्तेहान लिया जाएगा और जिन लोगो को तुम से पहले किताबे ख़ुदा दी जा चुकी है (यहूद व नसारा) उनसे और मुशरेकीन से बहुत ही दुख दर्द की बातें तुम्हें ज़रूर सुननी पड़ेंगी और अगर तुम (उन मुसीबतों को) झेल जाओगे और परहेज़गारी करते रहोगे तो बेशक ये बड़ी हिम्मत का काम है	प्रियजन, तुम्हें जो परीक्षण होगा, उसे तुम्हें स्वाभाविक रूप से ताकिंता मिलेगी।	0.6615880131721497	0.31194812059402466	0.22562086582183838
They're probably already there.	वे शायद पहले से ही कर रहे हैं.	प्राप्त करने का संभावना है |	0.7196584343910217	0.37215128540992737	0.3586696982383728
[imitates gunfire]	[गोलियां चलाने का अभिनय]	ये फायर लाइन में लिखता है:	0.6199848055839539	0.33231320977211	0.23818938434123993
_Reply style:	जवाब शैली: (_R)	प्रतिक्रिया शैली:	0.7977808117866516	0.725790798664093	0.8869624137878418
Run the configuration assistant	विन्यास सहायक चलाएँ	प्राथमिक रूप से स्थापित किए जाने योग्य हो सकते हैं	0.6697686314582825	0.44414249062538147	0.37375330924987793
I work at city hall, actually.	मैं वास्तव में, शहर के हॉल में काम करते हैं.	हाँ, मैं सिटी हॉल वास्तव में काम करता हूँ.	0.8413615226745605	0.646242082118988	0.5894894599914551
Who's the king of pranks now, then, eh? You were never up for an award, you silly tosser.	खैर, वह जीवंत टीवी का जादू है, अंदाज़ा है।	यह कौन प्रanks का राजा है अब, यह हो सकता है कि आप कभी भी अवगार नहीं हो सकते और ऐसा हो सकता है कि मैं कभी भी अवगार नहीं हो सकता हूँ।	0.696016252040863	0.3470894992351532	0.22211791574954987
Cameron is Niles' son.	कैमरून नाइल्स 'बेटा है.	निल्स और कैमरो का एक संतान है।	0.8046326041221619	0.6043636202812195	0.5790278911590576
Document License	लेखपत्र प्रदर्शक	डॉक्यूमेंट लाइसेंस	0.6815462112426758	0.4277881979942322	0.6649578809738159
Worthless people live only to eat and drink.	निकम्मे लोग सिर्फ खाने पीने के लिए जीते हैं	सांसार्थता से जो भी है, वह खान और पीने के लिए है.	0.7280672192573547	0.42363935708999634	0.4295215308666229
Our job is not to remember.	हमारा काम याद करने के लिए नहीं है.	हमें याद रखने की ज़रूरत नहीं है।	0.7953584790229797	0.6538636088371277	0.5992162823677063
The Missus said I wasn't to show it to anyone.	मालकिन ने कहा कि किसी को दिखाना नहीं.	मिससिस महात्मा ने आई ना सो चुकी said I wasn't to show it to anyone.	0.6714736819267273	0.3389149010181427	0.2794041931629181
Sudan	सूडान	सुदान	0.8754697442054749	0.5992853045463562	0.5944246053695679
"And O my people, this is the she-camel of Allah - [she is] to you a sign. So let her feed upon Allah 's earth and do not touch her with harm, or you will be taken by an impending punishment."""	"ऐ मेरी क़ौम के लोगो! यह अल्लाह की ऊँटनी तुम्हारे लिए एक निशानी है। इसे छोड़ दो कि अल्लाह की धरती में खाए और इसे तकलीफ़ देने के लिए हाथ न लगाना अन्यथा समीपस्थ यातना तुम्हें आ लेगी।"""	अरे, मेरे लोग, ये वह महारूpee की बात है। - [मैं आपकी खात्री] यह आपकी धर्मज्ञी धरती पर यह संकेत है। ऐसे लोग जो इस संकेत को नकारेंगे, वे अपने जोखार के कारण हो सकते हैं।	0.6795344352722168	0.387932151556015	0.2876293659210205
There is a Tanaka in my class, too.	मेरी कक्षा में भी एक तानाका है।	मेरे क्लास के तानका है!	0.7706751823425293	0.5238280296325684	0.2957838177680969
I DON'T THINK I'LL BE OUT HERE AGAIN.	मैं मैं यहाँ फिर से बाहर हो जाएगा नहीं लगता..	यह मुझे यहाँ आने के लिए नहीं भी आने की सोच से दूर है।	0.7306103110313416	0.42969849705696106	0.23899681866168976
As much as I'd love to kill you, I'm glad she's warm.	बेटी को मारने के लिए चाहेंगे के रूप में ज्यादा के रूप में आप मुझे है कि वह गर्म है.	मैं तुम्हें जीवित रहने से तो मुझे बहुत अच्छी तरह से लगेगी।	0.6925347447395325	0.3403797149658203	0.26228415966033936
"That is God, your true Lord. What is there, besides the truth, but error? How then can you turn away?"""	फिर यही अल्लाह तो है तुम्हारा वास्तविक रब। फिर आख़िर सत्य के पश्चात पथभ्रष्टता के अतिरिक्त और क्या रह जाता है? फिर तुम कहाँ से फिरे जाते हो?	देव, आपका सच्चा भगवान। यह सच्चाई, बाहर है यह क्यों, और इस बात से पहले क्या हो सकता है अगर यह सच है, तो भगवान का सच्चा भगवान है।	0.6844162344932556	0.4063471853733063	0.33307403326034546
Did he threaten your sister?	क्या उसने तुम्हारी बहन को धमकी दी?	यह उसने तुम्हारी बहन से डराने के बारे में कहा?	0.8533669710159302	0.5622350573539734	0.5619639158248901
_Reply style:	जवाब शैली: (_R)	प्रतिक्रिया शैली:	0.7977808117866516	0.725790798664093	0.8869624137878418
Sent	गई डाक	सेंट	0.7567592263221741	0.45544105768203735	0.48070964217185974
Pharaoh exalted himself in the land, and divided its people into factions. He persecuted a group of them, slaughtering their sons, while sparing their daughters. He was truly a corrupter.	बेशक फिरऔन ने (मिस्र की) सरज़मीन में बहुत सर उठाया था और उसने वहाँ के रहने वालों को कई गिरोह कर दिया था उनमें से एक गिरोह (बनी इसराइल) को आजिज़ कर रखा थ कि उनके बेटों को ज़बाह करवा देता था और उनकी औरतों (बेटियों) को ज़िन्दा छोड़ देता था बेशक वह भी मुफ़सिदों में था	प्रासाद राजा शासाद लंदन में उसके परिवार से परिवार के विवाह के रूप में एक व्यक्ति को जानकर दिया गया कि वे सही रूप से व्याख्यातक हैं।	0.675894558429718	0.2988416254520416	0.3579556345939636
- Berlin's in uproar!	- बर्लिन में हाहाकार मचा हुआ है!	- बेर्लिन के चार्ज हो रहे हैं!	0.8514889478683472	0.3868388831615448	0.543285071849823
You already like the boy.	आप पहले से ही लड़के को पसंद करती हैं.	बिलकुल तुम्हें भी लड़का पसंद है।	0.7672426700592041	0.6165333986282349	0.653881847858429
Isn't violence the official solution of our government in Iraq,	हिंसाआधिकारिक समाधान नहीं है इराक में हमारी सरकार की,	अरे युद्ध की तरह इराक की सरकार का इराक पर अपनी सरकार द्वारा जिम्मेदारी दी जाती है।	0.7243755459785461	0.42691269516944885	0.26668405532836914
it'll cost you.	और तुम्हें खर्च आएगा.	आपको कुछ पैसे देने होंगे।	0.731724202632904	0.6955569386482239	0.6682312488555908
that's what you can bring them.	कि आप उन्हें क्या ला सकता है.	यह आपको उन्हें देने की ज़रूरत है.	0.7518182992935181	0.5868833065032959	0.5825529098510742
What's a webis...?	एक webis क्या है	क्या कोई गेम...?	0.742988109588623	0.5279006361961365	0.32372093200683594
It will keep you from getting sick in this damp bunker.	यह तुमको इस नम बंकर में बीमार होने से बचायेगी.	बूंकी में तुम्हें इस ठंडे वातावरण से बचाव सुनिश्चित करने के लिए यह बहुत ही महत्वपूर्ण रहेगा	0.7097887992858887	0.5876061320304871	0.5963817834854126
Louis goes down, you make it out.	लुई नीचे चला जाता है , आप इसे बाहर.	लुईन को नीचे जाते हैं, और तुम निकालो का कार्य किया गया।	0.739088237285614	0.4867585301399231	0.5019863843917847
You're gonna turn right on Maple Street.	आप मेपल सड़क पर सही बारी करने वाले हैं.	आप मैपल स्ट्रीट पर दूसरा रूप से right ले जाएँ।	0.7758082747459412	0.35985007882118225	0.3784525990486145
Moses said, 'Our Lord, Thou hast given to Pharaoh and his Council adornment and possessions in this present life. Our Lord, let them go astray from Thy way; Our Lord, obliterate their possessions, and harden their hearts so that they do not believe, till they see the painful chastisement.'	और मूसा ने अर्ज़ की ऐ हमारे पालने वाले तूने फिरऔन और उसके सरदारों को दुनिया की ज़िन्दगी में (बड़ी) आराइश और दौलत दे रखी है (क्या तूने ये सामान इस लिए अता किया है) ताकि ये लोग तेरे रास्तें से लोगों को बहकाएं परवरदिगार तू उनके माल (दौलत) को ग़ारत (बरबाद) कर दे और उनके दिलों पर सख्ती कर (क्योंकि) जब तक ये लोग तकलीफ देह अज़ाब न देख लेगें ईमान न लाएगें	अर्थ: मoses ने कहा, “हमसे वचन देने वाला, फाराओं और उनके साथ-साथ अपने जीवन के मामले में मुझे वचन देने वाले किसी को भी चिंता माला कर रही हूँ”.	0.6417718529701233	0.26288583874702454	0.26326489448547363
It wouldn't be improper for me to forward Ellen some money.	यह मेरे एलेन कुछ पैसे को आगे करने के लिए अनुचित नहीं होगा.	मैं Ellen को कुछ पैसे सौंपने के कुछ संकेतों का उपयोग कर सकता हूँ.	0.7598250508308411	0.5153980255126953	0.5738479495048523
translator-credits	राजेश रंजन (rranjan@redhat.com, rajeshkajha@yahoo.com) रविशंकर श्रीवास्तव (raviratlami@yahoo.com)	पाठ-प्रवृत्ति-स्वाताना	0.5329190492630005	0.3056327700614929	0.10203385353088379
Sorry, hoss.	क्षमा करें, Hoss.	सॉरी, होस्ट।	0.6206933856010437	0.5187931656837463	0.5507887601852417
If their town had been stormed, and they had been incited to sedition, they would have rebelled with little hesitation.	और यदि उसके चतुर्दिक से उनपर हमला हो जाता, फिर उस समय उनसे उपद्रव के लिए कहा जाता, तो वे ऐसा कर डालते और इसमें विलम्ब थोड़े ही करते!	अगर उनके शहर में युद्ध हो सकता था और वे जो भक्ति के प्रति कार्यरत हो सकते थे, वे थोड़े ही रुके बैठकर युद्ध करने वाले हो सकते थे।	0.7019504308700562	0.47568854689598083	0.5133348107337952
Go.	चलो.	जी.	0.7579034566879272	0.6023788452148438	0.4769188463687897
Maybe they'll give room and board at lvanovo.	शायद वे इवानवा में कमरे और बोर्ड दे देंगे.	शायद वे कुछ जगह और भोजन के लिए स्थान और भोजन का स्वागत करेंगे।	0.7772931456565857	0.44035688042640686	0.5030447244644165
Well, that's fantastic!	वैसे, यह शानदार है!	बहुत अच्छा!	0.7906635999679565	0.8499385714530945	0.8512599468231201
They will say nay! it is ye, for whom there is no welcome: it is ye who have brought it upon us. Evil shall be the resting-place.	"वे कहेंगे, ""नहीं, तुम नहीं। तुम्हारे लिए कोई आवभगत नहीं। तुम्ही यह हमारे आगे लाए हो। तो बहुत ही बुरी है यह ठहरने की जगह!"""	यह कहते हैं कि वे कहते हैं नहीं! यह वचन आपके लिए नहीं है: यह वचन आपके लिए है।	0.6655424237251282	0.3977453410625458	0.2084418386220932
I helped my father water the flowers.	मैंने अपने पापा को फूलों को पानी डालने में मदद करी थी।	पहले अपने पिताजी के साथ फूलों को जलाने वाले	0.7651892900466919	0.49735966324806213	0.4405924379825592
Layout style	अभिन्यास शैली	लेआउ स्टाइल	0.7376148104667664	0.5540258884429932	0.40280115604400635
- You've got to help me, Baiocco.	- मेरी मदद करो, बाइओक्को.	- तुम्हें मुझसे मदद करनी है, बायाकको.	0.788131594657898	0.6877204775810242	0.5575169324874878
Nothing like whom?	िकस जैसे?	जो हमें नहीं पता है वह है।	0.6774930357933044	0.44476306438446045	0.4168850779533386
The people of the Pharaoh picked him up (without realizing) that he would become their enemy and a source of their sorrow. The Pharaoh, Haman, and their army were sinful people.	(ग़रज़ मूसा की माँ ने दरिया में डाल दिया) वह सन्दूक़ बहते बहते फिरऔन के महल के पास आ लगा तो फिरऔन के लोगों ने उसे उठा लिया ताकि (एक दिन यही) उनका दुश्मन और उनके राज का बायस बने इसमें शक नहीं कि फिरऔन और हामान उन दोनों के लश्कर ग़लती पर थे	प्रारंभिक भारतीय समाज के लोग फ़ारो के पास ले गए थे (जो उन्हें जानता था कि वे उनकी शत्रुता से भी अधिक हैं)। फ़ारो और हामन और उनके वंशजों ने भारत को आक्रमण करने के लिए भारत को भेद कर दिया (जो उन्हें जानता था कि वे उसके लिए अधिकारी हैं)।	0.6871709823608398	0.3909018933773041	0.37975168228149414
Unicode (UTF-_8)	यूनिकोड (UTF-_8)	यूनिक्स (यूएफटी-8)	0.8122707605361938	0.6699456572532654	0.8664611577987671
You're a father now!	आप एक पिता अब कर रहे हैं!	नई फ़ैटरी में आ गई तुम!	0.7083152532577515	0.4487852156162262	0.504870593547821
And the day He shall muster them, as if they had not tarried but an hour of the day, mutually recognizing one another; lost will be those who cried lies to the encounter with God, and were not guided.	और जिस दिन ख़ुदा इन लोगों को (अपनी बारगाह में) जमा करेगा तो गोया ये लोग (समझेगें कि दुनिया में) बस घड़ी दिन भर ठहरे और आपस में एक दूसरे को पहचानेंगे जिन लोगों ने ख़ुदा की बारगाह में हाज़िर होने को झुठलाया वह ज़रुर घाटे में हैं और हिदायत याफता न थे	असफल होगा जो ईश्वर के साथ इंतज़ार करता नहीं है और जिसने भी इंतज़ार का पालन नहीं किया है।	0.6737421751022339	0.41407260298728943	0.4817168116569519
Whether or not to use the notification tray for display reminders	अनुस्मारक दिखाने के लिए क्या सूचना ट्रे का प्रयोग करना है या नहीं	किसी भी सूचना के लिए नोटिफ़िक ट्राय का इस्तेमाल कैसे करें	0.7609111070632935	0.6682912707328796	0.7851508855819702
Section where are installed the man pages. Valid section names are the digits ‘0’ through ‘9’, and the letters ‘l’ and ‘n’.	विभाग पृष्ठों खंड नाम के जरिए और अक्षर और नहीं	संकलित क्षेत्र जहाँ मैन पेज़ स्थापित किए जाते हैं।  मैन पेज़ की कोई भी संख्या 0 से 9 तक हो सकती है और 26 और 31 तक हो सकती है।	0.6398848295211792	0.4487189054489136	0.40464991331100464
There is none among the People of the Book but will surely believe in him before his death; and on the Day of Resurrection, he will be a witness against them.	और (जब ईसा मेहदी मौऊद के ज़हूर के वक्त आसमान से उतरेंगे तो) अहले किताब में से कोई शख्स ऐसा न होगा जो उनपर उनके मरने के क़ब्ल ईमान न लाए और ख़ुद ईसा क़यामत के दिन उनके ख़िलाफ़ गवाही देंगे	पुस्तकी लोगों के बीच के लोगों के बीच के बिना हो सकते हैं लेकिन वे एक दूसरे से भी अलग हो सकते हैं।	0.626305103302002	0.2365914285182953	0.36100929975509644
You gonna come down from there or what?	तुम वहाँ या क्या से नीचे आने वाला है?	आप वहाँ से क्या आ रहे हैं या क्या हैं?	0.8307472467422485	0.48540008068084717	0.5006899237632751
Walshy won't sell, it's his nest egg.	वॉल्शी बेचेगा नहीं, वही तो उसका चारा है।	वाल्श का व्यावहारिक रूप से व्याज देने से नहीं लिया जा सकता है.	0.7086441516876221	0.39487460255622864	0.38049715757369995
- I'll take the pictures, Brendan.	- मैं तस्वीरें लूँगा, ब्रेंडन।	ब्रेंडन, मैं तस्वीर ले लेगा।	0.8786411285400391	0.7991425395011902	0.8681447505950928
"""This is what life is. This is why we're here, to connect."	"""यह जीवन क्या है हम यहाँ हैं यही कारण है , कनेक्ट करने के लिए"	यह जीवन क्या है। यह हमें यहाँ आने के लिए किया है।	0.7798018455505371	0.5331215262413025	0.44573599100112915
So what the hell am I supposed to tell O'Keefe?	तोक्यानरकमैं ओ'कीफेबताने वाला हूँ	ओ'केफी के लिए बताया जाना चाहे तो बता दिया जा रहा है।	0.6742688417434692	0.4722886383533478	0.48722636699676514
GENERAL HELMUTH WEIDLING died in Soviet captivity in 1955.	जनरल हेलमथ विल्डिंग की 1955 में सोवियत कैद में मृत्यु हो गई.	सोवियत निवासी जीवित होने के 1955 में हेल्मuth वेल्डलिंग का निधन हुआ।	0.7993682622909546	0.46364763379096985	0.38581913709640503
- What?	ट्रेवर : क्या?	- क्या?	0.8411829471588135	0.8071643114089966	0.8198569416999817
Add a new file/directory to the Subversion tree	जोड़ें a नया फ़ाइल निर्देशिका को सबवर्सन ट्री	Subversion संस्करण के जोड़े को एक नया जोड़ी में डालें	0.7144838571548462	0.4682205021381378	0.32026851177215576
I'm excited and happy about your arrival.	तुम्हारे आने से मैं बहुत खुश हूँ.	मैं उत्साहित और खुश हूँ कि आप अपने आने के लिए हमारी तरफ से तैयार आ रहे हैं!	0.7770671844482422	0.7331143021583557	0.5451837182044983
Even if it was the wish of your heart...	यह आपके दिल की इच्छा थी यहां तक ​​कि अगर... यह एक झूठ है!	अगर तुम्हारे दिल के भी तुम्हारा साथ हो...	0.722009003162384	0.485347718000412	0.34024208784103394
LOOK AT ME OR GET IT RIGHT IN YOUR BALLS.	सही अपनी गेंदों में मुझे देखो या इसे जाओ.	लुक एट मी ओर गेट इट राइट इन यर बॉल्स।	0.6128802299499512	0.2689639627933502	0.20252196490764618
Start	प्रारंभ	स्टार्ट	0.6616549491882324	0.6152769923210144	0.7342324256896973
We intercepted a Kaiju and saved everyone on that boat.	हम एक Kaiju रोक दिया और कहा कि नाव पर सभी को बचा लिया.	कई जीव को रोक कर लोगों को सुरक्षित रूप से बात करने वाला एक निर्वाचन सम्बंधित कैदी को बचाने के लिए एक बुलाया जा सकता था जीव-शरीर के लिए बचाव के रूप में उपयोग किया ज सकता था।	0.7089556455612183	0.3740230202674866	0.2814173698425293
Our species has never been, but Increases In the first seven months of life.	हमारी प्रजाति लेकिन कभी नहीं रही है, बढ़ जाती है जीवन के पहले सात महीनों में.	पहले सात महीनों में हमारी संख्या का कोई पुरुषal स्तर नहीं है।	0.7701837420463562	0.45814016461372375	0.3354571461677551
He who obeys the Messenger, obeys Allah: But if any turn away, We have not sent thee to watch over their (evil deeds).	जिसने रसूल की आज्ञा का पालन किया, उसने अल्लाह की आज्ञा का पालन किया और जिसने मुँह मोड़ा तो हमने तुम्हें ऐसे लोगों पर कोई रखवाला बनाकर तो नहीं भेजा है	अरे, जो मैसेजर को उसका मैसेज करता है, वही अल्लाह का मैसेज करता है; लेकिन अगर किसी को अपने मैसेज को देखने के लिए मजबूर करना कहा जाता है, तो यह भी संग्रहीत नहीं किया गया कि यह सारा जानकारी एक ही व्यक्ति द्वारा दी गई थी, और एक व्यक्ति ने इसे दूसरे व्यक्ति को दिया था (या इसे दूसरे व्यक्ति को दिया था)।	0.6875138282775879	0.37743762135505676	0.3883173167705536
General	सामान्य	ज़रूरी	0.7504044771194458	0.5739976763725281	0.7990484237670898
%F %T	%F %T	अधिकारी कार्य	0.6070823669433594	0.5299723744392395	0.381167471408844
But Kai wanted the power all to himself.	पर काई सारी शक्ति पर अपना ही अधिकार जमाना चाहता था।	के ने सभी से प्राप्त करने का पूरा अधिकार देने से कुछ को होने वाले सारे के सारे अधिकार दिए जाने से कुछ को यह महसूस होगा कि वे सभी से अधिकारी हो जाएंगे।	0.6825889348983765	0.3586432635784149	0.13189563155174255
Hey, you mind?	अरे, तुम बुरा है?	हाय, यार?	0.8146786093711853	0.6413548588752747	0.5549037456512451
That was good of her.	यही कारण है कि उसके बारे में अच्छा था।	उन्होंने बहुत अच्छा काम किया।	0.7609400153160095	0.5530592799186707	0.5274555683135986
- Laban, of course.	- बेशक लाबान.	अधिकार, हाँ.	0.7337740659713745	0.49172744154930115	0.3283413052558899
Am I running around in circles?	मैं हलकों में चारों ओर चल रहा है?	हाँ, मैं अपने जीवन को ज्यादा ज्यादा दिलचस्प बनाकर काम करता हूँ।	0.7071157693862915	0.4819137752056122	0.5171917676925659
Did you not see the hypocrites say to their brethren, the unbelievers among the People of the Book: “If you are banished we too will go with you and will not listen to anyone concerning you; and if war is waged against you, we will come to your aid.” But Allah bears witness that they are liars.	"क्या तुमने उन लोगों को नहीं देखा जिन्होंने कपटाचार की नीति अपनाई हैं, वे अपने किताबवाले उन भाइयों से, जो इनकार की नीति अपनाए हुए है, कहते है, ""यदि तुम्हें निकाला गया तो हम भी अवश्य ही तुम्हारे साथ निकल जाएँगे और तुम्हारे मामले में किसी की बात कभी भी नहीं मानेंगे। और यदि तुमसे युद्ध किया गया तो हम अवश्य तुम्हारी सहायता करेंगे।"" किन्तु अल्लाह गवाही देता है कि वे बिलकुल झूठे है"	अरे, आप ने नहीं देखा कि लोग ईर्ष्यु में हैं: “ये हमारे ब्रात्रा ग्रहणी को लेकर हो सकते हैं और हमें उनके बारे में नहीं बताया जा सकता है.” लेकिन अल्लाह ने उन्हें झूठी बताई।	0.6945822834968567	0.40743306279182434	0.49987852573394775
file chooser	फ़ाइल-चयनक	फाइल चुनने का साधन	0.7830288410186768	0.492193341255188	0.7942114472389221
Those to whom We have given the Book rejoice in what is sent down to you, while some factions reject a part of it. Say: 'I am commanded to worship Allah and to associate none with Him. To Him I supplicate, and to Him I turn'	"जिन लोगों को हमने किताब प्रदान की है वे उससे, जो तुम्हारी ओर उतारा है, हर्षित होते है और विभिन्न गिरोहों के कुछ लोग ऐसे भी है जो उसकी कुछ बातों का इनकार करते है। कह दो, ""मुझे पर बस यह आदेश हुआ है कि मैं अल्लाह की बन्दगी करूँ और उसका सहभागी न ठहराऊँ। मैं उसी की ओर बुलाता हूँ और उसी की ओर मुझे लौटकर जाना है।"""	यह वाक्य उन लोगों को सांप्रतिमित वाक्य है जो अपने पापड़ को Allah के पापड़ से भी अलग बताते हैं।	0.6366676688194275	0.42222461104393005	0.5059167742729187
If We give the human being a taste of mercy from Us, and then withdraw it from him, he becomes despairing and ungrateful.	यदि हम मनुष्य को अपनी दयालुता का रसास्वादन कराकर फिर उसको छीन लॆं, तॊ (वह दयालुता कॆ लिए याचना नहीं करता) निश्चय ही वह निराशावादी, कृतघ्न है	अगर हम किसी मानव जी को दूसरे मानव जी से मERCY देने का संकल्प दे रहे हैं, और अगर हम उस संकल्प देने से वंचित होकर भी बने रह सकते हैं।	0.6645327806472778	0.36127975583076477	0.2995876669883728
Did you know that Mr. sly Wheaton has a legal document proving that every cent of that estate was intended for Ellen and nobody else, period?	आप श्री धूर्त व्हीटॉन एक कानूनी दस्तावेज है कि पता था साबित करना है कि वह संपत्ति का हर प्रतिशत एलेन और कोई नहीं, इस अवधि के लिए करना चाहता था?	मार्क स्टीवेंट वीटन के न्यायिक दस्तावेज़ से जुड़े कुछ ऐसे हैं जो इस प्रकार से भी नहीं हो सकते हैं।	0.6988040208816528	0.3890228867530823	0.5293442606925964
_Image	चित्र (_I)Disc Image	अंग	0.6736119389533997	0.4388093650341034	0.3476499021053314
But I had it earlier and now it's gone.	लेकिन मैं यह पहले था और अब वह चला गया है.	लेकिन मैंने इसे पहले ही लिया था और अब भी है।	0.8546654582023621	0.5644659996032715	0.5392755270004272
The adulterer and the adulteress, scourge ye each one of them (with) a hundred stripes. And let not pity for the twain withhold you from obedience to Allah, if ye believe in Allah and the Last Day. And let a party of believers witness their punishment.	़ज़िना करने वाली औरत और ज़िना करने वाले मर्द इन दोनों में से हर एक को सौ (सौ) कोडे मारो और अगर तुम ख़ुदा और रोजे अाख़िरत पर ईमान रखते हो तो हुक्मे खुदा के नाफिज़ करने में तुमको उनके बारे में किसी तरह की तरस का लिहाज़ न होने पाए और उन दोनों की सज़ा के वक्त मोमिन की एक जमाअत को मौजूद रहना चाहिए	अधूर्त और अधूर्त से और अधूर्त से अधिक साहस या आत्मविश्वास के लिए कोई भी वचन करने के लायक है।	0.6390248537063599	0.25419333577156067	0.25857970118522644
Come on, you've got more than that.	चलो, मैं चोट कर रहा हूँ, है ना?	कम on, आप कुछ भी जो है।	0.704428493976593	0.306783527135849	0.16225342452526093
English (Canada)	इंग्लिश (कॅनडा)	अनुसार, स्वीकृत किया गया है और इसे सही से नहीं भी लिखा जा सकता है।	0.6250815987586975	0.2949252724647522	0.03909127414226532
Disable use of the fixed function pipeline backend	निश्चित फ़ंक्शन पाइपलाइन बैकएंड का उपयोग निष्क्रिय करें	निर्वचन से प्रयोग का उपयोग निर्धारित प्रौदiganी पूरक के प्राथमिक प्रयोग की अनिवार्या	0.6917247176170349	0.36608925461769104	0.17935711145401
Yeah, same coffee shop.	हाँ, एक ही कॉफी की दुकान.	हाँ, सामान्य कॉफ़ी शॉप है।	0.8132520914077759	0.7576687932014465	0.6769777536392212
O Romeo, Romeo, wherefore art thou Romeo?	हे रोमियो, रोमियो, किस कला तू रोमियो?	रोमो, रोमो, व्हर्थ थ यू रोमो?	0.8476872444152832	0.5161555409431458	0.5446234345436096
Turn it off please, John.	जॉन, कृपया इसे बंद कर दो।	प्ले, जॉन.	0.6580015420913696	0.48268160223960876	0.4515913128852844
I just need to eat something.	कुछ खाने के लिए मैं सिर्फ जरूरत है.	पेट भरने के लिए कुछ खाना है।	0.7809369564056396	0.5584885478019714	0.7511199712753296
"And were you to wonder, then wondrous indeed is the saying of those who say: ""What! After we have been reduced to dust, shall we be created afresh?"" They are the ones who disbelieved in their Lord; they are the ones who shall have shackles around their necks. They shall be the inmates of the Fire, wherein they will abide for ever."	"अब यदि तुम्हें आश्चर्य ही करना है तो आश्चर्य की बात तो उनका यह कहना है कि ,""क्या जब हम मिट्टी हो जाएँगे तो क्या हम नए सिरे से पैदा भी होंगे?"" वही हैं जिन्होंने अपने रब के साथ इनकार की नीति अपनाई और वही है, जिनकी गर्दनों मे तौक़ पड़े हुए है और वही आग (में पड़ने) वाले है जिसमें उन्हें सदैव रहना है"	अरे, तुम क्या सोच रहे हो तो भी हो सकते हैं कि लोग जो कहते हैं वे कहते हैं कि वे कहते हैं (जैसे कि फिलिस द्वारा कहा गया है) - वे कहते हैं (जैसे कि फिलिस द्वारा कहा गया है) - वे कहते हैं (जैसे कि फिलिस द्वारा कहा गया है) - वे कहते हैं (जैसे कि फिलिस द्वारा कहा गया है) - वे कहते हैं (जैसे कि फिलिस द्वारा कहा गया है) - वे कहते हैं (जैसे कि फिलिस द्वारा कहा गया है) - वे कहते हैं (जैसे कि फिलिस द्वारा कहा गया है) - वे कहते हैं (जैसे कि फिलिस द्वारा कहा गया है	0.5599439740180969	0.28654685616493225	0.13408619165420532
We got into a fight...	हम एक लड़ाई में मिला...	हमारे पास कुछ लोगों के साथ लड़ाई हो गई...	0.8299100399017334	0.6179910898208618	0.8171291351318359
, why did you send me here?	क्यों तुम मुझे यहाँ भेजा है?	, क्यों तुमने मुझे यहाँ सौंपा?	0.8862109184265137	0.7758970856666565	0.5973219871520996
♪ COULD BE FOREVER BOUND	♪हमेशाके लिएबाध्यकिया जासकताहै	♪ COULD BE FOREVER BOUND (या फ़्लिप हो सकता हूँ)	0.5846397280693054	0.2677788734436035	0.19834008812904358
Maldives Health blog has discussed the issue here. This is it.	मालदीव हेल्थ ब्लॉग ने मामले का ज़िक्र करते हुये लिखा	मालद्वीप स्वास्थ्य ब्लॉग ने इस बात पर चर्चा की है. यही रहा	0.7271907329559326	0.6685770153999329	0.40639975666999817
That's good, Jacobs.	अच्छा यही है, याकूब.	जैक्सबाबी के बारे में अच्छा, है ना?	0.7447184324264526	0.5154551267623901	0.562388002872467
You cowards.	आप डरपोक.	आप गोली से गोली चला सकते हैं।	0.7349928021430969	0.30328407883644104	0.22745102643966675
If Kim Woo-jing becomes the regent,	किम वू जिंग रीजेंट हो जाता है,	if Kim Woo-jing,	0.6613366007804871	0.3632982075214386	0.46927252411842346
Ignored	नज़रअंदाज़ कियाBoolean True - Yes	अनुपालन	0.6370660066604614	0.5118748545646667	0.500699520111084
The law firm Leman Brothers currently in bankruptcy billed over 850 million in legal fees, in addition for billing in massage and lobster dinners.	वर्तमान में दिवालियापन में कानून फर्म Leman ब्रदर्स कानूनी फीस में दस लाख 850 से अधिक बिल भेजा, मालिश और समुद्री झींगा रात्रिभोज में बिलिंग के लिए इसके अलावा में.	लेमन ब्रदर्स के वर्तमान में बक्सी बैंकिंग के लिए 850 कर्यल बिल्स बुक किए हैं , साथ ही मास्ज़ुरी के और डिनर में बक्सी दिए जाते हैं।	0.745825469493866	0.47980639338493347	0.49549436569213867
Till you reach the grave.	यहाँ तक कि तुम क़ब्रिस्तानों में पहुँच गए	तill तुम ग्रेव पर पहुँचते हैं।	0.7619211077690125	0.38348886370658875	0.17548595368862152
Pointer	छापें	पॉइंट	0.756870448589325	0.41441115736961365	0.40256497263908386
My wealth did not avail me.	(अफ़सोस) मेरा माल मेरे कुछ भी काम न आया	मेरी अमीरी से मैं नहीं रहा।	0.6888779401779175	0.33398714661598206	0.29570451378822327
The guests will be arriving at the front gate and directed to the valet.	मेहमानों के सामने गेट पर आने वाला है और सेवक को निर्देश दिया।	वे गेट पर आगे की ओर के निर्देश के तहत वाल्ट के सामने आने वाले	0.7828467488288879	0.5294272303581238	0.11542022228240967
Because we couldn't have done it alone.	क्योंकि हम यह सब अकेले नहीं कर सकते थे.	जैसा कि हम एक साथ नहीं कर सकेंगे।	0.7708551287651062	0.561536967754364	0.5776982307434082
Toggles whether the BCC field is displayed	यदि BCC क्षेत्र प्रदर्शित है तो टॉगल करें	प्रतिक्रिया की स्थिति को बीसीसी के स्थान को दर्शाने वाली एक प्रतिक्रिया च box में दिखाई दी जाती ह	0.6627678275108337	0.404261976480484	0.2736867070198059
User:	प्रयोक्ता:UserAuthentication User	प्रतिक्रिया:	0.6666517853736877	0.4171593487262726	0.49673372507095337
That they should bring to you every skillful magician.	"कि वे प्रत्येक प्रवीण जादूगर को आपके पास ले आएँ।"""	यह सुनिश्चित करने के लिए कि आप उनके साथ हर तरह का सब कुछ सिखा सकती हैं, वे आपको हर तरह का सब कुछ सिखवाने के लिए एक साथ आना चाहिए, एक तरह से हमें अपनी पूरी क्षमता में एक दूसरा आता है।	0.6589717864990234	0.4474862515926361	0.3930763006210327
Cheese Webcam Booth	चीज वेबकैम बूथ	चीज़ वेब बॉटो	0.879047155380249	0.5905210971832275	0.33499741554260254
Clockwise Bottom Left Out	घड़ी की दिशा में नीचे बाएं से बाहर	सामान्य रूप से नीचे की ओर	0.755033552646637	0.4838202893733978	0.5128857493400574
_Stop	रोकें(_S)	अनु	0.7032265663146973	0.44610926508903503	0.14314189553260803
Not a launchable item	चलाने वाली वस्तु नहीं	लांच-योग्य सामग्री नहीं है	0.7625635862350464	0.6629962921142578	0.8172056078910828
"The solicitor, who was nicknamed ""Bash"" and hailed by criminals as a ""top brief,"" was arrested at his home in 2011 following a police surveillance operation into Scarborough, who he had represented in a previous narcotics trial."	"इस अधिवक्ता को, जिसे ""बैश"" का उपनाम दिया गया था, तथा जिसकी अपराधियों द्वारा ""टॉप ब्रीफ"" के रूप में प्रशंसा की गई थी, स्कारबोरो में पुलिस निगरानी संचालन के पश्चात वर्ष 2011 में उसके घर से गिरफ्तार किया गया था, जिसका उसने पिछले नारकोटिक्स ट्रायल में प्रतिनिधित्व किया था।"	"सरकारी वक्ता, जिसे ""बश"" का नाम दिया गया था और जिसने एक पहले के अपराध के द्वारा सामना किया गया अपराध को साबित किया था,"	0.7298593521118164	0.4988150894641876	0.5007906556129456
Brain starts working with 10 times increased capacity	मस्तिष्क में 10 बार वृद्धि की क्षमता के साथ काम शुरू होता है	कृपया 10 गुना क्षमता देने के बाद संज्ञान का काम 10 गुना होता है	0.7642433047294617	0.4909076392650604	0.28107213973999023
Simon, you don't have to do this.	साइमन, आप ऐसा करने के लिए नहीं है.	सिमोन, आपको नहीं करना है.	0.860045850276947	0.7352299094200134	0.5740723013877869
"Indeed, Allah is my Lord and your Lord, so worship Him. That is the straight path."""	पस तुम ख़ुदा से डरो और मेरी इताअत करो बेशक ख़ुदा ही मेरा और तुम्हारा परवरदिगार है	सच में, अल्लाह मेरा अल्लाह है, इसलिए अल्लाह से अल्लाह का पूजा करना है। यह सटीक रूप से मार्ग देता है।	0.639051079750061	0.5861402153968811	0.4834997355937958
Set Bac_kground Properties	पृष्ठभूमि गुण सेट करें (_k)	पृष्ठ बैकग्राउंड प्रॉबेलीज	0.6522193551063538	0.3803083002567291	0.2751348614692688
I however... would be willing to accept the responsibility...	मैं फिर भी ... जिम्मेदारी स्वीकार करने को तैयार हो जाएगा ...	हालाँके मैं इस जिम्मेदारी के लिए सहयोगी हो सकता हूँ...	0.7801860570907593	0.6236926317214966	0.6070356369018555
"Moses chose seventy of his people for the appointment (on Mount Sinai). When they arrived they were seized by a tremor. (Moses) said: ""O Lord, if You had so pleased You could have annihilated them and me before this. Will You destroy us for something the foolish among us have done? This is but a trial from You whereby You will lead whom You will astray and guide whom You please. You are our saviour, so forgive us and have mercy on us, for You are the best of forgivers."	और मूसा ने अपनी क़ौम से हमारा वायदा पूरा करने को (कोहतूर पर ले जाने के वास्ते) सत्तर आदमियों को चुना फिर जब उनको ज़लज़ले ने आ पकड़ा तो हज़रत मूसा ने अर्ज़ किया परवरदिगार अगर तू चाहता तो मुझको और उन सबको पहले ही हलाक़ कर डालता क्या हम में से चन्द बेवकूफों की करनी की सज़ा में हमको हलाक़ करता है ये तो सिर्फ तेरी आज़माइश थी तू जिसे चाहे उसे गुमराही में छोड़ दे और जिसको चाहे हिदायत दे तू ही हमारा मालिक है तू ही हमारे कुसूर को माफ कर और हम पर रहम कर और तू तो तमाम बख्शने वालों से कहीें बेहतर है	यह संसाधित है, यह संसाधित है, और यह संसाधित है।	0.5789580345153809	0.20328488945960999	0.12070858478546143
Passengers trying to avoid those fees have been stuffing as much as they can into carry-on baggage stashed in overhead bins, meaning those bins often run out of space.	जो जो यात्री शुल्क से बचने की कोशिश कर रहे हैं भराई कर रहे हैं जितना वे कर सकते हैं कैरी - ऑन बैगेज में जो ओवरहेड डिब्बे में स्टैश है , इसका मतलब है इस डिब्बे में अक्सर कम जगह है.	पैसे चोरी करने वाले यात्रियों को ऐसी चीज़ें करने देना भी शामिल है कि फ़ीड चोरी कर रहे यात्रियों से अपनी सारी चीज़ें लाने के लिए भी बिना चोरी करने वाले यात्रियों से अपनी सारी चीज़ें लाने की ताकड़ लगा दी है	0.6864798665046692	0.356618195772171	0.33362847566604614
Group Box	समूह बक्सा	प्रतियोगिता का ग्रुप बॉक्स	0.7234838604927063	0.6149522066116333	0.8348407745361328
Whatsoever has been given you is the stuff this life is made of, and only its embellishment. What is with your Lord is better and abiding. Will you not understand?	और तुम लोगों को जो कुछ अता हुआ है तो दुनिया की (ज़रा सी) ज़िन्दगी का फ़ायदा और उसकी आराइश है और जो कुछ ख़ुदा के पास है वह उससे कही बेहतर और पाएदार है तो क्या तुम इतना भी नहीं समझते	प्राप्त किए जाने वाले आपके भगवान के बेहतर हो सकते हैं और साथ ही रहेंगे।	0.6636548042297363	0.3138178288936615	0.3044832944869995
Bogofilter child process does not respond, killing...	बोगोफिल्टर संतति प्रक्रिया अनुक्रिया नहीं देती है, नष्ट कर रहा है...	बॉफ़िल्टर का बच्चा व्यवहार नहीं करता है, नहीं मिला है...	0.8050523400306702	0.4151529371738434	0.29552361369132996
You will train to compete as a team against other teams.	आप अन्य टीमों के खिलाफ एक टीम रूप में प्रतिस्पर्धा करने के िलए प्रशिक्षित करेंगे.	आपको प्रतियोगिता में एक दल के खिलाड़ी के रूप में प्रतिस्पर्धा करने का त्याग होना है।	0.797459065914154	0.5918013453483582	0.5874699354171753
The time to execute this query exceeded the server limit or the limit configured for this address book. Please make your search more specific or raise the time limit in the directory server preferences for this address book.	इस प्रश्न के लिए समय सर्वर सीमा से अधिक हो गया या सीमा जो कि इस पता पुस्तिका के लिए विन्यस्त किया था. कृपया सुनिश्चित करें कि आपकी खोज अधिक विशिष्ट हो या समय सीमा को निर्देशिका सर्वर वरीयता इस पता पुस्तिका के लिए बढ़ाए.	अगला सार्वजन्य जानकारी संग्रहकारी को अधिकतम समय और अधिकतारित क्षेत्र में अपनी खातिरी की सीमा बढ़ा सकती है।	0.6829948425292969	0.3899903893470764	0.4032062888145447
Hayley's got the means.	हेले के साधन मिल गया।	हेली की संख्या बढ़ा दी जा सकती है।	0.7400892376899719	0.537534773349762	0.5271438956260681
They're chewing us up!	वे हमें चबा रहे हैं!	यह हमें निशान पहुँचाता!	0.8051316738128662	0.5137484669685364	0.44635382294654846
And unto (the tribe of) A'ad (We sent) their brother, Hud. He said: O my people! Serve Allah. Ye have no other Allah save Him. Will ye not ward off (evil)?	और (हमने) क़ौम आद की तरफ उनके भाई हूद को (रसूल बनाकर भेजा) तो उन्होनें लोगों से कहा ऐ मेरी क़ौम ख़ुदा ही की इबादत करो उसके सिवा तुम्हारा कोई माबूद नहीं तो क्या तुम (ख़ुदा से) डरते नहीं हो	"और हमने अपने भूतपूर्ण के साथ उनके भूतपूर्ण का सेवा कार्य बताया:

Oh my people! Serve Allah. Ye have no other Allah save Him. Will ye not ward off (evil)?"	0.6126386523246765	0.26172980666160583	0.1618969440460205
(Chris, Echoing) Hello!	हैलो!	चिल्ड, मेरी मुस्कान!	0.7705950736999512	0.5039438605308533	0.46075838804244995
Like, it don't make sense.	तरह, यह मतलब नहीं है.	जी, इसका मतलब होता कि।	0.8156566023826599	0.5397064089775085	0.39275187253952026
The stuff's out of your system.	यह लड़का है उसके दिमाग से बाहर.	अपने सिस्टम से बाहर होने वाली चीज़ों के बारे में समझ	0.7232753038406372	0.5307601094245911	0.5647188425064087
Or have they taken to themselves guardians other than Him? But Allah, He is the Guardian. He revives the dead and has power over all things.	क्या उन लोगों ने ख़ुदा के सिवा (दूसरे) कारसाज़ बनाए हैं तो कारसाज़ बस ख़ुदा ही है और वही मुर्दों को ज़िन्दा करेगा और वही हर चीज़ पर क़ुदरत रखता है	ओह, या हैं वे खुद से खुद के प्रति दूसरे का प्रशंसक है? लेकिन अल्लाह, अल्लाह का प्रशंसक है। अल्लाह, वे जीवित प्राणियों को जीवित रखने के लिए प्रभावशाली हैं और सभी चीज़ों के लिए स्वतंत्र हैं।	0.6893057823181152	0.40664052963256836	0.45473945140838623
And they said, “O you magician! Pray for us to your Lord, by the means of His covenant which is with you; we will certainly come to guidance.”	"उनका कहना था, ""ऐ जादूगर! अपने रब से हमारे लिए प्रार्थना कर, उस प्रतिज्ञा के आधार पर जो उसने तुझसे कर रखी है। निश्चय ही हम सीधे मार्ग पर चलेंगे।"""	और वे कहते, “ओ आप राजा! माँ के लिए हम आपके राज्य के means के माध्यम से और हमारी माँ के लिए हम आपके राज्य के means के माध्यम से ही आगे बढ़ते हैं।”	0.6867935657501221	0.42612171173095703	0.3148980438709259
I'm going to be leading them to great things.	पर आने वाले दिनों में मैं उन्हें ऊँचाइयों की ओर ले जाऊँगा।	मैं उन्हें बहुत चीज़ों को करने में मदद कर रहा हूँ.	0.7495918273925781	0.4943695366382599	0.5454992055892944
Know that Allah gives life to the earth after its death! Indeed We have made clear the Ayat (proofs, evidences, verses, lessons, signs, revelations, etc.) to you, if you but understand.	जान लो, अल्लाह धरती को उसकी मृत्यु के पश्चात जीवन प्रदान करता है। हमने तुम्हारे लिए आयतें खोल-खोलकर बयान कर दी है, ताकि तुम बुद्धि से काम लो	अल्लाह की जिंदगी प्राप्त करने के बाद उसकी मृत्य शुल्क के रूप में होती है! हाँ वे सबूत (प्रमाण, विवरण, etc.) जो आपको इस बात पर प्रभावित करने वाले संकेतों को स्पष्ट रूप से बताते हैं कि वे जीवित संसाधनों के बाद मृत्य शुल्क के रूप में होते हैं!	0.6688708066940308	0.44087740778923035	0.42690813541412354
To every community We sent a messenger: “Worship God, and avoid idolatry.” Some of them God guided, while others deserved misguidance. So travel through the earth, and see what the fate of the deniers was.	और हमने तो हर उम्मत में एक (न एक) रसूल इस बात के लिए ज़रुर भेजा कि लोगों ख़ुदा की इबादत करो और बुतों (की इबादत) से बचे रहो ग़रज़ उनमें से बाज़ की तो ख़ुदा ने हिदायत की और बाज़ के (सर) पर गुमराही सवार हो गई तो ज़रा तुम लोग रुए ज़मीन पर चल फिर कर देखो तो कि (पैग़म्बराने ख़ुदा के) झुठलाने वालों को क्या अन्जाम हुआ	यह सभ्यता ने एक ईश्वर की पूजा की सूचना दी थी. इसके बाद सभ्यता ने ईश्वर की पूजा की सूचना दी थी.	0.6165634989738464	0.23594209551811218	0.28436771035194397
And lo, thy Lord! He is indeed the Mighty, the Merciful.	और निश्चय ही तुम्हारा रब ही है जो बड़ा प्रभुत्वशाली, अत्यन्त दयावान है	और लो, यारा, अल्लाह! वे सचमंद हैं, वे सहृदयभक्त!	0.6839704513549805	0.4687594473361969	0.34021449089050293
A state of mind.	दिमाग की एक स्थिति।	अस्थिति का स्थिति-पूरक है।	0.7223101258277893	0.4013880491256714	0.19985735416412354
Repository origin; Drop or type a different revision here	रेपोसिटरी छोडें या क़िस्म a	शोध संसाधन; ड्रॉप या टाइप एक अलग व्यूज़ है	0.6710044145584106	0.43182501196861267	0.29133152961730957
A power station is on high alert tonight as environmental campaigners have vowed to shut it down.	बिजली संयंत्र पर आज रात कड़ी निगरानी रखी गई है क्योंकि पर्यावरण कार्यकर्ताओं ने इसे बंद करने की योजना बनाई है.	पावर स्टेशन पर जलवायु कार्यकर्ताओं के पास यह स्थिति पर है और इसे रोकने के लिए कोई कारण नहीं है।	0.7656883597373962	0.4377390444278717	0.5128284096717834
It is Allah Who sends the Winds, and they raise the Clouds: then does He spread them in the sky as He wills, and break them into fragments, until thou seest rain-drops issue from the midst thereof: then when He has made them reach such of his servants as He wills behold, they do rejoice!-	अल्लाह ही है जो हवाओं को भेजता है। फिर वे बादलों को उठाती हैं; फिर जिस तरह चाहता है उन्हें आकाश में फैला देता है और उन्हें परतों और टुकड़ियों का रूप दे देता है। फिर तुम देखते हो कि उनके बीच से वर्षा की बूँदें टपकी चली आती है। फिर जब वह अपने बन्दों में से जिनपर चाहता है, उसे बरसाता है। तो क्या देखते है कि वे हर्षित हो उठे	यह अल्लाह जो हवा को चलाती है, वह वायु को चलाती है; और वायु को चलाती है हवा को चलाती है।	0.6904393434524536	0.29663217067718506	0.22667880356311798
Enough with the coffee.	कॉफी के साथ बहुत हो गया.	कॉफ़ी से पर्याप्त रूप से यह बात करनी चाहिए।	0.7998648881912231	0.49517014622688293	0.552337110042572
Some kid I have.	कुछ ही बच्चे है मेरे.	कह रहा की?	0.6943173408508301	0.3756769895553589	0.09711429476737976
“O Yusuf! O truthful one! Explain for us the seven healthy cows which seven lean cows were eating and the seven green ears of corn and seven others dry, so I may return to the people, possibly they may come to know.”	(ग़रज़ वह गया और यूसुफ से कहने लगा) ऐ यूसुफ ऐ बड़े सच्चे (यूसुफ) ज़रा हमें ये तो बताइए कि सात मोटी ताज़ी गायों को सात पतली गाय खाए जाती है और सात बालियॉ हैं हरी कचवा और फिर (सात) सूखी मुरझाई (इसकी ताबीर क्या है) तो मैं लोगों के पास पलट कर जाऊँ (और बयान करुँ)	जी! चारों साल की उम्र वाली बessी को स्पष्ट रूप से बताया जा सकता है कि शौथ की सात छोटी चाँदरी और शौथ की पाँच खुशियारी चाँदरी वे सभी चारों साल की उम्र वाली बessी को स्पष्ट रूप से बताया जा सकता है कि शौथ की सात छोटी चाँदरी और शौथ की पाँच खुशियारी चाँदरी वे सभी चारों साल की उम्र वाली बेसी को स्पष्ट रूप से बताया जा सकता है कि शौथ की सात छोटी चाँदरी और शौथ की पाँच खुशियारी चाँदरी वे सभी चारों साल की उम्र वाली बेसी को स्पष्ट रूप से बताया जा सकता है क	0.5752114653587341	0.3768572509288788	0.06883156299591064
Certainly We created above you seven levels and We have not been oblivious of the creation.	और हम ही ने तुम्हारे ऊपर तह ब तह आसमान बनाए और हम मख़लूक़ात से बेखबर नही है	बिल्कुल हमने आपको सात स्तर भी बनवाये हैं और हमने भी अपने सात स्तर में संवेदना दी है।	0.6888495683670044	0.44617411494255066	0.5681027770042419
Name	नाम	रोल	0.8162035942077637	0.5449336171150208	0.603800892829895
Had any love affairs before meeting Indu?	इंदु से मिलने से पहले तुम्हारा कोई लव अफ़ेयर था?	इंडू के साथ पहले किसी से love affair नहीं कर रहे?	0.7421104311943054	0.5773279666900635	0.4571375846862793
No shots have been fired.	कोई गोली नहीं चली है.	शॉट फर्म किए गए नहीं हो सकते.	0.7386470437049866	0.3205466568470001	0.234551340341568
It's a very hard surface to be sleeping on.	सोने के लिए यह काफ़ी कठोर जगह है.	यह एक बहुत ही कड़ी सतह से बैठ कर सोने के लिए तैयार होता है।	0.7439207434654236	0.4483571946620941	0.580467164516449
Copy Folder To	फ़ोल्डर की नक़ल यहाँ लें	चालानला	0.6651255488395691	0.39806339144706726	0.22849400341510773
Your life hangs in the balance.	अपने जीवन अधर में लटका हुआ है.	आपकी जिंदगी पर बाँध ही रह सकती है।	0.7436292767524719	0.4039367735385895	0.4485756754875183
Say thou: look ye were Allah to take away your hearing and your sight and seal up your hearts, what god, other than Allah, shall bring them unto you? Behold! how variously We propound the signs, yet they turn aside.	"कहो, ""क्या तुमने यह भी सोचा कि यदि अल्लाह तुम्हारे सुनने की और तुम्हारी देखने की शक्ति छीन ले और तुम्हारे दिलों पर ठप्पा लगा दे, तो अल्लाह के सिवा कौन पूज्य है जो तुम्हें ये चीज़े लाकर दे?"" देखो, किस प्रकार हम तरह-तरह से अपनी निशानियाँ बयान करते है! फिर भी वे किनारा ही खींचते जाते है"	अरे, आप जान सकते हैं कि हम Allah के साथ अपने सुनने और अपने देखे के तरीके से भी विवरण प्रदान कर सकते हैं।	0.6844627261161804	0.38649365305900574	0.4308618903160095
You do n't seem to have write access to this root album. Without this access, image and metadata editing will not work.	डिज़ीकैम के लिए छवि में चारों ओर किनारा जोड़ें प्लगइन.	"यह सही है कि तुम्हें इस रूट अल्बम पर गाइड वॉच परसिस्टिव्ही तर नहीं हो सकती है कि तुम्हारे लिए गाइड वॉच परसिस्टिव्ही सिनेमैटोग्राफी वाली रचना तैयार नहीं हो सकती है कि आप इस लेख को पढ़ सकती हैं या इसे किसी और को सौंप सकती हैं।

यह सही है कि तुम्हें इस रूट अल्बम पर गाइड वॉच परसिस्टिव्ही सिनेमैटोग्राफी वाली रचना तैयार नहीं हो सकती है कि आप इस लेख को पढ़ने या इसे किसी और को सौंपने के लिए तैयार नहीं हो सकती है।

इस प्रकार से कोई भी कम स्ट्रेटज़ीडी हो सकती है, और इसका प्रभाव सीमित हो सकता है।"	0.6006621718406677	0.3777477741241455	0.22484783828258514
- We're with you, Alexander!	- हम तुम्हारे साथ सिकंदर हैं!	अरे, वे हमारे साथ हैं!	0.7919396758079529	0.6530932784080505	0.608310878276825
[goat bleats] man speaking native language:	[बकरी मिमयाती है] पुरुष अपनी मातृभाषा में बोल रहा है: मेरी कहानी यह है कि मैं काम नहीं कर सकता,	विदेशी भाषा में:	0.644873857498169	0.29605212807655334	0.20119699835777283
You can try to get through.	तुम बीच से निकलने की कोशिश कर सकते हो.	आप किसी भी तरह से गुजरे बिना प्रवेश कर सकें.	0.7392568588256836	0.47711431980133057	0.5400837659835815
The day Allah will gather the apostles and say, ‘What was the response to you?’ They will say, ‘We have no knowledge. Indeed You are knower of all that is Unseen.’	(उस वक्त क़ो याद करो) जिस दिन ख़ुदा अपने पैग़म्बरों को जमा करके पूछेगा कि (तुम्हारी उममत की तरफ से तबलीग़े एहकाम का) क्या जवाब दिया गया तो अर्ज क़रेगें कि हम तो (चन्द ज़ाहिरी बातों के सिवा) कुछ नहीं जानते तू तो खुद बड़ा ग़ैब वॉ है	अरे, अल्लाह का क्या जवाब होगा? ये क्या सामने आते हैं? वे क्या ज्ञान हैं कि हमें क्या जानना है?	0.6771724224090576	0.36911746859550476	0.2728234827518463
& Search	ढूंढें (S) @ label Type of file	अस्पष्ट	0.654913604259491	0.38509291410446167	0.34711021184921265
Server Settings	सर्वर विन्यास	सेवा सेटिंग्स	0.7772780060768127	0.6440759301185608	0.8010035157203674
And it has already come down to you in the Book that when you hear the verses of Allah [recited], they are denied [by them] and ridiculed; so do not sit with them until they enter into another conversation. Indeed, you would then be like them. Indeed Allah will gather the hypocrites and disbelievers in Hell all together -	वह 'किताब' में तुमपर यह हुक्म उतार चुका है कि जब तुम सुनो कि अल्लाह की आयतों का इनकार किया जा रहा है और उसका उपहास किया जा रहा है, तो जब तब वे किसी दूसरी बात में न लगा जाएँ, उनके साथ न बैठो, अन्यथा तुम भी उन्हीं के जैसे होगे; निश्चय ही अल्लाह कपटाचारियों और इनकार करनेवालों - सबको जहन्नम में एकत्र करनेवाला है	यह सुनो के लिए भी ऐसी बात है कि हमें ऐसा लगने की भी शक्ति मिलेगी।	0.6476931571960449	0.23807653784751892	0.20210853219032288
Is it not that whenever they made a covenant, a part of them would cast it away? Rather, the majority of them do not have faith.	क्या यह एक निश्चित नीति है कि जब कि उन्होंने कोई वचन दिया तो उनके एक गिरोह ने उसे उठा फेंका? बल्कि उनमें अधिकतर ईमान ही नहीं रखते	इस बात पर निर्णय लेने वाले कोई भी क्षेत्र कभी भी उन कार्यों को छोड़ने के लिए मजबूर नहीं किया जा सकता है.	0.6580207943916321	0.5443671345710754	0.664484977722168
Custom	मनपसंद (u)	कमजोर	0.7473638653755188	0.49817100167274475	0.6538803577423096
Please do not use the elevators.	लिफ्ट का प्रयोग न करें	प्लीज़ एलिवेटर का इस्तेमाल करने से पहले इस बात को ध्यान में रखें कि कोई भी सार्वजनिक मार्गों से इस्तेमाल किया जाना चाहे तो ज्यादा लोगों को यह बात साझा करने के लिए कहा।	0.6903616786003113	0.41309359669685364	0.23197931051254272
You making me good money.	तुम मुझे अच्छा पैसा बना रही है।	आप मुझसे कितना पैसा कमा रहे तुम्हारा यह अच्छा है।	0.8503201603889465	0.5651094913482666	0.7290331125259399
I'M THE ONE WITH A FUCKING GUN HERE!	मैं यहाँ एक बंदूक के साथ एक हूँ!	मैं यहाँ एक फ़करिन गन रखने वाला व्यक्ति हूँ!	0.8326729536056519	0.5830724835395813	0.7479395866394043
...it's the difference between a tenth and a half second but in battle, that's a long time... Aim. Fire.	... यह एक दसवें और एक दूसरी छमाही के बीच का अंतर है लेकिन लड़ाई में, कि एक लंबे समय है...	अधिक समय से कम करने वाला है यह अंतरा और एक छोटी समय की तुलना में यह बहुत लंबी समय तक की है	0.7150523066520691	0.4836391508579254	0.43910905718803406
That was because they were averse to what Allah had revealed; so He let their works go to waste.	यह इसलिए कि उन्होंने उस चीज़ को नापसन्द किया जिसे अल्लाह ने अवतरित किया, तो उसने उनके कर्म अकारथ कर दिए	दूसरा कारण उन लोगों की असहजता थी जो इस बात पर प्रतिबिंब लगा रहे थे; इसलिए उनके कार्यों को अव्यवसाय में दिखाया गया।	0.6814324855804443	0.5219184756278992	0.6646146178245544
_Delivered	दिया गया (_D)	_Delivered	0.7327501773834229	0.5980792045593262	0.6506552696228027
What's wrong with that cop?	कि पुलिस वाले के साथ क्या गलत है?	क्या इसके साथ कुछ गलत है?	0.8483954071998596	0.8288826942443848	0.6237961053848267
Rotor	रोटर	रोटर	0.9999998807907104	0.9864875674247742	0.8900584578514099
When We provide comfort for the human being, he withdraws and distances himself; but when adversity befalls him, he starts lengthy prayers.	(वह अलग) और जब हम इन्सान पर एहसान करते हैं तो (हमारी तरफ से) मुँह फेर लेता है और मुँह बदलकर चल देता है और जब उसे तकलीफ़ पहुँचती है तो लम्बी चौड़ी दुआएँ करने लगता है	जब हम मनुष्य की सहायता देते हैं, तो वे विलुप्त हो कर दूर हो कर देते हैं; लेकिन जब परिस्थिति से उन्हें परेशानी भी होती है, तो वे लंबी सुसन्त हो जाते हैं।	0.6983162760734558	0.4541594088077545	0.4728240966796875
"The register function hasn't been found automatically in the following pretty printer files: %s You need to fill yourself the register function columns before enabling the rows. Most of the time the register function name contains the word ""register""."	फंक्शन पाया इंच अनुसरण कर रहा है फ़ाइल नहीं से. को भरें फंक्शन स्तम्भ पहले सक्रिय कर रहा है पंक्तियाँ का समय फंक्शन नाम रखता है शब्द.	प्रेस क्लॉक्टर के लिए यह सुनिश्चित करने के लिए की जा रही है कि कोई भी प्रेस क्लॉक्टर व्यंजन के लिए रजिस्टर फ़ॉर्म किया गया है और इस पर 8 बार रजिस्टर फ़ॉर्म किया गया है।	0.6570578813552856	0.3827906548976898	0.33273953199386597
Leave it to me to prepare lunch.	खाना बनाना मुझपर छोड़ दो।	लंच के लिए तुमसे मिल सकता है।	0.7528548836708069	0.4131262004375458	0.27230119705200195
Do they feel secure against God's devising? No one feels secure against God's devising except for those doomed to ruin.	आख़िर क्या वे अल्लाह की चाल से निश्चिन्त हो गए थे? तो (समझ लो उन्हें टोटे में पड़ना ही था, क्योंकि) अल्लाह की चाल से तो वही लोग निश्चित होते है, जो टोटे में पड़नेवाले होते है	गोद की योजना से उनसे प्रभावित होने की उम्मीद नहीं रखी गई कि वे इस बात पर प्रभावित होंगा कि गोद की योजना से उन्हें प्रभावित किया ज सक सकता है।	0.7047763466835022	0.3775629699230194	0.3939247727394104
Type	क़िस्म	प्रकार	0.6931232213973999	0.5168884992599487	0.8774677515029907
He challenges people.	उन्होंने कहा कि लोगों को चुनौती दी.	बचतारे लोग हैं।	0.7331607341766357	0.304706871509552	0.49265056848526
I have done everything you said.	मैं सब कुछ किया है तुमने कहा था।	मैंने सभी जो कहा था, उसे सुना था।	0.8001134395599365	0.6812532544136047	0.532645046710968
- Bharti.	भारती।	बहु.	0.755933940410614	0.5535773038864136	0.4246065616607666
They said: If he steal, a brother of his did indeed steal before; but Yusuf kept it secret in his heart and did not disclose it to them. He said: You are in an evil condition and Allah knows best what you state.	(ग़रज़) इब्ने यामीन रोक लिए गए तो ये लोग कहने लगे अगर उसने चोरी की तो (कौन ताज्जुब है) इसके पहले इसका भाई (यूसुफ) चोरी कर चुका है तो यूसुफ ने (उसका कुछ जवाब न दिया) उसको अपने दिल में पोशीदा (छुपाये) रखा और उन पर ज़ाहिर न होने दिया मगर ये कह दिया कि तुम लोग बड़े ख़ाना ख़राब (बुरे आदमी) हो	यूसेफ ने कहा: तुम मेरे जैसे हो रहे हो और अल्लाह जो सबसे अच्छे हैं, वह तुम्हें जो सaying है, वही तुम्हें बताना है।	0.6542114615440369	0.34580865502357483	0.20279836654663086
A swordsman came.	एक तलवारबाज आया...	एक तलवारबाज़ आया।	0.9140797853469849	0.7919514775276184	0.9032503366470337
That's real great.	कि असली महान है.	क्या वास्तव में अच्छा।	0.7616062164306641	0.5275286436080933	0.5462528467178345
NTV PROFIT presents coproduction NTV PROFIT = Russia	एन टी वी लाभ प्रस्तुत करता है सहनिर्माण एन टी वी प्रॉफिट= रूस	रूसी एनबीटी प्राइबिट प्रोडक्शन एनबीटी प्राइबिट प्रोडक्शन रूसी एनबीटी प्राइबिट प्रोडक्शन	0.6737542152404785	0.4367787539958954	0.3628879487514496
Stung by the Supreme Court decision the Rural Development Minister, Jairam Ramesh, said that the practice of exceeding their powers by the court is dangerous.	सुप्रीम कोर्ट के एक फैसले से तिलमिलाए केंद्रीय ग्रामीण विकास मंत्री जयराम रमेश ने अदालतों के लक्ष्मण रेखा लांघने को खतरनाक चलन बताया है।	सरकट के न्यायिक अधिकारों के बारे में जो कि वे अधिकारों को ज़्यादा ज़्यादा कार्य करने की अनुमति देते हैं, वहीँ पर उन्होंने जो कम कार्य करने की अनुमति देते हैं, वहीँ पर उन्होंने जो अधिकार करने की अनुमति देते हैं, वहीँ पर उन्होंने जो कम कार्य करने वाले अधिकारों का अधिकार करने की अनुमति देते हैं, वहीँ पर उन्होंने जो अधिकार करने वाले अधिकारों का अधिकार करने की अनुमति देते हैं, वहीँ पर उन्होंने जो कम कार्य करने वाले अधिकारों का अधिकार करने की अनुमति देते हैं, वहीँ पर उन्होंने जो अधिकार करने वाले अधिकारों क	0.5685851573944092	0.3001457154750824	0.10991980135440826
Image Burning Setup	छवि बर्निंग सेटअप	मानचित्र जलाने का स्थान	0.694905698299408	0.5289387702941895	0.46648579835891724
I got a lot to do before the family gets here.	मैं परिवार यहाँ हो जाता पहले करने के लिए एक बहुत कुछ मिला है.	मैं यहाँ पहले से कुछ काम करने के लिए तैयार हूँ।	0.7978032231330872	0.5792221426963806	0.5708283185958862
Damn, niggah, a red hat!	अरे, niggah, एक लाल टोपी!	अरे, निगह, एक रेड हैट!	0.8084169030189514	0.5732622742652893	0.5899604558944702
Key	कुंजी	सब	0.7637785077095032	0.5472250580787659	0.43155714869499207
Better wait here.	बेहतर होगा कि यहीं इंतज़ार करो।	बेहतर इंतज़ार कर दें।	0.8340766429901123	0.8361433744430542	0.8901404142379761
1st to 10th	1ला से 10वां	10th from 1st to 10th	0.7034959197044373	0.4688969552516937	0.22850343585014343
A few good nights' rest will do it.	कुछ अच्छा रात 'बाकी क्या करेंगे.	कुछ अच्छे रातों के रुकने के बारे में यह कह देना ठीक है।	0.7255460023880005	0.4130271375179291	0.5406481623649597
Daddy don't get scared.	पिताजी डरो मत।	पिता सोचने से scared न होें।	0.6861758828163147	0.5024556517601013	0.4054124355316162
Czech (cs)	चेक (सीएस)	चीनी (सीई)	0.8480086922645569	0.8204963803291321	0.8851345181465149
Engage drop, Mr. Choi.	बूंद व्यस्त हैं, श्री चोई.	अरे, क्या चॉइ.	0.7259342074394226	0.4724557101726532	0.3808884620666504
Your mother too will soon turn 70.	तुम्हारी माँ भी, जल्द ही हो जाएगी.	आपके पिता भी आने वाले 70 के रूप में हो सकते हैं।	0.7176345586776733	0.3894774615764618	0.3379995822906494
Show Contacts	संपर्क	प्रदर्शन करने वाले संपर्क	0.8507744669914246	0.6401446461677551	0.39922618865966797
Accessible Color Scheme	आसान- पहुँच रंग योजना	आवश्य रंग का शीर्ष स्थान	0.7413285970687866	0.47395044565200806	0.41830340027809143
- Nothing can happen to us here, can it?	क्यों? - हमें यहाँ कुछ भी नहीं हो सकता है, क्या हो सकता है?	नहीं क्या हो सकता है उससे हमें यहाँ हो सकता है, नहीं क्या हो सकता है?	0.8593019247055054	0.5290852189064026	0.26257380843162537
Pakistan: Women and the workplace · Global Voices	पाकिस्तानः कार्यस्थल और महिलायें	पाकिस्तान: महिलाएँ और कार्य ·ग्लोबल वॉइसेज	0.7403433918952942	0.7003440260887146	0.8643431067466736
Warp	लपेटें	बढ़ावे	0.78905189037323	0.4754403233528137	0.4860079288482666
And you're not gonna apologize, are you?	और तुम्हारा माफी मांगने का इरादा नहीं है?	और तुम क्या नहींApologize, तुम्हें नहीं लगता?	0.7199937105178833	0.34800201654434204	0.46597063541412354
Okay, let's just track this thing.	ठीक है, तो बस इस बात पर नज़र रखने चलो.	बिलका	0.6488306522369385	0.3485497534275055	0.06384166330099106
a recompense for all that they did.	ये बदला है उनके (नेक) आमाल का	यह जानकारी उन लोगों के लिए दी जाती है जो कि कुछ करते हैं।	0.6768872737884521	0.4236413538455963	0.5048413276672363
Now who is exaggerating?	अब जो अतिशयोक्ति है?	अब जो लिख रहा है, उसे ध्यान में रखना चाहिए कि कौन भ्रामक जानकारी दे रहा है।	0.7046710848808289	0.5677432417869568	0.544140636920929
Olympus has fallen.	ओलिंप गिर गया है.	ओलंपिक खेल में फैला हुआ है.	0.7845805883407593	0.512514054775238	0.5121056437492371
No, otherwise I wouldn't be here.	नहीं, नहीं तो मैं यहाँ नहीं होता.	जो भी हो, हम यहाँ नहीं हैं।	0.8209691047668457	0.6279528737068176	0.6088463068008423
Personal Information	निजी सूचना	जानकारी	0.6683954000473022	0.6437453627586365	0.8235406279563904
Lest you should say, ‘The Book was sent down only to two communities before us, and we were indeed unaware of their studies,’	"कि कहीं ऐसा न हो कि तुम कहने लगो, ""किताब तो केवल हमसे पहले के दो गिरोहों पर उतारी गई थी और हमें तो उनके पढ़ने-पढ़ाने की ख़बर तक न थी।"""	“ तुम कहोगे , ‘साहिब को सेंट डाउन केवल दो समुदायों से पहले था और हमें उनके अध्ययन के बारे में पता नहीं था , तो हमें यह बताने के लिए धन्यवाद |	0.7138155102729797	0.5200996994972229	0.5603898763656616
Nothing prevented the people from believing, when guidance has come to them, except that they said, “Did God send a human messenger?”	"लोगों को जबकि उनके पास मार्गदर्शन आया तो उनको ईमान लाने से केवल यही चीज़ रुकावट बनी कि वे कहने लगे, ""क्या अल्लाह ने एक मनुष्य को रसूल बनाकर भेज दिया?"""	जिस तरह से लोग सुनवाई के लिए लोगों से भी कहा, “क्या ईश्वर एक हuman messenger थी?”	0.6722375750541687	0.44060906767845154	0.3221643269062042
There was a strong wind that day.	उस दिन हवा बहुत तेज़ थी।	दिन के इस दिन तूफान में भी बहुत सारा हाव-भाव हो सकता था।	0.7375903725624084	0.43046966195106506	0.3437715768814087
If the boy and the girl are both in agreement then I'm in agreement, too	अगर लड़का और लड़की दोनों राजी हों तो... ...तो मेरी भी रजामंदी है	यह सवाल पूछे तो इसका जवाब होगा कि ये दोनों ही सहमत हैं	0.6337720155715942	0.5632427334785461	0.6389628648757935
(Carly) It works.	- काम कर रहा है.	रचना: (शार्ली)	0.6644860506057739	0.4070512354373932	0.3325653672218323
You are not always here and sometimes I'm so depressed	तुम हमेशा यहाँ नहीं रहते और कभी कभी मैं बहुत उदास हो जाती हूं.	आप कभी भी यहाँ नहीं और कभी भी depression का अनुभव नहीं करते	0.7217965126037598	0.47884538769721985	0.3515778183937073
Khan's blog post has created quite a bit of reaction from the bloggers.	आमिर के इस चिट्ठे में चिट्ठाकारों की प्रतिक्रियाओं की बौछारें लग गईं.	कहानी के ब्लॉग पोस्ट ने इनसानों से बहुत ज्यादा कार्यवाही की तौर पर की गई है.	0.695030152797699	0.34465399384498596	0.33167827129364014
"Has he invented about Allah a lie or is there in him madness?"" Rather, they who do not believe in the Hereafter will be in the punishment and [are in] extreme error."	क्या उसने अल्लाह पर झूठ घड़कर थोपा है, या उसे कुछ उन्माद है? नहीं, बल्कि जो लोग आख़िरत पर ईमान नहीं रखते वे यातना और परले दरजे की गुमराही में हैं	अल्लाह को लेकर या अल्लाह के बारे में यह स्पष्ट है कि कोई भी अल्लाह को लेकर या अल्लाह के बारे में यह स्पष्ट है कि कोई भी अल्लाह को लेकर या अल्लाह के बारे में यह स्पष्ट है कि कोई भी अल्लाह को लेकर या अल्लाह के बारे में यह स्पष्ट है कि कोई भी अल्लाह को लेकर या अल्लाह के बारे में यह स्पष्ट है कि कोई भी अल्लाह को लेकर या अल्लाह के बारे में यह स्पष्ट है कि कोई भी अल्लाह को लेकर या अल्लाह के बारे में यह स्पष्ट है कि कोई भी अल्लाह को लेकर या अल्लाह के बारे में यह स्पष्ट है कि कोई भी अल्लाह को लेकर	0.5498343706130981	0.3090144693851471	0.04876179248094559
Either python path is wrong or python-rope (http://rope.sf.net) libraries aren't installed. Both are required for autocompletion in python files. Please install them and check the python path in the preferences.	python है या pythonhttp://rope.sf.net दोनों जरूरी के लिए इंच python फ़ाइल अधिष्ठापित करें और python इंच पसंद.	0 के लिए: इसे सही से मान्य, सुस्पष्ट और वास्तविक तरीके से करना है।	0.6311850547790527	0.3409314453601837	0.2713572382926941
( Moaning )	(कराह रही)	( सांस्कृतिक भाषा )	0.7803506851196289	0.5800548195838928	0.5807294845581055
So glad that the 2019 Pan American Games will be held in Lima!	बहुत खुश हूँ कि 2019 के पैन अमेरिकी खेल लीमा में होगें।	2019 का पैन अमेरिकन गेम्स लिमन में हो रहे थे!	0.784134566783905	0.7223666310310364	0.6876070499420166
It is He Who has made for you the stars that you may follow the right direction in the darkness of the land and the sea. We have indeed spelled out signs for the people who have knowledge.	और वह वही (ख़ुदा) है जिसने तुम्हारे (नफे के) वास्ते सितारे पैदा किए ताकि तुम जॅगलों और दरियाओं की तारिक़ियों (अंधेरों) में उनसे राह मालूम करो जो लोग वाक़िफकार हैं उनके लिए हमने (अपनी क़ुदरत की) निशानियाँ ख़ूब तफ़सील से बयान कर दी हैं	यह जो है वो है कि आप following जा सकते हैं right direction in the dark of the land and the sea.	0.5776208639144897	0.22445309162139893	0.2127183973789215
This is 21.	यह 21.	कितनी उम्र में यह सामान्य हो गई है?	0.6355844736099243	0.5648331046104431	0.6237300634384155
- No, I know you don't, Jane.	- नहीं, मैं तुम्हें नहीं पता, जेन.	जेन।	0.7120825052261353	0.4396185576915741	0.28239700198173523
I'm sorry I ever thought you--	मैं मैं कभी तुमने सोचा माफी चाहता हूँ.	मैं आपके ever सोचा था	0.7496927976608276	0.385565847158432	0.3198612332344055
- No, let's hit it head-on!	नहीं, के सिर पर मारा!	ज़रूर, हमें इसे पूरा करना चाहिए!	0.71766197681427	0.5679484009742737	0.5573940277099609
So off they went, whispering to one another:	ग़रज़ वह लोग चले और आपस में चुपके चुपके कहते जाते थे	बातचीत शुरू कर रहे हैं:	0.6155756115913391	0.39920109510421753	0.169517382979393
Delete	मिटाएँ	प्ल, इसे सुधार दिया जा सकता है।	0.6677877902984619	0.5183404684066772	0.3038990795612335
Say, “It is He Who has spread you out in the earth, and towards Him you will be raised.”	कह दो कि वही तो है जिसने तुमको ज़मीन में फैला दिया और उसी के सामने जमा किए जाओगे	सay, “यही व्यक्ति ने आपको ग्राम पर रखी है और आपका आपका निर्माण किया है।”	0.7056865692138672	0.34518325328826904	0.26289042830467224
KFormula	के- फॉर्मूला	की फ़ॉर्मुला	0.8820359706878662	0.7105863690376282	0.32650819420814514
No. Urn...	सं कलश...	0. को...	0.7523391246795654	0.5710563063621521	0.29274994134902954
"Really delete folder ""{0}"" and all of its subfolders?"	"फ़ोल्डर ""{0}"" और इसके सभी उपफोल्डरों को वास्तव में विलोपित करना चाहते हैं?"	सब कुछ हटा देगा फ़ोर सभी उसके संबंधी फ़ोर सब कुछ रिमून फ़ोर सभी को	0.659666121006012	0.3328916132450104	0.13337886333465576
Details	विवरण	बारीकी से	0.6997658014297485	0.48200085759162903	0.39238056540489197
That was twice and I was out of line.	वह दो बार गया था और मैं रेखा के बाहर था.	दो बार हुआ और मैंने लाइन में ही ही ही ही ही ही ही ही ही ही ही ही ही ही ही ही ही ही ही ही ही ही ही ही ही ही ही ही ही ही ही ही ही ही ही ही ही ही ही ही ही ही ही ही ही ही ही ही ही ही ही ही ही ही ही ही ही ही ही ही ही ही ही ही ही ही ही ही ही ही ही ही ही ही ही ही ही ही ही ही ही ही ही ही ही ही ही ही ही ही ही ही ही ही ही ही ही ही ही ही ही ही ही ही ही ही ही ही ही ही ही ही ही ही ही ही ही ही ही ही ह	0.5633302330970764	0.13453060388565063	0.048924852162599564
"The fools among the people will say, 'What has turned them from the direction they were facing in their prayers aforetime?' Say: ""To God belong the East and the West; He guides whomsoever He will to a straight path.'"	"मूर्ख लोग अब कहेंगे, ""उन्हें उनके उस क़िबले (उपासना-दिशा) से, जिस पर वे थे किस ची़ज़ ने फेर दिया?"" कहो, ""पूरब और पश्चिम अल्लाह ही के है, वह जिसे चाहता है सीधा मार्ग दिखाता है।"""	यह लोग जो आपके पीछे की ओर जाते हैं, इन्हें जो आपके प्रार्थना के माध्यम से मिल सकता है, उसे वैध मान देते हैं।	0.6925504803657532	0.41909489035606384	0.5385882258415222
As for those who work against Our Signs so as to frustrate them, they shall be arraigned into the chastisement.	और जो लोग हमारी आयतों (की तोड़) में मुक़ाबले की नीयत से दौड़ द्दूप करते हैं वही लोग (जहन्नुम के) अज़ाब में झोक दिए जाएॅगे	उन लोगों के बारे में जो हमारे संकेतों का विरुद्ध होकर काम करते हैं, वे विरुद्ध करने के लिए हमारे संकेतों का दुरुपयोग करेंगे और इस प्रकार से हमारे संकेतों का दुरुपयोग होगा।	0.677135169506073	0.40939927101135254	0.611556887626648
Now, I'll notify Cameron.	अब, मैं कैमरून को सूचित करेंगे.	अब, मैं कैमरन को नोटिफाई करूँगी।	0.8797899484634399	0.8150889277458191	0.6796926259994507
From Syria, Mustafa Hamido explains what Ramadhan means for him.	सीरिया से मुस्तफा हमीदो स्पष्ट कर रहे हैं कि उनके लिए रमजान का क्या महत्व है.	सीरिया से मुस्ताफा हैमिडो रमदान का अर्थ उन्हें क्या है।	0.7994216084480286	0.5344682335853577	0.345342218875885
How was the bride?	दुल्हन कैसी थी?	कैसे बrides का विवाह?	0.7484128475189209	0.34434637427330017	0.22263790667057037
"""who's got, like, bomb moves, right?"	"मैं ""कौन सही है, जैसे, बम चाल मिल गया है?"	"प्रतिक्रिया: ""कौन-से लोग बम व्यायी हैं, यह जाँच कर सकते हैं कि आप ऐसा कौन-कौन सा किया बग देते हैं?"""	0.7355214953422546	0.4946439564228058	0.45734769105911255
I'm gonna start looking at him. Will you give us a second, please, Ryan?	रायन ?	मैं रियान से शुरू कर दूँगा। रियान से क्या हो सकता है, उस पर पल्लटू किया जा सकता है।	0.6870149374008179	0.419235497713089	0.4543180465698242
You're not getting away with it, understand?	तुम इसे लेकर बच नहीं सकते हो, समझ में आया?	अरे, समझो!	0.7246725559234619	0.5850777626037598	0.4719218611717224
Cannot create MAPI source in offline mode	ऑफलाइन मोड में MAPI स्रोत नहीं बना सकता है	ऑफलाइन मोड में एमएपीआई संस्करण को बनाए रखने के लिए कोई ज़रूरत नहीं है	0.8130330443382263	0.6351581811904907	0.5716592073440552
I mean, suddenly, I just got some more school spirit.	मेरा मतलब है, अचानक, मैं बस कुछ अधिक स्कूल की भावना मिल गया.	पूर्वानुसार, पूर्वानुसार, पूर्वानुसार,	0.5437735915184021	0.2519147992134094	0.08719369024038315
Just that one moment and then eternal peace.	और मैंने जर्मन भूमि को यहूदी जहर से शुद्ध किया.	सिर्फ एक सेकंड और फिर अंतर्युक्त शांति का संदेश है।	0.6861906051635742	0.4041108191013336	0.4098920226097107
Beer, I guess.	बीयर, मुझे लगता है.	जी हाँ, बियर, इंच के बराबर हो सकता है.	0.7479543685913086	0.3896392583847046	0.2622787058353424
Location:	स्थानः	स्थान:	0.8850400447845459	0.8663975596427917	0.9330947399139404
- Ready, Petra?	- 60 सेकंड!	पेट्रा!	0.7119101881980896	0.43151727318763733	0.502252459526062
If you do vomiting sensation will go.	अगर आप कर दो,तो उल्टी आना बंद हो जाएगी.	यदि आप उल्टी हो रही sensation को दूर करने में मदद कर सकते हैं, तो वैसे ही व्यवहार का पालन करते हुए, आप उल्टी हो रही प्रतिक्रिया को दूर करने में सहायक हो सकते हैं।	0.7062302827835083	0.4784439206123352	0.3126291036605835
Pharaoh said, ‘Do you profess faith in Him before I may permit you? It is indeed a plot you have devised in the city to expel its people from it. Soon you will know [the consequences]!	फिरऔन ने कहा (हाए) तुम लोग मेरी इजाज़त के क़ब्ल (पहले) उस पर ईमान ले आए ये ज़रूर तुम लोगों की मक्कारी है जो तुम लोगों ने उस शहर में फैला रखी है ताकि उसके बाशिन्दों को यहाँ से निकाल कर बाहर करो पस तुम्हें अन क़रीब ही उस शरारत का मज़ा मालूम हो जाएगा	प्रोफ़रेस्ट ने कहा, ‘आपको मेरी पहले से ही ज्ञात है कि मैं आपके लिए इसके पहले से ज्ञात हूँ।	0.6458205580711365	0.30661362409591675	0.3051297962665558
They will hear no nonsense there or talk of sin,	वहाँ न तो बेहूदा बात सुनेंगे और न गुनाह की बात	वे किसी भी रूप से बिना किसी अर्थ से तो नहीं लिखेंगे, और वे किसी भी विषय पर किसी भी तरह से बात करेंगे.	0.6611502170562744	0.4087480306625366	0.43334129452705383
and when Allah's servant stood up to call on Him, they well-nigh swarmed him.	और ये कि जब उसका बन्दा (मोहम्मद) उसकी इबादत को खड़ा होता है तो लोग उसके गिर्द हुजूम करके गिर पड़ते हैं	और जब अल्लाह के सेवक सामने आए कि वे अल्लाह से सेवा माँगते हैं, तो वे बहुत नज़र में स्वामित्व माने गए।	0.7215759754180908	0.4307999014854431	0.44908857345581055
Balbir Singh from the Registrar Office (East) has fled from the scene.	रजिस्ट्रार दफ्तर (पूर्वी) का बलबीर सिंह मौके से फरार हो गया है।	बालबीर सिंह रजिस्टर ऑफिस (पूर्व) से गोपनी हुई रहस्य हैं।	0.785012423992157	0.4613977372646332	0.2812667489051819
without [adding], ‘God willing.’ And when you forget, remember your Lord, and say, ‘Maybe my Lord will guide me to [something] more akin to rectitude than this.’	मगर इन्शा अल्लाह कह कर और अगर (इन्शा अल्लाह कहना) भूल जाओ तो (जब याद आए) अपने परवरदिगार को याद कर लो (इन्शा अल्लाह कह लो) और कहो कि उम्मीद है कि मेरा परवरदिगार मुझे ऐसी बात की हिदायत फरमाए जो रहनुमाई में उससे भी ज्यादा क़रीब हो	यह लिखें कि वे ऐसा नहीं कर रहेेगवादी से भी अलग हैं।	0.623618483543396	0.2559446394443512	0.10269658267498016
Your names	रविशंकर श्रीवास्तव, जी. करूणाकरEMAIL OF TRANSLATORS	आपके नाम	0.5942171812057495	0.36519721150398254	0.7777803540229797
And are you, Frau Braun, of pure Aryan descent?	और क्या तुम, फ्रॉ ब्रौन, शुद्ध आर्य वंश के हो?	नहीं, आप फ़्र्यू ब्रेन, 1935 से पूरी कार्यशील आयु हैं, क्यों नाम रखा गया है?	0.7555296421051025	0.4675805866718292	0.29305529594421387
- Albert Weinselstein.	- अल्बर्ट Weinselstein.	अल्बर्ट वाइनसेलस्टेन.	0.8139684796333313	0.7304404973983765	0.8583861589431763
attachment.dat	संलग्नक	संलग्नन.	0.8821727633476257	0.7516987919807434	0.9301979541778564
Why?	क्यों?	क्यों?	1.000000238418579	0.9941537976264954	0.8534481525421143
Found the appointment in the calendar '%s'	'%s' पंचांग में मुलाकात मिली.	'%s'	0.7217569947242737	0.4686848819255829	0.11128731071949005
You're right on top of it.	आप यह की चोटी पर सही हैं.	आप सही बत रहे हैं।	0.8174344301223755	0.7086501717567444	0.5900493264198303
But I couldn't even touch her.	लेकिन मैं उसे छू तक नहीं पाया.	लेकिन मैं उसे भी नहीं हाथ से छूता।	0.8776673674583435	0.8228889107704163	0.8602758646011353
They say: Why hath no portent been sent down upon him from his Lord? Say: Lo! Allah is Able to send down a portent. But most of them know not.	"वे यह भी कहते है, ""उस (नबी) पर उसके रब की ओर से कोई निशानी क्यों नहीं उतारी गई?"" कह दो, ""अल्लाह को तो इसकी सामर्थ्य प्राप्त है कि कोई निशानी उतार दे; परन्तु उनमें से अधिकतर लोग नहीं जानते।"""	यह कहते हैं कि पोर्टेंट वाले उन्हें यह बताने से पहले यह जानकर देते हैं कि वे इसका प्रयोग करने के लिए तैयार हैं।	0.6766920685768127	0.3434937298297882	0.3854178488254547
You have a prescription?	आप एक नुस्खा है?	Yes/No?	0.6565608978271484	0.46640530228614807	0.2611387073993683
Now, these pirate recordings do not only feature the lovable alien, there's also a rather bizarre intermission featuring a conventionally pretty young lady.	अब ये पायरेटेड रेकोर्डिंग केवल प्यारे एलियन्स को ही नहीं फिल्माते... बल्कि वहाँ एक विचित्र मध्यांतर में... एक पारंपरिक सुंदर युवा लड़की को दिखाते हैं।	अब ये पिरेट वीडियो में एक ऐसा एलियन है जो सभी को अपने नियमों के बारे में पता हो जिससे व्यक्तिगत रूप से जो भी हो वह सभी को अपने नियमों के बारे में पता हो जिससे व्यक्तिगत रूप से जो भी हो वह सभी को अपने नियमों के बारे में पता हो जिससे व्यक्तिगत रूप से जो भी हो वह सभी को अपने नियमों के बारे में पता हो जिससे व्यक्तिगत रूप से जो भी हो वह सभी को अपने नियमों के बारे में पता हो जिससे व्यक्तिगत रूप से जो भी हो वह सभी को अपने नियमों के बारे में पता हो जिससे व्यक्तिगत रूप से जो भी हो वह सभ	0.5943498611450195	0.3479706346988678	0.12709777057170868
Vietnamese	विएतनामी	वियतना	0.7495116591453552	0.770237147808075	0.9113597273826599
If I unite you with your sweetheart, all my sins would vanish into thin air.	अगर मैं तुम्हे तुम्हारी प्रियतम से मिला सकू, तो मेरे सारे पाप इस हवा में उड जायेंगे.	अगर तुम और तुम्हारा स्वीकार तुम्हारी प्रेमिका है, तो मेरी क्रोधा भी बराबर हो जाएगी।	0.7818425893783569	0.37921515107154846	0.28950634598731995
And Ishmael, and Enoch, and Ezekiel; each was one of the steadfast.	और (ऐ रसूल) इसमाईल और इदरीस और जुलकिफ्ल (के वाक़यात से याद करो) ये सब साबिर बन्दे थे	और इश्मील, और ईहोद, और ईकेल; प्रत्येक एक सिद्धांत वाला था।	0.7248483896255493	0.5920602679252625	0.6370075941085815
Nigh unto which is the Garden of Abode.	उसी के पास तो रहने की बेहिश्त है	अभी भी किसी को अपना घर बनाने के लिए गार्डन ऑफ अबोएडे का उपयोग करने की नियति है।	0.6939916014671326	0.5349123477935791	0.4103705585002899
Of what do they question one another?	किस चीज़ के विषय में वे आपस में पूछ-गच्छ कर रहे है?	उनसे क्या पूछताछ है?	0.7480614185333252	0.5540809035301208	0.45241278409957886
I don't know what you are, or where you're from, but I'd like to tell you about something I read.	जैक: मैं तुम्हें क्या कर रहे हैं पता नहीं है, या आप कहाँ से हैं, लेकिन मैं तुम्हें मैं पढ़ने के बारे में कुछ बताना चाहूँगा.	आप जानते हैं कि आप, या आप उसके द्वारd्वारा पढ़ी गई किसी कित्र में हो सकते हैं।	0.6674486994743347	0.3333463668823242	0.20590196549892426
This message is not available in offline mode.	ऑफ़लाइन मोड में यह संदेश उपलब्ध नहीं है.	ऑफलाइन मोड में इस मैसेज को प्राप्त करने के लिए स्थानीय कनेक्टेड मॉडे का उपयोग करना या रिफ़ार्ज करना अनिवार्य है	0.7649017572402954	0.5679782032966614	0.27727168798446655
They're on the northern outskirts between Frohnau and Pankow.	वे जौसेन को दक्षिण की ओर ले गये है और स्टांसडॉर्फ की ओर बढ़ रहे हैं.	वे उत्तरी भाग के उत्तर-पूर्वी क्षेत्र में फ्रॉनहाउस्टान और पैंकोव के बीच हैं।	0.7363331913948059	0.5647991299629211	0.563618540763855
She was a good mother to you, wasn't she?	वह एक अच्छी माँ थी न?	वह एक अच्छी माता-पुत्र की थी, wasn't she?	0.8151959180831909	0.40332818031311035	0.48687270283699036
India: The Advent of Citizen-Driven Election Monitoring · Global Voices	आम चुनावों में लगी जनता की पैनी नज़र	दुनिया के लोगों द्वारा लोकतंत्र में सामाजिक निर्देशकों का सामान्य अनुसार दिए गए संदर्भों के लिए अंग्रेज़ी का सार्वदाता हूँ |	0.6993623375892639	0.24794542789459229	0.13667380809783936
FOUR SPIRITS OF THE RIVER	Constellation name (optional)	रिव्हरी में चारों भूत भूत कर्म के प्रति	0.643033504486084	0.3482988178730011	0.4079812169075012
CalDAV	CalDAV	कैलडेव	0.6674817800521851	0.5952173471450806	0.6099144220352173
I will get Nathan out.	मैं नाथन बाहर निकलना होगा.	मैं नाथन को निकालने वाले से काम लूँगा।	0.8323875665664673	0.5610201954841614	0.5543621182441711
I'm asking... man:	मैं पूछ रही हूं- - पुरुष:	मैं... हो सकता हूँ:	0.7476613521575928	0.4770946502685547	0.495648592710495
The months for Hajj are well known to all; whoever makes up his mind to perform Hajj during these fixed months, let him totally abstain from all sorts of sexual indulgence, wickedness and wrangling during the Hajj and remember that Allah knows whatever good you do. Take necessary provisions for Hajj, and piety is the best of all provisions: so refrain from disobeying Me, O men of understanding!	हज के महीने जाने-पहचाने और निश्चित हैं, तो जो इनमें हज करने का निश्चय करे, को हज में न तो काम-वासना की बातें हो सकती है और न अवज्ञा और न लड़ाई-झगड़े की कोई बात। और जो भलाई के काम भी तुम करोंगे अल्लाह उसे जानता होगा। और (ईश-भय) पाथेय ले लो, क्योंकि सबसे उत्तम पाथेय ईश-भय है। और ऐ बुद्धि और समझवालो! मेरा डर रखो	"Source Sentence:
The months for Hajj are well known to all; whoever makes up his mind to perform Hajj during these fixed months, let him totally abstain from all sorts of sexual indulgence, wickedness and wrangling during the Hajj and remember that Allah knows whatever good you do."	0.5913805961608887	0.35101768374443054	0.00630900077521801
So I suppose my tears were more for the sadness that there's so much to overcome.	इसलिए मुझे लगता है कि मेरे आंसू दुख की वजह से आए थे कि कितना सब कुछ सहना पड़ता है.	यह सुझाव है कि मैं अपने दिल से जो भी दर्द था, वह वह थोड़ा जो मुझे दर्द पहुँचाता था, वही है जिस पर मैं इतनी सारी बात कह सकती हूँ।	0.7227316498756409	0.4183177351951599	0.3187536299228668
O you who believe, if you confer with the Prophet in private, give alms in the name of God before you go to confer. This is better for you and becoming. If you do not have the means, then surely God is forgiving and kind.	ऐ ईमानदारों जब पैग़म्बर से कोई बात कान में कहनी चाहो तो कुछ ख़ैरात अपनी सरगोशी से पहले दे दिया करो यही तुम्हारे वास्ते बेहतर और पाकीज़ा बात है पस अगर तुमको इसका मुक़दूर न हो तो बेशक ख़ुदा बड़ा बख्शने वाला मेहरबान है	यह जानवर को गोपनीय रूप से अपने नाम से व्यक्त करने के लिए कुछ भी करने के लायक माना जा सकता है.	0.6463981866836548	0.3485194146633148	0.4267773926258087
Thanks.	तुम सही हो.	असफल हो सकता है।	0.7518662810325623	0.46787163615226746	0.30529463291168213
Whether to show the address column in the history window.	क्या इतिहास विंडो में पता स्तंभ को दिखायें	क्या हिस्ट्री वे�ड़ी में एड्स पर स्टोरेज डेटा शो करना जाता है.	0.7373442053794861	0.4303133189678192	0.3112168610095978
"And they will say, ""Praise to Allah, who has fulfilled for us His promise and made us inherit the earth [so] we may settle in Paradise wherever we will. And excellent is the reward of [righteous] workers."""	"और वे कहेंगे, ""प्रशंसा अल्लाह के लिए, जिसने हमारे साथ अपना वादा सच कर दिखाया, और हमें इस भूमि का वारिस बनाया कि हम जन्नत में जहाँ चाहें वहाँ रहें-बसे।"" अतः क्या ही अच्छा प्रतिदान है कर्म करनेवालों का!-"	"और वे कहेंगे, ""पूजा को करने वाले, अल्लाह को करने वाले के प्रसिद्धि है कि [लोगों के] जो संघर्ष करते हैं, वही सफल होते हैं, [लोगों के] जो प्रसिद्ध होते हैं, वही विद्रोही होते हैं।"	0.68807452917099	0.3734661042690277	0.326741099357605
Have the (pagans) not seen that We have made the holy precinct a safe place while all the people around are suffering terror. Do they believe in falsehood and disbelieve in God's bounties?	क्या उन्होंने देखा नही कि हमने एक शान्तिमय हरम बनाया, हालाँकि उनके आसपास से लोग उचक लिए जाते है, तो क्या फिर भी वे असत्य पर ईमान रखते है और अल्लाह की अनुकम्पा के प्रति कृतघ्नता दिखलाते है?	नहीं, हमने ऐसा नहीं देखा कि हमने हमेशा holy precinct को सुरक्षित रखने के लिए सहित तौर पर व्यस्त किया गया |	0.6753299236297607	0.3400539755821228	0.35715967416763306
Cannot rename MAPI folder '%s' to '%s'	MAPI फ़ोल्डर `%s' का नाम `%s' में नहीं बदल सकता है	मापी एफ़ॉल्टर को '%s' से '%s' में बदल सकता है	0.8393615484237671	0.4593823254108429	0.598150372505188
I mean, I could probably move a few clients around, make some space.	क्लाइंट्स को संभाल सकता हूं.	प्रश्न: मैं समझता हूँ, मैं कुछ लोगों को कुछ जगह पर कुछ कर सकता हूँ.	0.7133331298828125	0.3727937638759613	0.4375835359096527
No. Sustained post hypnotic suggestion is more difficult.	सं पोस्ट कृत्रिम निद्रावस्था सुझाव और अधिक कठिन है निरंतर.	स्थायी निर्णय के प्रभाव की सीमाएं अधिक कठिन हो सकती हैं।	0.7687029838562012	0.4766800105571747	0.5592780113220215
Yeah, Doug. His wallet and his room key is in there.	अपने घर और चारों ओर देखिए देखना अगर हमारे दोस्त के लिए कोई सुराग है?	हाँ, डॉग। उसका पासवर्ड और उसका कार्ड की सिक्की हो सकती हैं।	0.6802459955215454	0.354568213224411	0.18255694210529327
And of His signs are your sleep by night and day, and your pursuit of His bounty. In this are signs for people who listen.	और रात और दिन को तुम्हारा सोना और उसके फज़ल व करम (रोज़ी) की तलाश करना भी उसकी (क़ुदरत की) निशानियों से है बेशक जो लोग सुनते हैं उनके लिए इसमें (क़ुदरते ख़ुदा की) बहुत सी निशानियाँ हैं	अपने संकेतों से आप का शांति से सोचना और आपका सामने आने वाले आपका प्रगति से सोचना से आप के पास संकेतों के साथ-सहित अन्य लोगों द्वारा आपका सामाजिक सेवा से संबंधित अन्य संकेतों का सामना करना और इसके साथ-सहित अन्य सार्वजनिक सेवाओं से संबंधित अन्य संकेतों का सामना करना और इसके साथ-सहित अन्य सार्वजनिक सेवाओं से संबंधित अन्य संकेतों का सामना करना	0.6154957413673401	0.34086644649505615	0.13967394828796387
Must be hard being between children's and grown-up sizes, eh? Well, it was a pleasure meeting you, Sam.	जो रोज इसके साथ सोता है।	मुझे पूछna कि क्या यह मैदान में बीच की स्थिति के बीच से ही पड़ता है, अरे?	0.6875433325767517	0.27508023381233215	0.18640722334384918
What are you gonna do with the fucking painting? !	आप कमबख्त चित्रकला के साथ क्या करोगे?	"स्पष्टीकरण के लिए धन्यवारी:
क्या आप जो कुछ भी करना है, उसे करने के लिए क्या रंग दे दें?"	0.7139375805854797	0.41191914677619934	0.23885059356689453
Right	दायाँ	पूरा	0.7223441004753113	0.4713584780693054	0.6709256172180176
Active plugins	प्लगिन सक्रिय	कार्यकारी प्लग-इन	0.7203578352928162	0.6784894466400146	0.8624856472015381
_Use custom command to connect to server	सर्वर से जुड़ने के लिए कस्टम कमांड का प्रयोग करें (_U)	"_Use custom command to connect to server_

Server 1:
Connect to the server using the custom command.

Server 2:
Yes, you can connect to the server using the custom command."	0.6512071490287781	0.4584019184112549	0.13654741644859314
Jacob do to your side agreed with the deal?	याकूब ने अपने पक्ष करने के लिए सहमत सौदा के साथ?	जेबरी ने आपको इस प्रस्ताव पर हस्ताक्षर कर दिए हैं?	0.7397295236587524	0.5906830430030823	0.47823041677474976
By Allah, We indeed sent (Messengers) to the nations before you (O Muhammad SAW), but Shaitan (Satan) made their deeds fair-seeming to them. So he (Satan) is their Wali (helper) today (i.e. in this world), and theirs will be a painful torment.	(ऐ रसूल) ख़ुदा की (अपनी) कसम तुमसे पहले उम्मतों के पास बहुतेरे पैग़म्बर भेजे तो शैतान ने उनकी कारस्तानियों को उम्दा कर दिखाया तो वही (शैतान) आज भी उन लोगों का सरपरस्त बना हुआ है हालॉकि उनके वास्ते दर्दनाक अज़ाब है	"अल्लाह, वे जिन मानवों से पहले (ओ मोहमद से पहले) मानव द्वारा बने दशांत से दर्शकों को यह लगने लगा कि वे भविष्य में ऐसी ही बात होगी.

औरज्ञान, वे मानव जाति से पहले (ओ मोहमद से पहले) मानव द्वारा बने दशांत से दर्शकों को यह लगने लगा कि वे भविष्य में ऐसी ही बात होगी"	0.6159806847572327	0.36201250553131104	0.3836812376976013
The image...	छवि...	रूपरूप से...	0.8413087129592896	0.6524503827095032	0.8088701367378235
Your life is now fulfilled.	अपने जीवन अब पूरी हो जाती है।	यours life is now fulfilled.	0.7435933351516724	0.4871899485588074	0.5080031156539917
One or two days at most.	सरकार जिले भी?	अधिकतर।	0.7581021189689636	0.5084852576255798	0.23191998898983002
Somewhere... perhaps.	कहीं... शायद.	जो भी हो... असली हो.	0.7986767888069153	0.5025925040245056	0.5032884478569031
If we could just talk...	अगर हम बात कर सकें--	अगर हम जो सोच सकते हैं वो सोच सकते हैं...	0.7489981055259705	0.5189163088798523	0.5463919639587402
Know that Allah is severe in punishment, but that Allah (also) is Forgiving, Merciful.	जान लो अल्लाह कठोर दड देनेवाला है और यह कि अल्लाह बड़ा क्षमाशील, दयावान है	यह ध्यान रखें कि Allah का भेद-भाव कीट-जीव के लिए भी है लेकिन Allah (जैसा भी) भक्त-दलाई के भी है	0.6656085252761841	0.37111276388168335	0.279106080532074
Swearing by Allah their strongest oaths they claimed that if a warner came to them they would be better-guided than any other people. But when a warner did come to them, his coming only increased their aversion (to the Truth).	और ये लोग तो खुदा की बड़ी-बड़ी सख्त क़समें खा (कर कहते) थे कि बेशक अगर उनके पास कोई डराने वाला (पैग़म्बर) आएगा तो वह ज़रूर हर एक उम्मत से ज्यादा रूबसह होंगे फिर जब उनके पास डराने वाला (रसूल) आ पहुँचा तो (उन लोगों को) रूए ज़मीन में सरकशी और बुरी-बुरी तद्बीरें करने की वजह से	असली अर्थों के लिए, अगर विद्रोही अपने विद्रोह के आने पर उन लोगों को बेहतर तरीके से निर्देशित किया जा सकता है।	0.6417238712310791	0.30864033102989197	0.2927933931350708
It's open here.	यह खुला है.	यह ओपन है।	0.8136226534843445	0.9177305102348328	0.7887535095214844
Move up the ladder.	सीढ़ी ऊपर ले जाएँ.	"पहले से पाँचवें स्थान तक की लैंडपैड को निम्नलिखित तरीके से समझाया जा सकता ह:

चरण:
1. सबसे पहले स्थान तक की लैंडपैड को निम्नलिखित तरीके से समझाया जा सकता ह:

2. सबसे पहले स्थान तक की लैंडपैड को निम्नलिखित तरीके से समझाया जा सकता ह:

3. सबसे पहले स्थान तक की लैंडपैड को निम्नलिखित तरीके से समझाया जा सकता ह:

4. सबसे पहले स्थान तक की लैंडपैड को निम्नलिखित तरीके से समझाया जा सकता ह:

5. सबसे पहले स्थान तक की लैंडपैड को निम्नलिखित तरीके से समझाया जा सकता ह:

6. सबसे पहले स्थान"	0.5220208168029785	0.32247230410575867	0.05926518142223358
Show offline contacts	ऑफलाइन संपर्क दिखाएँ	ऑफलाइन कॉन्टैक्ट डिखाने वाले स्थान	0.8040040135383606	0.4805653989315033	0.1159803569316864
A twelve year old girl will be so freaking terrified to utter a sound. Arrrgh…	एक बारह साल की बच्ची तो इतना सहम जायेगी कि उसके मुंह से आवाज़ क्या निकलेगी।	अरे भाई, एक दो सालीय लड़की को तो कितनी भयभारी स्थिति में ऐसी हो जिससे वह भयभारी स्थिति से बचने चाहूँगी।	0.7116074562072754	0.4307442605495453	0.33112797141075134
This really is Patton's gun, isn't it?	यह वास्तव में यह पैटन की बंदूक है, है न?	नहीं, यह पैट्टन का हथोड़ा होगा, नहीं?	0.7944244146347046	0.4702881872653961	0.4986981451511383
Ex-wife, Leroy!	पूर्व पत्नी, लेरॉय!	ई-विवाही, लेरॉय!	0.8112152814865112	0.49577048420906067	0.6027539968490601
It is not their meat or blood that reaches God: It is the fealty of your heart that reaches him. That is why He has subjugated them to you that you may glorify God for having shown you the way. So give glad tidings to those who are doers of good.	खुदा तक न तो हरगिज़ उनके गोश्त ही पहुँचेगे और न खून मगर (हाँ) उस तक तुम्हारी परहेज़गारी अलबत्ता पहुँचेगी ख़ुदा ने जानवरों को (इसलिए) यूँ तुम्हारे क़ाबू में कर दिया है ताकि जिस तरह खुदा ने तुम्हें बनाया है उसी तरह उसकी बड़ाई करो	यह उनके प्रेम या भक्ति के हिस्से को नहीं, बल्कि उनके प्रेम या भक्ति के हिस्से को देने वाले को प्रेम या भक्ति के लिए धन्यव्यय के रूप में देने वाले को प्रेम या भक्ति के लिए श्रद्धांजली की सांकित मूलतः:	0.6090534329414368	0.2887455224990845	0.20808245241641998
The true religion with Allah is Islam. The People of the Book adopted many different ways rather than follow the true way of Islam even after the knowledge of truth had reached them, and this merely to commit excesses against one another. Let him who refuses to follow the ordinances and directives of Allah know that Allah is swift in His reckoning.	दीन (धर्म) तो अल्लाह की स्पष्ट में इस्लाम ही है। जिन्हें किताब दी गई थी, उन्होंने तो इसमें इसके पश्चात विभेद किया कि ज्ञान उनके पास आ चुका था। ऐसा उन्होंने परस्पर दुराग्रह के कारण किया। जो अल्लाह की आयतों का इनकार करेगा तो अल्लाह भी जल्द हिसाब लेनेवाला है	अल्लाह की सच्चाई से इस बात पर पूरा नियंत्रण और सहमति वाले किसी को भी इस बात से प्रभावित न होने देता है।	0.6756457090377808	0.4661223590373993	0.5762704610824585
Harley, I already feel so bad though, about what we're doing.	हार्ले, मैं पहले से ही हम क्या कर रहे हैं के बारे में है, हालांकि बहुत बुरा लगता है.	यह सर्वशक्रीयता भी है कि आप ऐसी ऐसी स्थिति से भी बेहतर महसूस कर रहे हैं कि हमारी ऐसी ऐसी स्थिति है जिससे हमें ऐसा लग रहा है कि हमें ऐसा लग रहा है कि हमारी ऐसी ऐसी स्थिति है जिससे हमें ऐसा लग रहा था कि हमें ऐसा लग रहा था कि हमें ऐसा लग रहा था कि हमें ऐसा लग रहा था कि हमें ऐसा लग रहा था कि हमें ऐसा लग रहा था कि हमें ऐसा लग रहा था कि हमें ऐसा लग रहा था कि हमें ऐसा लग रहा था कि हमें ऐसा लग रहा था कि हमें ऐसा लग रहा था कि हमें ऐसा लग रहा था कि हमें ऐसा लग रहा था कि हमें ऐसा लग रहा था कि हमें ऐसा लग रहा था	0.5943106412887573	0.30372321605682373	0.14480483531951904
Failed to connect to SMTP server %s in secure mode: %s	सुरक्षित मोड़ में %s SMTP सर्वर से जुड़ने में असफल: %s	सुरक्षा स्तर पर एस.एम.टी.एस. सेवा से connection failed: %s	0.7165303230285645	0.5840560793876648	0.5688945055007935
Earlier this evening online server trackers noted the NSA's website had been down for at least six hours, and the site continues to be inaccessible for some users.	शाम को ऑनलाइन सर्वर ट्रैकर्स ने पाया था कि एन.एस.ए. की वेबसाइट कम से कम छह घंटों के लिए बंद थी, तथा कुछ उपयोगकर्ताओं के लिए साइट अभी भी पहुंच में नहीं है।	अगली रात ऑनलाइन सेवा के ट्रैकर्स ने यह नोट किया कि एनएस की वेबसाइट 6 साल से ज़्यादा समय से बंद रही है.	0.7996748685836792	0.6922555565834045	0.7721095085144043
Did you hear somebody?	आप किसी को सुना है?	नहीं किसी से सुना?	0.86065274477005	0.7695660591125488	0.5872039198875427
I didn't even know about Ellen's money until I found that letter!	इसके अलावा, इस अपने कमबख्त योजना है	ईलेन की पैसे गिराओ से पहले तो मुझे यह बात सुनाई देगी कि आप कितने समय तक अपने पैसे से संतुष्ट रहें	0.6446607112884521	0.40882548689842224	0.2474534511566162
Your emails	raviratlami@ aol. in	योर ईमेल	0.6280066967010498	0.4683699309825897	0.4404286742210388
- This pool of slave labour you've got, you can underbid any contractor in town?	- तुम्हारे पास दासों का समूह है, तुम शहर के किसी भी ठेकेदार से कम बोली लगा सकते हो.	यह स्वदेश से किसी को भी शासित श्रमिक का कार्य व्यवस्था में किसी को भी प्रतिस्पर्धित करने की अनुमति देते हैं?	0.6645668745040894	0.4395779073238373	0.5240851640701294
All right, the parole board has received...	सब ठीक है, पैरोल बोर्ड प्राप्त हुआ है...	पारोल बोर्ड ने...	0.7738390564918518	0.5718841552734375	0.10774677991867065
the current time	मौजूदा समय	पूरी कार्य की समय सीमाएँ	0.7205026149749756	0.5930290818214417	0.7153682708740234
/nick <nickname>: change your nickname on the current server	/nick <nickname>: मौजूदा सर्वर पर अपना प्रचलित नाम बदलें	नए नाम स्टार पर बदल देने के लिए	0.725283145904541	0.4179421365261078	0.2829135060310364
They said: O ruler of the land! Lo! he hath a very aged father, so take one of us instead of him. Lo! we behold thee of those who do kindness.	और जो (उसके भाई की चोरी का हाल बयान करते हो ख़ुदा खूब बवाक़िफ है (इस पर) उन लोगों ने कहा ऐ अज़ीज़ उस (इब्ने यामीन) के वालिद बहुत बूढ़े (आदमी) हैं (और इसको बहुत चाहते हैं) तो आप उसके ऐवज़ (बदले) हम में से किसी को ले लीजिए और उसको छोड़ दीजिए	यह कहते हैं कि राजा पृथक व्याख्या प्राप्त करते हैं! है! वे एक ऐसा वृद्ध पिता रखते हैं कि उनके पास कोई भी शिकायत नहीं है!	0.6343698501586914	0.34823065996170044	0.329012930393219
"Have you been to the ""new home"" last night?"	"कल रात तुम ""नया घर"" गये थे?"	शरीरी ग्रुप की बैठक last night किस बारे में आयी?	0.695320188999176	0.4571378827095032	0.316240519285202
A big fat fucking zero.	एक बहुत बड़ा शून्य।	अरे बिल्कुल! कुछ नहीं।	0.7184687256813049	0.527628481388092	0.34713053703308105
This will blind you.	यदि यह आँख में गया, अंधे हो जाओगे.	इसे देखेंगे को भी नुकसान पहुँडेगा.	0.6990755796432495	0.44364699721336365	0.24503810703754425
Poorer but wiser.	गरीब लेकिन समझदार.	बेहतर लेकिन ज्यादा ज्ञानी।	0.7983059287071228	0.6016510725021362	0.6174173355102539
It promised that if they could distinguish between good and evil.	उसने वादा किया था कि अगर वे अच्छाई और बुराई के बीच भेद कर लेंगे.	यह बताता था कि अगर वे अच्छा और बुरा देखने की क्षमता रखते हैं तो वे ऐसा वचन करते हैं।	0.7842381596565247	0.6813057065010071	0.7658342123031616
That's when we're at our most uncontrollable, vicious, insane with thirst.	~ क्रूर, प्यास से पागल ~.	अरे वो जब हमारे सबसे बिगड़ जैसे होते हैं, सबसे बुरे व्यवहार से जूझते हैं।	0.6405478715896606	0.3771437406539917	0.20876552164554596
Hi-Test.	हाय टेस्ट.	जी-Test.	0.7996534705162048	0.7515243887901306	0.7475433349609375
And his plaint: ‘My Lord! Indeed these are a people who will not have faith!’	और (उसी को) रसूल के उस क़ौल का भी इल्म है कि परवरदिगार ये लोग हरगिज़ ईमान न लाएँगे	और विवेचना: ‘राजा! ये लोग विश्वास नहीं करेंगे!'	0.6890592575073242	0.45067110657691956	0.5261847376823425
I want it sorted.	मैंइसेहल चाहते	सॉर्ट करने के लिए कुछ को हटा दिया जा सकता है.	0.6610085368156433	0.3428838551044464	0.27648311853408813
Only 1?	केवल 1?	सिर्फ 1?	0.8393197655677795	0.978680431842804	0.8985490202903748
God desires to make clear to you, and to guide you in the institutions of those before you, and to turn towards you; God is All-knowing, All-wise;	ख़ुदा तो ये चाहता है कि (अपने) एहकाम तुम लोगों से साफ़ साफ़ बयान कर दे और जो (अच्छे) लोग तुमसे पहले गुज़र चुके हैं उनके तरीक़े पर चला दे और तुम्हारी तौबा कुबूल करे और ख़ुदा तो (हर चीज़ से) वाक़िफ़ और हिकमत वाला है	गोद का इच्छुक है कि वह आपको और आपके अनुसार सूचित करे, और आपको और आपके अनुसार निर्देश करे।	0.7006282806396484	0.2596566677093506	0.25805267691612244
Select the personal data you want to clear	निजी आंकड़ा चुनें जिसे आप साफ़ करना चाहते हैं	मैं आपको जानकारी देने या देने वाले के बारे में बता सकता हूँ	0.6777980923652649	0.4684382379055023	0.36268478631973267
And We divided them throughout the earth into nations. Of them some were righteous, and of them some were otherwise. And We tested them with good [times] and bad that perhaps they would return [to obedience].	और हमने उनको रूए ज़मीन में गिरोह गिरोह तितिर बितिर कर दिया उनमें के कुछ लोग तो नेक हैं और कुछ लोग और तरह के (बदकार) हैं और हमने उन्हें सुख और दुख (दोनो तरह) से आज़माया ताकि वह (शरारत से) बाज़ आए	और हमने उन्हें दुनिया भर में संस्थागत रूप से विभाजन कर दिया है।	0.6902234554290771	0.4228293001651764	0.43849295377731323
Could not register	पंजीयन नहीं कर सका	रजिस्ट्री नहीं कर सकता	0.8026903867721558	0.7573634386062622	0.8692796230316162
Weidling, former Commanding Officer of the Berlin Defense Force.	बर्लिन डिफेंस फोर्स के पूर्व कमांडिंग आफीसर, विल्डिंग.	बेर्लिन डिफेंस फॉर्स के किंग।	0.8165909051895142	0.5498681664466858	0.5167255997657776
As for the wall, it belonged to two orphan lads in the city, and under it was a treasure belonging to them. Their father was a righteous man; and thy Lord desired that they should come of age and then bring forth their treasure as a mercy from thy Lord. I did it not of my own bidding. This is the interpretation of that thou couldst not bear patiently.'	"और रही यह दीवार तो यह दो अनाथ बालकों की है जो इस नगर में रहते है। और इसके नीचे उनका ख़जाना मौजूद है। और उनका बाप नेक था, इसलिए तुम्हारे रब ने चाहा कि वे अपनी युवावस्था को पहुँच जाएँ और अपना ख़जाना निकाल लें। यह तुम्हारे रब की दयालुता के कारण हुआ। मैंने तो अपने अधिकार से कुछ नहीं किया। यह है वास्तविकता उसकी जिसपर तुम धैर्य न रख सके।"""	प्रिय जी, यह बिल्कुल सही है। यह बारी-बारी से बता रहा है।	0.6568611860275269	0.35088276863098145	0.280065655708313
The resource '%s' is busy during the selected time period.	संसाधन '%s' चयनित समय काल में व्यस्त.	selected time period के दौरान '%s' को बाधित समय माना जाता है।	0.7522500157356262	0.5759105682373047	0.17172984778881073
- - I don't know, brother, ask him.	- मैं नहीं जानता, भाई, उससे पूछो.	यहाँ सारी जानकारी दी गई है।	0.6267791986465454	0.4570714235305786	0.19734768569469452
Enabled	draw separator	प्राप्त	0.6575905680656433	0.5042160153388977	0.5423167943954468
- That's true enough.	- काफी हद तक सच है.	पहले कहा गया था कि यह सही है।	0.7583733201026917	0.71998530626297	0.7008044719696045
Do you think that you will be left [as you are] while Allah has not yet made evident those among you who strive [for His cause] and do not take other than Allah, His Messenger and the believers as intimates? And Allah is Acquainted with what you do.	क्या तुमने ये समझ लिया है कि तुम (यूं ही) छोड़ दिए जाओगे और अभी तक तो ख़ुदा ने उन लोगों को मुमताज़ किया ही नहीं जो तुम में के (राहे ख़ुदा में) जिहाद करते हैं और ख़ुदा और उसके रसूल और मोमेनीन के सिवा किसी को अपना राज़दार दोस्त नहीं बनाते और जो कुछ भी तुम करते हो ख़ुदा उससे बाख़बर है	प्रश्न: तुम्हें लगता है कि Allah के बाद तुम्हारा वास्तव में कोई भी हो सकता है? और Allah के बाद तुम्हारा वास्तव में कोई भी हो सकता है?	0.6372321248054504	0.3099403381347656	0.28232383728027344
"They say: ""Why does he not bring us a sign (proof) from his Lord?"" Has there not come to them the proof of that which is (written) in the former papers [Scriptures, i.e. the Taurat (Torah), and the Injeel (Gospel), etc. about the coming of the Prophet Muhammad SAW]."	"और वे कहते है कि ""यह अपने रब की ओर से हमारे पास कोई निशानी क्यों नहीं लाता?"" क्या उनके पास उसका स्पष्ट प्रमाण नहीं आ गया, जो कुछ कि पहले की पुस्तकों में उल्लिखित है?"	Source says: “Why does he not bring us a sign (proof) from his Lord?”	0.6457988619804382	0.3805345594882965	0.1116829514503479
In Reggie's pain?	रेगी के दर्द में ?	प्रिया की दर्द को कैसे दूर कर सकता हूँ?	0.7417393326759338	0.6805176138877869	0.6051383018493652
GEAC:	जीईएसी:	जी.ई.ए.सी.	0.709105908870697	0.8076609969139099	0.8754469156265259
Move ~a onto an empty corner slot.	खाली अस्थायी खाँचा पर पत्ता ले जाएँ	विस्तार के लिए एक छोटी सीट पर रखें।	0.7034146189689636	0.397076815366745	0.5886139869689941
Believers, obey Allah and obey the Messenger and those in authority among you. Should you dispute about anything refer it to Allah and the Messenger, if you believe in Allah and the Last Day. That is better and the best interpretation.	ऐ ईमान लानेवालो! अल्लाह की आज्ञा का पालन करो और रसूल का कहना मानो और उनका भी कहना मानो जो तुममें अधिकारी लोग है। फिर यदि तुम्हारे बीच किसी मामले में झगड़ा हो जाए, तो उसे तुम अल्लाह और रसूल की ओर लौटाओ, यदि तुम अल्लाह और अन्तिम दिन पर ईमान रखते हो। यदि उत्तम है और परिणाम की स्पष्ट से भी अच्छा है	अधिकारियों के बीच जो कुछ भी हो, वही Allah और यारा, जो कि हमें सही तरीके से सलाह देते हैं, वही यारा, जो कि हमें सही तरीके से अभ्यास की दिशा देती है, वही यारा, जो कि हमें सही तरीके से निष्कर्षण की दिशा देती है, वही यारा, जो कि हमें सही तरीके से विवरण की दिशा देती है, वही यारा, जो कि हमें सही तरीके से व्याख्या की दिशा देती है, वही यारा, जो कि हमें सही तरीके से विवेचन की दिशा देती है, वही यारा, जो कि हमें सही तरीके से व्याख्या की दिशा देती है, वही यारा, जो कि हमें सही तरीके से व	0.5801401734352112	0.3989419639110565	0.19478948414325714
All right, man, look.	ठीक है, आदमी, देखो.	सभर तो सही, है ना?।	0.7485508322715759	0.4067218601703644	0.23741121590137482
And that He (Allah) is the Lord of Sirius (the star which the pagan Arabs used to worship);	और ये कि वही योअराए का मालिक है	और वो सिरस (एक खगोलीयbody जिसका प्रयोग पagan अरब वास्तु कार्य में करते हैं) के रूप में है।	0.7000111937522888	0.46480342745780945	0.32387739419937134
Two weeks is nothing, we need two months at least.	दो हफ्ते कुछ भी नहीं है, हम दो महीने में कम से कम जरूरत है.	दो हफ़्ते के लिए तो नहीं सुनना, ये हमें कम से कम दो महीने के लिए ही हो सकते हैं।	0.8074353933334351	0.4563877284526825	0.2827480137348175
First of all, Samurai is Japanese, I'm Korean.	सभी के पहले, समुराई जापानी है, मैं कोरियाई हूँ.	ज़रूरी तौर पर, सामुदायिक एकजुटता जापानी हूँ, मेरी भारतीय हैं।	0.7633623480796814	0.44344648718833923	0.3770861029624939
I believe we just had a cancellation.	मैं हम सिर्फ एक रद्द किया था विश्वास करते हैं.	मुझे लग रहा था कि हमारी कॉल बंद हो गई थी।	0.7125555872917175	0.45188942551612854	0.5718076825141907
According the information from our spies,	हमारे गुप्तचर विभाग के अनुसार,	हमारी स्पीज़ के मुताबिक,	0.7564945816993713	0.5905634760856628	0.36739015579223633
"(Allah) said:""Get you down (from the Paradise to the earth), both of you, together, some of you are an enemy to some others. Then if there comes to you guidance from Me, then whoever follows My Guidance shall neither go astray, nor fall into distress and misery."	फिर उनकी तौबा कुबूल की और उनकी हिदायत की फरमाया कि तुम दोनों बेहश्त से नीचे उतर जाओ तुम में से एक का एक दुशमन है फिर अगर तुम्हारे पास मेरी तरफ से हिदायत पहुँचे तो (तुम) उसकी पैरवी करना क्योंकि जो शख्स मेरी हिदायत पर चलेगा न तो गुमराह होगा और न मुसीबत में फँसेगा	अल्लाह ने कहाः (सारी जानकारी एक साथ हो), आप दोनों को एक साथ कुछ करने के लिए कहा, लेकिन अल्लाह ने यह निर्देश दिया है, तो आप इस निर्देश का पालन करते हैं, (और इससे आपको किसी भी तरह से परेशान नहीं होगा कि वहाँ कुछ करने के लिए कहेगा)।	0.6574710607528687	0.5018501281738281	0.5077111124992371
I WANT TO HEAR IT.	मैं यह सुनना चाहता हूँ.	मैं जानना चाहता हूँ।	0.9158278107643127	0.8601783514022827	0.8513046503067017
And you really love her?	और तुम सच में उससे प्यार करता हूँ?	हाँ, वो उनका बहुत प्यार है |	0.7403855919837952	0.5813003778457642	0.560447096824646
Let's make them suspicious.	की उन्हें शक करते हैं	यहाँ इस तरह से अनुचित कार्य किया जा सकता है।	0.6744383573532104	0.4087752401828766	0.5154923796653748
It's a lot easier for you. Your life is all ahead of you.	यह आसान है, पेले.	यह बहुत आसान है और आप इसके लिए तैयार हैं। आपकी जिंदagi अब से आगे है।	0.7277686595916748	0.5731887817382812	0.6667371988296509
Not bothering a soul.	एक आत्मा परेशान नहीं.	अरे वो भी नहीं बेचते।	0.7375524640083313	0.4432501494884491	0.48842480778694153
No. No, it ain't serious.	नहीं, नहीं, यह गंभीर नहीं है.	सरiously, नहीं, यह बिल्कुल मज़ाका नहीं है।	0.7942807674407959	0.6504318714141846	0.5669388771057129
Other	अन्य	अन्य	0.9999996423721313	0.9827449321746826	0.8809893131256104
INFO	INFO	आईफ़ोर	0.790702223777771	0.5212252140045166	0.5409892201423645
I sure do apologize for that.	मुझे यकीन है कि के लिए माफ़ी चाहता हूं.	आपके द्वारा कुछ बताने के लिए मुझे खेद है।	0.7619633078575134	0.5413389801979065	0.52928626537323
It was nine months before Nat was born.	मैं बार में जा रहा हूँ।	नत का जन्म नौ में सात हो गया।	0.6726877689361572	0.29971835017204285	0.21757487952709198
Is Kaveri happy?	कावेरी खुश है?	किवेरी के मानसिक स्थिति क्या है?	0.8002920150756836	0.7116040587425232	0.5793585181236267
Extraction not performed	निकाला नहीं गया	extraction की ज़रूरत ह	0.6508736610412598	0.4034530818462372	0.28425803780555725
When you do a trick, it's like you're 80 again.	आप एक चाल करते हैं, इसे आप फिर 8O हैं की तरह है.	जब कोई ऐसा Trick करता है तो यही जैसे 80 साल पहले हुआा।	0.7250709533691406	0.44738081097602844	0.5509217977523804
You're telling me Richard Addison of Addison Industries murdered your family.	आदमी: तुम मुझे कह रहे हैं रिचर्ड एडिसन के एडिसन इंडस्ट्रीज अपने परिवार की हत्या कर दी।	आपको रिचर्ड एड्डन ऑफ एडमिर्स के ज़्यादा विविध के लिए कार्यालय दिया है।	0.7276743650436401	0.3563794791698456	0.2830187678337097
Start	प्रारंभ	स्टार्ट	0.6616549491882324	0.6152769923210144	0.7342324256896973
The proxy host does not support SOCKS5	प्रॉक्सी होस्ट SOCKS4 का समर्थन नहीं करता है	सॉक्स5 के समर्थन के लिए SOCKS5 के समर्थन के लिए नहीं और किसी भी जानकारी को बदल सकता हूँ.	0.7938644886016846	0.4102742373943329	0.22550523281097412
- Huh. - Hannah?	कि क्या है?	- हuh. - हैनन?	0.684215247631073	0.4920024573802948	0.40368226170539856
"Units for a birthday or anniversary reminder, ""minutes"", ""hours"" or ""days"""	"जन्मदिन और वर्षगांठ संसूचक के लिए ईकाई, ""मिनट"", ""घंटे"" या ""दिन""."	किसी की जन्मशत्री या वर्षगाठन की यादी के लिए या किसी के वर्षगाठन की यादी के लिए किसी के जन्मस्थल की यादी के लिए, “किसी की वर्षगाठन की यादी के लिए किसी के जन्मस्थल की यादी के लिए”	0.6333958506584167	0.4105324447154999	0.21114392578601837
"David blames the South African government for the recent xenophobic attacks in South Africa: ""No one hates foreigners like South Africans do."	"दक्षिण अफ्रीका में विदेशी व बाहरी लोगों पर हुये हालिया हमलों के लिये डेविड सरकार को दोषी ठहराते हैं: ""विदेशियों से जितनी नफरत दक्षिण अफ्रीकी करते हैं उतना शायद कोई नहीं करता।"	देव का उद्देश्य है कि वे स्थानीय अर्थव्यावहाना से जुड़ी जानकारी को सही से समझाया जा सकता है और इस प्रकार से किसी भी जानकारी को हटा दिया जा सकता है।	0.6463105082511902	0.3149469792842865	0.35711342096328735
And there's the Empire.	और यह साम्राज्य है.	और वह है इम्पीरियल।	0.7762631773948669	0.6969414949417114	0.662445068359375
Permission level	अनुमति स्तर	प्राप्त स्तर पर	0.7436953783035278	0.5456872582435608	0.6071258783340454
- No, I didn't drug you.	/ अपनी भाषा आक्रामक है. भाड़ में जाओ तुम.	ये कोई, जो तुम्हें ड्रग लिया.	0.6978954672813416	0.33547601103782654	0.330854594707489
Say goodbye to the debugger	कहें को	डिज़ापर को अल्लाह कर देते हैं	0.652606189250946	0.4086003303527832	0.22874826192855835
I tried to get an appointment... but there's a three month waiting list.	मैं एक नियुक्ति पाने की कोशिश की ... ... लेकिन वहाँ एक तीन महीने की प्रतीक्षा सूची है।	मैं किसी के लिए काम लेने की कोशिश कर रहा था... लेकिन यह एक तीन महीने का प्रतीक्यूड सेलेक्शन है।	0.8504849076271057	0.5600958466529846	0.5400851964950562
About 11130.	11130 के बारे में.	11,130.	0.6806992888450623	0.5504717230796814	0.505236029624939
Description contains	विवरण में समाहित है	चित्र के मूल्यों के बारे में	0.711642324924469	0.46446824073791504	0.7501925826072693
Large font	बड़ा फॉन्ट	बड़े फ़ॉन्ट के लिए	0.8662462830543518	0.6980884671211243	0.8050810694694519
So, you're my son-in-law.	तो तुम मेरे दामाद हो.	जी, तुम मेरे दूसरे पुत्र हो।	0.851854681968689	0.8055933117866516	0.8472716808319092
You hit too hard.	तुम जरा जोर से मार रहे हो.	आप बहुत जोर से मार रहे हैं।	0.8807163238525391	0.8374727368354797	0.8533650636672974
In the days that follows I got them to at least work together	दिनों के बाद मैं उन्हें कम से कम एक साथ काम करने के लिए मिला में	फ़ल्ले, इन दिनों में वे कुछ भी नहीं कर सकी	0.7046096920967102	0.41933247447013855	0.23485909402370453
Good lord...101%	हे भगवान ... 101%	दबाव से...पूरी तरह से	0.7370995283126831	0.37993311882019043	0.30394187569618225
- Merry Christmas, Mike.	- मेरी क्रिसमस, माइक.	चर्च किया स्नेगिट, माइक.	0.8032373785972595	0.40509429574012756	0.38741594552993774
Let's go.	चलो चलते हैं.	अरे वाह।	0.6959500908851624	0.5025216341018677	0.39850184321403503
If the comparative results would come out, the question of whether the BJP government should rule or not would not arise in the country.	अगर इसका तुलनात्मक नतीजा आए तो देश के सामने यह सवाल नहीं आएगा कि बीजेपी की सरकार आनी चाहिए या नहीं।	अगर दोनों वर्गीकरण के परिणाम प्रकट हुए तो देश में ऐसा होने की स्थिति में नहीं होता।	0.737330973148346	0.47539085149765015	0.4784418046474457
Yeah, I kind of put that together, son.	हाँ,मैंएक तरहसे, किएकसाथबेटाडालदिया .	मैं समझता हूँ, मैं उसे जोड़ रहा था, पुतल।	0.6965451240539551	0.3696446716785431	0.19049660861492157
Show the date and time column	तिथि एवं समय कॉलम दोनों दिखाएँ	दaters और समय के लिए स्ट्रीम दिखाएँ	0.768888533115387	0.4204358160495758	0.26789456605911255
You got no right! Please don't let them kill Hermann.	कृपया उन्हें हर्मन को मारने मत दो.	आपको भी ऐसा नहीं हो सकता! हर्मन को उनके मरने पर हार्मोन का कोई भी प्रभाव नहीं पड़ सकता!	0.7309446930885315	0.41355210542678833	0.36243051290512085
If it were not for the grace of God and His mercy to you, some of them had resolved to lead you astray but they lead astray no one but themselves. Nor can they do you any harm. God has sent down to you the Book and Wisdom and has taught you what you did not know. God's favour to you has been great indeed.	और (ऐ रसूल) अगर तुमपर ख़ुदा का फ़ज़ल (व करम) और उसकी मेहरबानी न होती तो उन (बदमाशों) में से एक गिरोह तुमको गुमराह करने का ज़रूर क़सद करता हालॉकि वह लोग बस अपने आप को गुमराह कर रहे हैं और यह लोग तुम्हें कुछ भी ज़रर नहीं पहुंचा सकते और ख़ुदा ही ने तो (मेहरबानी की कि) तुमपर अपनी किताब और हिकमत नाज़िल की और जो बातें तुम नहीं जानते थे तुम्हें सिखा दी और तुम पर तो ख़ुदा का बड़ा फ़ज़ल है	यह ग्रीस ऑफ डी गुड और हीर फ़र्ज़ी द्वारा निर्धारित नहीं हो सकता है कि कुछ उन्हें astray करने के लिए अच्छी तरह से नहीं चली गई हो सकती है।	0.6219492554664612	0.24699053168296814	0.305949866771698
Your Lord is the Best Knower of you; if He willeth He will have mercy upon you, or if He willeth He will torment you. And We have not sent thee over them as a trustee.	तुम्हारा परवरदिगार तुम्हारे हाल से खूब वाक़िफ है अगर चाहेगा तुम पर रहम करेगा और अगर चाहेगा तुम पर अज़ाब करेगा और (ऐ रसूल) हमने तुमको कुछ उन लोगों का ज़िम्मेदार बनाकर नहीं भेजा है	अपने सर्वशास्त्री हितसंकर के रूप में तुम्हें किस प्रकार से प्रभावित नहीं किया गया?	0.6403154134750366	0.3462130129337311	0.21745704114437103
Blu-ray disc	Blu-ray डिस्क	ब्लू-रे डिस्क	0.7170668840408325	0.65297931432724	0.9209753274917603
How many generations living before them did We destroy? Do you find anyone of them around or do you even hear any word from them?	उनसे पहले कितनी ही नसलों को हम विनष्ट कर चुके है। क्या उनमें किसी की आहट तुम पाते हो या उनकी कोई भनक सुनते हो?	यह किस प्रकार के वंशज पहले उनसे कितनी तरह से क्षत हो सकते हैं? और आप किस प्रकार के व्यक्ति के पास हो सकते हैं या नहीं?	0.7177070379257202	0.3671139180660248	0.375118613243103
These guys had military training.	इन लोगों के पास सैन्य प्रशिक्षण था।	ये लोग सैन्य प्रशिक्षण से हुए।	0.8933992981910706	0.6786184906959534	0.6244327425956726
Satan wants to induce hostility and hatred among you through wine and gambling and to prevent you from remembering God and prayer. Will you then avoid such things?	शैतान तो बस यही चाहता है कि शराब और जुए के द्वारा तुम्हारे बीच शत्रुता और द्वेष पैदा कर दे और तुम्हें अल्लाह की याद से और नमाज़ से रोक दे, तो क्या तुम बाज़ न आओगे?	साताना द्वारा आपको शराब और खेल में अपनी प्रेम का इस्तेमाल से भी आप ऐसे ही ऐसे जीवन का अनुसरण कर सकते हैं	0.6515425443649292	0.34453341364860535	0.3618621230125427
Channel View	चैनल दृश्य	चैनल व्यू	0.8198308944702148	0.8240134119987488	0.9063467979431152
Encoding	एनकोडिंग	ऑनलाइन स्टोरेज़िंग	0.7722324728965759	0.5801089406013489	0.7652833461761475
I do not want to change his bed.	मैं अपने बिस्तर बदलने के लिए नहीं करना चाहती.	मैं अपने दोस्त की सोचने वाली कीम्ब्र की माल-सहायिका की जगह नहीं हो सकती।	0.7479362487792969	0.37646761536598206	0.4401070475578308
But he who says to his father and his mother, 'Fie on you! Do you promise me that I shall be brought forth, when entire generations have passed away before me' Yet they supplicate to Allah for help 'Woe to you! Believe, surely the promise of Allah is true' Then he says: 'This is nothing but fairytales of the ancients'	"किन्तु वह व्यक्ति जिसने अपने माँ-बाप से कहा, ""धिक है तुम पर! क्या तुम मुझे डराते हो कि मैं (क़ब्र से) निकाला जाऊँगा, हालाँकि मुझसे पहले कितनी ही नस्लें गुज़र चुकी है?"" और वे दोनों अल्लाह से फ़रियाद करते है - ""अफ़सोस है तुमपर! मान जा। निस्संदेह अल्लाह का वादा सच्चा है।"" किन्तु वह कहता है, ""ये तो बस पहले के लोगों की कहानियाँ है।"""	प्रिय जानकारी, आपको यह बात सुनने को बहुत प्रेरित किया जा रहा है कि आप मेरी बात सुनें और मेरी बात से प्रेरित हो सकेंगे।	0.6176648139953613	0.3253709375858307	0.31331080198287964
You're aware that curses are not supported by science. - Neither the ghosts.	आपके शाप के विज्ञान का समर्थन नहीं है	कृपया जानते हैं कि जादू की प्रगति किसी वैज्ञानिक क्षेत्र में की जा सकती है.	0.71809983253479	0.42854735255241394	0.5720349550247192
And now God, bends to my will.	और अब भगवान, मेरी मर्जी के लिए झुकता है।	अब ईश्वर, मेरी इच्छा से अपना हो रहा है।	0.823452889919281	0.6129810214042664	0.771600604057312
You're driving like a maniac!	तुम किसी सनकी की तरह गाड़ी चला रहे हो!	आप कितने ज़्यादा गति से गतिविधि करते हैं?	0.7235941886901855	0.4667488932609558	0.4891136586666107
And he had over them no authority except [it was decreed] that We might make evident who believes in the Hereafter from who is thereof in doubt. And your Lord, over all things, is Guardian.	और शैतान का उन लोगों पर कुछ क़ाबू तो था नहीं मगर ये (मतलब था) कि हम उन लोगों को जो आख़ेरत का यक़ीन रखते हैं उन लोगों से अलग देख लें जो उसके बारे में शक में (पड़े) हैं और तुम्हारा परवरदिगार तो हर चीज़ का निगरॉ है	अरे, वे पर उन कोई शक्ति रखते हैं जो उन पर कोई अधिकार नहीं रखती है... और वे पर उनका कोई अधिकार नहीं रखता है!	0.657279908657074	0.30636921525001526	0.21344658732414246
Recording audio tracks on a rewritable disc is not advised.	फिर लिखने योग्य डिस्क में ऑडियो ट्रैक की रिकॉर्डिंग सलाहकारी नहीं है.	डिस्क पर व्यूअble रिकॉर्डेड डिस्क को रिकॉर्ड करने से कुछ नहीं होता	0.7531473636627197	0.495712548494339	0.17775709927082062
But depressed and knowing something was wrong, he demanded medical records.	लेकिन अवसादग्रस्त तथा कुछ गड़बड़ महसूस करते हुए, उसने चिकित्सकीय अभिलेखों की मांग की।	लेकिन अवसाद और जो पता था कि गलत था, उन्होंने स्वास्थ्य के रिकॉर्ड ड demand किए।	0.7516720294952393	0.47041019797325134	0.41629496216773987
You've got to ask why.	पूछिए क्यों.	अरे, तुम्हें तो जाना होगा कि क्यों।	0.7845491766929626	0.7440462112426758	0.844524621963501
Whereupon she said: 'Now you see, this is he on whose account you blamed me. Yes, I sought to seduce him, but he was unyielding. If he declines to do what I command, he shall be imprisoned and be one of the humiliated'	"वह बोली, ""यह वही है जिसके विषय में तुम मुझे मलामत कर रही थीं। हाँ, मैंने इसे रिझाना चाहा था, किन्तु यह बचा रहा। और यदि इसने न किया जो मैं इससे कहती तो यह अवश्य क़ैद किया जाएगा और अपमानित होगा।"""	जिस तरह से वे कहते हैं: 'जिस तरह से वे कहते हैं कि वे कहते हैं कि वे कहते हैं (औरजैसा वे कहते हैं कि वे कहते हैं) वे कहते हैं कि वे कहते हैं (औरजैसे वे कहते हैं कि वे कहते हैं) वे कहते हैं कि वे कहते हैं (औरजैसे वे कहते हैं कि वे कहते हैं) वे कहते हैं कि वे कहते हैं (औरजैसे वे कहते हैं कि वे कहते हैं) वे कहते हैं कि वे कहते हैं (औरजैसे वे कहते हैं कि वे कहते हैं) वे कहते हैं कि वे कहते हैं (औरजैसे वे कहते हैं कि वे कहते हैं) वे कहते हैं कि वे कहते हैं (औरजैसे वे कहते हैं क	0.5214372873306274	0.24568599462509155	0.15220968425273895
We'll go and see the train when I'm better, shall we?	जब मैं ठीक हो जाऊंगी हम जाकर ट्रेन देखने जाएंगे, ठीक है न?	हमें जब मैं बेहतर हो जाऊँ तो हमें ट्रेन देखी जा सकती हूँ	0.7557682991027832	0.43246546387672424	0.3066026270389557
You gotta put it down.	तुम इसे नीचे रखना होगा.	आपको उसे छोड़ देना होगा।	0.784591019153595	0.6601155400276184	0.582179069519043
But this is not all, some Indian Hockey Team players seem to be considering going on a hunger strike in protest against lack of awards for them after their recent win in Asia Cup while the cricket team got a truckload of goodies from state governments!	बात अभी पूरी नहीं हुई. भारतीय हॉकी टीम के कुछ सदस्यों ने उनकी हाल ही की एशिया कप विजय पर पुरस्कारों के टोटे, जबकि राज्य सरकारों द्वारा क्रिकेटरों को पुरस्कारों से लादने के विरोध में अनशन की चेतावनी दी!	बिल्कुल यह सब सारा जानकारी एकदम सही तरीके से बताई गई थी, उत्कृष्ट रूप से! और यह सब सभी को यह जानकारी देने वाले स्ट्रीट रिकॉर्ड पर आधारित एक खेल की जानकारी है।	0.6471912860870361	0.4069015681743622	0.31581079959869385
I wasn't talking about hers, I was talking about yours.	मैं मैं तुम्हारा के बारे में बात कर रहा था उसका, के बारे में बात नहीं कर रहा था.	नहीं, मैं अपनी बात नहीं कर रही थीं, आप की बात नहीं कर रही थीं।	0.8097395300865173	0.6364462971687317	0.6831231117248535
(Girls Laughing and Chattering)	(लड़कियों हंसता और बकबक)	अरे!	0.6514196395874023	0.30618318915367126	0.06370105594396591
Line up parentheses	पंक्ति ऊपर	पाँचों को लगाएं	0.7047922611236572	0.4228981137275696	0.5836074352264404
Yeah, I mean, that sounds amazing.	हाँ। काफ़ी अच्छा विचार है।	यह सही है, यह में दिलचस्पी से लगता है।	0.6847191452980042	0.4903777837753296	0.43135344982147217
- Lucy must be thrilled.	- लूसी बहुत खुश होगी।	लुकी को खुशी से होनी चाहिए।	0.7924625277519226	0.3975580930709839	0.42009440064430237
However, its cartoon industry managed to transcend both the national and the Soviet bloc borders, and became popular all over Central and Eastern Europe, including the non-aligned Yugoslavia.	हालांकि, इसका कार्टून उद्योग राष्ट्रीय और सोवियत ब्लॉक की सीमाओं पार करने में कामयाब रहा और गैर गठबंधन यूगोस्लाविया सहित सभी मध्य और पूर्वी यूरोप में लोकप्रियता हासिल कर सका।	हाल, इसका कार्टून उद्योग इस देशों और यूरोप के बाहर भी फैल गया और यह सभी देशों में फ़ैसल हुए। इसमें बाहर भी फैला हुआ फ़ैसल हुआ।	0.736517608165741	0.4271545708179474	0.3357938230037689
So, when you meet (in fight Jihad in Allah's Cause), those who disbelieve smite at their necks till when you have killed and wounded many of them, then bind a bond firmly (on them, i.e. take them as captives). Thereafter (is the time) either for generosity (i.e. free them without ransom), or ransom (according to what benefits Islam), until the war lays down its burden. Thus [you are ordered by Allah to continue in carrying out Jihad against the disbelievers till they embrace Islam (i.e. are saved from the punishment in the Hell-fire) or at least come under your protection], but if it had been Allah's Will, He Himself could certainly have punished them (without you). But (He lets you fight), in order to test you, some with others. But those who are killed in the Way of Allah, He will never let their deeds be lost,	अतः जब इनकार करनेवालो से तुम्हारी मुठभेड़ हो तो (उनकी) गरदनें मारना है, यहाँ तक कि जब उन्हें अच्छी तरह कुचल दो तो बन्धनों में जकड़ो, फिर बाद में या तो एहसान करो या फ़िदया (अर्थ-दंड) का मामला करो, यहाँ तक कि युद्ध अपने बोझ उतारकर रख दे। यह भली-भाँति समझ लो, यदि अल्लाह चाहे तो स्वयं उनसे निपट ले। किन्तु (उसने या आदेश इसलिए दिया) ताकि तुम्हारी एक-दूसरे की परीक्षा ले। और जो लोग अल्लाह के मार्ग में मारे जाते है उनके कर्म वह कदापि अकारथ न करेगा	Translation is faithful to the original meaning.	0.5630722641944885	0.17721958458423615	0.07303811609745026
ICQ Work ID 2	आईसीक्यू कार्य ID 2	2	0.657829225063324	0.45039102435112	0.030222738161683083
Could not create thread for populating cache	कैश भरने के लिये थ्रेड नहीं बना सका	पॉपulating कैश के लिए स्थानांतरित करने के लिए क्या किया ज सकता है?	0.7462729215621948	0.4498688280582428	0.44135743379592896
Earth is still my home.	पृथ्वीअभीभी मेराघरहै	ज़बरनसार जानकारी!	0.6997717618942261	0.4436447322368622	0.262057363986969
Banks:	Banks:	स्टॉकिंग:	0.6960580945014954	0.6730111241340637	0.7493528127670288
You always thought you were right...	तुम हमेशा मैं सही था...	यह हमेशा सोचते हैं कि हमारा अर्थ यह है कि हमारा मतलब यह है कि	0.6537744998931885	0.33825239539146423	0.1992231160402298
Server, username and domain name cannot be empty. Please fill them with correct values.	सर्वर, उपयोक्तानाम, और डोमेन नाम रिक्त नहीं हो सकता है. कृपया उन्हें सही मान से भरें.	सर्वर, उपयोगकर्ता और डोमेन नाम cannot ब्लॉक हो सकते हैं। प्राप्त करने योग्य संख्या के प्रत्ययोग्य मान चाहे तो पूरा हो सकता है।	0.7682198882102966	0.5130211114883423	0.28727081418037415
It's a skill and I'm good at it.	यह एक कौशल है और मैं इसे अच्छा हूँ.	प्रतिभा और मैं इसके प्रति अच्छी हूँ।	0.8107157349586487	0.6063411831855774	0.5305851697921753
Calendar authentication request	पंचांग सत्यापन आग्रह	कैलेंडर की पुष्टि अनुरोध	0.7069945931434631	0.562120258808136	0.7280800342559814
You think you can do as you please, living with us.	तुम्हें लगता है कि तुम जो मर्जी कर सकती हो, हमारे साथ रहकर	आपको ऐसा लग सकता है कि वे जितना चाहें सकते हैं वो हो सकते हैं।	0.7070649862289429	0.6060250997543335	0.5444769263267517
_Fetch All Headers	पूरा शीर्षक लाएँ (_F)	फ़ीच्ट ए Heads	0.6706264019012451	0.3140561282634735	0.30036234855651855
Constraints the panning to an axis	प्रतिबन्ध किसी अक्ष को पैन करने के लिए	परावृत्त करने को एक आयन पर वृत्त करना	0.7644028067588806	0.42229607701301575	0.5591748952865601
"The type ""%s"" is not a valid type."	%s नियमित फाइल नहीं है	प्रत्येक प्रकार का स्वीकार करने वाला नहीं हो सकता है।	0.7194732427597046	0.3181927502155304	0.10762229561805725
But I can still do a man's work, both here and there.	लेकिन मैं अभी भी एक मर्द का काम कर सकता हूं, यहाँ और वहाँ दोनों जगह.	लेकिन मैं अभी भी किसी की काम करनी है, दोनों जगह.	0.8551520109176636	0.4548529088497162	0.49223560094833374
Save Image	छवि सहेजें	सaved Image	0.701937198638916	0.40544769167900085	0.34606093168258667
"that thereof you may thread ways, ravines."""	"""ताकि तुम उसके विस्तृत मार्गों पर चलो।"""	सब कुछ जानने के लिए भी वहाँ से विभिन्न तरीकों से मार्ग से गुजरने पर भी वही विचार है।	0.6904328465461731	0.5045133233070374	0.28576669096946716
%a %l:%M %p	%a %l:%M %p	%आदि %ल-कम %पब	0.7500934600830078	0.7168908715248108	0.8910272121429443
They shall recline on couches lined with brocade, and within reach shall hang the fruits of the two Gardens.	यह लोग उन फ़र्शों पर जिनके असतर अतलस के होंगे तकिये लगाकर बैठे होंगे तो दोनों बाग़ों के मेवे (इस क़दर) क़रीब होंगे (कि अगर चाहे तो लगे हुए खालें)	उन्हें कॉज़ लिन्ड से भरी हुई ब्रॉडेज़ के तहत बैठने की सुविधा में रहने वाले संतानों को फल-नाश की सुविधा में ले जाने की सुविधा के रूप में देखा जा सकता है।	0.6646396517753601	0.39854058623313904	0.32841476798057556
And help dragon riders sneak into Drago's camp?	और ड्रागो के शिविर में घुसने में ड्रैगन-सवारों की मदद करूँ?	और द्रैगो के ग्रुप को छुपे दिन ड्रैगो के ग्रुप को छुप कर ड्रैगो के ग्रुप को ड्रैगो के ग्रुप नियंत्रित कर देता	0.7233219146728516	0.400473415851593	0.26547473669052124
On the Day when We raise up a witness from every people, those who were bent on denying the truth will not be permitted to put forward excuses, or to make amends.	और जिस दिन हम एक उम्मत में से (उसके पैग़म्बरों को) गवाह बनाकर क़ब्रों से उठा खड़ा करेगे फिर तो काफिरों को न (बात करने की) इजाज़त दी जाएगी और न उनका उज्र (जवाब) ही सुना जाएगा	यह दिन है जब हर लोग से हमें एक गवाह मिलेगा और हम इस गवाह के माध्यम से तथ्य को स्थानांतरित करने का प्रयास भी करेंगे।	0.6879256963729858	0.43673333525657654	0.5786620378494263
enter My Paradise!	और मेरे बेहिश्त में दाख़िल हो जा	प्रार्थना मेरी प्रार्थना!	0.6467567682266235	0.34474900364875793	0.28130394220352173
_Manager:	प्रबंधक: (_M)	_Translator:	0.7647135257720947	0.517918050289154	0.3166167140007019
By the declining star,	गवाह है तारा, जब वह नीचे को आए	जिस की कमी हो रही है,	0.704316258430481	0.39791008830070496	0.35825231671333313
Brace indentation size in spaces:	आकार इंच:	प्रेसिंग एंटिंटाई साइज़ इन स्पेस:	0.5896936058998108	0.3541000783443451	0.2358703911304474
They (the souls) are then returned towards their True Lord – Allah; pay heed! Only His is the command; and He is the Swiftest At Taking Account.	फिर सब अल्लाह की ओर, जो उसका वास्तविक स्वामी है, लौट जाएँगे। जान लो, निर्णय का अधिकार उसी को है और वह बहुत जल्द हिसाब लेनेवाला है	ये (दिल) अपने असली ईर्ष्यु द्वारा वापस लौटते हैं - ईर्ष्यु; पालन हो! एक ईर्ष्यु ने अपना असली ईर्ष्यु द्वारा वापस लौटकर अपने असली ईर्ष्यु द्वारा पालन किया जाता है.	0.6486316919326782	0.3627808094024658	0.15724828839302063
Cherry pick	Cherry pick	चेरी पिक किंग	0.7166954874992371	0.43230441212654114	0.5541366338729858
Assistant	सहायक	अदालत	0.7401145696640015	0.7107347846031189	0.8921992182731628
Thought travel agents were a thing of the past thanks to the internet?	तो आपको ट्रैवेल एजेन्ट बीती हुई सदी के लगते थे, इन्टरनेट को धन्यवाद कहिए?	इन्टर्नेट ने विचार व्यावहारी एजेंट के रूप में एक चीज़ नहीं बनाया है	0.6982409954071045	0.43813076615333557	0.3714389503002167
She comes, and she kneels down every day?	वह हर दिन आती है, और घुटनों पर बैठ जाती है?	वो आती है, और वो हर दिन बैठ कर रोती है?	0.8667122721672058	0.701390266418457	0.659002423286438
I_nclude remote tests	दूरस्थ परीक्षण को शामिल करें (_n)	आई_नclude_रemote_टेस्ट	0.6523921489715576	0.41236332058906555	0.24858862161636353
1st to 10th	1ला से 10वां	10th from 1st to 10th	0.7034959197044373	0.4688969552516937	0.22850343585014343
Organization	संगठन	संगठन	1.000000238418579	0.9839301109313965	0.8992471694946289
"So you gonna tell us now what your ""big deal"" with Flag was?"	तो तुम हमें बताओ कि क्या अब ध्वज के साथ अपने 'बड़ा सौदा' था?	"आपको हमें बताना चाहूँगे कि फ़्ैग के साथ आपका कोई ""बिग डील"" साथ क्या हो?"	0.7770810723304749	0.6176322102546692	0.3778606057167053
And I, no longer queen, will be put to death with your sister and the remaining members of our family.	... मवेशियों के ऊपर एक और व्यर्थ लड़ाई में विकृत किया जाना है. और मैं अब कोई रानी, मौत के लिए रखा जाएगा... ... अपनी बहन और हमारे परिवार के शेष सदस्यों के साथ.	और मैं अब राज्य के रूप में मारे जाने वाले से आपके परिचय को सुन लेने योग्य हैं।	0.6952334642410278	0.3964656889438629	0.37100255489349365
PAXTON:	PAXTON:	जॉर्डन की माँ:	0.6645742058753967	0.4805718958377838	0.5620882511138916
A generic python project using automake project management	A python प्रयोग कर रहा है	अनुपालन के लिए अनिवारी प्यथन प्रोजेक्ट के लिए ऐक्टिव प्रोजेक्ट के लिए योग्य है	0.648090660572052	0.3609883189201355	0.07019485533237457
Encoding	एनकोडिंग	ऑनलाइन स्टोरेज़िंग	0.7722324728965759	0.5801089406013489	0.7652833461761475
Copy...	नक़ल करें...	कॉप...	0.756815493106842	0.5573975443840027	0.6800568103790283
Amandine Poulain likes: Figure skaters' costumes on TV.	Amandine Poulain को टीवी पर स्केटरों वेशभूषा पसंद है	अमांडीन पॉलाइन के बारे में जानकारी ये टेलीविजन में फ़िज़़ स्कैटर्स की प्रैक्टिस को दर्शाती हैं।	0.6858600974082947	0.45945805311203003	0.4922342300415039
How dare he plays me using my dad!	उसकी हिम्मत कैसे हुई कि मेरे डैड का इस्तेमाल करके मेरे साथ खेले!	किसी का पागल ही है!	0.6934624314308167	0.30638277530670166	0.22480924427509308
Did she at least say where she was going?	वह कहाँ जा रहा था वह कम से कम कहा?	यहाँ तक कि उसने यहाँ तक कि क्या कहा उसके बारे में?	0.7221478223800659	0.4492896497249603	0.4427292048931122
O ye who believe! save yourselves and your families from a Fire whose fuel is Men and Stones, over which are (appointed) angels stern (and) severe, who flinch not (from executing) the Commands they receive from Allah, but do (precisely) what they are commanded.	ऐ ईमान लानेवालो! अपने आपको और अपने घरवालों को उस आग से बचाओ जिसका ईधन मनुष्य और पत्थर होंगे, जिसपर कठोर स्वभाव के ऐसे बलशाली फ़रिश्ते नियुक्त होंगे जो अल्लाह की अवज्ञा उसमें नहीं करेंगे जो आदेश भी वह उन्हें देगा, और वे वही करेंगे जिसका उन्हें आदेश दिया जाएगा	अरे, जो विश्वासी हैं! आपको अपने परिवार को और उन्हें अपने परिवार को चोटिला करने के लिए कार्य करने के लिए (नियोजित) एंजेल की तरह निर्णायक हो सकते हैं जो कि कार्य करने के लिए नियोजित होते हैं और जो कि कार्य करने के लिए नियोजित होते हैं वे सभी के लिए अच्छा होते हैं, और यह सब कुछ भी हो सकता है जो विशेष रूप से किसी के लिए अच्छा होता है।	0.6825628280639648	0.33729174733161926	0.37180936336517334
And then, shortly thereafter, three.	एक डबल घटना नहीं होगी.	और ठीक से तीन।	0.7051273584365845	0.37448766827583313	0.12809891998767853
_Debug	डिबग करें (_D)	डब्ल्यू	0.689922034740448	0.3985459804534912	0.17666977643966675
I think I found Liedenbrock's notebook.	एल लगता है कि मैं Liedenbrock नोटबुक पाया. देखो .	मुझे लगा पूछा कि Liedenbrock's notebook क्या है।	0.7615828514099121	0.4940403997898102	0.44506824016571045
And to you We have revealed the Book containing the truth, confirming the earlier revelations, and preserving them (from change and corruption). So judge between them by what has been revealed by God, and do not follow their whims, side-stepping the truth that has reached you. To each of you We have given a law and a way and a pattern of life. If God had pleased He could surely have made you one people (professing one faith). But He wished to try and test you by that which He gave you. So try to excel in good deeds. To Him will you all return in the end, when He will tell you of what you were at variance.	और हमने तुम्हारी ओर यह किताब हक़ के साथ उतारी है, जो उस किताब की पुष्टि करती है जो उसके पहले से मौजूद है और उसकी संरक्षक है। अतः लोगों के बीच तुम मामलों में वही फ़ैसला करना जो अल्लाह ने उतारा है और जो सत्य तुम्हारे पास आ चुका है उसे छोड़कर उनकी इच्छाओं का पालन न करना। हमने तुममें से प्रत्येक के लिए एक ही घाट (शरीअत) और एक ही मार्ग निश्चित किया है। यदि अल्लाह चाहता तो तुम सबको एक समुदाय बना देता। परन्तु जो कुछ उसने तुम्हें दिया है, उसमें वह तुम्हारी परीक्षा करना चाहता है। अतः भलाई के कामों में एक-दूसरे से आगे बढ़ो। तुम सबको अल्लाह ही की ओर लौटना है। फिर वह तुम्हें बता देगा, जिसमें तुम विभेद करते रहे हो	अपने ज्ञान के माध्यम से और अपने विचारों को व्यापकता से व्यक्त करने वाले वचन के संदर्भ में यह कहता है कि जब भगवान ने अपनी विधि से ज्ञान को दिया था और इसी तरह से ज्ञान की विधि को व्यापकता से व्यक्त करने वाले वचन के संदर्भ में भगवान ने अपनी विधि से ज्ञान को दिया था	0.6248742341995239	0.3209717869758606	0.3858010172843933
So you're pleading guilty to the trooper's charge?	आप जवान के आरोप में दोषी विनती कर रहे हैं तो क्या?	आप तो ट्रूपर के आरोप पर हस्तक्षात्कार कर रहे हैं?	0.8258607983589172	0.5557542443275452	0.6749687194824219
(Unknown Filename)	(अज्ञात फ़ाइलनाम)	बनाम	0.7169930338859558	0.41678550839424133	0.09634236991405487
'Cause whoever's doing this is taking it seriously enough now to let us know that the loans to you, they're not secure.	जो कोई भी यह कर रहा है अब काफी गंभीरता से ले रही है क्योंकि हमें अपने आप को ऋण , वे सुरक्षित नहीं हैं कि यह बताने के लिए.	अरे, जो किसी भी doing की करता है उसे यह पता हो चाहे नहीं है।	0.7046446204185486	0.4024786353111267	0.3071598708629608
_View	दृश्य_(V)	डिस्काउस्टेंट	0.6680728197097778	0.3759542405605316	0.3222466707229614
Text	पाठ	बोली	0.8283993601799011	0.6805782914161682	0.7447563409805298
Restart the game	वर्तमान खेल पुनःप्रारंभ करें	गेम को फिर से शुरू कर दें	0.7298712134361267	0.8102561831474304	0.9120091199874878
Lodge them where ye dwell, according to your wealth, and harass them not so as to straiten life for them. And if they are with child, then spend for them till they bring forth their burden. Then, if they give suck for you, give them their due payment and consult together in kindness; but if ye make difficulties for one another, then let some other woman give suck for him (the father of the child).	मुतलक़ा औरतों को (इद्दे तक) अपने मक़दूर मुताबिक दे रखो जहाँ तुम ख़ुद रहते हो और उनको तंग करने के लिए उनको तकलीफ न पहुँचाओ और अगर वह हामेला हो तो बच्चा जनने तक उनका खर्च देते रहो फिर (जनने के बाद) अगर वह बच्चे को तुम्हारी ख़ातिर दूध पिलाए तो उन्हें उनकी (मुनासिब) उजरत दे दो और बाहम सलाहियत से दस्तूर के मुताबिक बात चीत करो और अगर तुम बाहम कश म कश करो तो बच्चे को उसके (बाप की) ख़ातिर से कोई और औरत दूध पिला देगी	यह सुन लेना चाहूँ कि आप अपने परिवेश में अपने आप को सुरक्षित रखने के लिए कुछ भी खर्च नहीं कर सकते.	0.6288783550262451	0.32598593831062317	0.31538134813308716
THIS IS THE ONLY TIME-- IT'S THE FIRST TIME	यह केवल समय है - आईटी पहली बार है	यह इस बार तक-- यह इस बार का पहला समय	0.7291147112846375	0.558432400226593	0.2381259799003601
Unexpected reply from server	सर्वर से अप्रत्याशित जवाब	सर्वी व्यंजन से जवाब	0.8075971007347107	0.4576488137245178	0.45486241579055786
Opening calendar	पंचांग खोल रहा है	कैलेंडर खोलना	0.744255542755127	0.5815007090568542	0.8199241161346436
The file '{0}' is not a regular file and cannot be sent in a message.	फ़ाइल `{0}' एक सामान्य फ़ाइल नहीं है और संदेश में भेजी नहीं जा सकती है.	यह संग्रहालयी फ़ाइल नहीं है और उसे सेंट किए जा सकते हुए मैसेज में भेजने की स्थिति में नहीं है।	0.7834367752075195	0.5094894170761108	0.5484614372253418
You can forgive Kal any lapses in our quorum..	आप किसी भी काल माफ कर सकते हैं हमारे कोरम में खामियों ..	कल के कार्य करने की संख्या में से कोई भी संख्या में से कोई भी संख्या में से कोई भी संख्या में से कोई भी संख्या में से कोई भी संख्या में से कोई भी संख्या में से कोई भी संख्या में से कोई भी संख्या में से कोई भी संख्या में से कोई भी संख्या में से कोई भी संख्या में से कोई भी संख्या में से कोई भी संख्या में से कोई भी संख्या में से कोई भी संख्या में से कोई भी संख्या में से कोई भी संख्या में से कोई भी संख्या में से कोई भी संख्या में से कोई भी संख्या म	0.5951718091964722	0.2687447965145111	0.015355387702584267
As for the children, God decrees that the share of the male is equivalent to that of two females. If they consist of women only, and of them more than two, they will get two-thirds of the inheritance; but in case there is one, she will inherit one half. The parents will each inherit a sixth of the estate if it happens the deceased has left a child; but if he has left no children, and his parents are his heirs, then the mother will inherit one-third; but if he has left brothers, the mother will inherit one-sixth after payment of legacies and debts. Of parents and children you do not know who are more useful to you. These are the decrees of God who knows all and is wise.	अल्लाह तुम्हारी सन्तान के विषय में तुम्हें आदेश देता है कि दो बेटियों के हिस्से के बराबर एक बेटे का हिस्सा होगा; और यदि दो से अधिक बेटियाँ ही हो तो उनका हिस्सा छोड़ी हुई सम्पत्ति का दो तिहाई है। और यदि वह अकेली हो तो उसके लिए आधा है। और यदि मरनेवाले की सन्तान हो जो उसके माँ-बाप में से प्रत्येक का उसके छोड़े हुए माल का छठा हिस्सा है। और यदि वह निस्संतान हो और उसके माँ-बाप ही उसके वारिस हों, तो उसकी माँ का हिस्सा तिहाई होगा। और यदि उसके भाई भी हो, तो उसका माँ का छठा हिस्सा होगा। ये हिस्से, वसीयत जो वह कर जाए पूरी करने या ऋण चुका देने के पश्चात है। तुम्हारे बाप भी है और तुम्हारे बेटे भी। तुम नहीं जानते कि उनमें से लाभ पहुँचाने की दृष्टि से कौन तुमसे अधिक निकट है। यह हिस्सा अल्लाह का निश्चित किया हुआ है। अल्लाह सब कुछ जानता, समझता है	प्रिय जानकारी, मैं आपको बताना चाहूँगी कि गोद लिखे गए दोनों का क्या हो सकता है, वो हो सकता है, और इसके परिणामस्वरूप क्या हो सकते हैं, वो हो सकते हैं और इसके परिणामस्वरूप क्या हो सकते हैं, वो हो सकते हैं	0.6122658252716064	0.3050229847431183	0.16532529890537262
I'm sorry, I'll never do this again.	मैं माफी चाहता हूँ , मैं फिर से ऐसा कभी नहीं होगा.	मैं दूर नहीं कह सकता, और इस बारे में भी नहीं लिख सकता।	0.760286271572113	0.3386198878288269	0.3197548985481262
Commit on fast-forward merges	कमिट पर तेज आगे	कम्पोन on fast-forward मergेंस	0.705512523651123	0.3021760880947113	0.4714229106903076
Use revision:	रिवीजन का उपयोग करें:	अधिकार:	0.7173019051551819	0.4657871425151825	0.3438678979873657
Select name of the Evolution backup file to restore	पुनर्भंडारण के लिए एवोल्यूशन बैकअप फ़ाइल का नाम चुनें	पुनर्कलन करने के लिए स selection name of the Evolution backup file to restore	0.7198780179023743	0.34933462738990784	0.18569105863571167
(Remember) When the wife of Imran said, “My Lord! I pledge to you what is in my womb – that it shall be dedicated purely in Your service, so accept it from me; indeed You only are the All Hearing, the All Knowing.”	(ऐ रसूल वह वक्त याद करो) जब इमरान की बीवी ने (ख़ुदा से) अर्ज़ की कि ऐ मेरे पालने वाले मेरे पेट में जो बच्चा है (उसको मैं दुनिया के काम से) आज़ाद करके तेरी नज़्र करती हूं तू मेरी तरफ़ से (ये नज़्र कुबूल फ़रमा तू बेशक बड़ा सुनने वाला और जानने वाला है	अरे, जब इमर की बेटी कहती हैं, तो वे कहती हैं कि अपने पिताजी के साथ वे कहती हैं कि वे अपने पिताजी की सेवा में पूरी तरह से लगी हुई भूमिका विभोरी से भरी हुई हो	0.6558886170387268	0.3041454255580902	0.25463616847991943
in its long columns of flames.	जाएँगे	प्राकृतिक स्रोत से लंबी शाखाएँ में आग की गति को दर्शाती हैं।	0.6372592449188232	0.3134165108203888	0.3046841323375702
Hey, look, you don't have to listen to him.	अरे, देखो, तुम उसे सुनने के लिए नहीं है .	यह है कि तुम्हें यह बिलकड़ी बिलकड़ी से सुनना होगा और यह तुम्हें भी करनी होगी	0.7269384860992432	0.44490846991539	0.27804192900657654
SSL Certificate Authority	SSL प्रमाणपत्र प्राधिकार	एसएसएल कैरेएशन	0.7192860841751099	0.4498133957386017	0.5312619805335999
I have a bogey incoming! Oh, shit.	मैं आने वाले एक दलदली है!	मेरे पास एक बॉीजी आ रहे! ओह, शायद तुम्हारे पास एक बॉीजी आ रही है!	0.7235152721405029	0.44214358925819397	0.5356965065002441
The patient needs ventilator.	मरीज को वेंटीलेटर की जरूरत है।	पेट्रीशन की आवश्यकता है।	0.788059413433075	0.5181077122688293	0.5171548128128052
Error performing IDLE	IDLE ढूंढ़ने में त्रुटि	ईडी एल.डब्ल्यू.ई.	0.5952616930007935	0.3541589081287384	0.36767661571502686
Messages with Attachments	संलग्नक के साथ संदेश	संदेशों के साथ	0.8374884128570557	0.6640364527702332	0.6224409937858582
Yes.	हाँ.	हाँ।	0.8862413167953491	0.9595227241516113	0.8635587692260742
That is because those who disbelieve follow falsehoods, while those who believe follow the truth from their Lord. God thus cites for the people their examples.	ये इस वजह से कि काफिरों ने झूठी बात की पैरवी की और ईमान वालों ने अपने परवरदिगार का सच्चा दीन एख्तेयार किया यूँ ख़ुदा लोगों के समझाने के लिए मिसालें बयान करता है	जिस व्यक्ति ने झूठ बोलता है, वह जिस व्यक्ति ने अपने आप से झूठ बोलता है, वही व्यक्ति है।	0.644990861415863	0.2952463626861572	0.27737268805503845
I came to tell you that your life is in danger and I need your help.	बताने आया हूँ कि तुम्हारी जान खतरे में है और मुझे तुम्हारी मदद चाहिए।	आई ने तुम्हारी सुरक्षा की स्थिति में मदद के लिए तुम्हारी मदद की पूरी सुविधा के लिए तुम्हारी सहायता की कोई भी कमी	0.7247837781906128	0.3572334945201874	0.18864335119724274
Accessible Table Row Description	पहुँच योग्य सारणी पंक्ति वर्णन	प्राप्त करने योग्य टेबल रोल डिस्क	0.7330743074417114	0.4248594045639038	0.5565497875213623
You got to cover 360.	आप 360 कवर करने के लिए मिला है.	आपको 360 को ले चुकी है.	0.8021469116210938	0.4758704900741577	0.494399756193161
Private	निजीiCalImp	प्राइवेट	0.6620052456855774	0.54262775182724	0.5918771624565125
If it didn't hurt...	अगर दुखता न होता ...	अगर यह चोट नहीं देता...	0.8671103715896606	0.6047821640968323	0.8444643020629883
Take it, Raleigh!	, रैले यह लो!	रैली!	0.7806729674339294	0.5542988181114197	0.5045632123947144
This drug isn't new to our world	यह दवा हमारी दुनिया के लिए नया नहीं है	यह दवा हमारे दुनिया के अन्य किस्मों में भी है।	0.788964033126831	0.4227083623409271	0.507394015789032
Beast, havok, back him up.	द बीस्ट! Havok! उन्हें वापस ऊपर!	अरे, उसे समर्थन देना।	0.6846444010734558	0.5819461345672607	0.5458364486694336
Make sure you double-bag like the lady says.	जैसा महिला कहती है, डबल बैग जरूर लगना.	यह सुन लेना चाहेंगे कि यहाँ व्यस्त होकर बताया गया कि कैसे काम करना है।	0.6889711022377014	0.3368888199329376	0.23450325429439545
"And he says, ""I believe this boy's about to have himself an accident? """	"और कहता था, ""मेरा मानना ​​है कि इस लड़के के साथ कोई दुर्घटना होगी."""	और वह कहते हैं, “मुझे लगता है ये लड़के अपने आप से एक दौर के दौरान हो सकता है कि वह कुछ गलत कर रहा है”	0.7362955808639526	0.521329939365387	0.5275495052337646
It's the 25th. man #2: 24th.	आज 25 है. पुरुष #2: 24 है.	25वें दिन है।	0.6313436627388	0.5351508259773254	0.4499976634979248
And his plaint: ‘My Lord! Indeed these are a people who will not have faith!’	"और उसका कहना हो कि ""ऐ मेरे रब! निश्चय ही ये वे लोग है, जो ईमान नहीं रखते थे।"""	और विवेचना: ‘राजा! ये लोग विश्वास नहीं करेंगे!'	0.7349098920822144	0.43132275342941284	0.49866339564323425
"When they returned to their father they said: ""Father! We have been denied further supply of corn. So send with us our brother that we may bring the supplies. We shall be responsible for his protection."""	(और इस लालच में) यायद फिर पलट के आएं ग़रज़ जब ये लोग अपने वालिद के पास पलट के आए तो सब ने मिलकर अर्ज़ की ऐ अब्बा हमें (आइन्दा) गल्ले मिलने की मुमानिअत (मना) कर दी गई है तो आप हमारे साथ हमारे भाई (बिन यामीन) को भेज दीजिए	"पिताजी से कहा: ""पिताजी! हमें कॉर्न की फ़ीस्टिविटी से और भी फ़ीस्टिविटी दी जाना चाहे तो क्या भी हो सकता।"""	0.6312742233276367	0.41023603081703186	0.28474095463752747
Get us close to him.	हमें उसके पास जाओ.	प्रिय को ज़्यादा नज़र में मिले तो अच्छे हो जाते	0.6673124432563782	0.3884090483188629	0.3778685927391052
Yes.	हाँ।	हाँ।	1.0000001192092896	0.9754428863525391	0.8433921337127686
Migrating...	उत्प्रवासित हो रहा है...	स्थानांतरित...	0.8053907155990601	0.5771062970161438	0.8751555681228638
Elias isolates himself a lot.	एलियास खुद को बहुत अलग रखता है.	ईलियास ने अपनी खातिरें बहुत ज़्यादा से ज़्यादा समय तक खाली रहा	0.7297084331512451	0.3012875020503998	0.2818303406238556
Scoot back.	वापस भागो.	पीछे ले जा.	0.8450313210487366	0.567464292049408	0.4526340365409851
And that is to do this..	ऐसा करने के लिए है और कहा कि ..	और इस पर काम करना है..	0.8001692295074463	0.6639274954795837	0.7756757736206055
Besides the BJP and the Congress, the National People's Party and two independent candidates, a total of 7 candidates filed nominations on Thursday.	भाजपा व कांग्रेस के अलावा नेशनल पीपुल्स पार्टी के एक एवं दो निर्दलीय प्रत्याशियों सहित कुल 7 प्रत्याशियों ने गुरुवार को नामांकन दाखिल किया।	बीजेपी और कांग्रेस के अलावा, राष्टनॅशनल पार्टी और दो अन्य विधावांगी व्यक्तियों ने सोमवार को नामांकन पददान किया।	0.8017276525497437	0.635237991809845	0.5111635327339172
A flycam video showed security police blocking off the surrounding streets.	एक फ्लाईकैम वीडियो ने सुरक्षा पुलिस को आसपास की सड़कों को अवरुद्ध करते दिखाया।	सुरक्षा पुलिस ने आस-पास की सड़कों को बंद करने के लिए एक फील्म कैमरा वीडियो दिखाया था।	0.8757311701774597	0.7474991679191589	0.8144816756248474
Being niggardly with respect to you; but when fear comes, you will see them looking to you, their eyes rolling like one swooning because of death; but when the fear is gone they smite you with sharp tongues, being niggardly of the good things. These have not believed, therefore Allah has made their doing naught; and this is easy to Allah.	और चल दिए और जब (उन पर) कोई ख़ौफ (का मौक़ा) आ पड़ा तो देखते हो कि (आस से) तुम्हारी तरफ देखते हैं (और) उनकी ऑंखें इस तरह घूमती हैं जैसे किसी शख्स पर मौत की बेहोशी छा जाए फिर वह ख़ौफ (का मौक़ा) जाता रहा और ईमानदारों की फतेह हुई तो माले (ग़नीमत) पर गिरते पड़ते फौरन तुम पर अपनी तेज़ ज़बानों से ताना कसने लगे ये लोग (शुरू) से ईमान ही नहीं लाए (फक़त ज़बानी जमा ख़र्च थी) तो खुदा ने भी इनका किया कराया सब अकारत कर दिया और ये तो खुदा के वास्ते एक (निहायत) आसान बात थी	यह संदर्भ इस बात से स्पष्ट है कि इसे व्यंग्ल मात्रा पर आधारित कोई भी रूप में शिष्ट रूप से कहा जा सकता है कि यह कुछ भी निगमित हो ना जो व्यंग्य का स्रोत हो ।	0.6185362935066223	0.29675617814064026	0.342619925737381
Demon dog!	दानव कुत्ता!	डेमॉन डॉग!	0.7674120664596558	0.6263067126274109	0.921630859375
WHETSTONE	Constellation name (optional)	व्हेटसन्टन	0.5802047848701477	0.43837377429008484	0.5957575440406799
It went through the hull!	यह पतवार के माध्यम से चला गया!	यह सिल्ट से गुजरा!	0.7507053017616272	0.4470532238483429	0.5033104419708252
Miss Waco, I didn't...	मिस वाको, मैंने नहीं किया...	मिस्टर वाका, ये मैं क्या नहीं कह रहा	0.7530767917633057	0.5737258791923523	0.5461292266845703
I spoke to Walker.	मैंने वॉकर से बात की थी।	मैंने वॉलकर से बात की थी।	0.9797887206077576	0.9507915377616882	0.8431113958358765
Neither their flesh reaches Allah nor their blood; it is your piety that reaches Him. He has subjected these animals (to you) that you may magnify Allah for the guidance He has bestowed upon you. Give glad tidings, (O Prophet), to those who do good.	खुदा तक न तो हरगिज़ उनके गोश्त ही पहुँचेगे और न खून मगर (हाँ) उस तक तुम्हारी परहेज़गारी अलबत्ता पहुँचेगी ख़ुदा ने जानवरों को (इसलिए) यूँ तुम्हारे क़ाबू में कर दिया है ताकि जिस तरह खुदा ने तुम्हें बनाया है उसी तरह उसकी बड़ाई करो	अपने शरीर के जीव के प्राप्त होने से अल्लाह को प्राप्त होने वाले जो प्राप्त हैं, वे ही आपको बढ़ावा देंगे।	0.6331669092178345	0.3265625536441803	0.38200634717941284
Whatsoever is in the heavens and the earth belongs to Him, and His the judgement for ever. So will you fear any other than God?	जो कुछ आकाशों और धरती में है सब उसी का है। उसी का दीन (धर्म) स्थायी और अनिवार्य है। फिर क्या अल्लाह के सिवा तुम किसी और का डर रखोगे?	अच्छे है जोheaven और earth पर है और उसका नियंत्रण में है | ऐसा है जो हमें कभी भी डराने वाला नहीं है |	0.6777738332748413	0.4389573633670807	0.3856455087661743
You spoil my daughter and I get the blame for it	तुम मेरी बेटी को खराब कर रही हो और दोष मुझे मिलता है	आप अपनी बेटी को नुकसान पहुँचाते हैं और फ़्लैब करते हैं फ़ैसल के लिए	0.7382373809814453	0.4172625243663788	0.3977389335632324
Allah! There is none worthy of worship except Him; He will surely gather you all on the Day of Resurrection in which there is no doubt; and whose Words are more true than those of Allah? (Allah does not lie.)	अल्लाह के सिवा कोई इष्ट -पूज्य नहीं। वह तुम्हें क़ियामत के दिन की ओर ले जाकर इकट्ठा करके रहेगा, जिसके आने में कोई संदेह नहीं, और अल्लाह से बढ़कर सच्ची बात और किसकी हो सकती है	अल्लाह! (जो किसी के प्रति है वही जो किसी के प्रति है वही जो किसी के प्रति है वही जो किसी के प्रति है वही जो किसी के प्रति है वही जो किसी के प्रति है वही जो की प्रति है वही जो की प्रति है वही जो की प्रति है वही जो की प्रति है वही जो की प्रति है वही जो की प्रति है वही जो की प्रति है वही जो की प्रति है वही जो की प्रति है वही जो की प्रति है वही जो की प्रति है वही जो की प्रति है वही जो की प्रति है वही जो की प्रति है वही जो की प्रति है वही ज	0.56128990650177	0.23912328481674194	0.035702183842659
Wonderful party, thank you!	अद्भुत पार्टी, धन्यवाद!	पार्टी विशेष, धन्यवाद!	0.9056302309036255	0.7197020053863525	0.6063928604125977
So, if thou art in doubt regarding what We have sent down to thee, ask those who recite the Book before thee. The truth has come to thee from thy Lord; so be not of the doubters,	पस जो कुरान हमने तुम्हारी तरफ नाज़िल किया है अगर उसके बारे में तुम को कुछ शक़ हो तो जो लोग तुम से पहले से किताब (ख़ुदा) पढ़ा करते हैं उन से पूछ के देखों तुम्हारे पास यक़ीनन तुम्हारे परवरदिगार की तरफ से बरहक़ किताब आ चुकी तो तू न हरगिज़ शक़ करने वालों से होना	यह, यदि तुम्हारे पास डoubt से मुक्ति मिली है, तो तुम्हारे पास ऐसी कोई भी गलती करने की इच्छा नहीं होने चुनाव से मुक्ति देने चुनाव से मुक्ति	0.6723515391349792	0.25987696647644043	0.23564083874225616
So how could you produce a fetching creature such as that?	आप उस सुंदर प्राणी को पैदा कर सकते हैं जो वहां है?	इस तरह क्या हो सकती है?	0.6993026733398438	0.47215786576271057	0.5168284773826599
This event has been deleted.	यह घटना मिटायी जा चुकी है.	इस घटना को हटा दिया गया है.	0.8279232978820801	0.8574680685997009	0.9198853373527527
_Burn Image...	छवि लिखें (_B)...	बन इमेज...	0.7280611991882324	0.517647922039032	0.5535748600959778
All right, look, we're not going to let a couple of seagulls ruin our moment.	ठीक हम किसी भी सीगल को इन पलों को बरबाद करने नहीं देंगे।	सभ्रस्त हो सकते हैं, देख सकते हैं, हमें यह नहीं लगता कि कुछ सांपों ने अपनी बात को स्पष्ट कर दिया हो।	0.6905795335769653	0.4482401907444	0.41142022609710693
I'd always thought that...	मैंने हमेशा सोचा था...	मुझे हमेशा सोचा कि...	0.9001034498214722	0.8345929980278015	0.5935972929000854
If you close the document anyway, you will lose that information.	यदि आप जैसे भी हो, दस्तावेज़ चुनते हैं, आप जानकारियाँ खो देंगे.	अगर आप डॉक्युलाइन को बंद कर रहे हैं, तो आप जो जानकारी रखी है, उसे खो चुकी है।	0.7500882148742676	0.5725206732749939	0.6109334230422974
You'd make a good trapper.	तुम अच्छे बहेलिए बनोगे।	आप ट्रैपिंग के लिए अच्छी तरह से ट्रैपिंग करेंगे।	0.6781363487243652	0.3085744380950928	0.4545522928237915
We ate and ate at a hot dog stand.	हू हू!	हमने और और स्टैंड पर हॉट डॉग के लिए खाना खाया।	0.609146237373352	0.3016151189804077	0.20812582969665527
We bestowed upon Lot sound judgement and knowledge, and We delivered him from the city that was immersed in foul deeds. They were indeed a wicked people, exceedingly disobedient.	और लूत को भी हम ही के फ़हमे सलीम और नबूवत अता की और हम ही ने उस बस्ती से जहाँ के लोग बदकारियाँ करते थे नजात दी इसमें शक नहीं कि वह लोग बड़े बदकार आदमी थे	यह हमने लो को ज्ञान और संयम वाले लोगों को इस ग्रहमंडल में पाने से इनकार नहीं किया।	0.6684881448745728	0.3514428436756134	0.39718902111053467
Not true, I have never done that!	नहीं, मैं ऐसा कभी किया!	पूरा सही नहीं, मैंने कभी ऐसा नहीं किया!	0.8907883167266846	0.9508134722709656	0.9185150861740112
But the plot didn't end there.	लेकिन साजिश यहीं खत्म नहीं हुई.	परिचय नहीं था।	0.7523959875106812	0.4556964337825775	0.263195276260376
You're a receptionist.	तुम रिसेप्शनिस्ट हो।	आप एक प्रतिनिधि हैं।	0.734437882900238	0.4381457269191742	0.5900334119796753
General	सामान्य	ज़रूरी	0.7504044771194458	0.5739976763725281	0.7990484237670898
Tiger Two's hit.He's going down.	टाइगर दो की hit.He नीचे जा रहा है.	टीर्टी दो टाइगर्स दो हैं जो चली-रही है।	0.7523539662361145	0.4149744212627411	0.5224443674087524
Leave them to eat, and enjoy, and be lulled by hope. They will find out.	छोड़ो उन्हें खाएँ और मज़े उड़ाएँ और (लम्बी) आशा उन्हें भुलावे में डाले रखे। उन्हें जल्द ही मालूम हो जाएगा!	बारी-बारी से, उन्हें खाना, खाने के लिए आना, और इसे सोचने के लिए लाना. वे जानेंगे, इसे सोचने लगेगा, और इसे लहलेले बनाया जा सकेगा.	0.688959538936615	0.402514785528183	0.23048587143421173
Who do you think broke the window?	तुम्हें क्या लगता है? खिड़की किसने तोड़ी है?	प्रश्न पूरा करने वाला कौन है?	0.7025870680809021	0.4961616098880768	0.39851897954940796
I love you so much, Madi	मादी, हम तुम्हें बहुत चाहते हैं	मैडी	0.6564447283744812	0.4226432740688324	0.06599726527929306
Cannot create folder in offline mode.	ऑफ़लाइन मोड में फ़ोल्डर नहीं बना सकता.	ऑफलाइन मोड में फ़ोल्डर बनाने की संभावना नहीं है।	0.903289794921875	0.8981230854988098	0.8707952499389648
GTK+ (Application)	GTK अनुप्रयोग	जीटी+ (ऑप्शन)	0.7497550249099731	0.5652971267700195	0.7120770215988159
Because Grandma is telling me-- all the grandmas, all the friends are saying what a great boy you are.	क्योंकि दादी मां मुझसे कहती हैं-- सभी दादी मां, सभी दोस्त कहते हैं कि तुम कितने अच्छे लड़के हो.	जिसने मैं बताया - सभी ग्रैंड्मास, सभी दोस्त आपको यह बताने के लिए कह रहे हैं कि आप एक बहुत ही अच्छा लड़का हो	0.7517275214195251	0.5686138272285461	0.38612303137779236
_Company:	कंपनी (_C):	_Company:	0.7782748937606812	0.8253437280654907	0.5575477480888367
He's lost in the mountains with no army.	वह कोई सेना के साथ पहाड़ों में खो जाता है.	वह माउंटेन्स में अक्षय Army के साथ lost है।	0.7634273171424866	0.4448511302471161	0.2879415452480316
It's good...	ये प्यारा है...	बेहतर...	0.8247343897819519	0.8342954516410828	0.8357137441635132
- I'll fax this down the first thing - Thank you.	~ ~ पहली बात मैं हूँ फैक्स यह नीचे धन्यवाद.	- मैं इसे सबसे पहले यहाँ फैक्स करूँ - धन्यवाद।	0.7987142205238342	0.6506990790367126	0.6966022253036499
"The event ""%1"" includes other people. Do you want to email the invitation to the attendees?"	यह% 1 अन्य व्यक्तियों को भी सम्मिलित करता है. क्या उपस्थिति को ई- मेल भेजा जाना चाहिए?	"प्रत्येक के लिए इवेंट ""%1"" हुआ. इसमें दूसरे लोग भी शामिल हैं. डो या बेचें कि आप इवेंट को अपने समूह के भी कार्यान्वयन के रूप में उपयोग करें."	0.7007308006286621	0.4705781936645508	0.3629268407821655
Mouse-based interactive map widget for selecting timezone. Keyboard users should instead select the timezone from the drop-down combination box below.	समय क्षेत्र के लिए माउस आधारित अंतःक्रियात्मक मैप विजेट. कुंजीपटल उपयोक्ता को समय क्षेत्र को लटकते संयुक्त बॉक्स से चुनना चाहिए.	यूज़र के द्वारा समय के प्रतिनिधि का चयन करना स्वाभाविक है।	0.7236796021461487	0.4071098566055298	0.3915986120700836
Next	अगला	ज़रूर	0.6674814224243164	0.6563659310340881	0.6368168592453003
Welcome aboard, dragon rider.	स्वागत हो, ड्रैगन-सवार!	हैलो, ड्रैगन राइडर।	0.7318057417869568	0.6157996654510498	0.8650575876235962
Do you have one that's cheaper?	इससे सस्ता वाला है क्या?	हाँ, क्या तुम्हें इससे भी कम लागत तो तुम्हें यह बताने में भी रुचि है कि तुम्हें इससे भी cheaper लागत वाला तो तुम्हें यह बताने में भी रुचि है कि तुम्हें इससे भी cheaper लागत वाला तो तुम्हें यह बताने में भी रुचि है कि तुम्हें इससे भी cheaper लागत वाला तो तुम्हें यह बताने में भी रुचि है कि तुम्हें इससे भी cheaper लागत वाला तो तुम्हें यह बताने में भी रुचि है कि तुम्हें इससे भी cheaper लागत वाला तो तुम्हें यह बताने में भी रुचि है कि तुम्हें इससे भी cheaper लागत वाला तो तुम्हें यह बताने में भी रुचि है कि तुम्हें इससे भी	0.5274699926376343	0.32654568552970886	0.05599115788936615
Comment	टिप्पणी	प्रतिक्रिया	0.7830308079719543	0.8926759362220764	0.9362006187438965
Your possessions and your offspring are nothing but a trial for you. And there awaits a great reward for you with Allah.	तुम्हारे माल और तुम्हारी सन्तान तो केवल एक आज़माइश है, और अल्लाह ही है जिसके पास बड़ा प्रतिदान है	आपके संपत्ति और आपका बच्चा किसी पर भी प्रभाव होता है। और इस बारे में एक बहुत बड़ी पुरस्कार के लिए तैयार होता है।	0.7046910524368286	0.3948342800140381	0.44807374477386475
One of those 26 farms to decide who will be invited to the Best Super Pig Fest in New York City, where it will be unveiled to the world.	उन 26 फ़ार्मों में यह तय करने के लिए कि किसे न्यू यॉर्क सिटी आमंत्रित किया जाए श्रेष्ठतम सूपर सूअर उत्सव के लिए, जहाँ उसे दुनिया के सामने पेश किया जाएगा।	यह 26 जंगली पशु विविधियों का निर्णय है जिसमें Best Super Pig Fest in New York सिटी में उतरें जानवर।	0.6935054063796997	0.409941703081131	0.3735238015651703
Allow Ekiga to fall back to software scaling the picture-in-picture if hardware support is not available. If this is set to false, Ekiga will not try to open the PIP if hardware support is not available.	एकिगा को सॉफ्टवेयर अनुमापन तस्वीर में तस्वीर की ओर ले जाता है यदि हार्डवेयर समर्थन उपलब्ध नहीं है. यदि इसे गलत पर सेट किया जाता है, एकिगा खोलने की कोशिश नहीं करेगा PIP को यदि हार्डवेयर समर्थन अनुपलब्ध है.	"प्रश्न:
एक्ज़िया को हार्मेट स्कैलिंग देने की सलाह देते हैं कि यह पीपीआई परीक्षण के बाद निर्णय ले सकें."	0.6813564896583557	0.3329070508480072	0.36013197898864746
%B %e, %Y at %R UTC	%R UTC पर %B %e, %Y	अधिकारी समय से पहले जानकारी दे सकते हैं कि वे समय से पहले किसी भी तरह से बदल सकते हैं कि कोई भी विवरण अत्याधुनिक होगा।	0.572369396686554	0.2905043065547943	0.04240203648805618
Loading…	लोड किया जा रहा है...	लोडिंग...	0.8441673517227173	0.6675293445587158	0.7372845411300659
In Cameroon, there is only one doctor for every 5,000 people, according to the World Health Organization.	विश्व स्वास्थ्य संगठन के अनुसार, कैमरून में प्रत्येक 5000 व्यक्ति के लिए केवल एक चिकित्सक है।	कैमरून के भीतर, हर 5,000 लोगों के लिए एक डॉक्टर है जो उनकी देख-रेखी स्वास्थ्य सेवा प्रदान करता है।	0.8119374513626099	0.683451235294342	0.7466419339179993
Command parameter not implemented	कमांड पैरामीटर लागू नहीं किया गया	कमांदारी का परावर्त नहीं किया	0.779198408126831	0.5517456531524658	0.3622189164161682
It was the decision of the house that departmental representatives were attending the meeting just to complete the quorum and were not equipped with complete information.	सदन का फैसला था कि विभागीय प्रतिनिधि सिर्फ कोरम पूरा करने के लिए बैठक में आते हैं उन्हें पूरी जानकारी नहीं रहती है।	यह निर्णय घर के सदस्यों द्वारा आयोजित कार्यक्रम के लिए हुआ था।	0.7101200819015503	0.42286279797554016	0.3307684659957886
"We said, ""David, We have given you mastery over the land. Judge fairly between people. Do not follow your desires, lest they divert you from God's path: those who wander from His path will have a severe punishment, because they ignore the Day of Reckoning."""	"""ऐ दाऊद! हमने धरती में तुझे ख़लीफ़ा (उत्तराधिकारी) बनाया है। अतः तू लोगों के बीच हक़ के साथ फ़ैसला करना और अपनी इच्छा का अनुपालन न करना कि वह तुझे अल्लाह के मार्ग से भटका दे। जो लोग अल्लाह के मार्ग से भटकते है, निश्चय ही उनके लिए कठोर यातना है, क्योंकि वे हिसाब के दिन को भूले रहे।-"	जिस तरह से हमने कहा कि देवता डेव्होड पर निष्पादन के लिए तैयार हैं वही व्यवहार की ओर से हमें निर्देश की आवश्यकता में बदलाव की ओर से हमें यह भी लगता लगा कि यह पूरी जानकारी सारी तैयार है।	0.6625270247459412	0.28453412652015686	0.3954693078994751
- [ RIFLE SHOT ] - [ SCREAMS ]	- [राइफल शॉट] - [चिल्लाती]	अरे , ज़रुरी से ध्यान दिया जा सकता है , क्योंकि यह वाक्य में स्पष्ट रूप से उल्लेख नहीं किया गया है , और इसके लिए कोई ज़रुरी कार्य है	0.6083974242210388	0.2773341238498688	0.028298992663621902
Prev mesg	पिछला संदेश	प्रेस मेसग	0.6959660053253174	0.5359787344932556	0.42381030321121216
Mute	मूक	बोल	0.7926605939865112	0.5710236430168152	0.5472681522369385
New _Incognito Window	नई गुप्त विंडो (_I)	नई - इंकॉज़िट विंडो	0.7718407511711121	0.6419044733047485	0.8088842630386353
Name	नाम	रोल	0.8162035942077637	0.5449336171150208	0.603800892829895
Remove current view of the document	हटाएँ का दस्तावेज़	द document की पूरी जानकारी हट कर दी गई व्याख्या को मिला सकते हैं	0.6677091121673584	0.4612385928630829	0.17241396009922028
- Help her out.	- उसकी मदद से बाहर.	- इस सहयोग के लिए उसे मदद करने के लिए	0.7768356800079346	0.479629248380661	0.2550662159919739
"When Moses had fulfilled the term and was journeying with his family, he perceived a fire in the direction of the Mount (Sinai). He said to his family: ""Wait here; I have observed a fire. Maybe I will bring to you some news or a brand of fire from there that you may warm yourselves."""	ग़रज़ मूसा का छोटी लड़की से निकाह हो गया और रहने लगे फिर जब मूसा ने अपनी (दस बरस की) मुद्दत पूरी की और बीवी को लेकर चले तो अंधेरीरात जाड़ों के दिन राह भूल गए और बीबी सफ़ूरा को दर्द ज़ेह शुरु हुआ (इतने में) कोहेतूर की तरफ आग दिखायी दी तो अपने लड़के बालों से कहा तुम लोग ठहरो मैने यक़ीनन आग देखी है (मै वहाँ जाता हूँ) क्या अजब है वहाँ से (रास्ते की) कुछ ख़बर लाऊँ या आग की कोई चिंगारी (लेता आऊँ) ताकि तुम लोग तापो	जो मिले, मूसी के परिवार से मिले और उन्हें साझ करने का विकल्प था।	0.6306450963020325	0.3437005281448364	0.12748761475086212
Your emails	raviratlami@ aol. in, rajesh@ indlinux. in	योर ईमेल	0.6121779680252075	0.36764881014823914	0.3169848620891571
Specify file containing saved configuration	सहेजा विन्यास समाहित करता फ़ाइल निर्दिष्ट करें	सaved कॉन्फ़िर्मेशन का संलग्न फील्ड है	0.6798627376556396	0.40328508615493774	0.2739722430706024
Are you sure you want to debug a program not using the Debug configuration? When optimizations are enabled, the debugger cannot always identify the source code corresponding to the instructions, so some commands can perform in a strange way, especially steps.	को डिबग a प्रोग्राम नहीं प्रयोग कर रहा है दोषसुधार विन्यास नहीं सक्षम श्रोत कोड को कुछ कमांड इंच a चरण.	यह सुन लेना चाहूँ कि आप ऐसा क्या चाहते हैं।	0.6115258932113647	0.3196890950202942	0.16997919976711273
- It happens. - Whoa.	थोड़ा रुको.	- - -	0.6678287982940674	0.3894325792789459	0.28489595651626587
Drop the sensor. TREVOR: What?	लेफ्टिनेंट बिजली को आकर्षित कर रहा है!	प्रिंट आरे सेंसर डrop. ट्रेवॉर: क्या?	0.6691227555274963	0.31459710001945496	0.1886558085680008
Next month	अगला माह	पाँच महीने	0.7594202160835266	0.6598026752471924	0.9224386215209961
Then we'll go. Baby, what if this place belongs to some kind of cult?	बेबी, अगर यह जगह किसी विचित्र-पंथियों की हुई तो?	अरे वो जा रहे हैं। क्या, माँ, क्या वो चाहते हैं कि वे जाते हैं कि वे कुछ पूछ रहे हैं	0.6408665180206299	0.32260891795158386	0.20257548987865448
Sort of like humongous fungus.	humongous कवक की तरह के आधार पर छाँटें.	बड़ी-बड़ी रोगाणु।	0.6235771775245667	0.36197033524513245	0.7576860189437866
- Another £200.	- और 200 पाउंड।	-अन्य £200.	0.7395278215408325	0.8201380372047424	0.9317713975906372
Don't...don't do anything to me	... मेरे पास कुछ भी नहीं है नहीं है	दिए से नहीं करना चाहे तो नहीं हो सकता	0.7185230255126953	0.34069108963012695	0.0698024183511734
"Say: ""Who is (the) Lord of the seven heavens, and (the) Lord of the Great Throne?"""	"कहो, ""सातों आकाशों का मालिक और महान राजासन का स्वामीकौन है?"""	सays: “जिस व्यक्ति ने (चाँद) पाँच परिष्पातक दिशानिर्देश प्राप्त किया है, और जिस व्यक्ति ने (चाँद) एक सात परिष्पातक दिशानिर्देश प्राप्त किया है, और जिस व्यक्ति ने (चाँद) दो तेरह परिष्पातक दिशानिर्देश प्राप्त किया है”	0.5954722762107849	0.3290114104747772	0.20028148591518402
No burner specified	कोई बर्नर निर्दिष्ट नहीं	बनर स्प्रिंग स्टेशन पर से नहीं स्प्रिंग स्टेशन पर चूलन से भी	0.6990510821342468	0.2873013913631439	0.05544290319085121
Oh, my God.	ओह, मेरे भगवान.	ई, मेरे गॉड।	0.7855960130691528	0.4794152081012726	0.4362560510635376
Publishing Author	प्रकाशक लेखकPermissionsLevel	प्रकाशन Author	0.6704363822937012	0.521209180355072	0.5454461574554443
I can't change what I did.	मैं नहीं बदल सकते कि मैं क्या किया।	मैं क्या कह सकता हूँ?	0.8012298941612244	0.5259613990783691	0.5059980750083923
Background Color Set	पृष्ठभूमि रंग नियत है	बैकग्राउड कोलर सेट	0.6597051620483398	0.4352766275405884	0.5951294302940369
You know what that key is for?	आप कुंजी के लिए है कि क्या जानते हैं?	जी हूँ वह की पहचान?	0.7263292670249939	0.44975441694259644	0.19334439933300018
OI, DON'T BE MAD.	ओय, पागल मत बनो.	ओ, किसी को भी धोखा न करना।	0.7273133397102356	0.5868280529975891	0.549034595489502
Rimgale's gonna wanna talk to Swayzak about this.	इस बारे में Swayzak को Rimgale वाला बात करना चाहता हूँ.	रिंगेल को स्वाज़कर इस बारे में सिरफ़ार से सोचें।	0.7268049120903015	0.4823485314846039	0.520989716053009
Attack him from behind.	पीछे से मार.	प्रतिद्वंद्वी से पीछे।	0.7752008438110352	0.42968159914016724	0.4810187816619873
Select all visible contacts	सभी दृश्य संपर्कों को चुनें	पूरी तरह से अन्यायिक नहीं	0.6675995588302612	0.4028782546520233	0.26173222064971924
Have you not considered that Allah knows what is in the heavens and what is on the earth? There is in no private conversation three but that He is the fourth of them, nor are there five but that He is the sixth of them - and no less than that and no more except that He is with them [in knowledge] wherever they are. Then He will inform them of what they did, on the Day of Resurrection. Indeed Allah is, of all things, Knowing.	क्या तुमको मालूम नहीं कि जो कुछ आसमानों में है और जो कुछ ज़मीन में है (ग़रज़ सब कुछ) ख़ुदा जानता है जब तीन (आदमियों) का ख़ुफिया मशवेरा होता है तो वह (ख़ुद) उनका ज़रूर चौथा है और जब पाँच का मशवेरा होता है तो वह उनका छठा है और उससे कम हो या ज्यादा और चाहे जहाँ कहीं हो वह उनके साथ ज़रूर होता है फिर जो कुछ वह (दुनिया में) करते रहे क़यामत के दिन उनको उससे आगाह कर देगा बेशक ख़ुदा हर चीज़ से ख़ूब वाक़िफ़ है	प्रिय जी, ने तुम्हारी स्थिति से तो काफी है कि तुम्हारे बारे में तो तुम्हारा ज्यादा ज्यादा हमारा विवरण चाहे तो यह भी हो सकता है कि तुम्हारे बारे में हमने तो तुम्हारे बारे में ज्यादातर सोचने वाला था कि तुम्हारे बारे में हमें ज्यादा ज्यादा सोचने वाला था कि तुम्हारे बारे में हमें ज्यादा ज्यादा सोचने वाला था	0.6437581181526184	0.2589397728443146	0.10976549983024597
They're trying to burn us out.	हमें जलाकर मारने में लगे हैं.	यह उनका लक्ष्य हमें निपटाने से रोकना चाहते हैं।	0.7606968283653259	0.4607692360877991	0.5055826306343079
"We would be inventing lies against God if we returned to your faith after God has delivered us from it. It is not for us to return to it unless God our Lord so willed. Our Lord encompasses all things in His knowledge. We have put our trust in God. Our Lord, expose the truth [and judge] between us and our people, You are the best judge."""	"""हम अल्लाह पर झूठ घड़नेवाले ठहरेंगे, यदि तुम्हारे पन्थ में लौट आएँ, इसके बाद कि अल्लाह ने हमें उससे छुटकारा दे दिया है। यह हमसे तो होने का नहीं कि हम उसमें पलट कर जाएँ, बल्कि हमारे रब अल्लाह की इच्छा ही क्रियान्वित है। ज्ञान की स्पष्ट से हमारा रब हर चीज़ को अपने घेरे में लिए हुए है। हमने अल्लाह ही पर भरोसा किया है। हमारे रब, हमारे और हमारी क़ौम के बीच निश्चित अटल फ़ैसला कर दे। और तू सबसे अच्छा फ़ैसला करनेवाला है।"""	यह स्पष्ट है कि आप और आपका लोग जो आपके लोग युग के तौर पर जाते हैं, को जोखिम के साथ विवरण देने की प्रतिबिंबन हैं।	0.6650035977363586	0.29078033566474915	0.3965105414390564
[shrieks and laughter]	[चिल्‍लाहट और हंसी]	"असली मतलब से स्पष्ट रूप से किए जाने वाले सूचना से निम्नलिखित हैं:
स्पष्ट:
इस प्रकार से किए जाने वाले सूचना से निम्नलिखित हैं:
शरीरी:
निर्णयी:
निर्णयी:
निर्णयी:
शरीरी:
शरीरी:
शरीरी:
शरीरी:
शरीरी:
शरीरी:
शरीरी:
शरीरी:
शरीरी:
शरीरी:
शरीरी:
शरीरी:
शरीरी:
शरीरी:
शरीरी:
शरीरी:
शरीरी:
शरीरी:
शरीरी:
शरीरी:
शरीरी:
शरीरी:
शरीरी:
शरीरी:
शरीरी:
शरीरी:
शरीरी:
शरीरी:
शरीरी:
शरीरी:
शरीरी:
शरीरी:
शरीरी:
श"	0.5749849081039429	0.23375952243804932	0.029593076556921005
Bring me my gun! Riflemen, assemble here!	वे दूर नहीं मिलेगा!	प्राप्त करने के लिए मेरी गन ले आ! गन लीडर्स, यहाँ आ!	0.6758025884628296	0.307420939207077	0.17028823494911194
Yourjob will be done, you go!	तुम्हारा काम हो जाएगा, तुम जाओ!	आपका जॉब किया जाना चाहेगा, आप चलो!	0.7761273980140686	0.48296669125556946	0.531184732913971
For all that they used to do.	जो कुछ वे करते रहे।	सभी ऐसा था जो उन्होंने किया था।	0.8181796669960022	0.7332586646080017	0.5418227910995483
Maybe we can help his family out.	शायद हम उसके परिवार की मदद कर सकते हैं.	जैसा हो सकता है कि उसके परिवार को सहायता करने में मदद मिल सकती है।	0.8049441576004028	0.641735315322876	0.6002687811851501
America/ Argentina/ Buenos_Aires	अमेरिका/ अरजेटीना/ बुएनॉस_ एरिस	यूएसए/ एरिजोन/ ब्यून ऑयस एरिजोन/ ब्यून ऑयस	0.7130735516548157	0.4791703522205353	0.47855430841445923
You've found a baby before?	तुम से पहले एक बच्चे को देखा है?	हाँ, आप एक स्तनपाल या दूसरे के किसी भी को पैदा करने के लिए पहले बचता है।	0.7229660749435425	0.353353887796402	0.3293604254722595
Resign	छोड़ें	पुनः सेवा देने से जुड़ता	0.709318995475769	0.40410080552101135	0.32915186882019043
RAY?	रे?	र?	0.8710818290710449	0.9038593173027039	0.6263164281845093
(VALENTINE HUMMING)	(वेलेंटाइन गुनगुना)	"अर्थ:
(शुद्ध व्यवहार वाला))"	0.6416559219360352	0.40271303057670593	0.43834808468818665
LORD	दोरादोConstellation name (optional)	लॉर्ड	0.6601374745368958	0.35752615332603455	0.245090514421463
"God said, ""The land is forbidden to them for forty years, while they wander around the earth, bewildered; do not grieve over these wicked people."""	हमारा उनका साथ नहीं हो सकता (ख़ुदा ने फ़रमाया) (अच्छा) तो उनकी सज़ा यह है कि उनको चालीस बरस तक की हुकूमत नसीब न होगा (और उस मुद्दते दराज़ तक) यह लोग (मिस्र के) जंगल में सरगरदॉ रहेंगे तो फिर तुम इन बदचलन बन्दों पर अफ़सोस न करना	गोद स कहता, “पृथ्वी उन लोगों के लिए forty वर्ष तक प्रतिबंधित है जबकि वे पृथ्वी की राह पर चलते हुए भावुक हो”.	0.657066285610199	0.33958253264427185	0.3569786250591278
No, no, do not shoot him.	नहीं, नहीं, उसे गोली मार नहीं है!	नो, ना, किसी को मारने को नहीं कहता।	0.776644229888916	0.6814006567001343	0.6086904406547546
Of course not, but you do need someone to set up the tax-free gift?	बेशक नहीं. लेकिन किसी की जरूरत है जो तुम्हारे कर मुफ्त उपहार की व्यवस्था करे.	ज़रूर नहीं, लेकिन आप निविदा टैक्स फ़्री गिफ्ट के लिए किसी को स्थापना करने के लिए कह सकते हैं।	0.721900224685669	0.5325340628623962	0.6693148016929626
- Yeah.	- हाँ.	जी हाँ।	0.8145982027053833	0.898065447807312	0.9293574094772339
That was the best I've ever had.	मैंने इससे बेहतर गोश्त कभी नहीं खाया।	क्या था सबसे अच्छा से मैंने ever हुआ।	0.6994901299476624	0.32218390703201294	0.125817209482193
Whole project; Drop a file here or type a path to view a file or folder log	छोडें a फ़ाइल या क़िस्म a को a फ़ाइल या	पूरी कार्य; छोड़ दी गई सामग्री या उस पर कोई भी जानकारी हो सकती है जो इस प्रकार की हो	0.6097978353500366	0.3787425458431244	0.299357533454895
Role	भूमिका	प्रभाव	0.8123074769973755	0.7362242341041565	0.8828306198120117
- You should be grateful, right?	- तुम सही, आभारी होना चाहिए?	- तुम्हें धन्यवाद होगा, है ना?	0.7977826595306396	0.7820461988449097	0.5873836278915405
Is it wrong for me to touch you?	Is it wrong for me to touch you?	जी हाँ, मेरे पास आपको जितना हद तक ज़रूरी है वही होता है।	0.5468063950538635	0.3025070130825043	0.5084663033485413
Thank you. - I'd like to explain...	धन्यवाद, मैं ऐसा करने के लिए समझाने के लिए चाहते हैं...	अरे । मैं इस बारे में बता पाऊँगा ?	0.7227264642715454	0.4676586389541626	0.4202999472618103
Have they not travelled in the land and seen what was the end of those who were before them? They were superior to them in strength, and in the traces (which they left) in the land. But Allah seized them with punishment for their sins. And none had they to protect them from Allah.	क्या उन लोगों ने रूए ज़मीन पर चल फिर कर नहीं देखा कि जो लोग उनसे पहले थे उनका अन्जाम क्या हुआ (हालाँकि) वह लोग कुवत (शान और उम्र सब) में और ज़मीन पर अपनी निशानियाँ (यादगारें इमारतें) वग़ैरह छोड़ जाने में भी उनसे कहीं बढ़ चढ़ के थे तो ख़ुदा ने उनके गुनाहों की वजह से उनकी ले दे की, और ख़ुदा (के ग़ज़ब से) उनका कोई बचाने वाला भी न था	यह देख लें कि ये लोग उस समय और उस land पर कितना शक्तिशाली और उसी land पर उसी योग्य व्यक्ति के बीच कितना प्रभावशाली रहा ?	0.6240049600601196	0.3288671672344208	0.30539989471435547
- my name is doctor..	- मेरा नाम डॉक्टर है ..	- मेरा नाम डॉक्टर है..	1.0000001192092896	0.974803626537323	0.9274425506591797
"Each messenger said, ""What if I should bring you better guidance than what you found your forefathers had?"" They replied, ""We reject any message you have been sent with!"""	(इस पर) उनके पैग़म्बर ने कहा भी जिस तरीक़े पर तुमने अपने बाप दादाओं को पाया अगरचे मैं तुम्हारे पास इससे बेहतर राहे रास्त पर लाने वाला दीन लेकर आया हूँ (तो भी न मानोगे) वह बोले (कुछ हो मगर) हम तो उस दीन को जो तुम देकर भेजे गए हो मानने वाले नहीं	यह सुनते तो कहा, “यदि मैं आपको बेहतर तरीके से निर्देश दे सकता हूँ तो क्या हो सकता है?”, “हम ठीक से सही जवाब दे सकते हैं नहीं, हम ठीक से सही जवाब दे सकते हैं.”	0.6852017641067505	0.3649420440196991	0.2505386471748352
AUTOMATED VOICE:	मैं स्वचालित आवाज:	कम्प्लीट वॉयce:	0.6589576601982117	0.3688983619213104	0.2753373980522156
User:	उपयोक्ता:	प्रतिक्रिया:	0.770771861076355	0.6698829531669617	0.9209868907928467
Number	क्रमांक	जानकारी	0.6920275688171387	0.6950103640556335	0.8968114256858826
Little unnatural.	लिटिल अप्राकृतिक.	साधारण है।	0.7600923180580139	0.5630987286567688	0.5374374389648438
Thanks a lot, Bin Laden.	क्या कोई payphone बैंक?	बिनएलद्दीन की प्रशंसा के लिए धन्यवाद।	0.6387931704521179	0.4074627459049225	0.443685382604599
“O my people! I fear for you a day on which will be a great outcry!”	और ऐ हमारी क़ौम मुझे तो तुम्हारी निस्बत कयामत के दिन का अन्देशा है	“मेरे लोगों! मैं आपकी चिंता के लिए एक दिन के भ्रम की बात है।”	0.6548528671264648	0.3815132677555084	0.2948035001754761
Enter Passphrase for %s	%s के लिए कूटशब्द डालें	मार्कअप फ़र्स्टपेस के लिए प्रत्याशित पासवर्ड क्या हैं	0.7244981527328491	0.5134083032608032	0.6168163418769836
Then on the Day of Resurrection you will contend before your Lord.	और ये लोग भी यक़ीनन मरने वाले हैं फिर तुम लोग क़यामत के दिन अपने परवरदिगार की बारगाह में बाहम झगड़ोगे	तथ्यों को ध्यान में रखने के लिए, 14 मई को पुनर्जनित के समय सामना करने वाले लोगों को ध्यान में रखना या करना जा सकता है।	0.643616795539856	0.2772028148174286	0.3575732707977295
But I can't help falling in love with you.	लेकिन मैं तुमसे प्‍यार करने के लिए मजबूर हूं.	लेकिन मैं तुमसे त love में पड़ने की अनुमति दे सकता हूँ।	0.8326091170310974	0.40163156390190125	0.293275386095047
Well, lots of people saw him or claimed that they saw him.	या वे उसे देखा कि दावा किया ठीक है, बहुत से लोग उसे देखा.	हाँ, कई लोगों ने उसे देखा या कहा कि वे उसे देखा या कहा कि वे उसे सिखाया था।	0.7894203662872314	0.5818187594413757	0.44159525632858276
Beautified for men is the love of things they covet; women, children, much of gold and silver (wealth), branded beautiful horses, cattle and well-tilled land. This is the pleasure of the present world's life; but Allah has the excellent return (Paradise with flowing rivers, etc.) with Him.	मनुष्यों को चाहत की चीजों से प्रेम शोभायमान प्रतीत होता है कि वे स्त्रिमयाँ, बेटे, सोने-चाँदी के ढेर और निशान लगे (चुने हुए) घोड़े हैं और चौपाए और खेती। यह सब सांसारिक जीवन की सामग्री है और अल्लाह के पास ही अच्छा ठिकाना है	यह ऐसा है जो वर्तमान विश्व की लाइफ़ से है लेकिन अल्लाह ने इसे अच्छी वापसी (परदेश से आने वाली रिहाई) दी है।	0.7027645111083984	0.40490472316741943	0.35547274351119995
"Aaron said, ""Son of my mother! Do not seize me by my beard nor by my head. I was afraid that you would say, 'You have caused dissension among the Children of Israel and did not pay heed to my words.'"""	"उसने कहा, ""ऐ मेरी माँ के बेटे! मेरी दाढ़ी न पकड़ और न मेरा सिर! मैं डरा कि तू कहेंगा कि तूने इसराईल की सन्तान में फूट डाल दी और मेरी बात पर ध्यान न दिया।"""	अरोन ने कहा, “मेरी माता-पिता के बेटे! किसी भी तरह से मुझे अपने विचारों का जवाब नहीं देना चाह सकता है।”	0.7175500988960266	0.38512909412384033	0.2842264771461487
Miss you a lot.	आपकी बहुत याद आती है।	मिस कर रही हूँ बहुत much.	0.7059487700462341	0.563951849937439	0.24217386543750763
Are they jealous of the favors that God has done to some people? We have given to the family of Abraham the Book, Wisdom, and a great Kingdom.	या ख़ुदा ने जो अपने फ़ज़ल से (तुम) लोगों को (कुरान) अता फ़रमाया है इसके रश्क पर चले जाते हैं (तो उसका क्या इलाज है) हमने तो इबराहीम की औलाद को किताब और अक्ल की बातें अता फ़रमायी हैं और उनको बहुत बड़ी सल्तनत भी दी	अरब के बच्चे हैं जो भगवान के परिवार, संस्कार का परिवार और एक महान राज्य हैं।	0.6613444685935974	0.35441043972969055	0.4425652027130127
He was on the president's protection detail for a few years.	वह कुछ साल के लिए राष्ट्रपति की सुरक्षा विस्तार पर था.	कई सालों के लिए राष्ट्रपति की सुरक्षा टीम परिस्थिति में थे।	0.8783582448959351	0.505877673625946	0.5290499925613403
Keep rowing man.	रेमा आदमी, तेजी से...	खरजान से जाना है।	0.7237707376480103	0.4675074517726898	0.347198486328125
Unicode (UTF-3_2 LE)	यूनिकोड (UTF-3_2 LE)	यूनिक्स (यू.एफ.3.2 एल.ई.)	0.766369640827179	0.5463482737541199	0.7211524248123169
No, no, Let it be!	नहीं, नहीं, रहने दो!	नहीं, नहीं, लेटIt be!	0.8402785658836365	0.4661496579647064	0.5307129621505737
- LOLA: No!	- लोला नहीं!	ऑनलाइन कैसे किया जा सकता है?	0.657967209815979	0.4292651414871216	0.2575814723968506
He said to his slaves, “Place their means back into their sacks, perhaps they may recognise it when they return to their homes, perhaps they may come again.”	"उसने अपने सेवकों से कहा, ""इनका दिया हुआ माल इनके सामान में रख दो कि जब ये अपने घरवालों की ओर लौटें तो इसे पहचान लें, ताकि ये फिर लौटकर आएँ।"""	प्रस्तुत किया गया व्यक्ति ने अपने कर्मचारियों से कहा, “उनके कार्यों को वापस ले जाओ, शायद वे उन्हें जब वे अपने घरों जाएँ, शायद वे एकदारी कर सकें.”	0.7398570775985718	0.5476365685462952	0.5743417739868164
After them We sent Moses with Our signs to Pharaoh and his chiefs. But they willfully rejected them. Consider the end of the evil-doers.	फिर उनके पश्चात हमने मूसा को अपनी निशानियों के साथ फ़िरऔन और उसके सरदारों के पास भेजा, परन्तु उन्होंने इनकार और स्वयं पर अत्याचार किया। तो देखो, इन बिगाड़ पैदा करनेवालों का कैसा परिणाम हुआ!	पृथक रूप से उन्होंने पृथक संकेतों का प्रयोग करने के लिए पृथुक को यह संकेत दिए जाते हैं कि पृथुक पृथक रूप से उन्होंने अपने संकेतों का प्रयोग करने के लिए पृथुक का आग्रह है।	0.6502997875213623	0.33706578612327576	0.26917749643325806
I don't understand how you can work for Steve Gray.	मैं आप स्टीव ग्रे के लिए कैसे काम कर सकते समझ में नहीं आता.	मुझे यह समझने में भी असमर्थ हूँ कि स्टीव ग्रैy का काम क्या है।	0.7798932790756226	0.6543958783149719	0.5877366065979004
Do you feel like that?	- क्या ऐसा लग रहा है? - नहीं.	हाँ/नहीं, इसके बारे में आप क्या भी कह सकती हैं।	0.6990993022918701	0.5563340187072754	0.5655099153518677
Do they not see that Allah enlarges the provision for whom He wills and straitens (it for whom He wills). Verily, in that are indeed signs for a people who believe.	क्या उन लोगों ने (इतना भी) ग़ौर नहीं किया कि खुदा ही जिसकी रोज़ी चाहता है कुशादा कर देता है और (जिसकी चाहता है) तंग करता है-कुछ शक नहीं कि इसमें ईमानरदार लोगों के वास्ते (कुदरत ख़ुदा की) बहुत सी निशानियाँ हैं	अरे, यह नहीं सोचना चाहिए कि वे यह नहीं भी देख सकते हैं कि यह उन्हें समझाता है जो वे हैं।	0.6705613732337952	0.3282403349876404	0.2750082015991211
"Say: 'Who is the Lord of the heavens and the earth' Say: 'Allah' Say: 'Why then have you chosen guardians other than Him, even though they have neither the power to benefit nor harm themselves' Say: 'Are the blind and the seeing equal? Are darkness and light equal? Or, have they ascribed to Allah associates who create as He creates so that all creation is alike to them?"" Say: 'Allah is the Creator of everything. He is the One, the Conqueror'"	"कहो, ""आकाशों और धरती का रब कौन है?"" कहो, ""अल्लाह"" कह दो, ""फिर क्या तुमने उससे हटकर दूसरों को अपना संरक्षक बना रखा है, जिन्हें स्वयं अपने भी किसी लाभ का न अधिकार प्राप्त है और न किसी हानि का?"" कहो, ""क्या अंधा और आँखोंवाला दोनों बराबर होते है? या बराबर होते हो अँधरे और प्रकाश? या जिनको अल्लाह का सहभागी ठहराया है, उन्होंने भी कुछ पैदा किया है, जैसा कि उसने पैदा किया है, जिसके कारण सृष्टि का मामला इनके लिए गडुमडु हो गया है?"" कहो, ""हर चीज़ को पैदा करनेवाला अल्लाह है और वह अकेला है, सब पर प्रभावी!"""	अरे, यह क्या है?	0.6221671104431152	0.3387177884578705	0.08168387413024902
-(CELL PHONE RINGING)	(सेल फोन बज)	सेल फ़ोन रिंगिंग	0.7787819504737854	0.6385689377784729	0.7906883358955383
Yeah, smoke it up there, uh, Skippy.	- हाँ, धूंए में उड़ा दो, मेरे शेर.	यह, धुआं से वहाँ उगाएँ, यह, स्किप्पी।	0.7729082703590393	0.3885738253593445	0.3821123242378235
Ctrl-click to open a link	लिंक को खोलने के लिए Ctrl क्लिक करें	Ctrl-click to open a link	0.6753316521644592	0.6462284326553345	0.2403058260679245
