Source_Dialogue	Reference	MT	BERTScore_F1	COMET	COMTAIL
Give shots of injections or pills, but he must be alright soon.	सुई लगाओ या गोली खिलाओ लेकिन इसे जल्दी से ठीक करो.	अरे फिर उन्हें इंजेक्शन शॉट्स डालने या चौबीज़ के दानी करने के तो पूरे हैं!	0.6703492999076843	0.3789345920085907	0.26938825845718384
They said, “O Shuaib, we do not understand much of what you say, and we see that you are weak among us. Were it not for your tribe, we would have stoned you. You are of no value to us.”	और वह लोग कहने लगे ऐ शुएब जो बाते तुम कहते हो उनमें से अक्सर तो हमारी समझ ही में नहीं आयी और इसमें तो शक नहीं कि हम तुम्हें अपने लोगों में बहुत कमज़ोर समझते है और अगर तुम्हारा क़बीला न होता तो हम तुम को (कब का) संगसार कर चुके होते और तुम तो हम पर किसी तरह ग़ालिब नहीं आ सकते	जिस्म, वे कहते, “शुआिब, हम जो कुछ नहीं समझते हैं और जो कमजोर होते हैं, हमें तो संकलित किया जे नहीं तो स्थायी किया ज सके, हमें यह नहीं दिलाई कि हम जो कुछ नहीं समझते हैं और जो कमजोर होते हैं, वे भी हमें यह नहीं दिलाई कि हम जो कुछ नहीं समझते हैं और जो कमजोर होते हैं, वे भी हमें यह नहीं दिलाई कि हम जो कुछ नहीं समझते हैं और जो कमजोर होते हैं, वे भी हमें यह नहीं दिलाई कि हम जो कुछ नहीं समझते हैं और जो कमजोर होते हैं, वे भी हमें यह नहीं दिलाई कि हम जो कुछ नहीं समझते हैं और जो कमजोर होते हैं, वे भी हमें यह नहीं दिलाई	0.6305443644523621	0.3477255403995514	0.14707425236701965
- Yeah.	- हाँ.	जी हुआ।	0.762700080871582	0.727131724357605	0.6068710088729858
If evil befalls him he is perturbed;	जि उसे तकलीफ़ पहुँचती है तो घबरा उठता है,	अर्थात् किसी हिंसक हानिकारक का संघर्ष में संघर्त्तिकरण के लाभ होते हैं।	0.6447278261184692	0.3638237416744232	0.34152552485466003
♪ BE FOREVER BOUND	♪हमेशाके लिएबाध्यहोने	बिलकुल सहा, बिलकुल नहीं लग सकती हाँ भी	0.6357278823852539	0.3165448009967804	0.20287711918354034
Trying to movemail a non-mbox source '%s'	एक गैर-mbox स्रोत '%s' में डाक भेजने की कोशिश	मैं %s से मेल कैसे बदल सकता हूँ?	0.6881949305534363	0.5152380466461182	0.4037344455718994
Image histogram adjust levels plugin for digiKam	डिज़ीकैम के लिए इमेज़ हिस्टोग्राम एडजस्ट लेवल्स प्लगइन	मूल्यों के लिए चिहने के स्ट्रेंड़ वाले प्लग्स डिज़िककम के लिए ह	0.762596845626831	0.4073709547519684	0.12041570246219635
She took every able-bodied man and went to kill the Forest Spirit.	- लेडी Eboshi कहां है? हर आदमी है जो स्थानांतरित कर सकता लिया और हिरण भगवान को मारने के लिए चला गया.	वह हर सक्षित व्यक्ति को जंगल का सैनिक तैयार कर लाया |	0.6721268892288208	0.4512023329734802	0.6423273086547852
My mother's from Sweden.	वो मेरी माँ है.	मेरी मातृविद् from स्वीडनर्स।	0.7059615254402161	0.35843297839164734	0.35893306136131287
Say: Shall I tell you what is better than these? For those who guard (against evil) are gardens with their Lord, beneath which rivers flow, to abide in them, and pure mates and Allah's pleasure; and Allah sees the servants.	(ऐ रसूल) उन लोगों से कह दो कि क्या मैं तुमको उन सब चीज़ों से बेहतर चीज़ बता दूं (अच्छा सुनो) जिन लोगों ने परहेज़गारी इख्तेयार की उनके लिए उनके परवरदिगार के यहॉ (बेहिश्त) के वह बाग़ात हैं जिनके नीचे नहरें जारी हैं (और वह) हमेशा उसमें रहेंगे और उसके अलावा उनके लिए साफ सुथरी बीवियॉ हैं और (सबसे बढ़कर) ख़ुदा की ख़ुशनूदी है और ख़ुदा (अपने) उन बन्दों को खूब देख रहा हे जो दुआऐं मॉगा करते हैं	जिस व्यक्ति के पास है वो, हो सकता है, चाहे वो.	0.6012323498725891	0.20892861485481262	0.14153903722763062
Is it cool like Phil's?	यह अच्छा है फिल की तरह है?	जी हाँ, फ़िल की तापमान इसी जैसा होता है।	0.7252779603004456	0.4784165024757385	0.5543293952941895
Whether the current stream is seekable	क्या मौजूदा स्ट्रीम seekable है	जी हाँ, वर्तमान प्रवाह में खोज्य होता है	0.7012015581130981	0.5782676339149475	0.5710666179656982
You let two unknown men enter this house uninvited.	आप दो अज्ञात पुरुषों इस घर बिन बुलाए दर्ज करें.	जिस्म में जो ऐसी है, उसे भी इस प्रकार में हो जाना चाहे |	0.6500124931335449	0.2737387716770172	0.1732534021139145
This whole situation is completely fucked.	यह पूरी स्थिति पूरी तरह से गड़बड़ है.	अरे भाई, इस पूरी स्थिति पूरी जैसी बुर्र हो गई है।	0.7764330506324768	0.4747158885002136	0.3109387457370758
Google Talk Home Name 3	गूगल टाक होम नाम 3	यह सामग्री का कॉपीराइट है	0.6304087042808533	0.40036922693252563	0.17271775007247925
All prisoners report for Lockdown.	सभी कैदी लॉकडाउन के लिए रिपोर्ट करो.	लॉकडाउन की लिमिटेड संस्कृति को सुनी दी गईी है।	0.7824581861495972	0.3890667259693146	0.29475831985473633
Did not the disbelievers observe that the heavens and the earth were together, so We parted them, and we made every living thing from water? So will they not accept faith?	जो लोग काफिर हो बैठे क्या उन लोगों ने इस बात पर ग़ौर नहीं किया कि आसमान और ज़मीन दोनों बस्ता (बन्द) थे तो हमने दोनों को शिगाफ़ता किया (खोल दिया) और हम ही ने जानदार चीज़ को पानी से पैदा किया इस पर भी ये लोग ईमान न लाएँगे	"नहीं दिए शिक्षित देखें कि heaven और earth एक साथ थीं, और वे अलग-अलग होते थीं।

सवारे:
Did not the disbelievers observe that the earth and the sky were different, and that was because of the presence of different elements?"	0.6281763911247253	0.24280348420143127	0.15684914588928223
Turn the siren off.	आप ठीक हो जाएगा रहे हैं, अरे नहीं;	साइनर को अंदर से बंद कर दें.	0.6731531620025635	0.3785537779331207	0.25798219442367554
Name:	नाम: Refresh every [NUMERIC_ENTRY] [TIME_UNITS_COMBO]	ID:	0.6158981323242188	0.3437255918979645	0.465728223323822
We should go to a hospital.	हम एक अस्पताल जाना चाहिए।	हमें हालात्म के पास ले जाना चाहे |	0.6957072615623474	0.43707743287086487	0.3503611981868744
Whoa! So... What is your...	तो तुम्हारी योजना क्या है?	जी! जी हो! कैसे हो? कैसे कर सकते हैं?	0.6956514716148376	0.49744775891304016	0.09489887952804565
I'm not going to drink it.	मैं इसे पीने के लिए नहीं जा रहा हूँ।	मैं नहीं पीता।	0.8159022927284241	0.6850993037223816	0.5910779237747192
Do they say: “He has forged a lie against Allah?” If Allah so wanted He could seal up your heart. Allah blots out falsehood and confirms the truth by His Words. He is well aware of all the secrets hidden in the breasts (of people).	क्या ये लोग (तुम्हारी निस्बत कहते हैं कि इस (रसूल) ने ख़ुदा पर झूठा बोहतान बाँधा है तो अगर (ऐसा) होता तो) ख़ुदा चाहता तो तुम्हारे दिल पर मोहर लगा देता (कि तुम बात ही न कर सकते) और ख़ुदा तो झूठ को नेस्तनाबूद और अपनी बातों से हक़ को साबित करता है वह यक़ीनी दिलों के राज़ से ख़ूब वाक़िफ है	बिल्कुल, ऐसी सूचना नहीं हो सकती कि: “है वे लोग अपनी बुद्धि को भले रखते ही अपने ज्ञन को भले रखते हूँ”.	0.6288600564002991	0.32117751240730286	0.2993256449699402
No, but I traded the BMW in for a Mercedes four fucking weeks ago, remember?	लेकिन मर्सिडीज़ के लिए उसका सौदा किया था। याद है चार हफ़्ते पहले।	आप नहीं कैंडाई, निर्माण के बारे में बोले तो?	0.6615012288093567	0.32040169835090637	0.23887479305267334
- No. Not here!	- यहाँ नहीं नहीं!	"सहिनाम त्यारा संग्राम:
-1. निम्न स्तर पर हो सकते हैं।"	0.6116897463798523	0.31580087542533875	0.15841270983219147
It shall insistently summon him who turned his back and retreated,	(और) उन लोगों को अपनी तरफ बुलाती होगी	"यह सुनने वाले को प्रलोभित करेगा, जो ताज़ार के दावे और अन्य जानकारी के खिलाफ जोर देगा, जो ताज़ार के दावे के लिए प्रलोभित होगे, लेकिन यह जोर देगा:

यह सुनने वाले को प्रलोभित करेगा, जो ताज़ार के दावे के लिए प्रलोभित होगे, लेकिन यह जोर देगा:

यह सुनने वाले को प्रलोभित करेगा, जो ताज़ार के दावे के लिए प्रलोभित होगे, लेकिन यह जोर देगा:

यह सुनने वाले को प्रलोभित करेगा, जो ताज़ार के दावे के लिए प्रलोभित होगे, लेकिन यह जोर देगा:

यह सुनने वाले को प्रलोभित"	0.5418721437454224	0.3339429199695587	0.012140799313783646
And we've gathered around for that.	और हम उसके लिए चारों ओर इकट्ठा किया है।	और हम सभी इका लेकर खड़े हुए हैं|	0.7594116926193237	0.6111595034599304	0.4962759017944336
MURPH:	MURPH:	"याद रखें:
कार:"	0.6668190360069275	0.4493018090724945	0.5545488595962524
And the mountains – how they have been established?	और पहाड़ों की तरफ़ कि किस तरह खड़े किए गए हैं	और पर्वतों के निर्माण के क्या तरीकों हैं?	0.755621075630188	0.6369934678077698	0.7492274045944214
Bold	गाढ़ा	कब	0.7342722415924072	0.40545138716697693	0.3271770775318146
And he is going to say the word that I have prepared for you.	और वह मैं आप के लिए तैयार किया है कि शब्द कहने जा रहा है.	और वे क्या वाक्यों का वाक्य होगा जिस जिसने मेरे लिखा हुआ था.	0.7255911827087402	0.4414503276348114	0.20918825268745422
Configure external packages	कॉन्फ़िगर संकुल	किसी भी जानकारी जोड़ने या जोड़ने के लिए प्राप्त करने वाले विद्युत प्रदाता वाहनों के प्रदात्र के लिए प्राप्त किया गया	0.6069594025611877	0.31305769085884094	0.050660304725170135
The bank, which declined to comment on the suspensions, confirmed this month that it has received requests for information from regulators.	बैंक ने निलम्बन के बारे में टिप्पणी करने से इन्कार करते हुए पुष्टि की है कि बैंक को इस महीने विनियामकों से सूचना के लिए अनुरोध प्राप्त हुआ है।	अन्य निविदमी के पात्र वाली बैंक ने स्थिति स्थापित की स्थिति स्थापित की स्थिति स्थापित की स्थिति स्थापित की स्थिति स्थापित की स्थिति स्थापित की स्थिति स्थापित की स्थिति स्थापित की स्थिति स्थापित की स्थिति स्थापित की स्थिति स्थापित की स्थिति स्थापित की स्थिति स्थापित की स्थिति स्थापित की स्थिति स्थापित की स्थिति स्थापित की स्थिति स्थापित की स्थिति स्थापित की स्थिति स्थापित की स्थिति स्थापित की स्थिति स्थापित की स्थिति स्थापित की स्थिति स्थापित की स्थिति स	0.5587286353111267	0.25721797347068787	0.13745376467704773
What! Do those who seek after evil ways think that We shall hold them equal with those who believe and do righteous deeds,- that equal will be their life and their death? Ill is the judgment that they make.	जो लोग बुरा काम किया करते हैं क्या वह ये समझते हैं कि हम उनको उन लोगों के बराबर कर देंगे जो ईमान लाए और अच्छे अच्छे काम भी करते रहे और उन सब का जीना मरना एक सा होगा ये लोग (क्या) बुरे हुक्म लगाते हैं	जो लोग दुश्मनों के तरीकों से आगे हैं वे लोगों के प्रति हैं कि उनके कार्यों से या कार्यों से नहीं लिखित होगा?	0.6886793971061707	0.3080931007862091	0.22915656864643097
Ignore him. He's senile.	ये तो सठीया गए हैं	जिस व्यक्ति का मूल्यlessness है उसे निपर्क्षित करें.	0.660804808139801	0.4255259931087494	0.3692593276500702
Failed to get the DN for user '%s'	DN को उपयोक्ता '%s' के लिए पाने में विफल	योग्यता के लिए डी.एन. के लिए अन्य जानकारी प्राप्त करने वाले संक्षेत्र के लिए अन्य जानकारी प्राप्त करने वाले संक्षेत्र के लिए अन्य जानकारी प्राप्त करने वाले संक्षेत्र के लिए अन्य जानकारी प्राप्त करने वाले संक्षेत्र के लिए अन्य जानकारी प्राप्त करने वाले संक्षेत्र के लिए अन्य जानकारी प्राप्त करने वाले संक्षेत्र के लिए अन्य जानकारी प्राप्त करने वाले संक्षेत्र के लिए अन्य जानकारी प्राप्त करने वाले संक्षेत्र के लिए अन्य जानकारी प्राप्त करने वाले संक्षेत्र के लिए अन्य जानकारी प्राप्त करने वाले संक्षेत्र के लिए	0.5963354110717773	0.2936289608478546	0.006645137444138527
Your names	EMAIL OF TRANSLATORS	यरसी	0.6624737977981567	0.39031609892845154	0.5166569948196411
translator-credits	राजेश रंजन (rajeshkajha@yahoo.com, rranjan@redhat.com)%d hit(s) on this page	इस टिप्पटियों के साथ कुछ नहीं हो सकते	0.5474745035171509	0.3133253753185272	0.1599351316690445
Worldly desires, wives, children, accumulated treasures of gold and silver, horses of noble breed, cattle, and farms are all made to seem attractive to men. All these are the bounties of the worldly life but in the life to come God has the best place for people to dwell.	मनुष्यों को चाहत की चीजों से प्रेम शोभायमान प्रतीत होता है कि वे स्त्रिमयाँ, बेटे, सोने-चाँदी के ढेर और निशान लगे (चुने हुए) घोड़े हैं और चौपाए और खेती। यह सब सांसारिक जीवन की सामग्री है और अल्लाह के पास ही अच्छा ठिकाना है	जैसा कि दुनिया में जीवित जीवन रहता है लेकिन भविष्य में उनके पालन-शिकार देखे जाता है।	0.6757342219352722	0.2856282889842987	0.19807961583137512
"And pray: ""O my Lord, let my entry be with honour, and let my exit be with honour, and grant me power from You which would help (sustain) me."""	"और कहो, ""मेरे रब! तू मुझे ख़ूबी के साथ दाख़िल कर और ख़ूबी के साथ निकाल, और अपनी ओर से मुझे सहायक शक्ति प्रदान कर।"""	जो मेरे पास होता तो मेरे पास होता तो मेरे लिए honour के साथ मेरी प्रवेश मेरे साथ मेरी Exit मेरे साथ मेरी स्थापना के साथ ही ये बातें मेरी लोकतम	0.6177542209625244	0.3112911880016327	0.16954030096530914
There are no songs to write to disc	डिस्क में लिखने के लिए कोई गीत नहीं है	No songs to write to disk	0.6700653433799744	0.40527623891830444	0.18368400633335114
An ordinary citizen writes about the rich culture of celebrating the Bangla New Year, Pahela Baishakh in Bangladesh.	एन आर्डिनेरी सिटिज़न ने बांग्लादेश में बांग्ला नववर्ष पोएला बोइशाख के पारंपरिक उत्सव और सांस्कृतिक धरोहर के बारे में पोस्ट लिखी है।	बड़ेज़ न्यू यर, पहेले बाइशाख in बांग्ला देश में सांस्कृतिक कैलेंडा देश में पूरी तरह से व्यापक है।	0.7066863775253296	0.5433856844902039	0.545087456703186
Can nothing be done? !	कुछ भी नहीं किया जा सकता है?	कोई नहीं भी किया नहीं कर सकता ?	0.8966407775878906	0.6392534375190735	0.4783961772918701
- You hit him with a bicycle pump?	- तुमने उसे एक साइकिल पंप से मारा?	नहीं।	0.6303879618644714	0.3327668607234955	0.1208520382642746
I worried they take you away from me.	मुझे लगता है वे मुझे से दूर ले चिंतित है.	मैं चिंतिता से उनके साथ साथ ही उनसे अपने होने के लिए निर्देशित हूँ।	0.7320995926856995	0.46571585536003113	0.36482566595077515
Y-you're gonna wear out the spring coil.	छल्लेदार स्प्रिंग घिस जाएगी।	ज़रूर यारा स्प्रिंग कोइल को ला सुन सकता है।	0.788260817527771	0.36821332573890686	0.10604073107242584
I don't know.	मैं नहीं जानता.	मैं जानत नहीं।	0.9224634766578674	0.9357156157493591	0.7778096199035645
Korean (_UHC)	कोरियाई (_UHC)	I cannot add, remove, or change any information.	0.585853099822998	0.3581870496273041	0.14313767850399017
No. You know what I'm gonna do for you?	नहीं, तुम्हें पता है मैं तुम्हारे लिए क्या कर रहा हूँ पता है क्या?	No. आप जानते हैं कि मैं क्या कर रहा हूँ?	0.7506666779518127	0.7278949618339539	0.5373392105102539
If you ask them, ‘Who created the heavens and the earth?’ they will surely say, ‘Allah.’ Say, ‘Have you considered what you invoke besides Allah? Should Allah desire some distress for me, can they remove the distress visited by Him? Or should He desire some mercy for me, can they withhold His mercy?’ Say, ‘Allah is sufficient for me. In Him let all the trusting put their trust.’	"यदि तुम उनसे पूछो कि ""आकाशों और धरती को किसने पैदा किया?"" को वे अवश्य कहेंगे, ""अल्लाह ने।"" कहो, ""तुम्हारा क्या विचार है? यदि अल्लाह मुझे कोई तकलीफ़ पहुँचानी चाहे तो क्या अल्लाह से हटकर जिनको तुम पुकारते हो वे उसकी पहुँचाई हुई तकलीफ़ को दूर कर सकते है? या वह मुझपर कोई दयालुता दर्शानी चाहे तो क्या वे उसकी दयालुता को रोक सकते है?"" कह दो, ""मेरे लिए अल्लाह काफ़ी है। भरोसा करनेवाले उसी पर भरोसा करते है।"""	अरे, यहाँ सुनना भी ठीक है।	0.607044517993927	0.2975325882434845	0.13131847977638245
"So when her husband saw his shirt torn from the back, he said, ""Indeed, it is of the women's plan. Indeed, your plan is great."	"फिर जब देखा कि उसका कुर्ता पीछे से फटा है तो उसने कहा, ""यह तुम स्त्रियों की चाल है। निश्चय ही तुम्हारी चाल बड़े ग़ज़ब की होती है"	तबीज़ के वीर्य से किये गए संकट को रोकने और स्थायी करणारे की बात होती कि वीर्य के संकट को रोकने और स्थायी करणारे की बात होती तबीज़ के वीर्य से किये गए संकट को रोकने और स्थायी करणारे की बात होती तबीज़ के वीर्य से किये गए संकट को रोकने और स्थायी करणारे की बात होती	0.5607514977455139	0.34343311190605164	0.17301933467388153
Show field i_n View	दृश्य में क्षेत्र दिखायें (_n)	अरे के क्या जानकारी देनी चाहे	0.691962718963623	0.3373449146747589	0.11390869319438934
Thanks. I think.	शुक्रिया, मेरे खयाल से।	Thanks.	0.6842174530029297	0.525314211845398	0.3296998143196106
Maybe the even the shroud itself, everything.	शायद यह भी कफन ही, सब कुछ.	जिस कुछ भी है, everything।	0.751816987991333	0.36054727435112	0.31044304370880127
I've seen pushing carts around army camps making grand claims about jars full of pig shit...	मैं सेना शिविरों के आसपास गाड़ियां धक्का देखा है सुअर गंदगी से भरा जार के बारे में भव्य दावा कर ...	जी हूँ, मैंने कार्टी कारी की थी Army की कैंपस से लोगों के जितने पूर्ण होते तो वे भी कार्टून कार्टून की थी...	0.6869856119155884	0.3155911862850189	0.17995019257068634
Add	जोड़ें	I don't	0.6089452505111694	0.3186873495578766	0.18557041883468628
As an example I have handed over my blog posting rights to a free speech	अपने ब्लॉग अंतर्राष्ट्रीय रिपोर्टरों और चिट्ठाकारों के सुपुर्द कर उन्हें जारी रखें।	अध्यक्षता के लिए मैं अपने लेखन स्वातंत्र्य के लिए भी हो सकती हूँ।	0.6821615099906921	0.360702782869339	0.24897445738315582
_Next	अगला (_N)	I'd be happy to help you with the English text.	0.5792781710624695	0.3590030372142792	0.20763438940048218
You are in Cape Canaveral and you are Head of Mission Control.	आप केप केनवरल में हैं और आप मिशन कंट्रोल के प्रमुख हैं.	आप केप सिनावेल और मिशन कंट्रोल के हेड होते हैं।	0.8428032994270325	0.8253157138824463	0.7707106471061707
It produces its fruit all the time, by permission of its Lord. And Allah presents examples for the people that perhaps they will be reminded.	अपने रब की अनुमति से वह हर समय अपना फल दे रहा हो। अल्लाह तो लोगों के लिए मिशालें पेश करता है, ताकि वे जाग्रत हों	मूल से हटे नहीं, छूटे नहीं, और बदल नहीं हो सकते कि जानकारी का संकेत होता और जिस व्यक्ति के लिए जानकारी होती तो उसे छुट्टे नहीं दिया गयु।	0.6524971127510071	0.3084897994995117	0.11633999645709991
All that is in the heavens and the earth glorify God. He is Majestic and All-wise.	जो जो चीज़ सारे आसमान व ज़मीन में है सब ख़ुदा की तसबीह करती है और वही ग़ालिब हिकमत वाला है	जिस चीज़ भी है आकाश और पृथ्वी ने पूजा करी ग्रह। वह पवित्र और सभ्य है।	0.7059766054153442	0.4613465964794159	0.4546217918395996
- It does not matter where she is.	- यह कोई फर्क नहीं पड़ता है जहाँ वह है।	सब कुछ जो सही है, वह सहमति के रूप में होता है।	0.7233414649963379	0.46185246109962463	0.5090059638023376
Reload current file	री-लोड फ़ाइल	रिम्पल current file	0.7034050226211548	0.5346677899360657	0.46086835861206055
Ignorance is not the same... as innocence.	अज्ञान में ही नहीं है ... मासूमियत के रूप में।	अनजारे से नहीं बल्कि सुदृढ़ से नहीं होता कि हो सकता कि गलत हो सकता कि यह सब स्पष्ट रूप से नहीं कहा जा सकता कि जो भी हो सकता कि वह सब सट्टी रूप से नहीं कहा जा सकता कि जो भी हो सकता कि वह सब स्पष्ट रूप से नहीं कहा जा सकता कि जो भी हो सकता कि वह सब सट्टी रूप से कहा जा सकता कि जो भी हो सकता कि वह सब स्पष्ट रूप से कहा जा सकता कि जो भी हो सकता कि वह सब सट्टी रूप से कहा जा सकता कि जो भी हो सकता कि वह सब स्पष्ट रूप से कहा जा सकता कि जो भी हो सकता कि वह सब सट्टी रूप से कहा जा सकता कि ज	0.5806372761726379	0.34863439202308655	0.05834156274795532
Proceed	आगे बढ़ें	प्रक्रिया	0.7226732969284058	0.5545310974121094	0.5862101316452026
But to your Lord is the return.	निश्चय ही तुम्हारे रब ही की ओर पलटना है	लेकिन तुम्हारे पास में है	0.7772799730300903	0.3686666786670685	0.1800103634595871
- Did you file the football yet?	- अगर आप अभी तक फुटबॉल दायर की थी?	- क्या तू फ़िटबुल्ट इंटरीमिनेट बॉल League के बारे में ख्याली है?	0.7300663590431213	0.5242459774017334	0.37782347202301025
Clock	घड़ीName	स्टेशन	0.686407744884491	0.5119998455047607	0.5635162591934204
Dumpling Squad!	डंपलिंग दल!	कुछ खाने से खिलौना!	0.7146205306053162	0.34900084137916565	0.09389957785606384
And say: We (now) believe therein. But how can they reach (faith) from afar off,	"और कहेंगे, ""हम उसपर ईमान ले आए।"" हालाँकि उनके लिए कहाँ सम्भव है कि इतने दूरस्थ स्थान से उसको पास सकें"	जो भी कहे वह सही है और यह ज्ञान के प्रतिष्ठान है।	0.66532963514328	0.430047869682312	0.44530588388442993
Yahoo! Japan	Yahoo! Japan	यू. जापान	0.7156328558921814	0.5113199949264526	0.5444024801254272
SciDev.Net's conference blog reports that:	नेट के सम्मेलन ब्लॉग ने रपट दी:	"विषय:
Science-Dev.Net का समाचार-निर्देशन तार्किक-विष्णित और ईथरिक विष्णित के रूप में होते हैं।"	0.6470082402229309	0.4546496570110321	0.36771273612976074
_Contents	विषय सूची (_C)	Contents	0.734028160572052	0.595582902431488	0.3045637011528015
WITH THAT, THEY COULD PUT HIM AT THE JOB.	उस के साथ, वे काम पर उसे डाल सकता है.	यह सुनना भी ठीक नहीं होगी कि वे उन्हें काम पर रखेंगे इसका कोई अंतर नहीं होगा कि वे कुछ भी नहीं करेंगे।	0.7143903970718384	0.4284454882144928	0.4059012532234192
Attachment Reminder	संलग्नक स्मारक	अतिरिक्त की प्रतीक्षा करें	0.6873037815093994	0.4935953915119171	0.5052964687347412
What rifles? You got a Chink with a sword and a buncha juggling idiots.	आप एक तलवार और जादू बेवकूफों का एक गुच्छा के साथ एक झनझन मिला.	जो राइफल है वो चिंग के सिर पर है।	0.7125737071037292	0.3515428602695465	0.34977075457572937
He will send down abundant rain from the sky for you,	(और) तुम पर आसमान से मूसलाधार पानी बरसाएगा	जिसे जा रहे हैं, ने आपको विस्तार और प्रासन से सारा पानी आपसे प्राप्त किया जाएगा।	0.7057483792304993	0.36056193709373474	0.19801852107048035
There are no songs to write to disc	डिस्क में लिखने के लिए कोई गीत नहीं है	No songs to write to disk	0.6700653433799744	0.40527623891830444	0.18368400633335114
I've tried thinking and reading about all sorts of different things.	मैंने बहुत-सी चीज़ों के बारे में सोचने और पढ़ने की कोशिश की है.	मैंने सोचा और की बात की कुछ सारी की हो पाई हैं।	0.7474588751792908	0.3536394238471985	0.11534632742404938
The event could not be deleted due to an error: %s	एक त्रुटि के कारण कार्यक्रम विलोपित नहीं किया जा सका: %s	अर्जित नहीं किया जा सकता क्यों?	0.7192059755325317	0.45374247431755066	0.47212710976600647
The past three have seen hundreds of new blogs and forums.	पिछले तीन वर्षों में सैकड़ों नए ब्लॉग और फ़ोरम बने हैं.	बहुत सारे हालियाँ ब्लॉग और फ़ोर्म के स्थापना और संचालन में हैं।	0.8011423349380493	0.5497748851776123	0.4014737606048584
The door was open, and he saw this crazy woman in the bathtub.	दरवाजा खुला था, और उसने बाथ टब में उस पागल औरत को देखा.	दीवार खुली थी और वह ने से इस व्यक्ति से जो देखा थी वह देखी थी किसी की bathtub में एक crazy woman थी।	0.747671902179718	0.4103919565677643	0.32453453540802
You're late, pretty boy.	तुम देर से, सुंदर लड़के हैं.	अरे लेट, प्रोडस्टर।	0.6620417237281799	0.3759663701057434	0.5006877183914185
And I don't want to work with you.	और मैं तुम्हारे साथ काम करने के लिए नहीं करना चाहती.	मैं आपके काम से दूर हूँ।	0.7622141242027283	0.4983520805835724	0.5129430890083313
Battery at warning level	बैटरी चेतावनी स्तर पर हैComment	सावधान स्तर पर अलार्म का संकेत	0.7437263131141663	0.5794163346290588	0.5748242139816284
Let me hear a massive cheer for getting Climate Camp 2009 started!	मुझे ज़ोर से हर्षध्वनी सुनाई देनी चाहिए, क्लाइमेट कैम्प 2009 को आरम्भ करने के लिए	मुझे क्लाइम्स कैंप 2009 के लिए massive cheer!	0.7571002840995789	0.46268418431282043	0.504923939704895
_Image	छवि (_I)	-	0.6496946811676025	0.6047297120094299	0.14088775217533112
Open the selected image with a different application	चयनित छवि भिन्न अनुप्रयोग से खोलें	प selected image के लिए एक अलग एप्लिकेशन के साथ क्या हो सकता है	0.6892529129981995	0.3897351026535034	0.19709353148937225
Your creation and your upraising are as but as a single soul. God is All-hearing, All-seeing.	तुम सबका पैदा करना और फिर (मरने के बाद) जिला उठाना एक शख्स के (पैदा करने और जिला उठाने के) बराबर है बेशक ख़ुदा (तुम सब की) सुनता और सब कुछ देख रहा है	अरे, यरना का राजा एक एकल सेल सी होता है. और स्वर्ग के स्वर्ग के स्वर्ग का स्वर्ग का स्वर्ग का स्वर्ग का स्वर्ग का स्वर्ग का स्वर्ग का स्वर्ग का स्वर्ग का स्वर्ग का स्वर्ग का स्वर्ग का स्वर्ग का स्वर्ग का स्वर्ग का स्वर्ग का स्वर्ग का स्वर्ग का स्वर्ग का स्वर्ग का स्वर्ग का स्वर्ग का स्वर्ग का स्वर्ग का स्वर्ग का स्वर्ग का स्वर्ग का स्वर्ग का स्वर्ग का स्वर्ग का स्वर्ग का स्वर्ग का स्वर्ग का स्वर्ग का स्वर्ग का स्वर्ग का स्वर्ग का स्वर्ग का स्वर्ग का स्वर्ग का स्वर्ग का स्वर्ग का स्वर्ग का स्वर्ग का स	0.5692803859710693	0.2435711771249771	0.03575108200311661
"""And O my people! I fear for you a Day when there will be Mutual calling (and wailing),-"	और ऐ मेरी क़ौम के लोगो! मुझे तुम्हारे बारे में चीख़-पुकार के दिन का भय है,	जी! और ओ मेरी लोग! मुझे चिंता है कि एक दिन में साथ ही शांति, साहित्य, और जीवंतता के प्रतिविध के लिए डरंट हो सकते हैं।	0.7166008353233337	0.3482908308506012	0.3021332025527954
If Hasan Khan's security has been compromised, then it is a very serious matter.	अगर हसन खान की सुरक्षा के साथ समझौता किया गया है तो यह बहुत गंभीर बात है।	यदि हासन की सुरक्षा कम कर दी है, तो यह बहुत गंभीर होगी।	0.7797579765319824	0.5974375605583191	0.610001802444458
He said: Lo! I fain would marry thee to one of these two daughters of mine on condition that thou hirest thyself to me for (the term of) eight pilgrimages. Then if thou completest ten it will be of thine own accord, for I would not make it hard for thee. Allah willing, thou wilt find me of the righteous.	(और इनमें दोनों बातें पायी जाती हैं तब) शुएब ने कहा मै चाहता हूँ कि अपनी दोनों लड़कियों में से एक के साथ तुम्हारा इस (महर) पर निकाह कर दूँ कि तुम आठ बरस तक मेरी नौकरी करो और अगर तुम दस बरस पूरे कर दो तो तुम्हारा एहसान और मै तुम पर मेहनत मशक्क़त भी डालना नही चाहता और तुम मुझे इन्शा अल्लाह नेको कार आदमी पाओगे	यह कहें: वे कहें: लो! मैं फैन थीं कि मैं थीं कि मैं उस दूसरे के पुत्र को पाँच पिल्ले के लिए (शहरत के प्रतिमान के लिए) मैं थीं (शहरत के प्रतिमान के लिए)	0.6386056542396545	0.2982989549636841	0.11594510078430176
You got paint on you.	तुम्हारे रंग लग गया है.	आपे पेंट आ पान टू है.	0.7277810573577881	0.36694326996803284	0.22456367313861847
Hello, my name is Dick Hallorann.	नमस्ते, मेरा नाम डिक हैलोरन है.	डिक हॉलर्न.	0.7342705726623535	0.5044231414794922	0.3436472415924072
We are the best Knower of that which they say, and thou art not over them over them tyrant. Wherefore admonish thou by the Qur'an him who feareth My threat.	हम जानते है जो कुछ वे कहते है, तुम उनपर कोई ज़बरदस्ती करनेवाले तो हो नहीं। अतः तुम क़ुरआन के द्वारा उसे नसीहत करो जो हमारी चेतावनी से डरे	अरे, यह कहा कि तुम्हारा प्रति तुम्हारा तो राजा है। जहां राजा अपनी राजा के प्रति के प्रति के राजकारी हैं।	0.6934042572975159	0.30350279808044434	0.2146867960691452
Bhairava!	भैरवा!	यह!	0.8563798666000366	0.6291046738624573	0.46241676807403564
If my dad could see me now...	यदि मेरे पिता अब मुझे देख सकता था...	अगरा के पापा के पास मैं अब हूँ...	0.761294960975647	0.5683022141456604	0.4043625593185425
Tet's offline in 15 minutes.	15मिनटमेंTet केऑफ़लाइन	15 मिनट में टेट्स ऑनलाइन हों।	0.7080268859863281	0.6689593195915222	0.6483546495437622
..that we're going to be blessed with a girl instead of useless boys.	..that हम बेकार लड़के के बजाय एक लड़की के साथ धन्य हो जा रहे हैं।	अरे |	0.6356953978538513	0.2761954367160797	0.05875217914581299
Add	जोड़ें (d)	I don't	0.5576127171516418	0.36457177996635437	0.2400803416967392
L have your child.	मैं अपने बच्चे है.	आपके बच्चे को ले लिया है।	0.8279237747192383	0.4973694384098053	0.5267528295516968
Tweedledee and Tweedledum went out the door, and in came Tweedle Dumb and Dumber.	दोनों नाकारा लोगों को दरवाज़ा दिखाया गया... और आए दो और नाकारा लोग।	"विषय:
ट्वीड्डलूम के हाथ से ट्वीड्डलूम का हो सकता है."	0.670435905456543	0.263776570558548	0.12464699149131775
And glorify His Praises morning and afternoon [the early morning (Fajr) and 'Asr prayers].	और प्रातःकाल और सन्ध्या समय उसकी तसबीह करते रहो -	और शिव की प्रayers रोजें और रातें हैं [जो फजर और 'Asr रातें हैं जो प्रहर के दौरान होते हैं।]	0.6550858020782471	0.3327180743217468	0.0766221135854721
2O million pounds.	2O लाख पाउंड.	2ओ.एम.	0.6737067103385925	0.42676401138305664	0.23648424446582794
Exaltations be to the Lord of the heavens and the earth, the Lord of the Throne, above that which they describe'	"आकाशों और धरती का रब, सिंहासन का स्वामी, उससे महान और उच्च है जो वे बयान करते है।"""	जीवांजिति के प्रति भगवान्, भगवान्, पूर्व के भगवान्, सुपराविद्'	0.6664847135543823	0.39104074239730835	0.15397879481315613
- You need a time-out!	- तुम्हें अकेले रहना चाहिए!	यह स्पष्ट है कि जड़ाई सही मूल्य देती है कि व्यक्ति को समय की पेशकश करने के लिए प्रोत्साहन देती है कि व्यक्ति को आराम और शांति देने के लिए प्रोत्साहन देती है	0.6261798143386841	0.35760298371315	0.09195379912853241
%s (%s)	%s (%s)	यह सट्टी सीटी डेमेजर सीटी होगा।	0.6543114185333252	0.36166006326675415	0.2587292194366455
I have been expecting you Captain. Perhaps you would like some tea.	मैं तुम्हारे लिए इंतजार कर रहा था कप्तान- शायद आपको कुछ चाय पसंद है?	कोई भी जानकारी जोड़ या छोड़ कर सकते हैं।	0.6552692651748657	0.35749390721321106	0.17766588926315308
Allah and His angels praise and venerate the Prophet. Believers, praise and venerate him and pronounce peace upon him in abundance.	इसमें भी शक नहीं कि खुदा और उसके फरिश्ते पैग़म्बर (और उनकी आल) पर दुरूद भेजते हैं तो ऐ ईमानदारों तुम भी दुरूद भेजते रहो और बराबर सलाम करते रहो	जिस्म में मिले पाएंगे वे पूरी होंगी; जिस्म में मिले पाएंगे वे पूरी होंगी; जिस्म में मिले पाएंगे वे पूरी होंगी; जिस्म में मिले पाएंगे वे पूरी होंगी;	0.5232251882553101	0.2721920311450958	0.12416058778762817
No, I'm in the middle of something.	नहीं, मैं कुछ के बीच में हूँ.	अरे, मैं मध्य स्थान में हूँ।	0.8559626936912537	0.7090724110603333	0.6059477925300598
The action, 16th of December, where NGOs and small nations and countries, all sorts of people from inside the conference...	16 दिसम्बर की कार्यवाही जिसमें एन. जी.	जिस कार्य, 16th दिसंबर के उस समय, वाक्य, वाक्य, वाक्य, वाक्य, वाक्य, वाक्य, वाक्य, वाक्य, वाक्य, वाक्य, वाक्य, वाक्य, वाक्य, वाक्य, वाक्य, वाक्य, वाक्य, वाक्य, वाक्य, वाक्य, वाक्य, वाक्य, वाक्य, वाक्य, वाक्य, वाक्य, वाक्य, वाक्य, वाक्य, वाक्य, वाक्य, वाक्य, वाक्य, वाक्य, वाक्य, वाक्य, वाक्य, वाक्य, वाक्य, वाक्य, वाक्य, वाक्य, वाक्य, वाक्य, वाक्य, वाक्य, वाक्य, वाक्य, वाक्य, वाक्य, वाक्य, वाक्य, वाक्य, वाक्य, वाक्य, वाक्य, वाक्य, वाक्य, वाक्य, वाक्य	0.538170337677002	0.3111017644405365	0.1455998569726944
After that, surely, you will die.	फिर तुम अवश्य मरनेवाले हो	अन्य किस्मी होगा।	0.6667810082435608	0.4006268084049225	0.3697595000267029
[man speaking native language]	[पुरुष अपनी मातृभाषा में बोल रहा है]	जिस व्यक्ति के पास मौजूद है, वह मूल संस्कृत के प्रतिबिंबित है।	0.7018948793411255	0.42171162366867065	0.41681969165802
#As the earth turns and the summer's all gone#	# दिखाएँ # पर चला जाता है पृथ्वी बदल जाता है और गर्मियों के सभी # रूप में चला गया	जैसे पृथ्वी भूमि पर भूमिका कर रही है और अब सबका सुनन-सुनना प्राप्त कर सकता है#As the earth turns and the summer's all gone#	0.6569926738739014	0.439053475856781	0.15706846117973328
Do they wait for any thing but the Hour (of change), that it may come upon them suddenly? Its signs have already appeared. How then will they be warned when it has come upon them?	तो क्या ये लोग बस क़यामत ही के मुनतज़िर हैं कि उन पर एक बारगी आ जाए तो उसकी निशानियाँ आ चुकी हैं तो जिस वक्त क़यामत उन (के सर) पर आ पहुँचेगी फिर उन्हें नसीहत कहाँ मुफीद हो सकती है	"नहीं के के के के के के के के के के के के के के के के के के के के के के के के के के के के के के के के के के के के के के के के के के के के के के के के के के के के के के के के के के के के के के के के के के के के के के के के के के के के के के के के के के के के के के के के के के के के के के के के के के के के के के के के के के के के के के कैवारियाई

*   रूस
*   चीन
*   कैवारियाई"	0.5029220581054688	0.1573133021593094	0.04318247735500336
"""In rhapsody that day As a whiplash today"""	"""धुन में उस दिन एक चोट आज के रूप में"""	"जिस दिन उस समय रिहाड़ी की सुन रिहाड़ी की सिनेमात्री आज की है"""	0.7283980250358582	0.3698924481868744	0.23023812472820282
Start date invalid.	आरंभिक तारीख अवैध है.	स्टार्ट डेट विलिबल.	0.632672131061554	0.4204193949699402	0.41576194763183594
"William Long posted some spoofing videos produced by Google and Baidu, in which, Google called Baidu ""hundred poisons"" and Baidu mocked google as a foreign / alien company (zh)."	"विलियम लाँग ने गूगल और बायडू द्वारा निर्मित कुछ पैरोडी विडियो पोस्ट किये हैं जिनमें गूगल ने बायडू को ""हंड्रेड पॉयज़न"" यानि ज़हरीला पुकारा तो बायडू ने गूगल को विदेशी बाहरी कंपनी कह कर चिढ़ाया।"	"मूल्य:
विलियम लॉन्ग ने कुछ स्पोइंग वीडियो जो गूगल और बaidu दे चुके"	0.7081905007362366	0.3717518150806427	0.24409367144107819
It's not a rat!	यह एक चूहा नहीं है!	अरे!	0.7555968165397644	0.4472335875034332	0.16810832917690277
Unicode (UTF-3_2 LE)	यूनिकोड (UTF-3_2 LE)	अन्य (यू.टी.फ.3.2. L.))	0.705406665802002	0.5034739971160889	0.2907734215259552
I left the apartment this morning so mad.	मैं आज सुबह तो पागल घर छोड़ दिया.	मैं कुछ समय के लिए कक्ष की स्थापना की थी।	0.7694281935691833	0.33498623967170715	0.3877452611923218
It is Allah Who made out of the things He created, some things to give you shade; of the hills He made some for your shelter; He made you garments to protect you from heat, and coats of mail to protect you from your (mutual) violence. Thus does He complete His favours on you, that ye may bow to His Will (in Islam).	और अल्लाह ने तुम्हारे लिए अपनी पैदा की हुई चीज़ों से छाँवों का प्रबन्ध किया और पहाड़ो में तुम्हारे लिए छिपने के स्थान बनाए और तुम्हें लिबास दिए जो गर्मी से बचाते है और कुछ अन्य वस्त्र भी दिए जो तुम्हारी लड़ाई में तुम्हारे लिए बचाव का काम करते है। इस प्रकार वह तुमपर अपनी नेमत पूरी करता है, ताकि तुम आज्ञाकारी बनो	यह अल्लाह जिसने आपको शादी दिलाई है, वह अपनी favours आपको लगे साथ दे रहे हैं। हाल ही तो अल्लाह जो ने आपको मौली की शादी दिलाई है, वह अपनी favours आपको लगे साथ दे रहे हैं।	0.6418240070343018	0.2996358573436737	0.25662532448768616
CSV Import Filter for KSpread	केस्प्रेड के लिए सीएसवी आयात फ़िल्टरName	मूल्यों को KSpread में फ़िल्टर करने के लिए नहीं उपयोग के लिए निर्नमय वाले व्यूज़ के प्रयोग के लिए निर्नमय वाले नहीं होते	0.6903740167617798	0.35480552911758423	0.11693815886974335
To this he himself shall bear witness.	और निश्चय ही वह स्वयं इसपर गवाह है!	जिसे स्वयं का प्रमाण होगा।	0.7135635614395142	0.5299846529960632	0.5132957696914673
Say, “Who is it who will shield you from God, if He intends adversity for you, or intends mercy for you?” Besides God, they will find for themselves neither friend nor helper.	(ऐ रसूल) तुम उनसे कह दो कि अगर खुदा तुम्हारे साथ बुराई का इरादा कर बैठे तो तुम्हें उसके (अज़ाब) से कौन ऐसा है जो बचाए या भलाई ही करना चाहे (तो कौन रोक सकता है) और ये लोग खुदा के सिवा न तो किसी को अपना सरपरस्त पाएँगे और न मद्दगार	जो कोई भी गोद पर आपसे God की रक्षा करेगा, अगर गोद का इरादा है दुःख के लिए, या इरादा है दयालुता के लिए।	0.6774675846099854	0.3458389639854431	0.3324454426765442
How does a tiger get in the bathroom?	कैसे एक शेर में प्राप्त करता है बाथरूम?	जैसे एक तिगर जाती है?	0.7595915794372559	0.3635978102684021	0.4197690784931183
“%s” Properties	“%s” गुण	%s Properties	0.7929407358169556	0.7037843465805054	0.4897426962852478
Is a watchtower.	यह गुम्मट है.	यह सुनने की क्षमता है।	0.7336927056312561	0.47989287972450256	0.49395841360092163
If only he could have given me a child.	काश वह मुझे एक बच्चा दिया होता.	अरे, लेकिन किसी का प्रतिवादी नहीं हो सकता।	0.7003322839736938	0.27806439995765686	0.12030358612537384
My son, be steadfast in prayer. Make others do good. Prevent them from doing evil. Be patient in hardship. Patience comes from faith and determination.	"""ऐ मेरे बेटे! नमाज़ का आयोजन कर और भलाई का हुक्म दे और बुराई से रोक और जो मुसीबत भी तुझपर पड़े उसपर धैर्य से काम ले। निस्संदेह ये उन कामों में से है जो अनिवार्य और ढृढसंकल्प के काम है"	मेरे बच्चे, अपने पfaith में रहें और दूसरों के दुख को दूर करें और दूसरों के बुरी को दूर करें और निरंतर रहें.	0.6915549635887146	0.3613322377204895	0.29798924922943115
Shut up, Alan.	/ अच्छा है. वह सिर्फ भूखा था.	अरे, अलान!	0.6903789043426514	0.3917783200740814	0.36994636058807373
We made our pledge to the Führer.	हमने फ्यूरर के लिए प्रतिज्ञा ली है.	जिस्म में हमने अपना वचन लिया है, उसमें से हमने भी अपना वचन लिया है और उसी में से हमने भी अपना वचन लिखा है।	0.6887333393096924	0.37298130989074707	0.20907653868198395
_Save Draft	मसौदा सहेजें (_S)	यह सही है	0.670632004737854	0.4790476858615875	0.3522636294364929
Size	आकार	बड़ी-बड़ी	0.6147761344909668	0.5588997006416321	0.5991547703742981
General	सामान्य	जैसा कि	0.7369709014892578	0.5498424172401428	0.34357282519340515
We're on our way to the basement.	हम हमारे तहखाने की तरफ जा रहे हैं.	सबस तो एक जैसी है।	0.67686527967453	0.40244540572166443	0.3161822557449341
The packed out venue last night attests to this, as does the fact that finalists and interested parties flew in from around the country to be there.	भीड़ से सराबोर समारोह स्थल तथा देश भर से आए हुए अंतिम दौर के प्रतिभागी व इसमें रुचि रखने वाले चिट्ठाकार इस बात के गवाह हैं.	कुछ और नहीं किया जा सकता है, हटा सकता है, और पूरी जानकारी से पूरी हो सकती है।	0.6047363877296448	0.2959802448749542	0.2964158058166504
And they forgive you because you make them proud of themselves.	और आप खुद के बारे में उन्हें गर्व करते हैं क्योंकि वे तुम्हें माफ.	और वे तुम्हें अपनी प्रजाति का राजा हुआ हैं।	0.7703551054000854	0.3784051835536957	0.21529118716716766
These grapes are so sour that I can't eat them.	ये अंगूर इतने खट्टे हैं कि मुझसे खाए नहीं जा रहे।	ये चेरबी के पानी से बहुत घटित हुआ है कि मैं इन्हें नहीं खाऊँ।	0.7810324430465698	0.40424737334251404	0.4071875214576721
Two suits for dry-clean and a bag of whatnot.	- दो सूट ड्राई-क्लीन के लिए और जो-सो का एक बैग. - हां, महोदय.	ड्यू क्लाइन और साइर के साथ-साथ कुछ नह्ट्स।	0.7332889437675476	0.38435161113739014	0.5360368490219116
In that old rust bucket of yours?	तुम मेरे लिए रक्षा चलाने वाला आदमी है जो कर रहे हैं?	अरे?	0.6963462829589844	0.289906769990921	0.07532447576522827
God shall surely admit those who believe and do righteous deeds into gardens underneath which rivers flow. As for the unbelievers, they take their enjoyment and eat as cattle eat; and the Fire shall be their lodging.	निश्चय ही अल्लाह उन लोगों को जो ईमान लाए और उन्होंने अच्छे कर्म किए ऐसे बागों में दाख़िल करेगा जिनके नीचे नहरें बह रही होंगी। रहे वे लोग जिन्होंने इनकार किया, वे कुछ दिनों का सुख भोग रहे है और खा रहे है, जिसे चौपाए खाते है। और आग उनका ठिकाना है	जो लोग ईसा पूर्ण व्यक्ति हैं, उन्होंने सहजता के रूप में righteous deeds की स्थापना की ताकियों को प्रदान की ताकियों के रूप में ईसा पूर्ण व्यक्ति हैं।	0.6592085361480713	0.2636604607105255	0.28643369674682617
What's happened?	क्या हुआ?	जो हुआ?	0.9175333976745605	0.9657869935035706	0.8251558542251587
- ( gunshot )	- (गोली)	यह शॉट गोला बुलेट प्रत्युक्ति के लिए है।	0.6473583579063416	0.3465203046798706	0.16937007009983063
_Save Draft	मसौदा सहेजें (_S)	यह सही है	0.670632004737854	0.4790476858615875	0.3522636294364929
Yes, but now you are the problem.	हाँ, लेकिन अब आप समस्या हैं .	इस सारे जानकारी के लिए, मैं यहाँ से भी बात नहीं कह सकती।	0.6892472505569458	0.3750970661640167	0.3114158809185028
Your emails	raviratlami@ aol. in	आपके ईमेल	0.5827445983886719	0.4576343595981598	0.7083840370178223
"(Muhammad), tell him, ""He who gave them life in the first place will bring them back to life again. He has the best knowledge of all creatures."	"कह दो, ""उनमें वही जाल डालेगा जिसने उनको पहली बार पैदा किया। वह तो प्रत्येक संसृति को भली-भाँति जानता है"	मुहम्मद) से, डॉक्टर को क्या बताया? वे दोनेेँ चार्ज़ के ज्ञन के साथ-साथ प्रेरित भी होते हैं।	0.6518155336380005	0.39393118023872375	0.1024046540260315
♪ I've always held on to ♪	♪ मैं हमेशा पर आयोजित है ♪	प्रेस I've always held on to ♪	0.6233463287353516	0.35953474044799805	0.45686763525009155
Formatting disc	डिस्क संरूपित कर रहा है	रूपात्मक बनें	0.7284163236618042	0.47986987233161926	0.25659874081611633
Hello?	हैलो?	जो कि हैलो?	0.9090867042541504	0.9012066125869751	0.6387295722961426
Yeah.	हाँ.	जी हुआ।	0.8034669160842896	0.726426362991333	0.6057747602462769
What happened when you attacked here?	- आप एक पाते हैं?	जैसे हुआ थी यह स्थान पर हमला किया?	0.7025277018547058	0.44116508960723877	0.40359920263290405
Text	पाठ	यहाँ कुछ जानकारी दी जाएगी।	0.6096402406692505	0.48312821984291077	0.5685129165649414
Luckily, I had a soft landing.	सौभाग्य से, मैं एक नरम लैंडिंग था.	सुखी स्थान पर मैंने गिरना हुआ था।	0.7526729106903076	0.3620409071445465	0.4381648302078247
Do you--do you know what this is?	आप क्या - क्या तुम यह क्या है जानते हो?	जी--जी आपको जानते हैं कि इस पास है?	0.7843666076660156	0.5355347394943237	0.2612192928791046
And We gave to Dawood Sulaiman, most excellent the servant! Surely he was frequent in returning (to Allah).	और हमने दाऊद को सुलैमान प्रदान किया। वह कितना अच्छा बन्दा था! निश्चय ही वह बहुत ही रुजू रहनेवाला था।	अरे, और हमने देवो को सुलामान के सबसे अच्छे सहायक हो! शायद वह हमेशा से सreturning (या स्वीकार्य) होते व रिटरन (या स्वीकार्य) होते है देवो के सुलामान के सबसे अच्छे सहायक होते होते |	0.673992395401001	0.3260810077190399	0.10570076107978821
Get the deal closed.	सौदा बंद करें.	दिल से हस्त बने डॉक्टर की पीठ पर किसी का डॉक्टर का कार्य के लिए परिभाषित है।	0.6744709014892578	0.23986712098121643	0.07146789878606796
_Edit	संपादन (_E)	मैं नहीं कह सकता कि!?	0.6311811208724976	0.3679819107055664	0.2542436420917511
Jayashree Govindarajan, Mumbai shares some of the traditional recipes.	जयश्री गोविंदराजन, मुम्बई कुछ पारंपरिक रसोई के नुसखों को सभी से साझा कर रही हैं.	जयशर्षि गोविंदार्जन, मुंबई के कुछ पारंपरिक खाने हैं।	0.785893440246582	0.4935503304004669	0.35859668254852295
(Pagans) has your Lord given you preference over Himself by granting you sons and taking the angels as His own daughters? What you say is a monstrous utterance.	(ऐ मुशरेकीन मक्का) क्या तुम्हारे परवरदिगार ने तुम्हें चुन चुन कर बेटे दिए हैं और खुद बेटियाँ ली हैं (यानि) फरिश्ते इसमें शक़ नहीं कि बड़ी (सख्त) बात कहते हो	जापान के	0.5770481824874878	0.21657410264015198	0.1590668112039566
Couple hours later, you walk into some type of double cross.	युगल घंटे बाद, आप डबल क्रॉस के कुछ प्रकार में चल .	दो के दूसरे में तो पूरी तरह से गलत है।	0.6891255974769592	0.34105780720710754	0.1878073513507843
Hermann, these are human beings.	हरमन, ये इंसान हैं.	यह हेमर, ये दुनिया में साहित्य के प्रतिष्ठित व्यक्ति हैं |	0.7190166711807251	0.5120084881782532	0.43177759647369385
_Restart Evolution after restore	पुनर्भंडारण के लिए एवोल्यूशन फिर शुरू करें (_R)	"Restoration of the Earth's climate after the Ice Age would be beneficial.
But, do not add, remove, or change any information."	0.6178929805755615	0.3754240572452545	0.18009966611862183
Those [believers] who responded to Allah and the Messenger after injury had struck them. For those who did good among them and feared Allah is a great reward -	निहाल हो रहे हैं (जंगे ओहद में) जिन लोगों ने जख्म खाने के बाद भी ख़ुदा और रसूल का कहना माना उनमें से जिन लोगों ने नेकी और परहेज़गारी की (सब के लिये नहीं सिर्फ) उनके लिये बड़ा सवाब है	जो लोग Allah और मessenger के प्रति होते हैं, उन्होंने प्रति के प्रति प्रति के प्रति प्रति प्रतु होते हैं और जो लोग सुखद गति में होते हैं वे लोग होते हैं जो लोग सुखद गति में होते हैं वे लोग होते हैं जो लोग सुखद गति में होते हैं वे लोग होते हैं जो लोग सुखद गति में होते हैं वे लोग होते हैं जो लोग सुखद गति में होते हैं वे लोग होते हैं जो लोग सुखद गति में होते हैं वे लोग होते हैं जो लोग सुखद गति में होते हैं वे लोग होते हैं जो लोग सुखद गति में होते हैं वे लोग होते हैं जो लोग स	0.593774139881134	0.3208921253681183	0.07136502116918564
Do you not know that Allah knows what is in the heaven and the earth? Surely this is in a book; surely this is easy to Allah.	क्या तुम्हें नहीं मालूम कि अल्लाह जानता है जो कुछ आकाश और धरती मैं हैं? निश्चय ही वह (लोगों का कर्म) एक किताब में अंकित है। निस्संदेह वह (फ़ैसला करना) अल्लाह के लिए अत्यन्त सरल है	ज़रूर नहीं, नहीं जानते हैं कि अल्लाह जो जो पूरा earth और heaven के लिए अच्छाई है, यह सब साधी गुण में है।	0.7049939632415771	0.3723517656326294	0.2554640471935272
And indeed the news which had a lot of deterrence, came to them.	उनके पास अतीत को ऐसी खबरें आ चुकी है, जिनमें ताड़ना अर्थात पूर्णतः तत्वदर्शीता है।	जैसा कि बहुत सारे निर्णयों ने बहुत सारी निर्णयों की रूपरूप में आई थीं	0.6242981553077698	0.35058027505874634	0.2492779791355133
We just made a point.	हमने केवल एक बात कही.	जैसा कि इसका अर्थ था।	0.6866768598556519	0.5090925097465515	0.5147676467895508
Say, “Come, let me tell you what your Lord has forbidden you: that you associate nothing with Him; that you honor your parents; that you do not kill your children because of poverty—We provide for you and for them; that you do not come near indecencies, whether outward or inward; and that you do not kill the soul which God has sanctified—except in the course of justice. All this He has enjoined upon you, so that you may understand.”	(ऐ रसूल) तुम उनसे कहो कि (बेबस) आओ जो चीज़ें ख़ुदा ने तुम पर हराम की हैं वह मैं तुम्हें पढ़ कर सुनाऊँ (वह) यह कि किसी चीज़ को ख़ुदा का शरीक़ न बनाओ और माँ बाप के साथ नेक सुलूक़ करो और मुफ़लिसी के ख़ौफ से अपनी औलाद को मार न डालना (क्योंकि) उनको और तुमको रिज़क देने वाले तो हम हैं और बदकारियों के क़रीब भी न जाओ ख्वाह (चाहे) वह ज़ाहिर हो या पोशीदा और किसी जान वाले को जिस के क़त्ल को ख़ुदा ने हराम किया है न मार डालना मगर (किसी) हक़ के ऐवज़ में वह बातें हैं जिनका ख़ुदा ने तुम्हें हुक्म दिया है ताकि तुम लोग समझो और यतीम के माल के करीब भी न जाओ	Source: Holy Bible (e.g., Quran, Bible).	0.5085551738739014	0.16997197270393372	0.16600270569324493
You told them that we're married, I told them I'm 3 months pregnant!	तुमने कहा कि हम शादीशुदा हैं, मैनें कहा कि मैं 3 महीने की गर्भवती हूँ.	सुने और समझने वाले के रूप में विवाह की पुष्टि के कि वे विवाह के प्राप्तकर्ता हैं।	0.6787505745887756	0.33424535393714905	0.2492658942937851
India: All about the Theatre! · Global Voices	भारतः रंगमंच का जादू	जापा: सिनेमा के बारे! ·ज़रिएस	0.7312872409820557	0.4545038640499115	0.23973160982131958
Cannot subscribe folder in offline mode.	ऑफ़लाइन मोड में फ़ोल्डर सदस्यता नहीं ले सकता.	शारीरिक रूप से संग्रह करने की capability नहीं है।	0.7195701599121094	0.4109356105327606	0.439511239528656
When you find the beads I hope you'll return them.	जब माला मिल जाये तो मुझे आशा है कि तुम उन्हें वापस कर दोगी.	जैसे तुम पीढ़ें कि तुम्हें वापसी करेंगी	0.7088900208473206	0.400338739156723	0.19377204775810242
_View	देखें (_V)	जैसा	0.6172542572021484	0.5141661167144775	0.5023863911628723
He'll no longer lead us.	कभी नहीं!	जिस व्यक्ति को कोई भी नहीं ले सकता तो नह?	0.7215680480003357	0.33092066645622253	0.3861120641231537
Say to them: 'People of the Book! Do you hate us for anything else except that we believe in Allah, and in the teaching which has been revealed to us and in the teaching which was revealed before? Indeed most of you are transgressors.'	(ऐ रसूल अहले किताब से कहो कि) आख़िर तुम हमसे इसके सिवा और क्या ऐब लगा सकते हो कि हम ख़ुदा पर और जो (किताब) हमारे पास भेजी गयी है और जो हमसे पहले भेजी गयी ईमान लाए हैं और ये तुममें के अक्सर बदकार हैं	"जिस व्यक्ति को म human के बारे में जातिपूर्ण जानकारी हो सकती है, उस व्यक्ति के लिए यह जानकारी किसी भी तरह से उपयोगी नहीं हो सकती क्या!"",
""जैसा कि जातिपूर्ण जानकारी की किसी भी तरह से उपयोगी हो सकती किंति, यह जानकारी किसी भी तरह से उपयोगी नहीं हो सकती क्या!"",
""जैसा कि जातिपूर्ण जानकारी की किसी भी तरह से उपयोगी नहीं हो सकती क्या!"",
""जैसा कि जातिपूर्ण जानकारी की किसी भी तरह से उपयोगी नहीं हो सकती क्या!"",
""जैसा कि जातिपूर्ण जानकारी की किसी भी तरह से उपयोगी नहीं हो सकती क्या!"",
""जैसा कि जातिपूर्ण जानक"	0.5540224313735962	0.29403766989707947	0.12160837650299072
He said: Surely in it is Lut. They said: We know well who is in it; we shall certainly deliver him and his followers, except his wife; she shall be of those who remain behind.	(ये सुन कर) इबराहीम ने कहा कि इस बस्ती में तो लूत भी है वह फरिश्ते बोले जो लोग इस बस्ती में हैं हम लोग उनसे खूब वाक़िफ़ हैं हम तो उनको और उनके लड़के बालों को यक़ीनी बचा लेंगे मगर उनकी बीबी को वह (अलबता) पीछे रह जाने वालों में होगीं	जिस्म के लिखे तो लत के कहा। वे कहे ये लत के लिखे तो लत के लिखे थे। वे कहे विलक्ति के लिखे थे जो विलक्ति के लिखे थे।	0.6542162299156189	0.29372212290763855	0.1394684910774231
That's how many villagers died	इसी तरह कई गाँव वाले मारे गए हैं	जितने लोगों ने इस संस्मारक को दिया था	0.7014278769493103	0.3206492066383362	0.23382674157619476
Your emails	raviratlami@ aol. in	आपके ईमेल	0.5827445983886719	0.4576343595981598	0.7083840370178223
Nearby Sites	निकटस्थ साइट	नज़ले	0.7251853346824646	0.5523703098297119	0.21730992197990417
On the Day when it arrives, no soul will speak without His permission. Some will be miserable, and some will be happy.	जिस दिन वह आएगा, तो उसकी अनुमति के बिना कोई व्यक्ति बात तक न कर सकेगा। फिर (मानवों में) कोई तो उनमें अभागा होगा और कोई भाग्यशाली	अरे, किसी भी कुछ व्यक्ति के जीवन में कुछ विशिष्ट हो सकते हैं.	0.659514307975769	0.38114112615585327	0.3800418972969055
Thanks for that, Jack.	इसके लिए धन्‍यवाद, जैक.	नहीं बिलीज़।	0.6293078064918518	0.4535926878452301	0.13319000601768494
Select all text	सारा पाठ चुनें	बिलकुल चिहट करें	0.7669064402580261	0.4470529854297638	0.267987996339798
Compact contact list	संकुचित संपर्क सूची	कम्पैक कॉन्टेक्ट लिस्ट	0.6449753046035767	0.46498048305511475	0.28467583656311035
So will it be; and whoever retaliates with the like of what he has been made to suffer, and is aggressed against [again] thereafter, Allah will surely help him. Indeed Allah is all-excusing, all-forgiving.	और खुदा तो बेशक बड़ा वाक़िफकार बुर्दवार है यही (ठीक) है और जो शख्स (अपने दुश्मन को) उतना ही सताए जितना ये उसके हाथों से सताया गया था उसके बाद फिर (दोबारा दुशमन की तरफ़ से) उस पर ज्यादती की जाए तो खुदा उस मज़लूम की ज़रूर मदद करेगा	जैसा कि; और जिसने उसे सहलाभित किया बादापर्युक्त हो जाता है कि, Allah के लाभ को मंजूरी से मेंढ़िया हो जाती है।	0.6704383492469788	0.2664024829864502	0.16392163932323456
God has given us freedom.	भगवान ने हमें आजादी दे दी है.	जिस्म से प्राप्ता है स्वतंता है।	0.7301314473152161	0.32948073744773865	0.17165879905223846
- You see how busy we are.	- तुम देखो हम कितने व्यस्त हैं.	जैसा कि हम बहुत ज्यादा काम कर रहे हैं।	0.706265389919281	0.5279940366744995	0.5852604508399963
Add the files stored in the clipboard	क्लिपबोर्ड में जमा फाइल जोड़ें	क्लिपबोर्ड में से डाउनलोड किए गए फ़ायल	0.8192886114120483	0.7536557912826538	0.8569091558456421
Save the current file with a different name	वर्तमान फ़ाइल एक भिन्न नाम से सहेजें	current के लिए अलग नाम दें	0.7414594888687134	0.5515559315681458	0.2837730050086975
Retrieving quota information for '%s'	%s में नए संदेश के लिये सारांश सूचना ला रहा है	जिस के लिए?	0.6721807718276978	0.3569317162036896	0.19480277597904205
"""...and we are slaves no longer..."""	"""... और अब हम दास नहीं हैं ..."""	जानकारी से जोड़ा नहीं, पूरी जानकारी से न हटा ली गई, लेकिन पूरी जानकारी से न भी बनी गई, लेकिन पूरी जानकारी से न भी बनाई गई, लेकिन पूरी जानकारी से पूरी नहीं बनी गई, लेकिन पूरी जानकारी से पूरी नहीं बनी गई, लेकिन पूरी जानकारी से पूरी नहीं बनी गई, लेकिन पूरी जानकारी से पूरी नहीं बनी गई, लेकिन पूरी जानकारी से पूरी नहीं बनी गई, लेकिन पूरी जानकारी से पूरी नहीं बनी गई, लेकिन पूरी जानकारी से पूरी नहीं बनी गई, लेकिन पूरी जानकारी से पूरी नहीं बनी गई, लेकिन पूरी जानकारी से पूरी नहीं बनी गई, लेक	0.5803881883621216	0.2543066442012787	0.028835849836468697
Select all messages in the same thread as the selected message	चयनित संदेश की तरह सभी संदेश एक जगह अंतःसूत्रित करें	selected message केThread से समान होते हैं	0.6541764140129089	0.4149487614631653	0.22709783911705017
Everybody's passing us.	सब लोग हमें गुजर रहा है.	जो कुछ भी है।	0.711506187915802	0.39570632576942444	0.5069642066955566
Do Nothing	कुछ नहीं करें	अरे वैस क्या भी हो सकता है।	0.7096056938171387	0.4568813145160675	0.43968337774276733
There are four of us but we are frightened of you.	वहाँहममेंसेचार हैं लेकिन हम आप से डर रहे हैं	अरे, हम चार हैं लेकिन हमें आपकी तरह डर रहे हैं।	0.8040152192115784	0.5995288491249084	0.8062320351600647
And (there are) others who have acknowledged their faults. They mixed a righteous action with another that was bad. It may be that Allah will relent toward them. Lo! Allah is Forgiving, Merciful.	और दूसरे कुछ लोग है जिन्होंने अपने गुनाहों का इक़रार किया। उन्होंने मिले-जुले कर्म किए, कुछ अच्छे और कुछ बुरे। आशा है कि अल्लाह की कृपा-स्पष्ट उनपर हो। निस्संदेह अल्लाह अत्यन्त क्षमाशील, दयावान है	जिस्म से जाते हैं ये दूसरे जाते हैं और निम्न जाति प्राप्त करते हैं |	0.6357110142707825	0.2156725525856018	0.11862826347351074
Thanks for helping out the other day, too.	दूसरे दिन बाहर की मदद करने के लिए धन्यवाद भी.	किसी की सहायता की किसी दिन भी की गई, भी हो सकती है।	0.7080857157707214	0.3339325487613678	0.2064073085784912
Open the selected image with a different application	चयनित छवि भिन्न अनुप्रयोग से खोलें	प selected image के लिए एक अलग एप्लिकेशन के साथ क्या हो सकता है	0.6892529129981995	0.3897351026535034	0.19709353148937225
The heavens are about to be rent apart from above them, while the angels celebrate the praise of their Lord and plead for forgiveness for those [faithful] who are on the earth. Indeed, Allah is the All-forgiving, the All-merciful!	लगता है कि आकाश स्वयं अपने ऊपर से फट पड़े। हाल यह है कि फ़रिश्ते अपने रब का गुणगान कर रहे, और उन लोगों के लिए जो धरती में है, क्षमा की प्रार्थना करते रहते है। सुन लो! निश्चय ही अल्लाह ही क्षमाशील, अत्यन्त दयावान है	जिस्म से लिखा गया है, उससे नहीं लिखा होगा।	0.6436375379562378	0.24571362137794495	0.1448081135749817
There is no fault in the blind, or the lame, or the sick. He who obeys Allah and His Messenger He shall admit him to Gardens underneath which rivers flow; but he who turns away shall be punished with a painful punishment.	न अन्धे के लिए कोई हरज है, न लँगडे के लिए कोई हरज है और न बीमार के लिए कोई हरज है। जो भी अल्लाह और उसके रसूल की आज्ञा का पालन करेगा, उसे वह ऐसे बाग़ों में दाख़िल करके, जिनके नीचे नहरे बह रही होगी, किन्तु जो मुँह फेरेगा उसे वह दुखद यातना देगा	जो किस्मति या लामा नहीं होती वो किस्मति या लामा नहीं होती , वो किस्मति या लामा के परिचय के तौर पर नहीं होते , और जो किस्मति या लामा होता है तो वह किस्मति या लामा नहीं होते , और जो किस्मति या लामा नहीं होते , वो किस्मति या लामा के परिचय के तौर पर नहीं होते , और जो किस्मति या लामा के परिचय के तौर पर नहीं होते , वो किस्मति या लामा के परिचय के तौर पर नहीं होते , और जो किस्मति या लामा के परिचय के तौर पर नहीं होते , वो किस्मति या लामा के परिचय के तौर पर नह	0.5918434858322144	0.29213598370552063	0.06203301250934601
Why didn't you come with me.	क्यों तुम मेरे साथ नहीं आया था.	क्यों नहीं आई?	0.7777109146118164	0.6357718706130981	0.5537976026535034
Yeah, 7,000 people.	हाँ, 7,000 लोग.	जी हाँ, 7,000 लोग हैं।	0.9062429666519165	0.9299433827400208	0.9313801527023315
King me. -Chess.	राजा मैं.	किंग मे... चेस।	0.7504937052726746	0.47581928968429565	0.5419421195983887
_Open	खोलें (_O)	प्राप्त	0.6572794914245605	0.4595796763896942	0.3279542624950409
Anyway, art moved on, as it must, it has to.	वैसे भी, कला पर ले जाया गया, केरूपमेंयहचाहिए ,यहकरनेके लिएहै.	किसी भी तरह से, कला ने आगे बढ़ कर दी है, और यह तो रही भी नहीं।	0.6846345067024231	0.41070273518562317	0.3309415876865387
Do you have prior experience?	आप पहले अनुभव है?	जी हाँ, आपके पहले के अनुभव के बारे में क्या कहा है?	0.8399343490600586	0.6185387969017029	0.5423799753189087
Send the drone.	गबन भेजें.	ड्रोन को सेंट कर दिया जाए।	0.7576918601989746	0.39909106492996216	0.5425755977630615
If you want to be alone, we understand.	आप अकेले रहना चाहते हैं, हम समझते हैं.	अरे, यदि आप खुद के पास हो रहे समय में स्वतंत्र हैं तो हम समझें।	0.7665181159973145	0.44072380661964417	0.5356141924858093
O My bondmen who believe! Indeed My earth is spacious – therefore worship Me alone.	ऐ मेरे बन्दों, जो ईमान लाए हो! निस्संदेह मेरी धरती विशाल है। अतः तुम मेरी ही बन्दगी करो	ओ! मेरे बंधु जो विश्वास रखते! सच में मेरी पृथ्वी विस्तार – ह therefore मेरा पवित्रतापरूप में ध्यान देना चाहे”.	0.7096641063690186	0.4488973021507263	0.3051801919937134
All information in this memo will be deleted and can not be restored.	इस यथारूप प्रविष्टि की सभी सूचनाएँ मिट दी जाएँगी और फिर सहेजी नहीं जा सकेगी.	यह जानकारी इस मेमो के साथ खत्म होगी और इसका पुनर्स्थापना भी नह हो सकती	0.6934713125228882	0.6343598365783691	0.8097708225250244
Later I will pluck for you twice.	बाद में ... दोबारा... मैं तुम्हारे लिए तोड़ दुंगा.	कल मैं तुम्हें दो बार सिरका लगाऊने में लग रहा है।	0.7315380573272705	0.317017525434494	0.18904097378253937
O Romeo, Romeo, wherefore art thou Romeo?	हे रोमियो, रोमियो, किस कला तू रोमियो?	रोमो, रोमो, wherefore art thou Romeo?	0.7789434194564819	0.3945220112800598	0.5005263686180115
Hath there come Unto thee the story of Musa!	(ऐ रसूल) क्या तुम्हारे पास मूसा का किस्सा भी पहुँचा है	जिसने मुसा पैदा किया था उसे बुलाया था और उसे परिचित किया थ!	0.6643703579902649	0.4612642824649811	0.2816963195800781
YOU'RE MAKING A SPEECH ABOUT FITTING KITCHENS?	आप फिटिंग रसोई बारे में एक भाषण बना रहे हैं?	आप किसी कक्षा में काम करने के तरीके की बात हो रही है?	0.7713851928710938	0.4605886936187744	0.5121060013771057
Believers! If any of you should ever turn away from your faith, remember that Allah will raise up a people whom He loves, and who love Him; a people humble towards the believers, and firm towards the unbelievers; who will strive hard in the way of Allah and will not fear the reproach of the reproacher. This is the favour of Allah which He grants to whom He wills. Allah is vast in resources, All-Knowing.	ऐ ईमानदारों तुममें से जो कोई अपने दीन से फिर जाएगा तो (कुछ परवाह नहीं फिर जाए) अनक़रीब ही ख़ुदा ऐसे लोगों को ज़ाहिर कर देगा जिन्हें ख़ुदा दोस्त रखता होगा और वह उसको दोस्त रखते होंगे ईमानदारों के साथ नर्म और मुन्किर (और) काफ़िरों के साथ सख्त ख़ुदा की राह में जेहाद करेंगे और किसी मलामत करने वाले की मलामत की कुछ परवाह न करेंगे ये ख़ुदा का फ़ज़ल (व करम) है वह जिसे चाहता हे देता है और ख़ुदा तो बड़ी गुन्जाइश वाला वाक़िफ़कार है	बिल्लेबाज! जो किसी भी लोगों के साथ विश्वासपात्र है, वह सभी के लिए मार्ग्यर्थकी भी है।	0.6331701874732971	0.3246997594833374	0.21906748414039612
"Then they will have no excuse but to say, ""By God our Lord, we have never been polytheists."""	"फिर उनका कोई फ़िला (उपद्रव) शेष न रहेगा। सिवाय इसके कि वे कहेंगे, ""अपने रब अल्लाह की सौगन्ध! हम बहुदेववादी न थे।"""	देने वाले के मूल्य-जानकारी 13 मई 2026 के हिसाब से सही और सह्य होते हैं।	0.6362985968589783	0.3400898873806	0.36197447776794434
There was just a stop. maybe someone's coming.	सिर्फ एक ही स्टॉप पार हुआ है, शायद कोई आ जाए.	किसी से कुछ हो सकता है. या शायद कुछ नहीं हो सकता है.	0.7221072316169739	0.43796971440315247	0.41287046670913696
Allah created you from dust, then from a drop of sperm, then He made you into pairs. No female conceives, nor delivers (a child) except with His knowledge. None is given a long life nor is any diminished in his life but it is written in a Book. Surely that is quite easy for Allah.	अल्लाह ने तुम्हें मिट्टी से पैदा किया, फिर वीर्य से, फिर तुम्हें जोड़े-जोड़े बनाया। उसके ज्ञान के बिना न कोई स्त्री गर्भवती होती है और न जन्म देती है। और जो कोई आयु को प्राप्ति करनेवाला आयु को प्राप्त करता है और जो कुछ उसकी आयु में कमी होती है। अनिवार्यतः यह सब एक किताब में लिखा होता है। निश्चय ही यह सब अल्लाह के लिए अत्यन्त सरल है	अरे, यह तो बहुत आसान है कि Allah ने इस मानव को यह साक्षरत्व के तौर पर बनाया है।	0.6606866121292114	0.3358839452266693	0.3065646290779114
SEAN: Yeah.	तीन , दो, एक जाने के लिए,!	अरे, ये हैं।	0.6961703300476074	0.46886029839515686	0.4140068292617798
Quarterback's gonna tell you where he's going with the ball.	क्वार्टरबैकवहगेंदकेसाथजारहा है जहांआप बताने वाला	क्वार्टर्स क्योइन्ट के वे कहेंगे कि वे बॉल के साथ कहेंगे कौन सी जगह वे जाते हैं और वे बॉल के साथ कहेंगे कौन सी जगह वे जाते हैं और वे बॉल के साथ कहेंगे कौन सी जगह वे जाते हैं और वे बॉल के साथ कौन सी जगह वे जाते हैं और वे बॉल के साथ कौन सी जगह वे जाते हैं और वे बॉल के साथ कौन सी जगह वे जाते हैं और वे बॉल के साथ कौन सी जगह वे जाते हैं और वे बॉल के साथ कौन सी जगह वे जाते हैं और वे बॉल के साथ कौन सी जगह वे जाते हैं और वे बॉल के साथ कौन सी जगह वे जाते हैं और वे बॉल के साथ कौन सी जगह व	0.5792913436889648	0.31211116909980774	0.03449533134698868
But they denied him, and We seized them with the torment of the Day of Shadowing (when the cloud had rained down fire). It was indeed the torment of a terrible day!	किन्तु उन्होंने उसे झुठला दिया। फिर छायावाले दिन की यातना ने आ लिया। निश्चय ही वह एक बड़े दिन की यातना थी	जिसने उन्हें ठहराया था उन्हें और हमने उन्हें शामिल कर दिया थु दुष्ट्वाच्चारिता!	0.6626554727554321	0.3479171097278595	0.1488673835992813
Extraction not performed	निकाला नहीं गया	अन्य जानकारी नहीं कीये	0.7546388506889343	0.4712482988834381	0.443947970867157
Muhammad is not the father of [any] one of your men, but [he is] the Messenger of Allah and last of the prophets. And ever is Allah, of all things, Knowing.	(लोगों) मोहम्मद तुम्हारे मर्दों में से (हक़ीक़तन) किसी के बाप नहीं हैं (फिर जैद की बीवी क्यों हराम होने लगी) बल्कि अल्लाह के रसूल और नबियों की मोहर (यानी ख़त्म करने वाले) हैं और खुदा तो हर चीज़ से खूब वाक़िफ है	जिस्म में मुहम्मद का पितर नहीं है वह सांकित व्यक्ति है।	0.7031315565109253	0.3711712658405304	0.23953314125537872
"The value ""%s"" is not part of the enum ""%s"""	%s नियमित फाइल नहीं है	"पूर्ण संख्या ""%s"" का हिस्ट्री में से मिली नहीं"	0.7342823147773743	0.4547639787197113	0.43069007992744446
As we are experiencing some really nice above seasonal weather.	.. हम मौसमी मौसम के ऊपर वास्तव में अच्छा कुछ सामना कर रहे हैं के रूप में	अरे! हमारे पास कुछ really nice साल-वाली मौसम है।	0.6938061118125916	0.5248833298683167	0.2532089650630951
We should go get in a batting cage.	हम बल्लेबाजी के पिंजरे में मिल जाना चाहिए.	बिल्टिंग केेज़ के लिए	0.7002184391021729	0.32874786853790283	0.12966522574424744
This is Vegas.	इस वेगास है.	यह वेज्स.	0.8093297481536865	0.5964370369911194	0.5650912523269653
You're the one gonna need to take care.	तुम ध्यान रखना.	आप चुके हैं जिसे ज़रूर सुनना चाहे कि ज़रूर बताया जा सके	0.665830135345459	0.3602193295955658	0.11051096022129059
If you played a gig for striking double-glazing salesmen,	यदि तुमने कुछ सेल्समैन के लिए गिग परफ़ॉर्म किया है...	अगर आप स्ट्रिंग डबल-ऐक्सिंग सेल्योन की गिड-ऐक्सिंग होती	0.7160460948944092	0.3588821589946747	0.2744421660900116
And to (the tribe of) Thamud (We sent) their brother Salih. He said: O my people! Serve Allah. Ye have no other Allah save Him. A wonder from your Lord hath come unto you. Lo! this is the camel of Allah, a token unto you; so let her feed in Allah's earth, and touch her not with hurt lest painful torment seize you.	"और समूद की ओर उनके भाई सालेह को भेजा। उसने कहा, ""ऐ मेरी क़ौम के लोगो! अल्लाह की बन्दगी करो। उसके अतिरिक्त तुम्हारा कोई पूज्य नहीं। तुम्हारे पास तुम्हारे रब की ओर से एक स्पष्ट प्रमाण आ चुका है। यह अल्लाह की ऊँटनी तुम्हारे लिए एक निशानी है। अतः इसे छोड़ दो कि अल्लाह की धरती में खाए। और तकलीफ़ पहुँचाने के लिए इसे हाथ न लगाना, अन्यथा तुम्हें एक दुखद यातना आ लेगी।-"	"माफ़ किया गया:
इस संसाकरण में कोई बदलाव नहीं डाला योग्य है।"	0.6125726103782654	0.2668442726135254	0.13110077381134033
& Image	छवि (I) Image/ Selection Menu caption - make sure that translation has the same accel as the & Image translation	यहाँ जानकारी दी जाने वाली संकेतों का सही और सह्य रूप में दिए गए हैं।	0.5697235465049744	0.34879234433174133	0.32323092222213745
Next/Previous Message	अगला पिछला संदेश	प्रेषा/पिछला संदेश	0.8433891534805298	0.5671475529670715	0.649585485458374
Cannot delete folder: %s: No such folder	फ़ोल्डर विलोपित नहीं कर सकता है: %s:कोई ऐसा फ़ोल्डर नहीं	इन्हें हटाने से जारी रहें: सुनवाही: नहीं ऐसा	0.6791723966598511	0.36697542667388916	0.11919963359832764
He wiped the sweat from his forehead.	उसने अपने माथे से पसीना पोंछा।	कहते हुए वह चोटी से चपड़ा।	0.8061534762382507	0.31198886036872864	0.3868957757949829
He has forbidden you carrion, and blood, and the flesh of swine, and anything consecrated to other than God. But if anyone is compelled by necessity, without being deliberate or malicious, then God is Forgiving and Merciful.	उसकी नेअमत का शुक्र अदा किया करो तुम पर उसने मुरदार और खून और सूअर का गोश्त और वह जानवर जिस पर (ज़बाह के वक्त) ख़ुदा के सिवा (किसी) और का नाम लिया जाए हराम किया है फिर जो शख़्श (मारे भूक के) मजबूर हो ख़ुदा से सरतापी (नाफरमानी) करने वाला हो और न (हद ज़रुरत से) बढ़ने वाला हो और (हराम खाए) तो बेशक ख़ुदा बख्शने वाला मेहरबान है	जिस किसी भी लोग को कारोन की हो सकती है, और उसमें श्वास्त्व की भी हो सकती है, और उसमें भूद की भी हो सकती है, और उसमें सिंहत्व की भी हो सकती है, और उसमें राजत्व की भी हो सकती है, और उसमें किस्मत की भी हो सकती है।	0.6317209601402283	0.2653467059135437	0.2861846685409546
Rabak	रबातusa. kgm	I don't have any information to share.	0.5630834698677063	0.37542006373405457	0.45211732387542725
_Work Online	ऑनलाइन कार्य करें (_W)	काम करने ऑनलाइन	0.7769941091537476	0.6719242930412292	0.6955254077911377
Is this guy clean?	हैइसआदमीकोस्वच्छ	Is this guy clean?	0.593853235244751	0.4062192738056183	0.19968068599700928
The command key I have entered is revoking your authority, this ship is now under my control.	मैंने दर्ज किया कमांड कुंजी , अपने अधिकार पलट है इस जहाज को अपने नियंत्रण में अब है.	अरे! मैंने इंटेर की काम की है।	0.7193580269813538	0.2635645568370819	0.16579444706439972
I gotta tell 'em something.	मैं उन्हें कुछ बताना होगा.	कुछ बताने के लिए।	0.7747271060943604	0.5836738348007202	0.44101443886756897
Unrecognized desktop file Version '%s'	अपरिचित डेस्कटॉप फ़ाइल संस्करण '%s'	"जाना:
जिसे जाना चाहे:
विरोधी:
किसी भी जानकारी को जाना या जाने के लिए प्रोत्सुकी"	0.6406809687614441	0.3021249771118164	0.05702557414770126
- 19 years...	- 19 साल ...	- 19 साल की...	0.82818603515625	0.8927533030509949	0.9286770820617676
I might just stay in Vegas.	मैं सिर्फ वेगास में रह सकता है.	मैं वेगससी रह सकती हूँ।	0.8012343049049377	0.5835954546928406	0.5642988085746765
They told me not to get involved with the Nazis.	उन्होंने मुझे बताया था कि नाजियों के साथ शामिल मत होना.	जिसने मुझे बताया था नाजी लोगों से मिले तो अच्छे रहे.	0.812309980392456	0.5117195248603821	0.47102218866348267
O you who have believed, do not take your fathers or your brothers as allies if they have preferred disbelief over belief. And whoever does so among you - then it is those who are the wrongdoers.	ऐ ईमानदारों अगर तुम्हारे माँ बाप और तुम्हारे (बहन) भाई ईमान के मुक़ाबले कुफ़्र को तरजीह देते हो तो तुम उनको (अपना) ख़ैर ख्वाह (हमदर्द) न समझो और तुममें जो शख़्स उनसे उलफ़त रखेगा तो यही लोग ज़ालिम है	जो ईसा माने और जो नफ़रुद के होते हैं, उनमें दिए जाते हैं खुद की गलतियाँ, और जो लोग ऐसी बातों को पसंद करते हैं कि वे ऐसी बातों को भी पसंद करते हैं जैसे वे होते हैं।	0.6678935885429382	0.33699169754981995	0.24223585426807404
L know, but you will be 19 this summer and the girls already say you don't like them.	मुझे पता है, लेकिन आप इस गर्मी में 19 हो जाएगा... ... और लड़कियों को पहले से ही आप उन्हें पसंद नहीं है.	जी हूँ, लेकिन आप 19 इस साल को मिलेंगे और मिलेंगे वे 19 की बात है।	0.7236989736557007	0.32821616530418396	0.164348304271698
Easily sleeps two dozen adults.	आसानी से दो दर्जन से अधिक वयस्कों सोता है.	एक दशक के सोहरा व्यक्ति।	0.704749584197998	0.33569028973579407	0.2661173641681671
(SCATTERED LAUGHTER)	(बिखरेहंसी)	अर्जाना हो सकता है।	0.6822887659072876	0.4198704659938812	0.2333650439977646
She likes cracking bones.	उसे हाथ की हड्डियाँ तोड़ने में मज़ा आता है	जिसने गन पे क्रैक किया है।	0.6859728097915649	0.27545633912086487	0.16189329326152802
I would love a cup of tea.	मैं एक कप चाय लूंगी.	कल मैं कपड़े लागू करूँ।	0.8049960136413574	0.3897229731082916	0.28447720408439636
What disturbs me most is not your lack of respect for my judgment.	क्या मुझे सबसे ज्यादा परेशान मेरे फैसले के प्रति सम्मान की अपनी कमी नहीं है.	जिस विषय से मुझे सबसे ज्यादा चिंतिता है वह मेरी निष्ठा के लिए बाध्यक्षता है।	0.7678858041763306	0.5400492548942566	0.5640445947647095
Fri	शुक्रwind direction - wind speed is too low to measure	किसी	0.6055701375007629	0.33072254061698914	0.45798295736312866
and when you seize [someone for punishment], you seize [him] like tyrants.	और जब किसी पर हाथ डालते हो तो बिलकुल निर्दय अत्याचारी बनकर हाथ डालते हो!	जिसने [whom] को दंडनिष्ठ ठहराने पर लगाया है, वे किसी भी कार्यांतर्या या सूचना संशोधन के लिए जिमन लगाया है।	0.6669953465461731	0.3493897616863251	0.13138331472873688
Take a look at this frame.	इस फ्रेम पर नज़र डालना.	मैं देख रहा हूँ।	0.6711362600326538	0.5774350762367249	0.5570929050445557
I will be in my office, darling.	मैं अपने कार्यालय में होगा, प्रिय.	मैं अपनी ऑफिस में रह रहेगी।	0.789720356464386	0.578727662563324	0.561104416847229
Tuesday	मंगलवार	अर्थात: सोमवार	0.6908332705497742	0.7982311844825745	0.9255191087722778
The driver Yakub and constable Arvind, Ravindra and Ram Naresh were injured.	चालक याकूब और सिपाही अरविंद, रविंद्र व रामनरेश घायल हो गए।	यकुब और कॉन्सॉल के राविंडर और राविंडर के राम नर्स को घायल हुआ था।	0.7319926023483276	0.41474294662475586	0.41839975118637085
Cogl Texture	Cogl संरचना	कॉज़ टेक्स्ट	0.7088027596473694	0.4775024652481079	0.4812537431716919
photo;video;webcam;	photo;video;webcam;	किसी भी तरह से नहीं।	0.5958496332168579	0.33125999569892883	0.3519190549850464
And how many have We destroyed from the generations after Noah. And sufficient is your Lord, concerning the sins of His servants, as Acquainted and Seeing.	और नूह के बाद से (उस वक्त तक) हमने कितनी उम्मतों को हलाक कर मारा और (ऐ रसूल) तुम्हारा परवरदिगार अपने बन्दों के गुनाहों को जानने और देखने के लिए काफी है	जिन्हें हम नोए के के बिंदु ने हायायमस्यों हैं।	0.6557273268699646	0.2471073567867279	0.17891457676887512
Contact Details	संपर्क विवरण	संपर्क विविवेश	0.8683369159698486	0.5777503848075867	0.5437612533569336
This option corresponds to the -N diff option.	यह विकल्प - I diff से संबंधित है.	यह ऑप्शन -N diff ऑप्टन है।	0.8258773684501648	0.6442142128944397	0.5211912393569946
Unknown	अज्ञात	जानकारी के साथ-साथ किसी भी जानकारी को निष्ठि देने के लिए भी कोई जानकारी निष्ठि देने के लिए भी नहीं कह सकती।	0.6640051007270813	0.2683652639389038	0.08089780807495117
_Restore	फिर जमा करें (_R)	I don't add, remove, or change any information.	0.5847532153129578	0.3600064814090729	0.2041238695383072
Keep on the sunny side, always on the sunny side	धूपपक्षपर रखें,हमेशाधूपओर	जो कोई भी सुन्न क्षेत्र होता जो सुनने योग्य होता वे सभी सुनने योग्य होते हैं सुनने से होने वाले भी सुनने योग्य होते हैं	0.6050580143928528	0.3838216960430145	0.09430831670761108
- Ask him what happened.	- उससे पूछो क्या हुआ.	- वे सिर्फ हुआ हैं।	0.7368798851966858	0.4225238859653473	0.31220877170562744
But if you use them to melt castles and burn cities, you're not different.	लेकिन आप उन्हें प्रयोग महल पिघल और शहरों में जला है, आप अलग अलग नहीं कर रहे हैं।	जो किसी भी तरह से उन्हें उपयोग में ले जाते तो कुछ भी नहीं।	0.6934888362884521	0.3967466652393341	0.41086941957473755
Landover Park.	Landover पार्क.	लैंडवर्ड पार्क.	0.8783153891563416	0.8437246084213257	0.7056549191474915
Really, Anatolij, please tell us.	सच में, अनातोलिज, कृपया हमें बतांए.	हाँ, एंटोलिज, प्लीज स्टार्ट से तुम बताएँ.	0.7782134413719177	0.5705910325050354	0.3268813490867615
File is not a valid .desktop file	फ़ाइल वैध .desktop फ़ाइल नहीं है	अर्जित .desktop से नहीं है	0.7740002870559692	0.45784792304039	0.32772552967071533
We at GV would love to see your posts on that day too, so do feel free to leave a comment and we will definitely check with you on October 12th to cover what you say on that day (and any day) about the environment.	अतः आपसे गुजारिश है कि टिप्पणी में अवश्य बताएँ और फिर हम निश्चित रूप से 12 अक्तूबर को यह देखेंगे कि उस दिन (और अन्य किसी भी दिन,) आपने पर्यावरण पर अपने क्या विचार व्यक्त किए .	"जी.वी. के टिप्प्स:
किसी भी जानकारी या सूचना साझे कर सकते हैं कि वे किस प्रकार से काम करें और वे कैसे सुधार के लिए प्रयास करेंगे |"	0.655342698097229	0.41965624690055847	0.4685066342353821
Then I announced to them and [also] confided to them secretly	और उनकी पोशीदा भी फ़हमाईश की कि मैंने उनसे कहा	किसी और किसी को नहीं बताया या छुपाया था	0.5875145792961121	0.41118869185447693	0.3197651207447052
Glory be to your Lord: the Lord of Glory is far above what they attribute to Him.	ये लोग जो बातें (खुदा के बारे में) बनाया करते हैं उनसे तुम्हारा परवरदिगार इज्ज़त का मालिक पाक साफ है	जलही तो देखा योग्य है: देखा योग्य है जो दिया है देखा है।	0.621673583984375	0.3149089217185974	0.1724618524312973
And your movements among those who bow in homage to God.	और सजदा करनेवालों में तुम्हारे चलत-फिरत को भी वह देखता है	और आप वे लोग हैं जो गौरविता के प्रत Kumar के रूप में हैं।	0.6590665578842163	0.3361339271068573	0.3151836395263672
Who are you to ask me that?	तुम मुझे उस से पूछने के लिए कौन हैं?	आप क्यों जान सकती है?	0.7638674974441528	0.5561062693595886	0.5471005439758301
- ( clicks, tunes )	- (क्लिक करता है, धुनों)	"यहाँ संसाधित वाक्य है:
- (शॉर्ट) प्रति (शॉर्ट) के लाभ होते हैं |"	0.6915030479431152	0.3870488107204437	0.1816541701555252
_Refresh Registry	पंजी ताजा करें (_R)	रिकॉर्डिंग	0.6661465764045715	0.4526803493499756	0.44472402334213257
Enables random Tux explosions.	टक्स को बेतरतीब विस्फोटित होने देता है.	अन्य किस्मों से ज़रूरी Tux explosions हो सकती हैं।	0.7267363667488098	0.38597479462623596	0.47090449929237366
This business is killing him.	यह व्यापार उसे मार रहा है.	यह व्यवसाय अपने पास पैसे दे रहे हैं।	0.7589166760444641	0.41418126225471497	0.5333084464073181
It does not work with our feelings.	यह भावनाओं से काम नहीं करता.	अरे फ़ुड के साथ क्या काम किया जा सकता है, इसके कार्य के बारे में भी हो सकता है, जो के कार्य के काठित हो सकते हैं।	0.6990915536880493	0.3250567317008972	0.0865948274731636
A clan where a man dies only after killing 100 men.	एक कुल जहाँ पुरुष 100 को मार कर मरता है.	सह-जीवित के समूह जिसमें एक पुरुष मरता पूरी संख्या 100 पुरुषों के बीच में रहता है।	0.7846013307571411	0.42385318875312805	0.45814186334609985
They'll race behind you. They will stumble. They will fall.	वे, आप के पीछे आराम करेंगे ठोकर होगा, वे गिर जाएगी.	उनके पीछे आप हों। वे भ्रमित हों। वे भ्रमित हों।	0.7275136709213257	0.3360651433467865	0.41622501611709595
© P@rM! NdeR M@nkÖÖ ™	©पी@RM nder एम@nkÖÖ 	अरे!	0.6319265961647034	0.40826696157455444	0.13369373977184296
Somebody has filed an injunction.	किसी ने एक आदेश दायर किया है.	इनज्यू के बारे में कुछ कार्य किया है।	0.7359763383865356	0.4219095706939697	0.359806090593338
Not yet, there's still one more.	अभी नहीं, अभी एक और बाकीं है.	One more to come.	0.6621147394180298	0.44824060797691345	0.4203321933746338
Which they will enjoy for ever. Indeed God has greater rewards with Him.	उनमें वे सदैव रहेंगे। निस्संदेह अल्लाह के पास बड़ा बदला है	जिस व्यक्ति को सुनना पसहता है, वह लंबी अवधि में आनजाती।	0.6692133545875549	0.337056428194046	0.17503231763839722
Select name of the Evolution backup file	एवोल्यूशन बैकअप फ़ाइल का नाम चुनें	बैकअप फ़ाइल ऑफ़िल्स का नाम सेलेक्ट होगा	0.8145363926887512	0.5891416668891907	0.4346950352191925
-Crane, Mantis?	-क्रेन, मैंटिस?	No, Crane? Mantis?	0.7002665996551514	0.6254148483276367	0.4872521460056305
Yeah, well you smell like aquarium rocks.	हाँ, अच्छी तरह से आप मछलीघर चट्टानों की तरह बू आ रही है.	जी हाँ, आप का सिर्फ़ एक पानी के पानी के प्रत्युक्तिकरणीया है।	0.708440363407135	0.3517363965511322	0.3362117409706116
I dived into the river.	मैंने नदी में छलाँग लगाकर डुबकी ली।	रीऐरी के दौरान मैंने नदी ।	0.7277253270149231	0.29426586627960205	0.13151425123214722
%s min	%s min	यह सुनना या सहना सहमत है कि आप किसी भी जानकारी से प्रभावित हो सकते हैं या जानकारी से प्रभावित हो सकते हैं।	0.6039963960647583	0.3249320387840271	0.057047173380851746
An link to the project web page if provided.	लिंक को पृष्ठ यदि.	अगर व्यक्ति द्वारा प्रोज़ की वेबसाइट पर जाएँ तो वह जानकारी सुने के तौर पर सही होगी	0.6708303689956665	0.4301433563232422	0.07240195572376251
Tomorrow %l:%M:%S %p	कल %l:%M:%S %p	कोई	0.6088902354240417	0.3894977271556854	0.1273602545261383
Transfer the current call	वर्तमान कॉल हस्तांतरित करें	current कॉल को टransfer कर दें	0.7941376566886902	0.7026656270027161	0.37841594219207764
Work Week View: %s. %s	कार्य साप्ताहिक दृश्य: %s. %s	"अर्जित नहीं किया गया विवरण:
विवरण:%.सी. %.सी."	0.7152532935142517	0.5305580496788025	0.5921493768692017
Only common people believe these tales, as they believe most anything.	केवल आम लोगों को वे सबसे अधिक कुछ भी विश्वास के रूप में , इन कहानियों का मानना ​​है.	जो कोई भी आम लोगों को ये कहें, उनमें से कोई भी जो कोई भी जो कोई भी विशेषता हो सकती है, उसे किसी को नहीं कहा दिया के स्थित्व को महत्वपूर्ण है।	0.6935878992080688	0.40970006585121155	0.2118680328130722
Using this, people can get cold water in the summer.	इससे लोगों को गर्मी के दिनों में ठंडा पानी मिल सकेगा।	इससे लेकिन लोग गर्मी के समय में ठोस पानी तो सकते हैं.	0.8651089668273926	0.4300144612789154	0.4178692102432251
We're pulling clear of them.	उनमें से cIear खींच रहे हैं.	अरे वे उन से खुद से clear कर रहे हैं।	0.7268522381782532	0.4543693959712982	0.4444541931152344
chart	चार्ट	कार्चित नहीं किया जा सकता	0.6553087830543518	0.37634649872779846	0.12721183896064758
Contact connected	संपर्क कनेक्टेड	कॉन्टेकेड्ड	0.7866824269294739	0.48038914799690247	0.27783048152923584
A_vailable Fields:	उपलब्ध क्षेत्र (_v):	जो भी हो सकता है, वह उपलब्ध है।	0.6238773465156555	0.5026146769523621	0.4649299383163452
Like those who lately preceded them, they have tasted the evil result of their conduct; and (in the Hereafter there is) for them a grievous Penalty;-	उनका हाल उन लोगों का सा है जो उनसे कुछ ही पेशतर अपने कामों की सज़ा का मज़ा चख चुके हैं और उनके लिए दर्दनाक अज़ाब है	सबस transferein (द विपरक्षा) दे रहे हैं उनसे पृथ्वी में (जो पूरा है) उनसे जोखी है-	0.6578389406204224	0.29282623529434204	0.15712322294712067
Folder _Size	फ़ोल्डर आकार (_S)	प्राप्त करने वाले साइबर स्पेस	0.6892114877700806	0.333234578371048	0.3327070474624634
That was the same show, just without Anton!	कि सिर्फ एंटोन बिना ही दिखा रहा था!	नहीं के added, removed, or changed any information.	0.6351373791694641	0.27245834469795227	0.1880948692560196
Cameron is Niles' son.	कैमरून नाइल्स 'बेटा है.	केमरन नील्स के बेटा हैं।	0.865490734577179	0.8204144835472107	0.7039192914962769
"(Jesus had said): ""Indeed Allah is my Lord and your Lord, so serve Him alone. This is the Straight Way."""	"""और निस्संदेह अल्लाह मेरा रब भी है और तुम्हारा रब भी। अतः तुम उसी की बन्दगी करो यही सीधा मार्ग है।"""	"जे सिस के कहा है:
“अधिकारी जे सिस के कहा है और मेरा कहा है तो अपने राजा के राज्य से भी हो सकता है।”"	0.6876903176307678	0.3076891005039215	0.2084713727235794
They know the outward of this world's life, but of the hereafter they are absolutely heedless.	वे सांसारिक जीवन के केवल वाह्य रूप को जानते है। किन्तु आख़िरत की ओर से वे बिलकुल असावधान है	यह ज्ञात है कि इस दुनिया की इस्तेमाल की जानबाजार है. और इस बात से पूरी तरह से सहज होकर हम इस बात का पालन करते हैं - यह ज्ञात है कि इस दुनिया में इस hereafter के लाभ और संकट के बारे में ज्ञात होता है	0.6781699061393738	0.446829617023468	0.29784372448921204
And it is He Who has created man from water, and has appointed for him kindred by blood, and kindred by marriage. And your Lord is Ever All-Powerful to do what He will.	और वही तो वह (ख़ुदा) है जिसने पानी (मनी) से आदमी को पैदा किया फिर उसको ख़ानदान और सुसराल वाला बनाया और (ऐ रसूल) तुम्हारा परवरदिगार हर चीज़ पर क़ादिर है	जिस व्यक्ति को जातनस के प्रतिविरामी से पूर्णतः प्राप्त हुआ है, उस व्यक्ति के प्रतिविरामी से पूर्णतः प्राप्त हुए स्थानीय परिवार के प्रतिविरामी से पूर्णतः प्राप्त हुए विवेक्यात्मक से पूर्णतः प्राप्त हुए सामान्यों से पूर्णतः प्राप्त हुए सामाजिकों से पूर्णतः प्राप्त हुए सामाजिकों से पूर्णतः प्राप्त हुए सामाजिकों से पूर्णतः प्राप्त हुए सामाजिकों से पूर्णतः प्राप्त हुए सामाजिकों से पूर्णतः प्राप्त हुए सामाजिकों से पूर्णतः प्राप्त हुए सामाजिकों से पूर्णतः प्राप्त हुए सामाजिक	0.5763007402420044	0.25616899132728577	0.11744417250156403
You saw it:	आपने देखा:	"आपने देखा:
किया प्राप्त करें"	0.8496145009994507	0.5329059958457947	0.29627951979637146
Just tell me if he had a knife.	बस मुझे बताओ कि क्या उसके पास चाकू था.	किसी भी जानकारी जोड़न, रोकने, या बदलने के कोई हो सकते हैं।	0.6224760413169861	0.2930990159511566	0.09377139806747437
Importing Outlook Express data	आउटलुक एक्सप्रेस आंकड़ा आयात कर रहा है	ऑल्क्रस प्राप्टिव डेटा इंडोर	0.6955583691596985	0.5328955054283142	0.612659215927124
There is no blame against him who avenges himself after he has been wronged.	और जो कोई अपने ऊपर ज़ु्ल्म होने के पश्चात बदला ले ले, तो ऐसे लोगों पर कोई इलज़ाम नहीं	जिस व्यक्ति से गलत हुआ उसकी मृत्यु हो सकती है, सुन सकती है और समझ सकती है।	0.6562060117721558	0.34000131487846375	0.4009876847267151
Before them is Hell; naught will avail them of that which they earned, nor those whom they took for patrons beside Allah. Theirs shall be a torment mighty.	उनके आगे जहन्नम है, जो उन्होंने कमाया वह उनके कुछ काम न आएगा और न यही कि उन्होंने अल्लाह को छोड़कर अपने संरक्षक ठहरा रखे है। उनके लिए तो बड़ी यातना है	जिन्हें हELL कहलांजित किया जाता है, वे प्राप्त करने से पूरी तरह से पराज्ञ का शिकार होते हैं।	0.6477926969528198	0.3999671936035156	0.28535646200180054
No home...	कोई घर नहीं...	नहीं होम...	0.8752571940422058	0.7336664795875549	0.3840218782424927
"The register function hasn't been found automatically in the following pretty printer files: %s You need to fill yourself the register function columns before enabling the rows. Most of the time the register function name contains the word ""register""."	फंक्शन पाया इंच अनुसरण कर रहा है फ़ाइल नहीं से. को भरें फंक्शन स्तम्भ पहले सक्रिय कर रहा है पंक्तियाँ का समय फंक्शन नाम रखता है शब्द.	जो भी संग्रह कार्यक्रम के नाम के रूप में दर्ज किया गया है, वह उस संग्रह कार्यक्रम के रूप में प्रयुक्त किया गया है और उसमें से जो किया गया है, वह संग्रह कार्यक्रम के रूप में प्रयुक्त किया गया है और उसमें से जो किया गया है, वह संग्रह कार्यक्रम के रूप में प्रयुक्त किया गया है और उसमें से जो किया गया है, वह संग्रह कार्यक्रम के रूप में प्रयुक्त किया गया है और उसमें से जो किया गया है, वह संग्रह कार्यक्रम के रूप में प्रयुक्त किया गया है	0.5645909309387207	0.3338913023471832	0.14951004087924957
We'll pack the abdomen with tissues and examine him thoroughly.	हम ऊतकों से पेट पैक करते हैं और उसे अच्छी तरह से जांच करते हैं.	हमें अंतरा देने के साथ-साथ कपड़े के अंतरा देने के साथ ही उसे चेक के साथ भी ठीक ठिकारी की सुविधा देने की क्रिया	0.6698652505874634	0.3269645869731903	0.21110345423221588
Thumbnail	लघु छवि	बायोडॉक्टर	0.7022643089294434	0.4587697684764862	0.6757776737213135
"There was evidence (of the truth) for the people of Sheba in their homeland. (We gave them) two gardens, one on the left and one on the right and (told them), ""Consume the sustenance which your Lord has given to you and give Him thanks. You have a blessed land and an All-forgiving Lord""."	और (क़ौम) सबा के लिए तो यक़ीनन ख़ुद उन्हीं के घरों में (कुदरते खुदा की) एक बड़ी निशानी थी कि उनके शहर के दोनों तरफ दाहिने बाएं (हरे-भरे) बाग़ात थे (और उनको हुक्म था) कि अपने परवरदिगार की दी हुई रोज़ी Âाओ (पियो) और उसका शुक्र अदा करो (दुनिया में) ऐसा पाकीज़ा शहर और (आख़ेरत में) परवरदिगार सा बख्शने वाला	यह सुना दे सकता कि सेबा के लोगों ने अपने लघु कार्य के लिए सांस्या दी और अपने सांस्या के लिए धन का संकल्प हुआ।	0.6344900727272034	0.31704431772232056	0.32345807552337646
It was surprisingly a televised event as the news of the arrest was leaked and the media people were trailing the security forces convoy rolling to her house.	आश्चर्यजनक रूप से यह टीवी प्रधान घटना रही चूंकि गिरफ़्तारी का समाचार पहले ही लीक हो गया था और मीडिया के लोग समाचार को कवर करने के लिए खालिदा जिया के घर की ओर जा रही सुरक्षा दस्ते के पीछे हो लिये थे.	अर्थात् इस प्रकार से एक साक्षात्मक संपटन सारित संकलित प्रकाशित हुआ था.	0.6592984199523926	0.35051974654197693	0.24665547907352448
The drones will handle this.	ड्रोन इस संभाल लेंगे.	यह सुनाई जाएगी।	0.7533462643623352	0.4266774356365204	0.38517940044403076
Messages	पसंदीदा फ़ोल्डर में डाक देखें	संदेश	0.6834171414375305	0.3266282379627228	0.22432026267051697
Do you have a reservation with us this evening?	आप इस शाम को हमारे साथ एक आरक्षण है?	Yes, you have a reservation with us this evening?	0.6747581362724304	0.44757816195487976	0.23761190474033356
Separator	अलगानेवाला	किसी भी जानकारी जोड़न, रोकने, या बदलने की कोई जानकारी हो सकती है।	0.6268726587295532	0.3024728000164032	0.2353089451789856
Take a chance! All life is a chance.	जोखिम उठाइये! पूरी जिंदगी एक जोखिम है।	अरे! जो कुछ हो सकता है, वही हो सकती भी है।	0.7034087181091309	0.4803597629070282	0.3656857907772064
- They blame me behind my back!	- वे मेरी पीठ पीछे मुझे दोष!	जिसे भलाई हूँ उसे खिलाफी है!	0.7030547261238098	0.44859185814857483	0.12620651721954346
The Führer would never approve. We swore to obey his will.	हम कभी आत्मसमर्पण नहीं कर सकते हैं.	अरे, फ़ॉर्डर वाले न तो भी सहमत होते हैं। हमने अपना सहमति वादा किया है।	0.6861719489097595	0.41102030873298645	0.2586357593536377
Found the appointment in the calendar '%s'	'%s' पंचांग में मुलाकात मिली.	%s में नाम बदलाव को दर्शाने वाली विवरण में से नहीं लिया जाता	0.69478839635849	0.42561963200569153	0.16366134583950043
Copying messages to '%s'	'%s' में संदेश नक़ल कर रहा है	'%s' को '%s' दिखाने	0.753650426864624	0.42330941557884216	0.4747781753540039
Don't know where	पता नहीं कहाँ	जाने के लिए	0.7691441178321838	0.499027818441391	0.22520481050014496
Scientific	वैज्ञानिक	ज्ञान	0.8095995187759399	0.6395581364631653	0.7125503420829773
Currently, passengers are required to turn off their smartphones, tablets and other devices once a plane's door closes.	फ़िलहाल, यात्रियों को विमान का द्वार बंद होने पर अपने स्मार्टफोन, टेब्लेट, तथा अन्य डिवाइस को बंद करने की आवश्यकता होती है।	currently, यात्रियों को यात्रा के दौरान अपने स्मार्टवे डिवाइस, कंप्यूटर और अन्य डिवाइसों से बंद कर देना चाहे |	0.8147671222686768	0.5242843627929688	0.41311538219451904
And linked to that monster.	और वह राक्षस से जुड़ा हुआ।	जिसे भी है उसे उस प्रलय से प्रलय से ले जाना चाहे |	0.6888113021850586	0.3150234520435333	0.19510047137737274
Or who is this that shall provide for you if He withholds His provision? No, but they persist in disdain and aversion.	मगर ये कुफ्फ़ार तो सरकशी और नफ़रत (के भँवर) में फँसे हुए हैं भला जो शख़्श औंधे मुँह के बाल चले वह ज्यादा हिदायत याफ्ता होगा	जिस व्यक्ति होगी यदि वे आपकी सुविधा लेने से निर्मित हैं कि वे आपकी सुविधा से अस्वीकृत हों।	0.6376304030418396	0.33060792088508606	0.2600153088569641
Everything is so chaotic, and now I'm in trouble.	सब कुछ इतनी अराजक, है और अब मैं मुसीबत में हूँ.	अरे भाई, अब मुझे भी कुछ भी हो सकता है।	0.7419660091400146	0.4648796021938324	0.474162220954895
Tanzania: Tanzanian search engine · Global Voices	तंज़ानिया: तंज़ानियाई खोज इंजन	यह जानकारी साझी करने देने के लिए भी हो सकती है.	0.6267240047454834	0.43265852332115173	0.05714087560772896
Well, where I get hazy is where the cleaning woman shows up the following morning and finds your wife in bed with her lover, riddled with?	ठीक गड़बड़ी वहां है जहाँ अगली सुबह सफाई वाली महिला आती है ...	जैसा कि मैं हाल ही क्रिया के लिए स्पष्ट हूँ।	0.6547616124153137	0.3288606107234955	0.2343907207250595
"""Then, eat of all fruits, and follow the ways of your Lord made easy (for you)."" There comes forth from their bellies, a drink of varying colour wherein is healing for men. Verily, in this is indeed a sign for people who think."	"फिर हर प्रकार के फल-फूलों से ख़ुराक ले और अपने रब के समतम मार्गों पर चलती रह।"" उसके पेट से विभिन्न रंग का एक पेय निकलता है, जिसमें लोगों के लिए आरोग्य है। निश्चय ही सोच-विचार करनेवाले लोगों के लिए इसमें एक बड़ी निशानी है"	जिस स्थिति में लोगों को ठिक्षित करना योग्य है, उस स्थिति में लोगों को ठिक्षित करने वाली स्थिति के लिए यह एक प्रतिष्ठित स्थिति होगी।	0.6735395193099976	0.33462271094322205	0.37319880723953247
God: there is no god but He, the Lord of the Mighty Throne.'	"अल्लाह कि उसके सिवा कोई इष्ट -पूज्य नहीं, वह महान सिंहासन का रब है।"""	जो भी God है, वे नहीं हैं, वे थर्म की थर्म हैं.”	0.6772053241729736	0.3384145200252533	0.20461328327655792
This has come upon you because when God alone was invoked you disbelieved; but when partners were associated with Him, you believed. But judgement belongs to God, the all-high and supreme.	वह (बुरा परिणाम) तो इसलिए सामने आएगा कि जब अकेला अल्लाह को पुकारा जाता है तो तुम इनकार करते हो। किन्तु यदि उसके साथ साझी ठहराया जाए तो तुम मान लेते हो। तो अब फ़ैसला तो अल्लाह ही के हाथ में है, जो सर्वोच्च बड़ा महान है। -	जिस्म में आप लिख रहे वह पूरी है।	0.6306332945823669	0.26708847284317017	0.07308589667081833
Toggles whether the RSVP field is displayed	टॉगल करें कि क्या RSVP श्रेत्र दिखाया गया है	रएसपी फील्ड के चारों में से कोई भी विवरण प्रदर्शित किया ज सकता है।	0.7146048545837402	0.5150540471076965	0.6471495628356934
- General Nearchus to you, boy.	- आप को जनरल Nearchus, लड़का.	जिस्म में नर्चस ने आया था, वे भी हैं।	0.685635507106781	0.30268236994743347	0.28564387559890747
Please feed the dog every day.	कुत्ते को रोज़ खिलाईएगा।	किसी को भोजन देने चाहिए दिन-प्रतिदिन।	0.7047138810157776	0.5053964257240295	0.5782134532928467
I have no such blood on my hands.	मैं अपने हाथों पर ऐसी कोई खून है.	मैं ऐसी भी हस नहीं द रखती हूँ.	0.754702627658844	0.3759080469608307	0.2787475883960724
_Previous	पिछला (_P)	Yes	0.6690863370895386	0.5438732504844666	0.4939735531806946
Each of you will clear out his nuclear closet immediately.	आप में से हर तुरंत उसके परमाणु कोठरी से बाहर साफ हो जाएगा.	यह सभी अपनी न्यूकस्लॉक से साफ़ कर लेंगे।	0.7398489117622375	0.5184089541435242	0.5367223024368286
a revelation from Him Who created the earth and the high heavens.	भली-भाँति अवतरित हुआ है उस सत्ता की ओर से, जिसने पैदा किया है धरती और उच्च आकाशों को	इससे ज्यादा ज्यादा क्रियात्मक और पूरी तरह से व्यावहारिक होने के लाभों से यह जानकारी प्राप्त करने वाले श्लोकों के लाभों से तैयार किए जाते हैं।	0.6533246040344238	0.4009567201137543	0.40014857053756714
_Port:	पोर्ट (_P):	राजत्व:	0.723349392414093	0.4993270933628082	0.5500996708869934
(LOUD BOOM)	(ज़ोर बूम)	(डब्ल्क)	0.8034915328025818	0.5843117237091064	0.3872906565666199
_Time divisions:	काल विभाजन (_T):	-	0.6396384835243225	0.5217720866203308	0.02861637994647026
This is the seventh incident in the past few days.	हाल के दिनों में हुई यह सातवीं घटना है।	कुछ ही दिनों पहले में ही इसका संकेत होता है।	0.7396761178970337	0.5008431673049927	0.5353487730026245
They're well-trained and they're well-organized.	वे अच्छी तरह से प्रशिक्षित हैं और वे अच्छी तरह से आयोजित कर रहे हैं.	वे बहुत अच्छे हैं और वे बहुत अच्छे रूप से संगठन हैं।	0.8181796669960022	0.5764905214309692	0.5604760646820068
O you who have faith! Should any of you desert his religion, Allah will soon bring a people whom He loves and who love Him, [who will be] humble towards the faithful, stern towards the faithless, waging jihad in the way of Allah, not fearing the blame of any blamer. That is Allah’s grace, which He grants to whomever He wishes, and Allah is all-bounteous, all-knowing.	ऐ ईमानदारों तुममें से जो कोई अपने दीन से फिर जाएगा तो (कुछ परवाह नहीं फिर जाए) अनक़रीब ही ख़ुदा ऐसे लोगों को ज़ाहिर कर देगा जिन्हें ख़ुदा दोस्त रखता होगा और वह उसको दोस्त रखते होंगे ईमानदारों के साथ नर्म और मुन्किर (और) काफ़िरों के साथ सख्त ख़ुदा की राह में जेहाद करेंगे और किसी मलामत करने वाले की मलामत की कुछ परवाह न करेंगे ये ख़ुदा का फ़ज़ल (व करम) है वह जिसे चाहता हे देता है और ख़ुदा तो बड़ी गुन्जाइश वाला वाक़िफ़कार है	"मध्य काल के प्रस्तुत वाक्य:
ऐसा जो ईसा धर्म के लोग हैं, वे ईसा धर्म के लोग नहीं हैं और वे ईसा धर्म से दूर हो कर देने के लोकतः हैं।"	0.640200138092041	0.27946075797080994	0.19299128651618958
We can't afford it. It's up to you	ये हमारी पहुँच के बाहर है अब सब कुछ तुमाहरे ऊपर है	अरे भी नहीं खर्ची हो सकती है। यours से न भालें	0.6573220491409302	0.2937943935394287	0.06268513947725296
I am quite exciting to show you something	मैं काफी आप कुछ दिखाने के लिए रोमांचक हूँ	ज्या की ताज़ार हूँ तो मैं शायद से विश्णति के लिए यहाँ आ रही हूँ	0.7351691722869873	0.39988234639167786	0.16586528718471527
I THINK YOU SHOULD TAKE MORE RESPONSIBILITY.	मैं आप अधिक जिम्मेदारी लेनी चाहिए.	मुझे लगेगा कि आपको ज्यारी के प्रति काम करने के लाभ हैं।	0.7217490673065186	0.45556944608688354	0.4566769599914551
No contacts	कोई संपर्क नहीं	यह सही है	0.7032526135444641	0.5335316061973572	0.38785165548324585
Gnome Calendar's calendar import done	ग्नोम पंचांग से पंचांग को आयात किया गया	जिस कोई import कैलेंडर को कर रहा है उसे ग्नेम कैलेंडर डोने हुआ हैं।	0.6907163262367249	0.38382479548454285	0.14665290713310242
[children chattering]	[बच्चे गपशप करते हैं]	अरे!	0.6274091005325317	0.3821268677711487	0.08651334047317505
Let's take him to the hospital.	इन्हें अस्पताल ले चलो.	लेकिन उन्हें अपने घर पर रखें.	0.7533231973648071	0.3731782138347626	0.46144962310791016
Verily they found their fathers gone astray.	उन लोगों ने अपन बाप दादा को गुमराह पाया था	जैसा कि वे अपने पिताज़िनों के पल्ल दिख रहे थे।	0.7010070085525513	0.4732988178730011	0.4205055236816406
When you return, they will swear to you by God so that you may leave them alone, so leave them alone. They are unclean, and Hell will be their home as a reward for their actions --	जब तुम पलटकर उनके पास जाओगे तो वे तुम्हारे सामने अल्लाह की क़समें खाएँगे, ताकि तुम उन्हें उनकी हालत पर छोड़ दो। तो तुम उन्हें छोड़ ही दो। निश्चय ही वे गन्दगी है और उनका ठिकाना जहन्नम है। जो कुछ वे कमाते रहे है, यह उसी का बदला है	"मूल्य:
जब आप लौटने आएंगे, तब उन्होंने भगवन की प्रतिवादी घोषणा की यहाँ कहा हुआ है है कि वे अपने लौटने के समय से ही दूर रहें |"	0.6761730909347534	0.3209591209888458	0.26632213592529297
Lao-Tsé.	लाओ त्से.	सांकित जानकारी से सुनने्यारा, तथा व fidelity के लाभ होते हैं।	0.6483494639396667	0.30825307965278625	0.12374208867549896
Tell them we need more time!	हम समय से बाहर हैं.	बिल्टो!	0.674263060092926	0.3720172643661499	0.23641501367092133
Moses said: Speak ye (so) of the Truth when it hath come unto you? Is this magic? Now magicians thrive not.	"मूसा ने कहा, ""क्या तुम सत्य के विषय में ऐसा कहते हो, जबकि यह तुम्हारे सामने आ गया है? क्या यह कोई जादू है? जादूगर तो सफल नहीं हुआ करते।"""	मॉस ने कहा: जो तुम्हें सही ज्ञान प्राप्त हुई तो जो चुकी तुम्हारा हो प्यारी मार्ग्यात्मक तो जो स्थायी प्रगतिमन तो जो सची ज्ञान प्राप्त किया तो मॉस ने कहा।	0.7022835612297058	0.31972798705101013	0.08344720304012299
How can a queen who can't defend herself rule this kingdom, King?	एक रानी जो अपनी रक्षा नहीं कर सकती वो कैसे इस साम्राज्य पर शासन करेगी महाराजा?	राजा की कैसे राजकुमारी राज्य को रक्षा नहीं कर सकते के रक्षा कर सकते के कुछ नहीं किये |	0.7432674169540405	0.46639755368232727	0.3235112428665161
And Noah cried unto his Lord and said: My Lord! Lo! my son is of my household! Surely Thy promise is the truth and Thou are the Most Just of Judges.	"नूह ने अपने रब को पुकारा और कहा, ""मेरे रब! मेरा बेटा मेरे घरवालों में से है और निस्संदेह तेरा वादा सच्चा है और तू सबसे बड़ा हाकिम भी है।"""	नोए के ने अपने राजा और ने अपन बेटा माइकल (माइकल का मात्रा माइकल की होती) के लिए निर्णय के लिए तैयार हो कि प्रारंभिक निर्णय के लिए तैयार हो कि प्राप्त निर्णय के लिए तैयार हो कि प्राप्त निर्णय के लिए तैयार हो कि प्राप्त निर्णय के लिए तैयार हो कि प्राप्त निर्णय के लिए तैयार हो कि प्राप्त निर्णय के लिए तैयार हो कि प्राप्त निर्णय के लिए तैयार हो कि प्राप्त निर्णय के लिए तैयार हो कि प्राप्त निर्णय के लिए तैयार हो कि प्राप्त निर्णय के लिए तैयार हो कि प्राप्त न	0.578245222568512	0.2399890273809433	0.04044794663786888
Its my name.	इसका मेरे नाम.	मेरा नाम है।	0.8606781959533691	0.8252184987068176	0.771888792514801
Created they the heavens and the earth! Aye! they will not be convinced.	या उन्होंने आकाशों और धरती को पैदा किया?	जीवित ज्ञान के heaven और earth पर प्रभाव कैसे होगा ? एकye!	0.6969640851020813	0.442515105009079	0.25306305289268494
That's all from me.	मेरी तरफ से यही.	मैंने नहीं कहा था कि मैंने नहीं कहा था कि मैंने नहीं कहा था	0.6390894055366516	0.2848520576953888	0.04594643414020538
God is the guardian of even those who have chosen others (idols) besides Him as their guardians (Muhammad), you will not have to answer for them.	और जिन लोगों ने उससे हटकर अपने कुछ दूसरे संरक्षक बना रखे हैं, अल्लाह उनपर निगरानी रखे हुए है। तुम उनके कोई ज़िम्मेदार नहीं हो	यह जानकारी सुनी नहीं रही कि गोद से गर्घ दूसरों (idोल) के रूप में है और यही होगा यदि वे दूसरों के रूप में हो पाएँ	0.6540386080741882	0.2973930835723877	0.18966518342494965
[ CAR HORNS HONK ]	[कार सींग हार्न]	अन्य जानकारी नहीं कर सकती। [ CAR HORNS HONK ]	0.6940560340881348	0.42181193828582764	0.285286009311676
The application no longer exists	अनुप्रयोग अब मौजूद नहीं है	अन्य ऐप का प्रयोग करने के लिए	0.6552333831787109	0.4686521589756012	0.38921111822128296
Fuck this tiger. Oh, my God.	मैंने कहा था कि.	अरे, तेरी शुभ हस्त,God।	0.6211625933647156	0.26979750394821167	0.41938868165016174
- Yes.	- हाँ.	जी हाँ।	0.8145980834960938	0.8962923884391785	0.9312915802001953
All I ever wanted was to protect you!	सभी मैं कभी भी चाहते थे आप की रक्षा के लिए था!	किसी भी जानकारी जिसे हानिकारक हो सकती है, उसे मैंने चाहूँ!	0.718756377696991	0.39920249581336975	0.2359192818403244
And We taught him the fashioning of coats of armor to protect you from your [enemy in] battle. So will you then be grateful?	और हमने उसे तुम्हारे लिए एक परिधान (बनाने) की शिल्प-कला भी सिखाई थी, ताकि युद्ध में वह तुम्हारी रक्षा करे। फिर क्या तुम आभार मानते हो?	जो ने बताया कि वे कोats कोarmर को protecting युद्ध से सुरक्षित होगे ?	0.6767608523368835	0.29543212056159973	0.21031500399112701
Could not scan folder '%s': %s	'%s' फ़ोल्डर स्कैन नहीं कर सकता है: %s	क्या प्राप्त किया जा सके फ़ोल्डर '%s':%s नोट करने वाले कोई भी विवरण नहीं कर सकते हैं।	0.8035511374473572	0.5167992115020752	0.3205930292606354
Location at (date)	स्थान (तिथि) पर	(रिलीज़)	0.6458882093429565	0.5454662442207336	0.3306733965873718
/ No, I'm not good with that.	/ नहीं, मैं अच्छा है कि के साथ नहीं हूँ.	अरे, क्या नहीं सुन सकती कैसे हो सकती है और कैसे हो सकती है।	0.7121235728263855	0.295333594083786	0.10174275934696198
If we do the job , we are on the dry in two or three years.	हम काम करते हैं , हम दो या तीन वर्षों में, सूखे में हैं.	अगर हमने किया है तो हमें चारों साल तक का दहेज लिया जाएगा।	0.6995704770088196	0.3944503962993622	0.23670534789562225
Then We set you upon a pathway of faith, so follow it, and do not follow the inclinations of those who do not know.	फिर हमने तुम्हें इस मामलें में एक खुले मार्ग (शरीअत) पर कर दिया। अतः तुम उसी पर चलो और उन लोगों की इच्छाओं का अनुपालन न करना जो जानते नहीं	जिस प्रक्रिया में आप सही रूप से चल रहे हैं, उस प्रक्रिया के निर्देश का पालन करें और निर्देश के पालन से होने वाले बिगging के प्रभाव को निर्धारित रूप से राजी करें।	0.6684719324111938	0.46352580189704895	0.3995268940925598
/clear: clear all messages from the current conversation	/clear: मौजूदा वार्तालाप से सभी संदेशों को रिक्त करें	यह सही है कि हमें इस टिप्पण को हटाने दूँ क्या और हमें इस टिप्पण को बदलने दूँ कैसे	0.6478419899940491	0.3669602572917938	0.13738657534122467
_Discard Changes	परिवर्तन को छोड़ें (_D)	सही बदलाव नहीं कर सकते।	0.6884357929229736	0.4575689733028412	0.5283827185630798
_Type an email address or drag a contact into the list below:	ईमेल पता टाइप करें या निम्न सूची में संपर्क लाएँ (_T):	"विषय:
मेल स्ट्रीट या कॉन्टैक्ट को ज़्यारा से ज़्यारा स्ट्रीट में डालना होगा:
-ये ज़्यारा स्ट्रीट में स्ट्रीट स्ट्रीट में ज़्यारा स्ट्रीट स्ट्रीट में ज़्यारा स्ट्रीट स्ट्रीट में ज़्यारा स्ट्रीट स्ट्रीट में ज़्यारा स्ट्रीट स्ट्रीट में ज़्यारा स्ट्रीट स्ट्रीट में ज़्यारा स्ट्रीट स्ट्रीट में ज़्यारा स्ट्रीट स्ट्रीट में ज़्यारा स्ट्रीट स्ट्रीट में ज़्यारा स्ट्रीट स्ट्रीट में ज़्यारा स्ट्रीट स्ट्रीट में ज़्यारा स्ट्रीट स्ट्रीट में ज़्यारा स्ट्रीट स्ट्रीट में ज़्यारा स्ट्रीट"	0.5352470874786377	0.27380189299583435	0.032725393772125244
Ellipsize	एल्लिप्साइज	जलवाहिनी कर सकते हैं।	0.6917552351951599	0.39890316128730774	0.35836881399154663
And when our verses are recited to him, he turns away arrogantly as if he had not heard them, as if there was in his ears deafness. So give him tidings of a painful punishment.	जब उसे हमारी आयतें सुनाई जाती हैं तो वह स्वयं को बड़ा समझता हुआ पीठ फेरकर चल देता है, मानो उसने उन्हें सुना ही नहीं, मानो उसके काम बहरे है। अच्छा तो उसे एक दुखद यातना की शुभ सूचना दे दो	जैसा कि हमारी गीत-वाकई verses रची गईं, वैसी ही व्यवहार का प्रतिवादी हूँ कि हमारी जानकारी देने के लिए इनसे तोड़-खारी हो सकता हूँ, कि हमारी सूचना देने के लिए भी इनसे तोड़-खारी हो सकता हूँ।	0.6495953798294067	0.34354329109191895	0.1341530680656433
A value to be used to override sans-serif desktop font when use-gnome-fonts is set.	सॉ सेरिफ़ डेस्कटॉप फ़ॉन्ट ओवरराइड जब सूक्ति फोंट का उपयोग करने के लिए इस्तेमाल किया जा मान सेट कर दिया जाता है.	किसी संस्करण के कंप्युटर फ़ॉन्ट के लिए ओवरराइड से इस्तेमाल करने वाले संख्या व्युतर्लु हैं जिन्हें इस्तेमाल करने वाले संख्या व्युतोषिति के लाभ हैं जो संस्कृति द्वारा दिया गया है।	0.7417019605636597	0.4698965847492218	0.39122268557548523
At the moment things are very calm, very relaxed.	इस समय सब कुछ बहुत शांत है, शिथिल हैं.	मुख्य रूप से यह कहने की किसी भी जानकारी योग्य है।	0.7007851600646973	0.3472326695919037	0.23178762197494507
[ DOOR OPENS, CLOSES ]	[दरवाजा खोलता है, बंद]	बात करना, बात करने के लिए डोर ओपन करने के लिए स्थापित	0.6512370109558105	0.3961816132068634	0.3194104731082916
realm	रियल्म	स्वराज	0.7839179039001465	0.5884295105934143	0.8487929105758667
"And [mention, O Muhammad], when Allah took a covenant from those who were given the Scripture, [saying], ""You must make it clear to the people and not conceal it."" But they threw it away behind their backs and exchanged it for a small price. And wretched is that which they purchased."	"याद करो जब अल्लाह ने उन लोगों से, जिन्हें किताब प्रदान की गई थी, वचन लिया था कि ""उसे लोगों के सामने भली-भाँति स्पट् करोगे, उसे छिपाओगे नहीं।"" किन्तु उन्होंने उसे पीठ पीछे डाल दिया और तुच्छ मूल्य पर उसका सौदा किया। कितना बुरा सौदा है जो ये कर रहे है"	अरे, यहाँ [यौगम], के लिए यह कुछ हुआ है, और वे कुछ खरीद थे।	0.6666074991226196	0.2590987980365753	0.14737190306186676
Heh.	हेह...	हे नहीं।	0.7872925400733948	0.7222407460212708	0.574735164642334
DOKE:	DOKE:	"डॉक्टर के कार्य:
डॉक्टर के कार्य:
डॉक्टर के कार्य:
डॉक्टर के कार्य:
डॉक्टर के कार्य:
डॉक्टर के कार्य:
डॉक्टर के कार्य:
डॉक्टर के कार्य:
डॉक्टर के कार्य:
डॉक्टर के कार्य:
डॉक्टर के कार्य:
डॉक्टर के कार्य:
डॉक्टर के कार्य:
डॉक्टर के कार्य:
डॉक्टर के कार्य:
डॉक्टर के कार्य:
डॉक्टर के कार्य:
डॉक्टर के कार्य:
डॉक्टर के कार्य:
डॉक्टर के कार्य:
डॉक्टर के कार्य:
डॉक्टर के कार्य:
डॉक्टर के कार्य:
डॉक्टर के कार्य:
डॉक्टर के कार्य:
डॉक्टर के कार्य:
डॉक्टर के कार्य:
डॉक्टर के कार्य:
डॉक्टर क"	0.5687269568443298	0.2579199969768524	0.13957615196704865
- It's pretty awesome. - We'll take it.	नहीं, यह बहुत शांत है.	जिस जो कुछ है उसे लेकर से नहीं लिया लिये जाते हैं।	0.7074779272079468	0.27658769488334656	0.14853650331497192
Name	नाम	मूल	0.7207262516021729	0.7791661620140076	0.9117577075958252
MINUS ONE XBOX, £150, EQUALS?	शून्य से एक Xbox, £ 150 के बराबर होती है?	अन्य 1 Xबॉक्स, 150, के बराबर?	0.7840738296508789	0.4560009837150574	0.5542008876800537
Ellen's wallet.	एलेन का बटुआ. .	एलेन का पैस्ट।	0.8609910011291504	0.5369198322296143	0.554979145526886
Cumulative	क्युमुलेटिव	संक्षल	0.7345157265663147	0.44776031374931335	0.2717617154121399
An image of a petrol bomb exploding - which is ludicrous, because we use biodiesel, not petrol!	एक पेट्रोल बम विस्फोट की तस्वीर छपी है जो कि एक बिल्कुल बेतुकी बात है, क्योंकि हम तो बायोडीज़ल प्रयोग करते हैं!	मूल्यों का एक सही और पूर्ण सारांबन।	0.6322705149650574	0.31751376390457153	0.36531883478164673
man #2:	पुरुष #2:	जानकारी से बदला नहीं कह सकते, संकेत कर सकते हैं।	0.596643328666687	0.337673157453537	0.18561920523643494
"So We have taught thee the inspired (Message), ""Follow the ways of Abraham the True in Faith, and he joined not gods with Allah."""	"फिर अब हमने तुम्हारी ओर प्रकाशना की, ""इबराहीम के तरीक़े पर चलो, जो बिलकुल एक ओर का हो गया था और बहुदेववादियों में से न था।"""	"जो हमने दर्शाया (संदेश) दिया ""ाब्रा वाले जो सच में सचिव हैं, तथा वे सच में सचिव नहीं बन कर नहीं लिखके कार्य के लिए भी जिम्मदियगिरी रखते हैं, ""बिल्ली वाले जो सच में सचिव हैं, तथा वे सच में सचिव नहीं बन कर नहीं लिखके कार्य के लिए जिम्मदियगिरी रखे हैं, ""दिलचस्प वाले जो सच में सचिव हैं, तथा वे सच में सचिव नहीं बन कर नहीं लिखके कार्य के लिए जिम्मदियगिरी रखे हैं, ""सहस्रकार वाले जो सच में सचिव हैं, तथा वे सच में सचिव नहीं बन कर नहीं लिखके कार्य के लिए जिम्मदियगिरी रखे हैं, ""दिलचस्प वाले जो सच में सचिव"	0.5641670823097229	0.4228576421737671	0.08137226104736328
"The people of Noah denied before them, and they denied Our servant and said, ""A madman,"" and he was repelled."	"उनसे पहले नूह की क़ौम ने भी झुठलाया। उन्होंने हमारे बन्दे को झूठा ठहराया और कहा, ""यह तो दीवाना है!"" और वह बुरी तरह झिड़का गया"	नोएह के लोग पहले उनमें से और नोएह का सेवक थे. नोएह के लोग पहले उनमें से और नोएह का सेवक थे.	0.6184837222099304	0.3458375632762909	0.39788204431533813
Aunty..you joined hands with the enemy and betrayed me.	Aunty.. you दुश्मन के साथ हाथ मिलाया और मुझे धोखा दिया।	अनन्य जानकारी निकालने वाले व्यक्ति ने मेरी प्रतिक्षिति की प्रतिक्षिति से स्वीकृत की प्रतिक्षिति से व्युत्पन्न हुआ कणिज।	0.6541011929512024	0.27555206418037415	0.1495962142944336
"When they reached David, he took fright, but they said, ""Do not be afraid. We are two disputants, one of whom has wronged the other: judge between us fairly, do not be unjust, and guide us to the right path."	"जब वे दाऊद के पास पहुँचे तो वह उनसे सहम गया। वे बोले, ""डरिए नहीं, हम दो विवादी हैं। हममें से एक ने दूसरे पर ज़्यादती की है; तो आप हमारे बीच ठीक-ठीक फ़ैसला कर दीजिए। और बात को दूर न डालिए और हमें ठीक मार्ग बता दीजिए"	जिस समय से डाविड के प्रति ने डर्प नेता होने की डर्भिकत है, वे दोना ही संघर्षी हैं।	0.6543787717819214	0.3496781289577484	0.2283339947462082
Now stop and listen.	अब बंद करो और सुनने।	अब सो और सुनें।	0.8693707585334778	0.6266183853149414	0.8154653310775757
Save the current file	वर्तमान फ़ाइल सहेजें	current के लिए सेव कर	0.6936304569244385	0.5613356232643127	0.3427068591117859
The believers must not establish friendship with the unbelievers in preference to the faithful. Whoever does so has nothing to hope for from God unless he does it out of fear or taqiyah (pious dissimulation). God warns you about Himself. To God do all things return.	ईमानवालों को चाहिए कि वे ईमानवालों से हटकर इनकारवालों को अपना मित्र (राज़दार) न बनाएँ, और जो ऐसा करेगा, उसका अल्लाह से कोई सम्बन्ध नहीं, क्योंकि उससे सम्बद्ध यही बात है कि तुम उनसे बचो, जिस प्रकार वे तुमसे बचते है। और अल्लाह तुम्हें अपने आपसे डराता है, और अल्लाह ही की ओर लौटना है	अन्य लोगों के साथ वफादारी करने से कुछ नहीं होते और फिर से हो सकते हैं कि भगवन की प्रतिरूपण विविधता को प्रभावशाली और निष्ठाप्रदाना है ।	0.659096360206604	0.3344888389110565	0.3785616159439087
Assistant Engineer, Jagat Ram Chaudhary, has been sent from Guglada (Kangra) to the Kangra sub-division.	असिस्टेंट इंजीनियर जगत राम चौधरी को गुगलाड़ा (कांगड़ा) से कांगड़ा सब डिवीजन भेजा है।	जागतच राम चौहार्टी से जाती हैं।	0.7069692611694336	0.39560821652412415	0.1556868702173233
Let me look at ya.	मुझे फिर देखो.	डॉक्टर की तरफ से नहीं।	0.6838659644126892	0.3878326416015625	0.419737845659256
What reason do I have to lie?	वन और नहीं कच्चे लोहे का ढलाई खाना एक साथ रह सकते हैं?	यह लिखें कि: मैं कुछ भी नहीं लिख सकता है।	0.6676117181777954	0.29359209537506104	0.17666533589363098
except those to whom Allah shows mercy. He is the Most Mighty, the Most Compassionate.	मगर जिन पर ख़ुदा रहम फरमाए बेशक वह (ख़ुदा) सब पर ग़ालिब बड़ा रहम करने वाला है	अन्यों के के रूप में हैं जिन्हें Allah की मERCY के बारे में नहीं कहा तो है कि वे ज़्बरफ़ के हो सकते हैं।	0.6753480434417725	0.3019309341907501	0.1223149448633194
Lewis able to pick up.	लुईसलेनेमेंसक्षम.	लेविस ने सुना।	0.7260642051696777	0.524618923664093	0.24091455340385437
And (it is) for the poor fugitives who have been driven out from their homes and their belongings, who seek bounty from Allah and help Allah and His messenger. They are the loyal.	(इस माल में) उन मुफलिस मुहाजिरों का हिस्सा भी है जो अपने घरों से और मालों से निकाले (और अलग किए) गए (और) ख़ुदा के फ़ज़ल व ख़ुशनूदी के तलबगार हैं और ख़ुदा की और उसके रसूल की मदद करते हैं यही लोग सच्चे ईमानदार हैं और (उनका भी हिस्सा है)	जिस व्यक्ति को जाति से भेद भी हो सकता है, जो के सामान्य हो सकता है, जो के मिति से भेद भी हो सकता है, उन्हें दोनों भी हो सकता है।	0.63279128074646	0.2812199294567108	0.29740601778030396
Delete _expunged from local Inbox	स्थानीय इनबॉक्स से मिटाकर हटाएँ (_e)	मूल से हटा दें	0.7710537910461426	0.5192009210586548	0.6534098386764526
Automated test to store bluetooth device information in checkbox report	स्वचालित परीक्षण चेकबॉक्स रिपोर्ट में ब्लूटूथ डिवाइस की जानकारी डालनें के लिये	ब्लूटचेक स्टोरेज ब्लूटचेक डिवाइस सूचना की स्टेशन रिपोर्ट में ब्लूटचेक स्टोरेज डिवाइस सूचना की स्टेशन रिपोर्ट में	0.7155638933181763	0.44576993584632874	0.20064318180084229
Ten clams, it's yours.	दस क्लेम, यह तुम्हारा है.	किसी के दस क्लाम लेने के लिहस्सू के कार्य के लिहस्सू के क्लाम देने के लिहस्सू के क्लाम लेने वाले लिहस्सू के क्लाम लेने वाले लिहस्सू के क्लाम लेने वाले लिहस्सू के क्लाम लेने वाले लिहस्सू के क्लाम लेने वाले लिहस्सू के क्लाम लेने वाले लिहस्सू के क्लाम लेने वाले लिहस्सू के क्लाम लेने वाले लिहस्सू के क्लाम लेने वाले लिहस्सू के क्लाम लेने वाले लिहस्सू के क्लाम लेने वाले लिहस्सू के क्लाम लेने वाले लिहस्सू के क्लाम लेने वाले लिहस्सू के	0.5520411133766174	0.2697075605392456	0.01216602511703968
Ninety five!	पिंचानवें!	जितनी!	0.7996624708175659	0.5116850733757019	0.5243828296661377
Yeah.	हाँ.	जी हुआ।	0.8034669160842896	0.726426362991333	0.6057747602462769
Attachment Reminder	संलग्नक स्मारक	अतिरिक्त की प्रतीक्षा करें	0.6873037815093994	0.4935953915119171	0.5052964687347412
We were far from each other.	हम एक दूसरे से दूर थे.	हम एक दूसरे बहुत दूर नज़रें रखते हैं।	0.8571687340736389	0.6689938902854919	0.5654793381690979
And maybe we'll get coffee in bed on Sunday mornings even.	और शायद हमें कॉफी मिलेगी बिस्तर में रविवार की सुबह.	कुछ जानकारी चाहे Sunday रातों में चाया किया जाए तो कुछ भी अच्छा होता	0.667009174823761	0.3839563727378845	0.17238707840442657
[TV] He's been identified as Alan Seagrave, a prominent Chicago C.P.A.	[वी] उन्होंने एलन Seagrave, एक प्रमुख शिकागो सीपीए के रूप में पहचान की गई है	अलान सेग्राव के रूप में चेकेड सीवरवाडे का नाम है।	0.6824131011962891	0.4331759512424469	0.4790498614311218
So this is it, I'm literally down on my knees.	तो अभी मैं अपने घुटनों पर हूं.	जैसा कि यह है सिर्फ यह है, मैं वैसा मान कर लिख रहा हूँ।	0.7473515272140503	0.41759154200553894	0.2561989724636078
Most of them are dead already.	उनमें से अधिकांश पहले से ही मर चुके हैं।	ज्या कुछ हो सकते हैं वे सब मृत्यु हो चुके हैं।	0.7530884146690369	0.5131845474243164	0.28902703523635864
Create a search folder for this sender	इस प्रेषक के लिए खोज फ़ोल्डर बनाएँ	यह सender के लिए एक सोधरी फ़ॉल्डर होगा	0.8040381669998169	0.5152162909507751	0.262584388256073
File transfer not supported by remote contact	फाइल हस्तांतरण दूरस्थ संपर्क द्वारा समर्थित नहीं	रिमोट से दूर संपर्क नहीं कर सकते	0.7710049152374268	0.5522376894950867	0.7370213270187378
Shutter sound	शटर आवाज	शटर साउन	0.7911962866783142	0.5305483937263489	0.49503907561302185
Error renaming tag	टैग का नाम बदलने में त्रुटि	रेंaming टैग के साथ गलत है	0.7423330545425415	0.4475831687450409	0.29512819647789
Let me what the hell can you do!	चलो देखता हूँ तुम क्या कर सकते हो.	मैं क्या कर सकता हूँ!	0.8169065713882446	0.7636963129043579	0.6188057065010071
I'll hold it!	मैं यह आयोजन करेगा!	बिलकुल!	0.7013410925865173	0.5470865368843079	0.497347354888916
What is your business then?	आपके व्यापार तो क्या है?	What is your business then?	0.7469260692596436	0.7488373517990112	0.5090288519859314
Who's Madi?	मादी कौन है?	मेडी कौन है?	0.9462629556655884	0.8539822697639465	0.6816747188568115
He is less impatient than his father.	उसमें उसके पिता जितनी बेसब्री नहीं थी।	जैसे पूरा परिवार विविधता से भरा होता है।	0.6651434898376465	0.4111699163913727	0.4949774742126465
In doing that, hopefully, you hoped that... ..governments would seek another path to solving climate change, which wouldn't be a capital-based money system.	ऐसा करने से, आशा है आप आशावान हुए होंगे कि सरकारें जलवायु परिवर्तन को सुलझाने के लिए कोई दूसरा रास्ता ढूंढेगीं, जो कि एक धन-आधारित आर्थिक व्यवस्था नहीं होगी.	जिस तरह से किया तो हो सकती है, हो सकती है... ...लोगों को climate change के साथ कैसे हो सकता है, इसके कोई ज्ञात्मक हो सकते हैं।	0.6629049777984619	0.3690754473209381	0.2870619297027588
Contact ID already exists	वस्तु ID पहले से मौजूद	संपर्क ID पहले से मौजूद	0.9183886647224426	0.9306600093841553	0.9138901829719543
Close	#-#-#-#-# balsa.HEAD.hi.po (Balsa 2.x) #-#-#-#-# बन्द करें #-#-#-#-# gedit.gnome-2-2.hi.po (gedit VERSION) #-#-#-#-# बंद करें	यह सही है।	0.5531351566314697	0.251661479473114	0.3022756278514862
Dennis Jones reflects on the nation's progress.	डेनिस जोन्स इस देश की प्रगति का जायजा ले रहे हैं।	यह सुनना भी सहाजी है कि देश की प्रगति की पूरी जानकारी इस प्रक्रिया के दौरान दी जाती है।	0.745069146156311	0.6521900296211243	0.5271138548851013
All further errors shown only on terminal.	आगे की सभी त्रुटियां सिर्फ टर्मिनल पर दिखाएँ.	किसी भी जानकारी जो बदल सकती है, उसे टर्न नहीं, हट कर, और उस पर कोई बदलाव नहीं होगा।	0.6671237349510193	0.37644335627555847	0.2169787883758545
"Have you not seen those who were told to hold back their hands (from fighting) and perform As-Salat (Iqamat-as-Salat), and give Zakat, but when the fighting was ordained for them, behold! a section of them fear men as they fear Allah or even more. They say: ""Our Lord! Why have you ordained for us fighting? Would that you had granted us respite for a short period?"" Say: ""Short is the enjoyment of this world. The Hereafter is (far) better for him who fears Allah, and you shall not be dealt with unjustly even equal to the Fatila (a scalish thread in the long slit of a date-stone)."	(ऐ रसूल) क्या तुमने उन लोगों (के हाल) पर नज़र नहीं की जिनको (जेहाद की आरज़ू थी) और उनको हुक्म दिया गया था कि (अभी) अपने हाथ रोके रहो और पाबन्दी से नमाज़ पढ़ो और ज़कात दिए जाओ मगर जब जिहाद (उनपर वाजिब किया गया तो) उनमें से कुछ लोग (बोदेपन में) लोगों से इस तरह डरने लगे जैसे कोई ख़ुदा से डरे बल्कि उससे कहीं ज्यादा और (घबराकर) कहने लगे ख़ुदाया तूने हमपर जेहाद क्यों वाजिब कर दिया हमको कुछ दिनों की और मोहलत क्यों न दी (ऐ रसूल) उनसे कह दो कि दुनिया की आसाइश बहुत थोड़ा सा है और जो (ख़ुदा से) डरता है उसकी आख़ेरत उससे कहीं बेहतर है	मुक्ति के इस संसार में जो लोग हैं वे लोगों के प्रति है वे विनम्रता वाले हैं।	0.6095108985900879	0.2864815890789032	0.2872714102268219
Sorry, I can't pick you up.	सॉरी, मैं तुम्हें कॉलेज लेने नहीं आ पाया.	अरे, मैं आपको ले नहीं सकती।	0.7649970650672913	0.5301516652107239	0.5238825082778931
What today?	आज क्या चाहीये?	जैसा कि हुआ?	0.7617083191871643	0.5541839003562927	0.41894423961639404
X-Mailer:	एक्स- मेलर:	किसी भी जानकारी जोड़न, रोकने, या बदलने की कोई कार्य हो सकता है।	0.6295245885848999	0.285829097032547	0.05235781520605087
"When We said to you: ""Verily your Lord circumscribes mankind,"" and showed you the vision and the accursed tree of the Qur'an, it was as a bone of contention for men. Thus do We (instil) fear in them; but they only transgress the more."	और (ऐ रसूल) वह वक्त याद करो जब तुमसे हमने कह दिया था कि तुम्हारे परवरदिगार ने लोगों को (हर तरफ से) रोक रखा है कि (तुम्हारा कुछ बिगाड़ नहीं सकते और हमने जो ख्वाब तुमाको दिखलाया था तो बस उसे लोगों (के ईमान) की आज़माइश का ज़रिया ठहराया था और (इसी तरह) वह दरख्त जिस पर क़ुरान में लानत की गई है और हम बावजूद कि उन लोगों को (तरह तरह) से डराते हैं मगर हमारा डराना उनकी सख्त सरकशी को बढ़ाता ही गया	जैसे हमने कहा था : “वरदन के लिखे गए शब्दों के संकट में हमें बसी भलाई”	0.6421802043914795	0.29631346464157104	0.18244698643684387
Those who ward off (evil) are not accountable for them in aught, but the Reminder (must be given them) that haply they (too) may ward off (evil).	उनके हिसाब के प्रति तो उन लोगो पर कुछ भी ज़िम्मेदारी नहीं, जो डर रखते है। यदि है तो बस याद दिलाने की; ताकि वे डरें	जो लोग किसी भी तरह को हानी या हानिकारक को प्रेरित करते हैं, वे लोगों के लिए ज्यादा होते हैं।	0.6714034676551819	0.3680216372013092	0.3826747536659241
But we could hold our own in a fight.	लेकिन हम एक लड़ाई में हमारी अपनी पकड़ सकता है.	पर हम अपनी लड़ाई में हो सकते हैं।	0.8547423481941223	0.5155690312385559	0.547802209854126
"And they say: ""Our hearts are enfolded in covers."" In fact God has cursed them for their unbelief; and only a little do they believe."	"वे कहते हैं, ""हमारे दिलों पर तो प्राकृतिक आवरण चढ़े है"" नहीं, बल्कि उनके इनकार के कारण अल्लाह ने उनपर लानत की है; अतः वे ईमान थोड़े ही लाएँगे"	और वे कहते हैं: “हमारी आंखें छुपी हुईं बिना किसी के कारण”. हाँ, यह सच है और इसके केवल एक छोटी से संक्रमित हैं।	0.6983129382133484	0.41449490189552307	0.4476959705352783
Add Breakpoint…	ब्रेकपाइंट जोड़ें...	जो कुछ भी हो सकता है, उसे भी कॉपी किया किया किया दिखाया जाये	0.6609312891960144	0.37048056721687317	0.10499037802219391
Royal priest had predicted this calamity only.	राजगुरू इस त्रासदी की गणना कर चुके है.	यह किसी और का निर्णय नहीं होगा।	0.6918766498565674	0.4420328438282013	0.37282732129096985
I have managed to preserve Royce to end so that he knew would be coming.	मैं आ रहा होगा की रक्षा करने में कामयाब रहे कि Royce समाप्त करने के लिए इतना पता था वह.	रॉयसी को जारी रखा जाना और यह बताना कि कि वे जारी रहेंगे।	0.6781363487243652	0.3794919550418854	0.47672972083091736
The memo could not be deleted due to a dbus error: %s	dbus त्रुटि के कारण मेमो विलोपित नहीं किया जा सका: %s	मेम को डिलोक्शन से जोड़ा हो चुकी है क्यों।	0.6787077188491821	0.37163683772087097	0.1548931747674942
which is why we're seeing a recurrence of your symptoms.	हम आपके लक्षणों की एक पुनरावृत्ति क्यों देख रहे हैं जो है.	जिस कारण है वे आपकी दवा के प्रभाव का दौरान भी दिखाई के तौर पर हो रहे हैं।	0.7257184386253357	0.4213256537914276	0.29091599583625793
And then, among the fishes, a whale!	और फिर, मछलियों के बीच, एक व्हेल!	और thereafter, जिन्हें फिश, व्हैल, के रूप में दिखाया गया!	0.7272699475288391	0.4665302038192749	0.4240938425064087
Installed on:	इस पर संस्थापित:	रिकॉल्ड:	0.6983235478401184	0.5598791837692261	0.39263564348220825
And he drew forth his hand, and lo, it was white to the beholders.	और (जेब से) अपना हाथ बाहर निकाला तो यकायक देखने वालों के वास्ते बहुत सफेद चमकदार था	और उसने अपनी hand, और लो, it थी रंगिनी तो देखो.	0.6826956868171692	0.3542042076587677	0.20986993610858917
They assign daughters to Allah - glory be to Him - whereas they assign to themselves what they truly desire!	और वे अल्लाह के लिए बेटियाँ ठहराते है - महान और उच्च है वह - और अपने लिए वह, जो वे चाहें	यह कहते हैं कि लड़कियों को Allah के दर्दन्दन दान है - हे योग्य लोगों के लिए यह दान सुखद है!	0.6882773041725159	0.4290313720703125	0.27034449577331543
What would be the quickest way to find a-- some kind of solution?	एक खोजने के लिए तेज तरीका होगा क्या - समाधान की किसी तरह का?	जैसे कि कुछ प्रकार के समाधान?	0.7807681560516357	0.5409216284751892	0.4003121554851532
This was not a choice between You and Jacob.	इस याकूब और आप के बीच एक विकल्प नहीं था.	यह तुम और जकूब के बीच नहीं था.	0.8229943513870239	0.7649589776992798	0.8395949602127075
This version of mkisofs is not supported	mkisofs का संस्करण समर्थित नहीं है	यह संसाधित संसाठित नहीं हो सकती व्याख्यान।	0.691311776638031	0.38940832018852234	0.22431409358978271
"""Shipr."""	"""शिप्रा"""	"""Rip."""	0.7764161229133606	0.6420956254005432	0.43191099166870117
Hypnotherapy is a means of altering unwanted or dysfunctional behavior.	सम्मोहन फेरबदल करने का एक साधन है अवांछित या बेकार व्यवहार.	शिवन अभ्यासी ऐसे व्यवहार के परिणाम के बारें होते हैं।	0.715451180934906	0.3824467360973358	0.2248498648405075
Address Book	पता पुस्तिका	स्थान सबकी	0.7522933483123779	0.42788809537887573	0.21464082598686218
String	स्ट्रिंग	बोलती	0.7641578912734985	0.4672541320323944	0.17762483656406403
_End time:	अंत्य समय (_E):	जम्मदाद:	0.6787531971931458	0.5144654512405396	0.2485496997833252
No space	कोई ऐसा स्थान नहीं	-	0.6354982256889343	0.39969682693481445	0.015538712963461876
You see, that's fine.	देखा, ठीक है.	आप देखते हैं, हाँ ठीक है।	0.8273045420646667	0.7833364009857178	0.8284558057785034
Last thing we were thinking about was radiation shielding.	हम के बारे में सोच रहे थे अंतिम बात विकिरण परिरक्षण था.	किसी भी जानकारी या जानकारी के प्राप्त किए जाने वाले समय के बारे में थे	0.6736234426498413	0.399600625038147	0.3599984049797058
These things have been extinct for over 150 million years.	हन्ना: वे कहाँ जा रहे हैं? ट्रेवर:	जो भी ऐसा है वो भी पूरी तरह से 150 करोड़ साल पहले हो चुके है।	0.6479050517082214	0.369840532541275	0.3931007385253906
Eret, son of Eret!	एरेट, एरेट का पुत्र!	जो कि प्रेमी!	0.7284976243972778	0.48835813999176025	0.2936393618583679
What have you got there?	आप वहां क्या मिला है?	जो तुम्हें दिया है?	0.7874481081962585	0.6139518618583679	0.4425634741783142
I'm sorry, Erik, but I've seen what Shaw did to you.	मैं माफी चाहता हूँ, एरिक. लेकिन मैंने देखा है शॉ तुम्हारे साथ क्या किया.	नहीं प्रदान किए गए वाक्यों को सही और सह्य होने के लिए।	0.6178184151649475	0.2204558402299881	0.15280033648014069
If you're staying here, stop begging, otherwise, go away.	अगर तुम्हें यहाँ रहना हैं, भीख माँगना बंद करो; अन्यथा, जाओ यहां से.	अगर आप यहाँ रहें बैठें पैसे प्राप्त करें और अगर नहीं होता तो आप ठहरें कहाँ रहें रहे पैसे प्राप्त करें और	0.6709944009780884	0.3332751393318176	0.300484299659729
Use revision:	रिवीजन का उपयोग करें:	अन्य जानकारी देने (Revision) के लिए	0.6706656813621521	0.5141268372535706	0.2999720573425293
In the stinking rice paddies, it will decompose faster.	बदबूदार धान में यह तेजी से सड़ जाएगा.	जिस जिस जिस के लिए इससे तो कम समय की लाभद्दति होगी।	0.7003074884414673	0.31506165862083435	0.1952728033065796
But those who fear Allah and keep their duty to their Lord (Allah), for them are built lofty rooms; one above another under which rivers flow (i.e. Paradise). (This is) the Promise of Allah: and Allah does not fail in (His) Promise.	जो आग में (पड़ा) हो मगर जो लोग अपने परवरदिगार से डरते रहे उनके ऊँचे-ऊँचे महल हैं (और) बाला ख़ानों पर बालाख़ाने बने हुए हैं जिनके नीचे नहरें जारी हैं ये खुदा का वायदा है (और) वायदा ख़िलाफी नहीं किया करता	अरे, यह सुनने के तौर पर है कि Allah का प्रतावरण Promise के तौर पर होता है।	0.6370307803153992	0.326639860868454	0.22056417167186737
Verily, to thy Lord is the return (of all).	बेशक तुम्हारे परवरदिगार की तरफ (सबको) पलटना है	जस्तो जस्तो है स्वर्ग, तो मेरे पिताजी की संपत्ति, वापस मिलेगी।	0.6675723195075989	0.3636532723903656	0.18188895285129547
Faces on that Day will be shamed.	उस दिन बहुत से चेहरे ज़लील रूसवा होंगे	जिस दिन पर ऐसी स्थिति होगी उस दिन के सामने ऐसी परेशानियाँ हों।	0.6855718493461609	0.41585129499435425	0.2905340790748596
http://www.google.com/search?q=%sie=UTF-8oe=UTF-8	http://www.google.co.in/search?q=%sie=UTF-8oe=UTF-8	अनुसार, शिष्ट, तथा पूर्ण कार्य केवल जानकारी प्रदान, संक्षेत्र, तथा ईसा प्रचारक के रूप में हो सकते हैं।	0.5318564176559448	0.27289101481437683	0.05447244644165039
You must never confuse your feelings with your duties, Alexander.	आप अपनी भावनाओं को भ्रमित नहीं करना चाहिए... ... अपने कर्तव्यों के साथ, सिकंदर.	अर्थात्, एहा किए बिना आपकी भावनाओं से भूमि की भावनाओं को समझने या किये ज़म्मती होने पर भी गलत हो सकते हैं।	0.7023612856864929	0.3603915870189667	0.2576172649860382
With festivals can food be far behind? .:Myfriend:. from Malaysia shares information about Ketupat, an integral part of Eid ul-Fitr in Malaysia.	:माइफ्रेंड:. केतुपत, के बारे में बता रहे हैं जो कि मलेशिया में ईद-उल-फित्र त्यौहार का प्रमुख हिस्सा है.	मैल्सिया में केटुपट के बारे में अपने मित्र ने बताया है।	0.7368086576461792	0.4888433516025543	0.43965113162994385
SOMEBODY WHO MIGHT HAVE YOUR NUMBER?	आपका नंबर हो सकता है डब्ल्यूएचओ किसी को?	कोई भी जो आपका नंबर का स्ट्रेंग था, वह किसी भी तरह से आपके नंबर का स्ट्रेंग था।	0.6947346329689026	0.39656344056129456	0.24681022763252258
I find this whole concept of interviewing very flawed.	मुझे इंटरव्यू लेने के इस पूरे विचार में कमी लगती है।	यह पूरी प्रक्रिया से कि इंटरेवू में पूछने वाले के पूरे प्रयास में पूर्ण होते हैं।	0.7511230707168579	0.4395093619823456	0.3237519860267639
Honky-tonk up the 56 outside of Mount Hope.	होंकी-टोंक माउंट होप के बाहर 56 ऊपर.	56 स्टोरेज़ ऑफ़ माउंट हॉप.	0.7335856556892395	0.46494850516319275	0.5280389785766602
All this stuff is really...	यह सब चीज़े...	यह सब कुछ ही नहीं, इसका मतलब यह नहीं होता	0.6979883909225464	0.5147101879119873	0.48873788118362427
She is busy preparing for the trip.	वह सफ़र की तैयारी में लगी हुई है।	जिसे जा रही है वह ट्रिप के लिए तैयार है।	0.8040695786476135	0.4609459936618805	0.4187791049480438
(COUGHS) home	(खांसी) घर	आई.स.एस.	0.5836583971977234	0.4747430980205536	0.3990477919578552
Brazil	ब्राझील	अन्य	0.6219224333763123	0.4649095833301544	0.7144309878349304
[ ENGINE GRINDING, SQUEALING ]	[इंजन पीस, चिल्ला]	अन्य जानकारी योग्य कार्यों के लिए।	0.6771369576454163	0.3669915199279785	0.16255642473697662
You are so smart. Right.	तुम बहुत ही स्मार्ट हो।	जी हाल हाल।	0.7293495535850525	0.40891435742378235	0.26496902108192444
This year in April a trial was held in the federal court in Oklahoma.	इस साल अप्रैल में ओकलाहोमा शहर स्थित संघीय अदालत में उस पर मुकदमा चला था।	अप्रैल में एक टrial हुई ओकलाहा के सुप्र्ट कोर्ट में हुई थी।	0.7456249594688416	0.5000994205474854	0.40540915727615356
Today	आज	13	0.682801365852356	0.5939704775810242	0.18846338987350464
No, Raleigh, listen to me.	नहीं, रैले, मेरी बात सुनो.	रेगल, रेगल, रेगल।	0.6707488894462585	0.3393043279647827	0.3086594343185425
No, but his is so..	नहीं, लेकिन उसकी तो है ..	अरे, ही ऐसा...	0.8094679117202759	0.5282554030418396	0.3631020188331604
All their time.	उनका पूरा समय।	यह सभी अपनी समय लिए।	0.7967859506607056	0.6910151839256287	0.40028446912765503
Tower, we're going offline soon, but drones are already mobile and executing.	टॉवर,हमजल्दहीऑफ़लाइनजारहे , लेकिनराजापहलेसेही मोबाइल और क्रियान्वित कर रहे हैं	"जाँच:
टॉर, हम छात्रों को offline कर रहे हैं लेकिन ड्रोने से पहले कुछ बातें हैं।"	0.6702538728713989	0.448060005903244	0.3526875972747803
"Say, ""Call upon Allah or call upon the Most Merciful. Whichever [name] you call - to Him belong the best names."" And do not recite [too] loudly in your prayer or [too] quietly but seek between that an [intermediate] way."	"कह दो, ""तुम अल्लाह को पुकारो या रहमान को पुकारो या जिस नाम से भी पुकारो, उसके लिए सब अच्छे ही नाम है।"" और अपनी नमाज़ न बहुत ऊँची आवाज़ से पढ़ो और न उसे बहुत चुपके से पढ़ो, बल्कि इन दोनों के बीच मध्य मार्ग अपनाओ"	अरे! कि! मेरे पास कुछ नहीं है।	0.6216508746147156	0.25715839862823486	0.0812387615442276
You need not do it if you don't want to	आप इसे करते जरूरत नहीं है अगर आप नहीं करना चाहते हैं	अरे वैस चिंतनाक feelings हो सकती हैं जिनसे आप नहीं चिंतित हो सकते हैं	0.7075576186180115	0.39090606570243835	0.1628926694393158
When Kotranka Tehsildaar reached the P.H.E department, he found it locked.	तहसीलदार कोटरंका स्थित पीएचई विभाग के कार्यालय पहुंचे तो वहां ताला लगा हुआ था।	कोतरका थिसिलाडार के स्थान को पी.एफ.ई. द्वार सँभालने वाले अधिकारियों ने उसे बंद कर दिया	0.6869044303894043	0.5479655861854553	0.4068392515182495
Filtering options	फिल्टरिंग विकल्प	विकलातों के विकलात	0.721885085105896	0.2507788836956024	0.11386103928089142
Durkin's Garage.	डर्किन का गराज.	कृपयोग्यता: 2000 के दशक में डिजिटल संचालन के लिए।	0.7137324810028076	0.34473916888237	0.26825740933418274
Yes.	हाँ।	जी हाँ।	0.9464506506919861	0.9053217768669128	0.9312707185745239
Just give us back our dragon, and we'll go...	बस हमें हमारा ड्रैगन वापस कर दो और हम चले जाएँगे...	नहीं के ड्रैगन को ले लेते समय, हम...	0.7702770829200745	0.4203748404979706	0.16701224446296692
And maybe we'll get coffee in bed Sunday mornings.	और शायद हमें कॉफी मिलेगी बिस्तर में रविवार की सुबह.	और शायद हम सोमवार शाम को बैठकर कॉफी पी सकते हैं।	0.8067905902862549	0.6324018836021423	0.7489009499549866
Book URI	पुस्तक URI	कब रीडेड होता है	0.707987904548645	0.3912990987300873	0.16896365582942963
"Could not find relationships file ""%1"""	फ़ाइल से पढ़ नहीं सका.	जिस जानकारी नहीं मिल सके, उस संबंध की तुलना नहीं की सकी और उसे किसी भी जानकारी देने पर कोई असर नहीं रही	0.6828613877296448	0.4074723720550537	0.2455223649740219
- [Fire Bell]	- [आग बेल]	- [Water Bell]	0.835026204586029	0.6406648755073547	0.2963712215423584
The angels along with the Spirit descend in it by the permission of their Lord with all kinds of decrees.	उसमें फ़रिश्तें और रूह हर महत्वपूर्ण मामलें में अपने रब की अनुमति से उतरते है	अर्थात्, यहाँ किसी को भी छोड़ देने की अनुमति है, और यहाँ किसी को भी किसी चीज़ को छोड़ देने की किसी भी रचना है।	0.6707245707511902	0.3367330729961395	0.28368067741394043
Sending message %d of %d	%d के %d संदेश को भेज रहा है	संदेश %d के %d	0.8246219158172607	0.6393229365348816	0.44154536724090576
It's just a dream of a farmer from Kansas.	यह सिर्फ कान्सास से एक किसान की एक सपना है।	कैन्सस के किसान की डर्म फिल्म की सारी जानकारी एक किसी के पास में होती है।	0.7697003483772278	0.42032235860824585	0.4651566743850708
Surely those who believe, and those who are Jews, and the Christians, and the Sabians, whoever believes in Allah and the Last day and does good, they shall have their reward from their Lord, and there is no fear for them, nor shall they grieve.	बेशक मुसलमानों और यहूदियों और नसरानियों और ला मज़हबों में से जो कोई खुदा और रोज़े आख़िरत पर ईमान लाए और अच्छे-अच्छे काम करता रहे तो उन्हीं के लिए उनका अज्र व सवाब उनके खुदा के पास है और न (क़यामत में) उन पर किसी का ख़ौफ होगा न वह रंजीदा दिल होंगे	ज़रूरी के लिए, jeweled के लिए, चristian के लिए, और साबियन के लिए, लोगों को ज्यादातरी के लिए, ज्यादातरी के लिए, ज्यादातरी के लिए, ज्यादातरी के लिए, ज्यादातम् (ज्यादातम्)	0.6529790759086609	0.23258373141288757	0.09717610478401184
Page	पृष्ठ	पेज	0.7841478586196899	0.8283872604370117	0.8813239336013794
Valid signature, but cannot verify sender	वैध हस्ताक्षर, प्रेषक को नहीं जांच सकता है	बल्कि साइन नहीं हो सकता	0.691658616065979	0.4747023284435272	0.1435878723859787
* (C) find my home again afterwards.	* (स) उसके बाद मुझे घर वापस आने में कोई परेशानी नहीं हुई.	जो भी जानकारी जाप तुमने दी है, उसे सही जगह पर दिया होगा।	0.6754680275917053	0.3672061860561371	0.21483038365840912
"""And ordain for us that which is good, in this life and in the Hereafter: for we have turned unto Thee."" He said: ""With My punishment I visit whom I will; but My mercy extendeth to all things. That (mercy) I shall ordain for those who do right, and practise regular charity, and those who believe in Our signs;-"	"""और हमारे लिए इस संसार में भलाई लिख दे और आख़िरत में भी। हम तेरी ही ओर उन्मुख हुए।"" उसने कहा, ""अपनी यातना में मैं तो उसी को ग्रस्त करता हूँ, जिसे चाहता हूँ, किन्तु मेरी दयालुता से हर चीज़ आच्छादित है। उसे तो मैं उन लोगों के हक़ में लिखूँगा जो डर रखते और ज़कात देते है और जो हमारी आयतों पर ईमान लाते है"	मध्य प्रदेश में हो रहे विवेक्या के ज्ञान से जुड़ाई	0.6484912037849426	0.2272292673587799	0.19579315185546875
I'd been in the army less than a year when that unholy Tet arrived.	. कि अपवित्र Tet पहुंचे जब मैं सेना में कम से कम एक वर्ष किया जाएगा.	जिसे हिंसक तेट आई थी उसे छोड़ देने और उसे किसी भी जानकारी से हट जाँचेने का वादा किया है।	0.6507692933082581	0.3737373352050781	0.2687373161315918
'Cause you're gonna make a phone call for us.	आप हमारे लिए एक फोन करने वाले हैं है.	क्योंकि तुम अपने फोन कॉल के लिए सुनवाई कर रही हो।	0.765515148639679	0.5777199268341064	0.7898625135421753
He called me boatsman Olsen's second wife.	उसने मुझे केवट ऑलसेन की दूसरी पत्नी कहा.	उन्होंने मुझे बोट्समैन ओल्स की दूसरी विधि दी थी।	0.8028675317764282	0.563605785369873	0.5785126686096191
"Hashing ""%s"""	"हैशिंग ""%s"""	शैहिं प्रति स्ट्रिंग	0.7139004468917847	0.5329174399375916	0.5564408302307129
The color that is used to fill the area behind the image. If the use-background-color key is not set, the color is determined by the active GTK+ theme instead.	रंग कि छवि के पीछे क्षेत्र को भरने के लिए प्रयोग किया जाता है.यदि कुंजी उपयोग पृष्ठभूमि रंग सेट नहीं है, रंग सक्रिय GTK + बजाय विषय द्वारा निर्धारित किया जाता है.	जैसा कि काम के चित्र के पीछे का color।	0.7016003131866455	0.3654879629611969	0.21735647320747375
And We grew a tree of gourd (as a shelter) above him.	हमने उसपर बेलदार वृक्ष उगाया था	और हमने एक ग्राउट (शelter) के तेल को ऊपर हमने बनाया था।	0.739224910736084	0.27447250485420227	0.19992081820964813
This matter is not for you to decide – whether He guides them to repent or punishes them, for they are the unjust.	(ऐ रसूल) तुम्हारा तो इसमें कुछ बस नहीं चाहे ख़ुदा उनकी तौबा कुबूल करे या उनको सज़ा दे क्योंकि वह ज़ालिम तो ज़रूर हैं	यह मामला नहीं है कि क्या आपेज़। यह सब कुछ समय और स्थिति पर निर्णय होते हैं।	0.6377274394035339	0.36473456025123596	0.3899969756603241
- Yeah.	-हाँ।	जी हुआ।	0.7697270512580872	0.7236977815628052	0.607804536819458
Using LDAP	LDAP का प्रयोग करें	एडी.पी.ए.एस. के लाभ	0.6724424362182617	0.45835819840431213	0.6566365957260132
At least %1 points are needed for that spline type	उस स्प्लाइन क़िस्म के लिए कम से कम% 1 बिन्दु आवश्यक हैं	स्ट्रीट सpline के लिए कम से कम %1 पॉइंट्स के जरिए स्पाइन बनाया जाता है	0.7772627472877502	0.5437825322151184	0.4688938558101654
- No.	- नंबर	यह संख्या है जिसको 13 में बाँच दिया गया है	0.6567482352256775	0.41198983788490295	0.26153647899627686
Error on rollback transaction	रोलबैक ट्रांजेक्शन में त्रुटि	रोलबोल्ट ट्रांजैक्शन में गलती होती	0.8388265371322632	0.6947427988052368	0.5266686081886292
& Tools	औज़ार (T)	"जानकारी:
& Software"	0.6798738837242126	0.512769877910614	0.24184396862983704
Are we gonna fight, or you plan on boring me to death?	हम लड़ाई, वाला या आप मुझे मृत्यु को बोरिंग पर योजना कर रहे हैं?	नहीं कीडी फाइटिंग कर रही हूँ, नहीं कीडी बोररेज़ कर रही हूँ?	0.6929665207862854	0.38613468408584595	0.276920348405838
O ye who believe! Take your precautions, and either go forth in parties or go forth all together.	ऐ ईमानवालों (जिहाद के वक्त) अपनी हिफ़ाज़त के (ज़राए) अच्छी तरह देखभाल लो फिर तुम्हें इख्तेयार है ख्वाह दस्ता दस्ता निकलो या सबके सब इकट्ठे होकर निकल खड़े हो	यहाँ जो लिख रहे वो भी सहमत है कि वे कुछ फर्मेट नहीं करेंगे	0.6276259422302246	0.3382425010204315	0.1874011605978012
How dare you say it's unlikely?	तुम्हारी हिम्मत कैसे हुई असंभव कहने की?	जिस व्यक्ति ने ऐसा कहा है इसके परिणत्त्व हो सकते हैं।	0.6359525322914124	0.395867258310318	0.23801074922084808
“We only feed you for the sake of God. We want from you neither compensation, nor gratitude.	"""हम तो केवल अल्लाह की प्रसन्नता के लिए तुम्हें खिलाते है, तुमसे न कोई बदला चाहते है और न कृतज्ञता ज्ञापन"	जो हमें भोजन करने के लाभ के लिए उपयोग मिलेता है, उसी से निम्न-श्रेणी वाले भोजन के लाभ से होणता नहीं हो सकते	0.6644522547721863	0.4156353771686554	0.3413616120815277
Yoare no AL0	कोई AL0 Yoare	अरे नहीं A0	0.7639103531837463	0.7262404561042786	0.5632567405700684
No, Alexander.	नहीं, सिकंदर.	No, एलेक्ज़नर द्वारा.	0.7180562019348145	0.5524255037307739	0.47973763942718506
- Margarethe Lorenz.	- मार्गरेथ लौरेंज.	- लॉरेंट्स.	0.7879194617271423	0.6882595419883728	0.6087131500244141
They said, ‘O Moses, we will never enter it so long as they remain in it. Go ahead, you and your Lord, and fight! We will be sitting right here.’	वह कहने लगे एक मूसा (चाहे जो कुछ हो) जब तक वह लोग इसमें हैं हम तो उसमें हरगिज़ (लाख बरस) पॉव न रखेंगे हॉ तुम जाओ और तुम्हारा ख़ुदा जाए ओर दोनों (जाकर) लड़ो हम तो यहीं जमे बैठे हैं	मoses सayed, 'हम तो कभी इसे नहीं रहे कुत्ते के पास ना आए, तक नहीं रहे कुत्ते के पास ना आए, तक ना रहे कुत्ते के पास ना आए, तक तो हमें नहीं रहे कुत्ते के पास ना आए, तक तो हमें नहीं रहे कुत्ते के पास ना आए, तक तो हमें नहीं रहे कुत्ते के पास ना आए, तक तो हमें नहीं रहे कुत्ते के पास ना आए, तक तो हमें नहीं रहे कुत्ते के पास ना आए, तक तो हमें नहीं रहे कुत्ते के पास ना आए, तक तो हमें नहीं रहे कुत्ते के पास ना आए, तक तो हमें नहीं रहे कुत्ते के पास ना आए, तक तो हमें नहीं रहे कुत्ते क	0.5809997916221619	0.2844144403934479	0.09382280707359314
Scale Center Y	स्केल सेंटर Y	I don't add, remove, or change any information.	0.5531226992607117	0.3276488482952118	0.2573235034942627
Select the calendars to search for meeting conflicts	बैठक विरोध के लिए ढ़ूंढ़ने के लिए पंचांग चुनें	मार्केटिंग कैलेंडर्स का उपयोग करके शोध के लिए विवरण प्राप्त होगा	0.6991633772850037	0.5318297743797302	0.45508670806884766
He cares more about me than his work.	वे अपने काम से अधिक मेरी परवाह करते हैं.	जिस व्यक्ति का प्रयास और प्रतिबद्धन के कारण होते हैं, उस व्यक्ति के बारे में यह पूरी तरह से सही है।	0.71942538022995	0.5201387405395508	0.6104276180267334
"Surely, disbelievers are those who said: ""Allah is the third of the three (in a Trinity)."" But there is no ilah (god) (none who has the right to be worshipped) but One Ilah (God -Allah). And if they cease not from what they say, verily, a painful torment will befall the disbelievers among them."	जो लोग इसके क़ायल हैं कि ख़ुदा तीन में का (तीसरा) है वह यक़ीनन काफ़िर हो गए (याद रखो कि) ख़ुदाए यकता के सिवा कोई माबूद नहीं और (ख़ुदा के बारे में) ये लोग जो कुछ बका करते हैं अगर उससे बाज़ न आए तो (समझ रखो कि) जो लोग उसमें से (काफ़िर के) काफ़िर रह गए उन पर ज़रूर दर्दनाक अज़ाब नाज़िल होगा	किसी भी जाति या समूह से जात नहीं रहे और जो स्थित नहीं है उस जाति या समूह के बारे में नहीं हो के व्यवहार नहीं होगा कि उस जाति या समूह के लोग शास्त्रीय हैं और उस जाति या समूह के लोग व्यवहार कार्य में विशेषज्ञ हैं	0.6574034690856934	0.294463574886322	0.23971454799175262
So that the People of the Book may know that they have no power over any of the favors of Allah; that the favors are in the Hand of Allah; He gives it towhom He will. The Favor of Allah is the Great.	(ये इसलिए कहा जाता है) ताकि अहले किताब ये न समझें कि ये मोमिनीन ख़ुदा के फज़ल (व क़रम) पर कुछ भी कुदरत नहीं रखते और ये तो यक़ीनी बात है कि फज़ल ख़ुदा ही के कब्ज़े में है वह जिसको चाहे अता फरमाए और ख़ुदा तो बड़े फज़ल (व क़रम) का मालिक है	जो लोग इस खंड के लोग हैं, वे ऐसे कुछ नहीं हैं।	0.6403276324272156	0.2944125831127167	0.20502503216266632
What kind of trouble, Silas?	मुसीबत, सीलास के किस तरह का?	सिलस? के लिए कुछ मुशलत होती हैं, right?	0.7079492807388306	0.5908129811286926	0.32436874508857727
Keywords:	बीजशब्द:	"जानकारी को सही तरीके से बताया जाना या सही जानकारी को सही तरीके से बताया जाने के लाभ होते हैं:
लाभ:
जानकारी के लाभ के लाभ होते हैं:
लाभ:
जानकारी के लाभ-लाभ होते हैं:
लाभ:
जानकारी के लाभ-लाभ होते हैं:
लाभ:
जानकारी के लाभ-लाभ होते हैं:
लाभ:
जानकारी के लाभ-लाभ होते हैं:
लाभ:
जानकारी के लाभ-लाभ होते हैं:
लाभ:
जानकारी के लाभ-लाभ होते हैं:
लाभ:
जानकारी के लाभ-लाभ होते हैं:
लाभ:
जानकारी के लाभ-लाभ होते हैं:
लाभ:
जानकारी के लाभ-लाभ होते हैं:
लाभ:"	0.5255651473999023	0.3157809376716614	0.007877375930547714
It's Mithravinda Devi, who'll be the next queen...	मित्राविन्दा देवी, जो कि अगली महारानी होगी...	जी हूँ मिथ्रवन्देवी, जो अगली राजत्व के समय में रहें...	0.7672752737998962	0.5780526995658875	0.1675271838903427
Come on, come and have a shower, get the day going.	चलो आओ, अब शॉवर ले लो, और दिन शुरू करो.	जो कोई भी हो के काम के लिए तो कोई भी नहीं हो के काम के लिए तो कोई भी नहीं हो के काम के लिए तो कोई भी नहीं हो के काम के लिए तो कोई भी नहीं हो के काम के लिए तो कोई भी नहीं हो के काम के लिए तो कोई भी नहीं हो के काम के लिए तो कोई भी नहीं हो के काम के लिए तो कोई भी नहीं हो के काम के लिए तो कोई भी नहीं हो के काम के लिए तो कोई भी नहीं हो के काम के लिए तो कोई भी नहीं हो के काम के लिए तो कोई भी नहीं हो के काम के लिए तो कोई भी नहीं हो के काम के लिए तो कोई भी	0.5186613202095032	0.21538470685482025	0.021569030359387398
Description	वर्णन	I English से हाँ।	0.6202079653739929	0.332384318113327	0.027771292254328728
"""In an ideal world, Franck, he'd kill us all."""	"""एक आदर्श दुनिया में, फ्रैंक, वह हम सभी को मार डालेंगे ."""	अच्छी तरह से व्युक्त हुआ: फ़्रांक, उन्ह'd कुछ लोगों को जानलियाँ	0.6844586730003357	0.31841525435447693	0.2359212040901184
Jasper has experience with a newborn.	नवजात शिशु के साथ है एक अनुभव.	जसप ने एक छोटी कीexperience है।	0.7290641069412231	0.4203714430332184	0.48294341564178467
I had mine in a turnip patch.	लेकिन मेरा एक शलजम के बगीचे में हुआ था.	मेरी ने मेरी एक टर्निप पैच थी.	0.7342504858970642	0.3747095763683319	0.22971399128437042
Indeed there was a sign for you in the two hosts (which) met together in encounter; one party fighting in the way of Allah and the other unbelieving, whom they saw twice as many as themselves with the sight of the eye and Allah strengthens with His aid whom He pleases; most surely there is a lesson in this for those who have sight.	बेशक तुम्हारे (समझाने के) वास्ते उन दो (मुख़ालिफ़ गिरोहों में जो (बद्र की लड़ाई में) एक दूसरे के साथ गुथ गए (रसूल की सच्चाई की) बड़ी भारी निशानी है कि एक गिरोह ख़ुदा की राह में जेहाद करता था और दूसरा काफ़िरों का जिनको मुसलमान अपनी ऑख से दुगना देख रहे थे (मगर ख़ुदा ने क़लील ही को फ़तह दी) और ख़ुदा अपनी मदद से जिस की चाहता है ताईद करता है बेशक ऑख वालों के वास्ते इस वाक़ये में बड़ी इबरत है	यह साइन दिखते हैं, जो तो दोनों को एक साथ मिले और एक दूसरे को भी दिखे प्रेम का संकलन होता है, जो सुक्ति से सिखत है, और यह सुनम का संकलन भी होता है, जो सुक्ति से संकलित होता है।	0.6483272910118103	0.31295523047447205	0.33385035395622253
Can he ride with me?	क्या यह मेरे साथ आ सकता है?	हाँ, क्या मैं साथ में बैठे रide कर सकता हूँ?	0.7608580589294434	0.4746919572353363	0.4912181496620178
But I'm gonna tell you, that's dumb.	लेकिन मैं कर रहा हूँ तुम्हें कहता हूं, कि मूर्ख है.	जी हूँ मैं जानकारी दूँगी कि जो कुछ भी कहा याद है, उसे कुछ नहीं कहा किये दिखाया होगा।	0.7127671241760254	0.360583633184433	0.1834443062543869
And if anyone of the polytheists asks you for protection, give him protection so that he may hear the Word of God; then escort him to his place of safety. That is because they are a people who do not know.	और (ऐ रसूल) अगर मुशरिकीन में से कोई तुमसे पनाह मागें तो उसको पनाह दो यहाँ तक कि वह ख़ुदा का कलाम सुन ले फिर उसे उसकी अमन की जगह वापस पहुँचा दो ये इस वजह से कि ये लोग नादान हैं	जो कोई भी पवग पवग व्यक्ति है और जो कोई भी शुद्धता रखता है, तो उसे शुद्धता दिया go go.	0.6372393369674683	0.29755356907844543	0.18796369433403015
A drone picked up voiceprints in the Indus Valley.	एक ड्रोन सिंधु घाटी में voiceprints उठाया.	अनुपस्थिति में एक ड्रोन voiceprints को इंडस वैली में सुना जा सकता था।	0.7899770140647888	0.5514246821403503	0.5420471429824829
B3/ Modification of B2	B3 / B2 का संशोधनName	प्राप्त किया B2/Modified B3	0.7171592116355896	0.6461610198020935	0.49157896637916565
Keywords:	की- वर्डस:	"जानकारी को सही तरीके से बताया जाना या सही जानकारी को सही तरीके से बताया जाने के लाभ होते हैं:
लाभ:
जानकारी के लाभ के लाभ होते हैं:
लाभ:
जानकारी के लाभ-लाभ होते हैं:
लाभ:
जानकारी के लाभ-लाभ होते हैं:
लाभ:
जानकारी के लाभ-लाभ होते हैं:
लाभ:
जानकारी के लाभ-लाभ होते हैं:
लाभ:
जानकारी के लाभ-लाभ होते हैं:
लाभ:
जानकारी के लाभ-लाभ होते हैं:
लाभ:
जानकारी के लाभ-लाभ होते हैं:
लाभ:
जानकारी के लाभ-लाभ होते हैं:
लाभ:
जानकारी के लाभ-लाभ होते हैं:
लाभ:"	0.5286799073219299	0.3334721028804779	0.026062631979584694
What's that supposed to mean?	क्या मतलब है?	जो भी है उसे सही अर्थ में होना चाहे और ऐसे होने तक कोई कार्य करने के प्रत्योक्त हैं।	0.6695305705070496	0.3725714385509491	0.060466643422842026
I had a fight with my old friends because of you.	मैं तुम्हारी वजह से मेरे पुराने दोस्तों के साथ झगड़ा हुआ था।	आपमें मेरे पूरे हाल-दिखने वाले दोस्त थे।	0.7385437488555908	0.38345959782600403	0.2877960205078125
Oh, Zeus.	ओह, ज़ीउस.	ओह ज्यूज़।	0.7827393412590027	0.8165859580039978	0.7157087326049805
Firstly, that he didn't find the photo.	पहला, की उसे फोटो ही नहीं मिला।	किसी को फ़ोर से न करे, फ़ोक से न करे.	0.6987582445144653	0.36200588941574097	0.15463575720787048
or to one who places obstacles in the way of good being done or to the wicked transgressor,	हद से बढ़ने वाला गुनेहगार तुन्द मिजाज़	"जो किसी को जाति, की तरफ से व्यक्त की सहमति के स्थिति से संबंधित किसी को जाति-विरोधी मानसिक संकट से मुक्ति प्राप्त करने के लिए किसी को जाति-खात्री नहीं के रूप में स्थापित किया ज सकता है।

इसके कुछ उदाहरण हैं:

- एक ऐसी स्थिति में हो सकती है जिसे किसी भी तरह से प्रभावित किया ज सके (जैसे कि जाति-खात्री हो या जाति-विरोधी हो) जो किसी भी तरह से प्रभावित किया ज सके (जैसे कि जाति-खात्री हो या जाति-विरोधी हो) उसे जाति-खात्री नहीं के रूप में स्थापित किया ज सकता"	0.5669971108436584	0.33017516136169434	0.19356726109981537
_View	देखें (_V)	जैसा	0.6172542572021484	0.5141661167144775	0.5023863911628723
Even wind touching you would say I love you... ln the smile of my sulking lover, I see my love... did my life seek help from you?	Even wind touching you would say l love you... ln the smile of my sulking lover, l see my love... did my life seek help from you?	जिस किसी भी किरण से तुम्हारे प्रति तुम्हारे प्रति विध्यात्मक सूर्य के सूर्य के सूर्य के सूर्य के सूर्य के सूर्य के सूर्य के सूर्य के सूर्य के सूर्य के सूर्य के सूर्य के सूर्य के सूर्य के सूर्य के सूर्य के सूर्य के सूर्य के सूर्य के सूर्य के सूर्य के सूर्य के सूर्य के सूर्य के सूर्य के सूर्य के सूर्य के सूर्य के सूर्य के सूर्य के सूर्य के सूर्य के सूर्य के सूर्य के सूर्य के सूर्य के सूर्य के सूर्य के सूर्य के सूर्य के सूर्य के सूर्य के सूर्य के सूर्य के सूर्य	0.4809224307537079	0.2303381860256195	0.28997352719306946
I'm still with Emily, and we're still hanging out in Chicago.	मैं अब भी एमिली के साथ हूं, और हम अब भी शिकागो में ही हैं.	मैं अभी सैमी और हम अभी चिकिं गूची सिटी ले रहे हैं।	0.7421008944511414	0.3605268597602844	0.2612874209880829
LUCIUS:	Lucius:	किसी भी जानकारी जोड़न, रोकने, या बदलने की कोई जानकारी हो सकती है।	0.6149786114692688	0.26211655139923096	0.2928634285926819
Just in case we caught you in the background.	सिर्फ मामले में हम पृष्ठभूमि में आप फंस गए.	बेअनुअजेट्टी बेस्टफ़ैड्ड उपसारितज्ञिता के प्रयोग के परिणिधि भी हैं।	0.6250929236412048	0.42709288001060486	0.07105618715286255
See, Judah is turning, um...	देखें, यहूदा बदल रहा है, उम...	ज़, ज़ड़हिस टू, यू...	0.6510432362556458	0.37466341257095337	0.1381930559873581
And one thing about direct action, I suppose, the target is meant to have an immediate effect.	सीधी कार्यवाही के बारे में एक बात ये है कि इसका प्रमुख लक्ष्य तुरंत असर डालना होता है	direct action के बारे में एक और चीज़ है ये कि immediate effect होते हैं.	0.7645542621612549	0.6519502997398376	0.4464956223964691
And appoint goodness for us in this world and the Hereafter, for indeed we have come back to You.’ Said He, ‘I visit My punishment on whomever I wish, but My mercy embraces all things. Soon I shall appoint it for those who are Godwary and give the zakat and those who believe in Our signs	और तू ही इस दुनिया (फ़ानी) और आख़िरत में हमारे वास्ते भलाई के लिए लिख ले हम तेरी ही तरफ रूझू करते हैं ख़ुदा ने फरमाया जिसको मैं चाहता हूँ (मुस्तहक़ समझकर) अपना अज़ाब पहुँचा देता हूँ और मेरी रहमत हर चीज़ पर छाई हैं मै तो उसे बहुत जल्द ख़ास उन लोगों के लिए लिख दूँगा (जो बुरी बातों से) बचते रहेंगे और ज़कात दिया करेंगे और जो हमारी बातों पर ईमान रखा करेंगें	English to Hindi रूप में अनुसारी और विविधी प्रदान करने वाले किसे होने वाले शub्दार के लाभ होते हैं|	0.6093024611473083	0.2818904221057892	0.19387508928775787
I didn't know any criminals so I thought Riz might.	मैंने नहीं किया. मैं रिज़ हो सकता है तो मैंने सोचा कि किसी भी अपराधियों को पता है.	नहीं के जानकारी से पहले कुछ जानकारी है।	0.6879193186759949	0.3695080280303955	0.19074538350105286
And your Lord is Rich (Free of all wants), full of Mercy, if He will, He can destroy you, and in your place make whom He will as your successors, as He raised you from the seed of other people.	और जो कुछ वह लोग करते हैं तुम्हारा परवरदिगार उससे बेख़बर नहीं और तुम्हारा परवरदिगार बे परवाह रहम वाला है - अगर चाहे तो तुम सबके सबको (दुनिया से उड़ा) ले लाए और तुम्हारे बाद जिसको चाहे तुम्हार जानशीन बनाए जिस तरह आख़िर तुम्हें दूसरे लोगों की औलाद से पैदा किया है	जिस कोई भी हो यदि जिस कोई भी हो इस लेख के माध्यम से जिस कोई भी हो	0.5800379514694214	0.22595231235027313	0.09994424879550934
Or He may seize them by diminishing their portion. Yet your Lord is compassionate and kind.	या वह अज़ाब से डरते हो तो (उसी हालत में) धर पकड़ करे इसमें तो शक नहीं कि तुम्हारा परवरदिगार बड़ा शफीक़ रहम वाला है	जिस व्यक्ति का प्रभाव कम हो जाएगा वे सब कुछ हो जाएगा। और जिसे लिया जाता है, वे सब कुछ हो जाएगा।	0.6341266632080078	0.35530537366867065	0.35548272728919983
He didn't have any kids of his own.	वो अपने खुद के किसी भी बच्चों को नहीं था.	किसी का कोई खुद का बच्चा नहीं था।	0.8314400911331177	0.7196711301803589	0.6682401895523071
Failure reason: %s	विफलता कारण: %s	अन्य जानकारी देने के लिए: %s	0.7501820921897888	0.5856665968894958	0.6742968559265137
_Delete %s	%s मिटाएँ (_D)	मैं डालन, हटान, और बदलने वाले किसी भी जानकारी को सहलाभद्दाल के होने पर दूसरे ही कुछ ही नहीं, यह जानकारी के लाभ-खरा हो सकते हैं, सुनिश्चित करें कि जानकारी की व्याख्षिति से सावधान रहें कि किस जानकारी का व्याख्षिति से सावधान रहें कि किस जानकारी का व्याख्पिति से सावधान रहें कि किस जानकारी का व्याख्पिति से सावधान रहें	0.5860907435417175	0.3042643070220947	0.016462678089737892
Marshaller	मार्शलर	मार्शलर	1.0	0.97749263048172	0.8974101543426514
Telephone	टेलिफोन	टेलीफोन	0.8997400999069214	0.9603922963142395	0.9257662296295166
"""We aspire to a better tomorrow, a new Egypt and a second republic,"" Morsi said during a solemn ceremony shown live on state television."	"राष्ट्रीय टेलीविज़न पर सजीव प्रसारण में दिखाए गए औपचारिक समारोह के दौरान मोरसी ने कहा कि ""हम बेहतर भविष्य, नए मिस्र तथा दूसरे गणराज्य की आकांक्षा कर रहे हैं।"""	मॉर्सी ने“हमारा सपना है कि हमारा सामने मिले नए ईगिपट्टे राज्य हों और हमारा दूसरी राष्ट्र हो”, उन्होंने एक पूरी उपसारी के लिए एक संकलित वाक्य दिया है।	0.6655239462852478	0.470335453748703	0.3181878328323364
I tried to give her some money, but she would not take any.	मैंने उसको पैसे देने की कोशिश करी पर उसने इनकार कर दिया।	मैं उसे कुछ बिलीज़ दे दिए, लेकिन वह कोई नहीं लिया।	0.70498126745224	0.5784926414489746	0.4629373550415039
After squeezing 25 kilos of grapes..you get one bottle of juice.	grapes.. you का 25 किलो निचोड़ के बाद रस की एक बोतल मिलता है।	सिर्स के लिए 25 किलो ग्राइंड्स से जुबरी की बोतल मिलेगी।	0.7925766706466675	0.48149392008781433	0.6203383207321167
I done what she asked.	... मैं उसने पूछा क्या किया.	जिसने पूछ उसका करना था।	0.7592955231666565	0.4412378668785095	0.2731046676635742
Q.921TM	Q. 921TM	"सहिनाम त्याग:
जी.के.पी."	0.6404850482940674	0.4251609146595001	0.4366164803504944
The height of the window	विंडो की ऊँचाई	विद्यार्पन की ऊँचाई	0.8777050971984863	0.5650928616523743	0.4213574528694153
Do they not see that Allah enlarges the provision for whom He wills and straitens (it for whom He wills). Verily, in that are indeed signs for a people who believe.	क्या उन्होंने विचार नहीं किया कि अल्लाह जिसके लिए चाहता है रोज़ी कुशादा कर देता है और जिसके लिए चाहता है नपी-तुली कर देता है? निस्संदेह इसमें उन लोगों के लिए निशानियाँ है, जो ईमान लाएँ	जिन्हें नहीं देख सकते हैं कि वे विश्वास रखते हैं। तथा जिन्हें नहीं देख सकते हैं कि वे सोच सकते हैं कि Allah इसे विशिष्ट कर रहे हैं |	0.661450207233429	0.3953807055950165	0.5100347995758057
Connect to remote target	कनेक्ट को रिमोट लक्ष्य	बिल्टिन टो रемोट टarget	0.7319291830062866	0.3996293842792511	0.285904198884964
Whether the main stage should be rendered offscreen	क्या मुख्य स्टेज को ऑफस्क्रीन प्रदान की जानी चाहिए	कोई भी जानकारी जिस जिस जानकारी के लिए जिमेदार हो सकती है, उसे रिम्पल ऑफ स्क्रीन के दौरान नहीं किये जाने की क्रिया को निर्माण के दौरान नहीं की जाने की स्पष्ट सूचना दी जाएगी।	0.7254604697227478	0.3740183115005493	0.24916760623455048
Port	पोर्ट	पोर्ट	1.000000238418579	0.9725098013877869	0.8309442400932312
Now a sharp look in your eye.	अब आंखों में एक तेज नजर.	अब अपने नज़रों से देख रहे हैं।	0.7571664452552795	0.5200917720794678	0.643598198890686
-	कुछ नहीं	-	0.7261803150177002	0.5288497805595398	0.10284915566444397
"(Muhammad), if they turn away from you, say, ""God is Sufficient (support) for me. There is no God but He. In Him do I trust and He is the Owner of the Great Throne."""	ऐ रसूल अगर इस पर भी ये लोग (तुम्हारे हुक्म से) मुँह फेरें तो तुम कह दो कि मेरे लिए ख़ुदा काफी है उसके सिवा कोई माबूद नहीं मैने उस पर भरोसा रखा है वही अर्श (ऐसे) बुर्जूग (मख़लूका का) मालिक है	जिस व्यक्ति के पास मुस्ल आयस मिलेगू तो गद्दसे रहे और मुस्ल का पालन करे.”	0.6520536541938782	0.4224371016025543	0.20158110558986664
This road isn't on here.	यह सड़क यहाँ पर नहीं है.	यह सैरने वाली रोड़ नहीं है।	0.7962151169776917	0.6842061281204224	0.6522567272186279
Name	नाम	मूल	0.7207262516021729	0.7791661620140076	0.9117577075958252
Not funny, I guess.	न अजीब बात है, मुझे लगता है.	क्या नहीं मज़ाक करते हैं।	0.7215594053268433	0.4668828248977661	0.37179744243621826
%s has canceled the following shared memo:	%s ने निम्न साझा ज्ञापन रद्द कर दिया है:	शेयर्ड मेमो का सार्वजनिक रूप में निष्कर्ष निर्धारित है |	0.7147253751754761	0.49652138352394104	0.795799970626831
German Male	"अज्ञात आवाज ""% 1"""	I cannot add 5.	0.6628630757331848	0.3902314007282257	0.10721762478351593
Pelungsur cake to indicate that the ceremony has ended.	महिला #2:	अन्य जानकारी या कार्यक्रम के रूप में पेलुंगसूर का प्रयोग करने योग्य हैं।	0.6159793138504028	0.37418046593666077	0.07126440107822418
Who is more wicked than he who invents a lie about Allah or belies His verses? The harmdoers shall never prosper.	और उससे बढ़कर अत्याचारी कौन होगा, जो अल्लाह पर झूठ गढ़े या उसकी आयतों को झुठलाए। निस्सन्देह अत्याचारी कभी सफल नहीं हो सकते	जिस व्यक्ति की लिखी कथा के द्वार से व्यार्जित होती है, वे ही लिखी बात के परिणाम से नहीं होती है, ने?	0.6491965651512146	0.2762061655521393	0.2044266164302826
You are going to be on the hot seat in there, June bun.	तुम वहाँ में हॉट सीट जून रोटी पर होने जा रहे हैं।	आपी तो होगी लेकिन	0.684643566608429	0.33086690306663513	0.18759022653102875
GType	क़िस्म	जी.टी.	0.6885466575622559	0.47789642214775085	0.7238051891326904
Never! Indeed, it is a blazing fire,	(मगर) ये हरगिज़ न होगा	नहीं! वास्तव में, यह एक रेड की आग है,	0.6935638785362244	0.4409310817718506	0.501153826713562
First, I want out of here.	सबसे पहले, मैं यहाँ से बाहर करना चाहते हैं।	I want out of this place.	0.7093767523765564	0.4471767842769623	0.46585148572921753
Seven round capacity.	सात दौर क्षमता।	सात से छः कक्ष.	0.745562732219696	0.4813268482685089	0.6725864410400391
I am the hero who's been recognize today.	मैं नायक, जो आज हो गया है समझते हैं पुरूष।	जी हूँ मेरे पास मेरी स्थापना हुई है.	0.6877588033676147	0.3913709223270416	0.22767789661884308
Is it not a guidance to them, how many generations We destroyed before them in whose dwelling places they walk? Surely, in this there are signs for thoseof reason.	फिर क्या उनको इससे भी मार्ग न मिला कि हम उनसे पहले कितनी ही नस्लों को विनष्ट कर चुके है, जिनकी बस्तियों में वे चलते-फिरते है? निस्संदेह बुद्धिमानों के लिए इसमें बहुत-सी निशानियाँ है	जिस्मों से हुआ पूर्णतः विलक्षित हुआ प्रयोग के स्थान हैं जो संकेतों के स्थान पर प्रभावशाली हैं |	0.6658419966697693	0.3719477355480194	0.389534592628479
Gifts and sweets were distributed among the students and teachers by the organisers of this program.	कार्यक्रम में प्रबंधक समिति की ओर से शिक्षकों व विद्यार्थियों को उपहार व मिठाई वितरित की गई।	इस प्रोग्राम के आयोजकों ने छात्रों और शिक्षकों को कुछ गिफ़्ट से विभ्रमित किए बिना कुछ विशेष रूप से किए बिन्ना सादा होने से मेरे परिचय को मात्रा से मान्य होगा।	0.7409185767173767	0.43766355514526367	0.21637184917926788
Cannot create folder '%s'	नया फ़ोल्डर `%s' नहीं बना सकता है	इन्हें %s से छूट़ाया	0.7409396171569824	0.374773234128952	0.29149335622787476
I need you no longer.	अब मुझे तुम्हारी कोई ज़रूरत नहीं है.	मुझे नहीं चाहूँ।	0.7733957171440125	0.421734094619751	0.2376164048910141
Tell Karna good-bye.	कर्ण को नमस्ते कहना मेरे लिए .	कार्न को बेहतर स्नोपर्स.	0.7393898367881775	0.4025895297527313	0.3567729592323303
_Board size:	बिसात आकार (_B):	प्लेट:	0.7122160196304321	0.5704067349433899	0.29552537202835083
We were 18.	हम 18 थे.	हम 18 थे।	0.9885537624359131	0.9789209365844727	0.9033710956573486
Go tell him yourself.	उसको अपने-आप जाकर बताओ।	none of	0.5957069396972656	0.31215304136276245	0.18160638213157654
They will surely perish who kill their offspring in ignorance foolhardily, and forbid the food that God has given them by fabricating lies against God. Misguided are they surely, and will never come to guidance.	बेशक जिन लोगों ने अपनी औलाद को बे समझे बूझे बेवकूफी से मार डाला और जो रोज़ी ख़ुदा ने उन्हें दी थी उसे ख़ुदा पर इफ़तेरा (बोहतान) बाँध कर अपने ऊपर हराम कर डाला और वह सख्त घाटे में है ये यक़ीनन राहे हक़ से भटक गऐ और ये हिदायत पाने वाले थे भी नहीं	यह कहोगी कि जो लोग अपने पुत्र को जानबूझ कर लेते हैं, वे जो लोग जोखिम लेते हैं, वे जो लोग फ़ूलहार रहते हैं, वे जो लोग अपने पुत्र को जानबूझ कर लेते हैं, वे जो लोग मिसguided होते हैं, वे जो लोग दोष लेते हैं, वे जो लोग विनोद लेते हैं, वे जो लोग विनोद होते हैं, वे जो लोग जोखिम लेते हैं, वे जो लोग दोष लेते हैं, वे जो लोग विनोद होते हैं, वे जो लोग जोखिम लेते हैं, वे जो लोग दोष लेते हैं, वे जो लोग विनोद होते हैं, वे जो लोग जोखिम लेते हैं, वे जो लोग दोष लेते हैं, वे जो लोग विनोद ह	0.5937889218330383	0.26095956563949585	0.1452600210905075
[ BUBBLING ]	[बुदबुदाती]	जो भी हो सकता है, उसे भी नहीं किया किया दिखाया दिया हो सकता है, और 10 के बावजूद भी हो सकता है।	0.6151863932609558	0.2816372811794281	0.01491549238562584
Strict	स्क्रिप्ट्स	जानकारी से बदला नहीं कह सकति, सावधान से हो सकता भाव	0.6292099356651306	0.2936924993991852	0.035461023449897766
When you lay hands upon anyone, you do so as tyrants.	और जब तुम (किसी पर) हाथ डालते हो तो सरकशी से हाथ डालते हो	जैसा कि आप किसी पर अपनी हाथों की तैसी हो सकती है.	0.6920387744903564	0.3343910872936249	0.2992088198661804
Artist	कलाकार	कार्यक्रम	0.8346990942955017	0.8054600954055786	0.9257621765136719
Worry about yourself, kiddo!	बच्चे, अपने बारे में चिंता!	मैं नहीं कह रही कि सारी जानकारी से जुड़े रहे!	0.7092973589897156	0.4878701865673065	0.43139222264289856
It's mathilda.	यह Mathilda है.	अरे वाल्क्या की है।	0.7321053743362427	0.49894359707832336	0.5642607808113098
I must know where I stand in your heart.	मै जानना चाहती हूँ कि तुम्हारे दिल में मेरी क्या जगह है.	मैं जानता हूँ कि आपके दिल में क्या हो रहा है।	0.8472428917884827	0.7006682753562927	0.7448413968086243
He hears the revelations of God which are recited to him, then persists in his arrogance as if he had not even heard them. Tell him that he will suffer a painful torment.	कि ख़ुदा की आयतें उसके सामने पढ़ी जाती हैं और वह सुनता भी है फिर ग़ुरूर से (कुफ़्र पर) अड़ा रहता है गोया उसने उन आयतों को सुना ही नहीं तो (ऐ रसूल) तुम उसे दर्दनाक अज़ाब की ख़ुशख़बरी दे दो	जिसे सुनेगा वे विस्मर्जित साक्ष्य होंगा जिन्हें प्रतीकृत होगा तो उसे दर्द-दराज का संकट होगा।	0.6662266254425049	0.2852076590061188	0.18311341106891632
"Then, on the Day of Judgment, He will cover them with shame, and say: ""Where are My 'partners' concerning whom ye used to dispute (with the godly)?"" Those endued with knowledge will say: ""This Day, indeed, are the Unbelievers covered with shame and misery,-"	(फिर उसी पर इकतिफा नहीं) उसके बाद क़यामत के दिन ख़ुदा उनको रुसवा करेगा और फरमाएगा कि (अब बताओ) जिसको तुमने मेरा यशरीक बना रखा था और जिनके बारे में तुम (ईमानदारों से) झगड़ते थे कहाँ हैं (वह तो कुछ जवाब देगें नहीं मगर) जिन लोगों को (ख़ुदा की तरफ से) इल्म दिया गया है कहेगें कि आज के दिन रुसवाई और ख़राबी (सब कुछ) काफिरों पर ही है	"मध्यकृत्त जो व्यावहारित ज्ञान के प्राप्तकर्ता हैं वे कहते हैं कि वे व्यावहारित ज्ञान प्राप्त करने वाले लोग हैं जिनके पास व्यावहारिक ज्ञान हो सकता है कि वे नहीं हो सकते और वे हो सकते कि वे नहीं हो सकते (लोग हो सकते कि वे नहीं हो सकते के लोग हो सकते कि वे नहीं हो सकते के लोग हो सकते कि वे नहीं हो सकते।

शरीरी ज्ञान के लाभ:
शरीरी ज्ञान के लाभ:
शरीरी ज्ञान के लाभ:
शरीरी ज्ञान के लाभ:
शरीरी ज्ञान के लाभ:
शरीरी ज्ञान के लाभ:
शरीरी ज्ञान के लाभ:
शरीरी ज्ञान के लाभ:"	0.5977883338928223	0.2811277210712433	0.22333097457885742
View	दृश्य	-	0.6879013776779175	0.792641818523407	0.19024313986301422
Show offline contacts	ऑफलाइन संपर्क दिखाएँ	ब्लॉक से संपर्क स्थानकों को Show offline स्थानकों से Show offline स्थानक से संपर्क स्थानकों के साथ स्थानक से संपर्क स्थानक से स्थानक से संपर्क स्थानक से स्थानक से स्थानक से संपर्क स्थानक से स्थानक से स्थानक से संपर्क स्थानक से स्थानक से स्थानक सेना से स्थानक सेना से स्थानक सेना सेना सेना सेना सेना सेना सेना सेना सेना सेना सेना सेना सेना सेना सेना सेना सेना सेना सेना सेना सेना सेना सेना सेना सेना सेना सेना सेना सेना सेना सेना सेना सेना सेना सेना सेना सेना सेना सेना सेना सेना सेना सेना स	0.5696923732757568	0.24528419971466064	0.020599836483597755
"Seriously I do not find a good reason to all what the Israelis are doing whether from leading the world against Iran or attacking Egypt and KSA for their announcement that they would start a peaceful nuclear program,"" writes Egyptian blogger Zeinobia."	मुझे कोई तार्किक कारण नहीं नज़र आता जो इज़्राइली कर रहे हैं चाहे हो इरान के खिलाफ विश्व को बरगलाने की बात हो या मिस्र या KSA की शांतिपूर्ण परमाणु कार्यक्रम शुरु करने की घोषणा करने पर निंदा हो।	यह बात भी कहनी कि किसी के इरादों के बारे में हूँ, न हो कि मैं इस प्रकाशित जानकारी का पालन करने वाले किसी के इरादों के बारे में हूँ.	0.6577867865562439	0.3425069749355316	0.17289459705352783
Niggah, go clean that shit up, man.	Niggah, स्वच्छ जाना कि गंदगी, आदमी.	जी बिल्कड्ड, गो बिल्कड्ड था मैन.	0.6451988220214844	0.3334318995475769	0.23955833911895752
I told you, I'm claustrophobic.	मैंने आपको बताया था, मैं क्लॉस्टेरोफोबिया हूँ।	मैं डरा के स्थिति में भी हूँ।	0.7746722102165222	0.353656142950058	0.19429205358028412
But they're on a ration.	लेकिन वे एक राशन पर कर रहे हैं.	पर वे अपनी खाने की रेशन के लिए लग रहे हैं।	0.8431420922279358	0.4867839515209198	0.4897213578224182
B_ackground color:	पृष्ठभूमि रंग (_a)	विषय:	0.694296658039093	0.5283450484275818	0.3633975386619568
Don't mistake me for what had happened on the other day.	उस दिन जो हुआ वो भूल जाओ.	मैं किसी और का कार्य नहीं हूँ, और मैं उस कार्य के होने के अलावा नहीं हूँ।	0.6782777309417725	0.3523370921611786	0.2676135003566742
It is not a sin if you try to make a profit out of the bounty of your Lord (by trading during hajj). When you leave Arafah, commemorate the name of your Lord in Mash'ar, the sacred reminder of God. Commemorate His name as He has given you guidance while prior to that you had been in error.	इस में कोई इल्ज़ाम नहीं है कि (हज के साथ) तुम अपने परवरदिगार के फज़ल (नफ़ा तिजारत) की ख्वाहिश करो और फिर जब तुम अरफात से चल खड़े हो तो मशअरुल हराम के पास ख़ुदा का जिक्र करो और उस की याद भी करो तो जिस तरह तुम्हे बताया है अगरचे तुम इसके पहले तो गुमराहो से थे	मूल्य प्रदान करने और अपने लिहान को मान्य करने के लिए God का नाम Mash'ar किया जाता है।	0.6575282216072083	0.3321857750415802	0.27437469363212585
Mr. Speaker?	मि. स्पीकर ?	कोई?	0.7556376457214355	0.5397486090660095	0.5572683811187744
But if adrenalin which works only for a few seconds acts for 5 minutes won't the body be affected?	लेकिन adrenalin जो कुछ सेकंड के लिए ही काम करता है 5 मिनट के लिए कार्य करता है, तो ... ... शरीर प्रभावित नहीं होगा?	नहीं के भी हो सकते क्योंकि के भी हो सकते क्योंकि के के के के के के के के के के के के के के के के के के के के के के के के के के के के के के के के के के के के के के के के के के के के के के के के के के के के के के के के के के के के के के के के के के के के के के के के के के के के के के के के के के के के के के के के के के के के के के के के के के के के के के के के के के के के के के के के के क	0.5488771796226501	0.17705467343330383	0.033535197377204895
He said, “Yes, and you will be among my favorites.”	फिरऔन ने कहा (हॉ इनाम ही नहीं) बल्कि फिर तो तुम हमारे दरबार के मुक़र्रेबीन में से होगें	उन्होंने कहा, “हाँ और आप मेरी सबसे पसंदीदार लोगों में से हो रहे हैं।”	0.6936275959014893	0.6211337447166443	0.6435723900794983
Remember I told you if there was anything left you still cared about,	अगर मैंने तुमसे कहा था याद वहाँ आप अभी भी परवाह के बारे में कुछ भी छोड़ दिया थी	नहीं कॉपी किए गए यहाँ से होता है,	0.6304923295974731	0.30423468351364136	0.09487251937389374
new server	नया सर्वर	जैसा कि होगा	0.6861262321472168	0.43058452010154724	0.1529671996831894
In the doing, never the thinking.	करने में, कभी नहीं सोच रही है.	बिलकुल सोचे भी नहीं, निरनन्य सोचे भी।	0.7110462784767151	0.42840442061424255	0.4168112874031067
Pidgin address book source	पिडगिन पता पुस्तिका स्रोत	संक्षल भाषा का संकल्प भाषीय कार्यक्रम	0.7042736411094666	0.4122459292411804	0.32917702198028564
The only way is to strike.	एक ही रास्ता हड़ताल करने के लिए है.	सिर्फ़ एक संकेत है।	0.731050431728363	0.4923475682735443	0.39063286781311035
- Yeah, as you said the last time.	जैसा कि आप समय कहा पिछले.	जी हाँ, एक बार स्पष्ट रूप से कहा गया कि पिछले समय पर स्पष्ट रूप से कहा गया कि कोई विवरण जो कि पिछले समय पर विवरण दिया गया कि कोई जानकारी जो कि पिछले समय पर जिसे जिसे कहा था उसे भी बताया गया कि कोई जिसे जिसे कुछ भी विवरण दिया गया था।	0.653436005115509	0.4242909848690033	0.14546066522598267
And you're gonna eat it.	और आप इसे खाने वाले हैं.	आपको उसे खाना है।	0.8289486765861511	0.7649288177490234	0.8409859538078308
- NO, I'M JUST A KID.	- नहीं, मैं सिर्फ एक बच्चा हूँ.	अरे, कोई भी नहीं।	0.7130076289176941	0.4749651253223419	0.4895514249801636
Cannot append message to maildir folder: %s:	maildir फ़ोल्डर में संदेश नहीं जोड़ सकता: %s:	यकारी अभिवारी संदेश मaildir फ़ोस्ट के डॉक्टर से संबंध नहीं कर सकते हैं।	0.7383216023445129	0.39152559638023376	0.2231590896844864
[For them are] gardens of perpetual residence which they will enter. They will be adorned therein with bracelets of gold and pearls, and their garments therein will be silk.	(और उसका सिला बेहिश्त के) सदा बहार बाग़ात हैं जिनमें ये लोग दाख़िल होंगे और उन्हें वहाँ सोने के कंगन और मोती पहनाए जाएँगे और वहाँ उनकी (मामूली) पोशाक ख़ालिस रेशमी होगी	जो लोगों के लिए gardens हैं जो हमारे रहने के लिए बने हैं, वे हमारे रहने के लिए gold और pearl के bracelets और हमारे रहने के garments को silk से बने हैं	0.6564304232597351	0.378033846616745	0.3853189945220947
And the trumpet is blown. This is the threatened Day.	और नरसिंघा फूँक दिया गया। यही है वह दिन जिसकी धमकी दी गई थी	और ट्रुब में सोना शुरू करते हैं। इस किसी भी मामले में नहीं सुनिए।	0.7004950642585754	0.3422526717185974	0.2477169781923294
What a little miracle you are!	तुम एक छोटे चमत्कार जैसे हो!	जी हाँ, किसी के कुछ नहीं हो सकते हैं।	0.6945343613624573	0.36856773495674133	0.26773202419281006
♪ I only know it's a matter of time ♪	तुम बेकार, गिरे हुए इंसान!	जी हाँ केवल ज्ञान में है प्रलोभन है समय	0.6375505924224854	0.31019464135169983	0.052937522530555725
Pursue second mark.	सेकंड का चिह्न को आगे बढ़ाना है.	सब के लिए ज्यारी का मार्क्स का मार्क्स का मार्क्स का मार्क्स का मार्क्स का मार्क्स का मार्क्स का मार्क्स का मार्क्स का मार्क्स का मार्क्स का मार्क्स का मार्क्स का मार्क्स का मार्क्स का मार्क्स का मार्क्स का मार्क्स का मार्क्स का मार्क्स का मार्क्स का मार्क्स का मार्क्स का मार्क्स का मार्क्स का मार्क्स का मार्क्स का मार्क्स का मार्क्स का मार्क्स का मार्क्स का मार्क्स का मार्क्स का मार्क्स का मार्क्स का मार्क्स का मार्क्स का मार्क्स का मार्क्स का मार्क्स का मार्क्स	0.5277677774429321	0.2087438404560089	0.007549956440925598
"Leaving the consorts your Lord has made for you? But you are a people who exceed the bounds."""	और तुम्हारे वास्ते जो बीवियाँ तुम्हारे परवरदिगार ने पैदा की है उन्हें छोड़ देते हो (ये कुछ नहीं) बल्कि तुम लोग हद से गुज़र जाने वाले आदमी हो	आपके लिए जो कॉर्स्ट्स आपके Lord के प्राप्त कॉर्स्ट्स हैं? लेकिन आप लोग जितना जितनी प्राप्त होती है, उससे भी जितना जितनी सीमा अपने Lord के प्राप्त कॉर्स्ट्स से ज्यादा ज्यादती होती है।	0.6349349021911621	0.3562715947628021	0.3170655071735382
So do not follow the unbelievers, and strive against them a mighty striving with it.	अतः इनकार करनेवालों की बात न मानता और इस (क़ुरआन) के द्वारा उनसे जिहाद करो, बड़ा जिहाद! (जी तोड़ कोशिश)	इसे अन्य नहीं बना सकते, छुपा नहीं कर सकते, या इसके बारे में बदला नहीं कर सकते.	0.6400113701820374	0.3737786114215851	0.3615914583206177
Core developer	कोर डेवलपर	ब्रूस होक्यू	0.7577900290489197	0.4744197726249695	0.207307368516922
(And it was said unto him): O David! Lo! We have set thee as a viceroy in the earth; therefor judge aright between mankind, and follow not desire that it beguile thee from the way of Allah. Lo! those who wander from the way of Allah have an awful doom, forasmuch as they forgot the Day of Reckoning.	"""ऐ दाऊद! हमने धरती में तुझे ख़लीफ़ा (उत्तराधिकारी) बनाया है। अतः तू लोगों के बीच हक़ के साथ फ़ैसला करना और अपनी इच्छा का अनुपालन न करना कि वह तुझे अल्लाह के मार्ग से भटका दे। जो लोग अल्लाह के मार्ग से भटकते है, निश्चय ही उनके लिए कठोर यातना है, क्योंकि वे हिसाब के दिन को भूले रहे।-"	(और यह कहे कि): ओ डेविड! ल! हमने सेंट डेविड को earth के earth के वiceroy के रूप में बनाया और उसे पालन करने के लिए निश्चित किया कि वह डर्प रे योग्यता का शिकार हो न हो।	0.6614711284637451	0.2890402674674988	0.265509694814682
Except for the East Assembly seat, candidates from the other seats are sitting MLAs of their respective seats.	ज्ञात हो कि पूर्व विधानसभा को छोड़कर सभी सीटों के प्रत्याशी वर्तमान में संबंधित क्षेत्रों से वर्तमान में विधायक हैं।	यह East Assembly seat के लिए केवल ही रह सकती हैं।	0.6956209540367126	0.32671040296554565	0.20176813006401062
'World Habitat Day' Celebration in Cambodia · Global Voices	कंबोडिया मे 'वर्ल्ड हैबिटैट डे' समारोह	विश्व स्व-आहण्ट दिवस' कैलिफोर्निया में आयोजन	0.6781753301620483	0.6857067942619324	0.6051400303840637
)	)	जो कुछ भी हो सकता है, उसे सुनना और विश्व में इसका प्रभाव देना होगा।	0.595440149307251	0.39377453923225403	0.1471211016178131
Sudden Winds	अचानक तेज हवा	सड़े-रखटाम	0.7277472019195557	0.3500778079032898	0.15086692571640015
The odd Whispering Death or two in the rocks?	पत्थरों में एक-दो अनोखे विस्परिंग डेथ दिख सकेंगे?	अन्य शांति या दो शांति?	0.670748770236969	0.30608323216438293	0.3207738399505615
Collapse All _Threads	सभी लड़ियाँ समेटें (_T)	जिस कुछ जानकारी को सही तरीके से translate कर सकते हैं, वो कुछ जानकारी का विभिन्न रूप-रूप से change नहीं किया है।	0.659235954284668	0.322164922952652	0.08351049572229385
He did not believe in Allah, the Great,	(क्यों कि) ये न तो बुज़ुर्ग ख़ुदा ही पर ईमान लाता था और न मोहताज के खिलाने पर आमादा (लोगों को) करता था	अरे, तुम्हें Allah, the Great, etc. के प्रति नहीं क्यों हो सकती हो।	0.6335581541061401	0.2886524498462677	0.2121456414461136
Rename...	नाम बदलें...	किसी का नाम...	0.8552923202514648	0.6384418606758118	0.5600166916847229
Oh, my God.	ओह, मेरे भगवान.	अरे, जी!	0.7795973420143127	0.5981388092041016	0.4882563352584839
So I knew I must have stayed clean.	मैं मैं साफ रह चाहिए पता था तो.	यह मैंने तय है कि मैंने स्थायी रहे।	0.7534868121147156	0.3873579800128937	0.3581157922744751
For some of us are upright and some otherwise: Surely we follow different ways.	"""और यह कि हममें से कुछ लोग अच्छे है और कुछ लोग उससे निम्नतर है, हम विभिन्न मार्गों पर है"	जिनसे जिन व्यक्तियों की ऊँची है वहीं अन्य: शायद हमें अलग तरीके से चलते हैं।	0.6828387379646301	0.3746240437030792	0.2476464956998825
"Mac (""\\r"")"	"मैक (""\\ r"")"	I don't	0.5370407700538635	0.42416277527809143	0.40373116731643677
Those who do wrong will have their turn, like the turn of their counterparts, so let them not rush Me.	अतः जिन लोगों ने ज़ुल्म किया है उनके लिए एक नियत पैमाना है; जैसा उनके साथियों का नियत पैमाना था। अतः वे मुझसे जल्दी न मचाएँ!	जो लोग गलत करते हैं, उन्हों की प्रतिक्षिता उसके प्रतिक्षित प्रयास से समान होगी और न से रुसो ले सकते हैं।	0.6883370280265808	0.44536569714546204	0.2853754758834839
- THERE'S CLOTHES IN THE VAN.	- वैन में कपड़े नहीं है.	- वाने में क्लॉट्स हैं।	0.8250643610954285	0.4485445022583008	0.4444749355316162
S15: Keep away from heat	S15: गर्मी से दूर रखेंPlease take the official translations! You find them here: http: // europa. eu. int/ eur- lex/ lex/ LexUriServ/ LexUriServ. do? uri=CELEX: 32001L0059: EN: HTML	तो!	0.5556204319000244	0.29471156001091003	0.3383612036705017
And whoever is on earth entirely [so] then it could save him.	और उन सभी लोगों को जो धरती में रहते है, फ़िदया (मुक्ति-प्रतिदान) के रूप में दे डाले फिर वह उसको छुटकारा दिला दे	जो कोई भी पृथ्वी पर है वह उसे बचा सकता है।	0.6934555768966675	0.4229297935962677	0.5805556774139404
- They don't let us in the class.	- वे हमें क्लास में ऐसा नहीं करते।	- वे हमें क्लास में जात नहीं रह सकते।	0.9102149605751038	0.537846028804779	0.4760785698890686
Copy the selection	मौजूदा चयन	यह स selection को कॉपी करते हैं	0.6579179763793945	0.5269199013710022	0.27471724152565
Use Alpha	अल्फा का उपयोग करें	जापान में	0.6350645422935486	0.43453362584114075	0.31429600715637207
(SPEAKING IN RUSSIAN)	(रूसी में बोल)	"बिल्ली:
(रीडिंग इन हिंडी)"	0.7298274040222168	0.3367670476436615	0.17004448175430298
It was really fun actually.	यह सच में मज़ा था वास्तव में.	जिस तरह से मज़ेदार थी वैसी ही बात थी।	0.7560694813728333	0.6277154088020325	0.5763027667999268
Or, were you witnesses when death came to Jacob! He said to his children: 'What will you worship after me' They replied: 'We will worship your God and the God of your forefathers, Abraham, Ishmael, and Isaac, the One God. To Him, we are submissive'	"(क्या तुम इबराहीम के वसीयत करते समय मौजूद थे? या तुम मौजूद थे जब याक़ूब की मृत्यु का समय आया? जब उसने बेटों से कहा, ""तुम मेरे पश्चात किसकी इबादत करोगे?"" उन्होंने कहा, ""हम आपके इष्ट-पूज्य और आपके पूर्वज इबराहीम और इसमाईल और इसहाक़ के इष्ट-पूज्य की बन्दगी करेंगे - जो अकेला इष्ट-पूज्य है, और हम उसी के आज्ञाकारी (मुस्लिम) हैं।"""	"जी.सी. के लिखित:
क्या तुम्हें डर के प्रभाव के बारे में बताया जाए तो वह भी अलग-अलग तरह के हो सकते हैं।"	0.6259282827377319	0.2587941586971283	0.42576074600219727
He destroys our self-control.	वह हमारे आत्म - नियंत्रण नष्ट कर देता है.	से जाता है हमारा आत्म-विश्लेषण।	0.7954471111297607	0.47765958309173584	0.39022859930992126
fashioning for him whatsoever he would -- places of worship, statues, porringers like water-troughs, and anchored cooking-pots. 'Labour, O House of David, in thankfulness; for few indeed are those that are thankful among My servants.'	ग़रज़ सुलेमान को जो बनवाना मंज़ूर होता ये जिन्नात उनके लिए बनाते थे (जैसे) मस्जिदें, महल, क़िले और (फरिश्ते अम्बिया की) तस्वीरें और हौज़ों के बराबर प्याले और (एक जगह) गड़ी हुई (बड़ी बड़ी) देग़ें (कि एक हज़ार आदमी का खाना पक सके) ऐ दाऊद की औलाद शुक्र करते रहो और मेरे बन्दों में से शुक्र करने वाले (बन्दे) थोड़े से हैं	जो किसी भी हो वे देवों के पास हो वे पवितराज के पास हो वे आंतरिक के पास हो.	0.6225847601890564	0.24199864268302917	0.26838961243629456
Aimed at you, my golden goose!	Aimed at you, my golden goose!	"Translate:
Aimed at you, my golden goose!"	0.8821885585784912	0.9349077343940735	0.5914128422737122
But, what's the meaning of it?	लेकिन, इसका मतलब क्या है?	But, what's the meaning of it?	0.745631754398346	0.7669722437858582	0.403408944606781
You crap!	तुम छी!	जी हाँ, आप जी के साथ ही कुछ भी कह सकते हैं।	0.6748465895652771	0.38958466053009033	0.3270520865917206
A bridge, right? Of course.	एक पुल है, है ना?	जी हाँ, सहाँ।	0.7028013467788696	0.42090100049972534	0.19186970591545105
_Debug	डिबग	डब्बा	0.8147403001785278	0.5510057806968689	0.8602647185325623
_Fast blanking	तेज रिक्तिकरण (_F)	जानकारी से सुसंगत नहीं हो सकती	0.6440292596817017	0.3372647762298584	0.21381539106369019
The oceans have turned to blood. Best to stay on dry land, where it's safe.	महासागरों ने वापस खून लौटा है...	जल में लाल हो सकता है। ऐसे स्थानों से बचने के लिए जो सबसे safest हैं, उन्हें अवांजित कर दें.	0.6756592392921448	0.35727250576019287	0.23806750774383545
The wickedness of all this is hateful with your Lord.	इनमें से प्रत्येक की बुराई तुम्हारे रब की स्पष्ट में अप्रिय ही है	यह सभी ऐसे लोग हैं जो क्रोध और व्यर्थ नहीं होते |	0.6610175967216492	0.34897011518478394	0.22090494632720947
Okay, pay attention because I'm only gonna go over this ten more times.	ठीक है, ध्यान से सुनो क्योंकि सिर्फ़ दस बार और बताऊँगा।	अरे, ये सुनने के तौर पर बहुत महत्वपूर्ण है।	0.734474241733551	0.490959495306015	0.4207060635089874
[cheers]	[हर्षध्वनि]	अरे |	0.6937826871871948	0.4425369203090668	0.22141985595226288
You grew a conscience.	तुम्हारा ज़मीर जाग गया।	जिस के मन का एहादू हो रहा है, वह सुनिश्चित रूप से प्राप्त किया गया है।	0.6931185722351074	0.35425278544425964	0.25969430804252625
Artist	कलाकारः	कार्यक्रम	0.7608395218849182	0.6067101359367371	0.881027340888977
He says all the things that Brad doesn't.	उन्होंने ब्राड नहीं करता है कि सब बातें कहते हैं.	Brad नहीं होने के लिए किसी चीज़ का उपयोग है।	0.7241524457931519	0.3611753284931183	0.36511099338531494
- The Führer is the Führer!	- फ्यूरर फ्यूरर है!	यह सही है!	0.7492318749427795	0.5286347270011902	0.4430384635925293
O ye who believe! Kill not game while in the sacred precincts or in pilgrim garb. If any of you doth so intentionally, the compensation is an offering, brought to the Ka'ba, of a domestic animal equivalent to the one he killed, as adjudged by two just men among you; or by way of atonement, the feeding of the indigent; or its equivalent in fasts: that he may taste of the penalty of his deed. Allah forgives what is past: for repetition Allah will exact from him the penalty. For Allah is Exalted, and Lord of Retribution.	ऐ ईमान लानेवालो! इहराम की हालत में तुम शिकार न मारो। तुम में जो कोई जान-बूझकर उसे मारे, तो उसने जो जानवर मारा हो, चौपायों में से उसी जैसा एक जानवर - जिसका फ़ैसला तुम्हारे दो न्यायप्रिय व्यक्ति कर दें - काबा पहुँचाकर क़ुरबान किया जाए, या प्रायश्चित के रूप में मुहताजों को भोजन कराना होगा या उसके बराबर रोज़े रखने होंगे, ताकि वह अपने किए का मज़ा चख ले। जो पहले हो चुका उसे अल्लाह ने क्षमा कर दिया; परन्तु जिस किसी ने फिर ऐसा किया तो अल्लाह उससे बदला लेगा। अल्लाह प्रभुत्वशाली, बदला लेनेवाला है	शरीरूपी पश्च्या दिए जाते हैं।	0.5806983113288879	0.17913775146007538	0.07258250564336777
Make sure 'gdb' is installed on the system.	मेक gdb है पर सिस्टम नहीं	इस टिप्पटियों को सुनना और उसका पालन करना है।	0.6328588724136353	0.4498996436595917	0.14459951221942902
Aerial threat!	एरियल खतरा!	अवiation threat!	0.739958643913269	0.5608391165733337	0.5332428812980652
Sister Sarah, you tried.	बहन सारा, आप की कोशिश की.	अरे, सिस्टेर साराह, आपकी कोशिशें!	0.7216051816940308	0.6519584059715271	0.5622663497924805
What, have they not journeyed in the land and beheld how was the end of those before them? They were stronger than themselves in might and left firmer traces in the earth; yet that they earned did not avail them.	तो क्या ये लोग रूए ज़मीन पर चले फिरे नहीं, तो देखते कि जो लोग इनसे पहले थे उनका क्या अंजाम हुआ, जो उनसे (तादाद में) कहीं ज्यादा थे और क़ूवत और ज़मीन पर (अपनी) निशानियाँ (यादगारें) छोड़ने में भी कहीं बढ़ चढ़ कर थे तो जो कुछ उन लोगों ने किया कराया था उनके कुछ भी काम न आया	जो भी नहीं जाया है वे भी किसी भी तरह से आगे नह जाने के लाभ हो सकते हैं कि वे पीछे नहीं जाने के लाभ हो सकते हैं |	0.6528998017311096	0.3162675201892853	0.2877545952796936
Get to the side!	तरफ जाओ!	किसी भी जीवित जानकारी को नष्ट करना या किसी जानकारी को किसी अन्य जानकारी के रूप में नहीं बनाया जा सकता happens	0.6238358020782471	0.2673991024494171	0.16035199165344238
- Yeah.	- हाँ।	जी हुआ।	0.7697270512580872	0.7316761612892151	0.6095424890518188
And perhaps for the first time there is an online website called No Criminals that is geared towards educating voters about political candidates that have a criminal record and stop them from contesting elections.	एक अन्य जालस्थल नो क्रिमिनल्स में मतदाताओं को आपराधिक पृष्ठभूमि वाले प्रत्याशियों के बारे में जानकारी दी गई है।	किसी शास्त्री के बारे में है तो वही है।	0.6808621883392334	0.3146621286869049	0.11576966941356659
Why were there no people of understanding among those people of the destroyed towns of the past except for a few, whom we saved from destruction, to prevent people from committing evil in the land? The unjust among them indulged in worldly pleasures and so became guilty.	फिर तुमसे पहले जो नस्लें गुज़र चुकी है उनमें ऐसे भले-समझदार क्यों न हुए जो धरती में बिगाड़ से रोकते, उन थोड़े-से लोगों के सिवा जिनको उनमें से हमने बचा लिया। अत्याचारी लोग तो उसी सुख-सामग्री के पीछे पड़े रहे, जिसमें वे रखे गए थे। वे तो थे ही अपराधी	जो लोगों के लोगों के पास थे, वे लोग समझने वाले थे और उनके पास मूल्य था।	0.7058321833610535	0.3153509199619293	0.4095892310142517
Let's go.	चलो चलते हैं.	अरे जाने के लिए।	0.7345589399337769	0.5282904505729675	0.30675527453422546
H-Help me!	मुझे एच मदद!	I-Is there anything I can do to help?	0.6396098732948303	0.4279339611530304	0.4061482548713684
"Under the new bill, media houses can be fined up to 20 million Kenyan shillings and individual journalists up to one million with the additional risk of being ""de-listed,"" or barred from receiving official press accreditation."	"नए विधेयक के अन्तर्गत मीडिया कम्पनियों पर 2 करोड़ केन्याई शिलिंग तथा अलग-अलग पत्रकारों को दस लाख केन्याई शिलिंग पर जुर्माना किया जा सकता है तथा, उसके अतिरिक्त ""सूची से हटाए जाने"" अथवा आधिकारिक प्रेस मान्यता न दिए जाने का अतिरिक्त जोखिम अलग रहेगा।"	नए बिल पर, मीडिया हाउसेज़ को ज़िल्मेदारी देने के लिए 20 करोड़ केन्या शिल्लेबद्ध शुल्क देने की यह राज़ हो सकती है, लेकिन मैं यह सुनता हूँ कि मैं इस जानकारी को बहुत सोच सकता हूँ और बहुत भाव कर सकता हूँ.	0.6950786113739014	0.42740678787231445	0.4233630895614624
Calendar	पंचांग	कैलेंडर	0.6954057216644287	0.5013130307197571	0.6892326474189758
And lo, thy Lord! He is indeed the Mighty, the Merciful.	और निस्संदेह तुम्हारा रब ही है जो बड़ा प्रभुत्वशाली, अत्यन्त दयावान है	और यह, आपके राजा! वे indeed शक्ति प्राप्त कर रहे हैं।	0.6486043334007263	0.3510378897190094	0.260296493768692
Push me out of the window, why don't you?	मुझे खिड़की से बाहर पुश, तुम क्यों नहीं करते?	मैं किसी को व window से बाहर निकालने दूँगी , क्या तुम किसी को व window से बाहर निकालने दो?	0.7357965707778931	0.40890246629714966	0.4158968925476074
Thanks.	धन्यवाद.	अरे/बेटियाँ।	0.7055956125259399	0.40072643756866455	0.21397916972637177
Is he like unto him who resteth upon an evidence from His Lord, so and there rehearseth it a witness from Him And before it was the Book of Musa, a pattern and a mercy; these believe therein; and whosoever of the sects disbelieveth therein, the Fire is his promised place. Be then thou not in dubitation thereof, verily it is the truth from thy Lord, yet most of the mankind believe not.	फिर क्या वह व्यक्ति जो अपने रब के एक स्पष्ट प्रमाण पर है और स्वयं उसके रूप में भी एक गवाह उसके साथ-साथ रहता है - और इससे पहले मूसा की किताब भी एक मार्गदर्शक और दयालुता के रूप में उपस्थित रही है- (और वह जो प्रकाश एवं मार्गदर्शन से वंचित है, दोनों बराबर हो सकते है) ऐसे ही लोग उसपर ईमान लाते है, किन्तु इन गिरोहों में से जो उसका इनकार करेगा तो उसके लिए जिस जगह का वादा है, वह तो आग है। अतः तुम्हें इसके विषय में कोई सन्देह न हो। यह तुम्हारे रब की ओर से सत्य है, किन्तु अधिकतर लोग मानते नहीं	"एहसस! के के के के के के के के के के के के के के के के के के के के के के के के के के के के के के के के के के के के के के के के के के के के के के के के के के के के के के के के के के के के के के के के के के के के के के के के के के के के के के के के के के के के के के के के के के के के के के के के के के के के के के के के के के के के के के के के के कैवारियाई

के"	0.491211861371994	0.13940271735191345	0.03656511753797531
"Their greeting on the day they meet Him will be: ""Peace;"" and He has a generous reward ready for them."	जिस दिन उसकी बारगाह में हाज़िर होंगे (उस दिन) उनकी मुरादात (उसकी तरफ से हर क़िस्म की) सलामती होगी और खुदा ने तो उनके वास्ते बहुत अच्छा बदला (बेहश्त) तैयार रखा है	जिस दिन वे मिलेंगे उनमें शांति का भाव होगा और उसे प्राप्त करने वाली व्यक्ति को सौस्थान दिलाया जाएगा।	0.681469738483429	0.506400465965271	0.6633250117301941
We recite to you some of the news of Musa (Moses) and Fir'aun (Pharaoh) in truth, for a people who believe (those who believe in this Quran, and in the Oneness of Allah).	हम उन्हें मूसा और फ़िरऔन का कुछ वृत्तान्त ठीक-ठीक सुनाते है, उन लोगों के लिए जो ईमान लाना चाहें	जिस सारी खबरें हमसके मुसा (मिसरी मुसा) और फिराअन (फिरासुद्द हसान) के बारे में हम जाति के लिए कुछ खबरें भी भी भाषित हो सकती हैं।	0.6518218517303467	0.4804288148880005	0.3326133191585541
You'll die man!	मरना है क्या!	जी! तुम मरोगे!	0.7779209017753601	0.6081904768943787	0.6267070174217224
Don't you worry about falling out of this thing?	आप इस बात से बाहर गिरने के बारे में चिंता मत करो?	जिस बात चिंता नहीं है!	0.744308590888977	0.4337666928768158	0.49260541796684265
"""Place of birth,"	"""जन्म स्थान,"	ब्रिटेन के	0.6529651284217834	0.43482398986816406	0.138541579246521
Man, you know the dumb-ass wop supposed to be testifying against Reggie.	यार, तुम गूंगा गधा wop रेगी के खिलाफ गवाही होने की चाहिए पता है.	मैन, तुम जानते हैं कि व्हॉप सsupरटी कीजिए कि रेगgie ने किसी को बाधित किया क्या?	0.6924410462379456	0.3742200434207916	0.3975316286087036
He has revealed to you in the Book that when you hear God’s revelations being rejected, or ridiculed, do not sit with them until they engage in some other subject. Otherwise, you would be like them. God will gather the hypocrites and the disbelievers, into Hell, altogether.	(मुसलमानों) हालॉकि ख़ुदा तुम पर अपनी किताब कुरान में ये हुक्म नाज़िल कर चुका है कि जब तुम सुन लो कि ख़ुदा की आयतों से ईन्कार किया जाता है और उससे मसख़रापन किया जाता है तो तुम उन (कुफ्फ़ार) के साथ मत बैठो यहॉ तक कि वह किसी दूसरी बात में ग़ौर करने लगें वरना तुम भी उस वक्त उनके बराबर हो जाओगे उसमें तो शक ही नहीं कि ख़ुदा तमाम मुनाफ़िक़ों और काफ़िरों को (एक न एक दिन) जहन्नुम में जमा ही करेगा	जिस कुछ जानकारी इस संसार के मैदान में हो चुकी है.	0.6266112923622131	0.20019733905792236	0.25378692150115967
[ BUBBLING ]	[बुदबुदाती]	जो भी हो सकता है, उसे भी नहीं किया किया दिखाया दिया हो सकता है, और 10 के बावजूद भी हो सकता है।	0.6151863932609558	0.2816372811794281	0.01491549238562584
What is your GroupWise User ID?	आपका GroupWise उपयोक्ता आईडी क्या है?	आपका ग्रुप विज यUser ID?	0.7461498379707336	0.6343958973884583	0.41121426224708557
Message Header	संदेश शीर्ष	संदेश के हेडर्स	0.7751560807228088	0.5659254193305969	0.7731683254241943
"""Or (why) has not a treasure been granted to him, or why has he not a garden whereof he may eat?"" And the Zalimun (polytheists and wrong-doers, etc.) say: ""You follow none but a man bewitched."""	"या इसकी ओर कोई ख़ज़ाना ही डाल दिया जाता या इसके पास कोई बाग़ होता, जिससे यह खाता।"" और इन ज़ालिमों का कहना है, ""तुम लोग तो बस एक ऐसे व्यक्ति के पीछे चल रहे हो जो जादू का मारा हुआ है!"""	जिसे जिसे (जो किसी भी है) स्वरूपत्व प्राप्त किया है, उसे स्वरूप नहीं प्राप्त किया है, और जिसे जिसे (जो किसी भी है) स्वरूप नहीं प्राप्त किया है, उसे स्वरूप नहीं दिया है।	0.6200449466705322	0.30554625391960144	0.20429615676403046
Go to the next image of the gallery	दीर्घा के अगली छवि पर जाएँ	Next Image of the Gallery	0.6500785946846008	0.351630836725235	0.20977801084518433
Come on!	चलो!	कोई!	0.8502418398857117	0.6063770651817322	0.4695659875869751
Have you read the help file?	क्या आपने मदद फ़ाइल पढ़ ली है?	मैं नहीं पढ़ हुआ है?	0.7548156380653381	0.4242561161518097	0.298274427652359
Style	शैलीComment	Source	0.482450395822525	0.6008189916610718	0.5488251447677612
I'm sorry, I can't remember.	मुझे माफ करना, मैं याद नहीं कर सकता हूँ.	मुझे नहीं कहा चाहूँ?	0.7892287969589233	0.362806111574173	0.06822235882282257
The IP address as seen by the machine	मशीन द्वारा देखा गया IP पता	म machine देखे वाले आईपीअडस्टिन	0.7340510487556458	0.3712441623210907	0.017731713131070137
- Why not?	-क्यों नहीं हो?	- क्यों नहीं?	0.976672351360321	0.9302135705947876	0.9272067546844482
He said: My Lord! Give me victory over folk who work corruption.	"उसने कहास ""ऐ मेरे रब! बिगाड़ पैदा करनेवाले लोगों के मुक़ावले में मेरी सहायता कर।"""	जयप्रक्त! मेरे राज! दोस्तों के लोग जो कार्य कर दोष्मित हैं, वे लोग साहित्य के लाभ के लिए मेरे लाभ वाले लोग हैं।	0.6978538632392883	0.3634610176086426	0.20034649968147278
Composer Window default height	कंपोजर विंडो तयशुदा ऊंचाई	default height 12	0.6843184232711792	0.418199360370636	0.11334678530693054
What happened to Omar?	उमर को क्या हुआ?	ओमर के हाल क्या हुआ?	0.917347252368927	0.876684308052063	0.8648625612258911
I'llmakeacall.	-मैं फ़ोन कर दूंगी।	यहाँ कुछ नहीं हो सकते।	0.6637882590293884	0.3815739154815674	0.23683153092861176
The unbelieving assembly of his nation said: 'This is but a human like you, who desires to gain superiority over you. Had Allah willed, He could have sent down angels. We never heard of this among our ancient forefathers.	"इसपर उनकी क़ौम के सरदार, जिन्होंने इनकार किया था, कहने लगे, ""यह तो बस तुम्हीं जैसा एक मनुष्य है। चाहता है कि तुमपर श्रेष्ठता प्राप्त करे।""""अल्लाह यदि चाहता तो फ़रिश्ते उतार देता। यह बात तो हमने अपने अगले बाप-दादा के समयों से सुनी ही नहीं"	जापान के राजाओं ने कहा: यह लोग इसी जैसे हैं जो इतराजो से अलग हो सकते हैं। यदा अल्लाह इमानदार ने कहे, तो इस बात से पूरी तरह सहाय हो सकते थे इस प्रक्रिया के लिए।	0.6818971633911133	0.4590531289577484	0.4606359004974365
"[We said], ""And take in your hand a bunch [of grass] and strike with it and do not break your oath."" Indeed, We found him patient, an excellent servant. Indeed, he was one repeatedly turning back [to Allah]."	"""और अपने हाथ में तिनकों का एक मुट्ठा ले और उससे मार और अपनी क़सम न तोड़।"" निश्चय ही हमने उसे धैर्यवान पाया, क्या ही अच्छा बन्दा! निस्संदेह वह बड़ा ही रुजू रहनेवाला था"	"माफ़ किया गया:
जैसे कहा के, यह सही है।"	0.6556625366210938	0.3135606348514557	0.17024002969264984
My fault, Alan.	हम Bellagio में थे?	मेरी गलती, अलान।	0.6425475478172302	0.3721288740634918	0.525010347366333
To Him is referred the knowledge of the hour, and there come not forth any of the fruits from their coverings, nor does a female bear, nor does she give birth, but with His knowledge; and on the day when He shall call out to them, Where are (those whom you called) My associates? They shall say: We declare to Thee, none of us is a witness.	"उस घड़ी का ज्ञान अल्लाह की ओर फिरता है। जो फल भी अपने कोषों से निकलते है और जो मादा भी गर्भवती होती है और बच्चा जनती है, अनिवार्यतः उसे इन सबका ज्ञान होता है। जिस दिन वह उन्हें पुकारेगा, ""कहाँ है मेरे साझीदार?"" वे कहेंगे, ""हम तेरे समक्ष खुल्लम-ख़ुल्ला कह चुके है कि हममें से कोई भी इसका गवाह नहीं।"""	नोट: शीर्षक नहीं हो सकता.	0.6036345362663269	0.24030809104442596	0.11528065800666809
We discontinued the name four years ago.	हम चार साल पहले नाम को बंद कर दिया.	अरे हमने चीज़ के लाभ के लिए एक संस्थान का नाम लाया था।	0.7177900075912476	0.46514174342155457	0.3411780297756195
Or do they say, 'He has forged against God a lie?' But if God wills, He will set a seal on thy heart; and God blots out falsehood and verifies the truth by His words; He knows the thoughts within the breasts.	"(क्या वे ईमान नहीं लाएँगे) या उनका कहना है कि ""इस व्यक्ति ने अल्लाह पर मिथ्यारोपण किया है?"" यदि अल्लाह चाहे तो तुम्हारे दिल पर मुहर लगा दे (जिस प्रकार उसने इनकार करनेवालों के दिल पर मुहर लगा दी है) । अल्लाह तो असत्य को मिटा रहा है और सत्य को अपने बोलों से सिद्ध कर रहा है। निश्चय ही वह सीनों तक की बात को भी भली-भाँति जानता है"	जिस व्यक्ति का दावा है कि भगवान की बात है तो उसे भी भाव नहीं होगा कि यह सुन ले सकता कि दिया जा रहे है सुनने वाला है	0.66077721118927	0.3084961473941803	0.40853655338287354
And recall what time We vouchsafed unto Musa the Book and the distinction that haply ye may be guided.	और (वह वक्त भी याद करो) जब मूसा को (तौरेत) अता की और हक़ और बातिल को जुदा करनेवाला क़ानून (इनायत किया) ताके तुम हिदायत पाओ	यह सुनें कि वे जो वचनसंग्रह में रखे थे, वे और भी उसी समय से चले बिना सही अर्थ के थे।	0.6250757575035095	0.3694913685321808	0.2881286144256592
Have you not regarded that Allah knows whatever there is in the heavens and whatever there is in the earth? There dost not takes place any secret talk among three, but He is their fourth [companion], nor among five but He is their sixth, nor when they are less than that or more but He is with them wherever they may be. Then He will inform them about what they have done on the Day of Resurrection. Indeed Allah has knowledge of all things.	क्या तुमने इसको नहीं देखा कि अल्लाह जानता है जो कुछ आकाशों में है और जो कुछ धरती में है। कभी ऐसा नहीं होता कि तीन आदमियों की गुप्त वार्ता हो और उनके बीच चौथा वह (अल्लाह) न हो। और न पाँच आदमियों की होती है जिसमें छठा वह न होता हो। और न इससे कम की कोई होती है और न इससे अधिक की भी, किन्तु वह उनके साथ होता है, जहाँ कहीं भी वे हो; फिर जो कुछ भी उन्होंने किया होगा क़ियामत के दिन उससे वह उन्हें अवगत करा देगा। निश्चय ही अल्लाह को हर चीज़ का ज्ञान है	"English to Hindi रूप में अनुसार होगा:
जो कुछ हुआ उसे जो हुआ उसे जो हुआ उसे Resurrection का होगा। तथा जो कुछ हुआ उसे उसे जो हुआ उसे जो हुआ उसे Resurrection का होगा।"	0.6059953570365906	0.2229662388563156	0.13838088512420654
I'll take poison.	मैं जहर खाउंगी.	मैं हड्डी लेकर चोट पहूँचें।	0.7886753678321838	0.2672896683216095	0.1264137625694275
Why would I want to live anywhere else?	क्यों मैं कहीं और नहीं जीना चाहता है?	ज़रूर इस जगह से दूसरी जगह से ज़्यादर जगह पसंद होगी और कम जगह नापसंद होगी.	0.6309654712677002	0.3106745779514313	0.14270243048667908
Bad argument	बुरा तर्क	बद आर्ग्योर्टेंट	0.7265164256095886	0.4665205478668213	0.710996150970459
Absolutely brilliant! Thank God for you, son!	आप के िलए भगवान का शुक्र है, बेटा!	मैं आपको जितनी ज्यादा ज्यादतना हो सकती बात बताई सकती ह! अल्लाह आरर्जी!	0.7042379379272461	0.3763647973537445	0.20858192443847656
That too a 70 year old man	वह भी एक 70 वर्षीय व्यक्ति	अरे और भी 70 वर्षीय लोग	0.8269401788711548	0.7776185870170593	0.851026177406311
The innitiative is towards creating a repository of work, testimonies, video and photographs to be shared through their site before, during and after the conference.	यह पहल सम्मेलन के दौरान, उससे पूर्व व उसके बाद के किए गए कार्यों, प्रशंसा पत्रों, वीडियो व चित्रों को विविध साइटों के जरिए साझा करने रूप में है.	संस्थागत कार्य का संग्रह होगा जो पहले से ही आयोजित किए जाने वाले साइट पर पोस्ट और संप्र्ट किए जाने वाले सीडियो से शीर्षक संकलन का संचालन होगा जो पहले से ही आयोजित किए जाने वाले साइट पर संप्र्ट किए जाने वाले शीर्षक संकलन का संचालन होगा.	0.6681251525878906	0.4602629244327545	0.32438844442367554
[laughter] woman:	[हंसी] महिला: क्या तुम हर संभव तरीका आज़मा रहे हो?	धन्यवाद।	0.6535508632659912	0.4176768958568573	0.40961170196533203
Display the time column in the main window.	प्रधान विंडो में समय स्तंभ दिखाएँ.	अनुपरिचित जानकारी से नहीं कहा चाहें तो कोई भी विवरण जोड़न, रोकने, या बदलने के कोई कार्य हो सकते हैं।	0.6591494083404541	0.3160930275917053	0.0508328452706337
Take the needle now.	अब सुई ले लो!	अब नेड के पेंसले लें।	0.7444470524787903	0.5009885430335999	0.4658825993537903
These people respect you.	इन लोगों को आप सम्मान करते हैं।	ये लोग से मिले तो आप के प्रति हैं।	0.8049252033233643	0.4079273045063019	0.2239062786102295
- Yes.	- हाँ.	जी हाँ।	0.8145980834960938	0.8962923884391785	0.9312915802001953
Location of installed Qt plugins	संस्थापित क्यूटी प्लगइन्स के स्थान	स्थान của स्थायी प्लट-एट-ऑल्ट-एट पॉ्टल्स	0.7380823493003845	0.5478851795196533	0.4721205234527588
"(Jacob) said, ""I shall not send him with you until you solemnly promise me before God to return him to me unless you are prevented from doing so."" When they gave their promise, he said, ""God is the Witness of what we have said""."	ये जो अबकी दफा लाए थे थोड़ा सा ग़ल्ला है याकूब ने कहा जब तक तुम लोग मेरे सामने खुदा से एहद न कर लोगे कि तुम उसको ज़रुर मुझ तक (सही व सालिम) ले आओगे मगर हाँ जब तुम खुद घिर जाओ तो मजबूरी है वरना मै तुम्हारे साथ हरगिज़ उसको न भेजूंगा फिर जब उन लोगों ने उनके सामने एहद कर लिया तो याक़ूब ने कहा कि हम लोग जो कह रहे हैं ख़ुदा उसका ज़ामिन है	"जेबर का कथन था, ""गोद है witness of what we have said""""."	0.5915284752845764	0.2946389615535736	0.12014099955558777
Like an old lover they forgive, but they will never forget.	वे माफ कर एक पुराने प्रेमी, पसंद है, लेकिन वे कभी नहीं भूल जाएगा.	जैसा कि एक पुरानी प्रेमी वे भूल नहीं सोच सकते, हालांत वे कभी भी नहीं सोच सकते।	0.7783100008964539	0.39636650681495667	0.41815829277038574
O you who have believed, when you [wish to] privately consult the Messenger, present before your consultation a charity. That is better for you and purer. But if you find not [the means] - then indeed, Allah is Forgiving and Merciful.	ऐ ईमान लानेवालो! जब तुम रसूल से अकेले में बात करो तो अपनी गुप्त वार्ता से पहले सदक़ा दो। यह तुम्हारे लिए अच्छा और अधिक पवित्र है। फिर यदि तुम अपने को इसमें असमर्थ पाओ, तो निश्चय ही अल्लाह बड़ा क्षमाशील, अत्यन्त दयावान है	जो लोग ज्ञान के अनुसार विश्वास रखते हैं कि, उन्हें परसंग्रह करने वाले एक प्रिय ग्राहक से परिचय प्राप्त करने वाले कुछ महत्वपूर्ण जानकारी हैं जिनका पालन-मान परिचय प्राप्त करने वाले ग्राहकों को यह जानकारी देने वाले संसाधनों के लाभ प्राप्त करने वाले जानकारिता प्राप्त करने वाले लाभ प्राप्त करने वाले साधनों के लाभ प्राप्त करने वाले जानकारियों से प्राप्त किए ज्यातिरामा के लाभ प्राप्त किए ज्यातिरामा के लाभ प्राप्त किए ज्यातिरामा के लाभ प्राप्त किए ज्यातिरामा के लाभ प्राप्त किए ज्यातिरामा के लाभ प्राप्त किए ज	0.5975234508514404	0.29962393641471863	0.12069137394428253
O mankind! Lo! We have created you male and female, and have made you nations and tribes that ye may know one another. Lo! the noblest of you, in the sight of Allah, is the best in conduct. Lo! Allah is Knower, Aware.	लोगों हमने तो तुम सबको एक मर्द और एक औरत से पैदा किया और हम ही ने तुम्हारे कबीले और बिरादरियाँ बनायीं ताकि एक दूसरे की शिनाख्त करे इसमें शक़ नहीं कि ख़ुदा के नज़दीक तुम सबमें बड़ा इज्ज़तदार वही है जो बड़ा परहेज़गार हो बेशक ख़ुदा बड़ा वाक़िफ़कार ख़बरदार है	जिमेंसी! लो! हमने जो मानव बनाया है, वह मात्रा से है और साप्तवारी में नहीं है।	0.652022123336792	0.3197130262851715	0.2898505628108978
We shall maintain proper justice on the Day of Judgment. No soul will be wronged the least. For a deed even as small as a mustard seed one will duly be recompensed. We are efficient in maintaining the account.	और हम बज़नी, अच्छे न्यायपूर्ण कामों को क़ियामत के दिन के लिए रख रहे है। फिर किसी व्यक्ति पर कुछ भी ज़ुल्म न होगा, यद्यपि वह (कर्म) राई के दाने के बराबर हो, हम उसे ला उपस्थित करेंगे। और हिसाब करने के लिए हम काफ़ी है	जैसा कि किसी भी चीज़ के लिए भी सहमत है कि हम जितना जोखिम लेते हैं तो हमें उतने भी ज्यादा किस्मति होती है।	0.6985239386558533	0.33255627751350403	0.2860507369041443
Spanish (Honduras)	स्पेनी (होंडुरास)	Today Date: 13 May 2026	0.5415856242179871	0.30066534876823425	0.1828923225402832
We must watch Rahul getting beaten up!	राहुल को पीटते देखने में मजा आएगा !	रहुल को धोखे से धोखा दिया जाता!	0.7967615723609924	0.471611887216568	0.4381340742111206
Go to the home page	घर पृष्ठ पर जाएँ	"दृश्य:
To the home page"	0.63626629114151	0.48836037516593933	0.376912921667099
Certificate problem: %s Issuer: %s	प्रमाणपत्र समस्या: %s निर्गमक: %s	अन्य निर्देशों से अलग: %s प्रदाता: %s	0.8181543350219727	0.6126534342765808	0.6650246381759644
I am not against you.	मैं आप के खिलाफ नहीं हूं.	मैं नहीं Against हूँ तुम्हें।	0.7824825644493103	0.6971645951271057	0.3406904935836792
Would you question your Apostle as Moses was questioned formerly? Whoever changes faith for unfaith certainly strays from the right way.	(ऐ ईमानवालों! तुम अपने रसूल के आदर का ध्यान रखो) या तुम चाहते हो कि अपने रसूल से उसी प्रकार से प्रश्न और बात करो, जिस प्रकार इससे पहले मूसा से बात की गई है? हालाँकि जिस व्यक्ति न ईमान के बदले इनकार की नीति अपनाई, तो वह सीधे रास्ते से भटक गया	ज़रूर नतीजारी और विश्वासापूरक्षता से पूरी तरह से सह	0.6066644191741943	0.29101496934890747	0.12131188809871674
The austerity imposed by Berlin and the European Central Bank, coupled with the straitjacket imposed on national economies through adherence to the common currency, has led many people to think Project Europe has gone too far.	बर्लिन और यूरोपियन सेन्ट्रल बैंक द्वारा लगाए गए कठोर नियमों के साथ ही, समान मुद्रा का अनुपालन करने के माध्यम से राष्ट्रीय अर्थव्यवस्थाओं पर लगाई गई बाधाओं के कारण बहुत लोगों को सोचना पड़ रहा है कि प्रोजेक्ट यूरोप बहुत दूर चला गया है।	इस्तीफ़ार की निगरानी और सिंगल्स फ़र्म के लाभ-निकालन पर विनम्रता और ईमानदारी से कार्य किया जा सकता है।	0.6931683421134949	0.3763253390789032	0.4915563464164734
Ilir...	Llir...	अरबी...	0.7687739729881287	0.583231508731842	0.6369743943214417
And strive hard in Allah's Cause as you ought to strive (with sincerity and with all your efforts that His Name should be superior). He has chosen you (to convey His Message of Islamic Monotheism to mankind by inviting them to His religion, Islam), and has not laid upon you in religion any hardship, it is the religion of your father Ibrahim (Abraham) (Islamic Monotheism). It is He (Allah) Who has named you Muslims both before and in this (the Quran), that the Messenger (Muhammad SAW) may be a witness over you and you be witnesses over mankind! So perform As-Salat (Iqamat-as-Salat), give Zakat and hold fast to Allah [i.e. have confidence in Allah, and depend upon Him in all your affairs] He is your Maula (Patron, Lord, etc.), what an Excellent Maula (Patron, Lord, etc.) and what an Excellent Helper!	और परस्पर मिलकर जिहाद करो अल्लाह के मार्ग में, जैसा कि जिहाद का हक़ है। उसने तुम्हें चुन लिया है - और धर्म के मामले में तुमपर कोई तंगी और कठिनाई नहीं रखी। तुम्हारे बाप इबराहीम के पंथ को तुम्हारे लिए पसन्द किया। उसने इससे पहले तुम्हारा नाम मुस्लिम (आज्ञाकारी) रखा था और इस ध्येय से - ताकि रसूल तुमपर गवाह हो और तुम लोगों पर गवाह हो। अतः नमाज़ का आयोजन करो और ज़कात दो और अल्लाह को मज़बूती से पकड़े रहो। वही तुम्हारा संरक्षक है। तो क्या ही अच्छा संरक्षक है और क्या ही अच्छा सहायक!	मध्य प्रदेश में हिंदू धर्म के प्रतिनिध्यकारी वाले स्थितिपरक्षिति (प्रोत, राज, etc.) और विशिष्ट संबंध (संबंध, etc.) के लाभ के लिखित रूप में हो सकते हैं।	0.6279447078704834	0.2729891240596771	0.2819845378398895
So does Joy Behar. - We're going up, guys.	कैसे मुक्केबाज़ी कि सवारी अंदर मुझे लगता है इसलिए वे इसे सिन सिटी कहते हैं.	"Translate following English to Hindi text:

So does Joy Behar. - We're going up, guys."	0.5639922618865967	0.21506905555725098	0.0962332934141159
- Well then get in the game.	- तो ठीक खेल में मिलता है.	- तो चलो खेल लिया है।	0.8045105338096619	0.5131709575653076	0.3342741131782532
"and say, ""Exaltations be to our Lord! The promise of our Lord is done.'"	"और कहते है, ""महान और उच्च है हमारा रब! हमारे रब का वादा तो पूरा होकर ही रहता है।"""	अरे, और बताइये कि “अहां! हमने “अहां! हमने “अहां! हमने “अहां! हमने “अहां! हमने “अहां!	0.6246465444564819	0.3153873383998871	0.10937969386577606
O O Ye who believe! prescribed unto you is retaliation for the slain; the free for the free, and a bondsman for a bondsman, and a woman for a woman; yet unto whomsoever is pardoned aught by his brother, then a serving with lenity and payments with kindness. That is an alleviation from your Lord and a mercy so whosoever shall transgress thereafter, for him there shall be a torment afflictive.	ऐ मोमिनों जो लोग (नाहक़) मार डाले जाएँ उनके बदले में तुम को जान के बदले जान लेने का हुक्म दिया जाता है आज़ाद के बदले आज़ाद और ग़ुलाम के बदले ग़ुलाम और औरत के बदले औरत पस जिस (क़ातिल) को उसके ईमानी भाई तालिबे केसास की तरफ से कुछ माफ़ कर दिया जाये तो उसे भी उसके क़दम ब क़दम नेकी करना और ख़ुश मआमलती से (ख़ून बहा) अदा कर देना चाहिए ये तुम्हारे परवरदिगार की तरफ आसानी और मेहरबानी है फिर उसके बाद जो ज्यादती करे तो उस के लिए दर्दनाक अज़ाब है	देखो!	0.562267541885376	0.19786685705184937	0.08570602536201477
Yeah, I could break this glass and use it as a cutting edge.	हाँ, मैं इस कांच तोड़ने और एक अत्याधुनिक के रूप में यह इस्तेमाल कर सकते हैं.	जी हाँ, मैं ने यह सिल्क का सिल्क का सिल्क के सामान्य तौर पर स्थापित किया है।	0.7563320994377136	0.39735302329063416	0.25808629393577576
I had an MRI once and the nurse talked me through the whole thing, so do you mind doing that?	मैं एक एमआरआई एक बार किया था और नर्स ने मुझे पूरी बात के माध्यम से बात की, तो आप ऐसा कर बुरा नहीं?	No, you don't mind doing that?	0.6068115234375	0.23049384355545044	0.07961011677980423
Abraham enjoined this [creed] upon his children, and [so did] Jacob, [saying], ‘My children! Allah has indeed chosen this religion for you; so do not die except as those who have surrendered themselves [to Allah].	"और इसी की वसीयत इबराहीम ने अपने बेटों को की और याक़ूब ने भी (अपनी सन्तानों को की) कि, ""ऐ मेरे बेटों! अल्लाह ने तुम्हारे लिए यही दीन (धर्म) चुना है, तो इस्लाम (ईश-आज्ञापालन) को अतिरिक्त किसी और दशा में तुम्हारी मृत्यु न हो।"""	जेम्मा ने यह कह कर लिखा है, 'मेरे! अल्लाह ने यहाँ यह religion लिख कर दिया है; thus do not die until as those who have surrendered themselves [to Allah].'	0.6984958052635193	0.32248908281326294	0.21163950860500336
Look. You look like you've had a really rough day.	सुनो, ऐसा लगता है कि आप दिन मुश्किल भरा था.	ज़रूर। तुम तो काफी दिख रही हो।	0.6993468999862671	0.36723583936691284	0.32060813903808594
In most cases, the process will slow down or stall -- something a pediatrician can monitor closely.	अधिकांश मामलों में यह प्रक्रिया धीमी हो जाएगी अथवा रुक जाएगी - जिसका बाल चिकित्सक नज़दीक से निरीक्षण कर सकते हैं।	ज़्यूरिलिस्मस में होने के लाभ और जोखिम के बारे में बात यह रही कि यह जानकारी सुनी गई थी.	0.6724292635917664	0.40653613209724426	0.3061850070953369
This key should contain a list of XML structures specifying custom headers, and whether they are to be displayed. The format of the XML structure is &lt;header enabledgt; - set enabled if the header is to be displayed in the mail view.	कुंजी को मनपसंद शीर्षिका निर्दिष्ट करने वाली XML संरचना को समाहित करनी चाहिए, और क्या उसे निष्क्रिय किया जाना है. XML संरचना का प्रारूप &lt;header enabledgt; है - सक्रिय के रूप में सेट करें अगर हेजर को डाक दृश्य में दिखाया जाना है.	"बात किया ज सकता है:
- प्राथमिक किया ज सकता है यदि पूर्ण संस्थान में प्राथमिक संस्थान से प्राथमिक मेल-ऑन कार्य किया ज सकता है।"	0.6625142097473145	0.3091399371623993	0.1879626363515854
Self-control is a lover I've known too long, Ptolemy.	मैं भी लंबे समय से जाना जाता है आत्म नियंत्रण टॉलेमी, एक प्रेमी है.	जिस्म से है उससे भी विवाह से है। प्लौरेमी के पास में हुआ विवाह से है।	0.7017725706100464	0.32248514890670776	0.1849546581506729
- ( Gasps )	- (हांफते हुए)	यह जाँचें कि जापान में कौन सा होता है, (शप्ति की ध्यानतिरिकी)	0.6893810629844666	0.32923251390457153	0.20333431661128998
After the war, the French political elite saw the EU as a vehicle to keep Germany in check, and to give Paris equal billing in the world with Washington.	यूद्ध के पश्चात फ्रांस के शीर्ष राजनीतिज्ञों ने ई.यू. को जर्मनी को नियंत्रित रखने, तथा पेरिस को दुनिया में वांशिगटन के बराबर बिलिंग प्रदान करने के उपाय के रूप में देखा था।	पूरी संसार के बाद युद्ध के बाद फ्रांस के राजनीतिक नेता ने यूरोप के राजकुल में फ्रांस के राजकुल में फ्रांस के राजकुल में फ्रांस के राजकुल में फ्रांस के राजकुल में फ्रांस के राजकुल में फ्रांस के राजकुल में फ्रांस के राजकुल में फ्रांस के राजकुल में फ्रांस के राजकुल में फ्रांस के राजकुल में फ्रांस के राजकुल में फ्रांस के राजकुल में फ्रांस के राजकुल में फ्रांस के राजकुल में फ्रांस के राजकुल में फ्रांस के राजकुल में फ्रांस के राजकुल में फ्रांस के राजक	0.6219295859336853	0.25377342104911804	0.11514174938201904
Display Images on Page	पृष्ठ पर छवि दिखाएँ	पृष्ठ में इमेज डाइज़़़़़़़़़़़़（दददद्）	0.6879370808601379	0.3069087564945221	0.32472139596939087
© P@rM! NdeR M@nkÖÖ ™	©@ पीआर एम nderएम@ NKOहे	अरे!	0.6124447584152222	0.37471652030944824	0.1491059958934784
Selected file name in the file manager plugin	चयनित फ़ाइल नाम इंच फ़ाइल प्लगइन	फाइल मैनेजर प्लॉड से चosen है	0.7516864538192749	0.34144946932792664	0.029661303386092186
And We have not sent before you but men from (among) the people of the towns, to whom We sent revelations. Have they not then travelled in the land and seen what was the end of those before them? And certainly the abode of the hereafter is best for those who guard (against evil); do you not then understand?	तुमसे पहले भी हमने जिनको रसूल बनाकर भेजा, वे सब बस्तियों के रहनेवाले पुरुष ही थे। हम उनकी ओर प्रकाशना करते रहे - फिर क्या वे धरती में चले-फिरे नहीं कि देखते कि उनका कैसा परिणाम हुआ, जो उनसे पहले गुज़रे है? निश्चय ही आख़िरत का घर ही डर रखनेवालों के लिए सर्वोत्तम है। तो क्या तुम समझते नहीं? -	Yes.	0.5595045685768127	0.2301674336194992	0.05669090524315834
Your names	रविशंकर श्रीवास्तव, जी. करूणाकरEMAIL OF TRANSLATORS	यरसी	0.6271814107894897	0.3969801068305969	0.16240037977695465
Writing leadout	लीडआउट लिख रहा है	बोलने के लिए लिख सकते हैं।	0.7630360126495361	0.46150028705596924	0.5312279462814331
Pelle...	पेले...	पेल...	0.9337987899780273	0.9061557650566101	0.9219532012939453
Alai!	अलाई!	अरे!	0.9447069764137268	0.8808263540267944	0.8305575847625732
We could just float.	हम सिर्फ नाव सकता है.	जैसे कि कोई नहीं।	0.7201215624809265	0.4127911329269409	0.46172553300857544
Nordic	नोर्डिक	I cannot add, remove, or change any information.	0.5910459160804749	0.32245752215385437	0.10693080723285675
You're crazy to spend so much !	तुम पागल हो जो इतना खर्च कर रहे हो !	आप सो much सpendिंह है !	0.7072442173957825	0.3467055857181549	0.3707057237625122
Stop!	रुको!	कृपयोग्यता: यह जानकारी के लिए तो काम नहीं है कि यह पाठ का संक्षल प्रयोग होयगा।	0.601128876209259	0.28762760758399963	0.05314970761537552
THAT'S THE LAST TIME I WANNA HEAR YOU SAY MY NAME.	कि पिछली बार मैं तुम्हें मेरा नाम कहते सुना है.	मैं नहीं कह सकता कि मैं अभी तक यहाँ नहीं कह सकता कि मैं अभी तक मैं नहीं कह सकता कि मैं अभी तक मैं नहीं कह सकता कि मैं अभी तक मैं नहीं कह सकता कि मैं अभी तक मैं नहीं कह सकता कि मैं अभी तक मैं नहीं कह सकता कि मैं अभी तक मैं नहीं कह सकता कि मैं अभी तक मैं नहीं कह सकता कि मैं अभी तक मैं नहीं कह सकता कि मैं अभी तक मैं नहीं कह सकता कि मैं अभी तक मैं नहीं कह सकता कि मैं अभी तक मैं नहीं कह सकता कि मैं अभी तक मैं नहीं कह सकता कि मैं अभी तक मैं नहीं कह सकता कि मैं अभी तक मैं नहीं कह सकता कि मैं अभी तक मैं नहीं कह सकता कि मैं अभी तक मैं नहीं कह सकता कि मैं अभी तक मैं नहीं	0.5313295722007751	0.2926468551158905	0.04522126168012619
O you who believe, save yourselves and your families from the Fire whose fuel is men and rocks, over which are appointed angels stern and severe as wardens who never disobey what God commands them, and do what they are commanded;	ऐ ईमान लानेवालो! अपने आपको और अपने घरवालों को उस आग से बचाओ जिसका ईधन मनुष्य और पत्थर होंगे, जिसपर कठोर स्वभाव के ऐसे बलशाली फ़रिश्ते नियुक्त होंगे जो अल्लाह की अवज्ञा उसमें नहीं करेंगे जो आदेश भी वह उन्हें देगा, और वे वही करेंगे जिसका उन्हें आदेश दिया जाएगा	जो लोग विश्वास रखते हैं, उसे अपने जीवन से दूर रखना और उस ज्ञन के द्वारे उसे बताने के लाभ हैं।	0.6604243516921997	0.3472464978694916	0.41669905185699463
You might have enjoyed it.	आप में बहुत मज़ा आया हो सकता है.	जिस कुछ लोगों ने भी इसे लिखा था, उसे भी इस प्रकार से सम्मान दिया जा सकता हूँ.	0.7117079496383667	0.47937607765197754	0.25550228357315063
We did not teach him (Muhammad) poetry, nor was he supposed to be a poet. It is only the word (of God) and the illustrious Quran	और हमने न उस (पैग़म्बर) को शेर की तालीम दी है और न शायरी उसकी शान के लायक़ है ये (किताब) तो बस (निरी) नसीहत और साफ-साफ कुरान है	चेतना ने नहीं सिखाया कि पoesी नहीं कीी लेकिन संक्षेत्र के पात्र के बीच में स्थापित होती है।	0.6538835167884827	0.30234062671661377	0.26295921206474304
Let's try the first floor.	चलो पहली मंजिल पर कोशिश करें.	पहली स्तर पर चलें	0.7646923661231995	0.5645825862884521	0.8594733476638794
Autosave failed for %s	स्वतः सहेजें असफल के लिए से.	कृपयोग्यता: %s का autosave कैसे किया गया ?	0.6557690501213074	0.41254594922065735	0.2733805477619171
- We've tried everything.	- हम सब कुछ कोशिश की है।	अरे हमने सब कुछ कहा.	0.785535991191864	0.6517654061317444	0.5876672267913818
"And when they are told, ""Believe as other people have believed,"" they say, ""Are we to believe just as fools believe?"" Surely they are the fools, even though they do not realize it."	और जब उनसे कहा जाता है कि जिस तरह और लोग ईमान लाए हैं तुम भी ईमान लाओ तो कहते हैं क्या हम भी उसी तरह ईमान लाएँ जिस तरह और बेवकूफ़ लोग ईमान लाएँ, ख़बरदार हो जाओ लोग बेवक़ूफ़ हैं लेकिन नहीं जानते	"जो भी कहते ""बिल्ली के पागले सोचें"", वे कहते ""बिल्ली के पागले सोचकर, हाँ विल्ली के पागले सोचें""।"	0.650366485118866	0.2867435812950134	0.1818050593137741
Give me my gold! Hey!	इस तरह के एक भीड़ में हो मत करो!	गोएल ले! हे!	0.7216746211051941	0.33578136563301086	0.06420038640499115
I'll ... - Kill him.	- उसे मार डालुंगा.	जी... किल हुआ.	0.6716335415840149	0.3407008647918701	0.35022521018981934
You're really tense.	तुम परेशान हो.	तबक्यों का तंत्र बहुत ज्यादा तनावग्रस्त है।	0.6840255260467529	0.45432010293006897	0.49569880962371826
[They say,] ‘Our Lord! Do not make our hearts swerve after You have guided us, and bestow Your mercy on us. Indeed, You are the All-munificent.	(और दुआ करते हैं) ऐ हमारे पालने वाले हमारे दिल को हिदायत करने के बाद डॉवाडोल न कर और अपनी बारगाह से हमें रहमत अता फ़रमा इसमें तो शक ही नहीं कि तू बड़ा देने वाला है	मूल्यार्थी, आप हमें निर्देश दे चुके आप भी हमारे दिल से प्रेम हैं।	0.6950231790542603	0.283412903547287	0.24368515610694885
We commanded him, “Journey with My bondmen in a part of the night – you will be pursued.”	तो ख़ुदा ने हुक्म दिया कि तुम मेरे बन्दों (बनी इसराईल) को रातों रात लेकर चले जाओ और तुम्हारा पीछा भी ज़रूर किया जाएगा	जिस व्यक्ति को हमने “मेरे साथ मेरे बंधु के पास एक कोने की रात - पूरी रात आपका पीछे आपका पीछे पursuit किया जाएगा।	0.7056636214256287	0.33244550228118896	0.31580233573913574
You're not leaving me!	तुम मुझे नहीं जा रहे हैं!	आप नहीं रह रहे!	0.8397053480148315	0.6044977903366089	0.5705318450927734
I know.	मुझे पता है।	जानता हूँ।	0.7573300004005432	0.8325569033622742	0.7803698778152466
Assistant	सहायक	बात	0.7151396870613098	0.6274729371070862	0.6579569578170776
They said: 'O Hud! You have not brought to us any clear evidence, and we are not going to forsake our gods merely because you say so. We are not going to believe you.	वह लोग कहने लगे ऐ हूद तुम हमारे पास कोई दलील लेकर तो आए नहीं और तुम्हारे कहने से अपने ख़ुदाओं को तो छोड़ने वाले नहीं और न हम तुम पर ईमान लाने वाले हैं	English to Hindi के लिए यह स्पष्ट रूप से बताया गया है।	0.6232378482818604	0.2739868760108948	0.18774181604385376
"Those who have said that the Messiah, son of Mary, is God, have, in fact, committed themselves to disbelief. (Muhammad), ask them, ""Who can prevent God from destroying the Messiah, his mother and all that is in the earth?"" To God belongs all that is in the heavens, the earth, and all that is between them. God creates whatever He wants and He has power over all things."	"निश्चय ही उन लोगों ने इनकार किया, जिन्होंने कहा, ""अल्लाह तो वही मरयम का बेटा मसीह है।"" कहो, ""अल्लाह के आगे किसका कुछ बस चल सकता है, यदि वह मरयम का पुत्र मसीह को और उसकी माँ (मरयम) को और समस्त धरतीवालो को विनष्ट करना चाहे? और अल्लाह ही के लिए है बादशाही आकाशों और धरती की ओर जो कुछ उनके मध्य है उसकी भी। वह जो चाहता है पैदा करता है। और अल्लाह को हर चीज़ की सामर्थ्य प्राप्त है।"""	नोट, जिसने कहा है कि मॉरी के माता-पुता-जैसे व्यक्त हो सकते हैं, वे कहते हैं कि मुकाबल प्राप्त करने वाले व्यक्ति पवित प्राप्त होते हैं, और यह कहत है कि मॉरी के माता-पुता-जैसे व्यक्त हो सकते हैं।	0.6365827322006226	0.28475573658943176	0.20241941511631012
shall be gathered to the appointed time of a known day.	एक नियत समय पर इकट्ठे कर दिए जाएँगे, जिसका दिन ज्ञात और नियत है	जिस समय के लिए जो निर्धारित समय है, वह होगा।	0.676876425743103	0.44665107131004333	0.3591093420982361
Install module	माड्यूल संस्थापित करें	मोड्युलर को इंस्टॉल करने से पहले	0.7545124888420105	0.5510950088500977	0.6704737544059753
What if a child dreamed become other than what society intended he wonder... and what if a child spotted to something greater.	एक बच्चे के अलावा अन्य बन सपना देखा क्या अगर क्या समाज उन्होंने आश्चर्य इरादा ... एक बच्चे को देखा और क्या अगर अधिक से अधिक कुछ है.	अरे, क्या चिल्ड को डर्म बecome दूसरी नहीं...और क्या सोशलिटी इंटेंट he wonder...and what if a child spotted to something greater.	0.671178936958313	0.3472222685813904	0.1132124662399292
_Yes, Change Status	नहीं, स्थिति बदलें	Yes, Status होगा	0.7586726546287537	0.43623799085617065	0.2875712811946869
Thanks.	- धन्यवाद.	अरे/बेटियाँ।	0.6997941136360168	0.4172101318836212	0.23565849661827087
My folks are in Palm Springs.	मेरे लोगों पाम स्प्रिंग्स में हैं.	पalm स्प्रिंग में मेरी परिवार हैं।	0.8374053835868835	0.6381581425666809	0.5200532078742981
Coolant venting. Co2 purge.	कूलेंट निकाल.	कूलएंट वेफ्टिं. की.ओ.2 पुर्ज़.	0.7161428928375244	0.4489138424396515	0.5001029968261719
Calibration complete.	कैलिब्रेशन पूरा करें.	कैलिब्रेशन पूरी की गई.	0.9006437659263611	0.8582901358604431	0.6715824604034424
What would God do with chastising you if you are thankful, and believe? God is All-thankful, All-knowing.	अगर तुमने ख़ुदा का शुक्र किया और उसपर ईमान लाए तो ख़ुदा तुम पर अज़ाब करके क्या करेगा बल्कि ख़ुदा तो (ख़ुद शुक्र करने वालों का) क़दरदॉ और वाक़िफ़कार है	जिसे चार्जिंग तुम्हें if तुम्हारा सुक्षता, सभ के जानकारी से पूरी होगी।	0.6554709076881409	0.2671670913696289	0.20381517708301544
I've painted one each year for twenty years.	मैं पिछले 20 साल से हर साल बना रहा हूँ।	मैं हर साल एक एक हूँ।	0.8201639652252197	0.432327538728714	0.2831953763961792
Excepting any who may have done wrong and thereafter changeth evil for good then verily I am Forgiving, Merciful.	(मुतमइन हो जाते है) मगर जो शख्स गुनाह करे फिर गुनाह के बाद उसे नेकी (तौबा) से बदल दे तो अलबत्ता बड़ा बख्शने वाला मेहरबान हूँ	अन्य जिन जो गलत किया है, तथा फिर बदल दिए हुए दुश्मन के निमय के कार्य के प्रत्यय के प्रत्यय के प्रत्यय के प्रत्यय के प्रत्यय के प्रत्यय के प्रत्यय के प्रत्यय के प्रत्यय के प्रत्यय के प्रत्यय के प्रत्यय के प्रत्यय के प्रत्यय के प्रत्यय के प्रत्यय के प्रत्यय के प्रत्यय के प्रत्यय के प्रत्यय के प्रत्यय के प्रत्यय के प्रत्यय के प्रत्यय के प्रत्यय के प्रत्यय के प्रत्यय के प्रत्यय के प्रत्यय के प्रत्यय के प्रत्यय के प्रत्यय के प्रत्यय के प्रत्यय के प्रत्यय के प्रत्यय के प्रत्य	0.5530359745025635	0.23062735795974731	0.05854172632098198
Science	विज्ञान	ज्ञान	0.8777205348014832	0.7613001465797424	0.9261453151702881
- Quick as we fucking can.	जल्दी, हम कमबख्त कुछ शुरू कर सकें।	मैं किसी भी तरह का हो सकता हूँ।	0.6988982558250427	0.43156635761260986	0.5050439834594727
Dude, you really don't want to start comparing stinks.	तुलना करने के लिए ~ शुरू मत करो.	जी हाँ, जो कुछ भी कहे तो लोगों को भी ऐसी बातें बताने की क्रिया हो सकती है।	0.6692395210266113	0.34161004424095154	0.19160768389701843
But those for whom a good reward had been fore-ordained by Us, will be far removed from it,	ज़बान अलबत्ता जिन लोगों के वास्ते हमारी तरफ से पहले ही भलाई (तक़दीर में लिखी जा चुकी) वह लोग दोज़ख़ से दूर ही दूर रखे जाएँगे	"जो लाभ के लिए जो जो,
जो जो के लाभ के लिखित होते हैं, वे सभी लाभ से व्यायात कर लिये होते हैं"	0.651674211025238	0.35503140091896057	0.20959018170833588
For them are everlasting Gardens of Eden, beneath which rivers flow – in it they will be given bracelets of gold to adorn, and shall wear green clothes made of fine silk and gold embroidery, reclining upon thrones in it; what an excellent reward; and what an excellent abode is Paradise!	ऐसे ही लोगों के लिए सदाबहार बाग़ है। उनके नीचे नहरें बह रही होंगी। वहाँ उन्हें सोने के कंगन पहनाए जाएँगे और वे हरे पतले और गाढ़े रेशमी कपड़े पहनेंगे और ऊँचे तख़्तों पर तकिया लगाए होंगे। क्या ही अच्छा बदला है और क्या ही अच्छा विश्रामस्थल!	जो लोगों के लिए जीवंत गृह परिष्ठ है, सारे पृथ्वी के पठार, विमर्ष, शुद्ध, सौसंग, आदि होते हैं।	0.6632699370384216	0.3183281719684601	0.2566789984703064
I feel like doing the same thing sometimes.	मैं कभी कभी ही बात कर की तरह लग रहा है.	मैं ऐसी हो सकती हूँ कभी कभार।	0.7293747663497925	0.4525907337665558	0.5557564496994019
St_op Animation	संजीवन रोकें (_o)	मूल्याँे को सही साहित्य से बदल नहीं किये सकते	0.6823042631149292	0.4397459030151367	0.10100759565830231
Unrecognized desktop file Version '%s'	अपरिचित डेस्कटॉप फ़ाइल संस्करण '%s'	"जाना:
जिसे जाना चाहे:
विरोधी:
किसी भी जानकारी को जाना या जाने के लिए प्रोत्सुकी"	0.6406809687614441	0.3021249771118164	0.05702557414770126
Hey, baby, what are you doing?	अरे, जानेमन, क्या कर रही हो?	बेटी, क्या तुम कुछ करना चाहती है?	0.7777642607688904	0.6255765557289124	0.3514324426651001
Thanks for finding me a home.	मुझे एक घर ढूँढने के लिए धन्यवाद।	मुझे खाने का घर.	0.802237868309021	0.37302595376968384	0.2272890955209732
How did fall down?	कैसे गिरा ये?	फॉल्ल्टू डाउन?	0.7154779434204102	0.4783526659011841	0.4021589756011963
There are many idols in the hall.	वहाँ हॉल में कई मूर्तियां हैं।	हॉल में कई देवताएँ हैं।	0.8640626668930054	0.8291346430778503	0.9164043664932251
When he inhaled Speed weren't you the one who didn't notice him?	जब वह गति से साँस ... ... आप एक है जो उसे नोटिस नहीं किया था नहीं थे?	जैसे ही वे नाकाजी नहीं किए? नाकाजी वाले वे क्या नहीं हैं?	0.709714412689209	0.31783169507980347	0.27984991669654846
You mean he's doing it deliberately?	आप वह जान - बूझकर यह कर रहा है मतलब है?	जिस व्यक्ति का काम व्यवहार में रचनात्मक रूप से किया जाता है उस व्यक्ति का काम व्यवहार में रचनात्मक रूप से किया जाता है ?	0.6480390429496765	0.3328131139278412	0.3484467566013336
That's the price of admission life hurts.	इससे तुम्हारा कोई संबंध नहीं है.	जी हाँ, यह सारी जानकारी का संकेत है कि लाइफ़ हुर्मते हैं।	0.6685383319854736	0.34472987055778503	0.22793488204479218
Whoever does that, out of hostility and wrongdoing, We will cast him into a Fire. And that would be easy for God.	और जो कोई ज़ुल्म और ज़्यादती से ऐसा करेगा, तो उसे हम जल्द ही आग में झोंक देंगे, और यह अल्लाह के लिए सरल है	जिस कोई ऐसा कुछ कर रहा और हाने, गलत करने वाले हो तो हम उस को फायर में डालेंगे और यह आसान हो जाएगा कि डोनो ऐसे, हटा दें; और किसी जानकारी को न हटे दें.	0.7192012667655945	0.3511487543582916	0.2612304091453552
Feed them, nurture them but still, they can turn on you.	उन्हें खिलाना, उन्हें पोषण... ... लेकिन फिर भी, वे आप पर बारी कर सकते हैं.	जिस्म के लोगों को भोजन दिया जाता है, वे पोषित होते हैं और फिर वे कैसे व्यवहार करते हैं?	0.7278357744216919	0.4920239746570587	0.5082809925079346
Valid until:	तब तक वैध:	अर्जित नहीं	0.722889244556427	0.47226622700691223	0.28846192359924316
Love desire its 4 centuries old unfulfilled desire.	कामाग्नि इच्छा... ...ये 4 शताब्दियों पुरानी इच्छा है. लगभग 400 साल पहले...	जिस्म की 4 शताब्दियाँ पूरी नहीं गईं।	0.6999942660331726	0.38821902871131897	0.25835520029067993
It is almost totally done.	यह लगभग पूरी तरह से किया जाता है.	अरे भी पूरी कामयात्री की स्थिति ठीक हो चुकी है।	0.727185845375061	0.4309987723827362	0.3527223467826843
Password:	पासवर्ड:	"मैसेज:
जानकारी:
जो जानकारी इस प्रकाशन के माध्यम से प्राप्त होती है, उसे इस प्रकाशन में शामिल नहीं किये जाते हैं।"	0.6508992314338684	0.3208250105381012	0.04247644171118736
Your emails	raviratlami@ aol. in	आपके ईमेल	0.5827445983886719	0.4576343595981598	0.7083840370178223
I'm gonna leak the photos of your body to the press.	मैं प्रेस करने के लिए अपने शरीर की तस्वीरें रिसाव वाला हूँ.	मैं आपकी photos को से मीडिया तक रिपोर्ट करने की कोशिश करूँगी।	0.7496014833450317	0.5158218741416931	0.46525993943214417
Look at her features.	अपनी सुविधाओं को देखो.	"लिखने के विषय:
उन्हें देख कर देखकर सही।"	0.7130776643753052	0.42719748616218567	0.21642346680164337
Thus He revealed Unto His bondman whatsoever He revealed.	ख़ुदा ने अपने बन्दे की तरफ जो 'वही' भेजी सो भेजी	यह सुनाया है कि हुआ संकेत को संबंधी मानचित्र में संकेत दिया गया था।	0.6539167761802673	0.34864339232444763	0.2682432532310486
Writing leadin	लीडइन लिखा जा रहा है	अर्जन के जाने	0.6932960152626038	0.3700057864189148	0.23231415450572968
Do they not see that Allah, who created the heavens and the earth and [who] was not exhausted by their creation, is able to revive the dead? Yes, indeed He has power over all things.	क्या उन्होंने देखा नहीं कि जिस अल्लाह ने आकाशों और धरती को पैदा किया और उनके पैदा करने से थका नहीं; क्या ऐसा नहीं कि वह मुर्दों को जीवित कर दे? क्यों नहीं, निश्चय ही उसे हर चीज़ की सामर्थ्य प्राप्त है	जिस्म के जीवित प्राणी के पल्लव के पल्लव के बीच परिसर्णित होते हैं जीवित प्राणी होती है तो पल्लव के पल्लव के बीच परिसर्णित होते हैं जीवित प्राणी होती है तो पल्लव के पल्लव के बीच परिसर्णित होते हैं	0.6015403270721436	0.24522414803504944	0.09167259931564331
Those to whom We have given the Scripture recognize it as they recognize their [own] sons. Those who will lose themselves [in the Hereafter] do not believe.	मै तो उनसे बेज़र हूँ जिन लोगों को हमने किताब अता फरमाई है (यहूद व नसारा) वह तो जिस तरह अपने बाल बच्चों को पहचानते है उसी तरह उस नबी (मोहम्मद) को भी पहचानते हैं (मगर) जिन लोगों ने अपना आप नुक़सान किया वह तो (किसी तरह) ईमान न लाएंगें	जो लोग ईसा धर्म के लिखे गए संकेत को अपने परिवार के बीच में रखते हुए समझें और अपने बच्चों के साथ खुशी से बैठें.	0.6688476800918579	0.4036271870136261	0.49536338448524475
- CASE: Nothing good.	कुछ भी अच्छा नहीं होगा.	यह सही नहीं है।	0.8405718803405762	0.6461811661720276	0.6235440969467163
I like it clean.	मुझे सफाई पसंद है.	मुझे ज्यादा पसंद है।	0.8949131965637207	0.6892521977424622	0.4374566078186035
(%s) requires a single bool result	(%s) के लिए एकल बूल परिणाम जरूरी है	(%s) का ज़रवाँ result के लिए अलग होता है	0.8089626431465149	0.5936371684074402	0.3828735053539276
Fitzpatrick's photography class was soon exploring all the classical poses, naughty school girl, sexy tennis player, slutty nurse.	फिट्ज़पैट्रिक की फोटोग्राफ़ी कक्षा जल्दी खोज रही थी... सभी क्लासिक ढंग को, नटखट स्कूल जाने वाली लड़की... कामुक टेनिस खिलाड़ी, गंदी नर्स।	फिट्ज़रिक्स की फोटोग्राफी क्लास soon ऑस्ट्रेलिया में शिक्षित होती वयस्ट खेलकारी होती थीं।	0.7344729900360107	0.43188539147377014	0.32680946588516235
Navarathiri is the theme for the monthly Indian food-blog event Jihva for Ingredients (JFI).	जिव्हा फ़ॉर इनग्रेडिएंट (जेएफआई) मासिक भारतीय पकवान-ब्लॉग के लिए वर्तमान थीम नवरात्रि है.	जीफ़ जावे (जी.फ.) के theme (जी.फ..) Navarathiri is the theme for the monthly Indian food-blog event Jihva for Ingredients (JFI).	0.6275814771652222	0.4935171902179718	0.2237444370985031
Wherefore admonish thou; admonition hath surely profited,	तो जहाँ तक समझाना मुफ़ीद हो समझते रहो	जो कि संकेत दे रहे हैं, संकेत ने सौस्थ्य हासित है	0.6680974364280701	0.3738999664783478	0.16949699819087982
Location:	स्थान:	जो स्थान के बारे में है, वह है।	0.7185819745063782	0.46928587555885315	0.23273591697216034
We have revealed to you as We revealed to Noah and to the Prophets after him, and We revealed to (Prophets) Abraham, Ishmael, Isaac, Jacob and the tribes, Jesus, Job, Jonah, Aaron, and Solomon, and We gave to David the Psalms.	हमने तुम्हारी ओर उसी प्रकार वह्यड की है जिस प्रकार नूह और उसके बाद के नबियों की ओर वह्यु की। और हमने इबराहीम, इसमाईल, इसहाक़ और याक़ूब और उसकी सन्तान और ईसा और अय्यूब और यूनुस और हारून और सुलैमान की ओर भी वह्यक की। और हमने दाउद को ज़बूर प्रदान किया	जिस विषय पर हमने जिस विषय पर जानकारी दी है, उस विषय पर हम जिस जानकारी दी है, उसे हम जिस जानकारी दिया है, उसे हम जिस जानकारी दिया है, उसे हम जिस जानकारी दिया है, उसे हम जिस जानकारी दिया है, उसे हम जिस जानकारी दिया है, उसे हम जिस जानकारी दिया है, उसे हम जिस जानकारी दिया है, उसे हम जिस जानकारी दिया है, उसे हम जिस जानकारी दिया है, उसे हम जिस जानकारी दिया है, उसे हम जिस जानकारी दिया है, उसे हम जिस जानकारी दिया है, उसे हम जिस जानकारी दिया है, उसे हम जिस जानकारी दिया है, उसे हम जिस जानकारी दिया है, उसे हम जिस जानकारी द	0.5578081011772156	0.21890610456466675	0.08362014591693878
I thought you wanted to be a pilot.	मैं आप एक पायलट बनना चाहता था.	मुझे लग रहा कि आपको यात्रा करना पसंद है।	0.7528231143951416	0.5529951453208923	0.7120969295501709
unnamed	बेनाम	-	0.6581907868385315	0.6164766550064087	0.14183957874774933
But I've no need of mighty deeds	पर ज़रूरत नहीं तुम्हारे शौर्य की मुझे	However, I have no need of mighty deeds	0.6110071539878845	0.4214573800563812	0.09204204380512238
Forward message	अग्रेषित संदेश	कृपयोग्यता:	0.6892988681793213	0.5306054353713989	0.311038613319397
It is Yonékichi the village the other side that gives you the salt.	पड़ोसी गांव के 'योनेकिची' ने मुझे यहां भेजा है.	जिसे योनेकिची गांव गिवs योनेकिची वाले हैं।	0.7162904143333435	0.3815031349658966	0.17997770011425018
If you guys want to die, then I will shoot you.	तुम लोगों को मरने के लिए चाहते हैं, तो मैं तुम्हें गोली मार देंगे।	बिलीज़ की रात होगी, तुम्हें मुझे भी चुकतापूर्ण होगी |	0.6997484564781189	0.28403496742248535	0.13857685029506683
They denied him, but We delivered him, and those with him in the ship, and We made them generations replacing one after another, while We drowned those who belied Our Ayat (proofs, evidences, lessons, signs, revelations, etc.). Then see what was the end of those who were warned.	उस पर भी उन लोगों ने उनको झुठलाया तो हमने उनको और जो लोग उनके साथ कश्ती में (सवार) थे (उनको) नजात दी और उनको (अगलों का) जानशीन बनाया और जिन लोगों ने हमारी आयतों को झुठलाया था उनको डुबो मारा	दिए है कि वे लोगों से कहा गया था लेकिन वे वचनों का पालन नहीं करते थे।	0.6831462383270264	0.30400049686431885	0.21258653700351715
Get those numbers!	उन लोगों की संख्या प्राप्त करें!	जो संख्याओं को बदल दें!	0.8273962736129761	0.6138949990272522	0.5235766172409058
Now, get in here and enjoy yourselves.	अब, यहाँ में पाने के लिए और अपने आप को आनंद.	अब, ले कर इन्हें और मज़ेतरी से पिया करें।	0.7293980717658997	0.4958268702030182	0.3136036992073059
the one hour Swedish for $95.	एक घंटे का स्वीडिश, $95 में.	$95 के स्वीडिश में एक स्पेनिश क्लास की प्राप्ति 1 है हैSwedish for $95.	0.7324670553207397	0.4410056173801422	0.26923084259033203
Wait, Mr. Chakrabarti.	रुको, श्री चक्रवर्ती	पड़ी, मर चौकsy!	0.7122123837471008	0.3554142117500305	0.20892173051834106
_Restore Default	तयशुदा का उपयोग करें (_R)	"Iden:
_Ripublikka ka vichar karta hai."	0.662990391254425	0.35509350895881653	0.24456553161144257
scroll bar	स्क्रॉल पट्टी	रीड़स्टार्ट	0.7178491353988647	0.4216848909854889	0.2746391296386719
Say: 'Come, I will recite to you what your Lord forbids you; that you shall associate anything with Him; that you shall be good to your parents, that you shall not kill your children because of poverty, We provide for you and for them, that you shall not commit foul deeds whether openly or in secret, and that you shall not kill the soul that Allah has forbidden except by right. With such Allah charges you, in order that you understand.	(ऐ रसूल) तुम उनसे कहो कि (बेबस) आओ जो चीज़ें ख़ुदा ने तुम पर हराम की हैं वह मैं तुम्हें पढ़ कर सुनाऊँ (वह) यह कि किसी चीज़ को ख़ुदा का शरीक़ न बनाओ और माँ बाप के साथ नेक सुलूक़ करो और मुफ़लिसी के ख़ौफ से अपनी औलाद को मार न डालना (क्योंकि) उनको और तुमको रिज़क देने वाले तो हम हैं और बदकारियों के क़रीब भी न जाओ ख्वाह (चाहे) वह ज़ाहिर हो या पोशीदा और किसी जान वाले को जिस के क़त्ल को ख़ुदा ने हराम किया है न मार डालना मगर (किसी) हक़ के ऐवज़ में वह बातें हैं जिनका ख़ुदा ने तुम्हें हुक्म दिया है ताकि तुम लोग समझो और यतीम के माल के करीब भी न जाओ	यह कहन के वादा है कि यह जानकारी किस निरूपण के लिए दी गई है, कि उसे समझाया ज सके कि इस जानकारी के माध्यम से किस निरूपण के लिए वादा किया गया है कि उसे समझाया ज सके कि इस जानकारी के माध्यम से किस निरूपण के लिए वादा किया गया है कि उसे समझाया ज सके कि इस जानकारी के माध्यम से किस निरूपण के लिए वादा किया गया है कि उसे समझाया ज सके कि इस जानकारी के माध्यम से किस निरूपण के लिए वादा किया गया है कि उसे समझाया ज सके कि इस जानकारी के माध्यम से किस निरूपण के लिए वादा किया गया है कि उसे समझ	0.5888720750808716	0.3003072142601013	0.12776993215084076
L.N. Mittal, Sachin Tendulkar, and Bollywood actors Anil Kapoor, Aamir Khan and A.R. Rahman has already arrived in Jodhpur on Thursday evening.	एल.एन.मित्तल, सचिन तेंदुलकर, फिल्म अभिनेता अनिल कपूर, आमिर खान, ए.आर.रहमान गुरुवार शाम ही जोधपुर पहुंचे गए।	जोधपुर में जारी होने वाले डॉक्टर एल.एन. मिटाली, साचिन तेंदुलकर, और बॉलीवुड अभिव्यक्ति अनिल कैपर, एामीर खान और ए.आर. रामण का आगमन कालेंटिन वाले सारी के लिए सुरक्षित महस्या होगी।	0.7624120116233826	0.4759197533130646	0.320520281791687
Font	फ़ॉन्ट	कमल के साथ	0.7471767067909241	0.3923293352127075	0.35097643733024597
Timed out trying to get lock file on %s. Try again later.	%s पर लॉक फाइल पाने के लिये कोशिश में समय समाप्त. फिर कोशिश करें.	%s को लॉक फ़ायल के बारे में समझाना. किसी के %s को लॉक फ़ायल के बारे में समझाना.	0.7229529023170471	0.4297923445701599	0.2420807033777237
Font	फ़ॉन्ट	कमल के साथ	0.7471767067909241	0.3923293352127075	0.35097643733024597
Yahoo! I_D:	Yahoo! I_D:	रिड:इयार!	0.6724199652671814	0.5596452951431274	0.5283206701278687
And he who does not find a slave (to free), shall fast for two months consecutively before they may touch each other; and he who is unable to do so shall feed sixty needy people. All this is in order that you may truly believe in Allah and His Messenger. These are the bounds set by Allah; and a grievous chastisement awaits the unbelievers.	फिर जिसको ग़ुलाम न मिले तो दोनों की मुक़ारबत के क़ब्ल दो महीने के पै दर पै रोज़े रखें और जिसको इसकी भी क़ुदरत न हो साठ मोहताजों को खाना खिलाना फर्ज़ है ये (हुक्म इसलिए है) ताकि तुम ख़ुदा और उसके रसूल की (पैरवी) तसदीक़ करो और ये ख़ुदा की मुक़र्रर हदें हैं और काफ़िरों के लिए दर्दनाक अज़ाब है	अरे वे लोग जो नहीं सोचते कि है वैस ही है।	0.6121914386749268	0.1948932409286499	0.15591801702976227
I know why you put it on.	आप उस पर डाल क्यों मुझे पता है.	मैं जानता हूँ आप इसे क्यों लगाई।	0.779456377029419	0.7303379774093628	0.76747727394104
"But when the truth came to them from Us, they said, ""Why was he not given like that which was given to Moses?"" Did they not disbelieve in that which was given to Moses before? They said, ""[They are but] two works of magic supporting each other, and indeed we are, in both, disbelievers."""	"फिर जब उनके पास हमारे यहाँ से सत्य आ गया तो वे कहने लगे कि ""जो चीज़ मूसा को मिली थी उसी तरह की चीज़ इसे क्यों न मिली?"" क्या वे उसका इनकार नहीं कर चुके है, जो इससे पहले मूसा को प्रदान किया गया था? उन्होंने कहा, ""दोनों जादू है जो एक-दूसरे की सहायता करते है।"" और कहा, ""हम तो हरेक का इनकार करते है।"""	जिस्म से नहीं है इसे लिखने वाले द्वितीयको लिखने वाले विद्वान के works में विलंबन प्राप्त होता है	0.6005456447601318	0.2747866213321686	0.16868342459201813
It's for Pascal and Watson!	यह पास्कल एंड वाट्सन के लिए है!	यह पास्सल और वाट्स के लिए!	0.9151124358177185	0.7657163739204407	0.6789103746414185
Teacher	शिक्षक	पाठ्यक्षय कक्ष	0.7187443375587463	0.5295537710189819	0.46004217863082886
Look, I came to say sorry.	देखो, मैं माफ़ी माँगने आया हूँ।	जी, मैं सॉर्स में सुधार कर रही हूँ।	0.8017026782035828	0.6052467823028564	0.45789772272109985
"If you could see, when the angels take the souls of those who are bent on denying the truth [at death], how they strike their faces and backs: saying ""Taste the punishment of the Burning!"	"क्या ही अच्छा होता कि तुम देखते जब फ़रिश्ते इनकार करनेवालों के प्राण ग्रस्त करते हैं! वे उनके चहरों और उनकी पीठों पर मारते जाते हैं कि ""लो अब जलने की यातना मज़ा चखो।"" (तो उनकी दुर्दशा का अन्दाजा कर सकते)"	मूल्य को जाने से कि हाथों से और स्नाये से प्रतिक्रिया होती है।	0.6621777415275574	0.2594279944896698	0.2894883453845978
DARCY:	डार्सी '.	डार्कशीति:	0.7266201376914978	0.6554357409477234	0.8046465516090393
And when We gave Musa the Book and the distinction that you might walk aright.	और (वह वक्त भी याद करो) जब मूसा को (तौरेत) अता की और हक़ और बातिल को जुदा करनेवाला क़ानून (इनायत किया) ताके तुम हिदायत पाओ	और जब वे मूसा से गीता प्राप्त किए थे, तो निश्चित है कि वे सही तरीके से चल रहे थे।	0.6481472849845886	0.5404118299484253	0.7337292432785034
Those who consume the wealth of orphans illicitly consume only fire into their bellies; and they will roast in a Blaze.	जो लोग अनाथों के माल अन्याय के साथ खाते है, वास्तव में वे अपने पेट आग से भरते है, और वे अवश्य भड़कती हुई आग में पड़ेगे	जो किस्म में गरीब लोग हैं वे लोग केवल आग को भी लाते हैं और उसे गरीब के लोगों के पैरमोन्ट के रूप में होते हैं।	0.7339910864830017	0.42779675126075745	0.5075200200080872
We shaded you with clouds, and sent down to you manna and quails [saying]: ‘Eat of the good things We have provided for you.’ And they did not wrong Us, but they used to wrong [only] themselves.	और हमने तुम पर अब्र का साया किया और तुम पर मन व सलवा उतारा और (ये भी तो कह दिया था कि) जो सुथरी व नफीस रोज़िया तुम्हें दी हैं उन्हें शौक़ से खाओ, और उन लोगों ने हमारा तो कुछ बिगड़ा नहीं मगर अपनी जानों पर सितम ढाते रहे	जैसा कि कुवाती है, उसे सही कुछ होता और गलत कुछ होता; और जैसा कि कुवाती है, उसे सही कुछ होता और गलत कुछ होता; और जैसा कि कुवाती है, उसे सही कुछ होता और गलत कुछ होता; और जैसा कि कुवाती है, उसे सही कुछ होता और गलत कुछ होता;	0.6049534678459167	0.3103298842906952	0.1346295028924942
Sore Bone.	गले में हड्डी.	सोर बोन.	0.7834543585777283	0.32445505261421204	0.20482806861400604
ID	आईडी	बारीकी, विशिष्ट और ईमानदारी से होना चाहेंगे।	0.675118088722229	0.36526617407798767	0.15457196533679962
Do they not see how We conduct the water to a dry land, and with it We produce vegetation, from which their livestock eat, and themselves? Do they not see?	क्या इन लोगों ने इस पर भी ग़ौर नहीं किया कि हम चटियल मैदान (इफ़तादा) ज़मीन की तरफ पानी को जारी करते हैं फिर उसके ज़रिए से हम घास पात लगाते हैं जिसे उनके जानवर और ये ख़ुद भी खाते हैं तो क्या ये लोग इतना भी नहीं देखते	जिस्म के पानी को सूखा कर देते हैं और से भी नहीं प्राप्त किया गया जड़ है, तो उनकी भूखी से पानी प्राप्त किया गया जड़ है, वे दोना सूखा पानी बने रहें और प्राप्त किया रहें	0.6646915674209595	0.35356712341308594	0.1566779762506485
Resources	संसाधन	संसाधन	0.9999998211860657	0.9877727627754211	0.8836747407913208
But stop making these absurd plans.	लेकिन इन बेतुका की योजना बना रही बंद करो।	अर्जक योजनाएँ हैं। पूरी जानकारी के लिए, स्पष्ह कर देने वाले स्पष्ट रूप से हैं।	0.6764153838157654	0.39721545577049255	0.19467177987098694
I won't fall for your tricks now.	मैं अपनी चाल के लिए अब नहीं गिर जाएगी।	मैं आपके साजिश राजकार्य के किसी भी रूप में गाली गाली करूँगा।	0.7766732573509216	0.3608425557613373	0.3184548616409302
And according to Google Reader's statistics publishes 24.7 blog posts a week, i.e. more than 3.5 post per day.	नवारा … गूगल रीडर के आंकड़ों को मानें तो इस ब्लॉग पर प्रति सप्ताह 24.	जी ब्लॉअट पोस्ट्स प्रती वीक 24.7 ब्लॉअट पोस्ट्स प्रती वीक से अधिक पोस्ट्स दे सकती हैं।	0.6664199233055115	0.4419795572757721	0.35998958349227905
Let's go.	-चलिए।	अरे जाने के लिए।	0.7451263070106506	0.578489363193512	0.4295402765274048
Fatal mail parser error near position %s in folder %s	%s फोल्डर में घातक मेल स्थिति% s के पास विश्लेषक त्रुटि	अन्य जानकारी योग्य स्थान में टूटा हुआ संकेत स्थापित है: स्थानीय स्थानीय स्थान में टूटा हुआ संकेत स्थापित है:	0.6176422238349915	0.41382959485054016	0.2962595224380493
Paste contacts from the clipboard	क्लिपबोर्ड से कार्य चिपकाएँ	मुद्द के साथ-साथ कॉपी स्टोरेज से पास कर स्थानीय कर	0.7290797829627991	0.35745808482170105	0.054446883499622345
I think that is illegal.	जो वे खरीद नहीं सकते।	यह सही नहीं होगी |	0.7090228796005249	0.5473411679267883	0.5736632943153381
_Build (%s)	बिल्ड से.	बनाया प्रतिशत	0.7026761174201965	0.4948742687702179	0.6756535172462463
Cuba: Pavarotti Passes On · Global Voices	क्यूबा: पावारोती का देहांत	सिंगल सेल स्टेशन स्टेशनी स्टेशनी स्टेशनी स्टेशनी स्टेशनी स्टेशनी स्टेशनी स्टेशनी स्टेशनी स्टेशनी स्टेशनी स्टेशनी स्टेशनी स्टेशनी स्टेशनी स्टेशनी स्टेशनी स्टेशनी स्टेशनी स्टेशनी स्टेशनी स्टेशनी स्टेशनी स्टेशनी स्टेशनी स्टेशनी स्टेशनी स्टेशनी स्टेशनी स्टेशनी स्टेशनी स्टेशनी स्टेशनी स्टेशनी स्टेशनी स्टेशनी स्टेशनी स्टेशनी स्टेशनी स्टेशनी स्टेशनी स्टेशनी स्टेशनी स्टेशनी स्टेशनी स्टेशनी स्टेशनी स्टेशनी स्टेशनी स्टेशनी स्टेशनी स्टेशनी स्टेशनी स्टेशनी स्टेशनी स्टेशनी स्टेशनी स्टेशनी स्टेशनी स्टेशनी स्टेशनी स्टेशनी	0.5068616271018982	0.1282639354467392	0.055809859186410904
Ready for another round?	दूसरे दौर के लिए तैयार हैं?	No of!	0.6489965915679932	0.31440576910972595	0.31501442193984985
You see, it came over the wire that Ellen had died.	आप देख , यह एलेन मृत्यु हो गई थी कि तार आया था.	आप देख सकते हैं, यह चार्ट पर एलेन का निधन हुआ था।	0.809844434261322	0.43671396374702454	0.5015134215354919
Indeed a triumph awaits the Godwary:	निस्सदेह डर रखनेवालों के लिए एक बड़ी सफलता है,	जिस प्रकार साहित्यिक काम की जाता है उसे साहित्यिक काम के साथ-साथ साहित्यिक काम के साथ-साथ साहित्यिक काम के साथ-साथ साहित्यिक काम के साथ-साथ साहित्यिक काम के साथ-साथ साहित्यिक काम के साथ-साथ साहित्यिक काम के साथ-साथ साहित्यिक काम के साथ-साथ साहित्यिक काम के साथ-साथ साहित्यिक काम के साथ-साथ साहित्यिक काम के साथ-साथ साहित्यिक काम के साथ-साथ साहित्यिक काम के साथ-साथ साहित्यिक काम के साथ-साथ साहित्यिक काम के साथ-साथ साहित्यिक काम के साथ-साथ साहित्यिक काम के साथ-साथ साहित्यिक काम के साथ-साथ स	0.5512473583221436	0.21553361415863037	0.034773245453834534
It is He who keeps you alive in your sleep at night and knows all that you do during the day. He wakes you up from your sleep to complete your worldly life, after which you will all return to Him. He will let you know all about what you had done in your worldly life.	वह वही (ख़ुदा) है जो तुम्हें रात को (नींद में एक तरह पर दुनिया से) उठा लेता हे और जो कुछ तूने दिन को किया है जानता है फिर तुम्हें दिन को उठा कर खड़ा करता है ताकि (ज़िन्दगी की) (वह) मियाद जो (उसके इल्म में) मुअय्युन है पूरी की जाए फिर (तो आख़िर) तुम सबको उसी की तरफ लौटना है फिर जो कुछ तुम (दुनिया में भला बुरा) करते हो तुम्हें बता देगा	assistant	0.5279096961021423	0.1831325888633728	0.04135817289352417
Yes.	हाँ।	जी हाँ।	0.9464506506919861	0.9053217768669128	0.9312707185745239
File _type:	फ़ाइल प्रकार (_t):	किसी भी विवरण योग्य नहीं हो सकते।	0.6197625994682312	0.37445321679115295	0.3108937740325928
The file you are trying to open contains an invalid byte sequence.	फ़ाइल को खोलें रखता है अवैध.	आप जिस फ़ाइल को चाहते हैं, उसे सही स्थान में नहीं हो या नहीं, इसके बारे में बोले	0.7312984466552734	0.4676572382450104	0.29211169481277466
Available plugins	मौजूद प्लगिन	स उपलब्य प्लग-इन	0.776410698890686	0.5900532603263855	0.31021788716316223
But I only took the job 'cause a man needed a driver.	एक आदमी एक चालक की जरूरत है क्योंकि लेकिन मैं केवल नौकरी लिया.	"पहचान में लिखा:
लेकिन मैं बस यह काम 'के लिए' बना रही हूँ क्योंकि एक व्यक्ति को ड्राइवर के हाथों से ही लाभ मिल सकता है।"	0.712816596031189	0.5071775913238525	0.46230119466781616
She slightly misunderstood the purpose of my trip to Denmark, but yeah.	वो मेरी डेनमार्क की यात्रा के उद्देश्य को ठीक से समझी नहीं, पर हाँ.	शायद सsl में संबंध का सह-पूरक्त हुआ नहीं? परन्तु हाँ.	0.7037222385406494	0.3624620735645294	0.21342608332633972
So We took him and his hosts, and dumped them into the sea, while he was to be blamed.	अन्ततः हमने उसे और उसकी सेनाओं को पकड़ लिया और उन्हें गहरे पानी में फेंक दिया, इस दशा में कि वह निन्दनीय था	यह सुन लिया गया कि कुछ जाति को जाति के प्रति प्रति के लिए जिमन दिया गया था।	0.6882922053337097	0.3410179913043976	0.321810781955719
Cassander saw to that with his fake diaries painting Alexander as a sick and bloated drunk.	Cassander कि उसकी नकली डायरी के साथ... को देखा ... .	अर्थात्: कैसेंडर ने अपनी साप्ताई की डायरियों से पात्र लिखाया तो देखिए!	0.6929518580436707	0.4719308912754059	0.47190192341804504
They are paired with Rowan and Paul to make what we call a brick.	"उन्हें रोवान और पॉल के साथ जोड़ा गया है. ऐसे समूह को हम ""ब्रिक"" कहते हैं"	उन्हें रावन और पॉल के साथ बनाया जाता है वे कुछ जिसे कुछ जाता वे ब्रिक के तौर पर बने होते हैं।	0.7801474332809448	0.5338645577430725	0.44276106357574463
"for you, so that you may walk along its wide roads""."	ताकि तुम उसके बड़े बड़े कुशादा रास्तों में चलो फिरो	"जो के लिए, तो तो सुने या देखे गैर""."	0.6578907370567322	0.298908531665802	0.09086435288190842
Nor can good and evil be equal. Repel thou evil with that which is goodly then behold he between whom and thee there was enmity, will be as though he was a warm friend.	भलाई और बुराई समान नहीं है। तुम (बुरे आचरण की बुराई को) अच्छे से अच्छे आचरण के द्वारा दूर करो। फिर क्या देखोगे कि वही व्यक्ति तुम्हारे और जिसके बीच वैर पड़ा हुआ था, जैसे वह कोई घनिष्ठ मित्र है	जो भी अच्छा है, उसे दोनों का संक्षण होगा।	0.659415602684021	0.33054983615875244	0.23807650804519653
Mm-hm, but if we teamed up, it could bring your career to the next level.	हम दामन थाम लिया तो मिमी ह्म, लेकिन, इसे अगले स्तर तक अपने कैरियर ले सकता है.	अरे, लेकिन अगर हम दोनों को मिलावा करेंगे तो इसके माध्यम से आपकी करियर तक की तारीफ होगी।	0.7254343628883362	0.4785189628601074	0.30654799938201904
Joe Kleinsmith.	जोKleinsmith.	जो क्लीन्समिथ.	0.7280396819114685	0.7156351208686829	0.6521257758140564
We sent Our messengers with the clear proofs, and We sent down with them the Book and the Balance, that humanity may uphold justice. And We sent down iron, in which is violent force, and benefits for humanity. That God may know who supports Him and His messengers invisibly. God is Strong and Powerful.	निश्चय ही हमने अपने रसूलों को स्पष्ट प्रमाणों के साथ भेजा और उनके लिए किताब और तुला उतारी, ताकि लोग इनसाफ़ पर क़ायम हों। और लोहा भी उतारा, जिसमें बड़ी दहशत है और लोगों के लिए कितने ही लाभ है., और (किताब एवं तुला इसलिए भी उतारी) ताकि अल्लाह जान ले कि कौन परोक्ष में रहते हुए उसकी और उसके रसूलों की सहायता करता है। निश्चय ही अल्लाह शक्तिशाली, प्रभुत्वशाली है	अर्थ: हम स्पष्ट प्रमाणों से बताए गए जिसे दूसरों को भी समझाए जा सके उसे हम स्पष्ह कर सकते हैं।	0.6377975940704346	0.32426711916923523	0.34915420413017273
He keeps on talking forever if you listen to him.	तुम उसकी बात सुनते रहो तो वह बात करता ही जाएगा।	उन्हें लगातार सुनना पड़ती है यदि वे आपको बताएँ।	0.710264265537262	0.4759367108345032	0.3963741958141327
It's the end of the Reich.	यह रीक का अंत है.	यह रिक है।	0.8346012830734253	0.6625300645828247	0.5517733097076416
Those who do not believe in it would hasten it on, and those who believe are in fear from it, and they know that it is the truth. Now most surely those who dispute obstinately concerning the hour are in a great error.	(फिर ये ग़फ़लत कैसी) जो लोग इस पर ईमान नहीं रखते वह तो इसके लिए जल्दी कर रहे हैं और जो मोमिन हैं वह उससे डरते हैं और जानते हैं कि क़यामत यक़ीनी बरहक़ है आगाह रहो कि जो लोग क़यामत के बारे में शक़ किया करते हैं वह बड़े परले दर्जे की गुमराही में हैं	जिस व्यक्ति की कोई भी सिद्धांतों या रचनाओं से अस्वीकार्य है वह व्यक्ति के बहुत ज्यादा अस्वीकार्य विदोष्नता है।	0.6490212082862854	0.2787957489490509	0.2497626394033432
Well, you can go wherever you wanna go.	यदि आप चाहते हैं जहाँ भी जाते ठीक है, तुम जा सकते हैं.	आप जो चाहे चाहें तो चाहे विद्रोही पथ है।	0.7323334217071533	0.5081517696380615	0.4978581368923187
Those who do not invoke another deity besides Allah, and do not kill a soul [whose life] Allah has made inviolable, except with due cause, and do not commit fornication. (Whoever does that shall encounter its retribution,	और वह लोग जो ख़ुदा के साथ दूसरे माबूदों की परसतिश नही करते और जिस जान के मारने को ख़ुदा ने हराम कर दिया है उसे नाहक़ क़त्ल नहीं करते और न ज़िना करते हैं और जो शख्स ऐसा करेगा वह आप अपने गुनाह की सज़ा भुगतेगा	अर्थ: जिस व्यक्ति किसी जीव के जीवन को अवैध ठहराती है, उस व्यक्ति के प्रति वही व्यक्ति प्रति व्यक्ति के तथ्य हैं।	0.6473805904388428	0.2766045033931732	0.30748414993286133
You wanna play a little free market competition, just you and me?	आप चाहते हैं एक छोटी सी मुक्त बाजार में प्रतिस्पर्धा खेलने, सिर्फ तुम और मैं?	जसु और मैं कुछ कुछ करेंगे।	0.6990376114845276	0.4357334077358246	0.22864152491092682
- How can I live without him?	कैसे मैं उसके बिना रह सकते हैं?	-हूँ से जिनसे जिन से कैसेLiving him से without him from how can I get away from him?	0.6339866518974304	0.29749795794487	0.16798746585845947
And He it is Who sends down water from the cloud, then We bring forth with it buds of all (plants), then We bring forth from it green (foliage) from which We produce grain piled up (in the ear); and of the palm-tree, of the sheaths of it, come forth clusters (of dates) within reach, and gardens of grapes and olives and pomegranates, alike and unlike; behold the fruit of it when it yields the fruit and the ripening of it; most surely there are signs in this for a people who believe.	और वही है जिसने आकाश से पानी बरसाया, फिर हमने उसके द्वारा हर प्रकार की वनस्पति उगाई; फिर उससे हमने हरी-भरी पत्तियाँ निकाली और तने विकसित किए, जिससे हम तले-ऊपर चढे हुए दान निकालते है - और खजूर के गाभे से झुके पड़ते गुच्छे भी - और अंगूर, ज़ैतून और अनार के बाग़ लगाए, जो एक-दूसरे से भिन्न भी होते है। उसके फल को देखा, जब वह फलता है और उसके पकने को भी देखो! निस्संदेह ईमान लानेवाले लोगों को लिए इनमें बड़ी निशानियाँ है	यह ग्रह से जोड़ते है जो से जोड़ते है फसल से जोड़ते है के सामान में जोड़ते है के सामान में जोड़ते है के सामान में जोड़ते है के सामान में जोड़ते है के सामान में जोड़ते है के सामान में जोड़ते है के सामान में जोड़ते है के सामान में जोड़ते है के सामान में जोड़ते है के सामान में जोड़ते है के सामान में जोड़ते है के सामान में जोड़ते है के सामान में जोड़ते है के सामान में जोड़ते है के सामान में जोड़ते है के सामान में जोड़ते है के सामान में जोड़ते है के साम	0.59615159034729	0.21576285362243652	0.06109423190355301
You know, my grandmother used to show me these pictures. Before that hospital closed down, this place really wasn't that bad.	तुम्हें पता है, मुझे इन तस्वीरों को दिखाने के लिए प्रयोग किया जाता मेरी दादी . कि अस्पताल नीचे बंद पहले, इस जगह सच है कि बुरा नहीं था.	आप जानते, मेरी माता की किसी तस्मीली हुई प्रेमिका की प्रेमिका स्थान के रूप में था	0.7011331915855408	0.33556798100471497	0.3470567464828491
After the parade, the family will attend the... (TURNS RADIO OFF)	परेडकेबाद, परिवार भाग लेंगे... / मैं (रेडियो मुड़ता रवाना)	पारलैंड के दौरान परिवार विभिन्न स्थानों पर जाते हैं... (टurns RADIO OFF)	0.7295933365821838	0.4674674868583679	0.4379004240036011
What kind of father does that make you?	- यह खेल नहीं है। विंसेंट। यह तुम्हारे शोरूम का कोई मज़ाक नहीं है।	"माफ़ के दावा:
आपके पूरे प्यार और प्रेम के कारण उसे मैं हो जाता क्योंगा"	0.6612328886985779	0.26342007517814636	0.16236339509487152
We build outpost on other planets, using great machines to reshape environments to our needs.	हम अन्य ग्रहों पर चौकी का निर्माण नयी आकृति प्रदान करने के लिए महान मशीनों का उपयोग हमारी जरूरतों के वातावरण.	हम दूसरे पlanेट पर अपने निर्माण स्थान का उपयोग करेंगे, और बहुत ही पुरानी मशीनों का उपयोग करेंगे।	0.7283331751823425	0.41636037826538086	0.34143730998039246
PHOTOS]	PHOTOS]	जिस कोई भी होगा किसी हिस्से के पोस्टs?	0.6302898526191711	0.31848734617233276	0.33200353384017944
"They ask you about the phases of the moon. Say, ""These are signs for the people to reckon dates and fix the periods for hajj."" Also tell them, ""It is no virtue to enter your houses from their backs during the Hajj days); real virtue is that one should refrain from incurring the displeasure of Allah; so enter your houses by their proper doors. and fear Allah so that you may gain (true) success."	"वे तुमसे (प्रतिष्ठित) महीनों के विषय में पूछते है। कहो, ""वे तो लोगों के लिए और हज के लिए नियत है। और यह कोई ख़ूबी और नेकी नहीं हैं कि तुम घरों में उनके पीछे से आओ, बल्कि नेकी तो उसकी है जो (अल्लाह का) डर रखे। तुम घरों में उनके दरवाड़ों से आओ और अल्लाह से डरते रहो, ताकि तुम्हें सफलता प्राप्त हो"	माफ़ किया जाता है।	0.6238135099411011	0.27075573801994324	0.0607999786734581
- That's not really for me to say.	- मै उस बारेमे कुछ कह नहीं पाऊँगी।	- यह मेरे लिए नहीं कहा जा सकता है।	0.7583186030387878	0.6348666548728943	0.5967569351196289
Yeah.	/ हाँ, मैं करता हूँ.	जी हुआ।	0.6411879062652588	0.6427305340766907	0.5840171575546265
Kettle escaped!	भाप निकल गई!	केटेल से निकला!	0.8380275368690491	0.5156460404396057	0.47889360785484314
woman #2 speaking native language:	महिला #2 मातृभाषा में बोलती है:	कोई	0.6373485922813416	0.3437096178531647	0.032508064061403275
Source of vertex shader	शिखर shader का स्रोत	व्हेवर शेड्यर के संदर्भ	0.7464304566383362	0.4964928925037384	0.5350508093833923
Session management options:	सत्र प्रबंधन विकल्प:	सीज़न मैनेजमेंट ऑप्शन्स:	0.740069568157196	0.5886715650558472	0.6828714609146118
You did not enter a password.	आपने कूटशब्द नहीं दाखिल किया.	आपका पासवर्ड नहीं है।	0.7530384063720703	0.4163166880607605	0.4981301724910736
Then, after inflict-ing this grief, He sent down an inner peace upon you - a sleep which overtook some of you. Those who were concerned merely about themselves, entertaining false notions about Allah - the notions of the Age of Ignorance - asked: 'Have we any say in the matter?' Tell them: 'Truly, all power of decision rests solely with Allah.' Indeed, they conceal in their hearts what they would not reveal to you, saying: 'If we had any power of decision, we would not have been slain here.' Say: 'Even if you had been in your houses, those for whom slaying had been appointed would have gone forth to the places where they were to be slain.' And all this happened so that Allah might test your secret thoughts and purge your hearts of all impurities. Allah knows well what is in the breasts of men.	फिर ख़ुदा ने इस रंज के बाद तुमपर इत्मिनान की हालत तारी की कि तुममें से एक गिरोह का (जो सच्चे ईमानदार थे) ख़ूब गहरी नींद आ गयी और एक गिरोह जिनको उस वक्त भी (भागने की शर्म से) जान के लाले पड़े थे ख़ुदा के साथ (ख्वाह मख्वाह) ज़मानाए जिहालत की ऐसी बदगुमानियॉ करने लगे और कहने लगे भला क्या ये अम्र (फ़तेह) कुछ भी हमारे इख्तियार में है (ऐ रसूल) कह दो कि हर अम्र का इख्तियार ख़ुदा ही को है (ज़बान से तो कहते ही है नहीं) ये अपने दिलों में ऐसी बातें छिपाए हुए हैं जो तुमसे ज़ाहिर नहीं करते (अब सुनो) कहते हैं कि इस अम्र (फ़तेह) में हमारा कुछ इख़्तियार होता तो हम यहॉ मारे न जाते (ऐ रसूल उनसे) कह दो कि तुम अपने घरों में रहते तो जिन जिन की तकदीर में लड़के मर जाना लिखा था वह अपने (घरो से) निकल निकल के अपने मरने की जगह ज़रूर आ जाते और (ये इस वास्ते किया गया) ताकि जो कुछ तुम्हारे दिल में है उसका इम्तिहान कर दे और ख़ुदा तो दिलों के राज़ खूब जानता है	शरीर की भावनाएँ हैं जो व्यक्ति के बिना की जाती हैं।	0.5866824388504028	0.23773625493049622	0.22929257154464722
She did not come to marry Késakichi.	ये केसाकिची से शादी करने के लिए नहीं आयी है.	शायद केक्साकिची के विवाह के बारे में नहीं कहा कि केक्साकिची के विवाह के बारे में नहीं कहा कि केक्साकिची के विवाह के बारे में कुछ भी नहीं कहा	0.7065988779067993	0.3472524583339691	0.13715282082557678
Disdaining ungratefully Our gifts, and giving themselves up to (worldly) enjoyment! But soon will they know.	ताकि जो (नेअमतें) हमने उन्हें अता की हैं उनका इन्कार कर बैठें और ताकि (दुनिया में) ख़ूब चैन कर लें तो अनक़रीब ही (इसका नतीजा) उन्हें मालूम हो जाएगा	अरे! हम शिष्ट कार्यों और सौंर्य के सुखद अनुभवों! के लिए तो तो (अंतर्दिशन वाले) ज्ञात्य के लिए भी! लेकिन जल्द ही ज्ञात्य के लिए भी!	0.6451016068458557	0.36283060908317566	0.2535002827644348
"I won't see her until a fortnight on Friday, when my sweet little weasel appears at the station in her strappy blue dress."""	और मैं तुम्हें अगले हफ्ते तक नहीं मील पाऊँगा मेरी प्यारी... .	मैं उसे नहीं देखूँ तक सातों दिनों तक शुक्रवात पर स्टेशन पर मेरी प्राप्ति होगी।	0.7227270007133484	0.3882201910018921	0.19013772904872894
Make trial of orphans until they reach the age of marriage; if then ye find sound judgment in them, release their property to them; but consume it not wastefully, nor in haste against their growing up. If the guardian is well-off, Let him claim no remuneration, but if he is poor, let him have for himself what is just and reasonable. When ye release their property to them, take witnesses in their presence: But all-sufficient is Allah in taking account.	और यतीमों को कारोबार में लगाए रहो यहॉ तक के ब्याहने के क़ाबिल हों फिर उस वक्त तुम उन्हे (एक महीने का ख़र्च) उनके हाथ से कराके अगर होशियार पाओ तो उनका माल उनके हवाले कर दो और (ख़बरदार) ऐसा न करना कि इस ख़ौफ़ से कि कहीं ये बड़े हो जाएंगे फ़ुज़ूल ख़र्ची करके झटपट उनका माल चट कर जाओ और जो (जो वली या सरपरस्त) दौलतमन्द हो तो वह (माले यतीम अपने ख़र्च में लाने से) बचता रहे और (हॉ) जो मोहताज हो वह अलबत्ता (वाजिबी) दस्तूर के मुताबिक़ खा सकता है पस जब उनके माल उनके हवाले करने लगो तो लोगों को उनका गवाह बना लो और (यूं तो) हिसाब लेने को ख़ुदा काफ़ी ही है	Ivide इस शब्द को सही तरीके से उपयोग में लिखा दिया है।	0.576919436454773	0.26900461316108704	0.11504238843917847
File	फ़ाइल	किसी भी विवरण या जानकारी के साथ-साथ इस प्रक्ति में कोई भी जानकारी या विवरण देने के लिए कोई भी जानकारी या विवरण के साथ-साथ इस प्रक्ति में कोई भी जानकारी या विवरण देने के लिए कोई भी जानकारी या विवरण के साथ-साथ इस प्रक्ति में कोई भी जानकारी या विवरण देने के लिए कोई भी जानकारी या विवरण के साथ-साथ इस प्रक्ति में कोई भी जानकारी या विवरण देने के लिए कोई भी जानकारी या विवरण के साथ-साथ इस प्रक्ति में कोई भी जानकारी या विवरण देने के लिए कोई भी जानकारी या विवरण के साथ-साथ इस प्रक्ति म	0.5027755498886108	0.26386764645576477	0.015142770484089851
"Your login to your server ""{0}"" as ""{0}"" failed."	"""{0}"" रूप में आपके सर्वर ""{0}"" से लॉगिन असफल."	"आपके लॉगिन सेवा ""{0}"" as ""{0}"" के होते पल्लें होते हैं।"	0.8314747214317322	0.5637443661689758	0.2762172818183899
"But many of them will have feelings of vacuum in their hearts over your failure to distinguish between the right and the wrong."""	परंतु बहुतों के मन में आपके प्रति शून्य का वह भाव भी जागेगा जिसमें आपकी वो असफलता झलकेगी जिसमें आपकी सही और गलत की पहचान ही नहीं थी.	जो भी उन्हें हो वे अपने दिल में एक वाक्य के प्रलाप के भाव से हो सकते हैं कि वे आपके सहयोग की पूर्णता के प्रति वे अपने दिल में एक वाक्य के प्रलाप के भाव से हो सकते हैं.	0.7006932497024536	0.3197343051433563	0.3087976574897766
He said, ‘Certainly not! Indeed my Lord is with me. He will guide me.’	"उसने कहा, ""कदापि नहीं, मेरे साथ मेरा रब है। वह अवश्य मेरा मार्गदर्शन करेगा।"""	यह कहें हैं, ‘बहुत! ईश्वर दharma से मैं बहुत हो रहा हूँ.’	0.6548655033111572	0.3463546335697174	0.16057315468788147
Display video, audio and image preview	वीडियो, ऑडियो और छवि पूर्वावलोकन दिखाएँ	प्री-डिस्लाई वीडियो, ऑडियो और इग्रिप्री-डिसलाई वीडियो	0.7460075616836548	0.5581426024436951	0.6806069612503052
Unrecognized desktop file Version '%s'	अपरिचित डेस्कटॉप फ़ाइल संस्करण '%s'	"जाना:
जिसे जाना चाहे:
विरोधी:
किसी भी जानकारी को जाना या जाने के लिए प्रोत्सुकी"	0.6406809687614441	0.3021249771118164	0.05702557414770126
And a faking will!	और एक faking करेंगे!	अरे और फ़ाइंग भी होगा!	0.737397313117981	0.536770224571228	0.5438658595085144
Saddam rejected the demand.	सद्दाम ने मांग को अस्वीकार किया।	सद्दाम ने प्रतिवाद की रखी.	0.8596140146255493	0.5157374739646912	0.3024614453315735
Is he then who is a believer like him who is a transgressor? They are not equal.	भला जो व्यक्ति ईमानवाला हो वह उस व्यक्ति जैसा हो सकता है जो अवज्ञाकारी हो? वे बराबर नहीं हो सकते	"इसे क्या रचनात्मक रूप से बदल सकती हूँ:
के ? वे ? के ? वे ? के ? वे ? के ? वे ? के ? वे ? के ? वे ? के ? वे ? के ? वे ? के ? वे ? के ? वे ? के ? वे ? के ? वे ? के ? वे ? के ? वे ? के ? वे ? के ? वे ? के ? वे ? के ? वे ? के ? वे ? के ? वे ? के ? वे ? के ? वे ? के ? वे ? के ? वे ? के ? वे ? के ? वे ? के ? वे ? के ? वे ? के ? वे ? के ? वे ? के ? वे ? के ? वे ? के ? वे ? के ? वे ? के ? वे ? के ? वे ? के ? वे ? के ? वे ? के ? वे ? के ?"	0.5546644926071167	0.2666929066181183	0.04359811171889305
Install online script package	ऑनलाइन स्क्रिप्ट पैकैज संस्थापित करें	मूल्याँ दें	0.6452115774154663	0.42139732837677	0.20499782264232635
Terrace	टेरेस	जलदेवी	0.7809168696403503	0.505664587020874	0.5029385089874268
You will all make this bunkroom, your home.	आप सभी इस bunkroom, अपने घर बनाना होगा.	जिस भी व्यक्ति इस बunkरूम को अपनी घर पर रखे के अपने घर पर रखे के व्यक्ति के पास नहीं रखे बैठे व्यक्ति के पास संबंध होगे.	0.6713755130767822	0.36671778559684753	0.17054735124111176
Remember my only thoughts are of you.	याद रखें ... / मैं ... मेरी केवल विचारों के हैं तुम.	रे में, मेरी एकी सिर्फ़ अपने के लिए हैं।	0.6711320877075195	0.4270961582660675	0.20236437022686005
Just like a ghost ship, huh?	वेन्डी: बस एक भूतहा जहाज की तरह, हुह?	जैसी जैसे हावी यात्री!	0.6912732720375061	0.40837737917900085	0.30015063285827637
When she heard of their sly whispers, she sent for them and prepared a banquet. To each she gave a knife, (then called Joseph saying:) 'Come and attend to them' When they saw him, they were so taken with him that they cut their hands, and said: 'Allah save us! This is no mortal, he is no other but a noble angel'	तो जब ज़ुलेख़ा ने उनके ताने सुने तो उस ने उन औरतों को बुला भेजा और उनके लिए एक मजलिस आरास्ता की और उसमें से हर एक के हाथ में एक छुरी और एक (नारंगी) दी (और कह दिया कि जब तुम्हारे सामने आए तो काट के एक फ़ाक उसको दे देना) और यूसुफ़ से कहा कि अब इनके सामने से निकल तो जाओ तो जब उन औरतों ने उसे देखा तो उसके बड़ा हसीन पाया तो सब के सब ने (बे खुदी में) अपने अपने हाथ काट डाले और कहने लगी हाय अल्लाह ये आदमी नहीं है ये तो हो न हो बस एक मुअज़िज़ (इज्ज़त वाला) फ़रिश्ता है	यह अनुसार है और शेषों को लिखना योग्य नहीं।	0.6089063286781311	0.27614036202430725	0.12915289402008057
I never said she was cheating.	मैं वह धोखा दे रहा था कभी नहीं कहा.	अरे! मैंने कहा तो वह चोरी की रचना थी।	0.7423413991928101	0.39145684242248535	0.46234238147735596
Class-Meet?	कक्षा मिलो?	सहिनाम?	0.7617776393890381	0.5463003516197205	0.2853654623031616
& File	फ़ाइल (F)	"यहाँ कृपयाँ हैं:
- संकेत
- सूचना"	0.6129458546638489	0.3865014314651489	0.21360822021961212
I qu...	मैं qu -	मैं...	0.699642539024353	0.7656316757202148	0.8966715335845947
_Load Images	छवि डाउनलोड करें (_L)	लोड़ इमेजेज	0.671156108379364	0.49217966198921204	0.593804657459259
Unlimited	असीमित	बिलिनलिन्ट	0.700708270072937	0.4651963412761688	0.20949049293994904
South _European (ISO-8859-3)	दक्षिणी यूरोपीय (_E) (ISO-8859-3)	सह-युक्त (आई.एस.ओ.आई. 11.0.0.3)	0.7143700122833252	0.4402460753917694	0.35374772548675537
I want to spend my life with her...	I want to spend my life with her...	मैं उसे अपने साथ रहने के लिए...	0.779622495174408	0.41965585947036743	0.5357266664505005
"Your login to your server ""{0}"" as ""{0}"" failed."	"""{0}"" रूप में आपके सर्वर ""{0}"" से लॉगिन असफल."	"आपके लॉगिन सेवा ""{0}"" as ""{0}"" के होते पल्लें होते हैं।"	0.8314747214317322	0.5637443661689758	0.2762172818183899
SERGEI SOLD HER TO IVAN.	सर्गेई इवान के लिए है उसे बेचा.	यह जानकारी किसी को IVAN दे देगी	0.6778594255447388	0.3998769223690033	0.3842897117137909
And they say: There is naught but our life of the world; we die and we live, and naught destroyeth us save time; when they have no knowledge whatsoever of (all) that; they do but guess.	और वह लोग कहते हैं कि हमारी ज़िन्दगी तो बस दुनिया ही की है (यहीं) मरते हैं और (यहीं) जीते हैं और हमको बस ज़माना ही (जिलाता) मारता है और उनको इसकी कुछ ख़बर तो है नहीं ये लोग तो बस अटकल की बातें करते हैं	जिस्म के साथ कहा गया है वह से भी नहीं हो सकता है लेकिन वह से भी नहीं हो सकते हैं (all) that;	0.6292476654052734	0.2850784957408905	0.10139235854148865
- Yes.	- हाँ	जी हाँ।	0.7938719391822815	0.9047736525535583	0.9326626062393188
Autocompletion	स्वतः समापन	अनुपूर्णीकरण	0.7465642094612122	0.6566342115402222	0.7504776120185852
The idea brings my defenses down.	यह विचार मेरी दलीलों को कमजोर कर देता है।	यह सोचा और व्यवहार करने के तंत्रों को कम कर दूंगी और इससे मैं किसी भी तरह से नुकसान नहीं पहुंचूँ।	0.7118334770202637	0.3621231019496918	0.32051151990890503
that you may seek forgiveness of your Lord and turn to Him in repentance whereupon He will grant you a fair enjoyment of life until an appointed term, and will bestow favour on everyone who merits favour. But should you turn away (from the truth), I fear for you the chastisement of an Awesome Day.	और ये भी कि अपने परवरदिगार से मग़फिरत की दुआ मॉगों फिर उसकी बारगाह में (गुनाहों से) तौबा करो वही तुम्हें एक मुकर्रर मुद्दत तक अच्छे नुत्फ के फायदे उठाने देगा और वही हर साहबे बुर्ज़गी को उसकी बुर्जुगी (की दाद) अता फरमाएगा और अगर तुमने (उसके हुक्म से) मुँह मोड़ा तो मुझे तुम्हारे बारे में एक बड़े (ख़ौफनाक) दिन के अज़ाब का डर है	जिस कार्य से तुम्हारा प्रार्थित होता है उसे तुम्हारे प्रार्थित के तुम्हारा कार्य के तुम्हारे प्रार्थित के तुम्हारा कार्य के तुम्हारे प्रार्थित के तुम्हारे कार्य के तुम्हारे प्रार्थित के तुम्हारे कार्य के तुम्हारे प्रार्थित के तुम्हारे कार्य के तुम्हारे प्रार्थित के तुम्हारे कार्य के तुम्हारे प्रार्थित के तुम्हारे कार्य के तुम्हारे प्रार्थित के तुम्हारे कार्य के तुम्हारे प्रार्थित के तुम्हारे कार्य के तुम्हारे प्रार्थित के तुम्हारे कार्य के तुम्हारे प्रार्थित के	0.6077170968055725	0.2201143056154251	0.0775914266705513
How could they be firing artillery?	वे तोप कैसे चला सकते हैं?	इसे कैसे कर रहे हैं?	0.8543642163276672	0.6487560868263245	0.5397062301635742
Didn't realise who he was fucking with.	वह साथ कमबख्त था जो पता ही नहीं चला.	अरे नहीं सोचा कि वह कौन है कि कौन से पात्र है प्रति के प्रति कैसे व्यवहार होगें?	0.6681972742080688	0.37714868783950806	0.30464857816696167
I'm clearly not a child.	मैं बच्चा नहीं हूँ।	ज्पष्ट नहीं हूँ.	0.8141451478004456	0.45710089802742004	0.4116705358028412
I don't want Charisse or Becca.	मैं बारबरा को देखने आया था.	मैं चार्लीज़ और बीबी नहीं।	0.7664315104484558	0.3753001391887665	0.37080779671669006
Pakistan: Media and restrictions · Global Voices	पाकिस्तान: मीडिया और रोकटोक	"स्ट्रेंड्स:
पाकिस्तान: मीडिया और प्रतिबंध"	0.7959738373756409	0.706777811050415	0.6081274151802063
Tell me...	मुझे बताओ...	जानकारी देने के लिए...	0.7621174454689026	0.5726680159568787	0.4253798723220825
A thousand ships we'll launch from here, Hephaistion.	एक हजार जहाजों हम यहाँ से Hephaistion का शुभारंभ करेंगे.	जो कुछ भी हो, हेपहIST़ियोनुसे भी निपटा योग्य है।	0.6580590605735779	0.3879764676094055	0.27691856026649475
Glorified be the Lord of the heavens and the earth, the Lord of the Throne! Exalted be He from all that they ascribe (to Him).	ये लोग जो कुछ बयान करते हैं सारे आसमान व ज़मीन का मालिक अर्श का मालिक (ख़ुदा) उससे पाक व पाक़ीज़ा है	जो कि कार्य करने वाले कार्य करने वाले को तो कार्य करने वाले के पास नहीं लिखाया भी किया भाषा का	0.6331722140312195	0.2539011538028717	0.08052769303321838
I'm here to offer my--	मैं काम तलाश रहा हूँ ... नहीं ..	पहचान में मैं यहाँ तो बात कर पूँगी।	0.7013305425643921	0.33077874779701233	0.10568809509277344
Next	अगला	जो कुछ हो सकता	0.6440855264663696	0.38537195324897766	0.4013635218143463
Simulation of image to CD burning	छवि की सीडी बर्निंग का सिमुलेशन	जैसी-सी इमेज़ टो CD बर्निंग	0.7671805024147034	0.4387343227863312	0.4050113558769226
Your names	रविशंकर श्रीवास्तव, जी. करूणाकर	यरसी	0.6631443500518799	0.39505982398986816	0.06864964962005615
You think that is what the great Master Oogway saw for you?	तुम्हारे खयाल से महान गुरू ऊगवे ने तुम्हारे लिए यही ख्वाब देखा था?	जो सोचते हैं कि यह व्यक्ति के लिए देखा किया जाता है?	0.6880552172660828	0.35364240407943726	0.3682235777378082
♪ OH NO	♪अरेनहीं	जापान के क्या समय	0.6997554302215576	0.3960374891757965	0.13012461364269257
There are many names in Indian history with a golden glow.	भारत के इतिहास में ही स्वर्णिम आभा वाले अनेक नाम हैं।	अधिक रंग और स्वर्ण धारा से लिखी किसी भी संस्कृति की ऐतीर्थ खुद की रंग-रत्न से स्पष्ट:	0.6899874210357666	0.47233104705810547	0.34510475397109985
"""as your late Uncle's friend and attorney,"	""" अपने देर चाचा के दोस्त और वकील के रूप में,"	जैसे आपके देरेUncle के दोस्त और अभिकारी हैं,	0.7540432810783386	0.4973592460155487	0.3555307984352112
Author:	लेखकः	रचनाकार:	0.7793295383453369	0.655230700969696	0.9340405464172363
Show _Only This Calendar	सिर्फ इस पंचांग को दिखायें (_O)	Only This Year	0.5610184073448181	0.39146915078163147	0.27160710096359253
300%	300%	यह स्पष्ट है कि 300% का अर्थ है 100% से 300% अधिक।	0.7077361345291138	0.5265664458274841	0.4965355098247528
When chill breeze blows, come under tree shade...	When chill breeze blows, come under tree shade...	जिस समय के chill breeze blow, उस समय के लिए तुलसी पर shade की जगह होगी...	0.7788428664207458	0.441560298204422	0.5282371044158936
Unnamed	बेनाम	बेअनयम	0.7926417589187622	0.7117791175842285	0.538338303565979
Talk like that, I'm gonna get myself in trouble.	कि जैसे बात करो, मैं मुसीबत में अपने आप को मिलने वाला हूँ .	इसे कुछ लिखने या समझने के लिए भी ज़रूरी है।	0.6496139168739319	0.3811274468898773	0.3638294041156769
"(Muhammad), ask them, ""Have you thought about what you worship besides God? Show me which part of the earth they have created. Do they have a share in the creation of the heavens? Bring me a Book, revealed before this Quran, or any other proof based on knowledge to support your belief, if indeed you are truthful""."	(ऐ रसूल) तुम पूछो कि ख़ुदा को छोड़ कर जिनकी तुम इबादत करते हो क्या तुमने उनको देखा है मुझे भी तो दिखाओ कि उन लोगों ने ज़मीन में क्या चीज़े पैदा की हैं या आसमानों (के बनाने) में उनकी शिरकत है तो अगर तुम सच्चे हो तो उससे पहले की कोई किताब (या अगलों के) इल्म का बक़िया हो तो मेरे सामने पेश करो	इस संसार के निर्माण के बारे में उन्हें बताएँ कि उनके पास कोई साझी न हो कि उन्हें एक प्राधिकरण से दूसरे प्राधिकरण से सुनाई दी जाए, तो वे प्राधिकरण हो सकते जो संसार के निर्माण के तौर पर विशिष्ट होते थे।	0.6620975136756897	0.3321540057659149	0.40707361698150635
but I won 50 G in a poker tournament.	लेकिन मैं एक पोकर टूर्नामेंट में 50 जी जीता.	आपने कोई भी खेल में 50 गेम जीत लिए थे।	0.759135901927948	0.5854503512382507	0.5806666612625122
_Statusbar	स्थिति पट्टी (_S)	स्टेजबार	0.6996917128562927	0.43366095423698425	0.4762478470802307
Jim Baxford!	जिम Baxford!	जिम बैकोफोर्ड!	0.8394348621368408	0.8365438580513	0.7292146682739258
"Where to accept cookies from. Possible values are ""anywhere"", ""current site"" and ""nowhere""."	"कुकीज़ कहाँ से स्वीकारें. संभावित मूल्य हैं ""कहीं से भी"", ""वर्तमान साइट"" तथा ""कहीं से नहीं""."	"अरे आप को किसी साइट से क्या कुकीज़ देने की कोई भिन्न मूल्य है जो व्यापक हो सकता है और अब से कोई भिन्न मूल्य हो सकता है जो किसी साइट से क्या कुकीज़ देने के के तयारी हो सकते है:

1.  सुनिश्चितः आप किसी साइट से क्या कुकीज़ देने के लिए 100% जिमन देने के तंत्र भी हो सकता है जो किसी साइट से क्या कुकीज़ देने के लिए 100% जिमन देने के तंत्र भी हो सकता है जो किसी साइट से क्या कुकीज़ देने के लिए 100% जिमन देने के तंत्र भी हो सकता है।"	0.6515972018241882	0.35878556966781616	0.0827525407075882
- Jump, Pelle!	- कूदो, पेले!	- पेल!	0.8477239608764648	0.5798065066337585	0.4584534168243408
Inder my love...	मेरे प्यार इंदर ...	मैं प्यार में हूँ...	0.8357869982719421	0.6542535424232483	0.4016408920288086
That-a-boy.	कि एक खास लड़का है.	कोई भी नहीं।	0.7475300431251526	0.46376368403434753	0.5540208220481873
"- ""Brain Rapist""?"	"- ""ब्रेन बलात्कारी""."	"- ""जानकी देते विकर्षक""?"	0.7641405463218689	0.48160305619239807	0.43376636505126953
It is a question of my bread and butter.	यह मेरी रोजी-रोटी का सवाल है |	बेक और बटर की अपनी-अपन्रकृति।	0.6993353366851807	0.33022114634513855	0.2321022003889084
Here you go, boyses.	यह लो, लड़कों।	मैं जाति नहीं हूँ।	0.6913785338401794	0.34820953011512756	0.23724013566970825
POP3 stores have no folder hierarchy	POP3 स्टोर में कोई फ़ोल्डर पदानुक्रम नहीं है	POP3 स्टोरेज में जो कोई भी हो निर्णयात्मक हेक्सलरी स्टोरेज में जो कोई भी हो	0.7455283403396606	0.3982352912425995	0.28695446252822876
It is not for the townsfolk of Al-Madinah and for those around them of the wandering Arabs so stay behind the messenger of Allah and prefer their lives to his life. That is because neither thirst nor toil nor hunger afflicteth them in the way of Allah, nor step they any step that angereth the disbelievers, nor gain they from the enemy a gain, but a good deed is recorded for them therefor. Lo! Allah loseth not the wages of the good.	मदीने के रहने वालों और उनके गिर्दोनवॉ (आस पास) देहातियों को ये जायज़ न था कि रसूल ख़ुदा का साथ छोड़ दें और न ये (जायज़ था) कि रसूल की जान से बेपरवा होकर अपनी जानों के बचाने की फ्रिक करें ये हुक्म उसी सबब से था कि उन (जिहाद करने वालों) को ख़ुदा की रूह में जो तकलीफ़ प्यास की या मेहनत या भूख की शिद्दत की पहुँचती है या ऐसी राह चलते हैं जो कुफ्फ़ार के ग़ैज़ (ग़ज़ब का बाइस हो या किसी दुश्मन से कुछ ये लोग हासिल करते हैं तो बस उसके ऐवज़ में (उनके नामए अमल में) एक नेक काम लिख दिया जाएगा बेशक ख़ुदा नेकी करने वालों का अज्र (व सवाब) बरबाद नहीं करता है	This text is a translation of a hadith (a passage of Islamic scripture that is recorded by a person other than the one who is being hadithed).	0.5840873122215271	0.1992340236902237	0.07250940799713135
They destroyed our moon and with that, half the planet.	वे उस के साथ आधा ग्रह हमारे चाँद और नष्ट कर दिया.	उनने हमारी चाँद और इस बात से पूरी तरह से क्षत हो गया हैं।	0.7590482831001282	0.4689919054508209	0.26345765590667725
Disable syntax highlighting	वाक्य रचना हाइलाइटिंग निष्क्रिय करें	अन्य जानकारी के लिए कार्यकारी	0.6899186372756958	0.3289110064506531	0.2913324236869812
“Those who spread turmoil in the earth, and do no reform.”	"जो धरती में बिगाड़ पैदा करते है, और सुधार का काम नहीं करते।"""	“जिस व्यक्ति पृथ्वी में व्यर्थ न लगाती है, उसे भी किसी जानकारी जोड़न, हटाने, या बदलने के लिए कोई जानकारी करने वाले किसी को भी प्रेरित कर सकते हैं।	0.7025168538093567	0.4030210077762604	0.3193192780017853
Come on, that's a lot of cheese, but I could live with that!	चलो, कि पनीर, का एक बहुत कुछ है, लेकिन मैं उस के साथ रह सकता है!	जो तुम्हें यहाँ आना चाहेंगी वह भी नहीं!	0.6908182501792908	0.3075938820838928	0.26299014687538147
Error while reading video DVD (%s)	वीडियो DVD पढ़ने में त्रुटि (%s)	अन्य जानकारी या सामग्री से जोड़ा नहीं किया होगुक्का है |	0.6478238701820374	0.31877878308296204	0.2134416252374649
Rick, in position.	रिक, स्थिति में।	रिक, स्थिति में.	0.9825445413589478	0.943733274936676	0.7512590885162354
Let us toast to the future of the high table and the memory of my dear sister...	हमें उच्च तालिका के भविष्य और मेरी प्यारी बहन की स्मृति को टोस्ट करते हैं ...	जो कि हमें भविष्य के यहाँ पर और हमारी यादों के यहाँ पर मुक्ति हो सकती है।	0.7192338705062866	0.4228714108467102	0.3417568802833557
He was the only one that wanted to do this trip.	उन्होंने कहा कि इस यात्रा करना चाहता था कि एक ही था.	यह एकमात्र था जिसने चाहे कि वे इस ट्रिप पर जाएँ.	0.7409680485725403	0.6431970000267029	0.7998656034469604
You've been sleeping for 18 hours.	आप 18 घंटे के लिए सो गया है।	18 से 18 गुनगुर्घनि विवरण:	0.6438080668449402	0.41097378730773926	0.22421221435070038
Judith was so worried when Brice asked for her hand in marriage.	ब्राईस शादी में उसका हाथ के लिए कहा जब जूडिथ इतना चिंतित था	ब्रिस ने जुडिथ से शादी में अपनी हाथों को जोड़ने के लिए चिंतित्व के संकेतों को सावधान से प्राप्त किया ज सकता है।	0.783088207244873	0.4564909040927887	0.413818895816803
Melissa's not gonna know anything about this.	अरे नहीं. यह डौग है?	ये बात नहीं है. मेलिसा को इसके बारे में कुछ होगा.	0.7529498338699341	0.49595341086387634	0.42783981561660767
But in his short life, he achieved, without doubt the mythic glory of his ancestor Achilles and more.	लेकिनअपनेछोटेसेजीवन में, वह शक के बिना हासिल... / मैं ... .	जैसा कि उनकी लंबी किश्ती में वह पौरविक प्रतिष्ठानी थी जिसे संसारी साहित्य के प्रतिष्ठानी थी।	0.6553099751472473	0.3311338424682617	0.15015053749084473
And there is nothing wrong if you also seek the bounty of your Lord during the pilgrimage. Moreover, when you return from 'Arafat, stay at Mash'aril-Haram (Muzdalifah) and remember Allah. And remember Him just as He has enjoined you, for you had gone astray before this.	इसमे तुम्हारे लिए कोई गुनाह नहीं कि अपने रब का अनुग्रह तलब करो। फिर जब तुम अरफ़ात से चलो तो 'मशअरे हराम' (मुज़दल्फ़ा) के निकट ठहरकर अल्लाह को याद करो, और उसे याद करो जैसाकि उसने तुम्हें बताया है, और इससे पहले तुम पथभ्रष्ट थे	मार्शल-हार (मुज़दल-हार) के दौरान शुक्रवात एक ऐसी घटना है जिसमें जीवितजनसों के बीच भी कुछ खास होते हैं।	0.6307600736618042	0.3482382297515869	0.2530271112918854
and waymarks; and by the stars they are guided.	और मार्ग चिन्ह भी बनाए और तारों के द्वारा भी लोग मार्ग पर लेते है	, और सड़फ़; और से वे जिन सड़फ़ प्रयोगित्ति के लिए विशिष्ट होते हैं, वे प्रयोगित्ति के लिए सड़फ़ स्थापित होते हैं।	0.651129961013794	0.36491629481315613	0.08381979167461395
The movement is also bolstered by two former U.S. Transportation secretaries, who in a 2011 report urged Congress to move in the pay-per-mile direction.	इस अभियान को दो भूतपूर्व अमेरिकी परिवहन सचिवों ने भी समर्थन दिया है, जिन्होंने वर्ष 2011 में अपनी रिपोर्ट में कांग्रेस से प्रति-मील भुगतान की दिशा में आगे बढ़ने का अनुग्रह किया था।	सबस्यू 2011 रिपोर्ट में एक 18 सालीय 19 सालीय के रूप में हो सकते हैं.	0.6719917058944702	0.2799762487411499	0.33897361159324646
attachment	संलग्नक	अतिरिक्त	0.6967267990112305	0.5661229491233826	0.7790747880935669
And We taught him the art of making garments (of mail) to protect you in your daring. Are ye then thankful?	और हमने उसे तुम्हारे लिए एक परिधान (बनाने) की शिल्प-कला भी सिखाई थी, ताकि युद्ध में वह तुम्हारी रक्षा करे। फिर क्या तुम आभार मानते हो?	जी हूँ निर्णय के तरीके के बारे में सिखाया।	0.6828324794769287	0.3279154300689697	0.12541857361793518
Start	प्रारंभ	जारी	0.6889681816101074	0.7411993145942688	0.7539408206939697
"""Jambalaya,"" ""Cheatin' Heart"" ""I Saw the Light"""	"""Jambalaya,"""" Cheatin' हार्ट' "" मैं प्रकाश देखा """	"जम्बालaya,""चे�tin' Heart"" ""आई से से लाइट"""	0.7456874847412109	0.443150132894516	0.33259665966033936
Mr Stevens visited nearly a dozen banks in the Portland area that morning.	उस सुबह श्री स्टीवन्स ने पोर्टलैंड के लगभग एक दर्जन से अधिक बैंकों का दौरा किया.	मैर स्टीवर्ट ने सुबह पोर्टल एयरो के कुछ दिनों पहले बैंकों को देखा।	0.7838205695152283	0.48221108317375183	0.43804502487182617
Invalid Server URI	अवैध सर्वर URI	असफल सर्वर यूआरआई का	0.7893337607383728	0.5674252510070801	0.21260298788547516
_Insert	प्रविष्ट करें (_I)	जो कोई भी	0.6825066208839417	0.38881173729896545	0.4197995364665985
You feel safe?	आप सुरक्षित महसूस करते हैं?	जी हुआ सुरक्षित हूँ?	0.7961894273757935	0.5788207650184631	0.36437270045280457
Glory be to Him, who created all the pairs of what the earth produces, and of themselves, and of what they know not.	महिमावान है वह जिसने सबके जोड़े पैदा किए धरती जो चीजें उगाती है उनमें से भी और स्वयं उनकी अपनी जाति में से भी और उन चीज़ो में से भी जिनको वे नहीं जानते	ज्यारेदस्तों को जो पृथ्वी पर पैदा करती है, वह पौधों के जिसे जाति है, वही है।	0.6758597493171692	0.4090299904346466	0.23475028574466705
You guys might not know this, but I considered myself a bit of a loner.	तुम्हें पता है कि यह नहीं हो दोस्तों, लेकिन मैं अपने आप को एक अकेले का थोड़ा विचार किया.	आप लोगों का कुछ नहीं हो सकता और इसके इसके इसके इसके इसके इसके इसके इसके इसके इसके इसके इसके!	0.6338448524475098	0.2748905122280121	0.33487430214881897
St_op Animation	संजीवन रोकें (_o)	मूल्याँे को सही साहित्य से बदल नहीं किये सकते	0.6823042631149292	0.43974587321281433	0.10100749135017395
WE'RE LIKE PARTNERS IN CRIME NOW, YOU KNOW.	अब हम अपराध में भागीदार पसंद कर रहे , आप जानते हैं.	बिल्क Rahul के साथ हमें यह हुआ, अब हमें यह नहीं हुआ।	0.6827811598777771	0.3891811668872833	0.27395302057266235
_Edit	संपादन (_E)	मैं नहीं कह सकता कि!?	0.6311811804771423	0.3679819107055664	0.2542436420917511
The center of scaling	अनुमापन का केंद्र	सकलिंग का सेंट्री एराज़	0.6946980357170105	0.40779051184654236	0.3153836131095886
A generic minimal and flat project	जेनेरिक Xlib प्रोजेक्ट	अनुपूर्ण और स्ट्रेट्चर प्रोटी	0.7014923691749573	0.4421423375606537	0.13806897401809692
Background Properties	पृष्ठभूमि गुण	जानकारी	0.6383882164955139	0.5869675278663635	0.5389272570610046
Starve	तारा	जीड़	0.7654442191123962	0.6351275444030762	0.46190139651298523
"And the Book (of Deeds) will be placed (before you); and thou wilt see the sinful in great terror because of what is (recorded) therein; they will say, ""Ah! woe to us! what a Book is this! It leaves out nothing small or great, but takes account thereof!"" They will find all that they did, placed before them: And not one will thy Lord treat with injustice."	"किताब (कर्मपत्रिका) रखी जाएगी तो अपराधियों को देखोंगे कि जो कुछ उसमें होगा उससे डर रहे है और कह रहे है, ""हाय, हमारा दुर्भाग्य! यह कैसी किताब है कि यह न कोई छोटी बात छोड़ती है न बड़ी, बल्कि सभी को इसने अपने अन्दर समाहित कर रखा है।"" जो कुछ उन्होंने किया होगा सब मौजूद पाएँगे। तुम्हारा रब किसी पर ज़ुल्म न करेगा"	मूल कहानी से यह नहीं हो सकती कि जिस जाति/जनसे लिखा गया वह व्यवहरित भी हो सकता है, और निपर्ण भी हो सकता है।	0.6562797427177429	0.3336338996887207	0.3808884620666504
Ayomatty:	आयोमैट्टी:	कोई भी नहीं:	0.7364416718482971	0.5389178991317749	0.23385639488697052
I wanna see how this dude has you livin'.	मैं चाहता हूं कि इस दोस्त तुम जीने की है कि कैसे देखते हैं.	मैं देखें चाहते हैं कि वे किसी भी तरह से अपने हाल-चिहाने के कार्य के बारेबात के बारे	0.7060419321060181	0.43865668773651123	0.31767845153808594
Even the horoscopes are a perfect match.	यहाँ तक कि कुंडली एक परिपूर्ण मैच रहे हैं।	किसी भी जानकारी जो सुनी जाती है, उसे किसी भी तरह से बदल नहीं किया गया या निर्णित नहीं किया गया है।	0.6420191526412964	0.3957993686199188	0.22292500734329224
I wouldn't know what to do with it if I did.	मुझे नहीं पता है इसके साथ क्या करना है अगर मैंने छूआ.	मैं उसे किसी के साथ या किसी के साथ खेलने या न देने दूँ, ऐसा नहीं होऊँकि मैं उसे किसी के साथ या किसी के साथ खेलने का कुछ नहीं कह लेता हूँ।	0.6773020625114441	0.3195875585079193	0.21351484954357147
(CRIES OUT)	(रोता)	(रिहर्मित हो रहे लोगों को दिया जा रहे पन्तियों के प्रति)	0.7121159434318542	0.3209947943687439	0.11621671915054321
Client Information	क्लाइंट सूचना	क्लेंट जानकारी	0.7415335178375244	0.8220434784889221	0.925948977470398
I've few jobs to complete.	मुझे कुछ काम पूरे करने हैं.	कुछ रोजी-रोटी पूरा करने के लिए मेरा समय निकाल रहेगा।	0.7261433601379395	0.48537999391555786	0.3420785069465637
Yeah, it was lucky we were still around. Yep.	हाँ, यह हम अभी भी चारों ओर थे भाग्यशाली था.	जी है, हमें अभी भी शारीरिक स्थिरता थी.	0.7802386283874512	0.5557950139045715	0.4224020838737488
Yeah, that's not how opposites work.	हाँ, विपरीत यूँ काम नहीं करते।	जी है, ऐसा नहीं होता कि प्रत्यय opposites का काम होता	0.6952220797538757	0.4969540536403656	0.2611389756202698
Wherever you may be death will overtake you, even if you were in fortified towers.’ If any good befalls them, they say, ‘This is from Allah;’ and when an ill befalls them, they say, ‘This is from you.’ Say, ‘All is from Allah.’ What is the matter with these people that they would not understand any matter?	और वहां रेशा (बाल) बराबर भी तुम लोगों पर जुल्म नहीं किया जाएगा तुम चाहे जहॉ हो मौत तो तुमको ले डालेगी अगरचे तुम कैसे ही मज़बूत पक्के गुम्बदों में जा छुपो और उनको अगर कोई भलाई पहुंचती है तो कहने लगते हैं कि ये ख़ुदा की तरफ़ से है और अगर उनको कोई तकलीफ़ पहुंचती है तो (शरारत से) कहने लगते हैं कि (ऐ रसूल) ये तुम्हारी बदौलत है (ऐ रसूल) तुम कह दो कि सब ख़ुदा की तरफ़ से है पस उन लोगों को क्या हो गया है कि र्कोई बात ही नहीं समझते	जो भी समझ में आए, वे लोग मुसते हैं कि वे कुछ भी समझें नहीं।	0.6551017165184021	0.279293030500412	0.25123700499534607
After this last year I have no affection for the old home	सामान सब निकाल कर बाहर रखो तो.	जिस पिछले साल के बाद मैं किसी भी तरह से प्रिय नहीं महसूस हूँ,	0.6231379508972168	0.34293824434280396	0.10519203543663025
Failed to create item on a server	सर्वर पर मद बनाने में विफल	सर्वर पर item बनाने के लिए	0.8225048184394836	0.6709867119789124	0.6032412648200989
Note: Underscore in the label name is used as mnemonic identifier in menu.	नोट: इस लेबल नाम में अंडरस्कोर मेन्यू में न्यूमोनिक पहचानकर्ता के रूप में प्रयुक्त है.	जानकारी से नहीं ले लिया गया है।	0.6332256197929382	0.2918720543384552	0.07932034134864807
Yes.	हाँ।	जी हाँ।	0.9464506506919861	0.9053217768669128	0.9312707185745239
I made the woman angry.	मैंने उस औरत को गस्सा दिलाया।	मैं शख़्सी व्यक्ति को मामा की साहस्य से परिचित हूँ.	0.7423834204673767	0.33543941378593445	0.24633243680000305
It is a meeting.	यह एक बैठक है.	सहित नहीं है।	0.7148470282554626	0.3875429928302765	0.15420936048030853
Homicide, Lebreton.	हत्या,LEBRETON	Homicide और Lebreton के बारे में	0.6728566288948059	0.5445457100868225	0.4954419732093811
Please select a plugin to activate	कृपया a प्लगइन को सक्रिय करें	Please select a plugin to activate	0.6741883158683777	0.5386378169059753	0.6408017873764038
Morocco	मोरक्कोworld. kgm	-	0.5876231789588928	0.5062828660011292	0.2134692519903183
Giant I-beam... basket with grapes... pipe bender... a billion boxes.	विशालकाय आई-बीम... अंगूरों की टोकरी... पाइप बेंडर...	जाति की गिराम... वाइन की गिन्न... पाइप बेंडर... एक बिलियन की बॉक्स।	0.8097110986709595	0.48878833651542664	0.45711442828178406
Zachariah, John, Jesus, and Elijah, every one of them was righteous,	और ज़करिया व यहया व ईसा व इलियास (सब की हिदायत की (और ये) सब (ख़ुदा के) नेक बन्दों से हैं	जिस्म, जॉन, येशू, और एलिया, हर एक ने जिस्मी साहबुद्द हैं,	0.7095881700515747	0.3621074855327606	0.21163958311080933
And for every nation have We appointed a ritual, that they may mention the name of Allah over the beast of cattle that He hath given them for food; and your god is One God, therefor surrender unto Him. And give good tidings (O Muhammad) to the humble,	और हमने तो हर उम्मत के वास्ते क़ुरबानी का तरीक़ा मुक़र्रर कर दिया है ताकि जो मवेशी चारपाए खुदा ने उन्हें अता किए हैं उन पर (ज़िबाह के वक्त) ख़ुदा का नाम ले ग़रज़ तुम लोगों का माबूद (वही) यकता खुदा है तो उसी के फरमाबरदार बन जाओ	मुक्तियाँ: और ओ मुक्तियाँ (ओ मुहमूद) के लिए सौप्रसारियों (O Muhammad) के लिए अच्छे विद्रियों (O Muhammad) के प्रति	0.6433997750282288	0.3109063506126404	0.18519094586372375
Fear makes men fight better.	डर पुरुषों बेहतर लड़ने बनाता है.	जागरूकता से हारा जाता है।	0.7530345320701599	0.32914361357688904	0.32737886905670166
Alif. Lam. Ra. These are the verses of the illustrious Book.	अलिफ़ लाम रा ये वाज़ेए व रौशन किताब की आयतें है	यह पाठ सांग.	0.6638938784599304	0.3873971402645111	0.1639544814825058
And were the truth to follow their desires there would have been corrupted the heavens and the earth and whatsoever is therein. Aye! We have come to them with their admonition; so it is from their admonition that they turn away.	और अगर कहीं हक़ उनकी नफसियानी ख्वाहिश की पैरवी करता है तो सारे आसमान व ज़मीन और जो लोग उनमें हैं (सबके सब) बरबाद हो जाते बल्कि हम तो उन्हीं के तज़किरे (जिबरील के वास्ते से) उनके पास लेकर आए तो यह लोग अपने ही तज़किरे से मुँह मोड़तें हैं	जो भी सच है, उसे उनकी इच्छा से प्रभावित होता है.	0.6614022254943848	0.35765668749809265	0.41769295930862427
Yacc/Bison flags:	Yacc /बाइसन फ्लैग्स:	यक/बिसन्थ फ़्लैग्स:	0.8701565265655518	0.8114916086196899	0.6195896863937378
My father was working in the Held.	मेरे पिता ने खेत में काम कर रहा था.	मेरे पापा होल्ड में काम कर रहे थे।	0.7774194478988647	0.7348554730415344	0.8728493452072144
Those who attacked us are relentless and crazy.	जिन्होंने हम पर हमला किया था वे कठोर और बावले हैं।	जो हमें चोट पहूँचते हैं, उन्हें हमारे प्रति प्रति प्रति प्रति प्रति प्रति प्रति प्रति प्रति प्रति प्रति प्रति प्रति प्रति प्रति प्रति प्रति प्रति प्रति प्रति प्रति प्रति प्रति प्रति प्रति प्रति प्रति प्रति प्रतिन प्रतिन	0.6246454119682312	0.21025077998638153	0.135271817445755
Default folder to use for the '--add' and '--extract' commands	--add और --extract कमान्ड में उपयोग हेतु डिफ़ॉल्ट फ़ोल्डर	--add और --extract करने के लिए default फ़ोल्डर का उपयोग होग	0.8542903661727905	0.803348958492279	0.6198689937591553
terminal operations	टर्मिनल संचालन	किसी भी जानकारी जोड़ने, हटाने, या बदलने की कोई जानकारी शामिल कर सकती है।	0.6276231408119202	0.29528799653053284	0.06916055083274841
TREVOR:	ट्रेवर:	"कार्यक्रम:
जॉर्ज:"	0.7605028748512268	0.631931483745575	0.5182651877403259
Port:	पोर्टः	पोर्ट:	0.9062575101852417	0.8417707085609436	0.8687566518783569
He never takes into account the fact that I am very busy.	वह कभी भी इस बात का खयाल नहीं करता है कि मैं कितना व्यस्थ हूँ।	जिस व्यक्ति को मुख्य रूप से इसके लाभ के बारे में ध्यान मिलता है, नतीज़ भी मिल सकते हैं।	0.6739479899406433	0.3769877254962921	0.2779296338558197
Cannot create new folder '%s'	नया फ़ोल्डर `%s' नहीं बना सकता है	इन्हें हटा दें '%s'	0.725065290927887	0.4986877739429474	0.41784873604774475
That's a different category.	यह अलग श्रेणी है.	जो कुछ है उससे अलग है।	0.7152295708656311	0.5444201827049255	0.4815288186073303
Bulla, who knows who I am!	बुल्ला, कौन जाने मैं कौन!	जिस्म में जी हूँ, जिस्म के पास जी हूँ!	0.7461151480674744	0.3888678252696991	0.40232980251312256
This is because they say: 'The fire of Hell shall not touch us except for a limited number of days.' The false beliefs which they have forged have deluded them in their faith.	"यह इसलिए कि वे कहते, ""आग हमें नहीं छू सकती। हाँ, कुछ गिने-चुने दिनों (के कष्टों) की बात और है।"" उनकी मनघड़ंत बातों ने, जो वे घड़ते रहे हैं, उन्हें धोखे में डाल रखा है"	यह है क्योंकि वे कहते हैं: 'हमारी पवित्ति के प्रलभ के तुम्हारे प्रभाव के तुम्हारे प्रभाव के तुम्हारे प्रभाव के तुम्हारे प्रभाव के तुम्हारे प्रभाव के तुम्हारे प्रभाव के तुम्हारे प्रभाव के तुम्हारे प्रभाव के तुम्हारे प्रभाव के तुम्हारे प्रभाव के तुम्हारे प्रभाव के तुम्हारे प्रभाव के तुम्हारे प्रभाव के तुम्हारे प्रभाव के तुम्हारे प्रभाव के तुम्हारे प्रभाव के तुम्हारे प्रभाव के तुम्हारे प्रभाव के तुम्हारे प्रभाव के तुम्हारे प्रभाव के तुम्हारे प्रभाव के तुम्हारे प्रभाव के तुम्हार	0.5822271704673767	0.22487200796604156	0.02843187190592289
- Please, somebody!	कृपया, किसी को!	कृपयोग्यता: कृपयोग्यता:	0.6961876749992371	0.35476163029670715	0.35888463258743286
New Game	नया खेल score-dialog	नई गेम	0.711959958076477	0.7286698222160339	0.8100083470344543
O you who have faith! Indeed many of the scribes and monks wrongfully eat up the people’s wealth, and bar [them] from the way of Allah. Those who treasure up gold and silver, and do not spend it in the way of Allah, inform them of a painful punishment	ऐ ईमानदारों इसमें उसमें शक़ नहीं कि (यहूद व नसारा के) बहुतेरे आलिम ज़ाहिद लोगों के माल (नाहक़) चख जाते है और (लोगों को) ख़ुदा की राह से रोकते हैं और जो लोग सोना और चाँदी जमा करते जाते हैं और उसको ख़ुदा की राह में खर्च नहीं करते तो (ऐ रसूल) उन को दर्दनाक अज़ाब की ख़ुशखबरी सुना दो	माफ़ के लिए जो लोग है... वे!	0.6597303748130798	0.21794575452804565	0.07380136847496033
- Yes.	-हाँ।	जी हाँ।	0.8929759860038757	0.8620209097862244	0.9342098832130432
Ah.	आह.	।	0.7128311991691589	0.6632928252220154	0.5638518333435059
I told her to come to Sanjeevaiah Park.	मैने उसे संजीवियाह पार्क आने को कहा था.	मैंने उसे सैनजीवाह पार्क में आने के लिए कहा।	0.8440278768539429	0.8694598078727722	0.9095396995544434
Listen, I wanna tell you something.	सुनो, मैं तुम्हें कुछ बताना चाहता हूँ.	रिकॉर्ड कर सकते हैं।	0.6535459160804749	0.42080435156822205	0.25048914551734924
we wanted you to learn what it meant to be a human first.	हम तुम क्या सीखना चाहता था यह एक मानव पहले होने का मतलब.	हम चाहते हैं कि आप इस पृष्ठ को समझ सके कि यह कैसे हो सकता है.	0.732029139995575	0.4891238212585449	0.563895583152771
(STARTS ENG I N E)	(शुरू होता है इंग्लैंड INE)	(STARTS ENG I N E)	0.6185478568077087	0.5429359078407288	0.2485344558954239
They disbelieve those who say, “God is the Messiah the son of Mary.” But the Messiah himself said, “O Children of Israel, worship God, my Lord and your Lord. Whoever associates others with God, God has forbidden him Paradise, and his dwelling is the Fire. The wrongdoers have no saviors.”	जो लोग उसके क़ायल हैं कि मरियम के बेटे ईसा मसीह ख़ुदा हैं वह सब काफ़िर हैं हालॉकि मसीह ने ख़ुद यूं कह दिया था कि ऐ बनी इसराईल सिर्फ उसी ख़ुदा की इबादत करो जो हमारा और तुम्हारा पालने वाला है क्योंकि (याद रखो) जिसने ख़ुदा का शरीक बनाया उस पर ख़ुदा ने बेहिश्त को हराम कर दिया है और उसका ठिकाना जहन्नुम है और ज़ालिमों का कोई मददगार नहीं	यह कहते कि ईवमी का बच्चा मिसर का ईवमी का बच्चा गैर-ईवमी के लोगों के साथ-साथ ईवमी का बच्चा स्वतंत्रता का प्राप्तकर्ता होता है	0.6375107765197754	0.2983080744743347	0.30446740984916687
"and say, ""All praise is due to God who has never begotten a son and who has no partner in His kingdom; nor does anyone aid Him because of any weakness of His. Proclaim His greatness."""	"और कहो, ""प्रशंसा अल्लाह के लिए है, जिसने न तो अपना कोई बेटा बनाया और न बादशाही में उसका कोई सहभागी है और न ऐसा ही है कि वह दीन-हीन हो जिसके कारण बचाव के लिए उसका कोई सहायक मित्र हो।"" और बड़ाई बयान करो उसकी, पूर्ण बड़ाई"	जिस्म के प्रसार का विवरण और जिस्म का प्रसवरण के विवरण जिस्म के प्रसवरण के विवरण जिस्म के प्रसवरण के विवरण जिस्म के प्रसवरण के विवरण जिस्म के प्रसवरण के विवरण जिस्म के प्रसवरण के विवरण जिस्म के प्रसवरण के विवरण जिस्म के प्रसवरण के विवरण जिस्म के प्रसवरण के विवरण जिस्म के प्रसवरण के विवरण जिस्म के प्रसवरण के विवरण जिस्म के प्रसवरण के विवरण जिस्म के प्रसवरण के विवरण जिस्म के प्रसवरण के विवरण जिस्म के प्रसवरण के विवरण जिस्म के प्रसवरण के विवरण जिस्म के प्रसवरण के विवरण जिस्म क	0.528121292591095	0.2853376567363739	0.03829452395439148
iCalendar information	आईकैलेंडर सूचना	"कैलेंडर के जानकारी के लिखित जानकारी के लिए सुनिश्चित किया जा सकता है:

* कैलेंडर के जानकारी के लिखित प्रतिकृत किया जा सकता है।
* कैलेंडर के जानकारी के लिखित प्रतिकृत किये जा सकते हैं।
* कैलेंडर के जानकारी के लिखित प्रतिकृत किये जा सकते हैं।
* कैलेंडर के जानकारी के लिखित प्रतिकृत किये जा सकते हैं।"	0.590338408946991	0.3259916603565216	0.02734089456498623
I didn't think she'd make it.	मुझे नहीं लगा था कि वह इसे सह पायेगी.	मैंने भी सोचा नहीं कि वह इस बात पर प्रतिबल्युक्त रहेगी।	0.8028292059898376	0.6153832077980042	0.40109699964523315
Your Lord is All-forgiving and All-merciful. Had He wanted to punish them for their sins, He would have been prompt to torment them. For their punishment there is an appointed time, after which there will be no way for them to escape.	तुम्हारा रब अत्यन्त क्षमाशील और दयावान है। यदि वह उन्हें उसपर पकड़ता जो कुछ कि उन्होंने कमाया है तो उनपर शीघ्र ही यातना ला देता। नहीं, बल्कि उनके लिए तो वादे का एक समय निशिचत है। उससे हटकर वे बच निकलने का कोई मार्ग न पाएँगे	जिस कार्य में राज्य का प्रवर्ता हो तो वह कार्य अतिशयग्राही होगा।	0.6624232530593872	0.35461851954460144	0.25952669978141785
I'll write like chalk...	I'll write like chalk...	जी हूँ चारों को लिखना...	0.7078084349632263	0.3663964569568634	0.4645235240459442
Description	स्थिति	I English से हाँ।	0.6361490488052368	0.3730691969394684	0.055635832250118256
Or say they (again): He hath invented it? Say: If I have invented it, upon me be my crimes, but I am innocent of (all) that ye commit.	(ऐ रसूल) क्या (कुफ्फ़ारे मक्का भी) कहते हैं कि क़ुरान को उस (तुम) ने गढ़ लिया है तुम कह दो कि अगर मैने उसको गढ़ा है तो मेरे गुनाह का वबाल मुझ पर होगा और तुम लोग जो (गुनाह करके) मुजरिम होते हो उससे मै बरीउल ज़िम्मा (अलग) हूँ	जिस्म के लिखित है उसे लिखित नहीं किया के दुष्ट्वादित हो संकेतित है।	0.6262862086296082	0.26285842061042786	0.18206414580345154
They say: Our Lord! Twice hast Thou made us die, and twice hast Thou made us live. Now we confess our sins. Is there any way to go out?	वह लोग कहेंगे कि ऐ हमारे परवरदिगार तू हमको दो बार मार चुका और दो बार ज़िन्दा कर चुका तो अब हम अपने गुनाहों का एक़रार करते हैं तो क्या (यहाँ से) निकलने की भी कोई सबील है	माफ़ के लिए: हमेंLord! Twice hast Thou मार दी है और Twice hast Thou मार की है। अब हम माफ़ के लिए हमेंLord! दोहरे!	0.6238307952880859	0.24084219336509705	0.23298197984695435
Add [+]	जोड़ें [+]	जो कुछ हो सकता है, उसे जोड़ें	0.7318115234375	0.5361290574073792	0.4940829277038574
Sending little notes like this with pictures, and threats and fucked-up shit.	चित्रों के साथ, और खतरों और गड़बड़ हुआ गंदगी इस तरह छोटे नोटों भेजा जा रहा है.	अर्थात्, छोटी संकेत जैसे पिक्चर्स, थ्रेट्स, और फ़ूड-अप से जुड़ी कोई चीज़ भी छोड़े, विल्कफ़्यात-ग्रस्ट से जुड़ी कोई चीज़ भी छोड़े, आदि।	0.6641237735748291	0.3793916702270508	0.42370322346687317
You know I know that he would look just like you and I couldn't wish for anything more.	आप मुझे वह आप की तरह लग रहे थे कि पता और मैं ज्यादा कुछ के लिए इच्छा नहीं कर सकता.	जो knows I knows that he would just like you and I couldn't wish for anything more.	0.6606329679489136	0.27427807450294495	0.2519080936908722
Failed to retrieve messages.	संदेश पुनर्प्राप्त करने में असमर्थ	दिए नहीं रहे यारे दिए नहीं रहे कार्य किए निर्दोष रूप से निर्दोष रूप से निर्दोष रूप से	0.5720484256744385	0.23405207693576813	0.01288139820098877
_Picture Gallery	तस्वीर दीर्घा (_P)	प्रिंट गैलरी	0.6710147857666016	0.5795719027519226	0.8649716377258301
It feels ridiculous to begin with, but when meetings are working, it's very effective.	शुरुआत में बड़ा अजीब लगता है, लेकिन जब मीटिंग्स आरम्भ हो जाती हैं, तो यह काफ़ी अच्छा है.	इसे कोई भी नहीं कर सकते, जो के कार्य कामयोग्य होता है, यह विशेष रूप से लोगों के लिए सुस्पष्ठता प्रदान करती है।	0.6940863728523254	0.4384206235408783	0.4406841993331909
Do you not see that Allah has made what is in the heavens and what is in the earth subservient to you, and made complete to you His favors outwardly and inwardly? And among men is he who disputes in respect of Allah though having no knowledge nor guidance, nor a book giving light.	क्या तुमने देखा नहीं कि अल्लाह ने, जो कुछ आकाशों में और जो कुछ धरती में है, सबको तुम्हारे काम में लगा रखा है और उसने तुमपर अपनी प्रकट और अप्रकट अनुकम्पाएँ पूर्ण कर दी है? इसपर भी कुछ लोग ऐसे है जो अल्लाह के विषय में बिना किसी ज्ञान, बिना किसी मार्गदर्शन और बिना किसी प्रकाशमान किताब के झगड़ते है	जिस व्यक्ति के बारे में नहीं हो सकता कि अल्लाह के प्रलाप के बारे में नहीं हो सकता कि अल्लाह के प्रलाप के बारे में नहीं हो सकता कि अल्लाह के प्रलाप के बारे में नहीं हो सकता कि अल्लाह के प्रलाप के बारे में नहीं हो सकता कि अल्लाह के प्रलाप के बारे में नहीं हो सकता कि अल्लाह के प्रलाप के बारे में नहीं हो सकता कि अल्लाह के प्रलाप के बारे में नहीं हो सकता कि अल्लाह के प्रलाप के बारे में नहीं हो सकता कि अल्लाह के प्रलाप के बारे में नहीं हो सकता कि अल्लाह के प्रलाप के बारे में नहीं ह	0.5664363503456116	0.2969256341457367	0.06946831196546555
Cannot add group	जोड़ें समूह	ज़ group के लाभ नहीं हो सकते	0.6835214495658875	0.3592918813228607	0.1728283315896988
My final class, because from now on... your training will be in the hands of the Dragon Warrior.	मेरी अंतिम कक्षा क्योंकि अब से... तुम्हारे प्रशिक्षण का काम ड्रैगन योद्धा के सुपुर्द है।	जो की सारी क्लास मैंने बिल्कर से हुई, अब मैंने डragon वारियर से हुई.	0.6934114098548889	0.4367849826812744	0.28343188762664795
Kate Session Applet	केएटीई सत्र मेन्यूComment	केट सीज़न सेप्शन एप्लट	0.7011005282402039	0.4083386957645416	0.5518689155578613
Additional Vala compiler flags for this target.	अतिरिक्त वाला फ्लैग्स के लिए यह लक्ष्य.	अन्य वाली कोड्डर जोड़न के कोड्डर जोड़ें	0.6956380605697632	0.38828709721565247	0.1171872615814209
Activate	सक्रिय करें	बनाए	0.679817795753479	0.5530304312705994	0.4507303833961487
Delete	मिटाएं	इस सामग्री को हटाने के लिए	0.6667422652244568	0.4650450646877289	0.6267484426498413
How excellent it would be, if they were pleased with what Allah and His Noble Messenger had given them and said, “Allah suffices us; Allah will now give us by His munificence, and (so will) Allah’s Noble Messenger – and towards Allah only are we inclined.”	"यदि अल्लाह और उसके रसूल ने जो कुछ उन्हें दिया था, उसपर वे राज़ी रहते औऱ कहते कि ""हमारे लिए अल्लाह काफ़ी है। अल्लाह हमें जल्द ही अपने अनुग्रह से देगा और उसका रसूल भी। हम तो अल्लाह ही की ओऱ उन्मुख है।"" (तो यह उनके लिए अच्छा होता)"	"इस संस्करण में कुछ जटिल और प्रभावशील होते हैं:

*   हिंदी में एक स्पषह और प्रभावशील तरीके के लिए, जैसे कि “Allah सुविधि हमें; Allah will now give us by His munificence, and (so will) Allah’s Noble Messenger – and towards Allah only are we inclined.”"	0.6168695092201233	0.3089020550251007	0.12196290493011475
We will extend the exemption bersyaratmu eight months.	हम छूट Bersyaratmu आठ महीने का विस्तार होगा.	कोई भी जानकारी जोड़ सकते हैं/जिन्हें जानकारारू बनाया जा सकता है.	0.6406078338623047	0.383903831243515	0.28101450204849243
"They said, ""Lot, if you do not give up preaching, you will certainly be expelled (from this town)""."	"उन्होंने कहा, ""यदि तू बाज़ न आया, ऐ लतू! तो तू अवश्य ही निकाल बाहर किया जाएगा।"""	यह कहता है, “लोट”, if you do not give up preaching, you will certainly be expelled (from this town))।	0.649760365486145	0.3457561135292053	0.30506420135498047
_Add Bookmark…	पुस्तचिह्न जोड़ें... (_A)	-	0.6476825475692749	0.3993562161922455	0.009371129795908928
Ken wanted a piano as a kid.	केन बचपन में एक पियानो चाहता था.	केन की माँ की पiano के लिए कुछ समय सालों तक का पiano सीखते रहे	0.7150131464004517	0.38519906997680664	0.3157605230808258
Lay_out	ख़ाका (_o)	I/nah/No translatable text available.	0.6294993162155151	0.39750298857688904	0.17486657202243805
Thanks, for the bachelor party, I guess?	धन्यवाद, स्नातक पार्टी के लिए, मुझे लगता है?	बच्च पार्टी के लिए	0.7610503435134888	0.3933897912502289	0.4215633273124695
Python support warning	पायथन समर्थन चेतावनी	यह सुनना या किसी जानकारी को बदलन या वैध करने की पूरी क्षमता के लाभ है।	0.6704820394515991	0.31324222683906555	0.04703337699174881
- You will receive no more.	- आप कुछ भी प्राप्त होगा.	यह सुनना योग्य नहीं है।	0.7322218418121338	0.520068347454071	0.7341919541358948
Error subscribing to folder	सदस्यता लिए हुए फ़ोल्डरों में त्रुटि	जिसे संग्रह करने के लिए यात्रा करने के लिए या निर्णय के लिए व्यक्त किया जाता तो होगा कि शामिल नहीं किया जाता है।	0.655160665512085	0.3327937126159668	0.2350381463766098
Where is he?	वह कहाँ है?	He के पास है?	0.8313992619514465	0.5484535098075867	0.40805625915527344
Start the prayers, Guru!	पूजा शुरु करो, गुरु!	मार्ग!	0.7321503758430481	0.5052481889724731	0.3403664827346802
Edit Custom Messages…	पसंदीदा संदेश संपादित करें...	योग्यता सुनिश्चित Messages के संशोधन...	0.7343024015426636	0.4065481126308441	0.3078479468822479
There was no space in the interview for any understanding of the fact that you've been living somewhere.	इंटरव्यू के दौरन इस बात को समझने की कहीं कोई गुंजाइश नहीं थी कि आप किसी जगह पर बसे हुए थे.	इंटरव्यू में कोई जगह नहीं थी जिसे जानकारी देने के लिए था वह.	0.7635869383811951	0.47645702958106995	0.2149716466665268
We have to find that old man!	उस बूढ़े आदमी को हमें खोजना है!	जिसे 80 के दशक में रहा तो वह है मेरा दोस्त!	0.6904464364051819	0.4278416335582733	0.3715837597846985
Is he who founded his building upon duty to Allah and His good pleasure better; or he who founded his building on the brink of a crumbling, overhanging precipice so that it toppled with him into the fire of hell? Allah guideth not wrongdoing folk.	फिर क्या वह अच्छा है जिसने अपने भवन की आधारशिला अल्लाह के भय और उसकी ख़ुशी पर रखी है या वह, जिसने अपने भवन की आधारशिला किसी खाई के खोखले कगार पर रखी, जो गिरने को है। फिर वह उसे लेकर जहन्नम की आग में जा गिरा? अल्लाह तो अत्याचारी लोगों को सीधा मार्ग नहीं दिखाता	जिस व्यक्ति ने अपने घर के निर्माण पर कर्तव्यत्व दोषलवल्य पल्लित किया है, वही जो विनम्रता, सहानजाति, और सह-पल्लितित्व के प्रतिवादी है, दोषलवल्य पल्लित करते हैं और वे दोषलवल्य पल्लित करते हैं.”	0.6507002115249634	0.3044452965259552	0.1988663524389267
(SIGHS) Tell you what.	(आह) आपको क्या करे.	जो कुछ भी है, उसे बताएँगे।	0.6818088293075562	0.48082873225212097	0.49142035841941833
[PA announcement in native language]	[स्थानीय भाषा में पी. ए. घोषणा]	शरीरी जानकारी को जोड़न, हटाने, या इसके किसी होते जो के information को जोड़ने वाले अन्य जानकारी को भी जोड़ने वाले जानकारी को भी जोड़ने वाले किसे भी जानकारी देने वाले को भी जानकारी देने वाले को भी जानकारी देने वाले को भी जानकारी देने वाले को भी जानकारी देने वाले को भी जानकारी देने वाले को भी जानकारी देने वाले को भी जानकारी देने वाले को भी जानकारी देने वाले को भी जानकारी देने वाले को भी जानकारी देने वाले को भी जानकारी देने वाले को भी जानकारी देने वाले	0.5452648997306824	0.24668264389038086	0.004819035530090332
Microsoft Global Catalog over SSL	SSL पर माइक्रोसॉफ्ट वैश्विक कैटालॉग	माइक्रो साइंस गोलरेखा	0.7523899078369141	0.4584489166736603	0.4293942451477051
Total time taken: %lu secs	कुल समय नहीं	"Translate following English to Hindi text:
Total time taken: %time (sec)"	0.6819401383399963	0.3389783799648285	0.06766441464424133
Why is that Alan?	ऐसा क्यों?	प्रासंगीय कारण है कि वे क्या है	0.7184420824050903	0.49716946482658386	0.2579227387905121
This is no longer a sound strategy.	यह अब एक ठोस रणनीति है.	यह कोई बिल्कर स्ट्रीटेज़ नहीं रही थी.	0.7344202399253845	0.44430404901504517	0.3956570029258728
Start	प्रारंभ	जारी	0.6889681816101074	0.7411989569664001	0.7539404630661011
The Hollow is no different.	खोखले अलग नहीं है।	अनुपूर्ण नहीं होता है।	0.790050745010376	0.4912237524986267	0.3383246660232544
We've got four D-Locks.	हमारे पास चार डी-लॉक्स हैं.	डी.लॉक्स होते हैं।	0.7673808336257935	0.6649573445320129	0.25767782330513
So do not strike any similitudes to Allah. Allah knows whereas you do not know.	अतः अल्लाह के लिए मिसालें न घड़ो। जानता अल्लाह है, तुम नहीं जानते	"सब कुछ इस प्रकार है : 
नहीं सँस्कृतिके होते हैं (जो कुछ भी होते,) जो कुछ भी हो सकते, सभ कुछ हो सकता |"	0.6471954584121704	0.3290902376174927	0.12006624042987823
Merge an individual commit from another branch	मिलाएं से	मैं किसी व्यक्ति से एक अन्य शाखा में काम करने का संकेत देता ह	0.6523016691207886	0.42765602469444275	0.2601172626018524
Viper and Tigress, do, like, a Totem Pole Poison Technique!	वाइपर और टाइग्रेस, टोटम स्तंभ विष तकनीक जैसे करो!	जीवित्र और तिग्र्ट्र, विवाहित और विवाह के प्रतिवादी थे, तोतेम पोल पोज़ के प्रतिवादी थे,	0.6858000159263611	0.44026273488998413	0.2685467004776001
Kontact	कॉन्टेक्ट	कontैक्ट	0.8737015128135681	0.8802701234817505	0.9274829626083374
Zero heat.	शून्य गर्मी.	सही है।	0.7254277467727661	0.43194934725761414	0.2857111096382141
They shall be in a Garden lofty:	उच्च जन्नत में,	किसी भी जानकारी जोड़न, रोकन, या बदलने की कोई कार्य हो सकता है।	0.625457227230072	0.32103776931762695	0.07346242666244507
Open	खोलें	बंद	0.806763768196106	0.6801656484603882	0.8528780937194824
God is not ashamed to strike a similitude even of a gnat, or aught above it. As for the believers, they know it is the truth from their Lord; but as for unbelievers, they say, 'What did God desire by this for a similitude?' Thereby He leads many astray, and thereby He guides many; and thereby He leads none astray save the ungodly	"निस्संदेह अल्लाह नहीं शरमाता कि वह कोई मिसाल पेश करे चाहे वह हो मच्छर की, बल्कि उससे भी बढ़कर किसी तुच्छ चीज़ की। फिर जो ईमान लाए है वे तो जानते है कि वह उनके रब की ओर से सत्य हैं; रहे इनकार करनेवाले तो वे कहते है, ""इस मिसाल से अल्लाह का अभिप्राय क्या है?"" इससे वह बहुतों को भटकने देता है और बहुतों को सीधा मार्ग दिखा देता है, मगर इससे वह केवल अवज्ञाकारियों ही को भटकने देता है"	Today Date: 13 May 2026	0.5044968724250793	0.14542347192764282	0.07616791129112244
- HE DOESN'T USE ONE.	- वह एक का उपयोग नहीं करता.	बिलकुल नहीं uses one.	0.7219769954681396	0.5490038394927979	0.5086967349052429
[Captain] Mask up.	[कप्तान] ऊपर मुखौटा.	कैप्टेन को चुपचित्ट कर देना होगा।	0.698544979095459	0.42314425110816956	0.18918894231319427
And I will always stay	औरमैंकरूँगाहमेशारहना	I will always be here	0.5376343727111816	0.3464837372303009	0.12814557552337646
If you ask again, I'll say yes.	आप फिर से पूछो, मैं हाँ कह देंगे।	अगर आप दूसरी बार, मैं सुनने के लिए कहूँगी.	0.7817296981811523	0.5312604904174805	0.47042417526245117
You promised to handover the kingdom the princess.	तुमने वचन दिया था कि ये साम्राज्य और राजकुमारी तुम मुझे सौप दोगे.	आपको राज्य के रानी दे देने का वादा था।	0.6940353512763977	0.5298740863800049	0.3484923839569092
Indeed the requital of those who wage war against Allah and His Apostle, and try to cause corruption on the earth, is that they shall be slain or crucified, or shall have their hands and feet cut off from opposite sides, or be banished from the land. That is a disgrace for them in this world, and in the Hereafter, there is a great punishment for them,	जो लोग ख़ुदा और उसके रसूल से लड़ते भिड़ते हैं (और एहकाम को नहीं मानते) और फ़साद फैलाने की ग़रज़ से मुल्को (मुल्को) दौड़ते फिरते हैं उनकी सज़ा बस यही है कि (चुन चुनकर) या तो मार डाले जाएं या उन्हें सूली दे दी जाए या उनके हाथ पॉव हेर फेर कर एक तरफ़ का हाथ दूसरी तरफ़ का पॉव काट डाले जाएं या उन्हें (अपने वतन की) सरज़मीन से शहर बदर कर दिया जाए यह रूसवाई तो उनकी दुनिया में हुई और फिर आख़ेरत में तो उनके लिए बहुत बड़ा अज़ाब ही है	Translate following text to Hindi.	0.5291147232055664	0.14507120847702026	0.08050154149532318
The girl looked around.	उस लड़की ने पीछे मुड़कर देखा।	जल्दही कुछ कहा।	0.7199608087539673	0.35668084025382996	0.14227357506752014
It is my responsibility to send you back home safe and sound	यह मेरी जिम्मेदारी है आप वापस घर सही सलामत भेजने के लिए	आपको घर ले जाया जाने के लिए भी सुरक्षा प्रदान करने के लिए मेरी जिमेदारी है।	0.7693673968315125	0.7437878847122192	0.6496751308441162
To Him is your return. This is Allah's promise that will certainly come true. Surely it is He Who brings about the creation of all and He will repeat it so that He may justly reward those who believe and do righteous deeds; and that those who disbelieve may have a draught of boiling water and suffer a painful chastisement for their denying the truth.	तुम सबको (आख़िर) उसी की तरफ लौटना है ख़ुदा का वायदा सच्चा है वही यक़ीनन मख़लूक को पहली मरतबा पैदा करता है फिर (मरने के बाद) वही दुबारा जिन्दा करेगा ताकि जिन लोगों ने ईमान कुबूल किया और अच्छे अच्छे काम किए उनको इन्साफ के साथ जज़ाए (ख़ैर) अता फरमाएगा और जिन लोगों ने कुफ्र एख्तियार किया उन के लिए उनके कुफ्र की सज़ा में पीने को खौलता हुआ पानी और दर्दनाक अज़ाब होगा	अरे! हिंदे के वापसी. यह है अल्लाह की प्रत्यापित प्रतिनिधित्व; और जिसने निष्ठा की चपट्टी का संकल्प दिया है।	0.6448001861572266	0.29447928071022034	0.2247130125761032
Welcome, James.	स्वागत है, जेम्स।	जेम्स!	0.7124897241592407	0.7730205655097961	0.5820842981338501
In it We prescribed for them: a life for a life, an eye for an eye, a nose for a nose, and an ear for an ear, a tooth for a tooth, and retaliation for wounds. Yet whoever remits it out of charity, that shall be an atonement for him. Those who do not judge by what Allah has sent down—it is they who are the wrongdoers.	और हम ने तौरेत में यहूदियों पर यह हुक्म फर्ज क़र दिया था कि जान के बदले जान और ऑख के बदले ऑख और नाक के बदले नाक और कान के बदले कान और दॉत के बदले दॉत और जख्म के बदले (वैसा ही) बराबर का बदला (जख्म) है फिर जो (मज़लूम ज़ालिम की) ख़ता माफ़ कर दे तो ये उसके गुनाहों का कफ्फ़ारा हो जाएगा और जो शख्स ख़ुदा की नाज़िल की हुई (किताब) के मुवाफ़िक़ हुक्म न दे तो ऐसे ही लोग ज़ालिम हैं	यह गवँगे दिए से नहीं लिखेंगे याद रखेंगे विषय बदले और विद्रु के हक्के लिखेंगे।	0.6359928846359253	0.27535462379455566	0.1653454601764679
We would have to drug a thousand people without their consent?	हम उनकी सहमति के बिना दवा के एक हजार लोग करना होगा?	जिसे Consent नहीं दिया?	0.6624599099159241	0.43591809272766113	0.19164542853832245
Mr. President, sir?	अध्यक्ष महोदय, श्रीमान?	सर??	0.7230719923973083	0.5658091902732849	0.2869153320789337
And my wife, Deborah See everything that happens.	और मेरी पत्नी, दबोरा... ... क्या होता है देखो.	औरमेरी पत्नी देबोरा सुन everything that happens.	0.7564970850944519	0.5845935940742493	0.45689451694488525
No, Judith, Judith, talk to me.	नहीं, जूडिथ, जूडिथ, मुझसे बात करो.	अरे, जुडिथ, जुडिथ, बात चिल्लो कर.	0.8731516599655151	0.46723562479019165	0.31526896357536316
Listen to what I have in mind.	मेरे मन में क्या है, सुनो.	मैं आपको जो सुन रहा है, उसे ध्यान से सुनें	0.7278879284858704	0.7352035045623779	0.6900581121444702
All Battle Groups, deploy drones.	सभी लड़ाई समूह, ड्रोन की तैनाती.	बैटल ग्रुप, ड्रोन का डिफ़्स्ड स्ट्रेंड.	0.7304001450538635	0.5187317728996277	0.4634651839733124
Let you choose your new project	आपको नई परियोजना चुनने की छूट देता है	बिल्कुल, इस जानकारी को किसी के नए प्रोजेक्ट के लिए दे सकते ह	0.6886110305786133	0.5632758140563965	0.3970758616924286
Nay! When the earth is pounded to powder,	सुन रखो कि जब ज़मीन कूट कूट कर रेज़ा रेज़ा कर दी जाएगी	अरे! जब पृथ्वी पर पानी का भार कम कर देते हैं,	0.6828743815422058	0.39463114738464355	0.3600994348526001
All information in this memo will be deleted and can not be restored.	इस यथारूप प्रविष्टि की सभी सूचनाएँ मिट दी जाएँगी और फिर सहेजी नहीं जा सकेगी.	यह जानकारी इस मेमो के साथ खत्म होगी और इसका पुनर्स्थापना भी नह हो सकती	0.6934713125228882	0.6343598365783691	0.8097708225250244
Our house is cursed.	हमारा घर शापित है.	हमारा घर पापल है।	0.9140927195549011	0.5321308970451355	0.5553176999092102
/ Yes, I'm Doug.	/ हाँ, मैं हूँ डौग.	डॉग के क्या हैं?	0.6489279866218567	0.4049721658229828	0.24978338181972504
Cyrillic (_KOI8-R)	साइरिलिक (_KOI8-R)	Yes	0.6387773752212524	0.4607078731060028	0.08979035913944244
Those who take disbelievers for Auliya' (protectors or helpers or friends) instead of believers, do they seek honour, power and glory with them? Verily, then to Allah belongs all honour, power and glory.	जो ईमानवालों को छोड़कर इनकार करनेवालों को अपना मित्र बनाते है। क्या उन्हें उनके पास प्रतिष्ठा की तलाश है? प्रतिष्ठा तो सारी की सारी अल्लाह ही के लिए है	जो लोगों को विश्वास दिलाने वाले व्यक्ति के पास होने वाले शानदार प्रभाव से लाभ उठाते तो क्या?	0.7088608741760254	0.3954724967479706	0.3586691617965698
L laid with him that night in the wind, as sure as any mortal man.	मैं किसी भी नश्वर आदमी के रूप में यकीन रूप , हवा में उस रात उसके साथ रखी.	जे सिंह ने रात में बैठकर उस दिन के विंड के बीच पर स्थित हुई थी.	0.6972585320472717	0.3886122703552246	0.386512815952301
translator-credits	राजेश रंजन (rranjan@redhat.com, rajeshkajha@yahoo.com) चंदन कुमार (chandankumar.093047@gmail.com)	इस टिप्पटियों के साथ कुछ नहीं हो सकते	0.5126179456710815	0.2751382291316986	0.06878720223903656
Move ~a onto the queen of clubs.	~a को चिड़ी की बेगम पर घुमाएँ.	बार बीटी में कोई स्थानांतर्क रूप में हो सकता है.	0.7010504603385925	0.39758387207984924	0.4287295341491699
Like he was two different people.	की तरह वह दो अलग अलग लोगों को था.	जैसा है वे दो अलग लोग हैं।	0.8017911911010742	0.7272675633430481	0.8301984667778015
- Men and women.	- पुरुष और महिलाएँ.	- पुरुष और महिलाएँ।	0.9802653193473816	0.9768219590187073	0.9250801801681519
I had to work for mine.	मैं मेरे लिए काम किया था.	मेरी से काम करना पड़ता था।	0.8013942837715149	0.5065596103668213	0.3553718030452728
(After having revealed the Quran to you) in all truth and justice, your Lord's Word has been completed. No one can change His Words. He is All-hearing and All-knowing.	तो तुम (कहीं) शक़ करने वालों से न हो जाना और सच्चाई और इन्साफ में तो तुम्हारे परवरदिगार की बात पूरी हो गई कोई उसकी बातों का बदलने वाला नहीं और वही बड़ा सुनने वाला वाक़िफकार है	(जो) अपने कुरान को सारी सच्चाई और सज़ा के सांसकेत्र में बतातेे)	0.7028856873512268	0.424388587474823	0.27519872784614563
So it won't be strong enough to kill her.	तो यह काफी मजबूत उसे मारने के लिए नहीं होगा।	यह नहीं हो सकता कि यह जानकारी के प्रति साबुत हो सकता है.	0.7510530948638916	0.3761814534664154	0.28718239068984985
Unfortunate people?	दुर्भाग्यपूर्ण लोग?	सहस्रक्षित लोग?	0.8513443470001221	0.7277818918228149	0.6183847188949585
Where is your son Tatsuhei?	आपका पुत्र 'तातसुहेइ' कहाँ है?	Tatsuhei's son?	0.6834051012992859	0.4869697391986847	0.32500696182250977
- Mother, please stop it.	-माँ,अब बस करो	- माँ, पल्ल नहीं कर सकती।	0.8097192049026489	0.4424378573894501	0.3470659852027893
But then he says...	लेकिन तभी वह...	जैसे तो कह रहा...	0.7864751815795898	0.5430371165275574	0.2850012183189392
I'm going away from you.	मैं जा रहा हूँ यहाँ से।	आप से चला रहूँँगे।	0.7304293513298035	0.4975349009037018	0.16367551684379578
Maximum length of the text inside the actor	कर्ता के अंदर पाठ के अधिकतम लंबाई	maximum length of the text inside the actor	0.7172389030456543	0.3768676221370697	0.206263467669487
Should brasero replace symbolic links by their target files in the project. Set to true, brasero will replace symbolic links.	क्या ब्रैसेरो को परियोजना में लक्षित फाइलों के द्वारा सांकेतिक कड़ी से बदला जाना चाहिए. सही पर सेट करें, ब्रैसेरो सांकेतिक कड़ी को बदलेगा.	ब्रसेरो के सिर्क्यल लिंक्स के बीच के कार्यों के लिए तो पूरी तरह से सही होगा	0.7126370668411255	0.46492722630500793	0.4940374791622162
Their meat will not reach Allah, nor will their blood, but what reaches Him is piety from you. Thus have We subjected them to you that you may glorify Allah for that [to] which He has guided you; and give good tidings to the doers of good.	न उनके माँस अल्लाह को पहुँचते है और न उनके रक्त। किन्तु उसे तुम्हारा तक़वा (धर्मपरायणता) पहुँचता है। इस प्रकार उसने उन्हें तुम्हारे लिए वशीभूत किया है, ताकि तुम अल्लाह की बड़ाई बयान करो, इसपर कि उसने तुम्हारा मार्गदर्शन किया और सुकर्मियों को शुभ सूचना दे दो	अरे, यह सुनना है कि Allah ने उन्हें इस बात पर प्रोत लगाया है कि वे लोगों ने Allah की इज़ारद्दी को इस बात पर प्रोत लगाया है कि वे लोगों ने Allah की इज़ारद्दी को इस बात पर प्रोत लगाया है कि वे लोगों ने Allah की इज़ारद्दी को इस बात पर प्रोत लगाया है कि वे लोगों ने Allah की इज़ारद्दी को इस बात पर प्रोत लगाया है कि वे लोगों ने Allah की इज़ारद्दी को इस बात पर प्रोत लगाया है कि वे लोगों ने Allah की इज़ारद्दी को इस बात पर प्रोत लगाया है कि वे लोगों ने Allah की इज़ारद्दी को इस बात पर प्रोत	0.5719042420387268	0.3511422574520111	0.12873314321041107
Then they brought me with them, too.	फिर वे मुझे भी साथ लाते।	दूसरे ने मुझे ले लिया, भी।	0.8300206065177917	0.48706451058387756	0.2528761625289917
I'm still your king.	मैं अभी भी अपने राजा हूँ.	सब कुछ जारी रहेगा।	0.7366957664489746	0.4882190525531769	0.49248528480529785
Example: username	उदाहरण: उपयोक्तानाम	"यहाँ संस्करण दिया गया: 
यूज़न का"	0.6435393691062927	0.4967687427997589	0.5262163877487183
"""Let the crazy world say..."	"""पागल दुनिया हम कहते हैं ..."	बेअनसही विश्व बन...	0.7807486653327942	0.5093770623207092	0.22557570040225983
Target properties	लक्ष्य गुण	जैसी स्थिति	0.714158296585083	0.4490596652030945	0.2605220675468445
We took direct action.	हमनें सीधी कार्यवाही की.	जो कुछ नहीं किया है।	0.6966175436973572	0.3755929470062256	0.3532189726829529
I am sure that we will be very happy here.	मुझे विश्वास है कि हम यहाँ अत्यंत प्रसन्न रहेंगे।	मैं सURE हूँ कि यहाँ हमें बहुत खुशी होगी।	0.7574661374092102	0.8566403388977051	0.5974014401435852
& Delete	मिटाएँ (D)	यहाँ कुछ जानकारी दी जाएगी।	0.6265963912010193	0.5038122534751892	0.4076431691646576
- Any other injuries?	- कोई अन्य चोट?	अन्य घाव?	0.8349162340164185	0.8407770395278931	0.8599024415016174
That you blew a guy.	क्या आप अपने चेहरे को छुआ.	जिस व्यक्ति ने आपको धोखा दिया है, उस व्यक्ति के बारे में नहीं होता कि आप उस व्यक्ति को धोखा दिया है, उस व्यक्ति के बारे में निम्न स्तर पर होता कि आप उस व्यक्ति को धोखा दिया है, उस व्यक्ति के बारे में शरीरूप में होता कि आप उस व्यक्ति को धोखा दिया है, उस व्यक्ति के बारे में संपूर्ण रूप से मेरी स्थिति	0.6301454901695251	0.29995444416999817	0.0714796632528305
"They will all be marshalled before Allah together: then will the weak say to those who were arrogant, ""For us, we but followed you; can ye then avail us to all against the wrath of Allah?"" They will reply, ""If we had received the Guidance of Allah, we should have given it to you: to us it makes no difference (now) whether we rage, or bear (these torments) with patience: for ourselves there is no way of escape."""	और (क़यामत के दिन) लोग सबके सब ख़ुदा के सामने निकल खड़े होगें जो लोग (दुनिया में कमज़ोर थे बड़ी इज्ज़त रखने वालो से (उस वक्त) क़हेंगें कि हम तो बस तुम्हारे क़दम ब क़दम चलने वाले थे तो क्या (आज) तुम ख़ुदा के अज़ाब से कुछ भी हमारे आड़े आ सकते हो वह जवाब देगें काश ख़ुदा हमारी हिदायत करता तो हम भी तुम्हारी हिदायत करते हम ख्वाह बेक़रारी करें ख्वाह सब्र करे (दोनो) हमारे लिए बराबर है (क्योंकि अज़ाब से) हमें तो अब छुटकारा नहीं	"मूल्य:
जो लोगों के कठिन हो जाते हैं, उनसे मैं अपने जीवन के लिए भी कठिन हो जाते हैं, तो मैं उन्हें अपने साथ ध्यान से दूर कर सकती हूँ:"	0.6150500774383545	0.2662499248981476	0.23969142138957977
Luco!	Luco!	लुको!	0.8594792485237122	0.7215213179588318	0.6515974998474121
Qaf. [These letters (Qaf, etc.) are one of the miracles of the Quran, and none but Allah (Alone) knows their meanings]. By the Glorious Quran.	क़ाफ़ क़ुरान मजीद की क़सम (मोहम्मद पैग़म्बर हैं)	यह (Qaf, etc.) एक रचना (of the Quran) है जो किसी भी ज्ञान के स्थान के बाहर है). न ही किस्मat (of the Quran) के रचना (of the Quran) के किसी भी स्थान बाहर है।	0.6124963164329529	0.3544915020465851	0.19998164474964142
Berlin, 23 April, 1945.	बर्लिन, 23 अप्रैल,	जर्मन, 23 अप्रैल, 1945.	0.8036611080169678	0.7283737063407898	0.64743572473526
for each We struck similitudes, and each We ruined utterly.	और हमने हर एक से मिसालें बयान कर दी थीं और (खूब समझाया) मगर न माना	"जैसा है वैस से नहीं
हमने सामान्य बनाकर भी कुछ हद्द भी हो कर पाया"	0.6573691964149475	0.3731492757797241	0.2084895223379135
Get a hint for your next move	अगली चाल हेतु संकेत प्राप्त करें	जिस किसी भी कार्य के लिए एक संकेत या सुझाव देने के लिए कोई भी कार्य करने के लिए एक संकेत या सुझाव देने के लिए कोई भी कार्य करने के लिए संकेत या सुझाव देने के लिए कोई भी कार्य करने के लिए संकेत या सुझाव देने के लिए कोई भी कार्य करने के लिए संकेत या सुझाव देने के लिए कोई भी कार्य करने के लिए संकेत या सुझाव देने के लिए कोई भी कार्य करने के लिए संकेत या सुझाव देने के लिए कोई भी कार्य करने के लिए संकेत या सुझाव देने के लिए कोई भी कार्य करने के लिए संकेत या सुझाव देने के लिए क	0.5514467358589172	0.3062807619571686	0.023651815950870514
SO I'LL TELL YOU WHAT WE'RE GONNA DO:	तो मैं तुम्हें हम क्या करने वाले हैं बता दूँगा:	हम तुम्हें बताने दूँगे कि हम वो क्या कर रहे हैं:	0.8286421298980713	0.8842037916183472	0.8213891386985779
Mr. Chow.	श्री चाउ.	कहो.	0.7261388897895813	0.5146145224571228	0.3487075865268707
And mention in the Book (the Quran) Isma'il (Ishmael). Verily! He was true to what he promised, and he was a Messenger, (and) a Prophet.	(ऐ रसूल) कुरान में इसमाईल का (भी) तज़किरा करो इसमें शक नहीं कि वह वायदे के सच्चे थे और भेजे हुए पैग़म्बर थे	"माफ़ किया गया:
इसे किसी तरह से गलत नहीं कहा किया है।"	0.6486613154411316	0.3263457715511322	0.25631460547447205
Terminal 2D	टर्मिनल 2डी	कम्प्लाई 2D	0.7481400966644287	0.5324867367744446	0.3967990577220917
Ignore _top level tags	शीर्ष स्तर टैग अनदेखा करें (_t)	अन्य जानकारी से बदला नहीं	0.6641391515731812	0.3557611107826233	0.3762093782424927
General's Patience	जनरल का पेशेंस	जस्मस पात्री	0.7729354500770569	0.4181388318538666	0.27904433012008667
What is your GroupWise password?	आपका GroupWise कूटशब्द क्या है?	यरस्म्या ग्रुप विज पर्स वॉल्ड?	0.6560987234115601	0.42681020498275757	0.2567811906337738
He said: Rejectest thou my gods, O Abraham? If thou cease not, I shall surely stone thee. Depart from me a long while!	"उसने कहा, ""ऐ इबराहीम! क्या तू मेरे उपास्यों से फिर गया है? यदि तू बाज़ न आया तो मैं तुझपर पथराव कर दूँगा। तू अलग हो जा मुझसे मुद्दत के लिए!"""	"अरबी बुलाये हैं तो क्या तुम्हें मेरे धार्मिक साहित्य के बारें नहीं होय?
I said: Rejectest thou my religion, O Abraham? If thou cease not, I shall surely stone thee. Depart from me a long while!"	0.6470685005187988	0.23056703805923462	0.16493414342403412
What, you want some help finding him?	क्या, तुम कुछ उसे ढूंढने में सहायता करना चाहते हैं?	जो कुछ हुआ, उसे किसी की मदद में?	0.7051870226860046	0.41180363297462463	0.369390070438385
_Trigger insert	ट्रिगर घुसाएँ	प्रेरणा के सेल	0.7256637811660767	0.38931673765182495	0.6282126903533936
'Now you have come to Us one by one, as We created you upon the first time, and you have left what We conferred on you behind your backs. We do not see with you your intercessors, those you asserted to be associates in you; the bond between you is now broken; that which you ever asserted has now gone astray from you.	और आख़िर तुम हमारे पास इसी तरह तन्हा आए (ना) जिस तरह हमने तुम को पहली बार पैदा किया था और जो (माल व औलाद) हमने तुमको दिया था वह सब अपने पस्त पुश्त (पीछे) छोड़ आए और तुम्हारे साथ तुम्हारे उन सिफारिश करने वालों को भी नहीं देखते जिन को तुम ख्याल करते थे कि वह तुम्हारी (परवरिश वगैरह) मै (हमारे) साझेदार है अब तो तुम्हारे बाहरी ताल्लुक़ात मनक़तआ (ख़त्म) हो गए और जो कुछ ख्याल करते थे वह सब तुम से ग़ायब हो गए	जिस कोई आप एक एक है, पहली बार एक पहले है, और पहली बार के पहले होते हैं भारतीय	0.6138671040534973	0.22334638237953186	0.11678865551948547
_About	के बारे में (_A)	पहचान	0.6893930435180664	0.5217700600624084	0.5232694745063782
Like those before you; they were stronger than you in power and more abundant in wealth and children, so they enjoyed their portion; thus have you enjoyed your portion as those before you enjoyed their portion; and you entered into vain discourses like the vain discourses in which entered those before you. These are they whose works are null in this world and the hereafter, and these are they who are the losers.	(मुनाफिक़ो तुम्हारी तो) उनकी मसल है जो तुमसे पहले थे वह लोग तुमसे कूवत में (भी) ज्यादा थे और औलाद में (भी) कही बढ़ कर तो वह अपने हिस्से से भी फ़ायदा उठा हो चुके तो जिस तरह तुम से पहले लोग अपने हिस्से से फायदा उठा चुके हैं इसी तरह तुम ने अपने हिस्से से फायदा उठा लिया और जिस तरह वह बातिल में घुसे रहे उसी तरह तुम भी घुसे रहे ये वह लोग हैं जिन का सब किया धरा दुनिया और आख़िरत (दोनों) में अकारत हुआ और यही लोग घाटे में हैं	Yes, you entered this world and the hereafter, with your own two feet.	0.5700851082801819	0.18318669497966766	0.13688324391841888
Fwd:	अग्रेषित	वारा:	0.7210472226142883	0.566085934638977	0.30610013008117676
We were trying to go to the People's Assembly.	हम पीपुल्स असेंबली में जाने की कोशिश कर रहे थे.	हमें पूर्णजाति के संसद के आगमन के प्रति कदम का प्रयोग करना था।	0.7284005880355835	0.4836760461330414	0.5167954564094543
"Hashing ""%s"""	"हैशिंग ""%s"""	शैहिं प्रति स्ट्रिंग	0.7139004468917847	0.5329174399375916	0.5564408302307129
YOU'VE GOT ALIBIS FOR THE OTHER TWO, HAVE YOU?	तुम तुम, अन्य दो के लिए alibis , है ना?	जी हुआ ये दूसरे दो लिए अलाइबी हुए?	0.7337830662727356	0.4198703169822693	0.22611218690872192
If you were mine, you wouldn't have to work.	आप मेरे थे हैं, तो आप काम करने के लिए नहीं होता.	अगर तुम मेरी होतीं, तो तुम्हारा भी नहीं थावकाबी थी.	0.7406796216964722	0.4297398626804352	0.2346651554107666
I am tensed thinking about your life.	मैं अपने जीवन के बारे में सोच परेशान कर रहा हूँ।	मैं थोड़ी दौरें भी लग सकती हूँ।	0.7768962979316711	0.30220964550971985	0.2640051245689392
My wallet and phone are in the flight.	मेरा फोन और पर्स फ्लाइट में रह गए हैं .	प्लाई और फोन में यात्रा के समय में अपने पास से वallet और फोन ले आए हैं।	0.7732653021812439	0.41651904582977295	0.3632085919380188
& Printing	छपाई (P)	प्रिंटिंग	0.6702866554260254	0.5783191323280334	0.8839852809906006
Trace Blend Strings	मिश्रण लडियाँ का पता लगायें	जिस प्रकार से होता है, उसे जिस प्रकार से होता है, उसे जिस प्रकार से होता है, उसे जिस प्रकार से होता है, उसे जिस प्रकार से होता है, उसे जिस प्रकार से होता है, उसे जिस प्रकार से होता है, उसे जिस प्रकार से होता है, उसे जिस प्रकार से होता है, उसे जिस प्रकार से होता है, उसे जिस प्रकार से होता है, उसे जिस प्रकार से होता है, उसे जिस प्रकार से होता है, उसे जिस प्रकार से होता है, उसे जिस प्रकार से होता है, उसे जिस प्रकार से होता है, उसे जिस प्रकार से होता है, उसे जिस प्रकार से होता है, उसे जिस प्रक	0.5192682147026062	0.2600783705711365	0.031996116042137146
Such communities that have been connecting villages through the use of blogs also practice the same cultural practices they used to have in Guatemala, for example the Q´anjob´al Association even has their own queen, and indigenous ceremonies, as San Pedro Soloma Blog shows:	विदेश में रह रहे चिट्ठाकारों के लिये अपने गाँव की यादें ताज़ा करना तो जरूरी है हीः रात में मैंने सारे संदेशे और कवितायें पढ़ीं जो प्यारे क्युकुनसेस कुलिको के रहवासी ने लिखे और मुझे लगा ज्यों मैं उस छोटे से गाँव में पहुँच गया हूँ जहाँ हमारी जवानी बीती, जहाँ हम शनिवार को पार्टियाँ मनाया करते।	मदद, छलटा, और किसी जानकारी को बदलने वाले व्यक्ति के बीच की सांस्कृतिक प्रथाएँ, वे अपनी शास्त्रों के अनुसारी प्रकृति को रोकते हुए दिखाते हैं।	0.6365698575973511	0.3125056028366089	0.3104865550994873
'Surely over My servants thou shalt have no authority.' Thy Lord suffices as a guardian.	बेशक जो मेरे (ख़ास) बन्दें हैं उन पर तेरा ज़ोर नहीं चल (सकता) और कारसाज़ी में तेरा परवरदिगार काफी है	सब कुछ सही सaying है।	0.6638193726539612	0.30252084136009216	0.19883771240711212
- Yeah, you're totally right. I'm sorry.	वेगास, बेबी.	जी हाँ, आप सही कह रहे हैं। मैंहत्मस में बदलने के रूप में यह स्पषह रहे होते हैं।	0.5959784388542175	0.431942880153656	0.23258428275585175
Iletyou.	मैं तुम्हें जाने।	I hope.	0.6794691681861877	0.427575021982193	0.4685118794441223
Say: Tell me what Allah has sent down for you of sustenance, then you make (a part) of it unlawful and (a part) lawful. Say: Has Allah commanded you, or do you forge a lie against Allah?	और जो कुछ वह जमा कर रहे हैं उससे कहीं बेहतर है (ऐ रसूल) तुम कह दो कि तुम्हारा क्या ख्याल है कि ख़ुदा ने तुम पर रोज़ी नाज़िल की तो अब उसमें से बाज़ को हराम बाज़ को हलाल बनाने लगे (ऐ रसूल) तुम कह दो कि क्या ख़ुदा ने तुम्हें इजाज़त दी है या तुम ख़ुदा पर बोहतान बाँधते हो	अरे, यह कह कर सकती हूँ कि अल्लाह ने आपको इस जीवन के बारे में सुनाया है या नहीं, और उस सुनाई के बाद आपको यह कह कर दिया जा सकता है कि अल्लाह ने आपको इस मार्ग में संकट का भाव नहीं दिया है, ना ही इस जीवन के बारे में ज्यातिरामा का भाव नहीं दिया है।	0.6311843395233154	0.45091190934181213	0.34556472301483154
Hidden file	छुपी फ़ाइल	जाने या साझे करने के लिए	0.6587954759597778	0.39907339215278625	0.14283867180347443
Unable to open URI	URI खोलने में असमर्थ	प्राप्त करने के लिए URI नहीं हो सकता	0.7908940315246582	0.5140790939331055	0.6826243996620178
HANNAH: Well, get on. SEAN:	CHlRPlNG]	"अर्थात्:
हेना: वे, के लिए जाता है।"	0.5821070671081543	0.31575119495391846	0.38272565603256226
FILENAME()	FILENAME ()	यह जानकारी सहित प्रदान की गई सूचना सुनने वाले नहीं होगा	0.60542231798172	0.34401455521583557	0.21012496948242188
_Fetch All Headers	पूरा शीर्षक लाएँ (_F)	मूल्याँे प्राप्त करें	0.644257664680481	0.3950674533843994	0.2955377697944641
Telephone	टेलिफोन	टेलीफोन	0.8997400999069214	0.9603922963142395	0.9257662296295166
That's nine for the twins!	यह हो गए जुड़वों के नौ...	सब कुछ सात!	0.6976093053817749	0.5877825617790222	0.5832051038742065
You can say you won I'll say you taught me a lesson...	... मैं आप मुझे एक सबक सिखाया कहेंगे... नहीं, कायर!	जैसा कि आप कहेंगे... जैसा कि मैं कहूँगा...	0.7301990985870361	0.44741836190223694	0.48701298236846924
- Did you brush your own teeth?	- तुमने अपने दाँत साफ़ किए?	जी हाँ,brush your own teeth.	0.6368995904922485	0.42931145429611206	0.1709595024585724
And I'm Aunt Tanja.	और मैं चाची Tanja हूँ.	और मैं अंटानाजा हूँ।	0.8548270463943481	0.6730911731719971	0.5533514022827148
Pass:	पास:	Yes:	0.795032799243927	0.7939839959144592	0.5777661204338074
Did you see him who turned away,	भला (ऐ रसूल) तुमने उस शख़्श को भी देखा जिसने रदगिरदानी की	जिसने भागा तो क्या हुआ यजूर	0.6959816217422485	0.4318820536136627	0.2370646446943283
He was angry, saying that I did not understand.	वह नाराज हो गया था कह रहा था कि मैं समझ नहीं पाया.	अस्मित के रूप में कहते हैं, यह कहते हैं कि वे रूढ़ियोग्य हैं।	0.7015064358711243	0.30834105610847473	0.1162407249212265
What did he do with it?	उसने इसके साथ क्या किया?	जिसे किसी के साथ क्या काम किया?	0.8336353898048401	0.49978139996528625	0.4469010829925537
You're like Google, sir.	आप गूगल, सर की तरह हो।	जी हाँ, सर!	0.7295264601707458	0.5944443345069885	0.5171653032302856
You cannot get married until then.	आप तब तक शादी नहीं कर सकता।	"तब तक आपका विवाह नहीं हो सकता तक निम्न हो सकता:
1. विवाह के बारे में नहीं हो सकता:
1. विवाह के बारे में नहीं हो सकता:
1. विवाह के बारे में नहीं हो सकता:
1. विवाह के बारे में नहीं हो सकता:
1. विवाह के बारे में नहीं हो सकता:
1. विवाह के बारे में नहीं हो सकता:
1. विवाह के बारे में नहीं हो सकता:
1. विवाह के बारे में नहीं हो सकता:
1. विवाह के बारे में नहीं हो सकता:
1. विवाह के बारे में नहीं हो सकता:
1. विवाह के बारे में नहीं हो सकता:
1. विवाह के बारे में नहीं हो सकता:
1. विवाह"	0.6007750034332275	0.316621869802475	0.05264978110790253
You don't think about what you'd rather be doing?	तुम न कर रही हो क्या तुम था के बारे में नहीं सोचते हैं?	आपको ऐसे विचारों के बारे में नहीं सोच सकते कि वे उनके लिए बेहतर होते?	0.7494444251060486	0.5201695561408997	0.5096758008003235
"""Yes, I did it! I confess!"	"""हाँ, मैंने यह किया था, मैं कबूल करता हूं!"	जी हाँ, मैंने उसे! मैंने मैंने मैंने सिक्का दिया!	0.7873443961143494	0.3769257068634033	0.38048475980758667
"You say: ""Yes; and you will be lowly made."""	(ऐ रसूल) तुम कह दो कि हाँ (ज़रूर उठाए जाओगे)	"जी हुआ है: ""Yes; and you will be lowly made."""	0.5859317779541016	0.23564718663692474	0.1103142648935318
If you take retribution, then do so in proportion to the wrong done to you. But if you can bear such conduct with patience, indeed that is best for the steadfast.	और हिदायत याफ़ता लोगों से भी खूब वाक़िफ है और अगर (मुख़ालिफीन के साथ) सख्ती करो भी तो वैसी ही सख्ती करो जैसे सख्ती उन लोगों ने तुम पर की थी और अगर तुम सब्र करो तो सब्र करने वालों के वास्ते बेहतर हैं	अगर आप दंड लगाते तो ऐसा भी होता कि ज्यारी की जाती हो जे उस ज्यारी का सामना करने के लिए तैयार होते हैं।	0.6744326949119568	0.3764975666999817	0.44707417488098145
And in the earth are regions neighbouring and gardens of vines and cornfields, and palm-trees clustered and single, watered by the same water; yet some We make to excel others in food. Verily therein are signs for a people who reflect.	और खुरमों (खजूर) के दरख्त की एक जड़ और दो याखें और बाज़ अकेला (एक ही याख़ का) हालॉकि सब एक ही पानी से सीचे जाते हैं और फलों में बाज़ को बाज़ पर हम तरजीह देते हैं बेशक जो लोग अक़ल वाले हैं उनके लिए इसमें (कुदरत खुदा की) बहुतेरी निशानियाँ हैं	जिस राज्य के लोग किसी अन्य के खाने में बेहतरीन करते हैं, वे सभी चीजों के लिए सुन्दरत हैं।	0.6808673739433289	0.3102254569530487	0.29073894023895264
"""I am pleased that member states have agreed to launch and take ownership of a process to establish universal sustainable development goals - SDGs,"" he said."	"उन्होंने कहा कि ""मुझे बहुत प्रसन्नता है कि सदस्य देश सार्वभौमिक संवहनीय विकास लक्ष्य स्थापित करने हेतु प्रक्रिया आरंभ करने तथा उसका स्वामित्व लेने के लिए सहमत हो गए हैं।"""	“मैं पूरी तरह से खुश हूँ कि संयुक्त राज्यातील सदस्य राज्यों ने सहयोग किया और संसाधनों ने ownership का संक्षिप में संयुक्त राज्य को स्वीकृत संक्षिप में संसाधनों ने स्वीकृत संक्षिप में संयुक्त राज्य को स्वीकृत संक्षिप में संसाधनों ने स्वीकृत संक्षिप में संयुक्त राज्य को स्वीकृत संक्षिप में संसाधनों ने स्वीकृत संक्षिप में संयुक्त राज्य को स्वीकृत संक्षिप में संसाधनों ने स्वीकृत संक्षिप में संयुक्त राज्य को स्वीकृत संक्षिप में संसाधनों ने स्वीकृत संक्षिप में संयुक्त राज्य को स्वीकृत संक्षिप में संसाधनों ने स्व	0.5937899947166443	0.29522353410720825	0.05731005594134331
THE ONLY REASON-- LOOK AT ME.	एक ही कारण है - मुझ पर देखो.	जो एकमात्र रaison है वह मुझे भी।	0.7369992136955261	0.3692340850830078	0.18474352359771729
All right, don't be a dick, Richie.	ठीक है, बेवकूफ मत बनो, रिची.	राइट, द नहीं बे एक डिक, रिची बटन गट।	0.7603068947792053	0.2672615945339203	0.16681577265262604
And hold fast to the rope of Allah, all of you together, and do not be divided; and remember Allah’s favour on you, that when there was enmity between you, He created affection between your hearts, so due to His grace you became like brothers to each other; and you were on the edge of a pit of fire (hell), so He saved you from it; this is how Allah explains His verses to you, so that you may be guided.	और तुम सब के सब (मिलकर) ख़ुदा की रस्सी मज़बूती से थामे रहो और आपस में (एक दूसरे) के फूट न डालो और अपने हाल (ज़ार) पर ख़ुदा के एहसान को तो याद करो जब तुम आपस में (एक दूसरे के) दुश्मन थे तो ख़ुदा ने तुम्हारे दिलों में (एक दूसरे की) उलफ़त पैदा कर दी तो तुम उसके फ़ज़ल से आपस में भाई भाई हो गए और तुम गोया सुलगती हुईआग की भट्टी (दोज़ख) के लब पर (खडे) थे गिरना ही चाहते थे कि ख़ुदा ने तुमको उससे बचा लिया तो ख़ुदा अपने एहकाम यूं वाजेए करके बयान करता है ताकि तुम राहे रास्त पर आ जाओ	"सर्वर के रूप में Allah का कहा है:

अपने आप ही उन संसाधनों का प्रयोग करके आप ही स्वरूप में सर्वर का प्रयोग करके ही सर्वर का प्रयोग होता है।"	0.6219114065170288	0.266433447599411	0.19856323301792145
What line of kings do you descend from?	तुम राजाओं की किस खानदान से आते हो?	What line of kings do you descend from?	0.6474859714508057	0.5120102763175964	0.24303750693798065
Then He created him and (caused the angel to) breathe into him his (created) spirit. He gave you eyes and ears, and hearts, yet little do you thank.	फिर उस (के पुतले) को दुरुस्त किया और उसमें अपनी तरफ से रुह फूँकी और तुम लोगों के (सुनने के) लिए कान और (देखने के लिए) ऑंखें और (समझने के लिए) दिल बनाएँ (इस पर भी) तुम लोग बहुत कम शुक्र करते हो	जिस्म में पड़ He created him and (caused the angel to) breathe into him his (created) spirit.	0.6146254539489746	0.2014620304107666	0.09041702747344971
- Is Axe a great guy?	- कुल्हाड़ी एक महान आदमी है?	No, Axe is not a great guy.	0.7067446708679199	0.34037086367607117	0.20047932863235474
We must pay the tax.	हमें टैक्स भरना पड़ेगा।	कल हम कर चुके हैं।	0.758538544178009	0.38207751512527466	0.2941533327102661
Options include upgraded brakes, a service package providing access to Bowler Works mechanics, logistic support, and vehicle storage between events.	इसके विकल्पों में शामिल हैं - अपग्रेड किए गए ब्रेक, सर्विस पैकेज जो बॉलर वर्क्स मैकेनिक्स, लॉजिस्टिक सहायता, तथा ईवेंट के बीच वाहन संग्रह तक पहुंच प्रदान करता है।	बचाव में ब्रेक्स को अपग्रेड की देखराने और बॉवलर वर्क के प्रतिष्ठापन के लाभ और संकेत हैं।	0.7304113507270813	0.4023730456829071	0.44547152519226074
Your emails	raviratlami@ aol. in	आपके ईमेल	0.5827445387840271	0.4576343595981598	0.7083840370178223
Warp	रैप	वारपूर्ण होता	0.7541103959083557	0.4496676027774811	0.4186956286430359
Because the moon's moving in the opposite direction to us, we get a gravitational break in...	क्योंकि में हमारे िलए विपरीत दिशा, चाँद की चलती हम अंदर एक गुरुत्वाकर्षण ब्रेक मिलता है ..	क्योंकि चाँद की गति से हमें ज्यातिग्रा पर कुछ नहीं होता क्योंकि	0.7121148705482483	0.43626725673675537	0.3166263997554779
"""If you do good, you will do so for your own good; if you do ill, you will do it for your own loss."" So, when the time of the second prediction comes, (We shall rouse another people) to shame you, and enter the Temple as they had done the first time, and to destroy what they conquered utterly."	अगर तुम अच्छे काम करोगे तो अपने फायदे के लिए अच्छे काम करोगे और अगर तुम बुरे काम करोगे तो (भी) अपने ही लिए फिर जब दूसरे वक्त क़ा वायदा आ पहुँचा तो (हमने तैतूस रोगी को तुम पर मुसल्लत किया) ताकि वह लोग (मारते मारते) तुम्हारे चेहरे बिगाड़ दें (कि पहचाने न जाओ) और जिस तरह पहली दफा मस्जिद बैतुल मुक़द्दस में घुस गये थे उसी तरह फिर घुस पड़ें और जिस चीज़ पर क़ाबू पाए खूब अच्छी तरह बरबाद कर दी	जैसा कि पहले के लोगों ने पहली बार कहा था और फिर दूसरे लोगों ने दूसरी बार कहा था।	0.6172544360160828	0.30845755338668823	0.364294171333313
Obviously well educated and extremely well financed.	जाहिर है अच्छी तरह से शिक्षित और बहुत अच्छी तरह से वित्त पोषण किया.	ज्या ज्या ? ज्या ज्या ?	0.6140891909599304	0.2711001932621002	0.042889419943094254
Build but do not install the target.	बिल्ड नहीं अधिष्ठापित करें लक्ष्य.	जिसे स्थापित नहीं किया जा सकता उसे नहीं किया ज सकता डरहटाते हैं।	0.6984714269638062	0.3679344356060028	0.1700846403837204
Like you would be homeless, if I died.	जैसे कि तुम बेघर हो जाओगे, अगर मैं मर गया.	जैसा कि तू होमेल, if मी दिया तू होमेल होगा.	0.7177800536155701	0.25974032282829285	0.16410937905311584
Just a call to let you know we've fixed a date for your case hearing.	आपको यह बताने के लिए फ़ोन किया है कि... हमने आपके केस की हीयरिंग के लिए तारीख तय कर दी है.	केवल जानकारी देने के लिए कॉल का संकेत है। हमारी कोई डेटे नहीं है।	0.6936656832695007	0.49271538853645325	0.47413796186447144
When will you drink it? The foreman says you have to work tonight!	प्रबंधक का कहना है कि आप को काम करना है.	जैसे पीने योग्यति रखता है? फ्रॉमैन बताता है कि रात में कैसे काम करना है?	0.7518578171730042	0.4254727363586426	0.26612696051597595
Simulation of data DVD copying	आँकड़ा डीवीडी की नक़ल में सिमुलेशन	मूल जानकारी की सिमुलेशन डेटा डाइरेक्शन वीडब्लक	0.7345600128173828	0.5552552342414856	0.6504474878311157
( Laughter )	(हंसी)	यहाँ कुछ नहीं हो सकतé	0.6748257875442505	0.41916319727897644	0.15859951078891754
They ask thee, (O Muhammad), of new moons, say: They are fixed seasons for mankind and for the pilgrimage. It is not righteousness that ye go to houses by the backs thereof (as do the idolaters at certain seasons), but the righteous man is he who wardeth off (evil). So go to houses by the gates thereof, and observe your duty to Allah, that ye may be successful.	"वे तुमसे (प्रतिष्ठित) महीनों के विषय में पूछते है। कहो, ""वे तो लोगों के लिए और हज के लिए नियत है। और यह कोई ख़ूबी और नेकी नहीं हैं कि तुम घरों में उनके पीछे से आओ, बल्कि नेकी तो उसकी है जो (अल्लाह का) डर रखे। तुम घरों में उनके दरवाड़ों से आओ और अल्लाह से डरते रहो, ताकि तुम्हें सफलता प्राप्त हो"	कृपयोग्यता: इस प्रकाशित जानकारी को सही मान्य मान सकते हैं।	0.6025240421295166	0.28893721103668213	0.12720489501953125
His daughter, Oei, of course.	अपनी बेटी से, बेशक ओएइ,.	किसी का पुत्र, पूर्णः!	0.6924143433570862	0.391167014837265	0.3484809994697571
"But when the unbelievers see you they make fun of you (and say): ""Is this the one who mentions your gods (deridingly)?"" Yet in Ar-Rahman they disbelieve!"	और (ऐ रसूल) जब तुम्हें कुफ्फ़ार देखते हैं तो बस तुमसे मसखरापन करते हैं कि क्या यही हज़रत हैं जो तुम्हारे माबूदों को (बुरी तरह) याद करते हैं हालाँकि ये लोग खुद खुदा की याद से इन्कार करते हैं (तो इनकी बेवकूफ़ी पर हँसना चाहिए)	जो लोग आपके विश्वासों के प्रति होते हैं, वे आपके gods (द्वैत) के प्रति होते हैं।	0.6457638144493103	0.2709861993789673	0.3212636411190033
Turn on the radio.	रेडियो पर मुड़ें.	रेडियो को ऑन कर दें।	0.8351377844810486	0.7000544667243958	0.891799807548523
"Hast thou not Turned thy vision to the Chiefs of the Children of Israel after (the time of) Moses? they said to a prophet (That was) among them: ""Appoint for us a king, that we May fight in the cause of Allah."" He said: ""Is it not possible, if ye were commanded to fight, that that ye will not fight?"" They said: ""How could we refuse to fight in the cause of Allah, seeing that we were turned out of our homes and our families?"" but when they were commanded to fight, they turned back, except a small band among them. But Allah Has full knowledge of those who do wrong."	(ऐ रसूल) क्या तुमने मूसा के बाद बनी इसराइल के सरदारों की हालत पर नज़र नही की जब उन्होंने अपने नबी (शमूयेल) से कहा कि हमारे वास्ते एक बादशाह मुक़र्रर कीजिए ताकि हम राहे ख़ुदा में जिहाद करें (पैग़म्बर ने) फ़रमाया कहीं ऐसा तो न हो कि जब तुम पर जिहाद वाजिब किया जाए तो तुम न लड़ो कहने लगे जब हम अपने घरों और अपने बाल बच्चों से निकाले जा चुके तो फिर हमे कौन सा उज़्र बाक़ी है कि हम ख़ुदा की राह में जिहाद न करें फिर जब उन पर जिहाद वाजिब किया गया तो उनमें से चन्द आदमियों के सिवा सब के सब ने लड़ने से मुँह फेरा और ख़ुदा तो ज़ालिमों को खूब जानता है	जैसा कि मoses के समय में कहा गया था और आज भी उसी तरह के लोगों के बीच में होता है.	0.6065945029258728	0.2550105154514313	0.26862266659736633
We can't lose him! My God!	आप वास्तव में, बच्चों के रूप में उन्हें देख नहीं है न?	अरे, हम नहीं भेंट ले सकते! मेरी गोद में!	0.6771985292434692	0.3806464672088623	0.23696184158325195
Take Newer (last modified)	Sync Conflict Resolution	अन्य	0.6647487282752991	0.4221497178077698	0.5268726348876953
Delete the selected history link	चयनित इतिहास लिंक को मिटाएँ	अन्य जानकारी नहीं डाल सकती	0.6864537000656128	0.47091320157051086	0.23180553317070007
Select all text	सारा पाठ चुनें	बिलकुल चिहट करें	0.7669064402580261	0.4470529854297638	0.267987996339798
Exporting key...	कुंजी निर्यात किया जा रहा है...	जानकारी का इंतजार है...	0.7751642465591431	0.6014541387557983	0.6007761359214783
I... ask You, God...	आई. .. मैं तुमको प्रार्थना करना, मेरे भगवान...	जी... पूछता हूँ, आप जी... पूछता हूँ, ईश्वर्य...	0.7297782301902771	0.46768295764923096	0.2999842166900635
East hallway, clear.	पूर्वदालान,स्पष्ट/मैं	गो-की-डब्लक्स स्ट्रीट, स्पष्ट।	0.6789365410804749	0.4701283276081085	0.6264159083366394
c++-analyzer:	c++-analyzer:	अन्य जानकारी या जोड़ने के तौर पर कोई स्पष्ट जानकारी या जानकारी देने के तौर में कोई भिन्न जानकारीय हो सकते हैं।	0.6077125668525696	0.22444011270999908	0.03538832813501358
Lo! He, only He, is the Hearer, the Knower.	करने वालों (की जमाअत) में तुम्हारा फिरना (उठना बैठना सजदा रुकूउ वगैरह सब) देखता है	हिलो! हो! सिर, सिरी! सिर हे! सिर का ह्यार, सिर का ह्यार हे! सिर हे!	0.5914648771286011	0.2531987130641937	0.08237522840499878
Threads started by %1	लड़ियाँ डिफ़ॉल्ट पर खुला रखें( p)	"मार्केटिंग से शुरू किया गया %
नेटवर्क से शुरू किया गया"	0.6932701468467712	0.3389342427253723	0.2546271085739136
"Say, ""Perhaps some of the things which you wish to experience immediately are very close to you."""	(ऐ रसूल) तुम कह दो कि जिस (अज़ाब) की तुम लोग जल्दी मचा रहे हो क्या अजब है इसमे से कुछ करीब आ गया हो	"अरे, ""क्या हो सकती ये तो कुछ तो हो सकती हैं जो तुम चाहती हो तो तो हो सकती हैं।"""	0.656703770160675	0.381173312664032	0.19270208477973938
For the third quarter ended September 30, Bombardier's net profit fell to $147 million, or 8 cents per share, from $172 million, or 9 cents per share a year earlier.	30 सितंबर को समाप्त तीसरी तिमाही के लिए, Bombardier के शुद्ध लाभ एक साल पहले $ $147मिलियन, या प्रति शेयर 8 सेंट, $172मिलियन, या प्रति शेयर 9 सेंट तक गिर गया.	तीसरी क्वार्टर के अंत से सेप्टेमीटर के नेट प्रिटी के से क्या नहीं हो सकते है	0.6304593682289124	0.3158930242061615	0.21467800438404083
Can we be traced?	हम पता लगाया जा सकता है?	नहीं किये जा सकते हैं।	0.707207977771759	0.4857311546802521	0.23578007519245148
You know that movie I was telling you about? It's playing over at the campus cinema.	मैंने एक फिल्म के बारे में सुना है जो...	आप जानते हैं कि मैंने आपको बताया था? यह फिर से परतीर्ण होता है और उस समय पर किसी भी जानकारी को बदल देते नहीं।	0.6833539605140686	0.36583730578422546	0.23612187802791595
- I am available.	- मैं disponÃ में सक्षम हूँ.	- मैं उपलब्ध हूँ।	0.8096209168434143	0.8623731732368469	0.9246766567230225
It's a present from Raju	यह राजू ने दिया है.	राजू का यह पुरस्कार लोगों को राज्य के प्रति प्रति के प्रति प्रति के प्रति प्रति के प्रति प्रति के प्रति प्रति के प्रति प्रति के प्रति प्रति के प्रति प्रति के प्रति प्रति के प्रति प्रति के प्रति प्रति के प्रति प्रति के प्रति प्रति के प्रति प्रति के प्रति प्रति के प्रति प्रति के प्रति प्रति के प्रति प्रति के प्रति प्रति के प्रति प्रति के प्रति प्रति के प्रति प्रति के प्रति प्रति के प्रति प्रति के प्रति प्रति के प्रति प्रति के प्रति प्रति के प्रति प्रति के प्रति प्रति के प्रति प	0.5808772444725037	0.21773630380630493	0.0905536562204361
_Enable	जावा सक्षम करें	बाध्यक्षता	0.7072054743766785	0.4570843279361725	0.30682477355003357
Samarinda	शमनगनslovakia. kgm	यह साँप्रदीया	0.6237791776657104	0.49840179085731506	0.14734895527362823
It is He who sends down upon His Servant [Muhammad] verses of clear evidence that He may bring you out from darknesses into the light. And indeed, Allah is to you Kind and Merciful.	वही तो है जो अपने बन्दे (मोहम्मद) पर वाज़ेए व रौशन आयतें नाज़िल करता है ताकि तुम लोगों को (कुफ़्र की) तारिक़ीयों से निकाल कर (ईमान की) रौशनी में ले जाए और बेशक ख़ुदा तुम पर बड़ा मेहरबान और निहायत रहम वाला है	जिसे है वह संदेश मुहम्मत पात्र है।	0.665302038192749	0.3163190186023712	0.08353590965270996
Such of you as die and leave behind them wives, they (the wives) shall wait, keeping themselves apart, four months and ten days. And when they reach the term (prescribed for them) then there is no sin for you in aught that they may do with themselves in decency. Allah is informed of what ye do.	और तुममें से जो लोग मर जाएँ और अपने पीछे पत्नियों छोड़ जाएँ, तो वे पत्नियों अपने-आपको चार महीने और दस दिन तक रोके रखें। फिर जब वे अपनी निर्धारित अवधि (इद्दत) को पहुँच जाएँ, तो सामान्य नियम के अनुसार वे अपने लिए जो कुछ करें, उसमें तुमपर कोई गुनाह नहीं। जो कुछ तुम करते हो, अल्लाह उसकी ख़बर रखता है	जिस्म के लिखने वाले लोग ऐसे हैं कि उनके पत्र, वे दोहरे रखेंगे और ऐसा 4 महीने और 10 दिनों तक हो सकता है।	0.6965610980987549	0.2827256917953491	0.32005780935287476
This is the ID of the account holding the IMAP resource folders.	यह आईमैप रिसोर्स फ़ोल्डर रखे हुए खाते का आईडी है.	यह आईएमएप संसाधन फ़ोर्स टेबल है के ID है।	0.783053457736969	0.642373263835907	0.3159140944480896
It's Lise's car.	यह लिसे की कार है.	इसका Lise की सीट है।	0.7887157201766968	0.5077641010284424	0.5354106426239014
You have not heard or seen anything	आपने सुना या कुछ भी नहीं देखा है	सुने और देखा हुआ नहीं है	0.7923755645751953	0.663160502910614	0.5302457809448242
...What if they could talk to us what were they thinking...	वे हमसे बात कर सकता ... क्या अगर... ... वे क्या सोच रहे थे...	जो भी होता क्या व्यवहार किया व्याकरण के बारे में क्या थारे थारे...	0.734534502029419	0.3792634904384613	0.19215646386146545
I've looked through the hole?	छेद मे से मैंने देखा था?	No, हॉल हो सकता नहीं?	0.7157238125801086	0.32964667677879333	0.050065770745277405
I couldn't save you once... and that was the biggest mistake of my life.	मैं तुम्हें एक बार नहीं बचा सकता है ... ... और कहा कि मेरे जीवन की सबसे बड़ी गलती थी।	मैं उसे सावधानी से बचा सकता थ... और उसे यह सबसे बड़ी गलती के रूप में बता सकता है।	0.8019196391105652	0.5812253952026367	0.5490045547485352
[man howling] [howling continues] [chuckles]	[पुरुष चीख रहा है] [चीख जारी है] [दबी हंसी]	जिस में सुनना [man howling] जारी होता [howling continues] जो कुछ भी हो सकता [chuckles]	0.6793318390846252	0.47781839966773987	0.36122578382492065
No, you didn't tell me anything.	नहीं, तुम मुझे कुछ नहीं बताया.	No, आप नहीं told मुझे कुछ नहीं कहा.	0.8425108790397644	0.5959673523902893	0.5421315431594849
I'd even sing you poetry	-गाऊँगा तुम्हारे लिए कविता भी	मैं तुम्हें प्रेरित भी कर सकता हूँ	0.7147963047027588	0.583922266960144	0.2960420846939087
System Monitor	तंत्र मॉनीटर	जैसा कि सिस्टम मॉनिटर एक ऐसे सिस्टम से मिल सकते हैं जिसका मॉनिटरिंग सिस्टम से मिल सकते हैं।	0.6592658758163452	0.42517682909965515	0.19727817177772522
And before it there hath been the Book of Musa, a guide and a mercy. And this a Book confirming it, in Arabic speech, that it may warn those who have done wrong and as glad tidings Unto the well-doers.	और इसके क़ब्ल मूसा की किताब पेशवा और (सरासर) रहमत थी और ये (क़ुरान) वह किताब है जो अरबी ज़बान में (उसकी) तसदीक़ करती है ताकि (इसके ज़रिए से) ज़ालिमों को डराए और नेकी कारों के लिए (अज़सरतापा) ख़ुशख़बरी है	कृपयोग्यता: इस वाक्य को किसी भिन्न व्यक्ति के लिए affid्यता देना या अन्य जानकारी के लाभ प्रदान करना वैभरतः प्रतिओब्लिअस	0.6113477945327759	0.27515506744384766	0.1566840559244156
And if he (the dying person) be of those on the Right Hand,	और यदि वह भाग्यशालियों में से है,	"और यदि वह (दying person) पर निम्न स्थिति पर हो, वो या कोई भी है जो व्यवहार के कार्यानुसार है, तो उस व्यवहार को मुक्ति दिलाया जा सकती ह.’

—जेम्स डब्लू मॉरिसson"	0.6591783761978149	0.3827015459537506	0.11313195526599884
[ GLASS SHATTERS ]	[कांच टूटता]	जिस किसी भी कार्य या कार्य के किसी प्रभाव पर, किसी भिक्त के साथ किसी भिक्त के साथ किसी भिक्त के साथ किसी भिक्त के साथ किसी भिक्त के साथ किसी भिक्त के साथ किसी भिक्त के साथ किसी भिक्त के साथ किसी भिक्त के साथ किसी भिक्त के साथ किसी भिक्त के साथ किसी भिक्त के साथ किसी भिक्त के साथ किसी भिक्त के साथ किसी भिक्त के साथ किसी भिक्त के साथ किसी भिक्त के साथ किसी भिक्त के साथ किसी भिक्त के साथ किसी भिक्त के साथ किसी भिक्त के साथ किसी भिक्त के साथ किसी भिक्त के साथ क	0.5484825968742371	0.22684630751609802	-0.014648523181676865
Plugins	प्लगइन्स	प्लग-in	0.7695960998535156	0.6564575433731079	0.7090950012207031
We have sent it down with truth, and with truth has (the Qur'an) come down. And We have sent you only to give good news and to warn.	और (ऐ रसूल) हमने इस क़ुरान को बिल्कुल ठीक नाज़िल किया और बिल्कुल ठीक नाज़िल हुआ और तुमको तो हमने (जन्नत की) खुशखबरी देने वाला और (अज़ाब से) डराने वाला (रसूल) बनाकर भेजा है	जिस्म के लिखा है, वह सही है।	0.6422797441482544	0.24091356992721558	0.19928081333637238
She's not our queen because she's the daughter of some king we never knew.	वह हमारी रानी क्योंकि वह बेटी है नहीं है कुछ राजा के हम कभी नहीं जानता था।	उनके बिना हमारी राजा नहीं हैं क्योंकि वे हमारे किसी राजा से जुड़ाहार हैं क्योंकि वे हमारे किसी राजा के बिना हैं जैसे कि वे हमारे किसी राजा के बिना हैं	0.6947667598724365	0.3313489854335785	0.13612382113933563
Let's go.	चलो चलो.	अरे जाने के लिए।	0.7291238903999329	0.4722729027271271	0.38015228509902954
7-Zip (.7z)	7-Zip (.7z)	7-Zip (7z)	0.9533753395080566	0.8989953994750977	0.7142127752304077
"And when Saul marched out with his army, he warned: ""Allah is going to put you to a test by the side of a river: whoso drinks of its water shall cease to be my companion: he alone shall be~my companion who does not quench his thirst with its water: one may, however, take except a few, drank their fill of it. Afterwards when Saul, and those who had believed with him, crossed the river and advanced forward, the former said to Saul, ""We have no power left this day to fight against Goliath and his hosts."" But those who believed that one Day they shall meet Allah, declared, ""lt has often been that a small host has, by Allah's grace, overcome a big host: for Allah is with those who show fortitude."""	फिर जब तालूत लशकर समैत (शहर ऐलिया से) रवाना हुआ तो अपने साथियों से कहा देखो आगे एक नहर मिलेगी इस से यक़ीनन ख़ुदा तुम्हारे सब्र की आज़माइश करेगा पस जो शख्स उस का पानी पीयेगा मुझे (कुछ वास्ता) नही रखता और जो उस को नही चखेगा वह बेशक मुझ से होगा मगर हाँ जो अपने हाथ से एक (आधा चुल्लू भर के पी) ले तो कुछ हर्ज नही पस उन लोगों ने न माना और चन्द आदमियों के सिवा सब ने उस का पानी पिया ख़ैर जब तालूत और जो मोमिनीन उन के साथ थे नहर से पास हो गए तो (ख़ास मोमिनों के सिवा) सब के सब कहने लगे कि हम में तो आज भी जालूत और उसकी फौज से लड़ने की सकत नहीं मगर वह लोग जिनको यक़ीन है कि एक दिन ख़ुदा को मुँह दिखाना है बेधड़क बोल उठे कि ऐसा बहुत हुआ कि ख़ुदा के हुक्म से छोटी जमाअत बड़ी जमाअत पर ग़ालिब आ गयी है और ख़ुदा सब्र करने वालों का साथी है	I don't add, remove, or change any information.	0.48321840167045593	0.15007546544075012	0.03662826120853424
on the day when [some] faces will turn white and [some] faces will turn black. As for those whose faces turn black [it will be said to them], ‘Did you disbelieve after your faith? So taste the punishment because of what you used to disbelieve.’	(उस दिन से डरो) जिस दिन कुछ लोगों के चेहरे तो सफैद नूरानी होंगे और कुछ (लोगो) के चेहरे सियाह जिन लोगों के मुहॅ में कालिक होगी (उनसे कहा जायेगा) हाए क्यों तुम तो ईमान लाने के बाद काफ़िर हो गए थे अच्छा तो (लो) (अब) अपने कुफ़्र की सज़ा में अज़ाब (के मजे) चखो	जिन लोगों के चेहरें सिर whites और जिन सिर black होते हैं, उनमें से जो लोगों को चिंतित करते हैं वे उसी तरह से चिंतित नह होते हैं।	0.6806707382202148	0.2858637273311615	0.2806824743747711
Let's go.	-चलो।	अरे जाने के लिए।	0.77602219581604	0.570713996887207	0.3956868052482605
"Believe only in those who follow your own religion."" Say to them, ""Surely, the true guidance is the guidance from God."" [But you think it is impossible that] someone else may be granted [revelation] such as you were granted -- or else that they should contend against you before your Lord. Say, ""All grace is in the hands of God; He grants it to whom He wills: for God is boundless, and all knowing,"	और तुम्हारे दीन की पैरवरी करे उसके सिवा किसी दूसरे की बात का ऐतबार न करो (ऐ रसूल) तुम कह दो कि बस ख़ुदा ही की हिदायत तो हिदायत है (यहूदी बाहम ये भी कहते हैं कि) उसको भी न (मानना) कि जैसा (उम्दा दीन) तुमको दिया गया है, वैसा किसी और को दिया जाय या तुमसे कोई शख्स ख़ुदा के यहॉ झगड़ा करे (ऐ रसूल तुम उनसे) कह दो कि (ये क्या ग़लत ख्याल है) फ़ज़ल (व करम) ख़ुदा के हाथ में है वह जिसको चाहे दे और ख़ुदा बड़ी गुन्जाईश वाला है (और हर शै को)े जानता है	English is not my native language.	0.5276804566383362	0.1340426802635193	0.09164997190237045
YOU'RE A LOUSY SHOT.	आप एक घटिया शॉट हो.	बिलकुल, कोई फर्म नहीं हो सकता कि कुछ बातें सही में हो सकती हैं।	0.7042490839958191	0.3442302644252777	0.2519243061542511
As for the ship, it belonged to certain poor men, who toiled upon the sea; and I desired to damage it, for behind them there was a king who was seizing every ship by brutal force.	वह जो नौका थी, कुछ निर्धन लोगों की थी जो दरिया में काम करते थे, तो मैंने चाहा कि उसे ऐबदार कर दूँ, क्योंकि आगे उनके परे एक सम्राट था, जो प्रत्येक नौका को ज़बरदस्ती छीन लेता था	अरे, ये किसी जहां के साहु-पoor लोग हैं जो जहां पर साहु-किंग का राज्य है और वे अपने राज्य को किसी भिन्न राज्य के साहु-किंग के राज्य के साहु-पoor लोग हैं।	0.658500075340271	0.3024941384792328	0.27964434027671814
It's really silly of me.	यह मेरे सच में पागल है.	मुझे यह सोचकर अच्छी तरह से ठीक नहीं लगती।	0.6812534928321838	0.46172094345092773	0.5629591941833496
I was scared to go to India alone, that's when I found you.	मैं अकेला भारत जाने के डर गया था, कि जब मैं तुम्हें मिल गया है।	इंडिया में अकेले जाने पर भी डर की भावना होती है, ऐसा तो कि जब तो तो बहुत सुनने की भावना होती है, ऐसा तो कि जब तो तो बहुत सोभारी भावना होती है, ऐसा तो कि जब तो तो बहुत सुंदर भावना होती है, ऐसा तो कि जब तो तो बहुत प्यारी भावना होती है, ऐसा तो कि जब तो तो बहुत सोभारी भावना होती है, ऐसा तो कि जब तो तो बहुत सुंदर भावना होती है।	0.631659984588623	0.30915331840515137	0.034159280359745026
Then why a dragon army?	फिर तुमने एक ड्रैगन सेना क्यों तैयार की?	दलचाल में ड्रैगन के?	0.7503767609596252	0.3763524889945984	0.22440408170223236
Your names	रविशंकर श्रीवास्तव, जी. करूणाकरEMAIL OF TRANSLATORS	यरसी	0.6271814107894897	0.3969801068305969	0.16240037977695465
"Add all these together you get a Black Superpower."""	ये सब जोड़ कर देखें, आपको एक अश्वेत महाशक्ति मिल जायेगी।	जिस भी हो योग्यता या साहित्यिक प्राधान्य दिखाता ऐसा कुछ नतीज़ होते हैं लेकिन जो कुछ भी हो योग्यता या साहित्यिक प्राधान्य दिखाती ऐसी कुछ नतीजों होते हैं जो कुछ भी हो योग्यता या साहित्यिक प्राधान्य दिखाती ऐसी कुछ नतीजों होते हैं जो कुछ भी हो योग्यता या साहित्यिक प्राधान्य दिखाती ऐसी कुछ नतीजों होते हैं जो कुछ भी हो योग्यता या साहित्यिक प्राधान्य दिखाती ऐसी कुछ नतीजों होते हैं जो कुछ भी हो योग्यता या साहित्यिक प्राधान्य दिखाती ऐसी कुछ नतीजों होते हैं जो कुछ भी हो य	0.4988524913787842	0.3432800769805908	0.020225277170538902
Certificate problem: %s Issuer: %s	प्रमाणपत्र समस्या: %s निर्गमक: %s	अन्य निर्देशों से अलग: %s प्रदाता: %s	0.8181543946266174	0.6126534342765808	0.6650246381759644
Unknown	अज्ञात	जानकारी के साथ-साथ किसी भी जानकारी को निष्ठि देने के लिए भी कोई जानकारी निष्ठि देने के लिए भी नहीं कह सकती।	0.6640051603317261	0.2683652639389038	0.08089780807495117
Priority:	पोर्टः	जम्मदाद:	0.761411726474762	0.5511506795883179	0.52077317237854
And by those that swim along (i.e. angels or planets in their orbits, etc.).	और गवाह है वे जो वायुमंडल में तैरें,	जो लोग पानी की पानी की धार्मिक पानी की पानी की पानी की पानी की पानी की पानी की पानी की पानी की पानी की पानी की पानी की पानी की पानी की पानी की पानी की पानी की पानी की पानी की पानी की पानी की पानी की पानी की पानी की पानी की पानी की पानी की पानी की पानी की पानी की पानी की पानी की पानी की पानी की पानी की पानी की पानी की पानी की पानी की पानी की पानी की पानी की पानी की पानी की पानी की पानी की पानी की पानी की पानी	0.5479459166526794	0.15810880064964294	0.040360189974308014
They will never be denied the rewards of their good deeds. God knows well about the pious.	और वह जो कुछ नेकी करेंगे उसकी हरगिज़ नाक़द्री न की जाएगी और ख़ुदा परहेज़गारों से खूब वाक़िफ़ है	यह नहीं होगा कि उनके अच्छे कार्यों से वे किसी भी तरह से पूज्य योगी नहीं हो सकते कि उनके पious deeds से वे किसी भी तरह से पूज्य योगी नहीं हो सकते कि उनके अच्छे कार्यों से वे किसी भी तरह से पूज्य योगी नहीं हो सकते कि उनके पious deeds से वे किसी भी तरह से पूज्य योगी नहीं हो सकते कि उनके अच्छे कार्यों से वे किसी भी तरह से पूज्य योगी नहीं हो सकते कि उनके पious deeds से वे किसी भी तरह से पूज्य योगी नहीं हो सकते कि उनके अच्छे कार्यों से वे किसी भी तरह से पूज्य योगी नहीं हो सकते कि उनके पious deeds से वे किसी भी तरह	0.5291339755058289	0.3586410582065582	0.15043993294239044
O People who Believe! Do not make lawful the symbols of Allah nor the sacred months nor the sacrificial animals sent to Sacred Territory (around Mecca) nor the animals marked with garlands, nor the lives and wealth of those travelling towards the Sacred House (Kaa’bah) seeking the munificence and pleasure of their Lord; and when you have completed the pilgrimage, you may hunt; and let not the enmity of the people who had stopped you from going to the Sacred Mosque tempt you to do injustice; and help one another in righteousness and piety – and do not help one another in sin and injustice – and keep fearing Allah; indeed Allah’s punishment is severe.	ऐ ईमानदारों (देखो) न ख़ुदा की निशानियों की बेतौक़ीरी करो और न हुरमत वाले महिने की और न क़ुरबानी की और न पट्टे वाले जानवरों की (जो नज़रे ख़ुदा के लिए निशान देकर मिना में ले जाते हैं) और न ख़ानाए काबा की तवाफ़ (व ज़ियारत) का क़स्द करने वालों की जो अपने परवरदिगार की ख़ुशनूदी और फ़ज़ल (व करम) के जोयाँ हैं और जब तुम (एहराम) खोल दो तो शिकार कर सकते हो और किसी क़बीले की यह अदावत कि तुम्हें उन लोगों ने ख़ानाए काबा (में जाने) से रोका था इस जुर्म में न फॅसवा दे कि तुम उनपर ज्यादती करने लगो और (तुम्हारा तो फ़र्ज यह है कि ) नेकी और परहेज़गारी में एक दूसरे की मदद किया करो और गुनाह और ज्यादती में बाहम किसी की मदद न करो और ख़ुदा से डरते रहो (क्योंकि) ख़ुदा तो यक़ीनन बड़ा सख्त अज़ाब वाला है	देखा योग्य नहीं	0.5418576598167419	0.25400522351264954	0.09976466000080109
Move ~a onto the king of clubs.	~a को चिड़ी का बादशाह पर ले जाएँ	सबस्या जोड़ में जाते हैं।	0.7086358666419983	0.45646095275878906	0.41194963455200195
10 grand, that's all I got from that lawyer.	10 हज़ार, मैं उस वकील से मिला है वह सब है.	जिस क्लर्क के से मिला 10 ग्रांट भी हो सकती हैं।	0.7009384632110596	0.45102980732917786	0.2776657044887543
Blue Squares	नीला वर्ग	I cannot add, remove, or change any information.	0.6010750532150269	0.3394981324672699	0.08863429725170135
I'm not rich right now.	अब मैं अमीर नहीं हूँ.	मैं नहीं रिच्चे हूँ अब।	0.8119651079177856	0.5390898585319519	0.3158115744590759
It's lunch, Probies!	यह दोपहर के भोजन है, Probies!	प्रबोध!	0.7386538982391357	0.44409558176994324	0.4234016537666321
Add	जोड़ें	I don't	0.6089452505111694	0.3186873495578766	0.18557041883468628
Those meetings are bullshit!	उन बैठकों बकवास कर रहे हैं!	मीटिंग की बिल्ली है!	0.7355635762214661	0.3788708746433258	0.4178578555583954
The manager that created this data	प्रबंधक जो इस डेटा को निर्मित किया हैdefault:RTLpredefinito:LTR	"इस डेटा के संस्करण ने नहीं हो सकते हैं:

वे ने इस डेटा को स्थापित नहीं किया हो क्या ?"	0.7076162099838257	0.40453752875328064	0.2310190349817276
Move contacts to	संपर्कों को यहाँ खिसकाएँ	-	0.5986212491989136	0.38372504711151123	0.015667693689465523
Other	अन्य	Other	0.9258285760879517	0.8206304907798767	0.7588847875595093
X	एक्स	I	0.7693525552749634	0.5897934436798096	0.5470906496047974
- Yeah, I wasn't talking to you.	- मैं तुमसे बात नहीं कर रहा था?	जी हाँ, मैं wasn't talking to you.	0.6998412013053894	0.4523470997810364	0.514171838760376
He wanted me to thank you for that.	उसने मुझे उस के लिए धन्यवाद करना चाहता था.	यह चीज़ है कि व्हाट्स वॉनटेड मैं थैं के लिए कुछ धन्यव्याय की कुछ थी |	0.7291474938392639	0.34160032868385315	0.18782739341259003
Automatically update the file's symbols without saving. The update occurs after 10 seconds without keypresses by the user.	स्वचालित प्रकार से फ़ाइल से. सहेजन रहा है पश्चात सेकण्ड द्वारा प्रयोक्ता.	सके जाने, खुद के के जाने के बाद 10 सेकंड के बाद सॉफ्टरी से संग्रह का संकलन होता है।	0.701240062713623	0.4229462444782257	0.12110720574855804
The Race Laws require me to ask you this:	तुम से यह पूछने को:	लॉस्ट लॉग्स के अनुसार से मैं तुमसे यह निर्देश दे रही हूँ:	0.7494020462036133	0.5572758913040161	0.5699920058250427
He's coming up the back stairs.	वह वापस सीढ़ियों से ऊपर आ है.	उन्होंके आँगन से आगे की स्टairs हैं।	0.7440345883369446	0.37676599621772766	0.24441492557525635
Copy...	नक़ल...	कॉपी...	0.8074884414672852	0.6026501059532166	0.8924850225448608
Here is the real European news: the great, post-war plan to unite Europe has finally stalled.	यहां वास्तविक यूरोपीय समाचार हैः यूरोप को संगठित करने की महान, युद्ध-पश्चात योजना अंततः रुक गई है।	जो भी सच है, यूरोप की समाचार साइट हैं: यूरोप के सामाजिक और आर्थिक प्लान को अंतिम रूप से अयोजित नहीं किया गया मानचित्ता से मुक्ति प्राप्त करने वाले यूरोप के समाचार साइट हैं:	0.7007766962051392	0.4402709901332855	0.25275227427482605
Dr. Gottlieb and dr.	डा. Gottlieb और डॉ.	डी. गोट्टिएब और डी. लुईबर्ट	0.7006651759147644	0.6361345648765564	0.8151305913925171
Manju Lakshmi won first prize and Shilpa won second prize.	मंजू लक्ष्मी प्रथम व शिल्पा ने द्बितीय स्थान प्राप्त किया।	मानज लक्ष्मी और शिल्पा दोनों ने सम्मान प्राप्त किया है।	0.8232800364494324	0.6912307143211365	0.678575336933136
You do not have read/ write permission to your sent-mail folder.	आपके पास आपकी भेजी- डाक फ़ोल्डर पर पढ़ने/ लिखने की अनुमतियाँ नहीं है.	आप सेंट-येल्ड-मेल-फ़ार्ड-फ़ॉर्मेंट वाले पेपट-येल्न-मेल-वालेंट-होये संदेश-येलन-वालेंट-होये मैसेज-येलन-वालेंट-होये संदेश-येलन-वालेंट-होये मैसेज-येलन-वालेंट-होये संदेश-येलन-वालेंट-होये मैसेज-येलन-वालेंट-होये संदेश-येलन-वालेंट-होये मैसेज-येलन-वालेंट-होये संदेश-येलन-वालेंट-होये मैसेज-येलन-वालेंट-होये	0.5390722751617432	0.32110193371772766	0.00909603014588356
Krishnadev sir.	Krishnadev सर।	क्रिशनदेव सिर।	0.743292510509491	0.48478320240974426	0.5345738530158997
Please have mercy!	दया कर देते हैं!	कृपयोग्यता: कृपयोग्यता को किसी भी भाषा में किया जा सकता है।	0.6242504715919495	0.3241225481033325	0.23955318331718445
Microsoft?	माइक्रोसॉफ्ट?	माइक्रो?	0.8796999454498291	0.7982540726661682	0.6431613564491272
A tech bomb.	एक तकनीक बम.	जानकारी का संकट है।	0.7377695441246033	0.5467012524604797	0.5248042941093445
What are you doing?	आप क्या कर रहे हो?	You are doing?	0.7179214954376221	0.5117914080619812	0.44893884658813477
It is naught but revelation that is revealed,	वह तो बस एक प्रकाशना है, जो की जा रही है	जो कुछ नहीं है वह nonetheless revelation that is revealed,	0.7089462280273438	0.3258000612258911	0.050239741802215576
The title is a loose translation for “Inventive Dobromir”.	"इसका शीर्षक ""आविष्कारशील दोब्रोमीर"" का अमूमन अनुवाद है।"	शीर्षक एक जटिल अन translation for “Inventive Dobromir” के लिए है।	0.7348573207855225	0.35218918323516846	0.2454460710287094
About ten days ago, I took him there and buried.	करीब दस दिन हुये. मैं उसे वहाँ ले गयी और दफन कर दिया.	पहचान से दस साल पहले था कि मैंने उसे वहाँ ले लिया थू |	0.7511522769927979	0.35106101632118225	0.212921604514122
That was me who took a fucking bullet in the gut.	कि पेट में एक कमबख्त गोली ले लिया, जो मैं था.	अरे अरे कैसे हुआ था मेरा बिल्टू इंडस्ट्री?	0.6521222591400146	0.3089330494403839	0.20390474796295166
Export Dictionary	शब्दकोश निर्यात करें (E)...	जापान के संसकृत के साथ इसे जापान का संसकृत के साथ इसे जापान का संसकृत के साथ इसे जापान का संसकृत के साथ इसे जापान का संसकृत के साथ इसे जापान का संसकृत के साथ इसे जापान का संसकृत के साथ इसे जापान का संसकृत के साथ इसे जापान का संसकृत के साथ इसे जापान का संसकृत के साथ इसे जापान का संसकृत के साथ इसे जापान का संसकृत के साथ इसे जापान का संसकृत के साथ इसे जापान का संसकृत के साथ इसे जापान का संसकृत के साथ इसे जापान का संसकृत के साथ इसे जापान का संसकृत के साथ इसे ज	0.5500590801239014	0.2600597143173218	0.03292433172464371
Bella, you've to understand Your safety is everything to me.	बेला है, तो आप सुरक्षा है अपने को समझने के लिए मेरे पास सब कुछ है.	बेला, तुम्हें तुम्हारी सुरक्षा यकिन तुम्हारी सुरक्षा है।	0.72809237241745	0.4256431460380554	0.2584418058395386
DARREN:	DARREN:	यह सही है।	0.6941385269165039	0.5217618346214294	0.5737936496734619
Or He Who answers the prayer of the helpless when he invokes Him and removes the evil, and makes you inheritors of the earth? Is there a God along with Allah?! Very little do they ponder!	या वह जो व्यग्र की पुकार सुनता है, जब वह उसे पुकारे और तकलीफ़ दूर कर देता है और तुम्हें धरती में अधिकारी बनाता है? क्या अल्लाह के साथ कोई और पूज्य-प्रभु है? तुम ध्यान थोड़े ही देते हो	जो कि प्रश्न पात्र के प्रश्न पात्र के प्रश्न पात्र के प्रश्न पात्र के प्रश्न पात्र के प्रश्न पात्र के प्रश्न पात्र के प्रश्न पात्र के प्रश्न पात्र के प्रश्न पात्र के प्रश्न पात्र के प्रश्न पात्र के प्रश्न पात्र के प्रश्न पात्र के प्रश्न पात्र के प्रश्न पात्र के प्रश्न पात्र के प्रश्न पात्र के प्रश्न पात्र के प्रश्न पात्र के प्रश्न पात्र के प्रश्न पात्र के प्रश्न पात्र के प्रश्न पात्र के प्रश्न पात्र के प्रश्न पात्र के प्रश्न पात्र के प्रश्न पात्र के प्रश्न पात्र के प्रश्न पात्र के प्रश्न पात्र के प्रश्न प	0.5387222766876221	0.1737593114376068	0.0077179353684186935
And We have sent down the Book unto thee with truth; and confirming that which hath preceded it of the Book, and a guardian thereof. Wherefrom judge thou between them by that which Allah hath sent down, and follow thou not away from that which hath their desires come to thee of the truth. Unto each of you We appointed law and a way. And had Allah listed, He would have made you all a single community, but He willed not in order that he may prove you by that which He hath vouchsafed unto you. Hasten wherefore to the virtues; unto Allah is the return of you all; then He shall declare unto you concerning that wherein ye have been disputing.	और हमने तुम्हारी ओर यह किताब हक़ के साथ उतारी है, जो उस किताब की पुष्टि करती है जो उसके पहले से मौजूद है और उसकी संरक्षक है। अतः लोगों के बीच तुम मामलों में वही फ़ैसला करना जो अल्लाह ने उतारा है और जो सत्य तुम्हारे पास आ चुका है उसे छोड़कर उनकी इच्छाओं का पालन न करना। हमने तुममें से प्रत्येक के लिए एक ही घाट (शरीअत) और एक ही मार्ग निश्चित किया है। यदि अल्लाह चाहता तो तुम सबको एक समुदाय बना देता। परन्तु जो कुछ उसने तुम्हें दिया है, उसमें वह तुम्हारी परीक्षा करना चाहता है। अतः भलाई के कामों में एक-दूसरे से आगे बढ़ो। तुम सबको अल्लाह ही की ओर लौटना है। फिर वह तुम्हें बता देगा, जिसमें तुम विभेद करते रहे हो	कृडके के पास मिले हैं जो रोकने के लिए तैयार हैं |	0.6089563369750977	0.22179454565048218	0.18238818645477295
God is He that looses the winds, that stir up clouds; and He spreads them in heaven how He will, and shatters them; then thou seest the rain issuing out of the midst of them, and when He smites with it whomsoever of His servants He will, lo, they rejoice,	ख़ुदा ही (क़ादिर तवाना) है जो हवाओं को भेजता है तो वह बादलों को उड़ाए उड़ाए फिरती हैं फिर वही ख़ुदा बादल को जिस तरह चाहता है आसमान में फैला देता है और (कभी) उसको टुकड़े (टुकड़े) कर देता है फिर तुम देखते हो कि बूँदियां उसके दरमियान से निकल पड़ती हैं फिर जब ख़ुदा उन्हें अपने बन्दों में से जिस पर चहता है बरसा देता है तो वह लोग खुशियाँ माानने लगते हैं	जो है वह स्वर्ग के विद्यार्थु है कि जो कार्य साध्यता प्राप्त करता है, वही संकट को दूर करती है।	0.6642321944236755	0.3021787106990814	0.21892178058624268
You (believers) will certainly be tested by the loss of your property and lives and you will hear a great many grieving words from the People of the Book and the pagans. If you will have patience and piety, it will be a sign of firm determination and steadfastness (in life).	(मुसलमानों) तुम्हारे मालों और जानों का तुमसे ज़रूर इम्तेहान लिया जाएगा और जिन लोगो को तुम से पहले किताबे ख़ुदा दी जा चुकी है (यहूद व नसारा) उनसे और मुशरेकीन से बहुत ही दुख दर्द की बातें तुम्हें ज़रूर सुननी पड़ेंगी और अगर तुम (उन मुसीबतों को) झेल जाओगे और परहेज़गारी करते रहोगे तो बेशक ये बड़ी हिम्मत का काम है	जिस्म के लोगों के पास मूल रूप से स्थित होते हैं, वे लोगों के पास मूल रूप से स्थित होते हैं |	0.5971797704696655	0.2136247158050537	0.2086217850446701
They're probably already there.	वे शायद पहले से ही कर रहे हैं.	यह हो सकता है.	0.7456918358802795	0.5213488340377808	0.551035463809967
[imitates gunfire]	[गोलियां चलाने का अभिनय]	अन्य जानकारी ने देना या नहीं देने के लिए लिखित संकेत के रूप में नहीं होता है।	0.6698880195617676	0.3122579753398895	0.18568862974643707
_Reply style:	जवाब शैली: (_R)	Yes, you're right.	0.615659773349762	0.45348039269447327	0.4318816065788269
Run the configuration assistant	विन्यास सहायक चलाएँ	रन, संरचना सहायक	0.7475871443748474	0.5512487888336182	0.44080424308776855
I work at city hall, actually.	मैं वास्तव में, शहर के हॉल में काम करते हैं.	मैं सिटी हॉल, सही की हूँ.	0.7716296315193176	0.42783012986183167	0.30158114433288574
Who's the king of pranks now, then, eh? You were never up for an award, you silly tosser.	खैर, वह जीवंत टीवी का जादू है, अंदाज़ा है।	जिस कौन है प्रोल के प्यार से तुम नहीं हो पात्र हो । तुम कैसे हो ?	0.675475537776947	0.2935391962528229	0.09201709926128387
Cameron is Niles' son.	कैमरून नाइल्स 'बेटा है.	केमरन नील्स के बेटा हैं।	0.8654906749725342	0.8204144835472107	0.703919529914856
Document License	लेखपत्र प्रदर्शक	जैसा जैसा	0.6499989628791809	0.4347096383571625	0.22361856698989868
Worthless people live only to eat and drink.	निकम्मे लोग सिर्फ खाने पीने के लिए जीते हैं	जो लोग दूसरे के दिलचस्प हैं, वे दूसरे के दिलचस्प हैं।	0.6533781886100769	0.2650502920150757	0.2222558557987213
Our job is not to remember.	हमारा काम याद करने के लिए नहीं है.	जैसा कि हमने नहीं कहा है।	0.7353745698928833	0.48525646328926086	0.3970549702644348
The Missus said I wasn't to show it to anyone.	मालकिन ने कहा कि किसी को दिखाना नहीं.	अरे! मिसेज़ की कहबती थी कि उसे किसी के face को इसको देना चाहे |	0.7370488047599792	0.3883834481239319	0.26617056131362915
Sudan	सूडान	I cannot translate this text.	0.6262810826301575	0.36635372042655945	0.07371094822883606
"And O my people, this is the she-camel of Allah - [she is] to you a sign. So let her feed upon Allah 's earth and do not touch her with harm, or you will be taken by an impending punishment."""	"ऐ मेरी क़ौम के लोगो! यह अल्लाह की ऊँटनी तुम्हारे लिए एक निशानी है। इसे छोड़ दो कि अल्लाह की धरती में खाए और इसे तकलीफ़ देने के लिए हाथ न लगाना अन्यथा समीपस्थ यातना तुम्हें आ लेगी।"""	अरे, ओ मेरी लोगो, ये काम के हैं चमिल चमस ये चेमेल, चेमेल के हैं साथ मेरी साइन।	0.6209285259246826	0.25542959570884705	0.10295745730400085
There is a Tanaka in my class, too.	मेरी कक्षा में भी एक तानाका है।	मैं नहीं कह रही हूँ, टनाका मेरी क्लास में होता है।	0.7518553137779236	0.568576991558075	0.5698236227035522
I DON'T THINK I'LL BE OUT HERE AGAIN.	मैं मैं यहाँ फिर से बाहर हो जाएगा नहीं लगता..	मुझे यहाँ पर कुछ समय का हाथ नहीं लगायेगा |	0.768223762512207	0.4100204408168793	0.4656750559806824
As much as I'd love to kill you, I'm glad she's warm.	बेटी को मारने के लिए चाहेंगे के रूप में ज्यादा के रूप में आप मुझे है कि वह गर्म है.	मैं तो ले ले कि मैं तो चल्ले कर ली हूँ। मैं चाहता हूँ कि मैं शायद हो कर कुछ भी नहीं हो सकता हूँ।	0.6709346175193787	0.3279361426830292	0.16066886484622955
"That is God, your true Lord. What is there, besides the truth, but error? How then can you turn away?"""	फिर यही अल्लाह तो है तुम्हारा वास्तविक रब। फिर आख़िर सत्य के पश्चात पथभ्रष्टता के अतिरिक्त और क्या रह जाता है? फिर तुम कहाँ से फिरे जाते हो?	जो है देव, आपका सच प्राप्त करन वाला है। क्या है बeyond सच, but error? कैसे तुम इसे खो सकते हो?	0.7066866159439087	0.39392510056495667	0.24730215966701508
Did he threaten your sister?	क्या उसने तुम्हारी बहन को धमकी दी?	जी हुआ नहीं था? या शायद होता है, कि उस व्यक्ति ने आपकी सिस्टमेंटी के लिए खतरनाक बयान दिया है?	0.7021574378013611	0.40943294763565063	0.1808866560459137
_Reply style:	जवाब शैली: (_R)	Yes, you're right.	0.615659773349762	0.45348039269447327	0.4318816065788269
Sent	गई डाक	अन्य जानकारी नहीं दे सकती।	0.6802020072937012	0.40520450472831726	0.4992125630378723
Pharaoh exalted himself in the land, and divided its people into factions. He persecuted a group of them, slaughtering their sons, while sparing their daughters. He was truly a corrupter.	बेशक फिरऔन ने (मिस्र की) सरज़मीन में बहुत सर उठाया था और उसने वहाँ के रहने वालों को कई गिरोह कर दिया था उनमें से एक गिरोह (बनी इसराइल) को आजिज़ कर रखा थ कि उनके बेटों को ज़बाह करवा देता था और उनकी औरतों (बेटियों) को ज़िन्दा छोड़ देता था बेशक वह भी मुफ़सिदों में था	जापान के शॉवर के परिवार को समाज के प्रतिविरामी व्यक्तियों के रूप में घोषित किया गया था।	0.6488634347915649	0.3557952344417572	0.49654948711395264
- Berlin's in uproar!	- बर्लिन में हाहाकार मचा हुआ है!	अर्जाना करें!	0.7210676670074463	0.4210912883281708	0.4004829525947571
You already like the boy.	आप पहले से ही लड़के को पसंद करती हैं.	आपके पास एक छोटी बात है।	0.7268989086151123	0.3611476421356201	0.3160150647163391
Isn't violence the official solution of our government in Iraq,	हिंसाआधिकारिक समाधान नहीं है इराक में हमारी सरकार की,	अर्जन रूप में इराक की सरकार का रूप है संघर्ष के परिणाम में, इराक की सरकार के प्रति सरकारी प्रतिविरोध के रूप में इराक की सरकार द्विनेय के रूप में संघर्ष के परिणाम होते हैं।	0.7083539962768555	0.39647921919822693	0.11533842980861664
it'll cost you.	और तुम्हें खर्च आएगा.	किस प्रयोग शुल्क देंगे।	0.7387029528617859	0.4852491319179535	0.439747154712677
that's what you can bring them.	कि आप उन्हें क्या ला सकता है.	जो भी हो ये ले सकते हैं	0.7132551670074463	0.5172776579856873	0.4672991633415222
What's a webis...?	एक webis क्या है	जो कुछ हो सकता है, वह हो सकता है।	0.6800686717033386	0.39483219385147095	0.2440265268087387
It will keep you from getting sick in this damp bunker.	यह तुमको इस नम बंकर में बीमार होने से बचायेगी.	यह सुखी बunker में रखे रहने से हमें रोग से बचने में मदद मिलेगी.	0.7448095679283142	0.48739874362945557	0.4209668040275574
Louis goes down, you make it out.	लुई नीचे चला जाता है , आप इसे बाहर.	लुईस को नीचे जाते हैं. आप उससे निकाल करते हैं.	0.7898649573326111	0.518764078617096	0.509783923625946
You're gonna turn right on Maple Street.	आप मेपल सड़क पर सही बारी करने वाले हैं.	आप मैपल स्ट्रीट पर राइट करने जा रहेंगे।	0.8226118087768555	0.48964253067970276	0.535780668258667
Moses said, 'Our Lord, Thou hast given to Pharaoh and his Council adornment and possessions in this present life. Our Lord, let them go astray from Thy way; Our Lord, obliterate their possessions, and harden their hearts so that they do not believe, till they see the painful chastisement.'	और मूसा ने अर्ज़ की ऐ हमारे पालने वाले तूने फिरऔन और उसके सरदारों को दुनिया की ज़िन्दगी में (बड़ी) आराइश और दौलत दे रखी है (क्या तूने ये सामान इस लिए अता किया है) ताकि ये लोग तेरे रास्तें से लोगों को बहकाएं परवरदिगार तू उनके माल (दौलत) को ग़ारत (बरबाद) कर दे और उनके दिलों पर सख्ती कर (क्योंकि) जब तक ये लोग तकलीफ देह अज़ाब न देख लेगें ईमान न लाएगें	मैसोडि सaid, 'हम्र लर्ड, तुम्हने फ़्रार और अपने Council के सामान्य पदारिति को अपना दिया है।'	0.6541038155555725	0.29731014370918274	0.185455322265625
It wouldn't be improper for me to forward Ellen some money.	यह मेरे एलेन कुछ पैसे को आगे करने के लिए अनुचित नहीं होगा.	मैं नहीं भी कुछ भी नहीं किया भूमिका होगी Ellen को कुछ पैसे देने वाले लोगों के खिलाफ हूँ।	0.7160369753837585	0.38236603140830994	0.16075830161571503
translator-credits	राजेश रंजन (rranjan@redhat.com, rajeshkajha@yahoo.com) रविशंकर श्रीवास्तव (raviratlami@yahoo.com)	इस टिप्पटियों के साथ कुछ नहीं हो सकते	0.5152008533477783	0.27112141251564026	0.06354767084121704
Sorry, hoss.	क्षमा करें, Hoss.	माफ़ किया हoss।	0.6704427599906921	0.5193189382553101	0.5610880851745605
If their town had been stormed, and they had been incited to sedition, they would have rebelled with little hesitation.	और यदि उसके चतुर्दिक से उनपर हमला हो जाता, फिर उस समय उनसे उपद्रव के लिए कहा जाता, तो वे ऐसा कर डालते और इसमें विलम्ब थोड़े ही करते!	अगर्रे के सामुद्रिक स्थान की साहित्यिक परिवर्तन की किस्म में वे कुछ कम सोचेंगी।	0.6561961770057678	0.3500789403915405	0.31583812832832336
Go.	चलो.	जा ।	0.8167726397514343	0.6597378849983215	0.37371182441711426
Maybe they'll give room and board at lvanovo.	शायद वे इवानवा में कमरे और बोर्ड दे देंगे.	जापान में लवनोवो में किसी को रूम और बोर्ड में रख सकती हैं।	0.7701544761657715	0.45166918635368347	0.49386197328567505
Well, that's fantastic!	वैसे, यह शानदार है!	बहुत बढ़िया!	0.7489778399467468	0.8407880663871765	0.8795908689498901
They will say nay! it is ye, for whom there is no welcome: it is ye who have brought it upon us. Evil shall be the resting-place.	"वे कहेंगे, ""नहीं, तुम नहीं। तुम्हारे लिए कोई आवभगत नहीं। तुम्ही यह हमारे आगे लाए हो। तो बहुत ही बुरी है यह ठहरने की जगह!"""	यह कहेंगे नहीं! यह न कि आप, जो इसे स्वीकार्य बनाते हैं, को स्वीकार्य बनाते हुए, को स्वीकार्य बनाते हुए, को शिष्ट कार्य करने वाले हैं!	0.6686967611312866	0.4171047508716583	0.25621679425239563
I helped my father water the flowers.	मैंने अपने पापा को फूलों को पानी डालने में मदद करी थी।	मैंने मेरे पिता को पानी दिया था।	0.7909421920776367	0.645317018032074	0.4506043493747711
Layout style	अभिन्यास शैली	पृष्ठ संरचना	0.763637125492096	0.6214738488197327	0.9009442329406738
- You've got to help me, Baiocco.	- मेरी मदद करो, बाइओक्को.	बिलॉको.	0.7279247641563416	0.4664453864097595	0.3630377948284149
Nothing like whom?	िकस जैसे?	Nothing like whom?	0.7476339340209961	0.4864567220211029	0.21295620501041412
The people of the Pharaoh picked him up (without realizing) that he would become their enemy and a source of their sorrow. The Pharaoh, Haman, and their army were sinful people.	(ग़रज़ मूसा की माँ ने दरिया में डाल दिया) वह सन्दूक़ बहते बहते फिरऔन के महल के पास आ लगा तो फिरऔन के लोगों ने उसे उठा लिया ताकि (एक दिन यही) उनका दुश्मन और उनके राज का बायस बने इसमें शक नहीं कि फिरऔन और हामान उन दोनों के लश्कर ग़लती पर थे	जिसे पicked him up (सबके लिए) उसे pharaoh नाम दिया गया था. फिर उसे haman नाम दिया गया था. और उसे their army नाम दिया गया था.	0.6124773621559143	0.3088732063770294	0.21575619280338287
Unicode (UTF-_8)	यूनिकोड (UTF-_8)	अन्य (यू.टी.एफ.)	0.6803438067436218	0.5261906385421753	0.53974449634552
You're a father now!	आप एक पिता अब कर रहे हैं!	आप एक पिता हैं!	0.9087321162223816	0.7641653418540955	0.6522221565246582
And the day He shall muster them, as if they had not tarried but an hour of the day, mutually recognizing one another; lost will be those who cried lies to the encounter with God, and were not guided.	और जिस दिन ख़ुदा इन लोगों को (अपनी बारगाह में) जमा करेगा तो गोया ये लोग (समझेगें कि दुनिया में) बस घड़ी दिन भर ठहरे और आपस में एक दूसरे को पहचानेंगे जिन लोगों ने ख़ुदा की बारगाह में हाज़िर होने को झुठलाया वह ज़रुर घाटे में हैं और हिदायत याफता न थे	जिस दिन उन्हें पुनर्निर्मित करेंगे यदि वे सहज सहयोगी हों जो लोगों को झयंत्व दिखाने के लिए झरपूर होते हैं, और जो लोगों को झयंत्व दिखाने के लिए झरपूर नहोते हैं।	0.7009746432304382	0.342803031206131	0.1914786547422409
Whether or not to use the notification tray for display reminders	अनुस्मारक दिखाने के लिए क्या सूचना ट्रे का प्रयोग करना है या नहीं	सब चीज़ के लिहात जो रिम्पल के लिए किये जाते हैं उनसे भी नहीं	0.6973675489425659	0.36096900701522827	0.13810524344444275
Section where are installed the man pages. Valid section names are the digits ‘0’ through ‘9’, and the letters ‘l’ and ‘n’.	विभाग पृष्ठों खंड नाम के जरिए और अक्षर और नहीं	मैन पेज्स के स्थान। वैध स्थान पीड्स '0' through '9', और वे 'l' और 'n' के बीची।	0.6548789739608765	0.3667801320552826	0.19889038801193237
There is none among the People of the Book but will surely believe in him before his death; and on the Day of Resurrection, he will be a witness against them.	और (जब ईसा मेहदी मौऊद के ज़हूर के वक्त आसमान से उतरेंगे तो) अहले किताब में से कोई शख्स ऐसा न होगा जो उनपर उनके मरने के क़ब्ल ईमान न लाए और ख़ुद ईसा क़यामत के दिन उनके ख़िलाफ़ गवाही देंगे	जिन लोगों ने पुस्ताविदी समुदाय का पालन किया है, वे आज भी उसी तरीके से पालन करेंगे और हाल ही किया का विश्लेषण भी किया जा सकता और किया जा सकता	0.6539599895477295	0.33196011185646057	0.3089297413825989
You gonna come down from there or what?	तुम वहाँ या क्या से नीचे आने वाला है?	जो कोई भी वहाँ से down किया जा सकता है या जो कोई भी नहीं हो सकता है कि वहाँ से down किये बिना किसी हो सके वही हो सके	0.6621127128601074	0.35276392102241516	0.09790356457233429
Walshy won't sell, it's his nest egg.	वॉल्शी बेचेगा नहीं, वही तो उसका चारा है।	वाल्श यार न सELL कर रहे हैं उन्हों का पैसा अपनी पैसी पेट्टी है।	0.7189589142799377	0.4004215896129608	0.20193539559841156
- I'll take the pictures, Brendan.	- मैं तस्वीरें लूँगा, ब्रेंडन।	बेंड्रेड से पिक्चर्स लेने की बात है।	0.688158392906189	0.5545955896377563	0.481952428817749
"""This is what life is. This is why we're here, to connect."	"""यह जीवन क्या है हम यहाँ हैं यही कारण है , कनेक्ट करने के लिए"	जैसा कि जीवन है। यह जैसा कि हमें होता है, यहीं से हमें जो होता है, उसे ज्यारी का पाठ दिया है।	0.725315272808075	0.3933580815792084	0.21576721966266632
So what the hell am I supposed to tell O'Keefe?	तोक्यानरकमैं ओ'कीफेबताने वाला हूँ	सो व्हे लिंग?	0.6523764729499817	0.36734381318092346	0.2854371666908264
GENERAL HELMUTH WEIDLING died in Soviet captivity in 1955.	जनरल हेलमथ विल्डिंग की 1955 में सोवियत कैद में मृत्यु हो गई.	सोवियत निर्वाह में 1955 में जी.एस. मेल्थम वेल्डिंग की मृत्यत्ता को रूसी निर्वाब की प्रतिष्ठा में स्थित नहीं होती है।	0.785176157951355	0.4685969650745392	0.3208416700363159
- What?	ट्रेवर : क्या?	जानकारी के बारे में?	0.7321629524230957	0.4840866029262543	0.34286004304885864
Add a new file/directory to the Subversion tree	जोड़ें a नया फ़ाइल निर्देशिका को सबवर्सन ट्री	जिस स्थान पर जोड़ा है, उसे जोड़ी व्यवसायों में लगाया जाएगा	0.6631868481636047	0.3210699260234833	0.14503486454486847
I'm excited and happy about your arrival.	तुम्हारे आने से मैं बहुत खुश हूँ.	मैं उत्सवाही और खुशी से खुश हूँ कि आप तुम्हारा साथ आए हैं।	0.825512170791626	0.6714954972267151	0.39486080408096313
Even if it was the wish of your heart...	यह आपके दिल की इच्छा थी यहां तक ​​कि अगर... यह एक झूठ है!	ये सब कुछ कहा हूँ...	0.718539834022522	0.4195706844329834	0.13176804780960083
LOOK AT ME OR GET IT RIGHT IN YOUR BALLS.	सही अपनी गेंदों में मुझे देखो या इसे जाओ.	अरे, लुक एट मी या गेट IT RIGHT IN YOUR BALLS.	0.6210367679595947	0.2557395398616791	0.1834455281496048
Start	प्रारंभ	जारी	0.6889681816101074	0.7411989569664001	0.7539404630661011
We intercepted a Kaiju and saved everyone on that boat.	हम एक Kaiju रोक दिया और कहा कि नाव पर सभी को बचा लिया.	जाईज़ी का निश्चय करके पूरी सावधान से यह सुना दिया गया है।	0.6653205752372742	0.436153769493103	0.3979327380657196
Our species has never been, but Increases In the first seven months of life.	हमारी प्रजाति लेकिन कभी नहीं रही है, बढ़ जाती है जीवन के पहले सात महीनों में.	जीव के स्तर never हो सकते हैं, लेकिन जीव की साँसकुलरी प्रारूप में पाँच महीनों का प्रारूप हो सकते हैं।	0.7147398591041565	0.4411684572696686	0.2329995483160019
He who obeys the Messenger, obeys Allah: But if any turn away, We have not sent thee to watch over their (evil deeds).	जिसने रसूल की आज्ञा का पालन किया, उसने अल्लाह की आज्ञा का पालन किया और जिसने मुँह मोड़ा तो हमने तुम्हें ऐसे लोगों पर कोई रखवाला बनाकर तो नहीं भेजा है	अरे, जो मेसेजर का इंतज़ार होता है, वे Allah का इंतज़ार भी होता है। लेकिन, अगर कोई दुशस्त का इंतज़ार नहीं होता है, तो उस पात्र के प्रति नहीं होता है।	0.6991144418716431	0.35091909766197205	0.32798898220062256
General	सामान्य	जैसा कि	0.7369709014892578	0.5498424172401428	0.34357282519340515
%F %T	%F %T	"यहाँ कुछ जानकारी दिए जाते हुए भी नहीं कहे जाते हैं:
-0 -2"	0.5969130992889404	0.3177585303783417	0.04292508214712143
But Kai wanted the power all to himself.	पर काई सारी शक्ति पर अपना ही अधिकार जमाना चाहता था।	लेकिन काई ने इच्छा तो किस्मति को अपनी पूरी संप्रथि सुनाई चाहे	0.7547536492347717	0.46172887086868286	0.25975653529167175
Hey, you mind?	अरे, तुम बुरा है?	हे, यू मेंड?	0.7633492350578308	0.45295724272727966	0.4297481179237366
That was good of her.	यही कारण है कि उसके बारे में अच्छा था।	उनके पास थी वह थी सुंदर थी सुंदर महसूना थी	0.6536530256271362	0.41430220007896423	0.30995771288871765
- Laban, of course.	- बेशक लाबान.	सुनिए: बिलान, बिलास तो लोग हैं।	0.7269757390022278	0.4870535731315613	0.3358806371688843
Am I running around in circles?	मैं हलकों में चारों ओर चल रहा है?	No	0.5585053563117981	0.27702951431274414	0.028417499735951424
Did you not see the hypocrites say to their brethren, the unbelievers among the People of the Book: “If you are banished we too will go with you and will not listen to anyone concerning you; and if war is waged against you, we will come to your aid.” But Allah bears witness that they are liars.	"क्या तुमने उन लोगों को नहीं देखा जिन्होंने कपटाचार की नीति अपनाई हैं, वे अपने किताबवाले उन भाइयों से, जो इनकार की नीति अपनाए हुए है, कहते है, ""यदि तुम्हें निकाला गया तो हम भी अवश्य ही तुम्हारे साथ निकल जाएँगे और तुम्हारे मामले में किसी की बात कभी भी नहीं मानेंगे। और यदि तुमसे युद्ध किया गया तो हम अवश्य तुम्हारी सहायता करेंगे।"" किन्तु अल्लाह गवाही देता है कि वे बिलकुल झूठे है"	जिस्म से नहीं हो चुकी और नश्चित्र हो चुकी	0.5965097546577454	0.1611674278974533	0.05860697478055954
file chooser	फ़ाइल-चयनक	फाइल चोज़र	0.8140479326248169	0.42590901255607605	0.4957124590873718
Those to whom We have given the Book rejoice in what is sent down to you, while some factions reject a part of it. Say: 'I am commanded to worship Allah and to associate none with Him. To Him I supplicate, and to Him I turn'	"जिन लोगों को हमने किताब प्रदान की है वे उससे, जो तुम्हारी ओर उतारा है, हर्षित होते है और विभिन्न गिरोहों के कुछ लोग ऐसे भी है जो उसकी कुछ बातों का इनकार करते है। कह दो, ""मुझे पर बस यह आदेश हुआ है कि मैं अल्लाह की बन्दगी करूँ और उसका सहभागी न ठहराऊँ। मैं उसी की ओर बुलाता हूँ और उसी की ओर मुझे लौटकर जाना है।"""	मध्य प्रदान के कुछ के प्रति प्रसिद्ध हैं: वे प्रसिद्ध हैं जो वे नहीं हो सकते; जिन्हें नहीं हो सकते वे भी हो सकते हैं और वे हो सकते हैं	0.6180859804153442	0.2574094831943512	0.13191770017147064
If We give the human being a taste of mercy from Us, and then withdraw it from him, he becomes despairing and ungrateful.	यदि हम मनुष्य को अपनी दयालुता का रसास्वादन कराकर फिर उसको छीन लॆं, तॊ (वह दयालुता कॆ लिए याचना नहीं करता) निश्चय ही वह निराशावादी, कृतघ्न है	जिस व्यक्ति को हम द्वारा दया की ताक़िर्त्व वाले स्पर्धा के प्रतिविध कण्यातम्	0.6651334166526794	0.3124846816062927	0.10855753719806671
Did you know that Mr. sly Wheaton has a legal document proving that every cent of that estate was intended for Ellen and nobody else, period?	आप श्री धूर्त व्हीटॉन एक कानूनी दस्तावेज है कि पता था साबित करना है कि वह संपत्ति का हर प्रतिशत एलेन और कोई नहीं, इस अवधि के लिए करना चाहता था?	जिस के कि पूरा पैसा उस समय के लिए हुआ था वह ही व्यक्ति के बारे में नहीं, बल्कि उस स्थिति के बारे में हूँ जिसे पूरा पैसा उस समय के लिए हुआ था वह व्यक्ति के बारे में नहीं, बल्कि उस स्थिति के बारे में हूँ जिसे पूरा पैसा उस समय के लिए हुआ था वह व्यक्ति के बारे में नहीं, बल्कि उस स्थिति के बारे में हूँ जिसे पूरा पैसा उस समय के लिए हुआ था वह व्यक्ति के बारे में नहीं, बल्कि उस स्थिति के बारे में हूँ जिसे पूरा पैसा उस समय के लिए हुआ था वह व्यक्ति के बारे में नहीं, बल्कि उस स्थिति के बारे में हूँ ज	0.5421373248100281	0.3519216477870941	0.1259143054485321
_Image	चित्र (_I)Disc Image	-	0.6158198714256287	0.5070448517799377	0.07615697383880615
But I had it earlier and now it's gone.	लेकिन मैं यह पहले था और अब वह चला गया है.	पर मैंने इसे पहले समय में रखा थै और अब भी रखता है।	0.8022302985191345	0.4424186050891876	0.46647194027900696
The adulterer and the adulteress, scourge ye each one of them (with) a hundred stripes. And let not pity for the twain withhold you from obedience to Allah, if ye believe in Allah and the Last Day. And let a party of believers witness their punishment.	़ज़िना करने वाली औरत और ज़िना करने वाले मर्द इन दोनों में से हर एक को सौ (सौ) कोडे मारो और अगर तुम ख़ुदा और रोजे अाख़िरत पर ईमान रखते हो तो हुक्मे खुदा के नाफिज़ करने में तुमको उनके बारे में किसी तरह की तरस का लिहाज़ न होने पाए और उन दोनों की सज़ा के वक्त मोमिन की एक जमाअत को मौजूद रहना चाहिए	आई.स.एस.2190.	0.5007951259613037	0.20086677372455597	0.13169068098068237
Come on, you've got more than that.	चलो, मैं चोट कर रहा हूँ, है ना?	जो कुछ भी है, यहाँ नहीं जोड़ा जा सकता और जो जोड़ा गया था, वह भी नहीं हो सकता	0.6414605975151062	0.37230947613716125	0.20440827310085297
English (Canada)	इंग्लिश (कॅनडा)	"अर्थ:
कनाडा"	0.6959831714630127	0.6143495440483093	0.6161656379699707
Disable use of the fixed function pipeline backend	निश्चित फ़ंक्शन पाइपलाइन बैकएंड का उपयोग निष्क्रिय करें	सके से संक्षित करने के लिए प्राप्त करणार्दीय प्राप्त करणे	0.6799725890159607	0.3095299303531647	0.10633262991905212
Yeah, same coffee shop.	हाँ, एक ही कॉफी की दुकान.	यह, सेी ही कॉफी शॉप है।	0.7912155985832214	0.658133327960968	0.5375548601150513
O Romeo, Romeo, wherefore art thou Romeo?	हे रोमियो, रोमियो, किस कला तू रोमियो?	रोमो, रोमो, wherefore art thou Romeo?	0.7789434194564819	0.3945220112800598	0.5005263686180115
Turn it off please, John.	जॉन, कृपया इसे बंद कर दो।	अरे जी, कृपया क्या कुछ हटाएँ!	0.7830693125724792	0.5305402874946594	0.37470144033432007
I just need to eat something.	कुछ खाने के लिए मैं सिर्फ जरूरत है.	मुझे खानेे कुछ।	0.7169524431228638	0.6106460690498352	0.6218702793121338
"And were you to wonder, then wondrous indeed is the saying of those who say: ""What! After we have been reduced to dust, shall we be created afresh?"" They are the ones who disbelieved in their Lord; they are the ones who shall have shackles around their necks. They shall be the inmates of the Fire, wherein they will abide for ever."	"अब यदि तुम्हें आश्चर्य ही करना है तो आश्चर्य की बात तो उनका यह कहना है कि ,""क्या जब हम मिट्टी हो जाएँगे तो क्या हम नए सिरे से पैदा भी होंगे?"" वही हैं जिन्होंने अपने रब के साथ इनकार की नीति अपनाई और वही है, जिनकी गर्दनों मे तौक़ पड़े हुए है और वही आग (में पड़ने) वाले है जिसमें उन्हें सदैव रहना है"	जो! के किस्मों के लोगों को उनके Lord के लिए विश्वास होने की शैली है; जो! के लोगों ने अपने Lord के लिए विश्वास नहीं दिखाय; जो! के लोगों को क्षति हो जाती है, जो! के लोगों को अफर अलमाज़ हो जाती है।	0.6483393907546997	0.3776329457759857	0.2857134938240051
We got into a fight...	हम एक लड़ाई में मिला...	हमने लड़ास में शामिल हो गये...	0.8345445990562439	0.5430898070335388	0.3833359181880951
, why did you send me here?	क्यों तुम मुझे यहाँ भेजा है?	सेंट, why did you send me here?	0.6718246936798096	0.5072937607765198	0.471034437417984
♪ COULD BE FOREVER BOUND	♪हमेशाके लिएबाध्यकिया जासकताहै	जो कोई भी पल ले सकता और लिया जा सकता	0.6225605010986328	0.35730138421058655	0.22631128132343292
Maldives Health blog has discussed the issue here. This is it.	मालदीव हेल्थ ब्लॉग ने मामले का ज़िक्र करते हुये लिखा	यहाँ संकेत किये हैं कि यहाँ समस्या से जुड़ी हैं और यहाँ समस्या से जुड़े हुए जानकारी से पूर्ण हो सकती हैं।	0.6524270176887512	0.327865332365036	0.2782307267189026
That's good, Jacobs.	अच्छा यही है, याकूब.	तबीज़ के बात, जैक्स।	0.7102476954460144	0.45227545499801636	0.5033279657363892
You cowards.	आप डरपोक.	यह तुम्हारा प्रतिरोध है।	0.6827579736709595	0.514829695224762	0.4947746992111206
If Kim Woo-jing becomes the regent,	किम वू जिंग रीजेंट हो जाता है,	अगर किम वू-जिंग रेगेंट हो	0.8308992981910706	0.6990641951560974	0.8169980049133301
Ignored	नज़रअंदाज़ कियाBoolean True - Yes	अनजार	0.6693549156188965	0.4760031998157501	0.37668249011039734
The law firm Leman Brothers currently in bankruptcy billed over 850 million in legal fees, in addition for billing in massage and lobster dinners.	वर्तमान में दिवालियापन में कानून फर्म Leman ब्रदर्स कानूनी फीस में दस लाख 850 से अधिक बिल भेजा, मालिश और समुद्री झींगा रात्रिभोज में बिलिंग के लिए इसके अलावा में.	लेमन बROT्स के निपटा व्यय 850 करोड़ की लागत से संबंधित है।	0.6924026608467102	0.4380282461643219	0.4310188591480255
Till you reach the grave.	यहाँ तक कि तुम क़ब्रिस्तानों में पहुँच गए	यति तक तुम रेखामित्री हो?	0.70750892162323	0.33628761768341064	0.15775881707668304
Pointer	छापें	प्र Pointer	0.666998028755188	0.4972366988658905	0.3243674635887146
My wealth did not avail me.	(अफ़सोस) मेरा माल मेरे कुछ भी काम न आया	मेरी पैसे का अर्थ नहीं था।	0.6616418957710266	0.4465813636779785	0.3817744851112366
The guests will be arriving at the front gate and directed to the valet.	मेहमानों के सामने गेट पर आने वाला है और सेवक को निर्देश दिया।	गेस्ट्स के आने के लिए फ्रॉन्ट गेट पर से जाने की ओर जाते हैं।	0.7444655299186707	0.5462349057197571	0.36301881074905396
Because we couldn't have done it alone.	क्योंकि हम यह सब अकेले नहीं कर सकते थे.	क्यों नहीं कह सकते हैं कि यह सही में नहीं कह सकते हैं।	0.7668295502662659	0.3742510676383972	0.18703590333461761
Toggles whether the BCC field is displayed	यदि BCC क्षेत्र प्रदर्शित है तो टॉगल करें	प्रदर्शन की स्थिति को देखते हुए देखते हुए	0.6604974269866943	0.39334985613822937	0.24013234674930573
User:	प्रयोक्ता:UserAuthentication User	"Hindi:
यूज़र:"	0.5877394676208496	0.431205689907074	0.2422628551721573
That they should bring to you every skillful magician.	"कि वे प्रत्येक प्रवीण जादूगर को आपके पास ले आएँ।"""	जो वे आपको इस कला में साथ ले आएँगे सभी रचनात्मक व्यक्ति।	0.754236102104187	0.6336891651153564	0.5732934474945068
Cheese Webcam Booth	चीज वेबकैम बूथ	कई किस्म में	0.6876063942909241	0.4391980469226837	0.35769587755203247
Clockwise Bottom Left Out	घड़ी की दिशा में नीचे बाएं से बाहर	सिलाई के किंगडे पे लाई सिलाई के किंगडे पे सिलाई की कक्षाएँ होती	0.6401990652084351	0.24932566285133362	0.13833940029144287
_Stop	रोकें(_S)	अनुपस्थिति या स्थायी नहीं	0.656114935874939	0.4387408494949341	0.3808017671108246
Not a launchable item	चलाने वाली वस्तु नहीं	अनजारित लोडेबल सामग्री	0.7218664884567261	0.47777876257896423	0.3701607882976532
"The solicitor, who was nicknamed ""Bash"" and hailed by criminals as a ""top brief,"" was arrested at his home in 2011 following a police surveillance operation into Scarborough, who he had represented in a previous narcotics trial."	"इस अधिवक्ता को, जिसे ""बैश"" का उपनाम दिया गया था, तथा जिसकी अपराधियों द्वारा ""टॉप ब्रीफ"" के रूप में प्रशंसा की गई थी, स्कारबोरो में पुलिस निगरानी संचालन के पश्चात वर्ष 2011 में उसके घर से गिरफ्तार किया गया था, जिसका उसने पिछले नारकोटिक्स ट्रायल में प्रतिनिधित्व किया था।"	स्कारबरो को 2011 में कैसारा, नाम के एक पेशेवर निर्देशक के रूप में पदोनिमित किया था।	0.7221260666847229	0.43721967935562134	0.5137811303138733
Brain starts working with 10 times increased capacity	मस्तिष्क में 10 बार वृद्धि की क्षमता के साथ काम शुरू होता है	"ज्ञान के 10 से बढ़ चार गुने ज्ञान के क्षमता को दिखाने वाले वाक्य:
ब्रेन स्ट्रीट चार्ज़ के क्षमता 10 times increased capacity"	0.6841521263122559	0.4020777940750122	0.10206827521324158
Simon, you don't have to do this.	साइमन, आप ऐसा करने के लिए नहीं है.	सिमोन, तुम्हें यह नहीं करनी पड़ती है.	0.7963563799858093	0.738789439201355	0.6035937070846558
"Indeed, Allah is my Lord and your Lord, so worship Him. That is the straight path."""	पस तुम ख़ुदा से डरो और मेरी इताअत करो बेशक ख़ुदा ही मेरा और तुम्हारा परवरदिगार है	ज्या! ईसा प्रजाति मेरी प्रजाति और तुम्हारी प्रजाति है, इसलिए तुम्हें इस्लाम के साथ इस्लाम की साँस्यों दी है।	0.6686368584632874	0.398713618516922	0.3001226484775543
Set Bac_kground Properties	पृष्ठभूमि गुण सेट करें (_k)	बैकबोर्ड प्रॉबेलिस	0.6504208445549011	0.437877893447876	0.25404787063598633
I however... would be willing to accept the responsibility...	मैं फिर भी ... जिम्मेदारी स्वीकार करने को तैयार हो जाएगा ...	मैं हाल ही किया... मैं हाल ही किये वाले स्थिति से जुड़े हो सकते के कारण से	0.7128764390945435	0.3568105697631836	0.1336001753807068
"Moses chose seventy of his people for the appointment (on Mount Sinai). When they arrived they were seized by a tremor. (Moses) said: ""O Lord, if You had so pleased You could have annihilated them and me before this. Will You destroy us for something the foolish among us have done? This is but a trial from You whereby You will lead whom You will astray and guide whom You please. You are our saviour, so forgive us and have mercy on us, for You are the best of forgivers."	और मूसा ने अपनी क़ौम से हमारा वायदा पूरा करने को (कोहतूर पर ले जाने के वास्ते) सत्तर आदमियों को चुना फिर जब उनको ज़लज़ले ने आ पकड़ा तो हज़रत मूसा ने अर्ज़ किया परवरदिगार अगर तू चाहता तो मुझको और उन सबको पहले ही हलाक़ कर डालता क्या हम में से चन्द बेवकूफों की करनी की सज़ा में हमको हलाक़ करता है ये तो सिर्फ तेरी आज़माइश थी तू जिसे चाहे उसे गुमराही में छोड़ दे और जिसको चाहे हिदायत दे तू ही हमारा मालिक है तू ही हमारे कुसूर को माफ कर और हम पर रहम कर और तू तो तमाम बख्शने वालों से कहीें बेहतर है	मoses ने कहाल को संबंधित करने दान करने वाले वे लोग हैं जिन्हें यू मॉर्टल से जानबाज़ी होते हैं।	0.6190534830093384	0.22166374325752258	0.1623295396566391
Passengers trying to avoid those fees have been stuffing as much as they can into carry-on baggage stashed in overhead bins, meaning those bins often run out of space.	जो जो यात्री शुल्क से बचने की कोशिश कर रहे हैं भराई कर रहे हैं जितना वे कर सकते हैं कैरी - ऑन बैगेज में जो ओवरहेड डिब्बे में स्टैश है , इसका मतलब है इस डिब्बे में अक्सर कम जगह है.	इस प्रक्रिया के परिणाम से स्थानीय प्रतिक्रिया होगी जो कि निरंतर होगी क्योंकि जो कि इस प्रक्रिया के परिणाम से स्थानीय प्रतिक्रिया भी होगी	0.6342853903770447	0.2902665436267853	0.3317801356315613
Group Box	समूह बक्सा	I/मैं क्या हूँ?	0.6150813698768616	0.4394480288028717	0.14005260169506073
Whatsoever has been given you is the stuff this life is made of, and only its embellishment. What is with your Lord is better and abiding. Will you not understand?	और तुम लोगों को जो कुछ अता हुआ है तो दुनिया की (ज़रा सी) ज़िन्दगी का फ़ायदा और उसकी आराइश है और जो कुछ ख़ुदा के पास है वह उससे कही बेहतर और पाएदार है तो क्या तुम इतना भी नहीं समझते	जो है उसके प्रश्नांक, जो है उसके प्रश्नांक के अनुसार ठोस से स्वतंता और साबित्र होता है।	0.6581546664237976	0.3156668245792389	0.28057244420051575
Bogofilter child process does not respond, killing...	बोगोफिल्टर संतति प्रक्रिया अनुक्रिया नहीं देती है, नष्ट कर रहा है...	जिस कोई संपूर्ण रूप से प्रतिरूप से नहीं होता है, उसे संपूर्ण रूप से प्रतिरूप से नहीं होता है।	0.6645869016647339	0.2853602468967438	0.144583061337471
You will train to compete as a team against other teams.	आप अन्य टीमों के खिलाफ एक टीम रूप में प्रतिस्पर्धा करने के िलए प्रशिक्षित करेंगे.	आपको एक टीम द्वारा competing करने के लिए तैयार होना है।	0.7486921548843384	0.6875419020652771	0.6914998888969421
The time to execute this query exceeded the server limit or the limit configured for this address book. Please make your search more specific or raise the time limit in the directory server preferences for this address book.	इस प्रश्न के लिए समय सर्वर सीमा से अधिक हो गया या सीमा जो कि इस पता पुस्तिका के लिए विन्यस्त किया था. कृपया सुनिश्चित करें कि आपकी खोज अधिक विशिष्ट हो या समय सीमा को निर्देशिका सर्वर वरीयता इस पता पुस्तिका के लिए बढ़ाए.	यह सुनना चाहूँ कि समय तक इस अनुप्रयोग के प्राप्त काल का अर्थ है कि किसी विशिष्ट प्राप्त काल के लिए, निर्धक और स्थायी से जुड़े अन्य जानकारी-सहस्यता, प्रतिक्षय, प्रतिरोध, प्रतिकार, प्रतिधापन, प्रतिनिधापन, प्रतिनिधिमित्त (सह-व्यक्त), साझा-व्यक्त), साझा-व्यक्त), साझा-व्यक्त), साझा-व्यक्त), साझा-व्यक्त), साझा-व्यक्त), साझा-व्यक्त), साझा-व्यक्त), साझा-व्यक्त), साझा-व्यक्त), साझा-व्यक्त), साझा-व्यक्त), साझा-व्यक्त), साझा-व्यक्त), साझा-व्यक्त), साझा-व्यक्त), साझा-व्यक्त), स	0.5982152819633484	0.29377737641334534	0.09289656579494476
Hayley's got the means.	हेले के साधन मिल गया।	हेयर्सी के साथ्य।	0.7359519600868225	0.47555628418922424	0.40729454159736633
They're chewing us up!	वे हमें चबा रहे हैं!	यह हमारा जाता है!	0.8417382836341858	0.45616665482521057	0.28198182582855225
And unto (the tribe of) A'ad (We sent) their brother, Hud. He said: O my people! Serve Allah. Ye have no other Allah save Him. Will ye not ward off (evil)?	और (हमने) क़ौम आद की तरफ उनके भाई हूद को (रसूल बनाकर भेजा) तो उन्होनें लोगों से कहा ऐ मेरी क़ौम ख़ुदा ही की इबादत करो उसके सिवा तुम्हारा कोई माबूद नहीं तो क्या तुम (ख़ुदा से) डरते नहीं हो	जिस जाति के हुद है वह अपने राजा का ध्यान रखती है।	0.6182226538658142	0.3165617883205414	0.20240731537342072
(Chris, Echoing) Hello!	हैलो!	Sure!	0.7967751622200012	0.603198766708374	0.5498809814453125
Like, it don't make sense.	तरह, यह मतलब नहीं है.	मैं नहीं कह सकता, लेकिन जो होता तो हाँ नहीं कह सकती।	0.6814363598823547	0.42381754517555237	0.2831946909427643
The stuff's out of your system.	यह लड़का है उसके दिमाग से बाहर.	जिस चीज़ को अपने पोर्टल से निकाला जाता है, उस चीज़ के बारे में होता है कि उसको अपने सॉफ्टर से निकाला जाता है।	0.7184537649154663	0.30838918685913086	0.2959046959877014
Or have they taken to themselves guardians other than Him? But Allah, He is the Guardian. He revives the dead and has power over all things.	क्या उन लोगों ने ख़ुदा के सिवा (दूसरे) कारसाज़ बनाए हैं तो कारसाज़ बस ख़ुदा ही है और वही मुर्दों को ज़िन्दा करेगा और वही हर चीज़ पर क़ुदरत रखता है	जिस व्यक्ति ने होने के लाभ और होने के नतीज़ की जाँच की है? नहीं तो उन्हें गuardians other than Him? और नहीं तो उन्हें रिव्हन्स और पावऱ दिए हैं?	0.6544443368911743	0.3390806317329407	0.24212519824504852
And they said, “O you magician! Pray for us to your Lord, by the means of His covenant which is with you; we will certainly come to guidance.”	"उनका कहना था, ""ऐ जादूगर! अपने रब से हमारे लिए प्रार्थना कर, उस प्रतिज्ञा के आधार पर जो उसने तुझसे कर रखी है। निश्चय ही हम सीधे मार्ग पर चलेंगे।"""	और वे कहावतों से कह रहे कि “मेरी प्रेरणा! मेरी प्रेरणा! मेरी प्रेरणा! मेरी प्रेरणा!”	0.6451161503791809	0.42880138754844666	0.35727033019065857
I'm going to be leading them to great things.	पर आने वाले दिनों में मैं उन्हें ऊँचाइयों की ओर ले जाऊँगा।	मैं उन्हें ज्यादा खुशी की सुविधि प्रदान कर रही हूँ.	0.7396070957183838	0.4533574879169464	0.41566789150238037
Know that Allah gives life to the earth after its death! Indeed We have made clear the Ayat (proofs, evidences, verses, lessons, signs, revelations, etc.) to you, if you but understand.	जान लो, अल्लाह धरती को उसकी मृत्यु के पश्चात जीवन प्रदान करता है। हमने तुम्हारे लिए आयतें खोल-खोलकर बयान कर दी है, ताकि तुम बुद्धि से काम लो	अरे, तुम्हें भी पता है कि Allah जो तुम्हारे दिल पर रखा है, उसके earth पर भी रखा है।	0.6949164271354675	0.3864716589450836	0.2361498922109604
To every community We sent a messenger: “Worship God, and avoid idolatry.” Some of them God guided, while others deserved misguidance. So travel through the earth, and see what the fate of the deniers was.	और हमने तो हर उम्मत में एक (न एक) रसूल इस बात के लिए ज़रुर भेजा कि लोगों ख़ुदा की इबादत करो और बुतों (की इबादत) से बचे रहो ग़रज़ उनमें से बाज़ की तो ख़ुदा ने हिदायत की और बाज़ के (सर) पर गुमराही सवार हो गई तो ज़रा तुम लोग रुए ज़मीन पर चल फिर कर देखो तो कि (पैग़म्बराने ख़ुदा के) झुठलाने वालों को क्या अन्जाम हुआ	"चेतना के धारकों को और उनके द्वारा दिए गए साहस्य के प्रति प्रति साहस्य के प्रति साहस्य के प्रति साहस्य के प्रति साहस्य के प्रति साहस्य के प्रति साहस्य के प्रति साहस्य के प्रति साहसियों वाले थे.

जैसा कि जादूध के दैनन्यवर्थ के भिन्न-रूप है, जैसा कि साहसियों वाले दैनन्यवर्थ भिन्न-रूप है, वैसा कि जादूध के दैनन्यवर्थ भिन्न-रूप है।"	0.6043688654899597	0.2678810954093933	0.16288582980632782
And lo, thy Lord! He is indeed the Mighty, the Merciful.	और निश्चय ही तुम्हारा रब ही है जो बड़ा प्रभुत्वशाली, अत्यन्त दयावान है	और यह, आपके राजा! वे indeed शक्ति प्राप्त कर रहे हैं।	0.6514679789543152	0.34564223885536194	0.2965780198574066
A state of mind.	दिमाग की एक स्थिति।	English to Hindi के लिए यह सट्टा वाक्य है।	0.680217444896698	0.3641161620616913	0.06104316934943199
Repository origin; Drop or type a different revision here	रेपोसिटरी छोडें या क़िस्म a	बैकस्पेक्ट रिकॉर्ड; किसी भी जिसे ड्रॉप या टाइप एक different revision here हो, ड्रॉप करने के लिए हो, आदि के लिए हो सकता हूँ	0.6606767773628235	0.36999157071113586	0.08916282653808594
A power station is on high alert tonight as environmental campaigners have vowed to shut it down.	बिजली संयंत्र पर आज रात कड़ी निगरानी रखी गई है क्योंकि पर्यावरण कार्यकर्ताओं ने इसे बंद करने की योजना बनाई है.	पावर स्टेशन पर ऊर्जी की सतर्कत में ताज़ार है रात के समय में पावर स्टेशन के बारे में environmental campaigners ने कुछ नहीं कहा.	0.7239944338798523	0.37707945704460144	0.34842097759246826
It is Allah Who sends the Winds, and they raise the Clouds: then does He spread them in the sky as He wills, and break them into fragments, until thou seest rain-drops issue from the midst thereof: then when He has made them reach such of his servants as He wills behold, they do rejoice!-	अल्लाह ही है जो हवाओं को भेजता है। फिर वे बादलों को उठाती हैं; फिर जिस तरह चाहता है उन्हें आकाश में फैला देता है और उन्हें परतों और टुकड़ियों का रूप दे देता है। फिर तुम देखते हो कि उनके बीच से वर्षा की बूँदें टपकी चली आती है। फिर जब वह अपने बन्दों में से जिनपर चाहता है, उसे बरसाता है। तो क्या देखते है कि वे हर्षित हो उठे	"मूल्य:
अल्लाह जो सेंड्स विंस को विंस raised वायु के स्की के जैसे होते थे then did He spread them in the sky as He wills behold, they do rejoice!-"	0.6112126111984253	0.18904492259025574	0.07385416328907013
Enough with the coffee.	कॉफी के साथ बहुत हो गया.	कॉफ़ी के बारे में आगे मत लें।	0.842121422290802	0.5009828209877014	0.5305569767951965
Some kid I have.	कुछ ही बच्चे है मेरे.	किसी बच्चे है	0.8373069167137146	0.5327745676040649	0.22562287747859955
“O Yusuf! O truthful one! Explain for us the seven healthy cows which seven lean cows were eating and the seven green ears of corn and seven others dry, so I may return to the people, possibly they may come to know.”	(ग़रज़ वह गया और यूसुफ से कहने लगा) ऐ यूसुफ ऐ बड़े सच्चे (यूसुफ) ज़रा हमें ये तो बताइए कि सात मोटी ताज़ी गायों को सात पतली गाय खाए जाती है और सात बालियॉ हैं हरी कचवा और फिर (सात) सूखी मुरझाई (इसकी ताबीर क्या है) तो मैं लोगों के पास पलट कर जाऊँ (और बयान करुँ)	“यूसफ! सच्चे एक जीवंत हूँ! इस बात के लिए मैं उन लोगों को जान पाता हूँ जो समझें।”	0.6589120626449585	0.30957892537117004	0.15044300258159637
Certainly We created above you seven levels and We have not been oblivious of the creation.	और हम ही ने तुम्हारे ऊपर तह ब तह आसमान बनाए और हम मख़लूक़ात से बेखबर नही है	ज़रूर हमने आपकी सात स्तरों और हमने भी इसे सावधान से सुना किया है।	0.6779825091362	0.33062294125556946	0.26447901129722595
Name	नाम	मूल	0.7207262516021729	0.7791661620140076	0.9117577075958252
Had any love affairs before meeting Indu?	इंदु से मिलने से पहले तुम्हारा कोई लव अफ़ेयर था?	में किसी इंडू से पहले किसी दूसरे का परिवेश था?	0.7702881097793579	0.41473129391670227	0.1955549567937851
No shots have been fired.	कोई गोली नहीं चली है.	कोई शॉट नहीं फर्मर हुआ है।	0.7995784282684326	0.4794168770313263	0.31103095412254333
It's a very hard surface to be sleeping on.	सोने के लिए यह काफ़ी कठोर जगह है.	कृपयोग्यता: इस प्रकार से कोई अंतर नहीं होता	0.6469147205352783	0.38517624139785767	0.4289715886116028
Copy Folder To	फ़ोल्डर की नक़ल यहाँ लें	-	0.5933853983879089	0.39276060461997986	0.09120766818523407
Your life hangs in the balance.	अपने जीवन अधर में लटका हुआ है.	आपकी जीवन स्थिति संकट में है।	0.8050599694252014	0.587319016456604	0.7115979194641113
Say thou: look ye were Allah to take away your hearing and your sight and seal up your hearts, what god, other than Allah, shall bring them unto you? Behold! how variously We propound the signs, yet they turn aside.	"कहो, ""क्या तुमने यह भी सोचा कि यदि अल्लाह तुम्हारे सुनने की और तुम्हारी देखने की शक्ति छीन ले और तुम्हारे दिलों पर ठप्पा लगा दे, तो अल्लाह के सिवा कौन पूज्य है जो तुम्हें ये चीज़े लाकर दे?"" देखो, किस प्रकार हम तरह-तरह से अपनी निशानियाँ बयान करते है! फिर भी वे किनारा ही खींचते जाते है"	जिस्म में पड़ता तो वैसी भी होती ?	0.6196456551551819	0.25292545557022095	0.04748379439115524
You do n't seem to have write access to this root album. Without this access, image and metadata editing will not work.	डिज़ीकैम के लिए छवि में चारों ओर किनारा जोड़ें प्लगइन.	यह निर्णय सुनिश्चित करने वाले के लिए है।	0.6811971664428711	0.3996181786060333	0.33078470826148987
- We're with you, Alexander!	- हम तुम्हारे साथ सिकंदर हैं!	जो कि कार्नल के साथ है!	0.7030603289604187	0.5444889664649963	0.5591941475868225
[goat bleats] man speaking native language:	[बकरी मिमयाती है] पुरुष अपनी मातृभाषा में बोल रहा है: मेरी कहानी यह है कि मैं काम नहीं कर सकता,	"मार्केटिंग:
गाय भेट के वाक्य:
जाने वाले मानव के वाक्य:
जो कि भेट करते हैं वाक्य के प्रभाव को मापने के लिए भी होते हैं।"	0.6430284976959229	0.35008272528648376	0.24517926573753357
You can try to get through.	तुम बीच से निकलने की कोशिश कर सकते हो.	जिस किसी भी के किसी के लिए है।	0.6200419068336487	0.2894733250141144	0.16060319542884827
The day Allah will gather the apostles and say, ‘What was the response to you?’ They will say, ‘We have no knowledge. Indeed You are knower of all that is Unseen.’	(उस वक्त क़ो याद करो) जिस दिन ख़ुदा अपने पैग़म्बरों को जमा करके पूछेगा कि (तुम्हारी उममत की तरफ से तबलीग़े एहकाम का) क्या जवाब दिया गया तो अर्ज क़रेगें कि हम तो (चन्द ज़ाहिरी बातों के सिवा) कुछ नहीं जानते तू तो खुद बड़ा ग़ैब वॉ है	जिस दिन Allah अपने अनमार्क विद्रियों और विवेकदार व्यक्तियों के साथ कहेंगे ‘जो कुछ के लिए कहा है’ तो वे सभी ऐसे व्यवहार करेंगे जो रचनात्मक और सहायक होते हैं।	0.6672973036766052	0.4319135546684265	0.40581977367401123
& Search	ढूंढें (S) @ label Type of file	यहाँ जानकारी दिया जाएगा।	0.6056854128837585	0.4038635194301605	0.43046483397483826
Server Settings	सर्वर विन्यास	सेवा सेटिंग	0.7792037129402161	0.6318292021751404	0.8479777574539185
And it has already come down to you in the Book that when you hear the verses of Allah [recited], they are denied [by them] and ridiculed; so do not sit with them until they enter into another conversation. Indeed, you would then be like them. Indeed Allah will gather the hypocrites and disbelievers in Hell all together -	वह 'किताब' में तुमपर यह हुक्म उतार चुका है कि जब तुम सुनो कि अल्लाह की आयतों का इनकार किया जा रहा है और उसका उपहास किया जा रहा है, तो जब तब वे किसी दूसरी बात में न लगा जाएँ, उनके साथ न बैठो, अन्यथा तुम भी उन्हीं के जैसे होगे; निश्चय ही अल्लाह कपटाचारियों और इनकार करनेवालों - सबको जहन्नम में एकत्र करनेवाला है	"मुस्तूर Hussar:
और यह सब कुछ विवरण बतती है कि जब वे दोनों इस वाक्य को पूरा करते हैं वे एक दूसरे के लिए भी बहुत ही सम्मान देते हैं।"	0.6479746103286743	0.29473021626472473	0.33282697200775146
Is it not that whenever they made a covenant, a part of them would cast it away? Rather, the majority of them do not have faith.	क्या यह एक निश्चित नीति है कि जब कि उन्होंने कोई वचन दिया तो उनके एक गिरोह ने उसे उठा फेंका? बल्कि उनमें अधिकतर ईमान ही नहीं रखते	जिस की कोई भी समझ नहीं कि कोई भी कूटी कार्यवाही के परिणाम कुछ भी नहीं हो सकते हैं।	0.6814168095588684	0.4843275249004364	0.38466593623161316
Custom	मनपसंद (u)	कम्पल	0.7393441796302795	0.4649415612220764	0.22848886251449585
Please do not use the elevators.	लिफ्ट का प्रयोग न करें	कृपयोग्यता: स्ट्रेंथ एफ्टर्स का उपयोग न करें।	0.8093420267105103	0.4834807217121124	0.4994276762008667
You making me good money.	तुम मुझे अच्छा पैसा बना रही है।	मैं आपको बहुत पैसा दे रही हूँ।	0.8325573801994324	0.651163637638092	0.7274123430252075
I'M THE ONE WITH A FUCKING GUN HERE!	मैं यहाँ एक बंदूक के साथ एक हूँ!	जी हूँ मैं वह व्यक्ति हूँ जिसके प्रति कुकिंग गन की बातें हैं!	0.7603492140769958	0.3882511556148529	0.19059224426746368
...it's the difference between a tenth and a half second but in battle, that's a long time... Aim. Fire.	... यह एक दसवें और एक दूसरी छमाही के बीच का अंतर है लेकिन लड़ाई में, कि एक लंबे समय है...	अर्थ: संघर्ष, लड़ाच, लंबी कालमात्रा, लंबी कालमात्रा।	0.6287437677383423	0.34602388739585876	0.11100690066814423
That was because they were averse to what Allah had revealed; so He let their works go to waste.	यह इसलिए कि उन्होंने उस चीज़ को नापसन्द किया जिसे अल्लाह ने अवतरित किया, तो उसने उनके कर्म अकारथ कर दिए	यह है क्योंकि वे किसी Allah के प्रस्तुति या अभिव्र्षण के प्रस्तुति के लिए भावित थे; और अब उनके प्रस्तुति के लिए कोई अंतर नहीं है कि यह सब काम करने वाले किसी लाभकारी है; और अब उनके प्रस्तुति के लिए कोई अंतर नहीं है कि यह सब काम करने वाले किसी लाभकारी है;	0.6504905223846436	0.3824082612991333	0.16537927091121674
_Delivered	दिया गया (_D)	Yes	0.6927706003189087	0.5495985150337219	0.476656973361969
What's wrong with that cop?	कि पुलिस वाले के साथ क्या गलत है?	क्या Cop से कुछ हुआ है?	0.7606644630432129	0.5429607629776001	0.5486248731613159
Rotor	रोटर	किसी भी तरह से नहीं।	0.6958221197128296	0.4216683804988861	0.4693138897418976
When We provide comfort for the human being, he withdraws and distances himself; but when adversity befalls him, he starts lengthy prayers.	(वह अलग) और जब हम इन्सान पर एहसान करते हैं तो (हमारी तरफ से) मुँह फेर लेता है और मुँह बदलकर चल देता है और जब उसे तकलीफ़ पहुँचती है तो लम्बी चौड़ी दुआएँ करने लगता है	दिया प्रदान करते हैं, उन छात्रों को वापसी और व्यापक प्रकट्टि से बचने के लिए lengthy अभिवेदन की शुरुआत होती है।	0.6607306599617004	0.3200828433036804	0.1568567007780075
"The register function hasn't been found automatically in the following pretty printer files: %s You need to fill yourself the register function columns before enabling the rows. Most of the time the register function name contains the word ""register""."	फंक्शन पाया इंच अनुसरण कर रहा है फ़ाइल नहीं से. को भरें फंक्शन स्तम्भ पहले सक्रिय कर रहा है पंक्तियाँ का समय फंक्शन नाम रखता है शब्द.	जो भी संग्रह कार्यक्रम के नाम के रूप में दर्ज किया गया है, वह उस संग्रह कार्यक्रम के रूप में प्रयुक्त किया गया है और उसमें से जो किया गया है, वह संग्रह कार्यक्रम के रूप में प्रयुक्त किया गया है और उसमें से जो किया गया है, वह संग्रह कार्यक्रम के रूप में प्रयुक्त किया गया है और उसमें से जो किया गया है, वह संग्रह कार्यक्रम के रूप में प्रयुक्त किया गया है और उसमें से जो किया गया है, वह संग्रह कार्यक्रम के रूप में प्रयुक्त किया गया है	0.5645909905433655	0.3338913023471832	0.14951004087924957
Leave it to me to prepare lunch.	खाना बनाना मुझपर छोड़ दो।	लंच के लिए तो मैं से तैयार लंच करूँ।	0.7364745736122131	0.36346951127052307	0.2051803320646286
Do they feel secure against God's devising? No one feels secure against God's devising except for those doomed to ruin.	आख़िर क्या वे अल्लाह की चाल से निश्चिन्त हो गए थे? तो (समझ लो उन्हें टोटे में पड़ना ही था, क्योंकि) अल्लाह की चाल से तो वही लोग निश्चित होते है, जो टोटे में पड़नेवाले होते है	नहीं के संतुष्ट हैं। निम्न है जो God's devising है उन्हें God का devise करन से नहीं भी हो सकते हैं।	0.6508678197860718	0.3198334872722626	0.14924533665180206
Type	क़िस्म	प्राप्त करने	0.7170842289924622	0.42595311999320984	0.44096580147743225
He challenges people.	उन्होंने कहा कि लोगों को चुनौती दी.	जो लोग किस्मत हैं, उन्हें प्रतिबलित किया ज सकता है।	0.7200259566307068	0.3473500609397888	0.45544886589050293
I have done everything you said.	मैं सब कुछ किया है तुमने कहा था।	यह सब सब ठीक रहा है।	0.7464798092842102	0.4977598488330841	0.3128299117088318
- Bharti.	भारती।	यह जानकारी सुनाई में जती है।	0.6909670233726501	0.41700178384780884	0.15866360068321228
They said: If he steal, a brother of his did indeed steal before; but Yusuf kept it secret in his heart and did not disclose it to them. He said: You are in an evil condition and Allah knows best what you state.	(ग़रज़) इब्ने यामीन रोक लिए गए तो ये लोग कहने लगे अगर उसने चोरी की तो (कौन ताज्जुब है) इसके पहले इसका भाई (यूसुफ) चोरी कर चुका है तो यूसुफ ने (उसका कुछ जवाब न दिया) उसको अपने दिल में पोशीदा (छुपाये) रखा और उन पर ज़ाहिर न होने दिया मगर ये कह दिया कि तुम लोग बड़े ख़ाना ख़राब (बुरे आदमी) हो	यह कहें: अगर यूसू ने पहले एक चोर के पहले कुछ लिया थै, लेकिन यूसू ने अपने आप से यह सब कुछ साक्षरत था और यह सब कुछ जानते थे कि यूसू के जीवन में यह सब कुछ जानते थे कि यूसू ने पहले एक चोर के पहले कुछ लिया था।	0.652577817440033	0.3665772080421448	0.3683224022388458
A swordsman came.	एक तलवारबाज आया...	कब्ज़ी आया।	0.7745242714881897	0.427619606256485	0.28066039085388184
That's real great.	कि असली महान है.	जी हाँ, कोई भी जोड़/नहीं जोड़/कोई भी नहीं	0.6806865930557251	0.3163262903690338	0.17646118998527527
NTV PROFIT presents coproduction NTV PROFIT = Russia	एन टी वी लाभ प्रस्तुत करता है सहनिर्माण एन टी वी प्रॉफिट= रूस	I English keyboard	0.6353517770767212	0.21750348806381226	0.04627512767910957
Stung by the Supreme Court decision the Rural Development Minister, Jairam Ramesh, said that the practice of exceeding their powers by the court is dangerous.	सुप्रीम कोर्ट के एक फैसले से तिलमिलाए केंद्रीय ग्रामीण विकास मंत्री जयराम रमेश ने अदालतों के लक्ष्मण रेखा लांघने को खतरनाक चलन बताया है।	सुपरमाइनस कोर्ट की निर्णय क्षमता में एक अतिशयोकृत्व हो सकती है।	0.6917481422424316	0.43930697441101074	0.29339975118637085
Image Burning Setup	छवि बर्निंग सेटअप	जिस कोई भी होगा	0.611746609210968	0.2960149347782135	0.16162274777889252
I got a lot to do before the family gets here.	मैं परिवार यहाँ हो जाता पहले करने के लिए एक बहुत कुछ मिला है.	डब्लक्स के लिए आने तक कुछ करना पड़ेगा।	0.7393003702163696	0.4371815621852875	0.50245600938797
Damn, niggah, a red hat!	अरे, niggah, एक लाल टोपी!	अरे, निगरहट!	0.7902176380157471	0.5529361963272095	0.5561508536338806
Key	कुंजी	बात	0.7754402160644531	0.5460466146469116	0.6194312572479248
Better wait here.	बेहतर होगा कि यहीं इंतज़ार करो।	ज्या के ही यहाँ रहे और किसी जानकारी को बदल नहीं करेगी.	0.7026557922363281	0.358191579580307	0.17833374440670013
1st to 10th	1ला से 10वां	1st to 10th	0.7161871194839478	0.6948598027229309	0.5274461507797241
A few good nights' rest will do it.	कुछ अच्छा रात 'बाकी क्या करेंगे.	अरे! कुछ दिनों का आराम करने से भी यह हो सकता |	0.7140756845474243	0.49611958861351013	0.5623865127563477
Daddy don't get scared.	पिताजी डरो मत।	डड़ी नहीं डर रहे तो क्या?	0.6926648020744324	0.4404849708080292	0.4007022976875305
Czech (cs)	चेक (सीएस)	I cannot add, remove, or change any information.	0.6013140082359314	0.2742190659046173	0.13184858858585358
Engage drop, Mr. Choi.	बूंद व्यस्त हैं, श्री चोई.	मस्त, मr. चोइ।	0.720996081829071	0.5226718783378601	0.5692747831344604
Your mother too will soon turn 70.	तुम्हारी माँ भी, जल्द ही हो जाएगी.	आपकी मातरी भी जल्दी 70 हो जाएगी।	0.8052105903625488	0.5587354302406311	0.5979137420654297
Show Contacts	संपर्क	जानकारी के लिए संपर्ट कार्य	0.7691973447799683	0.43455779552459717	0.3250120282173157
Accessible Color Scheme	आसान- पहुँच रंग योजना	क्रियात्मक रंग संरचना	0.7455049157142639	0.6686442494392395	0.8062892556190491
- Nothing can happen to us here, can it?	क्यों? - हमें यहाँ कुछ भी नहीं हो सकता है, क्या हो सकता है?	अरे! यहाँ कुछ भी हो सकता नहीं हो सकतेगा नहीं, क्या?	0.8445512056350708	0.693756639957428	0.5702865719795227
Pakistan: Women and the workplace · Global Voices	पाकिस्तानः कार्यस्थल और महिलायें	"साझे:
पाकिस्तान: महिला और कार्य समन"	0.7461913228034973	0.5294439196586609	0.5667492151260376
Warp	लपेटें	वारपूर्ण होता	0.7488650679588318	0.5140606760978699	0.26954174041748047
And you're not gonna apologize, are you?	और तुम्हारा माफी मांगने का इरादा नहीं है?	नहीं apologetic हो सकते हैं। नहीं कि आप क्या कह रहे हैं, की नहीं हुए प्रियो	0.6225870847702026	0.2789888381958008	0.07654865086078644
Okay, let's just track this thing.	ठीक है, तो बस इस बात पर नज़र रखने चलो.	बिल्कुल, lets just this thing के लिए track करें।	0.7215121388435364	0.47490647435188293	0.3989098370075226
a recompense for all that they did.	ये बदला है उनके (नेक) आमाल का	According to the text, recompense means that someone is paid or compensated for their actions.	0.6421360969543457	0.279466450214386	0.19497670233249664
Now who is exaggerating?	अब जो अतिशयोक्ति है?	जो लिख रहे हैं, वही हो सकता जो लिख रहे हैं।	0.6650892496109009	0.3364948332309723	0.36722636222839355
Olympus has fallen.	ओलिंप गिर गया है.	अर्जाने से हुआ है।	0.714375913143158	0.3375607430934906	0.38530460000038147
No, otherwise I wouldn't be here.	नहीं, नहीं तो मैं यहाँ नहीं होता.	अरे, otherwise I wouldn't be here।	0.7023420333862305	0.6107324361801147	0.38579902052879333
Personal Information	निजी सूचना	जानकारी सारी	0.7201800346374512	0.6324812769889832	0.38326460123062134
Lest you should say, ‘The Book was sent down only to two communities before us, and we were indeed unaware of their studies,’	"कि कहीं ऐसा न हो कि तुम कहने लगो, ""किताब तो केवल हमसे पहले के दो गिरोहों पर उतारी गई थी और हमें तो उनके पढ़ने-पढ़ाने की ख़बर तक न थी।"""	“तो पूरी शब्दों में दिए गए निर्दनिष्ठ ज्ञान के लिए”	0.6465722918510437	0.33502042293548584	0.17929299175739288
Nothing prevented the people from believing, when guidance has come to them, except that they said, “Did God send a human messenger?”	"लोगों को जबकि उनके पास मार्गदर्शन आया तो उनको ईमान लाने से केवल यही चीज़ रुकावट बनी कि वे कहने लगे, ""क्या अल्लाह ने एक मनुष्य को रसूल बनाकर भेज दिया?"""	जो लोगों को ज्ञान में सुधार करने पर कहें तो उन्हें यह नहीं कहाया कि, “Did God sent a human messenger?”	0.6805380582809448	0.4281197488307953	0.29769468307495117
There was a strong wind that day.	उस दिन हवा बहुत तेज़ थी।	किसी भी जानकारी जोड़न, रोकने, या बदलने की कोई कार्य हो सकता था।	0.6279187202453613	0.28693124651908875	0.2235489934682846
If the boy and the girl are both in agreement then I'm in agreement, too	अगर लड़का और लड़की दोनों राजी हों तो... ...तो मेरी भी रजामंदी है	अरे!	0.6330461502075195	0.3148227035999298	0.03262324631214142
(Carly) It works.	- काम कर रहा है.	ये काम करती है।	0.7771812677383423	0.7734788656234741	0.8187376260757446
You are not always here and sometimes I'm so depressed	तुम हमेशा यहाँ नहीं रहते और कभी कभी मैं बहुत उदास हो जाती हूं.	आप कभी नहीं रहें और कभी ऐसा भी हो जे आप पर भी असर पड़े |	0.7157090902328491	0.33126547932624817	0.21180172264575958
Khan's blog post has created quite a bit of reaction from the bloggers.	आमिर के इस चिट्ठे में चिट्ठाकारों की प्रतिक्रियाओं की बौछारें लग गईं.	कहानी की लेख-पत्र ने बहुत सारी व्याख्यानी से पूरी प्रक्रिया से बहुत ज्यातना हुई।	0.6970995664596558	0.3249445855617523	0.21842072904109955
"Has he invented about Allah a lie or is there in him madness?"" Rather, they who do not believe in the Hereafter will be in the punishment and [are in] extreme error."	क्या उसने अल्लाह पर झूठ घड़कर थोपा है, या उसे कुछ उन्माद है? नहीं, बल्कि जो लोग आख़िरत पर ईमान नहीं रखते वे यातना और परले दरजे की गुमराही में हैं	जिस व्यक्ति के द्वारा यह नहीं कहा जाये कि यह स्थिति या घटना वास्तव में भविष्य में अच्छाई है या नहीं इसके परिणत्त्व हो सकते हैं।	0.6568714380264282	0.3895380198955536	0.44757527112960815
Either python path is wrong or python-rope (http://rope.sf.net) libraries aren't installed. Both are required for autocompletion in python files. Please install them and check the python path in the preferences.	python है या pythonhttp://rope.sf.net दोनों जरूरी के लिए इंच python फ़ाइल अधिष्ठापित करें और python इंच पसंद.	ये संकेत हैं कि आपके पास पython और पyro के लिए ज़रूरी है और आपके प्रयासों के दौरान आपको अपने प्यू और रो पे के लिए ज़रूरी है.	0.6633025407791138	0.4099394679069519	0.23549287021160126
( Moaning )	(कराह रही)	( जोर )	0.8215469717979431	0.6632363200187683	0.49787017703056335
So glad that the 2019 Pan American Games will be held in Lima!	बहुत खुश हूँ कि 2019 के पैन अमेरिकी खेल लीमा में होगें।	यह सही है कि 2019 पनाम एशियाई खेलेंदु लिम्बों में हों!	0.7801154851913452	0.604159951210022	0.7227576971054077
It is He Who has made for you the stars that you may follow the right direction in the darkness of the land and the sea. We have indeed spelled out signs for the people who have knowledge.	और वह वही (ख़ुदा) है जिसने तुम्हारे (नफे के) वास्ते सितारे पैदा किए ताकि तुम जॅगलों और दरियाओं की तारिक़ियों (अंधेरों) में उनसे राह मालूम करो जो लोग वाक़िफकार हैं उनके लिए हमने (अपनी क़ुदरत की) निशानियाँ ख़ूब तफ़सील से बयान कर दी हैं	जिस व्यक्ति ने सारे जीवित जानबोधी निर्देश के लिए स्पील-आये हैं वे लोग जो ज्ञान प्राप्त की सकते थे वे सारे जीवित जानबोधिक निर्देश के लिए स्पील-आये हैं वे लोग जो ज्ञान प्राप्त की सकते थे वे सारे जीवित जानबोधिक निर्देश के लिए स्पील-आये हैं वे लोग जो ज्ञान प्राप्त की सकते थे वे सारे जीवित जानबोधिक निर्देश के लिए स्पील-आये हैं वे लोग जो ज्ञान प्राप्त की सकते थे वे सारे जीवित जानबोधिक निर्देश के लिए स्पील-आये हैं वे लोग जो ज्ञान प्राप्त की सकते थे वे सारे	0.5301893353462219	0.33004316687583923	0.1219007819890976
This is 21.	यह 21.	21.	0.7990080118179321	0.904747724533081	0.8161314725875854
- No, I know you don't, Jane.	- नहीं, मैं तुम्हें नहीं पता, जेन.	जाने के लिए नहीं,जिसने नहीं, जानकिन्हें जाने की स्थिति है।	0.6637705564498901	0.23541852831840515	0.19455625116825104
I'm sorry I ever thought you--	मैं मैं कभी तुमने सोचा माफी चाहता हूँ.	जी हाँ, मैं बिल्क्रेड नहीं कह रहूँ कि मैं उस संदेश को भी नहीं कह रखूँ कि मैं उस जानकारी के साथ भी faithful रहूँ कि मैं उस संदेश को भी नहीं कह रखूँ कि मैं उस जानकारी के साथ भी सहज रहूँ कि मैं उस संदेश को भी नहीं कह रखूँ कि मैं उस जानकारी के साथ भी सहज रहूँ कि मैं उस संदेश को भी नहीं कह रखूँ कि मैं उस जानकारी के साथ भी सहज रहूँ कि मैं उस संदेश को भी नहीं कह रखूँ कि मैं उस जानकारी के साथ भी सहज रहूँ कि मैं उस संदेश को भी नहीं कह रखूँ कि मैं उस जानकारी के साथ भी सहज रहूँ कि मैं उस संदेश को भी नहीं कह रखूँ कि मैं उस जानक	0.5844824910163879	0.34001782536506653	-0.0035617947578430176
- No, let's hit it head-on!	नहीं, के सिर पर मारा!	अरे, लेकिन कोई भी ज्यादा न हो!	0.7853370904922485	0.4054221212863922	0.414888471364975
So off they went, whispering to one another:	ग़रज़ वह लोग चले और आपस में चुपके चुपके कहते जाते थे	जो छोटे होकर, सांसारीय संगात्रियों को प्रप्त करते हैं:	0.6376038789749146	0.3558257818222046	0.17797432839870453
Delete	मिटाएँ	इस सामग्री को हटाने के लिए	0.6512861847877502	0.44394639134407043	0.5532150268554688
Say, “It is He Who has spread you out in the earth, and towards Him you will be raised.”	कह दो कि वही तो है जिसने तुमको ज़मीन में फैला दिया और उसी के सामने जमा किए जाओगे	जी, “यह व्यक्त है जिसने आपिस में पड़न को पृक्षका बनाया.”	0.7046656012535095	0.333955317735672	0.1249350756406784
KFormula	के- फॉर्मूला	I cannot add, remove, or change any information	0.5615965127944946	0.35670575499534607	0.17870944738388062
No. Urn...	सं कलश...	No. Urn...	0.7300131916999817	0.4919435679912567	0.30572253465652466
"Really delete folder ""{0}"" and all of its subfolders?"	"फ़ोल्डर ""{0}"" और इसके सभी उपफोल्डरों को वास्तव में विलोपित करना चाहते हैं?"	"real delete folder ""{0}"" and all of its subfolders?"	0.7658868432044983	0.4056098163127899	0.2857193946838379
Details	विवरण	बारीकी, सट्टी फ़ैस्टिव से बदले हैं।	0.6521049737930298	0.3165390193462372	0.07461268454790115
That was twice and I was out of line.	वह दो बार गया था और मैं रेखा के बाहर था.	दोहरी है और मैं क्षत्रिका थी।	0.8020912408828735	0.3568212389945984	0.17589342594146729
"The fools among the people will say, 'What has turned them from the direction they were facing in their prayers aforetime?' Say: ""To God belong the East and the West; He guides whomsoever He will to a straight path.'"	"मूर्ख लोग अब कहेंगे, ""उन्हें उनके उस क़िबले (उपासना-दिशा) से, जिस पर वे थे किस ची़ज़ ने फेर दिया?"" कहो, ""पूरब और पश्चिम अल्लाह ही के है, वह जिसे चाहता है सीधा मार्ग दिखाता है।"""	जो लोग जो प्रayers कहीं प्रयास में हैं वे लोग जो लोग east और west के लिए प्रेरित करते हैं वे लोग जो लोग to a straight path will guide whomsoever he will to a straight path.	0.6578394770622253	0.21993184089660645	0.2261359989643097
As for those who work against Our Signs so as to frustrate them, they shall be arraigned into the chastisement.	और जो लोग हमारी आयतों (की तोड़) में मुक़ाबले की नीयत से दौड़ द्दूप करते हैं वही लोग (जहन्नुम के) अज़ाब में झोक दिए जाएॅगे	जो लोग Our Symbols का विरोध करते हैं और उन्हें कष्ट पाते हैं, उन्हें चार्ज़ की सजा देंगी।	0.6995178461074829	0.4203777015209198	0.2980436086654663
Now, I'll notify Cameron.	अब, मैं कैमरून को सूचित करेंगे.	कम्यूनर के साथ सूचना दे रहूँगी।	0.7492484450340271	0.49692562222480774	0.5281339287757874
From Syria, Mustafa Hamido explains what Ramadhan means for him.	सीरिया से मुस्तफा हमीदो स्पष्ट कर रहे हैं कि उनके लिए रमजान का क्या महत्व है.	सीरिया से मुस्तैद ख्याल explains रामादhan के लिए है।	0.7698526382446289	0.43632519245147705	0.23052312433719635
How was the bride?	दुल्हन कैसी थी?	ब्राइड कैसे थी?	0.868574857711792	0.7178905010223389	0.6358004808425903
"""who's got, like, bomb moves, right?"	"मैं ""कौन सही है, जैसे, बम चाल मिल गया है?"	जो है उससे लैस बम्ब सीखने की क्षमता, साहित्य, और साहित्यिक कौशल के लाभ होते हैं।	0.6545990705490112	0.38372451066970825	0.38766607642173767
I'm gonna start looking at him. Will you give us a second, please, Ryan?	रायन ?	मैं रyan से जाँच रहूँगा। हमें आपके दिमाग से प्रोति हो जाएगा।	0.6411457061767578	0.32337817549705505	0.2189738154411316
You're not getting away with it, understand?	तुम इसे लेकर बच नहीं सकते हो, समझ में आया?	नहीं आप कुछ जानकारी जोड़ नहीं सकते।	0.7144994735717773	0.5269761681556702	0.4707202911376953
Cannot create MAPI source in offline mode	ऑफलाइन मोड में MAPI स्रोत नहीं बना सकता है	मापी स्रोत को ऑफलाइन मोड में बनाने की क्षमता है।	0.8289399147033691	0.6638213992118835	0.720975935459137
I mean, suddenly, I just got some more school spirit.	मेरा मतलब है, अचानक, मैं बस कुछ अधिक स्कूल की भावना मिल गया.	बिलकुल, सिल्क से कुछ और नहीं।	0.6907174587249756	0.34099438786506653	0.18287301063537598
Just that one moment and then eternal peace.	और मैंने जर्मन भूमि को यहूदी जहर से शुद्ध किया.	सिर्फ एक सेकंड और फिर पूरी जीवन की शांति के बारे में बताने के लयल कार्यों को प्राप्त करने वाले लोगों के सुखद अनुभवों को सुनने के लिए स्वतंता और विविधतापूर्ण भाषा के लिए।	0.6558341979980469	0.3352624475955963	0.1375688910484314
Beer, I guess.	बीयर, मुझे लगता है.	जी हाँ, शायद.	0.7468452453613281	0.5534158945083618	0.7212659120559692
Location:	स्थानः	जो स्थान के बारे में है, वह है।	0.7167192697525024	0.44967833161354065	0.2104627639055252
- Ready, Petra?	- 60 सेकंड!	सहेज़, पेट्रा?	0.673731803894043	0.37361112236976624	0.3524314761161804
If you do vomiting sensation will go.	अगर आप कर दो,तो उल्टी आना बंद हो जाएगी.	अगर आप पूरी तरह से जाते हैं तो पेट से दर्द हो सकता है।	0.7659497261047363	0.41535234451293945	0.5193517804145813
Pharaoh said, ‘Do you profess faith in Him before I may permit you? It is indeed a plot you have devised in the city to expel its people from it. Soon you will know [the consequences]!	फिरऔन ने कहा (हाए) तुम लोग मेरी इजाज़त के क़ब्ल (पहले) उस पर ईमान ले आए ये ज़रूर तुम लोगों की मक्कारी है जो तुम लोगों ने उस शहर में फैला रखी है ताकि उसके बाशिन्दों को यहाँ से निकाल कर बाहर करो पस तुम्हें अन क़रीब ही उस शरारत का मज़ा मालूम हो जाएगा	जापान के शॉवर में कहे गए शब्दों का उपयोग होता है।	0.634249746799469	0.23621395230293274	0.2798668444156647
They will hear no nonsense there or talk of sin,	वहाँ न तो बेहूदा बात सुनेंगे और न गुनाह की बात	जो लोग वहाँ जाते हैं, उसी विषय, ध्यान से नहीं, बल्कि विवेचन से नहीं!	0.65912264585495	0.3926306664943695	0.40150928497314453
and when Allah's servant stood up to call on Him, they well-nigh swarmed him.	और ये कि जब उसका बन्दा (मोहम्मद) उसकी इबादत को खड़ा होता है तो लोग उसके गिर्द हुजूम करके गिर पड़ते हैं	और जब अलहाद के पास स्वर्ग के प्रतिवादी स्वर्ग के प्रतिवादी पवितरूप स्वर्ग के प्रतिवादी होते हैं।	0.6730160117149353	0.31106045842170715	0.24492217600345612
Balbir Singh from the Registrar Office (East) has fled from the scene.	रजिस्ट्रार दफ्तर (पूर्वी) का बलबीर सिंह मौके से फरार हो गया है।	यह जानकारी देने वाले के पास हो सकते हैं।	0.662277340888977	0.3643558919429779	0.21923395991325378
without [adding], ‘God willing.’ And when you forget, remember your Lord, and say, ‘Maybe my Lord will guide me to [something] more akin to rectitude than this.’	मगर इन्शा अल्लाह कह कर और अगर (इन्शा अल्लाह कहना) भूल जाओ तो (जब याद आए) अपने परवरदिगार को याद कर लो (इन्शा अल्लाह कह लो) और कहो कि उम्मीद है कि मेरा परवरदिगार मुझे ऐसी बात की हिदायत फरमाए जो रहनुमाई में उससे भी ज्यादा क़रीब हो	अरे,'गोद विल्ली,'और जब आप याद रखें तो अपने रaja को और इस प्रकार से 'बेहतर' हो सकते कि इसे सीध से 'rectitude' बनाया जा सकते कि इसके बजाव से बेहतर हो सकते कि इसे किसी 'तर्क' से 'बेहतर' हो सकते कि इसे किसी 'ज्ञान' से 'बेहतर' हो सकते कि इसे किसी 'रचनात्मक' से 'बेहतर' हो सकते कि इसे किसी 'साहित्य' से 'बेहतर' हो सकते कि इसे किसी 'ज्ञात्र' से 'बेहतर' हो सकते कि इसे किसी 'रचनात्मक' से 'बेहतर' हो सकते कि इसे किसी 'साहित्य' से 'बेहतर' हो सकते कि इसे किसी 'ज्ञात्र' से 'बेहतर' हो सकते क	0.5751655101776123	0.3269816040992737	0.0958152562379837
Your names	रविशंकर श्रीवास्तव, जी. करूणाकरEMAIL OF TRANSLATORS	यरसी	0.6271814107894897	0.3969801068305969	0.16240037977695465
And are you, Frau Braun, of pure Aryan descent?	और क्या तुम, फ्रॉ ब्रौन, शुद्ध आर्य वंश के हो?	No, you are not an Aryan woman.	0.667973518371582	0.3682062327861786	0.31393319368362427
- Albert Weinselstein.	- अल्बर्ट Weinselstein.	- एल्बर्ट वाइनसेलstein।	0.8496955633163452	0.6587129235267639	0.5967540740966797
attachment.dat	संलग्नक	बनाया हुआ नहीं हो सकता और न हो सकता	0.6551172733306885	0.29649341106414795	0.14299051463603973
Why?	क्यों?	ज़रूर बताना	0.7028528451919556	0.6064223647117615	0.6001046299934387
Found the appointment in the calendar '%s'	'%s' पंचांग में मुलाकात मिली.	%s में नाम बदलाव को दर्शाने वाली विवरण में से नहीं लिया जाता	0.69478839635849	0.42561963200569153	0.16366134583950043
You're right on top of it.	आप यह की चोटी पर सही हैं.	अरे फिर भी नहीं.	0.7213447093963623	0.3974662125110626	0.22199447453022003
But I couldn't even touch her.	लेकिन मैं उसे छू तक नहीं पाया.	पहचाने में मैं नहीं कह सकता कि मेरी भी हो सकती	0.7137246131896973	0.34848693013191223	0.1520499289035797
They say: Why hath no portent been sent down upon him from his Lord? Say: Lo! Allah is Able to send down a portent. But most of them know not.	"वे यह भी कहते है, ""उस (नबी) पर उसके रब की ओर से कोई निशानी क्यों नहीं उतारी गई?"" कह दो, ""अल्लाह को तो इसकी सामर्थ्य प्राप्त है कि कोई निशानी उतार दे; परन्तु उनमें से अधिकतर लोग नहीं जानते।"""	यह कहते हैं कि राजा का एक पुत्ता बच्चा है जो किसी साहित्य का पुत्ता बच्चा है जो किसी भी जाति या समुदाय का साहित्य हो सकता है।	0.6510992050170898	0.2864013612270355	0.2870108187198639
You have a prescription?	आप एक नुस्खा है?	Yes, you have a prescription?	0.7170404195785522	0.3950715959072113	0.3998575210571289
Now, these pirate recordings do not only feature the lovable alien, there's also a rather bizarre intermission featuring a conventionally pretty young lady.	अब ये पायरेटेड रेकोर्डिंग केवल प्यारे एलियन्स को ही नहीं फिल्माते... बल्कि वहाँ एक विचित्र मध्यांतर में... एक पारंपरिक सुंदर युवा लड़की को दिखाते हैं।	अब, ये पिरेट कॉलेज के कार्य पात्र यह स्पष्ट है कि इन पिरेट कॉलेजों में भी बुर्ले के कार्य पात्र होते हैं।	0.6928683519363403	0.35250547528266907	0.34976664185523987
Vietnamese	विएतनामी	English	0.6680888533592224	0.49299356341362	0.2502822279930115
If I unite you with your sweetheart, all my sins would vanish into thin air.	अगर मैं तुम्हे तुम्हारी प्रियतम से मिला सकू, तो मेरे सारे पाप इस हवा में उड जायेंगे.	अरे, अगर मैं तुम्हें अपने प्रेमी को तुम्हारे प्रेम को तुम्हारे प्रेम को तुम्हारे प्रेम को तुम्हारे प्रेम को तुम्हारे प्रेम को तुम्हारे प्रेम को तुम्हारे प्रेम को तुम्हारे प्रेम को तुम्हारे प्रेम को तुम्हारे प्रेम को तुम्हारे प्रेम को तुम्हारे प्रेम को तुम्हारे प्रेम को तुम्हारे प्रेम को तुम्हारे प्रेम को तुम्हारे प्रेम को तुम्हारे प्रेम को तुम्हारे प्रेम को तुम्हारे प्रेम को तुम्हारे प्रेम को तुम्हारे प्रेम को तुम्हारे प्रेम को तुम्हारे प्रेम को तुम्हारे प्रेम	0.6188471913337708	0.2797759771347046	0.07728524506092072
And Ishmael, and Enoch, and Ezekiel; each was one of the steadfast.	और (ऐ रसूल) इसमाईल और इदरीस और जुलकिफ्ल (के वाक़यात से याद करो) ये सब साबिर बन्दे थे	"सही टिप्पटियाँ:
और इश्मील, और ईके एल, और इकॉन, each was one of the steadfast."	0.6949352622032166	0.3551463782787323	0.21080024540424347
Nigh unto which is the Garden of Abode.	उसी के पास तो रहने की बेहिश्त है	जिस प्रजाति की स्थानिक प्रजाति है वही प्रजाति है जिसकी राज्य की स्थानिक प्रजाति है।	0.657860517501831	0.3144095838069916	0.1860329806804657
Of what do they question one another?	किस चीज़ के विषय में वे आपस में पूछ-गच्छ कर रहे है?	जिस संबंध में वे एक-दूसरों से पूछते हैं वही होता है।	0.7393550872802734	0.663523256778717	0.5985954403877258
I don't know what you are, or where you're from, but I'd like to tell you about something I read.	जैक: मैं तुम्हें क्या कर रहे हैं पता नहीं है, या आप कहाँ से हैं, लेकिन मैं तुम्हें मैं पढ़ने के बारे में कुछ बताना चाहूँगा.	मैं जानत नहीं कि आप हैं, या जहाँ आप हैं, लेकिन मैं जानता क्रश्याति को बता सकती कि मैं जानती क्रश्याति को बताने से कुछ ख्याली है।	0.7347207069396973	0.4094275236129761	0.24052326381206512
This message is not available in offline mode.	ऑफ़लाइन मोड में यह संदेश उपलब्ध नहीं है.	ऑलाइन मोड में इस संदेश का प्रकाशन नहीं होगा।	0.8995307087898254	0.848592221736908	0.8601909279823303
They're on the northern outskirts between Frohnau and Pankow.	वे जौसेन को दक्षिण की ओर ले गये है और स्टांसडॉर्फ की ओर बढ़ रहे हैं.	वे उत्तरी क्षेत्र के फ्रोहान और पंको के निरुद्ध हिस्से हैं।	0.7199347615242004	0.399554044008255	0.4125252962112427
She was a good mother to you, wasn't she?	वह एक अच्छी माँ थी न?	वह एक अच्छी मात्री थीं wasn't she?	0.8336594104766846	0.460523396730423	0.47656989097595215
India: The Advent of Citizen-Driven Election Monitoring · Global Voices	आम चुनावों में लगी जनता की पैनी नज़र	"मूल:
भारत: नागरिक-निर्देशी वोटरों को वोट के प्रति विचार के प्रति व्यक्ति के प्रति समय वाले संकलित होते हैं"	0.6539816856384277	0.3183760643005371	0.15347404778003693
FOUR SPIRITS OF THE RIVER	Constellation name (optional)	जो चारों भूतों के प्रभुत क्षेत्र हैं, वे सभी प्राणियों के प्रभुत क्षेत्र हैं।	0.6246122717857361	0.33017098903656006	0.4743505120277405
CalDAV	CalDAV	कैलेडिवार के डेटा संग्रह को स्थानांतर्गत संग्रह का प्रक्षिण्य किया ज सके	0.6286566257476807	0.3625248670578003	0.15692900121212006
I will get Nathan out.	मैं नाथन बाहर निकलना होगा.	नतन को जानलिया	0.6695287823677063	0.35865819454193115	0.1916346698999405
I'm asking... man:	मैं पूछ रही हूं- - पुरुष:	मैं पूछ रहे... मैं पूछ रहे...	0.729287326335907	0.5175988674163818	0.2920045256614685
The months for Hajj are well known to all; whoever makes up his mind to perform Hajj during these fixed months, let him totally abstain from all sorts of sexual indulgence, wickedness and wrangling during the Hajj and remember that Allah knows whatever good you do. Take necessary provisions for Hajj, and piety is the best of all provisions: so refrain from disobeying Me, O men of understanding!	हज के महीने जाने-पहचाने और निश्चित हैं, तो जो इनमें हज करने का निश्चय करे, को हज में न तो काम-वासना की बातें हो सकती है और न अवज्ञा और न लड़ाई-झगड़े की कोई बात। और जो भलाई के काम भी तुम करोंगे अल्लाह उसे जानता होगा। और (ईश-भय) पाथेय ले लो, क्योंकि सबसे उत्तम पाथेय ईश-भय है। और ऐ बुद्धि और समझवालो! मेरा डर रखो	English to Hindi रूप में अनुसारी और विविधी प्रदान करने वाले संकेतों को उचित रूप से और प्रभावशाली रूप से प्राप्त किया ज सकता है।	0.599609911441803	0.2781561613082886	0.2504425048828125
So I suppose my tears were more for the sadness that there's so much to overcome.	इसलिए मुझे लगता है कि मेरे आंसू दुख की वजह से आए थे कि कितना सब कुछ सहना पड़ता है.	सो मैं सोचती हूँ कि मेरे प्यासे वातावसे के कारण थे जिस प्रकार से मैं किसी को प्रभावशाली बना सकती थी	0.7043759226799011	0.3824394643306732	0.33647215366363525
O you who believe, if you confer with the Prophet in private, give alms in the name of God before you go to confer. This is better for you and becoming. If you do not have the means, then surely God is forgiving and kind.	ऐ ईमानदारों जब पैग़म्बर से कोई बात कान में कहनी चाहो तो कुछ ख़ैरात अपनी सरगोशी से पहले दे दिया करो यही तुम्हारे वास्ते बेहतर और पाकीज़ा बात है पस अगर तुमको इसका मुक़दूर न हो तो बेशक ख़ुदा बड़ा बख्शने वाला मेहरबान है	यह समझें कि शिकायति के संबंध में विवरण स्थापित कर सकते हैं और विवरण स्थापित करने वाले किसे यह सलाह दी जाती है?	0.6291826367378235	0.30819347500801086	0.31584006547927856
Thanks.	तुम सही हो.	अरे/बेटियाँ।	0.6997929811477661	0.39070186018943787	0.24349230527877808
Whether to show the address column in the history window.	क्या इतिहास विंडो में पता स्तंभ को दिखायें	जिस व्यक्ति के टेबल में स्थित पत्र को दिखवाने के लिए, उसे दिखवाने वाले को दिखवाएँ।	0.7051956057548523	0.42720475792884827	0.3660019040107727
"And they will say, ""Praise to Allah, who has fulfilled for us His promise and made us inherit the earth [so] we may settle in Paradise wherever we will. And excellent is the reward of [righteous] workers."""	"और वे कहेंगे, ""प्रशंसा अल्लाह के लिए, जिसने हमारे साथ अपना वादा सच कर दिखाया, और हमें इस भूमि का वारिस बनाया कि हम जन्नत में जहाँ चाहें वहाँ रहें-बसे।"" अतः क्या ही अच्छा प्रतिदान है कर्म करनेवालों का!-"	इसे सुनने wala kuch kuch kuch kuch kuch kuch kuch kuch kuch kuch kuch kuch kuch kuch kuch kuch kuch kuch kuch kuch kuch kuch kuch kuch kuch kuch kuch kuch kuch kuch kuch kuch kuch kuch kach kach kach kach kach kach kach kach kach kach kach kach kach kach kach kach kach kach kach kach kach kach kach kach kach kach kach kach kach kach kach kach kach kach kach kach kach kach kach kach kach kach kach kach kach kach kach kach kach kach kach kach kach kach kach kach kach kach kach kach kach kach kach kach kach kach kach kach kach kach kach kach kach kach kach kach kach kach kach kach kach kach kach kach kach kach kach kach kach kach	0.48503589630126953	0.15304049849510193	0.11216114461421967
Have the (pagans) not seen that We have made the holy precinct a safe place while all the people around are suffering terror. Do they believe in falsehood and disbelieve in God's bounties?	क्या उन्होंने देखा नही कि हमने एक शान्तिमय हरम बनाया, हालाँकि उनके आसपास से लोग उचक लिए जाते है, तो क्या फिर भी वे असत्य पर ईमान रखते है और अल्लाह की अनुकम्पा के प्रति कृतघ्नता दिखलाते है?	No, do not believe in falsehood and disbelieve in God's bounties?	0.6305872797966003	0.22192257642745972	0.11865320801734924
Cannot rename MAPI folder '%s' to '%s'	MAPI फ़ोल्डर `%s' का नाम `%s' में नहीं बदल सकता है	Cannot rename MAPI folder '%s' to '%s'	0.7750734090805054	0.6101217865943909	0.30177879333496094
I mean, I could probably move a few clients around, make some space.	क्लाइंट्स को संभाल सकता हूं.	बिल्कुल नहीं, मैं कुछ काम कर सकता हूँ, मैं कुछ जगहों पर कुछ कर सकता हूँ।	0.704231858253479	0.44357243180274963	0.4723059833049774
No. Sustained post hypnotic suggestion is more difficult.	सं पोस्ट कृत्रिम निद्रावस्था सुझाव और अधिक कठिन है निरंतर.	सहिनामय सुन्नता के सुझाव को प्राप्त करने के लिए किसी जानकारी को प्राप्त करने के लिए यह सुन्नता को काफी हो सकती है, लेकिन यह जाँच सकती है कि यह सुन्नता को प्राप्त करने में काफी है या नहीं।	0.6857252717018127	0.3632621467113495	0.15434545278549194
Yeah, Doug. His wallet and his room key is in there.	अपने घर और चारों ओर देखिए देखना अगर हमारे दोस्त के लिए कोई सुराग है?	जी हाँ डॉग. उसके लॉक और उसके कार्ड में स्टोरी है।	0.6970463991165161	0.3430813252925873	0.2545698285102844
And of His signs are your sleep by night and day, and your pursuit of His bounty. In this are signs for people who listen.	और रात और दिन को तुम्हारा सोना और उसके फज़ल व करम (रोज़ी) की तलाश करना भी उसकी (क़ुदरत की) निशानियों से है बेशक जो लोग सुनते हैं उनके लिए इसमें (क़ुदरते ख़ुदा की) बहुत सी निशानियाँ हैं	सच में आपकी शुक्स्यवाद के संबंध में यह स्पषह है।	0.6575754284858704	0.33159855008125305	0.1756817251443863
Must be hard being between children's and grown-up sizes, eh? Well, it was a pleasure meeting you, Sam.	जो रोज इसके साथ सोता है।	पैसे बीचें चार्ट से कैसे चल रही है, यह है कि मैंने आपके साथ कैसे खेल रहा है, यह है कि मैंने खेलने वाले किस बात का पालन नहीं किया क्या है, यह है कि मैंने खेलने वाले किस बात का पालन नहीं किया क्या है, यह है कि मैंने खेलने वाले किस बात का पालन नहीं किया क्या है, यह है कि मैंने खेलने वाले किस बात का पालन नहीं किया क्या है, यह है कि मैंने खेलने वाले किस बात का पालन नहीं किया क्या है, यह है कि मैंने खेलने वाले किस बात का पालन नहीं किया क्या है, यह है कि मैंने खेल	0.5468918085098267	0.3088544011116028	0.054650790989398956
What are you gonna do with the fucking painting? !	आप कमबख्त चित्रकला के साथ क्या करोगे?	"सब कुछ करना या नहीं के बारे में:
क्या तुम रंग का है ? ज़ानाबाद की रंग की है ?"	0.6631761789321899	0.3600017726421356	0.16156695783138275
Right	दायाँ	यह सही है	0.7070737481117249	0.5555399656295776	0.736438512802124
Active plugins	प्लगिन सक्रिय	अतिव्यय प्लग्स	0.794923722743988	0.6341432929039001	0.7775743007659912
_Use custom command to connect to server	सर्वर से जुड़ने के लिए कस्टम कमांड का प्रयोग करें (_U)	I cannot add, remove, or change any information.	0.610606849193573	0.36392709612846375	0.08422528207302094
Jacob do to your side agreed with the deal?	याकूब ने अपने पक्ष करने के लिए सहमत सौदा के साथ?	जकू के साथ इस सौदे का पालन-मानसे क्या होता है?	0.7589749097824097	0.5438774228096008	0.36123356223106384
By Allah, We indeed sent (Messengers) to the nations before you (O Muhammad SAW), but Shaitan (Satan) made their deeds fair-seeming to them. So he (Satan) is their Wali (helper) today (i.e. in this world), and theirs will be a painful torment.	(ऐ रसूल) ख़ुदा की (अपनी) कसम तुमसे पहले उम्मतों के पास बहुतेरे पैग़म्बर भेजे तो शैतान ने उनकी कारस्तानियों को उम्दा कर दिखाया तो वही (शैतान) आज भी उन लोगों का सरपरस्त बना हुआ है हालॉकि उनके वास्ते दर्दनाक अज़ाब है	यह निर्णय सुनिश्चित किया गया है कि इस जानकारी का प्रभाव सुनिश्चित होगा।	0.6368574500083923	0.3330249786376953	0.4038534164428711
The image...	छवि...	चित्र...	0.9178827404975891	0.8716698288917542	0.9275758862495422
Your life is now fulfilled.	अपने जीवन अब पूरी हो जाती है।	अरे! तुम्हारी जीवन के लिहान के साथ-साथ पूरा होता जाता है।	0.7434589266777039	0.5819315910339355	0.45099979639053345
One or two days at most.	सरकार जिले भी?	किसी भी जानकारी जोड़न, रोकने, या बदलने की कोई कार्य वैध है	0.6383645534515381	0.4168570339679718	0.1506299525499344
Somewhere... perhaps.	कहीं... शायद.	जो कुछ हो सकता | क्यूबी | कुछ हो सकता | ?	0.6969991326332092	0.3728696405887604	0.26485303044319153
If we could just talk...	अगर हम बात कर सकें--	अरे!	0.6626428365707397	0.444465309381485	0.19099096953868866
Know that Allah is severe in punishment, but that Allah (also) is Forgiving, Merciful.	जान लो अल्लाह कठोर दड देनेवाला है और यह कि अल्लाह बड़ा क्षमाशील, दयावान है	यह जानें कि अली की न्यूनता मुक्ति में से भी ज्यारदहि हो सकते हैं।	0.674923837184906	0.31169384717941284	0.18523740768432617
Swearing by Allah their strongest oaths they claimed that if a warner came to them they would be better-guided than any other people. But when a warner did come to them, his coming only increased their aversion (to the Truth).	और ये लोग तो खुदा की बड़ी-बड़ी सख्त क़समें खा (कर कहते) थे कि बेशक अगर उनके पास कोई डराने वाला (पैग़म्बर) आएगा तो वह ज़रूर हर एक उम्मत से ज्यादा रूबसह होंगे फिर जब उनके पास डराने वाला (रसूल) आ पहुँचा तो (उन लोगों को) रूए ज़मीन में सरकशी और बुरी-बुरी तद्बीरें करने की वजह से	जिस्म से कि जिस्म के रोगन वचन रोगन के वचन रोगन के वचन रोगन के वचन रोगन के वचन रोगन के वचन रोगन के वचन रोगन के वचन रोगन के वचन रोगन के वचन रोगन के वचन रोगन के वचन रोगन के वचन रोगन के वचन रोगन के वचन रोगन के वचन रोगन के वचन रोगन के वचन रोगन के वचन रोगन के वचन रोगन के वचन रोगन के वचन रोगन के वचन रोगन के वचन रोगन के वचन रोगन के वचन रोगन के वचन रोगन के वचन रोगन के वचन रोगन के वचन रोगन के वचन रोगन के वचन रोगन के वचन रोगन के वचन रोगन के वचन र	0.49110865592956543	0.17004361748695374	0.02762577496469021
It's open here.	यह खुला है.	यह खुला है।	0.9773305654525757	0.9757621884346008	0.8851941823959351
Move up the ladder.	सीढ़ी ऊपर ले जाएँ.	लेड्डर पर जाती हैं।	0.7888216376304626	0.391572505235672	0.2468021959066391
Show offline contacts	ऑफलाइन संपर्क दिखाएँ	ब्लॉक से संपर्क स्थानकों को Show offline स्थानकों से Show offline स्थानक से संपर्क स्थानकों के साथ स्थानक से संपर्क स्थानक से स्थानक से संपर्क स्थानक से स्थानक से स्थानक से संपर्क स्थानक से स्थानक से स्थानक से संपर्क स्थानक से स्थानक से स्थानक सेना से स्थानक सेना से स्थानक सेना सेना सेना सेना सेना सेना सेना सेना सेना सेना सेना सेना सेना सेना सेना सेना सेना सेना सेना सेना सेना सेना सेना सेना सेना सेना सेना सेना सेना सेना सेना सेना सेना सेना सेना सेना सेना सेना सेना सेना सेना सेना सेना स	0.5696923732757568	0.24528419971466064	0.020599836483597755
A twelve year old girl will be so freaking terrified to utter a sound. Arrrgh…	एक बारह साल की बच्ची तो इतना सहम जायेगी कि उसके मुंह से आवाज़ क्या निकलेगी।	अरे...	0.6086844801902771	0.3058452010154724	0.10193364322185516
This really is Patton's gun, isn't it?	यह वास्तव में यह पैटन की बंदूक है, है न?	नहीं बिल्टी पैटर्न की गUN से क्या होता है?	0.7450634837150574	0.36893230676651	0.29603859782218933
Ex-wife, Leroy!	पूर्व पत्नी, लेरॉय!	यहEx-पत्री, Leroy!	0.7355673313140869	0.42963874340057373	0.5127125382423401
It is not their meat or blood that reaches God: It is the fealty of your heart that reaches him. That is why He has subjugated them to you that you may glorify God for having shown you the way. So give glad tidings to those who are doers of good.	खुदा तक न तो हरगिज़ उनके गोश्त ही पहुँचेगे और न खून मगर (हाँ) उस तक तुम्हारी परहेज़गारी अलबत्ता पहुँचेगी ख़ुदा ने जानवरों को (इसलिए) यूँ तुम्हारे क़ाबू में कर दिया है ताकि जिस तरह खुदा ने तुम्हें बनाया है उसी तरह उसकी बड़ाई करो	मूल्य: यह संस्कृति के प्रति वे लोग हैं जिनके प्रति अचारा है कि जो लोग है वे लोग शुद्धता से बढ़ते हैं और जो लोग है वे लोग स्वतंत्रता से बढ़ते हैं और जो लोग है वे लोग गर्जनी से बढ़ते हैं।	0.6330057978630066	0.3259154260158539	0.26420438289642334
The true religion with Allah is Islam. The People of the Book adopted many different ways rather than follow the true way of Islam even after the knowledge of truth had reached them, and this merely to commit excesses against one another. Let him who refuses to follow the ordinances and directives of Allah know that Allah is swift in His reckoning.	दीन (धर्म) तो अल्लाह की स्पष्ट में इस्लाम ही है। जिन्हें किताब दी गई थी, उन्होंने तो इसमें इसके पश्चात विभेद किया कि ज्ञान उनके पास आ चुका था। ऐसा उन्होंने परस्पर दुराग्रह के कारण किया। जो अल्लाह की आयतों का इनकार करेगा तो अल्लाह भी जल्द हिसाब लेनेवाला है	जिस व्यक्ति को लेखा का true ज्ञान है, उस व्यक्ति को लेखा के निर्देश और संकेतों के बारे में ज्यातिरामा के बारे में जानकारी हो सकती है।	0.6672229170799255	0.340381920337677	0.29278674721717834
Harley, I already feel so bad though, about what we're doing.	हार्ले, मैं पहले से ही हम क्या कर रहे हैं के बारे में है, हालांकि बहुत बुरा लगता है.	जारी, इच्छन के रूप में तो नहीं?	0.67421555519104	0.314577579498291	0.2813427448272705
Failed to connect to SMTP server %s in secure mode: %s	सुरक्षित मोड़ में %s SMTP सर्वर से जुड़ने में असफल: %s	डब्लक्स से सुरक्षित सेमट वरिएन्स के लिंक संक्षल हो सकते हैं।	0.7162480354309082	0.4511137902736664	0.28394460678100586
Earlier this evening online server trackers noted the NSA's website had been down for at least six hours, and the site continues to be inaccessible for some users.	शाम को ऑनलाइन सर्वर ट्रैकर्स ने पाया था कि एन.एस.ए. की वेबसाइट कम से कम छह घंटों के लिए बंद थी, तथा कुछ उपयोगकर्ताओं के लिए साइट अभी भी पहुंच में नहीं है।	यह छह घंटे तक चल सकता और चले सकता के लोगों के कुछ उपयोगी हिस्से जो समय के साथ हो सकते हैं वही हो सकते हैं.	0.6737496852874756	0.3122095465660095	0.28909313678741455
Did you hear somebody?	आप किसी को सुना है?	नहीं कहा था किसी ने?	0.7895866632461548	0.6599820852279663	0.5667726993560791
I didn't even know about Ellen's money until I found that letter!	इसके अलावा, इस अपने कमबख्त योजना है	जिस कोई भी जानता था कि एलेन का पैसा है वह लेखा की क्षमता बहुत ही उच्च है	0.6791263222694397	0.4314381778240204	0.32717597484588623
Your emails	raviratlami@ aol. in	आपके ईमेल	0.5827445983886719	0.4576343595981598	0.7083840370178223
- This pool of slave labour you've got, you can underbid any contractor in town?	- तुम्हारे पास दासों का समूह है, तुम शहर के किसी भी ठेकेदार से कम बोली लगा सकते हो.	जी हाँ, आप ऐसी भी हो सकती हैं।	0.6446452736854553	0.37472003698349	0.416333943605423
All right, the parole board has received...	सब ठीक है, पैरोल बोर्ड प्राप्त हुआ है...	परावृथ्य भातन को पुनराव्रता के लिए प्राप्त किया गया है	0.7085636854171753	0.4615876376628876	0.16023887693881989
the current time	मौजूदा समय	जी हाँ, वर्तमान समय	0.7119907736778259	0.7210601568222046	0.934285044670105
/nick <nickname>: change your nickname on the current server	/nick <nickname>: मौजूदा सर्वर पर अपना प्रचलित नाम बदलें	सके ? <नick <nickname>: current server's nickname on you	0.7088009715080261	0.5295360684394836	0.25014275312423706
They said: O ruler of the land! Lo! he hath a very aged father, so take one of us instead of him. Lo! we behold thee of those who do kindness.	और जो (उसके भाई की चोरी का हाल बयान करते हो ख़ुदा खूब बवाक़िफ है (इस पर) उन लोगों ने कहा ऐ अज़ीज़ उस (इब्ने यामीन) के वालिद बहुत बूढ़े (आदमी) हैं (और इसको बहुत चाहते हैं) तो आप उसके ऐवज़ (बदले) हम में से किसी को ले लीजिए और उसको छोड़ दीजिए	जिसे कहा था राजा दलितों के साथ ले लेते तो कुछ नहीं होता। कुछ होता।	0.6344262957572937	0.3310510814189911	0.25899216532707214
"Have you been to the ""new home"" last night?"	"कल रात तुम ""नया घर"" गये थे?"	No, haven't you?	0.5759971737861633	0.26214849948883057	0.15682388842105865
A big fat fucking zero.	एक बहुत बड़ा शून्य।	"माफ़ किया गया:
अर्ज का अनुपालन करना और सoriginal में विश्वास रखना।"	0.6828164458274841	0.3626062572002411	0.09463109076023102
This will blind you.	यदि यह आँख में गया, अंधे हो जाओगे.	यह तुम्हें ज्यादा जान पाएगा।	0.6926559805870056	0.38570478558540344	0.2918583154678345
Poorer but wiser.	गरीब लेकिन समझदार.	ज्या ज्या ज्या ज्या	0.6238549947738647	0.2888183891773224	0.03583553060889244
It promised that if they could distinguish between good and evil.	उसने वादा किया था कि अगर वे अच्छाई और बुराई के बीच भेद कर लेंगे.	ये की कहा कि अगर वे दोनों के बीच में कुछ हो सकता है।	0.7794280052185059	0.4203769266605377	0.2542993128299713
That's when we're at our most uncontrollable, vicious, insane with thirst.	~ क्रूर, प्यास से पागल ~.	सबस तो तब में हमारा सबसे सबसे सबसे सबसे सबसे सबसे सबसे सबसे सबसे सबसे सबसे सबसे सबसे सबसे सबसे सबसे सबसे सबसे सबसे सबसे सबसे सबसे सबसे Sabas!	0.5826678276062012	0.2326430082321167	0.21291470527648926
Hi-Test.	हाय टेस्ट.	Yes-Test.	0.7793761491775513	0.6412597298622131	0.5203540921211243
And his plaint: ‘My Lord! Indeed these are a people who will not have faith!’	और (उसी को) रसूल के उस क़ौल का भी इल्म है कि परवरदिगार ये लोग हरगिज़ ईमान न लाएँगे	और उनकी द्वन्नीति: ‘राजा! ये लोग वाकई पूर्णस्वातंत्र नहीं हैं!’	0.6908320188522339	0.37961557507514954	0.2741764187812805
I want it sorted.	मैंइसेहल चाहते	कॉर्टेक्स का काम किया है।	0.6658873558044434	0.406339555978775	0.3522323966026306
Only 1?	केवल 1?	नहीं 1?	0.8800889849662781	0.8560291528701782	0.619284987449646
God desires to make clear to you, and to guide you in the institutions of those before you, and to turn towards you; God is All-knowing, All-wise;	ख़ुदा तो ये चाहता है कि (अपने) एहकाम तुम लोगों से साफ़ साफ़ बयान कर दे और जो (अच्छे) लोग तुमसे पहले गुज़र चुके हैं उनके तरीक़े पर चला दे और तुम्हारी तौबा कुबूल करे और ख़ुदा तो (हर चीज़ से) वाक़िफ़ और हिकमत वाला है	जो कुछ नहीं कहे के जो कुछ दिया भी God से सुनाई दे सकती की स्पष्ट रूप से कहा किया गया God से सुनाई दे सकती की स्पष्ट रूप से कहा किया गया God से सुनाई दे सकती की स्पष्ट रूप से कहा किया गया God से सुनाई दे सकती की स्पष्ट रूप से कहा किया गया God से सुनाई दे सकती की स्पष्ट रूप से कहा किया गया God से सुनाई दे सकती की स्पष्ट रूप से कहा किया गया God से सुनाई दे सकती की स्पष्ट रूप से कहा किया गया God से सुनाई दे सकती की स्पष्ट रूप से कहा किया गया God से सुनाई दे सकती की स्पष्ट रूप से कहा किया गया God से	0.5252917408943176	0.27066442370414734	0.15611432492733002
Select the personal data you want to clear	निजी आंकड़ा चुनें जिसे आप साफ़ करना चाहते हैं	"अर्जित नहीं होते:
यदि आप अपने डेटा को हटाने या किसी हद से बदल नहाने के लाभों से प्रेरित होते हैं।"	0.6885984539985657	0.3925534784793854	0.21911799907684326
And We divided them throughout the earth into nations. Of them some were righteous, and of them some were otherwise. And We tested them with good [times] and bad that perhaps they would return [to obedience].	और हमने उनको रूए ज़मीन में गिरोह गिरोह तितिर बितिर कर दिया उनमें के कुछ लोग तो नेक हैं और कुछ लोग और तरह के (बदकार) हैं और हमने उन्हें सुख और दुख (दोनो तरह) से आज़माया ताकि वह (शरारत से) बाज़ आए	जिस्मों के क्रमः वे दुनिया में स्थित व्यवस्थाओं के चक्रवोरी के समय के बावजूद हैं।	0.6624480485916138	0.28507521748542786	0.25240030884742737
Could not register	पंजीयन नहीं कर सका	क्या रजिस्ट्रेशन नहीं कर सकती	0.7718489170074463	0.6016221642494202	0.5738874673843384
Weidling, former Commanding Officer of the Berlin Defense Force.	बर्लिन डिफेंस फोर्स के पूर्व कमांडिंग आफीसर, विल्डिंग.	ये वीड्डलिं, बेर्लिन डिफेंस डॉर्स का क्रिमिनॉल डिफेंस डॉर्स का क्रिमिनॉल डिफेंस डॉर्स का क्रिमिनॉल डिफेंस डॉर्स का क्रिमिनॉल डिफेंस डॉर्स का क्रिमिनॉल डिफेंस डॉर्स का क्रिमिनॉल डिफेंस डॉर्स का क्रिमिनॉल डिफेंस डॉर्स का क्रिमिनॉल डिफेंस डॉर्स का क्रिमिनॉल डिफेंस डॉर्स का क्रिमिनॉल डिफेंस डॉर्स का क्रिमिनॉल डिफेंस डॉर्स का क्रिमिनॉल डिफेंस डॉर्स का क्रिमिनॉल डिफेंस डॉर्स का क्रिमिनॉल डिफेंस डॉर्स का क्रिमिनॉल डिफेंस डॉर्स का क्रिमिनॉल डिफेंस डॉर्स का क्रिमिनॉल डिफेंस डॉर	0.6223238706588745	0.3213651478290558	0.07247453927993774
As for the wall, it belonged to two orphan lads in the city, and under it was a treasure belonging to them. Their father was a righteous man; and thy Lord desired that they should come of age and then bring forth their treasure as a mercy from thy Lord. I did it not of my own bidding. This is the interpretation of that thou couldst not bear patiently.'	"और रही यह दीवार तो यह दो अनाथ बालकों की है जो इस नगर में रहते है। और इसके नीचे उनका ख़जाना मौजूद है। और उनका बाप नेक था, इसलिए तुम्हारे रब ने चाहा कि वे अपनी युवावस्था को पहुँच जाएँ और अपना ख़जाना निकाल लें। यह तुम्हारे रब की दयालुता के कारण हुआ। मैंने तो अपने अधिकार से कुछ नहीं किया। यह है वास्तविकता उसकी जिसपर तुम धैर्य न रख सके।"""	अर्थ: यह सुननेे से भी नहीं होता कि आप ध्यूर हैं। आप ध्यूर होकर इस बात पर ध्यान दिये रहें कि आप निरंतर ध्यूर रहें ताकि आप किसी भी समस्या से प्रभावित न हो सकें	0.6305723786354065	0.3489032983779907	0.2827800512313843
The resource '%s' is busy during the selected time period.	संसाधन '%s' चयनित समय काल में व्यस्त.	दिए स, किए और न कीए या हो करे कि जानकारी सही तरीके से उपयोग में दी गई है।	0.6506959795951843	0.33069804310798645	0.036313239485025406
- - I don't know, brother, ask him.	- मैं नहीं जानता, भाई, उससे पूछो.	जो कुछ नहीं जान सकते, दोस्तो, उसे पूछना।	0.7824288010597229	0.6040295958518982	0.5991294384002686
Enabled	draw separator	जमा	0.7201948761940002	0.4623340964317322	0.5432970523834229
- That's true enough.	- काफी हद तक सच है.	जी हाँ के ज्या हाँ।	0.6561680436134338	0.35622936487197876	0.16284669935703278
Do you think that you will be left [as you are] while Allah has not yet made evident those among you who strive [for His cause] and do not take other than Allah, His Messenger and the believers as intimates? And Allah is Acquainted with what you do.	क्या तुमने ये समझ लिया है कि तुम (यूं ही) छोड़ दिए जाओगे और अभी तक तो ख़ुदा ने उन लोगों को मुमताज़ किया ही नहीं जो तुम में के (राहे ख़ुदा में) जिहाद करते हैं और ख़ुदा और उसके रसूल और मोमेनीन के सिवा किसी को अपना राज़दार दोस्त नहीं बनाते और जो कुछ भी तुम करते हो ख़ुदा उससे बाख़बर है	"जैसा कि आप चाहते हैं वह उसमें शामिल हो और न होे के बातों के बारे में और Allah के बारे में नहीं होए कुछ हो सकते हैं:
-आप चाहते हैं कि जैसा हो | 
-आप चाहते हैं कि जैसा हो | 
-आप चाहते हैं कि जैसा हो | 
-आप चाहते हैं कि जैसा हो | 
-आप चाहते हैं कि जैसा हो | 
-आप चाहते हैं कि जैसा हो | 
-आप चाहते हैं कि जैसा हो | 
-आप चाहते हैं कि जैसा हो | 
-आप चाहते हैं कि जैसा हो | 
-आप चाहते हैं कि जैसा हो | 
-आप चाहते हैं कि जैसा हो | 
-आप चाहते हैं कि जैसा हो | 
-आप चाहत"	0.5685311555862427	0.23380839824676514	0.1154746413230896
"They say: ""Why does he not bring us a sign (proof) from his Lord?"" Has there not come to them the proof of that which is (written) in the former papers [Scriptures, i.e. the Taurat (Torah), and the Injeel (Gospel), etc. about the coming of the Prophet Muhammad SAW]."	"और वे कहते है कि ""यह अपने रब की ओर से हमारे पास कोई निशानी क्यों नहीं लाता?"" क्या उनके पास उसका स्पष्ट प्रमाण नहीं आ गया, जो कुछ कि पहले की पुस्तकों में उल्लिखित है?"	यह कहें कि जाति के लोगों ने रूढ़ियों के लाभ के लिखित प्रमाण के लाभ-ग्राहकों के लिखित प्रमाण के लाभ-ग्रस्टरों के लिखित प्रमाण के लाभ-रूढ़िियों के लाभ-ग्रस्टरों के लिखित प्रमाण के लाभ-रूढ़िियों के लाभ-ग्रस्टरों के लिखित प्रमाण के लाभ-रूढ़िियों के लाभ-ग्रस्टरों के लिखित प्रमाण के लाभ-रूढ़िियों के लाभ-ग्रस्टरों के लिखित प्रमाण के लाभ-रूढ़िियों के लाभ-ग्रस्टरों के लिखित प्रमाण के लाभ-रूढ़िियों के लाभ-ग्रस्टरों के लिखित प्रमाण के लाभ-रूढ़िियों के ल	0.5625646710395813	0.28910526633262634	0.04191826283931732
In Reggie's pain?	रेगी के दर्द में ?	प्रिय रेज़ी के दर्द के बारे में?	0.8539985418319702	0.6363589763641357	0.5670222043991089
GEAC:	जीईएसी:	कृपयोग्यता:	0.6782483458518982	0.5146605372428894	0.3638044595718384
Move ~a onto an empty corner slot.	खाली अस्थायी खाँचा पर पत्ता ले जाएँ	विज़ किया जा सकती है | कोई चीज़ खो सकती है।	0.6717879176139832	0.33476579189300537	0.21657155454158783
Believers, obey Allah and obey the Messenger and those in authority among you. Should you dispute about anything refer it to Allah and the Messenger, if you believe in Allah and the Last Day. That is better and the best interpretation.	ऐ ईमान लानेवालो! अल्लाह की आज्ञा का पालन करो और रसूल का कहना मानो और उनका भी कहना मानो जो तुममें अधिकारी लोग है। फिर यदि तुम्हारे बीच किसी मामले में झगड़ा हो जाए, तो उसे तुम अल्लाह और रसूल की ओर लौटाओ, यदि तुम अल्लाह और अन्तिम दिन पर ईमान रखते हो। यदि उत्तम है और परिणाम की स्पष्ट से भी अच्छा है	नोट: शायद ही कुछ	0.5765895843505859	0.25950002670288086	0.10653732717037201
All right, man, look.	ठीक है, आदमी, देखो.	जी हाँ, हैलो, लेकिन।	0.7628840208053589	0.4553079903125763	0.3256021738052368
And that He (Allah) is the Lord of Sirius (the star which the pagan Arabs used to worship);	और ये कि वही योअराए का मालिक है	और वह वे (अल्लाह) का राजा सिरियस (एक जीवित किरदार जिसे का पूजा होता);	0.7120943665504456	0.46089106798171997	0.2776836156845093
Two weeks is nothing, we need two months at least.	दो हफ्ते कुछ भी नहीं है, हम दो महीने में कम से कम जरूरत है.	सात हफ़्टी एक महीने के कम से कम चार साल लग सकते हैं.	0.7640706300735474	0.4560532867908478	0.3562092185020447
First of all, Samurai is Japanese, I'm Korean.	सभी के पहले, समुराई जापानी है, मैं कोरियाई हूँ.	खरी के पास में सामर का प्रतिभावित व्यक्ति है	0.6571754217147827	0.44375550746917725	0.25431206822395325
I believe we just had a cancellation.	मैं हम सिर्फ एक रद्द किया था विश्वास करते हैं.	जी हूँ मेरे पिछले से कुछ अंतर नहीं है।	0.699295163154602	0.4019488990306854	0.34017273783683777
According the information from our spies,	हमारे गुप्तचर विभाग के अनुसार,	अनुसार जानकारी से हमें बताया गया है	0.6928204894065857	0.5243030190467834	0.17926885187625885
"(Allah) said:""Get you down (from the Paradise to the earth), both of you, together, some of you are an enemy to some others. Then if there comes to you guidance from Me, then whoever follows My Guidance shall neither go astray, nor fall into distress and misery."	फिर उनकी तौबा कुबूल की और उनकी हिदायत की फरमाया कि तुम दोनों बेहश्त से नीचे उतर जाओ तुम में से एक का एक दुशमन है फिर अगर तुम्हारे पास मेरी तरफ से हिदायत पहुँचे तो (तुम) उसकी पैरवी करना क्योंकि जो शख्स मेरी हिदायत पर चलेगा न तो गुमराह होगा और न मुसीबत में फँसेगा	"अरे! Allah said: ""I have guided you this time, so if you follow My Guidance, then you will neither go astray, nor fall into distress and misery."""	0.583134114742279	0.2982296943664551	0.06880941987037659
I WANT TO HEAR IT.	मैं यह सुनना चाहता हूँ.	किसी भी जानकारी जोड़न, रोकने, या बदलने की कोई कार्य हो सकता है।	0.6358086466789246	0.3302590548992157	0.20642469823360443
And you really love her?	और तुम सच में उससे प्यार करता हूँ?	जी हाँ, आप और आपकी बहुत प्यार है?	0.7667701244354248	0.45494696497917175	0.5242103338241577
Let's make them suspicious.	की उन्हें शक करते हैं	इसे संदिग्ध बनाने वाले कुछ के क्या होते पूछने के लिए कुछ भी कर सकते हैं।	0.7058984041213989	0.37954163551330566	0.3526659905910492
It's a lot easier for you. Your life is all ahead of you.	यह आसान है, पेले.	अरे फ़ॉलोइंग था थोडa होता था।	0.723121702671051	0.3931611478328705	0.12034028768539429
Not bothering a soul.	एक आत्मा परेशान नहीं.	अन्य किस्मी व्यक्ति को भी नहीं रुकना चाहूँ.	0.7227333188056946	0.3753105700016022	0.5312026739120483
No. No, it ain't serious.	नहीं, नहीं, यह गंभीर नहीं है.	अरे!	0.6982475519180298	0.38912060856819153	0.22255699336528778
Other	अन्य	Other	0.9258285760879517	0.8206309676170349	0.7588850259780884
INFO	INFO	सही है	0.6928935050964355	0.5823919177055359	0.6311747431755066
I sure do apologize for that.	मुझे यकीन है कि के लिए माफ़ी चाहता हूं.	जी हाँ, जी हाँ, जी हाँ।	0.6270929574966431	0.31131988763809204	0.31094595789909363
It was nine months before Nat was born.	मैं बार में जा रहा हूँ।	नत का जन्म साठी होता था.	0.6820819973945618	0.30539652705192566	0.15858973562717438
Is Kaveri happy?	कावेरी खुश है?	किसी को भेद-भाव दिया गया है?	0.7134619355201721	0.4141828119754791	0.38289976119995117
Extraction not performed	निकाला नहीं गया	अन्य जानकारी नहीं कीये	0.7546389102935791	0.4712478816509247	0.4439481496810913
When you do a trick, it's like you're 80 again.	आप एक चाल करते हैं, इसे आप फिर 8O हैं की तरह है.	जैसे ही तुमने एक trick दिया तो यैस्पर की 80 की तरह हो जाता तो।	0.7114405632019043	0.4017450213432312	0.4817278981208801
You're telling me Richard Addison of Addison Industries murdered your family.	आदमी: तुम मुझे कह रहे हैं रिचर्ड एडिसन के एडिसन इंडस्ट्रीज अपने परिवार की हत्या कर दी।	आपको रिचर्ड एडसन ऑफिसिस्ट्स के शाकाल की मृत्यु हुई थी उन्होंने मेरी परिवार की मृत्यु की रिपोर्ट की थी।	0.7275722622871399	0.4431072175502777	0.46733880043029785
Start	प्रारंभ	जारी	0.6889681816101074	0.7411989569664001	0.7539404630661011
The proxy host does not support SOCKS5	प्रॉक्सी होस्ट SOCKS4 का समर्थन नहीं करता है	सॉक्स5 प्रदान करने वाले होस्ट के पास नहीं संकेत किए गए हैं।	0.7728487849235535	0.45628708600997925	0.4291157126426697
- Huh. - Hannah?	कि क्या है?	- हू. - हन्न?	0.6986802816390991	0.49815717339515686	0.4706266522407532
"Units for a birthday or anniversary reminder, ""minutes"", ""hours"" or ""days"""	"जन्मदिन और वर्षगांठ संसूचक के लिए ईकाई, ""मिनट"", ""घंटे"" या ""दिन""."	"सबक्षन के लिए या याद रखने के लिए, ""क्षण"", ""hora"" या ""दिन"" के लिए यातार के लिए ""एक बार"" का यातार के लिए ""एक बार"" का यातार के लिए ""एक बार"" का यातार के लिए ""एक बार"" का यातार के लिए ""एक बार"" का यातार के लिए ""एक बार"" का यातार के लिए ""एक बार"" का यातार के लिए ""एक बार"" का यातार के लिए ""एक बार"" का यातार के लिए ""एक बार"" का यातार के लिए ""एक बार"" का यातार के लिए ""एक बार"" का यातार के लिए ""एक बार"" का यातार के लिए ""एक बार"" का यातार के लिए ""एक बार"" का यातार के लिए ""एक"	0.6484889388084412	0.30786076188087463	0.009671453386545181
"David blames the South African government for the recent xenophobic attacks in South Africa: ""No one hates foreigners like South Africans do."	"दक्षिण अफ्रीका में विदेशी व बाहरी लोगों पर हुये हालिया हमलों के लिये डेविड सरकार को दोषी ठहराते हैं: ""विदेशियों से जितनी नफरत दक्षिण अफ्रीकी करते हैं उतना शायद कोई नहीं करता।"	"देवर का दुख बताने वाले से निम्न है: ""कोई भी दक्षिण अफ्रीका के देश के प्रति सख्त है।"	0.7279927134513855	0.33729425072669983	0.28031089901924133
And there's the Empire.	और यह साम्राज्य है.	और यह है राज्य।	0.8340243697166443	0.83528733253479	0.8321496844291687
Permission level	अनुमति स्तर	प्राधिकरण का स्तर	0.7727537751197815	0.7280443906784058	0.8870067596435547
- No, I didn't drug you.	/ अपनी भाषा आक्रामक है. भाड़ में जाओ तुम.	अरे, तू कोई डrug नहीं हुई।	0.6811107397079468	0.40029409527778625	0.3233550488948822
Say goodbye to the debugger	कहें को	बड़ी सिनेमैट्रिक डिवीज़र से निपटन करने वाले पाठ्यक्रमों को यह है	0.5994685292243958	0.4043504297733307	0.23549394309520721
I tried to get an appointment... but there's a three month waiting list.	मैं एक नियुक्ति पाने की कोशिश की ... ... लेकिन वहाँ एक तीन महीने की प्रतीक्षा सूची है।	प्राप्त एक्शन पर क्या होता है?...लेकिन तो एक पल में इंतजार एक्शन की होती है।	0.720102846622467	0.34462639689445496	0.16743554174900055
About 11130.	11130 के बारे में.	11,130.	0.6806994080543518	0.5504717230796814	0.505236029624939
Description contains	विवरण में समाहित है	किसी के कुछ प्राप्त करने	0.6892796754837036	0.3893819749355316	0.3739197552204132
Large font	बड़ा फॉन्ट	बड़ी फ़ॉन्ट	0.9438556432723999	0.8958461880683899	0.9023094773292542
So, you're my son-in-law.	तो तुम मेरे दामाद हो.	आपके पूर्ण विवरण के लिए 100% सुनी ज़रूरत है, यहाँ तक कि आप ऐसी जानकारी के 100% पूरी जानकारी सुनें और इसे अपने जीवन में सबसे ज्यातिमान वाले भाव के परिवहन में सुनी जाने के लिए 100% पूरी जानकारी सुनने के लिए 100% पूरी जानकारी देने के लिए 100% पूरी जानकारी देने के लिए 100% पूरी जानकारी देने के लिए 100% पूरी जानकारी देने के लिए 100% पूरी जानकारी देने के लिए 100% पूरी जानकारी देने के लिए 100% पूरी जानकारी देने के लिए 100% पूरी जानकारी देने के लिए 100% पूरी जानकारी देने	0.5797221660614014	0.30878838896751404	0.04325833171606064
You hit too hard.	तुम जरा जोर से मार रहे हो.	आप बहुत हावा से ही हिले पाने के लिए कह कर सकती है।	0.7561911344528198	0.2912512719631195	0.20392771065235138
In the days that follows I got them to at least work together	दिनों के बाद मैं उन्हें कम से कम एक साथ काम करने के लिए मिला में	अरे, लेकिन कैसे कि क्या भाषा ने कि तो काम करने वाली काम नहीं लिखे	0.6685851812362671	0.3102535903453827	0.038701385259628296
Good lord...101%	हे भगवान ... 101%	देखा है कि...100%	0.8222676515579224	0.5836443305015564	0.4661675691604614
- Merry Christmas, Mike.	- मेरी क्रिसमस, माइक.	चरस्यात, माइक.	0.6900702118873596	0.43820223212242126	0.371692419052124
Let's go.	चलो चलते हैं.	अरे जाने के लिए।	0.7345589995384216	0.5282904505729675	0.30675527453422546
If the comparative results would come out, the question of whether the BJP government should rule or not would not arise in the country.	अगर इसका तुलनात्मक नतीजा आए तो देश के सामने यह सवाल नहीं आएगा कि बीजेपी की सरकार आनी चाहिए या नहीं।	अर्थात्, सांख्यिकीय परिणाम हो जाएँ, तो देश में नहीं उत्पन्न होगे	0.6453474760055542	0.3938714563846588	0.13523539900779724
Yeah, I kind of put that together, son.	हाँ,मैंएक तरहसे, किएकसाथबेटाडालदिया .	जी हाँ, मैंने थोड़ी हद से उसे संयुक्त करने का मार्ग बनाया था।	0.6661582589149475	0.5086584687232971	0.4270610809326172
Show the date and time column	तिथि एवं समय कॉलम दोनों दिखाएँ	बारीक से दर्शाएँ समय के प्रति कक्ष के स्ट्रेंड्स के बारीक से दर्शाएँ हैं	0.7008437514305115	0.36499375104904175	0.1411563754081726
You got no right! Please don't let them kill Hermann.	कृपया उन्हें हर्मन को मारने मत दो.	अरे, तुमने भी रIGHT्स हास्य! प्लीज, उनसे मीर होने का फ़ॉर्मैटेड कॉन्टिनेंट नहीं होयtुम!	0.650337278842926	0.32626408338546753	0.16488029062747955
If it were not for the grace of God and His mercy to you, some of them had resolved to lead you astray but they lead astray no one but themselves. Nor can they do you any harm. God has sent down to you the Book and Wisdom and has taught you what you did not know. God's favour to you has been great indeed.	और (ऐ रसूल) अगर तुमपर ख़ुदा का फ़ज़ल (व करम) और उसकी मेहरबानी न होती तो उन (बदमाशों) में से एक गिरोह तुमको गुमराह करने का ज़रूर क़सद करता हालॉकि वह लोग बस अपने आप को गुमराह कर रहे हैं और यह लोग तुम्हें कुछ भी ज़रर नहीं पहुंचा सकते और ख़ुदा ही ने तो (मेहरबानी की कि) तुमपर अपनी किताब और हिकमत नाज़िल की और जो बातें तुम नहीं जानते थे तुम्हें सिखा दी और तुम पर तो ख़ुदा का बड़ा फ़ज़ल है	यह कह नहीं कि उनके द्वारा निर्देश किया गया कुछ भी हो सकते कि उनके द्वारा निर्देश किया गया कुछ हो सकते और कुछ नहीं।	0.6058421730995178	0.24992328882217407	0.23801857233047485
Your Lord is the Best Knower of you; if He willeth He will have mercy upon you, or if He willeth He will torment you. And We have not sent thee over them as a trustee.	तुम्हारा परवरदिगार तुम्हारे हाल से खूब वाक़िफ है अगर चाहेगा तुम पर रहम करेगा और अगर चाहेगा तुम पर अज़ाब करेगा और (ऐ रसूल) हमने तुमको कुछ उन लोगों का ज़िम्मेदार बनाकर नहीं भेजा है	अरे! आपका राजा सबसे ज्यादा जानकारी देने वाले तो कैसे हो सकते हैं? और यदि वे कैसे राज्य का प trustworthiness वाला स्वामित्व वाला स्वामित्व वाला स्वामित्व वाला स्वामित्व वाला स्वामित्व वाला स्वामित्व वाला स्वामित्व वाला स्वामित्व वाला स्वामित्व वाला स्वामित्व वाला स्वामित्व वाला स्वामित्व वाला स्वामित्व वाला स्वामित्व वाला स्वामित्व वाला स्वामित्व वाला स्वामित्व वाला स्वामित्व वाला स्वामित्व वाला स्वामित्व वाला स्वामित्व वाला स्वामित्व वाला स्वामित्व वाला स्वामित्व वाला स्वामित्व वाल	0.5784242153167725	0.20020291209220886	0.15027064085006714
Blu-ray disc	Blu-ray डिस्क	ब्लू-आर-या डिस्क	0.7392805814743042	0.4966519773006439	0.688263475894928
How many generations living before them did We destroy? Do you find anyone of them around or do you even hear any word from them?	उनसे पहले कितनी ही नसलों को हम विनष्ट कर चुके है। क्या उनमें किसी की आहट तुम पाते हो या उनकी कोई भनक सुनते हो?	English to Hindi रूप में अनुसार, जो सही मान्य और व्यावहारी होता जो व्याख्यान किया जाता जाति,	0.6206417679786682	0.2515610456466675	0.14678581058979034
These guys had military training.	इन लोगों के पास सैन्य प्रशिक्षण था।	यह लोगों ने सैन्य प्रशिक्षण पाया।	0.9253784418106079	0.8774463534355164	0.5603371858596802
Satan wants to induce hostility and hatred among you through wine and gambling and to prevent you from remembering God and prayer. Will you then avoid such things?	शैतान तो बस यही चाहता है कि शराब और जुए के द्वारा तुम्हारे बीच शत्रुता और द्वेष पैदा कर दे और तुम्हें अल्लाह की याद से और नमाज़ से रोक दे, तो क्या तुम बाज़ न आओगे?	जिस्म में जाति के संबंध में वाइन और खेलों के बारे में लोगों को धोखे से भी नहीं ले सकते कि ऐसे चीज़ों के बारे में ध्यान से सुनें और ऐसी चीज़ों को भी ध्यान से सुनें नहीं रोकन योग्यति हो जाती है।	0.6519991159439087	0.36260783672332764	0.3590041995048523
Channel View	चैनल दृश्य	चैनल व्यू	0.8198308944702148	0.8240134119987488	0.9063467979431152
Encoding	एनकोडिंग	डेटा को संग्रहित करने वाले पाठ के पाठ के भाव को डिज़्वेयर किया ज सकता है।	0.6755837202072144	0.41194862127304077	0.25874918699264526
I do not want to change his bed.	मैं अपने बिस्तर बदलने के लिए नहीं करना चाहती.	मैं उसे अपनी जेब से नहीं भी रखूँ.	0.7893524169921875	0.3584904372692108	0.251873254776001
But he who says to his father and his mother, 'Fie on you! Do you promise me that I shall be brought forth, when entire generations have passed away before me' Yet they supplicate to Allah for help 'Woe to you! Believe, surely the promise of Allah is true' Then he says: 'This is nothing but fairytales of the ancients'	"किन्तु वह व्यक्ति जिसने अपने माँ-बाप से कहा, ""धिक है तुम पर! क्या तुम मुझे डराते हो कि मैं (क़ब्र से) निकाला जाऊँगा, हालाँकि मुझसे पहले कितनी ही नस्लें गुज़र चुकी है?"" और वे दोनों अल्लाह से फ़रियाद करते है - ""अफ़सोस है तुमपर! मान जा। निस्संदेह अल्लाह का वादा सच्चा है।"" किन्तु वह कहता है, ""ये तो बस पहले के लोगों की कहानियाँ है।"""	जो लिखते हैं 'फियो आ onto ये! दुशहूर सुनर्णज्ञों के राजकार्य रूप के लिखे हैं'	0.6388819813728333	0.28534725308418274	0.08394056558609009
You're aware that curses are not supported by science. - Neither the ghosts.	आपके शाप के विज्ञान का समर्थन नहीं है	जैसा कि आप जानते हैं कि किसी की भूत किसी के हसायी किसी के हसायी का साइंस किसी के हसायी का साइंस किसी के हसायी का साइंस किसी के हसायी का साइंस किसी के हसायी का साइंस किसी के हसायी का साइंस किसी के हसायी का साइंस किसी के हसायी का साइंस किसी के हसायी का साइंस किसी के हसायी का साइंस किसी के हसायी का साइंस किसी के हसायी का साइंस किसी के हसायी का साइंस किसी के हसायी का साइंस किसी के हसायी का साइंस किसी के हसायी का साइंस किसी	0.5699948668479919	0.254634290933609	0.016661707311868668
And now God, bends to my will.	और अब भगवान, मेरी मर्जी के लिए झुकता है।	गोद, के पालन में आ रहे हैं।	0.750652551651001	0.3160325288772583	0.11049133539199829
You're driving like a maniac!	तुम किसी सनकी की तरह गाड़ी चला रहे हो!	आप ड्राइविंग कैसे करते हैं?	0.7231279015541077	0.5539918541908264	0.5575298070907593
And he had over them no authority except [it was decreed] that We might make evident who believes in the Hereafter from who is thereof in doubt. And your Lord, over all things, is Guardian.	और शैतान का उन लोगों पर कुछ क़ाबू तो था नहीं मगर ये (मतलब था) कि हम उन लोगों को जो आख़ेरत का यक़ीन रखते हैं उन लोगों से अलग देख लें जो उसके बारे में शक में (पड़े) हैं और तुम्हारा परवरदिगार तो हर चीज़ का निगरॉ है	अरे और उनसे कोई अधिक प्राधान्य अधिक नहीं हो सकती है।	0.6705952286720276	0.2289578914642334	0.21432535350322723
Recording audio tracks on a rewritable disc is not advised.	फिर लिखने योग्य डिस्क में ऑडियो ट्रैक की रिकॉर्डिंग सलाहकारी नहीं है.	संकलित रूपी रिकॉर्डेड डिस्क को रिकॉर्ड करने के कुछ हो सकते हैं कि जैसा कि हो सकता है।	0.750567615032196	0.41809192299842834	0.2578026056289673
But depressed and knowing something was wrong, he demanded medical records.	लेकिन अवसादग्रस्त तथा कुछ गड़बड़ महसूस करते हुए, उसने चिकित्सकीय अभिलेखों की मांग की।	लेकिन अवसामान्य और जान कर रहे कि कुछ गलत हुआ था, उसने मेडिकल रिकॉर्ड्स डाउल्ड डिज़न्स डाइजन्स डाइजन्स.	0.694661557674408	0.3522356152534485	0.23836667835712433
You've got to ask why.	पूछिए क्यों.	ज़रूर बताएँ कि क्यों यह होता है।	0.7460063099861145	0.7678839564323425	0.7961178421974182
Whereupon she said: 'Now you see, this is he on whose account you blamed me. Yes, I sought to seduce him, but he was unyielding. If he declines to do what I command, he shall be imprisoned and be one of the humiliated'	"वह बोली, ""यह वही है जिसके विषय में तुम मुझे मलामत कर रही थीं। हाँ, मैंने इसे रिझाना चाहा था, किन्तु यह बचा रहा। और यदि इसने न किया जो मैं इससे कहती तो यह अवश्य क़ैद किया जाएगा और अपमानित होगा।"""	"मार्ग:
जो लिखता/लिखता है:

अब यह है उन लोगों की कहानी है जिनका परिचय मुझे दिया है।"	0.6564199924468994	0.27751365303993225	0.30703476071357727
We'll go and see the train when I'm better, shall we?	जब मैं ठीक हो जाऊंगी हम जाकर ट्रेन देखने जाएंगे, ठीक है न?	हमें और से जो बेहतर हो सकती है, उसे देखें जब मैं बेहतर हो सकती हूँ, हाँ, हमें देखें जब मैं बेहतर हो सकती हूँ.	0.6919448971748352	0.3674068748950958	0.21063481271266937
You gotta put it down.	तुम इसे नीचे रखना होगा.	ज़रूर कर देना चाहेंगे	0.6736781597137451	0.49888673424720764	0.409823477268219
But this is not all, some Indian Hockey Team players seem to be considering going on a hunger strike in protest against lack of awards for them after their recent win in Asia Cup while the cricket team got a truckload of goodies from state governments!	बात अभी पूरी नहीं हुई. भारतीय हॉकी टीम के कुछ सदस्यों ने उनकी हाल ही की एशिया कप विजय पर पुरस्कारों के टोटे, जबकि राज्य सरकारों द्वारा क्रिकेटरों को पुरस्कारों से लादने के विरोध में अनशन की चेतावनी दी!	देखा है कि यह सब कुछ भी है जो अभी भी आने वाला है जैसे पुरस्कार, अवयान पुरस्कार, अवयान पुरस्कार, और अवयान पुरस्कार, और अवयान पुरस्कार, और अवयान पुरस्कार, और अवयान पुरस्कार, और अवयान पुरस्कार, और अवयान पुरस्कार, और अवयान पुरस्कार, और अवयान पुरस्कार, और अवयान पुरस्कार, और अवयान पुरस्कार, और अवयान पुरस्कार, और अवयान पुरस्कार, और अवयान पुरस्कार, और अवयान पुरस्कार, और अवयान पुरस्कार, और अवयान पुरस्कार, और अवयान पुरस्कार, और अवयान पुरस्कार, और अवयान पुरस्कार, और अवयान पुरस्कार, और अवयान पुरस्कार, और अवयान पुरस्कार, और अवयान पुरस	0.604651153087616	0.26114651560783386	0.06034477800130844
I wasn't talking about hers, I was talking about yours.	मैं मैं तुम्हारा के बारे में बात कर रहा था उसका, के बारे में बात नहीं कर रहा था.	मैं wasn't talking about hers, मैं talking about yours.	0.7107086181640625	0.34262141585350037	0.2288290411233902
(Girls Laughing and Chattering)	(लड़कियों हंसता और बकबक)	(लेकिन किसी को भी नहीं दिया जाए)	0.7076490521430969	0.3614705502986908	0.10062402486801147
Line up parentheses	पंक्ति ऊपर	"मार्ग:
पहचान करें"	0.6793580651283264	0.4794620871543884	0.6192331314086914
Yeah, I mean, that sounds amazing.	हाँ। काफ़ी अच्छा विचार है।	सहिनौर, 13 मार्च 2023	0.6531104445457458	0.29950132966041565	0.3105217218399048
- Lucy must be thrilled.	- लूसी बहुत खुश होगी।	बिल्ली को ताज़ाबी लगनी चाहिए।	0.7293181419372559	0.3240329623222351	0.34927433729171753
However, its cartoon industry managed to transcend both the national and the Soviet bloc borders, and became popular all over Central and Eastern Europe, including the non-aligned Yugoslavia.	हालांकि, इसका कार्टून उद्योग राष्ट्रीय और सोवियत ब्लॉक की सीमाओं पार करने में कामयाब रहा और गैर गठबंधन यूगोस्लाविया सहित सभी मध्य और पूर्वी यूरोप में लोकप्रियता हासिल कर सका।	हालांकि, यह कार्टून इंडस्ट्री ने सामरिक संकट को पूरी तरह से रोक पाई और सामरिक संकट को पूरी तरह से रोक पाया ज सकन की कार्य रचना विस्तार की क्षमता सामरिक संकट को रोक पाने में विशिष्ट प्रयुक्ति क्षमता	0.6943749189376831	0.3791750967502594	0.23831380903720856
So, when you meet (in fight Jihad in Allah's Cause), those who disbelieve smite at their necks till when you have killed and wounded many of them, then bind a bond firmly (on them, i.e. take them as captives). Thereafter (is the time) either for generosity (i.e. free them without ransom), or ransom (according to what benefits Islam), until the war lays down its burden. Thus [you are ordered by Allah to continue in carrying out Jihad against the disbelievers till they embrace Islam (i.e. are saved from the punishment in the Hell-fire) or at least come under your protection], but if it had been Allah's Will, He Himself could certainly have punished them (without you). But (He lets you fight), in order to test you, some with others. But those who are killed in the Way of Allah, He will never let their deeds be lost,	अतः जब इनकार करनेवालो से तुम्हारी मुठभेड़ हो तो (उनकी) गरदनें मारना है, यहाँ तक कि जब उन्हें अच्छी तरह कुचल दो तो बन्धनों में जकड़ो, फिर बाद में या तो एहसान करो या फ़िदया (अर्थ-दंड) का मामला करो, यहाँ तक कि युद्ध अपने बोझ उतारकर रख दे। यह भली-भाँति समझ लो, यदि अल्लाह चाहे तो स्वयं उनसे निपट ले। किन्तु (उसने या आदेश इसलिए दिया) ताकि तुम्हारी एक-दूसरे की परीक्षा ले। और जो लोग अल्लाह के मार्ग में मारे जाते है उनके कर्म वह कदापि अकारथ न करेगा	मुसली के लिखे गए संकेतों को दूर करने के लिए, किस्म के किस्म के लिखे गए संकेतों को दूर करने के लिए, किस्म के किस्म के लिखे गए संकेतों को दूर करने के लिए, किस्म के किस्म के लिखे गए संकेतों को दूर करने के लिए, किस्म के किस्म के लिखे गए संकेतों को दूर करने के लिए, किस्म के किस्म के लिखे गए संकेतों को दूर करने के लिए, किस्म के किस्म के लिखे गए संकेतों को दूर करने के लिए, किस्म के किस्म के लिखे गए संकेतों को दूर करने के लिए, किस्म के किस्म के लिखे गए संकेतों को दूर	0.549688994884491	0.23424537479877472	0.050722815096378326
ICQ Work ID 2	आईसीक्यू कार्य ID 2	I cannot add, remove, or change any information	0.5788624882698059	0.37403276562690735	0.15944784879684448
Could not create thread for populating cache	कैश भरने के लिये थ्रेड नहीं बना सका	पॉपुलेट करने के लिए क्या स्थानको लिख सकती हूँ	0.732903778553009	0.415856271982193	0.3161776065826416
Earth is still my home.	पृथ्वीअभीभी मेराघरहै	जम्मदाद मेरी घरस्थ भूमि है।	0.6726586818695068	0.5458943247795105	0.3167765140533447
Banks:	Banks:	कैसे बैंक हैं?	0.6234758496284485	0.5570970177650452	0.5893473625183105
You always thought you were right...	तुम हमेशा मैं सही था...	जिस कोई भी समझे कि कुछ नहीं समझे...	0.7286866307258606	0.40537843108177185	0.47426843643188477
Server, username and domain name cannot be empty. Please fill them with correct values.	सर्वर, उपयोक्तानाम, और डोमेन नाम रिक्त नहीं हो सकता है. कृपया उन्हें सही मान से भरें.	जिस सेवा, के उपयोगstein के संस्कृति पर कोई सीमा नहीं है। पूरी सीमा सुनने वाले के द्वार पर होने वाली है।	0.6943709254264832	0.3774648904800415	0.27386510372161865
It's a skill and I'm good at it.	यह एक कौशल है और मैं इसे अच्छा हूँ.	अरे!	0.6862361431121826	0.3199470341205597	0.19295665621757507
Calendar authentication request	पंचांग सत्यापन आग्रह	कैलेंडर प्रमाणन अनुरोध	0.7024641036987305	0.5944036841392517	0.8262684345245361
You think you can do as you please, living with us.	तुम्हें लगता है कि तुम जो मर्जी कर सकती हो, हमारे साथ रहकर	आपके विचारों के बावजूद, हमें आपसे कैसा लगता है?	0.6813219785690308	0.4504057466983795	0.5016833543777466
_Fetch All Headers	पूरा शीर्षक लाएँ (_F)	मूल्याँे प्राप्त करें	0.644257664680481	0.3950674533843994	0.2955377697944641
Constraints the panning to an axis	प्रतिबन्ध किसी अक्ष को पैन करने के लिए	I wasn't there	0.5899567008018494	0.20565292239189148	0.08340181410312653
"The type ""%s"" is not a valid type."	%s नियमित फाइल नहीं है	"अर्जित कार्य ""%s"" का अस्पष्धीकरण नहीं है।"	0.742019772529602	0.472554475069046	0.4230855703353882
But I can still do a man's work, both here and there.	लेकिन मैं अभी भी एक मर्द का काम कर सकता हूं, यहाँ और वहाँ दोनों जगह.	जी हूँ कि मैं वहाँ और वहाँ भी कर सकता हूँ।	0.7890715599060059	0.37991490960121155	0.22257567942142487
Save Image	छवि सहेजें	"यहाँ कृपयान्द्र शीर्षकों के लिए निर्देश:
1. कृपयान्द्र शीर्षकों के लिए निर्देश:
2. कृपयान्द्र शीर्षकों के लिए निर्देश:
3. कृपयान्द्र शीर्षकों के लिए निर्देश:
4. कृपयान्द्र शीर्षकों के लिए निर्देश:
5. कृपयान्द्र शीर्षकों के लिए निर्देश:
6. कृपयान्द्र शीर्षकों के लिए निर्देश:
7. कृपयान्द्र शीर्षकों के लिए निर्देश:
8. कृपयान्द्र शीर्षकों के लिए निर्देश:
9. कृपयान्द्र शीर्षकों के लिए निर्देश:
10. कृपयान्द्र शीर्षकों के लिए निर्देश:
11. कृपयान्द्र शीर्षकों क"	0.48726963996887207	0.2911815941333771	0.011694198474287987
"that thereof you may thread ways, ravines."""	"""ताकि तुम उसके विस्तृत मार्गों पर चलो।"""	जिसे उसके पास हो कि वह स्थितियाँ, गड़वाँ, Ravines के हो कि वह स्थितियाँ, सड़वाँ, Ravines के हो कि वह स्थितियाँ, सड़वाँ, Ravines के हो कि वह स्थितियाँ, सड़वाँ, Ravines के हो कि वह स्थितियाँ, सड़वाँ, Ravines के हो कि वह स्थितियाँ, सड़वाँ, Ravines के हो कि वह स्थितियाँ, सड़वाँ, Ravines के हो कि वह स्थितियाँ, सड़वाँ, Ravines के हो कि वह स्थितियाँ, सड़वाँ, Ravines के हो कि वह स्थितियाँ, सड़वाँ, Ravines के हो कि वह स्थितियाँ, सड़वाँ, Ravines के हो कि वह स्थितियाँ, सड़वाँ, Rav	0.5410730838775635	0.31605300307273865	0.0268365740776062
%a %l:%M %p	%a %l:%M %p	"Translate following English to Hindi text:
%a %l:%M %p"	0.8367245197296143	0.6866809725761414	0.4124634861946106
They shall recline on couches lined with brocade, and within reach shall hang the fruits of the two Gardens.	यह लोग उन फ़र्शों पर जिनके असतर अतलस के होंगे तकिये लगाकर बैठे होंगे तो दोनों बाग़ों के मेवे (इस क़दर) क़रीब होंगे (कि अगर चाहे तो लगे हुए खालें)	जिसे सोचने पर स्थित होगे, सोचने के लिए भावी होगे, और जो किसी भी जानकारी के लिए तैयार होगा, उसे सोचने के लिए भी तैयार होगा।	0.6633502244949341	0.3396715819835663	0.24032743275165558
And help dragon riders sneak into Drago's camp?	और ड्रागो के शिविर में घुसने में ड्रैगन-सवारों की मदद करूँ?	देखा न करें ड्रैग राइडर से ड्रैग्स के पास लाने के कार्य के परिणत्त्व हो सकते हैं कि ड्रैग राइडर के पास ड्रैग से नहीं से किया जाए, और कि ड्रैग से नहीं से किया जाए, तो इससे कार्य के परिणत्त्व को प्रभावशाली बनाया जा सकता है।	0.6658292412757874	0.3548537790775299	0.16685442626476288
On the Day when We raise up a witness from every people, those who were bent on denying the truth will not be permitted to put forward excuses, or to make amends.	और जिस दिन हम एक उम्मत में से (उसके पैग़म्बरों को) गवाह बनाकर क़ब्रों से उठा खड़ा करेगे फिर तो काफिरों को न (बात करने की) इजाज़त दी जाएगी और न उनका उज्र (जवाब) ही सुना जाएगा	अर्थ: किसी भी जानकारी जिसे किसी को भेद-मानी ठहराया जा सके या जिसे किसी को दंडनिष्ठ ठहराया जा सके ये सभी जानकारी स्वतंता है और सेवा देने वाले किसी को भेद-मानी ठहराया जा सके ये सभी जानकारी स्वतंता है	0.606518030166626	0.3001793324947357	0.22691302001476288
enter My Paradise!	और मेरे बेहिश्त में दाख़िल हो जा	मेरी पारसिक पारस!	0.6884951591491699	0.3836347162723541	0.382002055644989
_Manager:	प्रबंधक: (_M)	डिफ़ॉल्स:	0.7123072743415833	0.4950176179409027	0.2711573541164398
By the declining star,	गवाह है तारा, जब वह नीचे को आए	जीतने वाले	0.6701968312263489	0.3666345775127411	0.17457138001918793
Brace indentation size in spaces:	आकार इंच:	प्रेस़ सizes in spaces:	0.6355654001235962	0.2903805375099182	0.16224919259548187
They (the souls) are then returned towards their True Lord – Allah; pay heed! Only His is the command; and He is the Swiftest At Taking Account.	फिर सब अल्लाह की ओर, जो उसका वास्तविक स्वामी है, लौट जाएँगे। जान लो, निर्णय का अधिकार उसी को है और वह बहुत जल्द हिसाब लेनेवाला है	जिस्म में जो (सoul) प्राप्त होता है उसमें से जो प्राप्त होता है उसे उस True Lord से प्राप्त किया गया है और उसे उस Swiftest At Taking Account में पाया जा सकता है।	0.6515123844146729	0.3753550946712494	0.2623835802078247
Cherry pick	Cherry pick	बढ़ा-बढ़िया	0.6923789381980896	0.42687299847602844	0.5325887203216553
Assistant	सहायक	बात	0.7151396870613098	0.6274729371070862	0.6579569578170776
Thought travel agents were a thing of the past thanks to the internet?	तो आपको ट्रैवेल एजेन्ट बीती हुई सदी के लगते थे, इन्टरनेट को धन्यवाद कहिए?	इंटरनेट के कारण थिंक व्यात्री पूरterior पूर्णकृति के पथ के तंत्र में थिंक व्यात्री के पथ के तंत्र में जैसे थीं वे रचनात्मक प्रयुक्ति के पथ के तंत्र में वैसी वैसी थीं	0.6454641819000244	0.3144505023956299	0.17700138688087463
She comes, and she kneels down every day?	वह हर दिन आती है, और घुटनों पर बैठ जाती है?	शी comes, और शी के लिए every day कुछ होता	0.6597391366958618	0.29562535881996155	0.19573746621608734
I_nclude remote tests	दूरस्थ परीक्षण को शामिल करें (_n)	रिमोट टेस्ट में शामिल कर सकते हैं	0.7468321919441223	0.6594457030296326	0.6571352481842041
1st to 10th	1ला से 10वां	1st to 10th	0.7161871194839478	0.6948598027229309	0.5274461507797241
Organization	संगठन	संगठन	1.000000238418579	0.9839301109313965	0.8992471694946289
"So you gonna tell us now what your ""big deal"" with Flag was?"	तो तुम हमें बताओ कि क्या अब ध्वज के साथ अपने 'बड़ा सौदा' था?	No Hindi के लिखे जाने	0.6190845966339111	0.3358514904975891	0.125996932387352
And I, no longer queen, will be put to death with your sister and the remaining members of our family.	... मवेशियों के ऊपर एक और व्यर्थ लड़ाई में विकृत किया जाना है. और मैं अब कोई रानी, मौत के लिए रखा जाएगा... ... अपनी बहन और हमारे परिवार के शेष सदस्यों के साथ.	अरे, और मैं नहीं रानी, मैं किसी को मार डालूँगी और मेरे सहयोगी के पास मैं डहिंट कर रही हूँ।	0.7119005918502808	0.3983730971813202	0.32263892889022827
PAXTON:	PAXTON:	पेक्सटन:	0.7193372845649719	0.746704638004303	0.8534576892852783
A generic python project using automake project management	A python प्रयोग कर रहा है	अनुपमान प्रोजेक्ट मैनेजिंग	0.6418380737304688	0.45854830741882324	0.6005290746688843
Encoding	एनकोडिंग	डेटा को संग्रहित करने वाले पाठ के पाठ के भाव को डिज़्वेयर किया ज सकता है।	0.6755837202072144	0.41194862127304077	0.25874918699264526
Copy...	नक़ल करें...	कॉपी...	0.7584256529808044	0.593533456325531	0.8031610250473022
Amandine Poulain likes: Figure skaters' costumes on TV.	Amandine Poulain को टीवी पर स्केटरों वेशभूषा पसंद है	अमेरिकी पॉलियन की पसंद: फ़िज़ बुलेट प्रोड्यूस की स्ट्रीट क्रैग़ की टीवी वीडियो की स्ट्रीट क्रैग़ की प्रोड्यूस की स्ट्रीट क्रैग़ की फ़ार्म की स्ट्रीट क्रैग़ की स्ट्रीट क्रैग़ की स्ट्रीट क्रैग़ की स्ट्रीट क्रैग़ की स्ट्रीट क्रैग़ की स्ट्रीट क्रैग़ की स्ट्रीट क्रैग़ की स्ट्रीट क्रैग़ की स्ट्रीट क्रैग़ की स्ट्रीट क्रैग़ की स्ट्रीट क्रैग़ की स्ट्रीट क्रैग़ की स्ट्रीट क्रैग़ की स्ट्रीट क्रैग़ की स्ट्रीट क्रैग़ की स्ट्रीट क्रै	0.5869661569595337	0.241557314991951	0.15528440475463867
How dare he plays me using my dad!	उसकी हिम्मत कैसे हुई कि मेरे डैड का इस्तेमाल करके मेरे साथ खेले!	उने से कैसे प्रयोग किय किये!	0.7336178421974182	0.3449873626232147	0.21143056452274323
Did she at least say where she was going?	वह कहाँ जा रहा था वह कम से कम कहा?	Yes, did she at least say where she was going?	0.6806530952453613	0.47786012291908264	0.10898900032043457
O ye who believe! save yourselves and your families from a Fire whose fuel is Men and Stones, over which are (appointed) angels stern (and) severe, who flinch not (from executing) the Commands they receive from Allah, but do (precisely) what they are commanded.	ऐ ईमान लानेवालो! अपने आपको और अपने घरवालों को उस आग से बचाओ जिसका ईधन मनुष्य और पत्थर होंगे, जिसपर कठोर स्वभाव के ऐसे बलशाली फ़रिश्ते नियुक्त होंगे जो अल्लाह की अवज्ञा उसमें नहीं करेंगे जो आदेश भी वह उन्हें देगा, और वे वही करेंगे जिसका उन्हें आदेश दिया जाएगा	अरे, यह तो कुछ भी नहीं है।	0.5990240573883057	0.2613256871700287	0.08721956610679626
And then, shortly thereafter, three.	एक डबल घटना नहीं होगी.	और वह तो जल्दी हो जाती है।	0.7435262203216553	0.49146637320518494	0.33359259366989136
_Debug	डिबग करें (_D)	जड़	0.6745769381523132	0.40031105279922485	0.2548167109489441
I think I found Liedenbrock's notebook.	एल लगता है कि मैं Liedenbrock नोटबुक पाया. देखो .	मुझे लगने वाला पुस्तिका मिला चुके	0.6299946904182434	0.3631381094455719	0.38004863262176514
And to you We have revealed the Book containing the truth, confirming the earlier revelations, and preserving them (from change and corruption). So judge between them by what has been revealed by God, and do not follow their whims, side-stepping the truth that has reached you. To each of you We have given a law and a way and a pattern of life. If God had pleased He could surely have made you one people (professing one faith). But He wished to try and test you by that which He gave you. So try to excel in good deeds. To Him will you all return in the end, when He will tell you of what you were at variance.	और हमने तुम्हारी ओर यह किताब हक़ के साथ उतारी है, जो उस किताब की पुष्टि करती है जो उसके पहले से मौजूद है और उसकी संरक्षक है। अतः लोगों के बीच तुम मामलों में वही फ़ैसला करना जो अल्लाह ने उतारा है और जो सत्य तुम्हारे पास आ चुका है उसे छोड़कर उनकी इच्छाओं का पालन न करना। हमने तुममें से प्रत्येक के लिए एक ही घाट (शरीअत) और एक ही मार्ग निश्चित किया है। यदि अल्लाह चाहता तो तुम सबको एक समुदाय बना देता। परन्तु जो कुछ उसने तुम्हें दिया है, उसमें वह तुम्हारी परीक्षा करना चाहता है। अतः भलाई के कामों में एक-दूसरे से आगे बढ़ो। तुम सबको अल्लाह ही की ओर लौटना है। फिर वह तुम्हें बता देगा, जिसमें तुम विभेद करते रहे हो	मध्य प्रदेश के 2023 के समय में जो हुआ उसे भी बताया जा सकता और निर्णित किया जा सकता	0.606161892414093	0.2821671962738037	0.41709116101264954
So you're pleading guilty to the trooper's charge?	आप जवान के आरोप में दोषी विनती कर रहे हैं तो क्या?	No, you're not pleading guilty to the trooper's charge?	0.648659348487854	0.3663623332977295	0.21179461479187012
(Unknown Filename)	(अज्ञात फ़ाइलनाम)	ज्ञात फ़ायल नाम)	0.7931151986122131	0.6183962821960449	0.6413500308990479
'Cause whoever's doing this is taking it seriously enough now to let us know that the loans to you, they're not secure.	जो कोई भी यह कर रहा है अब काफी गंभीरता से ले रही है क्योंकि हमें अपने आप को ऋण , वे सुरक्षित नहीं हैं कि यह बताने के लिए.	बिलकुल जीबनहट्ठा किया गेम नहीं है।	0.6683250665664673	0.3577783405780792	0.2308969646692276
_View	दृश्य_(V)	जैसा	0.6945359110832214	0.5088356137275696	0.5056090354919434
Text	पाठ	यहाँ कुछ जानकारी दी जाएगी।	0.6096402406692505	0.48312821984291077	0.5685129165649414
Restart the game	वर्तमान खेल पुनःप्रारंभ करें	गेम को फिरना	0.663294792175293	0.4749999940395355	0.3652905821800232
Lodge them where ye dwell, according to your wealth, and harass them not so as to straiten life for them. And if they are with child, then spend for them till they bring forth their burden. Then, if they give suck for you, give them their due payment and consult together in kindness; but if ye make difficulties for one another, then let some other woman give suck for him (the father of the child).	मुतलक़ा औरतों को (इद्दे तक) अपने मक़दूर मुताबिक दे रखो जहाँ तुम ख़ुद रहते हो और उनको तंग करने के लिए उनको तकलीफ न पहुँचाओ और अगर वह हामेला हो तो बच्चा जनने तक उनका खर्च देते रहो फिर (जनने के बाद) अगर वह बच्चे को तुम्हारी ख़ातिर दूध पिलाए तो उन्हें उनकी (मुनासिब) उजरत दे दो और बाहम सलाहियत से दस्तूर के मुताबिक बात चीत करो और अगर तुम बाहम कश म कश करो तो बच्चे को उसके (बाप की) ख़ातिर से कोई और औरत दूध पिला देगी	किसी भी समस्या के लिए पालनिक्षत्री पात्र देना चाहे |	0.5992190837860107	0.2435142695903778	0.12157490849494934
THIS IS THE ONLY TIME-- IT'S THE FIRST TIME	यह केवल समय है - आईटी पहली बार है	यह एक सिर्फ़ एक समय है - एक सिर्फ़ एक पहली समय है।	0.7464422583580017	0.5268403887748718	0.3421027362346649
Unexpected reply from server	सर्वर से अप्रत्याशित जवाब	सर्वश्री की स्पष्ट और सही रूपात्मक प्रतिक्षिति के लिखित प्रतिक्षता के लिखित प्रतिक्षता के लिखित प्रतिक्षता के लिखित प्रतिक्षता के लिखित प्रतिक्षता के लिखित प्रतिक्षता के लिखित प्रतिक्षता के लिखित प्रतिक्षता के लिखित प्रतिक्षता के लिखित प्रतिक्षता के लिखित प्रतिक्षता के लिखित प्रतिक्षता के लिखित प्रतिक्षता के लिखित प्रतिक्षता के लिखित प्रतिक्षता के लिखित प्रतिक्षता के लिखित प्रतिक्षता के लिखित प्रतिक्षता के लिखित प्रतिक्षता के लिखित प्रतिक्षता के लिखित प्रतिक्षता के	0.5741214752197266	0.29387524724006653	0.022735433652997017
Opening calendar	पंचांग खोल रहा है	कैलेंडर को खोलें	0.7475425601005554	0.5843148231506348	0.671146810054779
The file '{0}' is not a regular file and cannot be sent in a message.	फ़ाइल `{0}' एक सामान्य फ़ाइल नहीं है और संदेश में भेजी नहीं जा सकती है.	'{0}' सारा फ़ाइल नहीं है और सेंट के लेबल फ़ाइल नहीं हो सकती.	0.8608638644218445	0.5493159890174866	0.5556299686431885
You can forgive Kal any lapses in our quorum..	आप किसी भी काल माफ कर सकते हैं हमारे कोरम में खामियों ..	जिसे कल का कोई अंतर है उसे हमारा सिरा न हो..	0.724396288394928	0.3572564423084259	0.12001371383666992
As for the children, God decrees that the share of the male is equivalent to that of two females. If they consist of women only, and of them more than two, they will get two-thirds of the inheritance; but in case there is one, she will inherit one half. The parents will each inherit a sixth of the estate if it happens the deceased has left a child; but if he has left no children, and his parents are his heirs, then the mother will inherit one-third; but if he has left brothers, the mother will inherit one-sixth after payment of legacies and debts. Of parents and children you do not know who are more useful to you. These are the decrees of God who knows all and is wise.	अल्लाह तुम्हारी सन्तान के विषय में तुम्हें आदेश देता है कि दो बेटियों के हिस्से के बराबर एक बेटे का हिस्सा होगा; और यदि दो से अधिक बेटियाँ ही हो तो उनका हिस्सा छोड़ी हुई सम्पत्ति का दो तिहाई है। और यदि वह अकेली हो तो उसके लिए आधा है। और यदि मरनेवाले की सन्तान हो जो उसके माँ-बाप में से प्रत्येक का उसके छोड़े हुए माल का छठा हिस्सा है। और यदि वह निस्संतान हो और उसके माँ-बाप ही उसके वारिस हों, तो उसकी माँ का हिस्सा तिहाई होगा। और यदि उसके भाई भी हो, तो उसका माँ का छठा हिस्सा होगा। ये हिस्से, वसीयत जो वह कर जाए पूरी करने या ऋण चुका देने के पश्चात है। तुम्हारे बाप भी है और तुम्हारे बेटे भी। तुम नहीं जानते कि उनमें से लाभ पहुँचाने की दृष्टि से कौन तुमसे अधिक निकट है। यह हिस्सा अल्लाह का निश्चित किया हुआ है। अल्लाह सब कुछ जानता, समझता है	मध्य प्रदेश के तट पर	0.5691929459571838	0.1763392984867096	0.11069509387016296
I'm sorry, I'll never do this again.	मैं माफी चाहता हूँ , मैं फिर से ऐसा कभी नहीं होगा.	माफ़ किया नहीं, हमेशा इस बात का ध्यान रखेंगे कि हमारा कार्य इसी रूप से रद्द नहीं किये जा सकतेगा।	0.7087879180908203	0.43520212173461914	0.3318948447704315
Commit on fast-forward merges	कमिट पर तेज आगे	बढ़ावे में संकलित होते हैं	0.720981240272522	0.46005725860595703	0.525309145450592
Use revision:	रिवीजन का उपयोग करें:	अन्य जानकारी देने (Revision) के लिए	0.6706656217575073	0.5141268372535706	0.2999720573425293
Select name of the Evolution backup file to restore	पुनर्भंडारण के लिए एवोल्यूशन बैकअप फ़ाइल का नाम चुनें	रestoration में कौन से जानकारी शामिल होंगें	0.681972086429596	0.35371968150138855	0.1619206964969635
(Remember) When the wife of Imran said, “My Lord! I pledge to you what is in my womb – that it shall be dedicated purely in Your service, so accept it from me; indeed You only are the All Hearing, the All Knowing.”	(ऐ रसूल वह वक्त याद करो) जब इमरान की बीवी ने (ख़ुदा से) अर्ज़ की कि ऐ मेरे पालने वाले मेरे पेट में जो बच्चा है (उसको मैं दुनिया के काम से) आज़ाद करके तेरी नज़्र करती हूं तू मेरी तरफ़ से (ये नज़्र कुबूल फ़रमा तू बेशक बड़ा सुनने वाला और जानने वाला है	अरे! जब इमरान की पत्नी थी...	0.6416804790496826	0.25818899273872375	0.03869480639696121
in its long columns of flames.	जाएँगे	प्रालय के लंबे चमड़े।	0.6823468208312988	0.28822121024131775	0.25581085681915283
Hey, look, you don't have to listen to him.	अरे, देखो, तुम उसे सुनने के लिए नहीं है .	जी हाँ, लेकिन आप उसे सुनें नहीं पाते या सुनने के परिणिष्ट हो सकते कि आप उसे बेहतर तरीके से सुनें.	0.7407193183898926	0.43720027804374695	0.2530052661895752
SSL Certificate Authority	SSL प्रमाणपत्र प्राधिकार	सएस सेर्टिफ़िया	0.6596122980117798	0.48852890729904175	0.6820785999298096
I have a bogey incoming! Oh, shit.	मैं आने वाले एक दलदली है!	बिल्कुल नहीं!Oh, दिल।	0.6923351883888245	0.3150646984577179	0.32918015122413635
The patient needs ventilator.	मरीज को वेंटीलेटर की जरूरत है।	पात्र की सहायती वेंटिलेटर की सहायती होगी।	0.7702351808547974	0.4516841471195221	0.23000477254390717
Error performing IDLE	IDLE ढूंढ़ने में त्रुटि	IDल के दिए जाने की क्रिया के परिणाम होते हैं।	0.737752377986908	0.3924490213394165	0.2799418866634369
Messages with Attachments	संलग्नक के साथ संदेश	संदेश के साथ-साथ	0.8166162967681885	0.6183388829231262	0.6214340329170227
Yes.	हाँ.	जी हाँ।	0.8535234928131104	0.8985685706138611	0.9291078448295593
That is because those who disbelieve follow falsehoods, while those who believe follow the truth from their Lord. God thus cites for the people their examples.	ये इस वजह से कि काफिरों ने झूठी बात की पैरवी की और ईमान वालों ने अपने परवरदिगार का सच्चा दीन एख्तेयार किया यूँ ख़ुदा लोगों के समझाने के लिए मिसालें बयान करता है	चेतना से असहज होने के लिए जो लोग व्यवहार करते हैं, वे व्यवहार के ध्यान से असह्य होते हैं और व्यवहार के ज्ञान से संतुष्ट होते हैं।	0.6698867678642273	0.38942089676856995	0.5434013605117798
I came to tell you that your life is in danger and I need your help.	बताने आया हूँ कि तुम्हारी जान खतरे में है और मुझे तुम्हारी मदद चाहिए।	मैं आपको बताने के लिए आभारी हूँ कि आपकी जीवन सुरक्षा और इस बात की प्रार्थक हो सकते हैं |	0.7316928505897522	0.4279172122478485	0.4471900463104248
Accessible Table Row Description	पहुँच योग्य सारणी पंक्ति वर्णन	ब्लॉक के जोड़ी विधि	0.6802928447723389	0.44542649388313293	0.32653510570526123
You got to cover 360.	आप 360 कवर करने के लिए मिला है.	आपको 360 को चुनौती देने के लिए तैयार किया गया था।	0.7961404919624329	0.6368529200553894	0.6249176263809204
Private	निजीiCalImp	ब्यक्ति	0.6450591683387756	0.5241542458534241	0.3026978373527527
If it didn't hurt...	अगर दुखता न होता ...	अगरा नहीं होता...	0.8847377300262451	0.5769731998443604	0.5583685040473938
Take it, Raleigh!	, रैले यह लो!	नहीं कॉपी कर, रैली!	0.7652096152305603	0.43402299284935	0.2741429805755615
This drug isn't new to our world	यह दवा हमारी दुनिया के लिए नया नहीं है	यह दवा हमारे संसार्य विश्व में नई है।	0.8426070213317871	0.7117331624031067	0.6181780695915222
Beast, havok, back him up.	द बीस्ट! Havok! उन्हें वापस ऊपर!	अरे भाई, उसे प्रोत्साहित कर देना है।	0.6295996904373169	0.49187716841697693	0.44460421800613403
Make sure you double-bag like the lady says.	जैसा महिला कहती है, डबल बैग जरूर लगना.	लेड़िया की बात की जाती है।	0.7196518778800964	0.3251333236694336	0.26792651414871216
"And he says, ""I believe this boy's about to have himself an accident? """	"और कहता था, ""मेरा मानना ​​है कि इस लड़के के साथ कोई दुर्घटना होगी."""	जिस्म के बारे जिस्म में सोचते हैं, उसे सोचते हैं | इस प्रक्रिया के दौरान किसी भी जानकारी या हिस्से के बारेज़ के बारे जाने के लिए यह तय है कि जिस्म में सोचते हैं वे होते हैं, और इस प्रक्रिया के दौरान किसी भी जानकारी या हिस्से के बारे जाते हे सुननेे तो कुछ निर्णय के लिए यह तय है कि जिस्म में सोचते हैं वे होते हैं, और इस प्रक्रिया के दौरान किसी भी जानकारी या हिस्से के बारे जाते हे सुननेे तो कुछ	0.5980424284934998	0.26764026284217834	0.028668969869613647
It's the 25th. man #2: 24th.	आज 25 है. पुरुष #2: 24 है.	अरे, यह 25वें है। मैन #2: 24वें।	0.7555786371231079	0.6052836775779724	0.8319154977798462
And his plaint: ‘My Lord! Indeed these are a people who will not have faith!’	"और उसका कहना हो कि ""ऐ मेरे रब! निश्चय ही ये वे लोग है, जो ईमान नहीं रखते थे।"""	और उनकी द्वन्नीति: ‘राजा! ये लोग वाकई पूर्णस्वातंत्र नहीं हैं!’	0.7026576399803162	0.3607620894908905	0.25445669889450073
"When they returned to their father they said: ""Father! We have been denied further supply of corn. So send with us our brother that we may bring the supplies. We shall be responsible for his protection."""	(और इस लालच में) यायद फिर पलट के आएं ग़रज़ जब ये लोग अपने वालिद के पास पलट के आए तो सब ने मिलकर अर्ज़ की ऐ अब्बा हमें (आइन्दा) गल्ले मिलने की मुमानिअत (मना) कर दी गई है तो आप हमारे साथ हमारे भाई (बिन यामीन) को भेज दीजिए	जैसो पिता के पास गए थे वे कहा: “पिता! हमें आगे के प supply of corn दिल से दिया गया है तो सेंड भी हमें दिल से दिया गया है तो हमें अपने भाई के पास दिल से दिया गया है Supplies.”	0.6598372459411621	0.35145142674446106	0.2313031703233719
Get us close to him.	हमें उसके पास जाओ.	"अपने उसे साथ ले सकते क्यों?
क्यों?
क्यों के द्वारा?"	0.7066289782524109	0.3780945837497711	0.2807442545890808
Yes.	हाँ।	जी हाँ।	0.9464506506919861	0.9053217768669128	0.9312707185745239
Migrating...	उत्प्रवासित हो रहा है...	जाति...	0.7586737275123596	0.48017290234565735	0.3195987939834595
Elias isolates himself a lot.	एलियास खुद को बहुत अलग रखता है.	I don't isolate myself a lot.	0.6218089461326599	0.41784200072288513	0.3397983908653259
Scoot back.	वापस भागो.	अरे!	0.7579661011695862	0.5152276754379272	0.3183629512786865
And that is to do this..	ऐसा करने के लिए है और कहा कि ..	इसे करने के लिए।	0.8227071166038513	0.6621797680854797	0.7369924783706665
Besides the BJP and the Congress, the National People's Party and two independent candidates, a total of 7 candidates filed nominations on Thursday.	भाजपा व कांग्रेस के अलावा नेशनल पीपुल्स पार्टी के एक एवं दो निर्दलीय प्रत्याशियों सहित कुल 7 प्रत्याशियों ने गुरुवार को नामांकन दाखिल किया।	7 के नाम पर भारत विभाजन और कांग्रस पर भी हैं।	0.6430039405822754	0.2940877676010132	0.06483391672372818
A flycam video showed security police blocking off the surrounding streets.	एक फ्लाईकैम वीडियो ने सुरक्षा पुलिस को आसपास की सड़कों को अवरुद्ध करते दिखाया।	बेकिंग सीसीएम वीडियो में सुरक्षा पुलिस ने सड़कों को चिह्नित करने के लिए कार्य किया था.	0.8301122784614563	0.5834646821022034	0.5602937340736389
Being niggardly with respect to you; but when fear comes, you will see them looking to you, their eyes rolling like one swooning because of death; but when the fear is gone they smite you with sharp tongues, being niggardly of the good things. These have not believed, therefore Allah has made their doing naught; and this is easy to Allah.	और चल दिए और जब (उन पर) कोई ख़ौफ (का मौक़ा) आ पड़ा तो देखते हो कि (आस से) तुम्हारी तरफ देखते हैं (और) उनकी ऑंखें इस तरह घूमती हैं जैसे किसी शख्स पर मौत की बेहोशी छा जाए फिर वह ख़ौफ (का मौक़ा) जाता रहा और ईमानदारों की फतेह हुई तो माले (ग़नीमत) पर गिरते पड़ते फौरन तुम पर अपनी तेज़ ज़बानों से ताना कसने लगे ये लोग (शुरू) से ईमान ही नहीं लाए (फक़त ज़बानी जमा ख़र्च थी) तो खुदा ने भी इनका किया कराया सब अकारत कर दिया और ये तो खुदा के वास्ते एक (निहायत) आसान बात थी	नोट रखें कि, इस रचनी के कार्यों के लिए जिमेदार नहीं होते हैं, और इसके कार्यों से नहीं होते हैं, तथा इसके कार्यों निर्णित नहीं होते हैं, और इसके कार्यों के कार्यों के निर्णीत नहीं होते हैं।	0.6258875727653503	0.26030832529067993	0.17144125699996948
Demon dog!	दानव कुत्ता!	दDemon dog!	0.7498454451560974	0.5935733914375305	0.4935147166252136
WHETSTONE	Constellation name (optional)	जेम्स	0.6627841591835022	0.47389745712280273	0.5232060551643372
It went through the hull!	यह पतवार के माध्यम से चला गया!	चारों ने पानी को हिल लिया!	0.739776611328125	0.42326483130455017	0.29019612073898315
Miss Waco, I didn't...	मिस वाको, मैंने नहीं किया...	वॉकर्स, मैंने...	0.7838333249092102	0.5256898403167725	0.5223823189735413
I spoke to Walker.	मैंने वॉकर से बात की थी।	मैं विलियम से बात की थी।	0.8964874148368835	0.8754503130912781	0.7496904730796814
Neither their flesh reaches Allah nor their blood; it is your piety that reaches Him. He has subjected these animals (to you) that you may magnify Allah for the guidance He has bestowed upon you. Give glad tidings, (O Prophet), to those who do good.	खुदा तक न तो हरगिज़ उनके गोश्त ही पहुँचेगे और न खून मगर (हाँ) उस तक तुम्हारी परहेज़गारी अलबत्ता पहुँचेगी ख़ुदा ने जानवरों को (इसलिए) यूँ तुम्हारे क़ाबू में कर दिया है ताकि जिस तरह खुदा ने तुम्हें बनाया है उसी तरह उसकी बड़ाई करो	कृपयोग्यता: इस प्रकाशित कार्य को किसी भेदित कार्य के बजात होगा।	0.6066598892211914	0.2724703848361969	0.1948675811290741
Whatsoever is in the heavens and the earth belongs to Him, and His the judgement for ever. So will you fear any other than God?	जो कुछ आकाशों और धरती में है सब उसी का है। उसी का दीन (धर्म) स्थायी और अनिवार्य है। फिर क्या अल्लाह के सिवा तुम किसी और का डर रखोगे?	जो भी है ज heavens और earth belongs to Him and His the faith that ever will be. So will you fear any other than God?	0.6438934206962585	0.299469918012619	0.18052707612514496
You spoil my daughter and I get the blame for it	तुम मेरी बेटी को खराब कर रही हो और दोष मुझे मिलता है	जिसने मुद्दे को दर्शाया और मुद्दे को लेकर भ्रम पैदा कर दिया है	0.7191596627235413	0.3850340247154236	0.2741135060787201
Allah! There is none worthy of worship except Him; He will surely gather you all on the Day of Resurrection in which there is no doubt; and whose Words are more true than those of Allah? (Allah does not lie.)	अल्लाह के सिवा कोई इष्ट -पूज्य नहीं। वह तुम्हें क़ियामत के दिन की ओर ले जाकर इकट्ठा करके रहेगा, जिसके आने में कोई संदेह नहीं, और अल्लाह से बढ़कर सच्ची बात और किसकी हो सकती है	अरे, यह सुनने के तौर पर है कि किसी भी जाति या समूह के सदस्यों को Allah के वचनों से अधिक विशिष्ट होने वाले नहीं होते हैं ।	0.6592413187026978	0.3518800139427185	0.3946642279624939
Wonderful party, thank you!	अद्भुत पार्टी, धन्यवाद!	किसी को धन्यवाद नहीं देने दूँगी!	0.7542259693145752	0.4710688889026642	0.18180589377880096
So, if thou art in doubt regarding what We have sent down to thee, ask those who recite the Book before thee. The truth has come to thee from thy Lord; so be not of the doubters,	पस जो कुरान हमने तुम्हारी तरफ नाज़िल किया है अगर उसके बारे में तुम को कुछ शक़ हो तो जो लोग तुम से पहले से किताब (ख़ुदा) पढ़ा करते हैं उन से पूछ के देखों तुम्हारे पास यक़ीनन तुम्हारे परवरदिगार की तरफ से बरहक़ किताब आ चुकी तो तू न हरगिज़ शक़ करने वालों से होना	जो तुम्हारी लेबर की रचना से जुड़ते हैं, तो तुम्हारा दoub्टा पूरा करने के लिए स्वतंता नहीं हो सकती हैं।	0.7126994132995605	0.2686632573604584	0.18475018441677094
So how could you produce a fetching creature such as that?	आप उस सुंदर प्राणी को पैदा कर सकते हैं जो वहां है?	इससे कैसे आप एक संग्रहणिकारा प्राणी हो सकती?	0.753079354763031	0.5267665982246399	0.5756035447120667
This event has been deleted.	यह घटना मिटायी जा चुकी है.	यह घटना किसी के किसी है।	0.748108983039856	0.3543546795845032	0.1805994063615799
_Burn Image...	छवि लिखें (_B)...	ये कुछ पुस्तिकरण के दौरान हो सकते हैं...	0.7204155921936035	0.4185450077056885	0.32157349586486816
All right, look, we're not going to let a couple of seagulls ruin our moment.	ठीक हम किसी भी सीगल को इन पलों को बरबाद करने नहीं देंगे।	अरे, कुछ नहीं हो सकता कि कुछ सागर गulls हमारे पल्ल पर कुछ प्रभाव पैदा कर सकेंगे।	0.7441444396972656	0.45195135474205017	0.2466549128293991
I'd always thought that...	मैंने हमेशा सोचा था...	मैंने कभी नहीं सोचा था...	0.9226973056793213	0.8075042963027954	0.6964755058288574
If you close the document anyway, you will lose that information.	यदि आप जैसे भी हो, दस्तावेज़ चुनते हैं, आप जानकारियाँ खो देंगे.	अगर आप दस्तावेज़ को बंद करेंगे तो वह जानकारी आपके नुकसान से हो जाएगी	0.7445293068885803	0.5501229763031006	0.5622774958610535
You'd make a good trapper.	तुम अच्छे बहेलिए बनोगे।	आप एक अच्छा ट्रैपर होगे.	0.6854679584503174	0.6110698580741882	0.5749454498291016
We ate and ate at a hot dog stand.	हू हू!	हमने और में स्टैंड पर हॉट डॉग पर चाट कर लिया था.	0.6082371473312378	0.27060073614120483	0.05426215007901192
We bestowed upon Lot sound judgement and knowledge, and We delivered him from the city that was immersed in foul deeds. They were indeed a wicked people, exceedingly disobedient.	और लूत को भी हम ही के फ़हमे सलीम और नबूवत अता की और हम ही ने उस बस्ती से जहाँ के लोग बदकारियाँ करते थे नजात दी इसमें शक नहीं कि वह लोग बड़े बदकार आदमी थे	जेम्मा सुन्य ज्ञान के साथ, लूट का ज्ञान और ज्ञान में से ज्यादा जड़ था।	0.6580891013145447	0.32093748450279236	0.27441486716270447
Not true, I have never done that!	नहीं, मैं ऐसा कभी किया!	अरे, यह सच नहीं है! मैंने भी ऐसी बातों को नहीं किया!	0.8037809729576111	0.8406484723091125	0.8377229571342468
But the plot didn't end there.	लेकिन साजिश यहीं खत्म नहीं हुई.	पर्ली बैटरी के साथ-साथ।	0.6787083745002747	0.30087801814079285	0.15600329637527466
You're a receptionist.	तुम रिसेप्शनिस्ट हो।	आप एक रिम्पॉइ निर्माता के रिम्पॉइ के रिम्पॉइ के रिम्पॉइ के रिम्पॉइ के रिम्पॉइ के रिम्पॉइ के रिम्पॉइ के रिम्पॉइ के रिम्पॉइ के रिम्पॉइ के रिम्पॉइ के रिम्पॉइ के रिम्पॉइ के रिम्पॉइ के रिम्पॉइ के रिम्पॉइ के रिम्पॉइ के रिम्पॉइ के रिम्पॉइ के रिम्पॉइ के रिम्पॉइ के रिम्पॉइ के रिम्पॉइ के रिम्पॉइ के रिम्पॉइ के रिम्पॉइ के रिम्पॉइ के रिम्पॉइ के रिम्पॉइ के रिम्पॉइ के रिम्पॉइ के रिम्पॉइ के रिम्पॉइ के रिम्पॉइ के रिम्पॉ	0.5521806478500366	0.26367059350013733	0.021055448800325394
General	सामान्य	जैसा कि	0.7369709014892578	0.5498424172401428	0.34357282519340515
Tiger Two's hit.He's going down.	टाइगर दो की hit.He नीचे जा रहा है.	यह शेर का hit है और वह अपने हिस्के से गिर रहा है।	0.7219595313072205	0.49458321928977966	0.5506190061569214
Leave them to eat, and enjoy, and be lulled by hope. They will find out.	छोड़ो उन्हें खाएँ और मज़े उड़ाएँ और (लम्बी) आशा उन्हें भुलावे में डाले रखे। उन्हें जल्द ही मालूम हो जाएगा!	अरे भाई, ये कुछ नहीं कर सकती कि उन्हें खिलौना दें और उन्हें आने दें लेकिन उन्हें चिड़-चट्टनी दें भी नहीं कर सकती कि हो सकेंगी.	0.6844147443771362	0.3555120527744293	0.1860298216342926
Who do you think broke the window?	तुम्हें क्या लगता है? खिड़की किसने तोड़ी है?	जो कोई भी हिंसक गतिविधि का प्रतिवादी हो सकता है|	0.6429819464683533	0.4222642481327057	0.32388561964035034
I love you so much, Madi	मादी, हम तुम्हें बहुत चाहते हैं	मैडी	0.6564447283744812	0.4226435124874115	0.06599695235490799
Cannot create folder in offline mode.	ऑफ़लाइन मोड में फ़ोल्डर नहीं बना सकता.	ऑल्फ़ लोड़ मोड में संस्करण नहीं हो सकता	0.8225975632667542	0.5877678394317627	0.48726126551628113
GTK+ (Application)	GTK अनुप्रयोग	यह जानकारी सुनी शिक्षिति के प्राप्त कार्य के लिए उपयुक्त है। कृपया	0.6247307658195496	0.4190019369125366	0.20500484108924866
Because Grandma is telling me-- all the grandmas, all the friends are saying what a great boy you are.	क्योंकि दादी मां मुझसे कहती हैं-- सभी दादी मां, सभी दोस्त कहते हैं कि तुम कितने अच्छे लड़के हो.	जी हाँ, ग्रामा के जी हाँकी और सभी दोस्तों की बातें यही हैं।	0.6692626476287842	0.3805559277534485	0.31654512882232666
_Company:	कंपनी (_C):	स्टॉक:	0.7057178616523743	0.6045059561729431	0.5099332928657532
He's lost in the mountains with no army.	वह कोई सेना के साथ पहाड़ों में खो जाता है.	अर्मी के साथ जंगल में खो चुके हैं।	0.8055273294448853	0.5458874702453613	0.4053761661052704
It's good...	ये प्यारा है...	जी हूँ...	0.8159792423248291	0.6314229965209961	0.4954742193222046
- I'll fax this down the first thing - Thank you.	~ ~ पहली बात मैं हूँ फैक्स यह नीचे धन्यवाद.	अन्य जानकारी जोड़ या बदले जा सकती है.	0.6487907767295837	0.38821062445640564	0.24752600491046906
"The event ""%1"" includes other people. Do you want to email the invitation to the attendees?"	यह% 1 अन्य व्यक्तियों को भी सम्मिलित करता है. क्या उपस्थिति को ई- मेल भेजा जाना चाहिए?	"प्रतिस्पर्धी ""%1"" के साथ अन्य लोग हैं। हालाँकि, क्या आप व्यक्तियों को ईमानदिटी से प्रतिस्पर्धी के बारे में ईमानदिटी से ईमानदिटी से ईमानदिटी से ईमानदिटी से ईमानदिटी से ईमानदिटी सेन्ट्र की क्रिया के लाभ होते हैं:

1.  संकलन: संकलन के लाभ होते हैं:
2.  सामान्यीकरण: सामान्यीकरण के लाभ होते हैं:
3.  प्रतिस्पर्धी प्रतिभूति के लाभ होते हैं:
4.  प्रतिस्पर्धी प्रतिभूति के लाभ होते हैं:
5.  प्रतिस्पर्धी प्रतिभूति के लाभ होते हैं:
6.  प्रतिस्पर्धी प्रतिभूति के लाभ होते हैं"	0.6041260957717896	0.3632715046405792	0.11483068764209747
Mouse-based interactive map widget for selecting timezone. Keyboard users should instead select the timezone from the drop-down combination box below.	समय क्षेत्र के लिए माउस आधारित अंतःक्रियात्मक मैप विजेट. कुंजीपटल उपयोक्ता को समय क्षेत्र को लटकते संयुक्त बॉक्स से चुनना चाहिए.	विषय-वाली मैप विज़ेट के लिए चुनने के लिए कियुबर, कैबल-युक्त उपयोगकर्ता चुनने के लिए सुनने के लिए भी होते हैं।	0.7383264899253845	0.4060887396335602	0.268110066652298
Next	अगला	जो कुछ हो सकता	0.6440855264663696	0.38537195324897766	0.4013635218143463
Welcome aboard, dragon rider.	स्वागत हो, ड्रैगन-सवार!	कल आपको कैसे ले जायेगा?	0.6750476360321045	0.3910128176212311	0.23351477086544037
Do you have one that's cheaper?	इससे सस्ता वाला है क्या?	जी हाँ, क्या आपके पास एक cheaper version है?	0.733912467956543	0.6658790707588196	0.5723577737808228
Comment	टिप्पणी	I don't have any information to share.	0.5964744687080383	0.37266895174980164	0.38113853335380554
Your possessions and your offspring are nothing but a trial for you. And there awaits a great reward for you with Allah.	तुम्हारे माल और तुम्हारी सन्तान तो केवल एक आज़माइश है, और अल्लाह ही है जिसके पास बड़ा प्रतिदान है	जैसा कि आपके प्राप्तियों और बच्चे आपके प्राप्तियों का एक स्थान नहीं हैं, और एक स्थान है जो आपके प्राप्तियों के लिए better होगी |	0.68390953540802	0.3614916503429413	0.3493104577064514
One of those 26 farms to decide who will be invited to the Best Super Pig Fest in New York City, where it will be unveiled to the world.	उन 26 फ़ार्मों में यह तय करने के लिए कि किसे न्यू यॉर्क सिटी आमंत्रित किया जाए श्रेष्ठतम सूपर सूअर उत्सव के लिए, जहाँ उसे दुनिया के सामने पेश किया जाएगा।	जिस 26 खेतों को निर्णात्मक शिविर में New York City, दिखाया गया था।	0.6941440105438232	0.38372454047203064	0.3766992688179016
Allow Ekiga to fall back to software scaling the picture-in-picture if hardware support is not available. If this is set to false, Ekiga will not try to open the PIP if hardware support is not available.	एकिगा को सॉफ्टवेयर अनुमापन तस्वीर में तस्वीर की ओर ले जाता है यदि हार्डवेयर समर्थन उपलब्ध नहीं है. यदि इसे गलत पर सेट किया जाता है, एकिगा खोलने की कोशिश नहीं करेगा PIP को यदि हार्डवेयर समर्थन अनुपलब्ध है.	जिसेEkिगा दिखानेचे तो हैकि हैया ही नहीं ? जैसे जाये तो कैसे ?	0.6085047125816345	0.2202138751745224	0.03289112076163292
%B %e, %Y at %R UTC	%R UTC पर %B %e, %Y	अनुसार कोई भी विवरण योग्य नहीं होगा	0.5804035067558289	0.3525021970272064	0.11332163214683533
Loading…	लोड किया जा रहा है...	लोडिंग...	0.8441673517227173	0.6675302982330322	0.7372854948043823
In Cameroon, there is only one doctor for every 5,000 people, according to the World Health Organization.	विश्व स्वास्थ्य संगठन के अनुसार, कैमरून में प्रत्येक 5000 व्यक्ति के लिए केवल एक चिकित्सक है।	कमारोन से, केवल 5,000 लोगों के लिए एक ही डॉक्टर है।	0.7975847721099854	0.5817685723304749	0.5791633129119873
Command parameter not implemented	कमांड पैरामीटर लागू नहीं किया गया	कमांड प्रोटोकॉल ने प्राप्त किया	0.7947697043418884	0.4864679276943207	0.23680885136127472
It was the decision of the house that departmental representatives were attending the meeting just to complete the quorum and were not equipped with complete information.	सदन का फैसला था कि विभागीय प्रतिनिधि सिर्फ कोरम पूरा करने के लिए बैठक में आते हैं उन्हें पूरी जानकारी नहीं रहती है।	यह निर्णय घर के विभाग के प्रतिविद्या के कार्य के लिए थे जिसे पूरा करने के लिए कोई भी जानकारी थी तो वो सही नहीं।	0.7411357760429382	0.4984348714351654	0.3479907512664795
"We said, ""David, We have given you mastery over the land. Judge fairly between people. Do not follow your desires, lest they divert you from God's path: those who wander from His path will have a severe punishment, because they ignore the Day of Reckoning."""	"""ऐ दाऊद! हमने धरती में तुझे ख़लीफ़ा (उत्तराधिकारी) बनाया है। अतः तू लोगों के बीच हक़ के साथ फ़ैसला करना और अपनी इच्छा का अनुपालन न करना कि वह तुझे अल्लाह के मार्ग से भटका दे। जो लोग अल्लाह के मार्ग से भटकते है, निश्चय ही उनके लिए कठोर यातना है, क्योंकि वे हिसाब के दिन को भूले रहे।-"	जिस्म में पड़ता तो विदे!	0.6312281489372253	0.250343382358551	0.053913652896881104
- [ RIFLE SHOT ] - [ SCREAMS ]	- [राइफल शॉट] - [चिल्लाती]	अरे, लेकिन, [रिफ्लैश] - [स्क्रील]	0.7585214972496033	0.34901097416877747	0.2510017454624176
Prev mesg	पिछला संदेश	I don't have any other options for this text.	0.6213500499725342	0.30634596943855286	0.11287713050842285
Mute	मूक	बोले	0.7539805173873901	0.5713357329368591	0.5514847040176392
New _Incognito Window	नई गुप्त विंडो (_I)	कोई	0.6830465197563171	0.4152369201183319	0.06355755031108856
Name	नाम	मूल	0.7207262516021729	0.7791661620140076	0.9117577075958252
Remove current view of the document	हटाएँ का दस्तावेज़	बिलकुल इस प्रकृति का पूर्ण प्राप्तिका नहीं हो सकता यथा किसी भी जानकारी को जापानी पूर्णतः हो सकता e.g.	0.6213749051094055	0.32111087441444397	0.07436798512935638
- Help her out.	- उसकी मदद से बाहर.	- यह सुनने के लिए तैयार है.	0.7446357011795044	0.4964490234851837	0.3962935209274292
"When Moses had fulfilled the term and was journeying with his family, he perceived a fire in the direction of the Mount (Sinai). He said to his family: ""Wait here; I have observed a fire. Maybe I will bring to you some news or a brand of fire from there that you may warm yourselves."""	ग़रज़ मूसा का छोटी लड़की से निकाह हो गया और रहने लगे फिर जब मूसा ने अपनी (दस बरस की) मुद्दत पूरी की और बीवी को लेकर चले तो अंधेरीरात जाड़ों के दिन राह भूल गए और बीबी सफ़ूरा को दर्द ज़ेह शुरु हुआ (इतने में) कोहेतूर की तरफ आग दिखायी दी तो अपने लड़के बालों से कहा तुम लोग ठहरो मैने यक़ीनन आग देखी है (मै वहाँ जाता हूँ) क्या अजब है वहाँ से (रास्ते की) कुछ ख़बर लाऊँ या आग की कोई चिंगारी (लेता आऊँ) ताकि तुम लोग तापो	जैसा कि मoses ने सम्मीर्तता पूरी कर दी और अपने परिवार के साथ अपनी यात्रा शुरू कर दी थीं, वे दोना मुस्कीर्तता के सामान्य पद थीं.	0.6150195598602295	0.32458022236824036	0.20055028796195984
Your emails	raviratlami@ aol. in, rajesh@ indlinux. in	आपके ईमेल	0.5673632025718689	0.36435794830322266	0.6131506562232971
Specify file containing saved configuration	सहेजा विन्यास समाहित करता फ़ाइल निर्दिष्ट करें	Saved configuration का एक फ़ायल है	0.6807230710983276	0.4283084273338318	0.3254229426383972
Are you sure you want to debug a program not using the Debug configuration? When optimizations are enabled, the debugger cannot always identify the source code corresponding to the instructions, so some commands can perform in a strange way, especially steps.	को डिबग a प्रोग्राम नहीं प्रयोग कर रहा है दोषसुधार विन्यास नहीं सक्षम श्रोत कोड को कुछ कमांड इंच a चरण.	जी हाँ!	0.581184446811676	0.29157185554504395	0.06816449016332626
- It happens. - Whoa.	थोड़ा रुको.	सब कुछ होता है। - जो जाता है। - जो वाह।	0.6777869462966919	0.32825443148612976	0.11678209900856018
Drop the sensor. TREVOR: What?	लेफ्टिनेंट बिजली को आकर्षित कर रहा है!	अनुपमान: क्या?	0.6814714670181274	0.44586312770843506	0.3659973740577698
Next month	अगला माह	जो साल का महीना है, उस साल का महीना है।	0.6684461236000061	0.3787080943584442	0.051472585648298264
Then we'll go. Baby, what if this place belongs to some kind of cult?	बेबी, अगर यह जगह किसी विचित्र-पंथियों की हुई तो?	इसके बाद हम जा रहे लोगों के उत्तर होगा-जिस प्रकृति का साथ है ये स्थान भी belongs का?	0.7027186155319214	0.34528353810310364	0.2536751925945282
Sort of like humongous fungus.	humongous कवक की तरह के आधार पर छाँटें.	मामूली से जितना नहीं।	0.6962020397186279	0.3297123908996582	0.42728424072265625
- Another £200.	- और 200 पाउंड।	-अन्य £200।	0.7565163373947144	0.8207061886787415	0.930859386920929
Don't...don't do anything to me	... मेरे पास कुछ भी नहीं है नहीं है	मैं नहीं किया भी चीज़ के लिए	0.6955740451812744	0.33481916785240173	0.08081740140914917
"Say: ""Who is (the) Lord of the seven heavens, and (the) Lord of the Great Throne?"""	"कहो, ""सातों आकाशों का मालिक और महान राजासन का स्वामीकौन है?"""	जो कि (लॉर्ड ऑफ) दिए सांगति है, और (लॉर्ड ऑफ) दिए सांगति है, (लॉर्ड ऑफ) दिए सांगति है, (लॉर्ड ऑफ) दिए सांगति है, (लॉर्ड ऑफ) दिए सांगति है, (लॉर्ड ऑफ) दिए सांगति है, (लॉर्ड ऑफ) दिए सांगति है, (लॉर्ड ऑफ) दिए सांगति है, (लॉर्ड ऑफ) दिए सांगति है, (लॉर्ड ऑफ) दिए सांगति है, (लॉर्ड ऑफ) दिए सांगति है, (लॉर्ड ऑफ) दिए सांगति है, (लॉर्ड ऑफ) दिए सांगति है, (लॉर्ड ऑफ) दिए सांगति है, (लॉर्ड ऑफ) दिए सांगति है, (लॉर्ड ऑफ) दिए सांगति है, (लॉर्ड ऑफ) दिए सांग	0.5170826315879822	0.24344292283058167	0.004795858636498451
No burner specified	कोई बर्नर निर्दिष्ट नहीं	No भू-मंडल से स्पंदहित हो	0.6924481987953186	0.3138512670993805	0.15484201908111572
Oh, my God.	ओह, मेरे भगवान.	अरे, जी!	0.7795973420143127	0.5981388092041016	0.4882563352584839
Publishing Author	प्रकाशक लेखकPermissionsLevel	प्रकाशन पात्र	0.6752627491950989	0.4948740303516388	0.704176664352417
I can't change what I did.	मैं नहीं बदल सकते कि मैं क्या किया।	मैं कुछ नहीं कर सकता क्योंकि	0.8277433514595032	0.6880569458007812	0.562415599822998
Background Color Set	पृष्ठभूमि रंग नियत है	जड़ी हुईलें	0.6872352957725525	0.3802132308483124	0.14552092552185059
You know what that key is for?	आप कुंजी के लिए है कि क्या जानते हैं?	जाने के लिए कि?	0.7682611346244812	0.4892078638076782	0.2177787572145462
OI, DON'T BE MAD.	ओय, पागल मत बनो.	बिल्कुल, तुम बिल्कर न हो.	0.7246440649032593	0.4712873697280884	0.27786970138549805
Rimgale's gonna wanna talk to Swayzak about this.	इस बारे में Swayzak को Rimgale वाला बात करना चाहता हूँ.	रिम्जेल के कुछ सwayzak से मिलेंगा।	0.7127522826194763	0.4461881220340729	0.516192615032196
Attack him from behind.	पीछे से मार.	अर्जन से him पर धक्क के से बताना सहायक होगा।	0.6989298462867737	0.2940141260623932	0.05732050538063049
Select all visible contacts	सभी दृश्य संपर्कों को चुनें	अरे	0.678443193435669	0.35843315720558167	0.02409978397190571
Have you not considered that Allah knows what is in the heavens and what is on the earth? There is in no private conversation three but that He is the fourth of them, nor are there five but that He is the sixth of them - and no less than that and no more except that He is with them [in knowledge] wherever they are. Then He will inform them of what they did, on the Day of Resurrection. Indeed Allah is, of all things, Knowing.	क्या तुमको मालूम नहीं कि जो कुछ आसमानों में है और जो कुछ ज़मीन में है (ग़रज़ सब कुछ) ख़ुदा जानता है जब तीन (आदमियों) का ख़ुफिया मशवेरा होता है तो वह (ख़ुद) उनका ज़रूर चौथा है और जब पाँच का मशवेरा होता है तो वह उनका छठा है और उससे कम हो या ज्यादा और चाहे जहाँ कहीं हो वह उनके साथ ज़रूर होता है फिर जो कुछ वह (दुनिया में) करते रहे क़यामत के दिन उनको उससे आगाह कर देगा बेशक ख़ुदा हर चीज़ से ख़ूब वाक़िफ़ है	English to Hindi रूप में अनुसार किए गए वाक्यों का संक्षिप मान्य है।	0.5967456102371216	0.21908383071422577	0.10792607069015503
They're trying to burn us out.	हमें जलाकर मारने में लगे हैं.	यह उनकी मात्रा से प्रभावित हो कि वे हमें कैसे प्रभावित करने के कारण बता रहे हैं।	0.7255368828773499	0.36174723505973816	0.47281649708747864
"We would be inventing lies against God if we returned to your faith after God has delivered us from it. It is not for us to return to it unless God our Lord so willed. Our Lord encompasses all things in His knowledge. We have put our trust in God. Our Lord, expose the truth [and judge] between us and our people, You are the best judge."""	"""हम अल्लाह पर झूठ घड़नेवाले ठहरेंगे, यदि तुम्हारे पन्थ में लौट आएँ, इसके बाद कि अल्लाह ने हमें उससे छुटकारा दे दिया है। यह हमसे तो होने का नहीं कि हम उसमें पलट कर जाएँ, बल्कि हमारे रब अल्लाह की इच्छा ही क्रियान्वित है। ज्ञान की स्पष्ट से हमारा रब हर चीज़ को अपने घेरे में लिए हुए है। हमने अल्लाह ही पर भरोसा किया है। हमारे रब, हमारे और हमारी क़ौम के बीच निश्चित अटल फ़ैसला कर दे। और तू सबसे अच्छा फ़ैसला करनेवाला है।"""	"Today Date: 13 May 2026

Translate following English to Hindi text:
Source:"	0.5230712294578552	0.14602911472320557	0.14529544115066528
[shrieks and laughter]	[चिल्‍लाहट और हंसी]	अरे फिर कुछ भी हटा दे दे |	0.691125214099884	0.3072032928466797	0.12432950735092163
Bring me my gun! Riflemen, assemble here!	वे दूर नहीं मिलेगा!	मेरे सिर्फ एक गन ले! रIFLEर, असेम्ली है लेकिन...	0.6895627379417419	0.24937155842781067	0.0840381383895874
Yourjob will be done, you go!	तुम्हारा काम हो जाएगा, तुम जाओ!	आपकी जॉब की सामरिका होगी!	0.7232048511505127	0.4439735412597656	0.3315966725349426
For all that they used to do.	जो कुछ वे करते रहे।	यह सभी उन things होते थे जो वे करते थे।	0.8103794455528259	0.643726646900177	0.5294050574302673
Maybe we can help his family out.	शायद हम उसके परिवार की मदद कर सकते हैं.	कोई भी उसके परिवार को सहारणे दे सकते हैं।	0.8130691647529602	0.5718981623649597	0.4210570752620697
America/ Argentina/ Buenos_Aires	अमेरिका/ अरजेटीना/ बुएनॉस_ एरिस	यूएस/र्स/बू/एर्स	0.7627245187759399	0.4680803418159485	0.37110090255737305
You've found a baby before?	तुम से पहले एक बच्चे को देखा है?	नहीं किया होगी?	0.712756335735321	0.4664706885814667	0.36296623945236206
Resign	छोड़ें	रिज़सन	0.7663654088973999	0.4524993598461151	0.3505866527557373
RAY?	रे?	रेड?	0.9212782382965088	0.8571904897689819	0.6320272088050842
(VALENTINE HUMMING)	(वेलेंटाइन गुनगुना)	(सटीकता) , (सफलतात्मकता) और (सतनात्मकता) के लिए स्पष्ट है (निर्णयीय) , (सहस्रकीय) , (सहस्यत्मक) , (सतनात्मक) , (सत्यकृत्मक) , (सतनात्मक) , (सत्यकृत्मक) , (सतनात्मक) , (सत्यकृत्मक) , (सतनात्मक) , (सत्यकृत्मक) , (सतनात्मक) , (सत्यकृत्मक) , (सतनात्मक) , (सत्यकृत्मक) , (सतनात्मक) , (सत्यकृत्मक) , (सतनात्मक) , (सत्यकृत्मक) , (सतनात्मक) , (सत्यकृत्मक) , (सतनात्मक) , (सत्यकृत्मक) , (सतनात्मक) , (सत्यकृत्मक) , (सतनात्मक) , (सत्यकृत्मक) , (सतनात्मक) , (सत्यकृत्मक) , (सतनात्मक) , (सत्यकृत्मक) , (सतनात	0.5145365595817566	0.2673901617527008	0.05372152477502823
LORD	दोरादोConstellation name (optional)	लॉर्ड के लिखित है।	0.6375806927680969	0.3357280194759369	0.18679040670394897
"God said, ""The land is forbidden to them for forty years, while they wander around the earth, bewildered; do not grieve over these wicked people."""	हमारा उनका साथ नहीं हो सकता (ख़ुदा ने फ़रमाया) (अच्छा) तो उनकी सज़ा यह है कि उनको चालीस बरस तक की हुकूमत नसीब न होगा (और उस मुद्दते दराज़ तक) यह लोग (मिस्र के) जंगल में सरगरदॉ रहेंगे तो फिर तुम इन बदचलन बन्दों पर अफ़सोस न करना	जपान ने 40 वर्ष तक यह गलि की जाती रहेगी और वह लोगों को यह गलि की जाती रहेगी और वे लोगों को यह गलि की जाती रहेगी	0.6327930092811584	0.27131834626197815	0.2095378339290619
No, no, do not shoot him.	नहीं, नहीं, उसे गोली मार नहीं है!	अरे, नहीं, नहीं, किसी को निश्चित रूप से मारने की सलग नहीं होती हैं।	0.7542967796325684	0.5514813661575317	0.3791692554950714
Of course not, but you do need someone to set up the tax-free gift?	बेशक नहीं. लेकिन किसी की जरूरत है जो तुम्हारे कर मुफ्त उपहार की व्यवस्था करे.	ज़रूर नहीं, लेकिन टैक्स फ़्री गिफ़्ट के लिए कोई हो लेकिन वह हो ना सके लेकिन सुने |	0.7175182700157166	0.4555465877056122	0.23001407086849213
- Yeah.	- हाँ.	जी हुआ।	0.762700080871582	0.727131724357605	0.6068710088729858
That was the best I've ever had.	मैंने इससे बेहतर गोश्त कभी नहीं खाया।	मैंने भी पहली बार इसे ली थी।	0.7384927868843079	0.4490694999694824	0.3500847816467285
Whole project; Drop a file here or type a path to view a file or folder log	छोडें a फ़ाइल या क़िस्म a को a फ़ाइल या	यह पूरी प्रोजेक्ट; डब्लक पेज/प्रोडेट या फायर्ड लॉग	0.6727479696273804	0.4182669222354889	0.3870556652545929
Role	भूमिका	मार्ग	0.80431067943573	0.6423720121383667	0.8084707260131836
- You should be grateful, right?	- तुम सही, आभारी होना चाहिए?	जी हाँ, जी हाँ	0.649908721446991	0.4377780258655548	0.23091189563274384
Is it wrong for me to touch you?	Is it wrong for me to touch you?	जी हाँ, यह नहीं है कि आपके पास ना से कोई हो सकता और न से हो सकता भी हो सकता और न से हो सकता हो सकते और न से हो सकता हो सकती और न से हो सकता हो सकते और न से हो सकता हो सकती और न से हो सकता हो सकते और न स = ?	0.5212758779525757	0.20170603692531586	0.3591614365577698
Thank you. - I'd like to explain...	धन्यवाद, मैं ऐसा करने के लिए समझाने के लिए चाहते हैं...	बिल्कुल. - मैं ज्यादूर से जड़ से...	0.7335483431816101	0.289846807718277	0.07642260193824768
Have they not travelled in the land and seen what was the end of those who were before them? They were superior to them in strength, and in the traces (which they left) in the land. But Allah seized them with punishment for their sins. And none had they to protect them from Allah.	क्या उन लोगों ने रूए ज़मीन पर चल फिर कर नहीं देखा कि जो लोग उनसे पहले थे उनका अन्जाम क्या हुआ (हालाँकि) वह लोग कुवत (शान और उम्र सब) में और ज़मीन पर अपनी निशानियाँ (यादगारें इमारतें) वग़ैरह छोड़ जाने में भी उनसे कहीं बढ़ चढ़ के थे तो ख़ुदा ने उनके गुनाहों की वजह से उनकी ले दे की, और ख़ुदा (के ग़ज़ब से) उनका कोई बचाने वाला भी न था	"मूल्य:
क्या नहीं प्रायोगिताएँ उन देशों में हुईं और उन्हों दिन देखे से पहले? नहीं थीं उन प्रगतिशील पात्रियों की थीं जिनसे उन्हें दंडित किया गया था और न हीं उन्हें संरक्षित किया गया था।"	0.6644524931907654	0.32442402839660645	0.2002534121274948
- my name is doctor..	- मेरा नाम डॉक्टर है ..	मेरा नाम डॉक्टर है..	0.9649546146392822	0.9642044901847839	0.9314181804656982
"Each messenger said, ""What if I should bring you better guidance than what you found your forefathers had?"" They replied, ""We reject any message you have been sent with!"""	(इस पर) उनके पैग़म्बर ने कहा भी जिस तरीक़े पर तुमने अपने बाप दादाओं को पाया अगरचे मैं तुम्हारे पास इससे बेहतर राहे रास्त पर लाने वाला दीन लेकर आया हूँ (तो भी न मानोगे) वह बोले (कुछ हो मगर) हम तो उस दीन को जो तुम देकर भेजे गए हो मानने वाले नहीं	जैसे के प्रतिवादी कहलाते हैं, “अगर हम चलाने वाले बेहतर सुविधि प्रदान करें कि हमें यह नहीं बताएं कि हम चलाने वाले बेहतर सुविधि प्रदान करेंगी.”	0.6312911510467529	0.33080872893333435	0.20484121143817902
AUTOMATED VOICE:	मैं स्वचालित आवाज:	बिजली से चली गाड़ी:	0.7446271777153015	0.5099964141845703	0.517117440700531
User:	उपयोक्ता:	"Hindi:
यूज़र:"	0.6505364179611206	0.5836771130561829	0.26980140805244446
Number	क्रमांक	1	0.7403098344802856	0.5972946882247925	0.13222914934158325
Little unnatural.	लिटिल अप्राकृतिक.	सबस तो सही है।	0.718535840511322	0.484313040971756	0.5112391710281372
Thanks a lot, Bin Laden.	क्या कोई payphone बैंक?	बिनलैडिन.	0.6333851218223572	0.40597817301750183	0.4263242781162262
“O my people! I fear for you a day on which will be a great outcry!”	और ऐ हमारी क़ौम मुझे तो तुम्हारी निस्बत कयामत के दिन का अन्देशा है	“मेरी लोकी! मुझे यह दिन के जो के विवाद हो सकते तो मेरी लाइबरी हो सकते तो मेरी सुकृत्त भी हो सकते।	0.6730249524116516	0.31406739354133606	0.1614762395620346
Enter Passphrase for %s	%s के लिए कूटशब्द डालें	% से पास प्र्स हिस्टवर्टी	0.7207883596420288	0.42267605662345886	0.19517569243907928
Then on the Day of Resurrection you will contend before your Lord.	और ये लोग भी यक़ीनन मरने वाले हैं फिर तुम लोग क़यामत के दिन अपने परवरदिगार की बारगाह में बाहम झगड़ोगे	तो प्रल्प के दिन पुनर्जनस के बारे में तुम्हें बताने योग्य होगा कि तुम्हें प्रल्प के दिन पुनर्जनस के बारे में जानकारी देने योग्य है।	0.6834768652915955	0.32211896777153015	0.22210659086704254
But I can't help falling in love with you.	लेकिन मैं तुमसे प्‍यार करने के लिए मजबूर हूं.	मैं आपको इस प्यार में लिखने की क्षमता के लाभ हो सकते हैं।	0.7572568655014038	0.32052233815193176	0.3043828010559082
Well, lots of people saw him or claimed that they saw him.	या वे उसे देखा कि दावा किया ठीक है, बहुत से लोग उसे देखा.	किसी भी जानकारी जोड़न, रोकने, या बदलने की कोई कार्य विशिष्ट और विविध है।	0.6540196537971497	0.3993631899356842	0.17003124952316284
Beautified for men is the love of things they covet; women, children, much of gold and silver (wealth), branded beautiful horses, cattle and well-tilled land. This is the pleasure of the present world's life; but Allah has the excellent return (Paradise with flowing rivers, etc.) with Him.	मनुष्यों को चाहत की चीजों से प्रेम शोभायमान प्रतीत होता है कि वे स्त्रिमयाँ, बेटे, सोने-चाँदी के ढेर और निशान लगे (चुने हुए) घोड़े हैं और चौपाए और खेती। यह सब सांसारिक जीवन की सामग्री है और अल्लाह के पास ही अच्छा ठिकाना है	किसी भी जाति के लिए यह सुनने या सुनने के कार्य है कि वे इस मुक्ति के प्रलाप (त्याग) को भी मुक्ति से मिल सकते हैं।	0.6684680581092834	0.3289298713207245	0.2627287209033966
"Aaron said, ""Son of my mother! Do not seize me by my beard nor by my head. I was afraid that you would say, 'You have caused dissension among the Children of Israel and did not pay heed to my words.'"""	"उसने कहा, ""ऐ मेरी माँ के बेटे! मेरी दाढ़ी न पकड़ और न मेरा सिर! मैं डरा कि तू कहेंगा कि तूने इसराईल की सन्तान में फूट डाल दी और मेरी बात पर ध्यान न दिया।"""	"अरॉन ने कहा, ""मेरी माता-पिता! किसी मेरे पैरों से न ही ले ले, न ही मुझे ध्यान देने दूर है।"""	0.7390482425689697	0.35837361216545105	0.2984098196029663
Miss you a lot.	आपकी बहुत याद आती है।	मिस यू मी यू सो यू।	0.6145481467247009	0.25073322653770447	0.01647813804447651
Are they jealous of the favors that God has done to some people? We have given to the family of Abraham the Book, Wisdom, and a great Kingdom.	या ख़ुदा ने जो अपने फ़ज़ल से (तुम) लोगों को (कुरान) अता फ़रमाया है इसके रश्क पर चले जाते हैं (तो उसका क्या इलाज है) हमने तो इबराहीम की औलाद को किताब और अक्ल की बातें अता फ़रमायी हैं और उनको बहुत बड़ी सल्तनत भी दी	जिस्मों के लोग चतुर्मुखी हैं वे ऐसी भाषा जिसे भावुक हो सके।	0.6459688544273376	0.26960596442222595	0.13796623051166534
He was on the president's protection detail for a few years.	वह कुछ साल के लिए राष्ट्रपति की सुरक्षा विस्तार पर था.	कुछ सालों तक राष्ट्र के प्रेसीडेंसी डिटेल के तहत थे	0.762092649936676	0.5525140762329102	0.5959558486938477
Keep rowing man.	रेमा आदमी, तेजी से...	यह जानने के लिए तो नहीं!	0.6881769299507141	0.3588936924934387	0.2561681270599365
Unicode (UTF-3_2 LE)	यूनिकोड (UTF-3_2 LE)	अन्य (यू.टी.फ.3.2. L.))	0.705406665802002	0.5034739971160889	0.2907734215259552
No, no, Let it be!	नहीं, नहीं, रहने दो!	अरे, नहीं, नतीज़ के दिल से!	0.8007393479347229	0.35764655470848083	0.24146507680416107
- LOLA: No!	- लोला नहीं!	एक से एक हो सकते हैं, इसमें ज्यादातार हो सकते हैं, इसमें साधारण हो सकते हैं, इसमें विशिष्ट हो सकते हैं।	0.6089716553688049	0.3150425851345062	0.03626590222120285
He said to his slaves, “Place their means back into their sacks, perhaps they may recognise it when they return to their homes, perhaps they may come again.”	"उसने अपने सेवकों से कहा, ""इनका दिया हुआ माल इनके सामान में रख दो कि जब ये अपने घरवालों की ओर लौटें तो इसे पहचान लें, ताकि ये फिर लौटकर आएँ।"""	यह कहते की उनस्वामित्व वाले लोगों को उनके means पास कर देंगे कि वे लोग जब वापसी पर वापस करेंगे तो क्या परीक्षण के परिणाम स्थानीय होंगे कि वे लोग किसी परीक्षण के परिणाम स्थानीय होंगे कि वे लोग जब वापसी पर वापस करेंगे तो क्या परीक्षण के परिणाम स्थानीय होंगे।	0.653512716293335	0.3941914141178131	0.26470279693603516
After them We sent Moses with Our signs to Pharaoh and his chiefs. But they willfully rejected them. Consider the end of the evil-doers.	फिर उनके पश्चात हमने मूसा को अपनी निशानियों के साथ फ़िरऔन और उसके सरदारों के पास भेजा, परन्तु उन्होंने इनकार और स्वयं पर अत्याचार किया। तो देखो, इन बिगाड़ पैदा करनेवालों का कैसा परिणाम हुआ!	अरे, ये कि हमारे संकेतों को फिर्माने वाले मoses के राज्यों के लिए हमेशा संकेत होते थे।	0.6763302087783813	0.3081130087375641	0.2700832188129425
I don't understand how you can work for Steve Gray.	मैं आप स्टीव ग्रे के लिए कैसे काम कर सकते समझ में नहीं आता.	मैं नहीं समझता कि आप स्टevी ग्रैह के लिए क्या काम कर रहे हैं।	0.8376808762550354	0.656992495059967	0.579518735408783
Do you feel like that?	- क्या ऐसा लग रहा है? - नहीं.	No.	0.46436288952827454	0.40487393736839294	0.21771152317523956
Do they not see that Allah enlarges the provision for whom He wills and straitens (it for whom He wills). Verily, in that are indeed signs for a people who believe.	क्या उन लोगों ने (इतना भी) ग़ौर नहीं किया कि खुदा ही जिसकी रोज़ी चाहता है कुशादा कर देता है और (जिसकी चाहता है) तंग करता है-कुछ शक नहीं कि इसमें ईमानरदार लोगों के वास्ते (कुदरत ख़ुदा की) बहुत सी निशानियाँ हैं	जिन्हें नहीं देख सकते हैं कि वे विश्वास रखते हैं। तथा जिन्हें नहीं देख सकते हैं कि वे सोच सकते हैं कि Allah इसे विशिष्ट कर रहे हैं |	0.6324399709701538	0.3634053170681	0.4874230623245239
"Say: 'Who is the Lord of the heavens and the earth' Say: 'Allah' Say: 'Why then have you chosen guardians other than Him, even though they have neither the power to benefit nor harm themselves' Say: 'Are the blind and the seeing equal? Are darkness and light equal? Or, have they ascribed to Allah associates who create as He creates so that all creation is alike to them?"" Say: 'Allah is the Creator of everything. He is the One, the Conqueror'"	"कहो, ""आकाशों और धरती का रब कौन है?"" कहो, ""अल्लाह"" कह दो, ""फिर क्या तुमने उससे हटकर दूसरों को अपना संरक्षक बना रखा है, जिन्हें स्वयं अपने भी किसी लाभ का न अधिकार प्राप्त है और न किसी हानि का?"" कहो, ""क्या अंधा और आँखोंवाला दोनों बराबर होते है? या बराबर होते हो अँधरे और प्रकाश? या जिनको अल्लाह का सहभागी ठहराया है, उन्होंने भी कुछ पैदा किया है, जैसा कि उसने पैदा किया है, जिसके कारण सृष्टि का मामला इनके लिए गडुमडु हो गया है?"" कहो, ""हर चीज़ को पैदा करनेवाला अल्लाह है और वह अकेला है, सब पर प्रभावी!"""	"यह कहन चाहिए, निम्नलिखित विशिष्ट कार्यकर्ता से जुड़ सकते हैं:

जगत के संकट को दूर करने में सहयोगी हैं:
जगत के संकट को दूर करने में सहयोगी हैं:
जगत के संकट को दूर करने में सहयोगी हैं:
जगत के संकट को दूर करने में सहयोगी हैं:
जगत के संकट को दूर करने में सहयोगी हैं:
जगत के संकट को दूर करने में सहयोगी हैं:
जगत के संकट को दूर करने में सहयोगी हैं:
जगत के संकट को दूर करने में सहयोगी हैं:
जगत के संकट को दूर करने में सहयोगी हैं:
जगत के संकट को दूर करने में सह"	0.5607044100761414	0.2778013050556183	0.06418749690055847
-(CELL PHONE RINGING)	(सेल फोन बज)	इसके संक्षल हैं।	0.6900293827056885	0.3400401771068573	0.11492803692817688
Yeah, smoke it up there, uh, Skippy.	- हाँ, धूंए में उड़ा दो, मेरे शेर.	जी है, को धुआलु कर दिया है। स्किपी था।	0.7076432108879089	0.3703593313694	0.2101411670446396
Ctrl-click to open a link	लिंक को खोलने के लिए Ctrl क्लिक करें	मार्केटिंग से नहीं लेें,	0.7167172431945801	0.3089323341846466	0.16969530284404755
